-14.46537018,-4.34848499
-14.46462822,-4.33830976
-14.46389198,-4.32813597
-14.46315956,-4.31796265
-14.46243286,-4.30779076
-14.46171093,-4.29762030
-14.46099281,-4.28745031
-14.46028042,-4.27728176
-14.45957279,-4.26711416
-14.45886993,-4.25694752
-14.45817089,-4.24678230
-14.45747757,-4.23661804
-14.45678806,-4.22645473
-14.45610428,-4.21629238
-14.45542431,-4.20613146
-14.45475006,-4.19597149
-14.45407963,-4.18581247
-14.45341396,-4.17565441
-14.45275211,-4.16549730
-14.45209599,-4.15534163
-14.45144367,-4.14518690
-14.45079708,-4.13503313
-14.45015430,-4.12488031
-14.44951534,-4.11472893
-14.44888210,-4.10457802
-14.44825268,-4.09442854
-14.44762802,-4.08428001
-14.44700718,-4.07413244
-14.44639111,-4.06398630
-14.44577980,-4.05384064
-14.44517326,-4.04369640
-14.44457054,-4.03355265
-14.44397163,-4.02341032
-14.44337845,-4.01326895
-14.44278812,-4.00312901
-14.44220352,-3.99298954
-14.44162273,-3.98285127
-14.44104576,-3.97271395
-14.44047356,-3.96257758
-14.43990517,-3.95244241
-14.43934155,-3.94230819
-14.43878269,-3.93217492
-14.43822670,-3.92204261
-14.43767643,-3.91191125
-14.43712902,-3.90178108
-14.43658638,-3.89165187
-14.43604755,-3.88152337
-14.43551350,-3.87139606
-14.43498325,-3.86126995
-14.43445683,-3.85114455
-14.43393517,-3.84102011
-14.43341732,-3.83089685
-14.43290329,-3.82077432
-14.43239307,-3.81065297
-14.43188763,-3.80053234
-14.43138599,-3.79041290
-14.43088818,-3.78029442
-14.43039417,-3.77017689
-14.42990398,-3.76006031
-14.42941856,-3.74994445
-14.42893600,-3.73982978
-14.42845821,-3.72971606
-14.42798424,-3.71960330
-14.42751408,-3.70949149
-14.42704773,-3.69938064
-14.42658520,-3.68927073
-14.42612648,-3.67916155
-14.42567158,-3.66905355
-14.42522049,-3.65894628
-14.42477322,-3.64884019
-14.42432976,-3.63873482
-14.42389011,-3.62863064
-14.42345428,-3.61852717
-14.42302227,-3.60842466
-14.42259407,-3.59832311
-14.42216873,-3.58822250
-14.42174816,-3.57812262
-14.42133045,-3.56802392
-14.42091656,-3.55792594
-14.42050648,-3.54782891
-14.42010021,-3.53773284
-14.41969776,-3.52763772
-14.41929817,-3.51754355
-14.41890240,-3.50745010
-14.41851044,-3.49735761
-14.41812134,-3.48726606
-14.41773605,-3.47717547
-14.41735458,-3.46708560
-14.41697693,-3.45699668
-14.41660213,-3.44690871
-14.41623116,-3.43682146
-14.41586304,-3.42673540
-14.41549873,-3.41665006
-14.41513824,-3.40656543
-14.41478062,-3.39648175
-14.41442680,-3.38639903
-14.41407585,-3.37631726
-14.41372871,-3.36623621
-14.41338444,-3.35615611
-14.41304398,-3.34607673
-14.41270638,-3.33599830
-14.41237164,-3.32592082
-14.41204071,-3.31584406
-14.41171360,-3.30576825
-14.41138935,-3.29569316
-14.41106796,-3.28561902
-14.41075039,-3.27554584
-14.41043568,-3.26547337
-14.41012383,-3.25540185
-14.40981579,-3.24533105
-14.40950966,-3.23526096
-14.40920830,-3.22519183
-14.40890884,-3.21512365
-14.40861320,-3.20505619
-14.40832043,-3.19498968
-14.40803051,-3.18492389
-14.40774345,-3.17485881
-14.40746021,-3.16479468
-14.40717888,-3.15473127
-14.40690136,-3.14466882
-14.40662670,-3.13460708
-14.40635490,-3.12454629
-14.40608597,-3.11448622
-14.40582085,-3.10442686
-14.40555763,-3.09436846
-14.40529728,-3.08431077
-14.40504074,-3.07425380
-14.40478611,-3.06419778
-14.40453434,-3.05414248
-14.40428638,-3.04408789
-14.40404034,-3.03403425
-14.40379715,-3.02398133
-14.40355778,-3.01392913
-14.40332031,-3.00387788
-14.40308571,-2.99382734
-14.40285397,-2.98377752
-14.40262413,-2.97372842
-14.40239811,-2.96368027
-14.40217400,-2.95363283
-14.40195370,-2.94358611
-14.40173531,-2.93354011
-14.40151978,-2.92349482
-14.40130615,-2.91345048
-14.40109634,-2.90340686
-14.40088844,-2.89336395
-14.40068245,-2.88332176
-14.40048027,-2.87328029
-14.40028000,-2.86323977
-14.40008259,-2.85319972
-14.39988708,-2.84316063
-14.39969444,-2.83312225
-14.39950466,-2.82308459
-14.39931679,-2.81304765
-14.39913177,-2.80301142
-14.39894962,-2.79297590
-14.39876938,-2.78294110
-14.39859104,-2.77290726
-14.39841557,-2.76287389
-14.39824295,-2.75284123
-14.39807224,-2.74280953
-14.39790344,-2.73277831
-14.39773750,-2.72274780
-14.39757347,-2.71271825
-14.39741230,-2.70268917
-14.39725304,-2.69266081
-14.39709663,-2.68263340
-14.39694214,-2.67260647
-14.39678955,-2.66258025
-14.39663887,-2.65255475
-14.39649105,-2.64252996
-14.39634514,-2.63250589
-14.39620209,-2.62248254
-14.39606094,-2.61245990
-14.39592171,-2.60243773
-14.39578438,-2.59241652
-14.39564896,-2.58239579
-14.39551640,-2.57237577
-14.39538574,-2.56235647
-14.39525604,-2.55233788
-14.39513016,-2.54232001
-14.39500523,-2.53230262
-14.39488220,-2.52228618
-14.39476109,-2.51227021
-14.39464283,-2.50225496
-14.39452648,-2.49224019
-14.39441109,-2.48222637
-14.39429855,-2.47221303
-14.39418697,-2.46220040
-14.39407825,-2.45218825
-14.39397144,-2.44217706
-14.39386559,-2.43216634
-14.39376259,-2.42215633
-14.39366055,-2.41214681
-14.39356136,-2.40213799
-14.39346313,-2.39212990
-14.39336681,-2.38212228
-14.39327240,-2.37211561
-14.39317989,-2.36210918
-14.39308834,-2.35210371
-14.39299965,-2.34209871
-14.39291191,-2.33209419
-14.39282608,-2.32209063
-14.39274216,-2.31208730
-14.39266014,-2.30208492
-14.39257908,-2.29208302
-14.39249992,-2.28208160
-14.39242268,-2.27208090
-14.39234638,-2.26208091
-14.39227200,-2.25208139
-14.39219952,-2.24208260
-14.39212799,-2.23208427
-14.39205837,-2.22208667
-14.39198971,-2.21208954
-14.39192390,-2.20209312
-14.39185810,-2.19209719
-14.39179420,-2.18210173
-14.39173222,-2.17210698
-14.39167118,-2.16211295
-14.39161205,-2.15211940
-14.39155388,-2.14212632
-14.39149761,-2.13213396
-14.39144230,-2.12214208
-14.39138889,-2.11215091
-14.39133644,-2.10216022
-14.39128494,-2.09217000
-14.39123535,-2.08218050
-14.39118671,-2.07219148
-14.39113903,-2.06220293
-14.39109325,-2.05221510
-14.39104843,-2.04222775
-14.39100456,-2.03224087
-14.39096260,-2.02225471
-14.39092159,-2.01226902
-14.39088154,-2.00228381
-14.39084244,-1.99229920
-14.39080524,-1.98231506
-14.39076900,-1.97233152
-14.39073372,-1.96234846
-14.39069939,-1.95236599
-14.39066601,-1.94238412
-14.39063454,-1.93240273
-14.39060307,-1.92242181
-14.39057350,-1.91244137
-14.39054394,-1.90246153
-14.39051628,-1.89248228
-14.39048958,-1.88250339
-14.39046383,-1.87252510
-14.39043903,-1.86254740
-14.39041424,-1.85257006
-14.39039135,-1.84259331
-14.39036942,-1.83261704
-14.39034843,-1.82264125
-14.39032745,-1.81266594
-14.39030838,-1.80269122
-14.39028931,-1.79271686
-14.39027214,-1.78274310
-14.39025497,-1.77276981
-14.39023876,-1.76279700
-14.39022350,-1.75282466
-14.39020824,-1.74285281
-14.39019489,-1.73288143
-14.39018154,-1.72291052
-14.39016914,-1.71294022
-14.39015770,-1.70297027
-14.39014626,-1.69300079
-14.39013577,-1.68303180
-14.39012623,-1.67306316
-14.39011765,-1.66309512
-14.39010906,-1.65312755
-14.39010143,-1.64316034
-14.39009380,-1.63319373
-14.39008713,-1.62322748
-14.39008141,-1.61326158
-14.39007568,-1.60329628
-14.39007092,-1.59333134
-14.39006615,-1.58336699
-14.39006233,-1.57340288
-14.39005947,-1.56343937
-14.39005566,-1.55347621
-14.39005375,-1.54351354
-14.39005184,-1.53355122
-14.39004993,-1.52358937
-14.39004898,-1.51362801
-14.39004803,-1.50366700
-14.39004707,-1.49370646
-14.39004707,-1.48374629
-14.39004707,-1.47378659
-14.39004803,-1.46382725
-14.39004898,-1.45386839
-14.39004993,-1.44390988
-14.39005089,-1.43395185
-14.39005280,-1.42399418
-14.39005470,-1.41403687
-14.39005756,-1.40408003
-14.39005947,-1.39412355
-14.39006233,-1.38416743
-14.39006519,-1.37421179
-14.39006805,-1.36425650
-14.39007092,-1.35430157
-14.39007473,-1.34434712
-14.39007759,-1.33439302
-14.39008141,-1.32443929
-14.39008427,-1.31448591
-14.39008808,-1.30453289
-14.39009190,-1.29458034
-14.39009571,-1.28462803
-14.39009953,-1.27467620
-14.39010334,-1.26472473
-14.39010715,-1.25477362
-14.39011097,-1.24482286
-14.39011478,-1.23487246
-14.39011765,-1.22492230
-14.39012146,-1.21497262
-14.39012527,-1.20502329
-14.39012814,-1.19507432
-14.39013195,-1.18512571
-14.39013481,-1.17517745
-14.39013767,-1.16522944
-14.39014053,-1.15528190
-14.39014339,-1.14533460
-14.39014626,-1.13538766
-14.39014816,-1.12544107
-14.39015007,-1.11549485
-14.39015198,-1.10554886
-14.39015293,-1.09560323
-14.39015484,-1.08565795
-14.39015579,-1.07571304
-14.39015579,-1.06576836
-14.39015675,-1.05582404
-14.39015579,-1.04588008
-14.39015579,-1.03593636
-14.39015484,-1.02599299
-14.39015388,-1.01604998
-14.39015198,-1.00610721
-14.39015007,-0.99616474
-14.39014816,-0.98622257
-14.39014530,-0.97628069
-14.39014149,-0.96633917
-14.39013767,-0.95639789
-14.39013386,-0.94645691
-14.39012909,-0.93651623
-14.39012337,-0.92657584
-14.39011765,-0.91663569
-14.39011097,-0.90669590
-14.39010334,-0.89675635
-14.39009571,-0.88681704
-14.39008808,-0.87687802
-14.39007854,-0.86693931
-14.39006901,-0.85700089
-14.39005947,-0.84706271
-14.39004803,-0.83712476
-14.39003658,-0.82718712
-14.39002419,-0.81724972
-14.39001179,-0.80731255
-14.38999748,-0.79737568
-14.38998318,-0.78743905
-14.38996792,-0.77750266
-14.38995171,-0.76756656
-14.38993549,-0.75763065
-14.38991737,-0.74769503
-14.38989925,-0.73775965
-14.38987923,-0.72782445
-14.38985920,-0.71788955
-14.38983822,-0.70795488
-14.38981628,-0.69802040
-14.38979340,-0.68808621
-14.38976955,-0.67815220
-14.38974476,-0.66821843
-14.38971901,-0.65828490
-14.38969231,-0.64835155
-14.38966465,-0.63841844
-14.38963604,-0.62848556
-14.38960552,-0.61855286
-14.38957500,-0.60862041
-14.38954353,-0.59868819
-14.38951015,-0.58875608
-14.38947678,-0.57882428
-14.38944149,-0.56889260
-14.38940525,-0.55896115
-14.38936806,-0.54902989
-14.38932896,-0.53909886
-14.38928986,-0.52916801
-14.38924885,-0.51923728
-14.38920689,-0.50930685
-14.38916302,-0.49937651
-14.38911915,-0.48944640
-14.38907337,-0.47951645
-14.38902569,-0.46958670
-14.38897800,-0.45965710
-14.38892841,-0.44972768
-14.38887691,-0.43979844
-14.38882446,-0.42986935
-14.38877106,-0.41994044
-14.38871670,-0.41001171
-14.38866043,-0.40008312
-14.38860226,-0.39015469
-14.38854313,-0.38022643
-14.38848305,-0.37029830
-14.38842106,-0.36037034
-14.38835716,-0.35044253
-14.38829231,-0.34051484
-14.38822556,-0.33058733
-14.38815784,-0.32065994
-14.38808823,-0.31073269
-14.38801765,-0.30080557
-14.38794518,-0.29087862
-14.38787079,-0.28095177
-14.38779545,-0.27102506
-14.38771820,-0.26109847
-14.38763905,-0.25117201
-14.38755894,-0.24124569
-14.38747692,-0.23131947
-14.38739300,-0.22139338
-14.38730717,-0.21146740
-14.38722038,-0.20154153
-14.38713169,-0.19161578
-14.38704109,-0.18169013
-14.38694859,-0.17176458
-14.38685417,-0.16183916
-14.38675880,-0.15191382
-14.38666153,-0.14198858
-14.38656139,-0.13206343
-14.38646030,-0.12213840
-14.38635731,-0.11221344
-14.38625240,-0.10228858
-14.38614559,-0.09236380
-14.38603687,-0.08243911
-14.38592625,-0.07251450
-14.38581371,-0.06258997
-14.38569927,-0.05266552
-14.38558292,-0.04274115
-14.38546467,-0.03281685
-14.38534451,-0.02289261
-14.38522148,-0.01296845
-14.38509750,-0.00304435
-14.38497066,0.00687968
-14.38484287,0.01680366
-14.38471222,0.02672757
-14.38457966,0.03665143
-14.38444519,0.04657523
-14.38430786,0.05649899
-14.38416958,0.06642269
-14.38402843,0.07634635
-14.38388538,0.08626996
-14.38373947,0.09619353
-14.38359261,0.10611706
-14.38344288,0.11604056
-14.38329029,0.12596402
-14.38313675,0.13588744
-14.38298035,0.14581084
-14.38282108,0.15573421
-14.38265991,0.16565755
-14.38249683,0.17558087
-14.38233089,0.18550417
-14.38216305,0.19542745
-14.38199329,0.20535071
-14.38182068,0.21527398
-14.38164520,0.22519721
-14.38146782,0.23512045
-14.38128853,0.24504367
-14.38110638,0.25496688
-14.38092136,0.26489010
-14.38073444,0.27481332
-14.38054466,0.28473657
-14.38035297,0.29465979
-14.38015842,0.30458304
-14.37996101,0.31450626
-14.37976170,0.32442954
-14.37955952,0.33435282
-14.37935448,0.34427610
-14.37914658,0.35419941
-14.37893677,0.36412275
-14.37872410,0.37404612
-14.37850952,0.38396952
-14.37829113,0.39389291
-14.37807083,0.40381637
-14.37784767,0.41373986
-14.37762165,0.42366338
-14.37739277,0.43358693
-14.37716198,0.44351053
-14.37692738,0.45343417
-14.37669086,0.46335787
-14.37645149,0.47328159
-14.37620926,0.48320538
-14.37596416,0.49312922
-14.37571526,0.50305313
-14.37546444,0.51297706
-14.37521076,0.52290112
-14.37495422,0.53282517
-14.37469482,0.54274935
-14.37443256,0.55267352
-14.37416744,0.56259781
-14.37389946,0.57252216
-14.37362766,0.58244658
-14.37335396,0.59237111
-14.37307644,0.60229570
-14.37279701,0.61222035
-14.37251377,0.62214512
-14.37222767,0.63206995
-14.37193775,0.64199483
-14.37164593,0.65191984
-14.37135029,0.66184497
-14.37105179,0.67177016
-14.37075043,0.68169546
-14.37044621,0.69162089
-14.37013817,0.70154637
-14.36982727,0.71147203
-14.36951256,0.72139776
-14.36919594,0.73132354
-14.36887550,0.74124950
-14.36855125,0.75117558
-14.36822414,0.76110172
-14.36789417,0.77102804
-14.36756039,0.78095448
-14.36722374,0.79088098
-14.36688328,0.80080765
-14.36653996,0.81073445
-14.36619377,0.82066143
-14.36584377,0.83058846
-14.36548996,0.84051567
-14.36513329,0.85044301
-14.36477280,0.86037046
-14.36440945,0.87029809
-14.36404228,0.88022584
-14.36367226,0.89015377
-14.36329937,0.90008175
-14.36292267,0.91000992
-14.36254215,0.91993827
-14.36215878,0.92986667
-14.36177254,0.93979526
-14.36138248,0.94972402
-14.36098957,0.95965290
-14.36059380,0.96958190
-14.36019421,0.97951102
-14.35979176,0.98944032
-14.35938644,0.99936974
-14.35897732,1.00929928
-14.35856533,1.01922905
-14.35814953,1.02915883
-14.35773182,1.03908885
-14.35731030,1.04901898
-14.35688591,1.05894923
-14.35645866,1.06887960
-14.35602760,1.07881021
-14.35559368,1.08874094
-14.35515690,1.09867167
-14.35471725,1.10860276
-14.35427475,1.11853385
-14.35382843,1.12846506
-14.35338020,1.13839650
-14.35292816,1.14832807
-14.35247326,1.15825975
-14.35201645,1.16819155
-14.35155582,1.17812359
-14.35109234,1.18805563
-14.35062504,1.19798791
-14.35015583,1.20792031
-14.34968376,1.21785295
-14.34920883,1.22778559
-14.34873104,1.23771846
-14.34825039,1.24765146
-14.34776688,1.25758457
-14.34727955,1.26751781
-14.34679031,1.27745128
-14.34629822,1.28738487
-14.34580421,1.29731858
-14.34530640,1.30725241
-14.34480572,1.31718647
-14.34430218,1.32712054
-14.34379673,1.33705485
-14.34328842,1.34698927
-14.34277725,1.35692394
-14.34226322,1.36685860
-14.34174633,1.37679350
-14.34122658,1.38672853
-14.34070492,1.39666378
-14.34018040,1.40659904
-14.33965302,1.41653454
-14.33912277,1.42647016
-14.33859062,1.43640590
-14.33805561,1.44634187
-14.33751774,1.45627797
-14.33697796,1.46621418
-14.33643532,1.47615051
-14.33588982,1.48608708
-14.33534145,1.49602365
-14.33479118,1.50596046
-14.33423805,1.51589751
-14.33368301,1.52583456
-14.33312511,1.53577185
-14.33256531,1.54570925
-14.33200264,1.55564678
-14.33143711,1.56558454
-14.33086967,1.57552242
-14.33029938,1.58546042
-14.32972717,1.59539855
-14.32915211,1.60533690
-14.32857513,1.61527538
-14.32799530,1.62521398
-14.32741356,1.63515270
-14.32682991,1.64509165
-14.32624245,1.65503073
-14.32565403,1.66496992
-14.32506275,1.67490935
-14.32446957,1.68484890
-14.32387352,1.69478858
-14.32327557,1.70472836
-14.32267570,1.71466839
-14.32207298,1.72460854
-14.32146835,1.73454881
-14.32086182,1.74448931
-14.32025242,1.75442982
-14.31964111,1.76437068
-14.31902790,1.77431154
-14.31841278,1.78425264
-14.31779480,1.79419386
-14.31717491,1.80413520
-14.31655312,1.81407678
-14.31592941,1.82401836
-14.31530285,1.83396029
-14.31467438,1.84390223
-14.31404400,1.85384440
-14.31341171,1.86378670
-14.31277752,1.87372911
-14.31214142,1.88367176
-14.31150341,1.89361453
-14.31086254,1.90355742
-14.31021976,1.91350055
-14.30957603,1.92344379
-14.30892944,1.93338716
-14.30828094,1.94333076
-14.30763149,1.95327449
-14.30697918,1.96321833
-14.30632496,1.97316241
-14.30566883,1.98310661
-14.30501080,1.99305093
-14.30435181,2.00299549
-14.30368996,2.01294017
-14.30302620,2.02288485
-14.30236149,2.03282976
-14.30169392,2.04277492
-14.30102539,2.05272031
-14.30035496,2.06266570
-14.29968262,2.07261133
-14.29900837,2.08255720
-14.29833221,2.09250307
-14.29765415,2.10244918
-14.29697514,2.11239552
-14.29629421,2.12234187
-14.29561138,2.13228846
-14.29492664,2.14223528
-14.29424000,2.15218210
-14.29355240,2.16212916
-14.29286289,2.17207646
-14.29217148,2.18202376
-14.29147911,2.19197130
-14.29078484,2.20191908
-14.29008865,2.21186686
-14.28939056,2.22181487
-14.28869152,2.23176312
-14.28799057,2.24171138
-14.28728867,2.25165987
-14.28658485,2.26160860
-14.28587914,2.27155733
-14.28517246,2.28150654
-14.28446388,2.29145551
-14.28375435,2.30140495
-14.28304291,2.31135440
-14.28233051,2.32130408
-14.28161621,2.33125401
-14.28090000,2.34120393
-14.28018284,2.35115409
-14.27946472,2.36110449
-14.27874470,2.37105489
-14.27802372,2.38100553
-14.27730083,2.39095640
-14.27657700,2.40090728
-14.27585125,2.41085839
-14.27512455,2.42080975
-14.27439690,2.43076110
-14.27366734,2.44071293
-14.27293682,2.45066476
-14.27220535,2.46061659
-14.27147198,2.47056866
-14.27073765,2.48052096
-14.27000141,2.49047351
-14.26926517,2.50042605
-14.26852703,2.51037908
-14.26778793,2.52033186
-14.26704693,2.53028512
-14.26630497,2.54023838
-14.26556301,2.55019188
-14.26481819,2.56014562
-14.26407337,2.57009935
-14.26332760,2.58005333
-14.26257992,2.59000754
-14.26183128,2.59996176
-14.26108170,2.60991621
-14.26033115,2.61987090
-14.25957966,2.62982583
-14.25882721,2.63978076
-14.25807285,2.64973593
-14.25731850,2.65969133
-14.25656223,2.66964674
-14.25580597,2.67960238
-14.25504780,2.68955827
-14.25428963,2.69951415
-14.25352955,2.70947051
-14.25276852,2.71942687
-14.25200748,2.72938323
-14.25124454,2.73934007
-14.25048161,2.74929690
-14.24971676,2.75925398
-14.24895191,2.76921105
-14.24818611,2.77916861
-14.24741936,2.78912616
-14.24665165,2.79908395
-14.24588299,2.80904174
-14.24511337,2.81899977
-14.24434280,2.82895803
-14.24357224,2.83891654
-14.24280071,2.84887505
-14.24202824,2.85883379
-14.24125481,2.86879277
-14.24048042,2.87875199
-14.23970604,2.88871121
-14.23893070,2.89867067
-14.23815441,2.90863037
-14.23737717,2.91859007
-14.23659992,2.92855000
-14.23582172,2.93851018
-14.23504257,2.94847059
-14.23426342,2.95843101
-14.23348331,2.96839190
-14.23270226,2.97835279
-14.23192120,2.98831367
-14.23113918,2.99827480
-14.23035717,3.00823641
-14.22957420,3.01819777
-14.22879028,3.02815962
-14.22800636,3.03812146
-14.22722149,3.04808354
-14.22643661,3.05804586
-14.22565079,3.06800842
-14.22486496,3.07797098
-14.22407818,3.08793378
-14.22329044,3.09789681
-14.22250366,3.10785985
-14.22171593,3.11782336
-14.22092724,3.12778687
-14.22013855,3.13775039
-14.21934891,3.14771438
-14.21855927,3.15767837
-14.21776962,3.16764259
-14.21697998,3.17760706
-14.21618938,3.18757176
-14.21539783,3.19753647
-14.21460724,3.20750141
-14.21381569,3.21746659
-14.21302319,3.22743177
-14.21223164,3.23739719
-14.21143913,3.24736285
-14.21064663,3.25732875
-14.20985317,3.26729488
-14.20906067,3.27726102
-14.20826721,3.28722739
-14.20747375,3.29719400
-14.20668030,3.30716085
-14.20588589,3.31712770
-14.20509243,3.32709479
-14.20429802,3.33706212
-14.20350361,3.34702969
-14.20270920,3.35699725
-14.20191479,3.36696506
-14.20112038,3.37693310
-14.20032597,3.38690138
-14.19953060,3.39686966
-14.19873619,3.40683842
-14.19794083,3.41680717
-14.19714642,3.42677617
-14.19635105,3.43674517
-14.19555664,3.44671440
-14.19476128,3.45668387
-14.19396687,3.46665359
-14.19317150,3.47662354
-14.19237709,3.48659348
-14.19158173,3.49656391
-14.19078732,3.50653434
-14.18999290,3.51650476
-14.18919849,3.52647567
-14.18840408,3.53644657
-14.18760967,3.54641771
-14.18681526,3.55638909
-14.18602085,3.56636071
-14.18522739,3.57633233
-14.18443394,3.58630419
-14.18364048,3.59627628
-14.18284702,3.60624862
-14.18205357,3.61622119
-14.18126106,3.62619376
-14.18046856,3.63616657
-14.17967606,3.64613962
-14.17888355,3.65611291
-14.17809200,3.66608620
-14.17730045,3.67605996
-14.17650890,3.68603373
-14.17571831,3.69600749
-14.17492771,3.70598173
-14.17413712,3.71595597
-14.17334747,3.72593069
-14.17255783,3.73590541
-14.17176914,3.74588037
-14.17098045,3.75585532
-14.17019176,3.76583076
-14.16940403,3.77580619
-14.16861629,3.78578186
-14.16782951,3.79575777
-14.16704273,3.80573368
-14.16625595,3.81570983
-14.16547108,3.82568645
-14.16468525,3.83566308
-14.16390038,3.84563971
-14.16311646,3.85561681
-14.16233349,3.86559391
-14.16154957,3.87557149
-14.16076756,3.88554907
-14.15998554,3.89552665
-14.15920448,3.90550470
-14.15842342,3.91548276
-14.15764332,3.92546129
-14.15686417,3.93543983
-14.15608501,3.94541860
-14.15530682,3.95539737
-14.15452957,3.96537662
-14.15375233,3.97535586
-14.15297604,3.98533535
-14.15220070,3.99531507
-14.15142536,4.00529480
-14.15065193,4.01527500
-14.14987850,4.02525520
-14.14910603,4.03523588
-14.14833355,4.04521656
-14.14756298,4.05519724
-14.14679241,4.06517839
-14.14602280,4.07515955
-14.14525414,4.08514118
-14.14448643,4.09512281
-14.14371967,4.10510445
-14.14295387,4.11508656
-14.14218807,4.12506866
-14.14142418,4.13505125
-14.14066029,4.14503384
-14.13989830,4.15501690
-14.13913631,4.16499949
-14.13837624,4.17498302
-14.13761616,4.18496609
-14.13685703,4.19495010
-14.13609982,4.20493364
-14.13534260,4.21491766
-14.13458633,4.22490215
-14.13383198,4.23488617
-14.13307762,4.24487114
-14.13232517,4.25485563
-14.13157368,4.26484060
-14.13082314,4.27482605
-14.13007355,4.28481150
-14.12932491,4.29479694
-14.12857723,4.30478287
-14.12783146,4.31476879
-14.12708569,4.32475471
-14.12634182,4.33474112
-14.12559891,4.34472799
-14.12485695,4.35471439
-14.12411690,4.36470175
-14.12337685,4.37468863
-14.12263870,4.38467598
-14.12190247,4.39466381
-14.12116623,4.40465164
-14.12043190,4.41463947
-14.11969852,4.42462778
-14.11896706,4.43461609
-14.11823654,4.44460487
-14.11750698,4.45459366
-14.11677837,4.46458244
-14.11605167,4.47457170
-14.11532688,4.48456097
-14.11460209,4.49455070
-14.11388016,4.50454044
-14.11315823,4.51453066
-14.11243820,4.52452087
-14.11172009,4.53451109
-14.11100292,4.54450178
-14.11028671,4.55449247
-14.10957241,4.56448364
-14.10886002,4.57447481
-14.10814857,4.58446646
-14.10743809,4.59445810
-14.10672951,4.60444975
-14.10602283,4.61444187
-14.10531712,4.62443399
-14.10461330,4.63442659
-14.10391140,4.64441919
-14.10321045,4.65441227
-14.10251141,4.66440535
-14.10181332,4.67439842
-14.10111713,4.68439198
-14.10042286,4.69438553
-14.09972954,4.70437956
-14.09903812,4.71437359
-14.09834862,4.72436810
-14.09766102,4.73436260
-14.09697437,4.74435711
-14.09628963,4.75435209
-14.09560680,4.76434708
-14.09492588,4.77434254
-14.09424591,4.78433800
-14.09356785,4.79433393
-14.09289265,4.80432987
-14.09221840,4.81432581
-14.09154510,4.82432222
-14.09087467,4.83431911
-14.09020615,4.84431601
-14.08953857,4.85431290
-14.08887291,4.86431026
-14.08821011,4.87430763
-14.08754826,4.88430500
-14.08688831,4.89430285
-14.08623028,4.90430117
-14.08557415,4.91429949
-14.08491993,4.92429781
-14.08426762,4.93429661
-14.08361721,4.94429541
-14.08296871,4.95429468
-14.08232307,4.96429396
-14.08167839,4.97429323
-14.08103561,4.98429298
-14.08039474,4.99429321
-14.07975674,5.00429296
-14.07912064,5.01429367
-14.07848549,5.02429438
-14.07785320,5.03429508
-14.07722282,5.04429579
-14.07659435,5.05429697
-14.07596874,5.06429863
-14.07534409,5.07430029
-14.07472229,5.08430195
-14.07410240,5.09430408
-14.07348442,5.10430670
-14.07286835,5.11430883
-14.07225513,5.12431192
-14.07164383,5.13431454
-14.07103443,5.14431763
-14.07042789,5.15432119
-14.06982327,5.16432476
-14.06922054,5.17432833
-14.06861973,5.18433237
-14.06802177,5.19433689
-14.06742573,5.20434141
-14.06683254,5.21434593
-14.06624126,5.22435093
-14.06565189,5.23435593
-14.06506538,5.24436092
-14.06448078,5.25436640
-14.06389904,5.26437235
-14.06331921,5.27437830
-14.06274223,5.28438425
-14.06216717,5.29439068
-14.06159496,5.30439758
-14.06102467,5.31440401
-14.06045628,5.32441139
-14.05989170,5.33441830
-14.05932808,5.34442616
-14.05876827,5.35443354
-14.05821037,5.36444139
-14.05765438,5.37444973
-14.05710125,5.38445807
-14.05655098,5.39446640
-14.05600262,5.40447521
-14.05545807,5.41448450
-14.05491447,5.42449331
-14.05437469,5.43450308
-14.05383682,5.44451237
-14.05330086,5.45452261
-14.05276871,5.46453238
-14.05223846,5.47454262
-14.05171108,5.48455334
-14.05118656,5.49456406
-14.05066395,5.50457525
-14.05014515,5.51458645
-14.04962826,5.52459764
-14.04911327,5.53460932
-14.04860210,5.54462099
-14.04809380,5.55463314
-14.04758739,5.56464529
-14.04708385,5.57465792
-14.04658318,5.58467054
-14.04608536,5.59468365
-14.04559040,5.60469675
-14.04509830,5.61471033
-14.04460907,5.62472391
-14.04412270,5.63473797
-14.04363823,5.64475203
-14.04315758,5.65476608
-14.04267979,5.66478062
-14.04220390,5.67479515
-14.04173183,5.68481016
-14.04126263,5.69482565
-14.04079628,5.70484114
-14.04033184,5.71485662
-14.03987122,5.72487259
-14.03941345,5.73488855
-14.03895855,5.74490499
-14.03850651,5.75492144
-14.03805733,5.76493835
-14.03761196,5.77495527
-14.03716850,5.78497219
-14.03672886,5.79498959
-14.03629208,5.80500746
-14.03585815,5.81502533
-14.03542709,5.82504320
-14.03499985,5.83506155
-14.03457451,5.84508038
-14.03415298,5.85509920
-14.03373528,5.86511803
-14.03331947,5.87513733
-14.03290749,5.88515663
-14.03249836,5.89517641
-14.03209209,5.90519667
-14.03168964,5.91521645
-14.03129005,5.92523718
-14.03089333,5.93525743
-14.03050041,5.94527864
-14.03011036,5.95529938
-14.02972412,5.96532106
-14.02934074,5.97534227
-14.02896023,5.98536396
-14.02858353,5.99538612
-14.02820969,6.00540829
-14.02783966,6.01543093
-14.02747250,6.02545357
-14.02710819,6.03547621
-14.02674866,6.04549932
-14.02639103,6.05552292
-14.02603722,6.06554651
-14.02568722,6.07557011
-14.02534008,6.08559418
-14.02499676,6.09561872
-14.02465725,6.10564327
-14.02432060,6.11566782
-14.02398682,6.12569284
-14.02365685,6.13571787
-14.02333069,6.14574337
-14.02300835,6.15576887
-14.02268887,6.16579485
-14.02237320,6.17582130
-14.02206039,6.18584728
-14.02175140,6.19587421
-14.02144623,6.20590115
-14.02114487,6.21592808
-14.02084637,6.22595549
-14.02055264,6.23598289
-14.02026176,6.24601078
-14.01997375,6.25603867
-14.01969051,6.26606703
-14.01941013,6.27609539
-14.01913357,6.28612423
-14.01886082,6.29615307
-14.01859188,6.30618191
-14.01832676,6.31621170
-14.01806450,6.32624102
-14.01780701,6.33627081
-14.01755238,6.34630108
-14.01730156,6.35633135
-14.01705551,6.36636209
-14.01681232,6.37639284
-14.01657295,6.38642406
-14.01633739,6.39645529
-14.01610565,6.40648699
-14.01587772,6.41651869
-14.01565361,6.42655039
-14.01543331,6.43658257
-14.01521683,6.44661522
-14.01500511,6.45664787
-14.01479626,6.46668100
-14.01459122,6.47671413
-14.01439095,6.48674774
-14.01419353,6.49678135
-14.01400089,6.50681496
-14.01381207,6.51684904
-14.01362705,6.52688360
-14.01344585,6.53691816
-14.01326847,6.54695320
-14.01309490,6.55698824
-14.01292610,6.56702328
-14.01276112,6.57705927
-14.01259995,6.58709478
-14.01244259,6.59713078
-14.01229000,6.60716724
-14.01214123,6.61720371
-14.01199627,6.62724066
-14.01185513,6.63727760
-14.01171875,6.64731455
-14.01158619,6.65735245
-14.01145744,6.66738987
-14.01133347,6.67742777
-14.01121330,6.68746614
-14.01109791,6.69750452
-14.01098633,6.70754337
-14.01087856,6.71758223
-14.01077557,6.72762156
-14.01067638,6.73766088
-14.01058102,6.74770069
-14.01049042,6.75774050
-14.01040459,6.76778078
-14.01032257,6.77782106
-14.01024437,6.78786182
-14.01017094,6.79790258
-14.01010227,6.80794382
-14.01003742,6.81798506
-14.00997639,6.82802677
-14.00992012,6.83806849
-14.00986862,6.84811068
-14.00982094,6.85815287
-14.00977802,6.86819553
-14.00973988,6.87823820
-14.00970554,6.88828135
-14.00967598,6.89832497
-14.00965023,6.90836811
-14.00962925,6.91841221
-14.00961304,6.92845631
-14.00960159,6.93850040
-14.00959396,6.94854498
-14.00959110,6.95859003
-14.00959301,6.96863508
-14.00959873,6.97868013
-14.00960922,6.98872566
-14.00962448,6.99877167
-14.00964451,7.00881767
-14.00966930,7.01886368
-14.00969791,7.02891016
-14.00973129,7.03895712
-14.00977039,7.04900408
-14.00981331,7.05905151
-14.00986004,7.06909895
-14.00991249,7.07914686
-14.00996971,7.08919477
-14.01003075,7.09924316
-14.01009750,7.10929155
-14.01016808,7.11934042
-14.01024437,7.12938929
-14.01032448,7.13943863
-14.01040936,7.14948797
-14.01049995,7.15953779
-14.01059437,7.16958761
-14.01069355,7.17963791
-14.01079845,7.18968868
-14.01090717,7.19973946
-14.01102161,7.20979023
-14.01113987,7.21984148
-14.01126385,7.22989321
-14.01139259,7.23994493
-14.01152515,7.24999666
-14.01166439,7.26004887
-14.01180744,7.27010155
-14.01195526,7.28015423
-14.01210785,7.29020739
-14.01226616,7.30026054
-14.01242924,7.31031418
-14.01259708,7.32036781
-14.01276970,7.33042192
-14.01294804,7.34047604
-14.01313114,7.35053062
-14.01331902,7.36058569
-14.01351166,7.37064075
-14.01371002,7.38069582
-14.01391315,7.39075136
-14.01412106,7.40080738
-14.01433468,7.41086340
-14.01455307,7.42091942
-14.01477623,7.43097591
-14.01500511,7.44103289
-14.01523876,7.45108986
-14.01547718,7.46114731
-14.01572132,7.47120476
-14.01597023,7.48126268
-14.01622486,7.49132109
-14.01648426,7.50137901
-14.01674938,7.51143789
-14.01701927,7.52149677
-14.01729488,7.53155565
-14.01757526,7.54161501
-14.01786041,7.55167484
-14.01815128,7.56173468
-14.01844692,7.57179499
-14.01874733,7.58185530
-14.01905346,7.59191561
-14.01936436,7.60197639
-14.01968002,7.61203766
-14.02000046,7.62209892
-14.02032566,7.63216066
-14.02065659,7.64222240
-14.02099133,7.65228415
-14.02133179,7.66234636
-14.02167606,7.67240906
-14.02202511,7.68247175
-14.02237988,7.69253445
-14.02273846,7.70259762
-14.02310181,7.71266079
-14.02346992,7.72272444
-14.02384186,7.73278809
-14.02421951,7.74285221
-14.02460098,7.75291634
-14.02498722,7.76298094
-14.02537727,7.77304506
-14.02577209,7.78311014
-14.02617073,7.79317522
-14.02657509,7.80324030
-14.02698231,7.81330538
-14.02739429,7.82337093
-14.02781105,7.83343697
-14.02823162,7.84350300
-14.02865601,7.85356903
-14.02908516,7.86363506
-14.02951813,7.87370157
-14.02995491,7.88376856
-14.03039646,7.89383507
-14.03084087,7.90390253
-14.03129005,7.91396952
-14.03174305,7.92403698
-14.03219986,7.93410444
-14.03266048,7.94417191
-14.03312492,7.95423985
-14.03359413,7.96430826
-14.03406620,7.97437620
-14.03454208,7.98444462
-14.03502178,7.99451303
-14.03550529,8.00458145
-14.03599167,8.01465034
-14.03648281,8.02471924
-14.03697681,8.03478909
-14.03747463,8.04485798
-14.03797626,8.05492687
-14.03848076,8.06499672
-14.03898907,8.07506657
-14.03950024,8.08513641
-14.04001617,8.09520626
-14.04053402,8.10527611
-14.04105568,8.11534691
-14.04158115,8.12541676
-14.04210949,8.13548756
-14.04264069,8.14555836
-14.04317570,8.15562820
-14.04371357,8.16569996
-14.04425430,8.17577076
-14.04479885,8.18584156
-14.04534626,8.19591236
-14.04589653,8.20598412
-14.04644966,8.21605587
-14.04700565,8.22612667
-14.04756451,8.23619843
-14.04812717,8.24627018
-14.04869175,8.25634193
-14.04926014,8.26641369
-14.04983044,8.27648640
-14.05040359,8.28655815
-14.05097961,8.29662991
-14.05155849,8.30670261
-14.05214024,8.31677532
-14.05272484,8.32684708
-14.05331135,8.33691978
-14.05390072,8.34699249
-14.05449295,8.35706520
-14.05508709,8.36713791
-14.05568409,8.37721062
-14.05628395,8.38728428
-14.05688572,8.39735699
-14.05748940,8.40742970
-14.05809593,8.41750336
-14.05870533,8.42757607
-14.05931664,8.43764973
-14.05992985,8.44772243
-14.06054592,8.45779610
-14.06116390,8.46786976
-14.06178379,8.47794342
-14.06240559,8.48801708
-14.06303024,8.49809074
-14.06365681,8.50816441
-14.06428528,8.51823807
-14.06491566,8.52831173
-14.06554794,8.53838539
-14.06618214,8.54845905
-14.06681824,8.55853271
-14.06745625,8.56860638
-14.06809616,8.57868099
-14.06873798,8.58875465
-14.06938171,8.59882832
-14.07002640,8.60890293
-14.07067394,8.61897659
-14.07132244,8.62905025
-14.07197285,8.63912487
-14.07262516,8.64919853
-14.07327843,8.65927315
-14.07393360,8.66934681
-14.07458973,8.67942142
-14.07524776,8.68949509
-14.07590771,8.69956970
-14.07656860,8.70964336
-14.07723045,8.71971798
-14.07789421,8.72979164
-14.07855988,8.73986626
-14.07922554,8.74993992
-14.07989311,8.76001453
-14.08056164,8.77008820
-14.08123207,8.78016186
-14.08190346,8.79023647
-14.08257580,8.80031013
-14.08324909,8.81038475
-14.08392334,8.82045841
-14.08459854,8.83053303
-14.08527565,8.84060669
-14.08595276,8.85068035
-14.08663082,8.86075497
-14.08731079,8.87082863
-14.08799076,8.88090229
-14.08867168,8.89097595
-14.08935356,8.90104961
-14.09003639,8.91112423
-14.09071922,8.92119789
-14.09140301,8.93127155
-14.09208775,8.94134521
-14.09277344,8.95141888
-14.09345913,8.96149254
-14.09414577,8.97156525
-14.09483337,8.98163891
-14.09552097,8.99171257
-14.09620857,9.00178623
-14.09689713,9.01185894
-14.09758663,9.02193260
-14.09827518,9.03200531
-14.09896564,9.04207897
-14.09965515,9.05215168
-14.10034561,9.06222439
-14.10103607,9.07229710
-14.10172653,9.08236980
-14.10241795,9.09244251
-14.10310936,9.10251522
-14.10380077,9.11258793
-14.10449219,9.12266064
-14.10518360,9.13273335
-14.10587502,9.14280510
-14.10656643,9.15287781
-14.10725784,9.16294956
-14.10794926,9.17302132
-14.10864067,9.18309402
-14.10933113,9.19316578
-14.11002254,9.20323753
-14.11071301,9.21330929
-14.11140347,9.22338009
-14.11209393,9.23345184
-14.11278439,9.24352360
-14.11347389,9.25359440
-14.11416340,9.26366520
-14.11485195,9.27373695
-14.11554050,9.28380775
-14.11622810,9.29387856
-14.11691570,9.30394840
-14.11760330,9.31401920
-14.11828995,9.32409000
-14.11897564,9.33415985
-14.11966038,9.34422970
-14.12034512,9.35429955
-14.12102985,9.36437035
-14.12171268,9.37443924
-14.12239552,9.38450909
-14.12307739,9.39457893
-14.12375832,9.40464783
-14.12443829,9.41471672
-14.12511730,9.42478561
-14.12579536,9.43485451
-14.12647247,9.44492340
-14.12714958,9.45499229
-14.12782478,9.46506023
-14.12849903,9.47512913
-14.12917233,9.48519707
-14.12984467,9.49526501
-14.13051510,9.50533295
-14.13118553,9.51539993
-14.13185406,9.52546787
-14.13252163,9.53553486
-14.13318729,9.54560184
-14.13385296,9.55566883
-14.13451576,9.56573582
-14.13517857,9.57580185
-14.13583946,9.58586884
-14.13649845,9.59593487
-14.13715649,9.60600090
-14.13781261,9.61606598
-14.13846779,9.62613201
-14.13912106,9.63619709
-14.13977337,9.64626312
-14.14042377,9.65632820
-14.14107227,9.66639233
-14.14171886,9.67645741
-14.14236355,9.68652153
-14.14300728,9.69658566
-14.14364910,9.70664978
-14.14428902,9.71671391
-14.14492607,9.72677708
-14.14556217,9.73684025
-14.14619637,9.74690342
-14.14682865,9.75696659
-14.14745903,9.76702976
-14.14808750,9.77709198
-14.14871407,9.78715420
-14.14933777,9.79721642
-14.14995956,9.80727863
-14.15057945,9.81733990
-14.15119743,9.82740116
-14.15181255,9.83746243
-14.15242577,9.84752369
-14.15303707,9.85758400
-14.15364552,9.86764431
-14.15425205,9.87770462
-14.15485668,9.88776493
-14.15545845,9.89782429
-14.15605736,9.90788364
-14.15665436,9.91794300
-14.15724850,9.92800140
-14.15783978,9.93806076
-14.15842915,9.94811916
-14.15901566,9.95817661
-14.15960026,9.96823502
-14.16018105,9.97829247
-14.16075993,9.98834991
-14.16133595,9.99840736
-14.16190910,10.00846386
-14.16247940,10.01852036
-14.16304684,10.02857685
-14.16361141,10.03863239
-14.16417313,10.04868889
-14.16473198,10.05874348
-14.16528797,10.06879902
-14.16584110,10.07885361
-14.16639137,10.08890820
-14.16693878,10.09896278
-14.16748238,10.10901642
-14.16802311,10.11907005
-14.16856098,10.12912369
-14.16909504,10.13917732
-14.16962624,10.14923000
-14.17015457,10.15928268
-14.17067909,10.16933441
-14.17120075,10.17938614
-14.17171860,10.18943787
-14.17223358,10.19948959
-14.17274475,10.20954037
-14.17325306,10.21959114
-14.17375755,10.22964096
-14.17425823,10.23969173
-14.17475605,10.24974060
-14.17525005,10.25979042
-14.17574024,10.26983929
-14.17622662,10.27988815
-14.17671013,10.28993607
-14.17718983,10.29998493
-14.17766476,10.31003189
-14.17813683,10.32007980
-14.17860508,10.33012676
-14.17906952,10.34017372
-14.17953014,10.35021973
-14.17998600,10.36026573
-14.18043900,10.37031174
-14.18088818,10.38035679
-14.18133259,10.39040184
-14.18177319,10.40044594
-14.18220997,10.41049004
-14.18264294,10.42053413
-14.18307114,10.43057823
-14.18349552,10.44062138
-14.18391514,10.45066357
-14.18433189,10.46070671
-14.18474293,10.47074795
-14.18515110,10.48079014
-14.18555355,10.49083138
-14.18595219,10.50087261
-14.18634701,10.51091290
-14.18673706,10.52095318
-14.18712234,10.53099251
-14.18750381,10.54103184
-14.18788052,10.55107117
-14.18825245,10.56110954
-14.18862057,10.57114792
-14.18898296,10.58118629
-14.18934155,10.59122372
-14.18969536,10.60126019
-14.19004440,10.61129761
-14.19038868,10.62133312
-14.19072819,10.63136959
-14.19106293,10.64140511
-14.19139290,10.65143967
-14.19171810,10.66147423
-14.19203854,10.67150879
-14.19235325,10.68154240
-14.19266415,10.69157600
-14.19296932,10.70160866
-14.19326973,10.71164131
-14.19356537,10.72167397
-14.19385529,10.73170567
-14.19414043,10.74173641
-14.19441986,10.75176811
-14.19469547,10.76179790
-14.19496441,10.77182770
-14.19522858,10.78185749
-14.19548798,10.79188728
-14.19574165,10.80191517
-14.19599056,10.81194401
-14.19623375,10.82197189
-14.19647121,10.83199883
-14.19670296,10.84202576
-14.19692993,10.85205269
-14.19715118,10.86207867
-14.19736671,10.87210369
-14.19757748,10.88212872
-14.19778156,10.89215374
-14.19798088,10.90217781
-14.19817352,10.91220188
-14.19836140,10.92222500
-14.19854355,10.93224716
-14.19871998,10.94227028
-14.19888973,10.95229149
-14.19905472,10.96231270
-14.19921303,10.97233391
-14.19936562,10.98235416
-14.19951248,10.99237442
-14.19965363,11.00239372
-14.19978809,11.01241302
-14.19991779,11.02243137
-14.20003986,11.03244877
-14.20015717,11.04246712
-14.20026779,11.05248356
-14.20037174,11.06250000
-14.20047092,11.07251644
-14.20056248,11.08253193
-14.20064831,11.09254646
-14.20072842,11.10256100
-14.20080185,11.11257553
-14.20086861,11.12258911
-14.20092869,11.13260174
-14.20098305,11.14261436
-14.20103073,11.15262604
-14.20107269,11.16263771
-14.20110703,11.17264843
-14.20113564,11.18265915
-14.20115662,11.19266891
-14.20117188,11.20267868
-14.20118046,11.21268749
-14.20118237,11.22269535
-14.20117760,11.23270321
-14.20116615,11.24271011
-14.20114708,11.25271702
-14.20112228,11.26272297
-14.20108986,11.27272892
-14.20105171,11.28273392
-14.20100594,11.29273891
-14.20095348,11.30274296
-14.20089340,11.31274605
-14.20082664,11.32274914
-14.20075321,11.33275127
-14.20067215,11.34275341
-14.20058441,11.35275459
-14.20049000,11.36275482
-14.20038795,11.37275505
-14.20027924,11.38275433
-14.20016193,11.39275360
-14.20003891,11.40275192
-14.19990826,11.41275024
-14.19976997,11.42274666
-14.19962406,11.43274403
-14.19947147,11.44273949
-14.19931030,11.45273590
-14.19914246,11.46273041
-14.19896793,11.47272491
-14.19878483,11.48271847
-14.19859505,11.49271202
-14.19839668,11.50270462
-14.19819164,11.51269627
-14.19797802,11.52268791
-14.19775772,11.53267860
-14.19752884,11.54266930
-14.19729233,11.55265903
-14.19704914,11.56264782
-14.19679737,11.57263660
-14.19653797,11.58262444
-14.19626999,11.59261131
-14.19599438,11.60259819
-14.19571114,11.61258411
-14.19542027,11.62256908
-14.19512081,11.63255405
-14.19481373,11.64253807
-14.19449902,11.65252209
-14.19417572,11.66250420
-14.19384384,11.67248726
-14.19350433,11.68246841
-14.19315624,11.69244957
-14.19280052,11.70242977
-14.19243622,11.71240997
-14.19206333,11.72238922
-14.19168282,11.73236752
-14.19129372,11.74234486
-14.19089603,11.75232220
-14.19048977,11.76229858
-14.19007587,11.77227497
-14.18965244,11.78225040
-14.18922138,11.79222488
-14.18878174,11.80219841
-14.18833351,11.81217194
-14.18787575,11.82214451
-14.18741035,11.83211708
-14.18693542,11.84208775
-14.18645287,11.85205841
-14.18596077,11.86202908
-14.18546009,11.87199783
-14.18495083,11.88196659
-14.18443298,11.89193439
-14.18390560,11.90190220
-14.18336964,11.91186905
-14.18282509,11.92183495
-14.18227100,11.93179989
-14.18170834,11.94176483
-14.18113613,11.95172882
-14.18055534,11.96169186
-14.17996502,11.97165394
-14.17936611,11.98161602
-14.17875767,11.99157715
-14.17814064,12.00153732
-14.17751408,12.01149750
-14.17687798,12.02145672
-14.17623234,12.03141499
-14.17557812,12.04137230
-14.17491436,12.05132961
-14.17424107,12.06128597
-14.17355824,12.07124138
-14.17286587,12.08119583
-14.17216492,12.09115028
-14.17145348,12.10110378
-14.17073250,12.11105633
-14.17000294,12.12100792
-14.16926289,12.13095951
-14.16851330,12.14091015
-14.16775417,12.15085983
-14.16698551,12.16080856
-14.16620731,12.17075729
-14.16541862,12.18070412
-14.16462040,12.19065189
-14.16381264,12.20059776
-14.16299534,12.21054268
-14.16216755,12.22048759
-14.16132927,12.23043156
-14.16048241,12.24037457
-14.15962410,12.25031662
-14.15875721,12.26025867
-14.15787888,12.27019978
-14.15699100,12.28013992
-14.15609360,12.29007912
-14.15518570,12.30001736
-14.15426731,12.30995560
-14.15333843,12.31989193
-14.15240002,12.32982826
-14.15145111,12.33976460
-14.15049171,12.34969902
-14.14952278,12.35963249
-14.14854240,12.36956596
-14.14755154,12.37949848
-14.14655113,12.38943005
-14.14553928,12.39936161
-14.14451790,12.40929127
-14.14348507,12.41922092
-14.14244270,12.42914867
-14.14138889,12.43907642
-14.14032459,12.44900417
-14.13924980,12.45893002
-14.13816452,12.46885490
-14.13706779,12.47877979
-14.13596058,12.48870373
-14.13484287,12.49862671
-14.13371372,12.50854874
-14.13257504,12.51846981
-14.13142395,12.52839088
-14.13026237,12.53831005
-14.12909031,12.54822922
-14.12790680,12.55814743
-14.12671280,12.56806469
-14.12550735,12.57798100
-14.12429047,12.58789635
-14.12306309,12.59781170
-14.12182426,12.60772514
-14.12057400,12.61763859
-14.11931229,12.62755108
-14.11804008,12.63746262
-14.11675644,12.64737320
-14.11546135,12.65728283
-14.11415482,12.66719246
-14.11283684,12.67710018
-14.11150742,12.68700790
-14.11016655,12.69691372
-14.10881519,12.70681953
-14.10745144,12.71672440
-14.10607624,12.72662830
-14.10468864,12.73653126
-14.10329056,12.74643326
-14.10188103,12.75633526
-14.10045910,12.76623535
-14.09902573,12.77613449
-14.09757996,12.78603363
-14.09612370,12.79593182
-14.09465408,12.80582905
-14.09317398,12.81572437
-14.09168148,12.82561970
-14.09017754,12.83551407
-14.08866119,12.84540844
-14.08713245,12.85530090
-14.08559227,12.86519241
-14.08403969,12.87508297
-14.08247566,12.88497353
-14.08089924,12.89486217
-14.07931042,12.90475082
-14.07771015,12.91463757
-14.07609653,12.92452431
-14.07447147,12.93441010
-14.07283401,12.94429493
-14.07118511,12.95417881
-14.06952286,12.96406078
-14.06784821,12.97394276
-14.06616116,12.98382378
-14.06446266,12.99370384
-14.06275082,13.00358391
-14.06102657,13.01346207
-14.05928993,13.02333927
-14.05754089,13.03321552
-14.05577946,13.04309082
-14.05400467,13.05296612
-14.05221748,13.06283951
-14.05041790,13.07271194
-14.04860592,13.08258438
-14.04678059,13.09245491
-14.04494286,13.10232449
-14.04309177,13.11219406
-14.04122829,13.12206173
-14.03935242,13.13192940
-14.03746319,13.14179516
-14.03556061,13.15166092
-14.03364563,13.16152477
-14.03171730,13.17138863
-14.02977562,13.18125057
-14.02782154,13.19111252
-14.02585411,13.20097256
-14.02387333,13.21083260
-14.02188015,13.22069073
-14.01987362,13.23054886
-14.01785278,13.24040508
-14.01581955,13.25026131
-14.01377296,13.26011562
-14.01171303,13.26996994
-14.00963974,13.27982235
-14.00755310,13.28967476
-14.00545311,13.29952526
-14.00333977,13.30937481
-14.00121212,13.31922436
-13.99907207,13.32907200
-13.99691772,13.33891869
-13.99475002,13.34876537
-13.99256802,13.35861015
-13.99037361,13.36845398
-13.98816490,13.37829685
-13.98594189,13.38813877
-13.98370647,13.39797974
-13.98145676,13.40781975
-13.97919273,13.41765881
-13.97691536,13.42749691
-13.97462368,13.43733406
-13.97231865,13.44717026
-13.96999931,13.45700455
-13.96766567,13.46683884
-13.96531868,13.47667217
-13.96295738,13.48650360
-13.96058178,13.49633503
-13.95819283,13.50616455
-13.95578861,13.51599312
-13.95337105,13.52582169
-13.95093918,13.53564835
-13.94849300,13.54547405
-13.94603252,13.55529881
-13.94355774,13.56512260
-13.94106865,13.57494545
-13.93856525,13.58476734
-13.93604755,13.59458733
-13.93351555,13.60440731
-13.93096924,13.61422539
-13.92840767,13.62404346
-13.92583275,13.63385963
-13.92324162,13.64367485
-13.92063713,13.65348911
-13.91801834,13.66330242
-13.91538429,13.67311478
-13.91273499,13.68292618
-13.91007137,13.69273663
-13.90739346,13.70254517
-13.90470028,13.71235371
-13.90199280,13.72216034
-13.89927006,13.73196602
-13.89653301,13.74177074
-13.89377975,13.75157452
-13.89101315,13.76137733
-13.88823032,13.77117825
-13.88543320,13.78097916
-13.88262081,13.79077816
-13.87979317,13.80057716
-13.87695122,13.81037426
-13.87409306,13.82017040
-13.87122059,13.82996559
-13.86833191,13.83975887
-13.86542892,13.84955215
-13.86251068,13.85934353
-13.85957718,13.86913395
-13.85662746,13.87892342
-13.85366344,13.88871193
-13.85068417,13.89849854
-13.84768963,13.90828323
-13.84467983,13.91806793
-13.84165573,13.92784977
-13.83861542,13.93763065
-13.83555984,13.94740963
-13.83248997,13.95718765
-13.82940483,13.96696377
-13.82630348,13.97673798
-13.82318783,13.98651028
-13.82005787,13.99628067
-13.81691170,14.00604916
-13.81375122,14.01581573
-13.81057453,14.02558041
-13.80738354,14.03534222
-13.80417824,14.04510307
-13.80095673,14.05486107
-13.79772091,14.06461716
-13.79446983,14.07437038
-13.79120350,14.08412170
-13.78792286,14.09387112
-13.78462696,14.10361767
-13.78131580,14.11336136
-13.77798939,14.12310314
-13.77464867,14.13284206
-13.77129269,14.14257908
-13.76792240,14.15231228
-13.76453590,14.16204357
-13.76113605,14.17177105
-13.75771999,14.18149662
-13.75428963,14.19121933
-13.75084496,14.20093822
-13.74738407,14.21065426
-13.74390984,14.22036839
-13.74041939,14.23007870
-13.73691463,14.23978519
-13.73339558,14.24948883
-13.72986126,14.25918961
-13.72631168,14.26888752
-13.72274780,14.27858067
-13.71916962,14.28827190
-13.71557617,14.29795837
-13.71196747,14.30764198
-13.70834446,14.31732178
-13.70470715,14.32699776
-13.70105457,14.33667088
-13.69738770,14.34633923
-13.69370556,14.35600471
-13.69000912,14.36566639
-13.68629742,14.37532330
-13.68257141,14.38497639
-13.67883110,14.39462662
-13.67507553,14.40427208
-13.67130566,14.41391277
-13.66752148,14.42354965
-13.66372204,14.43318272
-13.65990829,14.44281197
-13.65607929,14.45243645
-13.65223694,14.46205616
-13.64837933,14.47167206
-13.64450645,14.48128319
-13.64062023,14.49088955
-13.63671875,14.50049114
-13.63280296,14.51008892
-13.62887287,14.51968193
-13.62492752,14.52927017
-13.62096786,14.53885269
-13.61699390,14.54843140
-13.61300564,14.55800533
-13.60900307,14.56757355
-13.60498524,14.57713699
-13.60095310,14.58669567
-13.59690666,14.59624958
-13.59284592,14.60579777
-13.58877087,14.61534119
-13.58468151,14.62487888
-13.58057785,14.63441181
-13.57645893,14.64393902
-13.57232571,14.65346050
-13.56817913,14.66297722
-13.56401730,14.67248821
-13.55984116,14.68199348
-13.55565071,14.69149303
-13.55144596,14.70098782
-13.54722786,14.71047592
-13.54299450,14.71995831
-13.53874683,14.72943592
-13.53448486,14.73890686
-13.53020859,14.74837112
-13.52591801,14.75783062
-13.52161312,14.76728344
-13.51729393,14.77673054
-13.51296043,14.78617191
-13.50861359,14.79560566
-13.50425148,14.80503464
-13.49987602,14.81445694
-13.49548531,14.82387257
-13.49108124,14.83328152
-13.48666286,14.84268475
-13.48223019,14.85208130
-13.47778320,14.86147118
-13.47332191,14.87085438
-13.46884632,14.88023090
-13.46435738,14.88960171
-13.45985413,14.89896488
-13.45533657,14.90832138
-13.45080471,14.91767025
-13.44625854,14.92701340
-13.44169903,14.93634892
-13.43712521,14.94567776
-13.43253708,14.95499897
-13.42793465,14.96431351
-13.42331886,14.97362137
-13.41868877,14.98292065
-13.41404438,14.99221420
-13.40938663,15.00149918
-13.40471458,15.01077747
-13.40002823,15.02004814
-13.39532852,15.02931118
-13.39061356,15.03856754
-13.38588619,15.04781532
-13.38114357,15.05705547
-13.37638760,15.06628799
-13.37161827,15.07551384
-13.36683464,15.08473015
-13.36203671,15.09393978
-13.35722542,15.10314178
-13.35239983,15.11233521
-13.34755993,15.12152004
-13.34270668,15.13069820
-13.33784008,15.13986683
-13.33295918,15.14902878
-13.32806396,15.15818119
-13.32315540,15.16732597
-13.31823254,15.17646217
-13.31329632,15.18559074
-13.30834675,15.19470978
-13.30338287,15.20382118
-13.29840469,15.21292400
-13.29341412,15.22201824
-13.28840828,15.23110294
-13.28339005,15.24018002
-13.27835751,15.24924755
-13.27331066,15.25830746
-13.26825047,15.26735783
-13.26317692,15.27639866
-13.25808907,15.28543186
-13.25298882,15.29445457
-13.24787331,15.30346966
-13.24274540,15.31247520
-13.23760319,15.32147121
-13.23244762,15.33045769
-13.22727776,15.33943558
-13.22209454,15.34840488
-13.21689796,15.35736370
-13.21168804,15.36631298
-13.20646381,15.37525368
-13.20122623,15.38418388
-13.19597530,15.39310551
-13.19071102,15.40201664
-13.18543339,15.41091919
-13.18014145,15.41981125
-13.17483616,15.42869282
-13.16951752,15.43756580
-13.16418552,15.44642830
-13.15884018,15.45528126
-13.15348053,15.46412373
-13.14810753,15.47295666
-13.14272213,15.48177910
-13.13732243,15.49059200
-13.13190937,15.49939442
-13.12648296,15.50818634
-13.12104321,15.51696777
-13.11558914,15.52573967
-13.11012268,15.53450012
-13.10464287,15.54325104
-13.09914970,15.55199051
-13.09364223,15.56072044
-13.08812237,15.56943893
-13.08258820,15.57814789
-13.07704163,15.58684540
-13.07148170,15.59553146
-13.06590748,15.60420799
-13.06032085,15.61287308
-13.05472088,15.62152672
-13.04910755,15.63016987
-13.04348087,15.63880253
-13.03784084,15.64742374
-13.03218746,15.65603352
-13.02652073,15.66463184
-13.02084064,15.67321968
-13.01514721,15.68179607
-13.00944138,15.69036102
-13.00372219,15.69891453
-12.99798965,15.70745659
-12.99224377,15.71598721
-12.98648453,15.72450542
-12.98071194,15.73301315
-12.97492695,15.74150944
-12.96912861,15.74999332
-12.96331692,15.75846577
-12.95749187,15.76692581
-12.95165348,15.77537441
-12.94580269,15.78381157
-12.93993855,15.79223633
-12.93406200,15.80064869
-12.92817116,15.80904961
-12.92226791,15.81743813
-12.91635132,15.82581425
-12.91042233,15.83417892
-12.90447998,15.84253025
-12.89852428,15.85087013
-12.89255524,15.85919762
-12.88657379,15.86751270
-12.88057899,15.87581444
-12.87457180,15.88410473
-12.86855125,15.89238167
-12.86251831,15.90064621
-12.85647202,15.90889740
-12.85041237,15.91713715
-12.84434032,15.92536354
-12.83825493,15.93357658
-12.83215618,15.94177723
-12.82604599,15.94996452
-12.81992149,15.95813942
-12.81378460,15.96630096
-12.80763531,15.97444916
-12.80147266,15.98258495
-12.79529762,15.99070644
-12.78910923,15.99881554
-12.78290844,16.00691032
-12.77669430,16.01499367
-12.77046776,16.02306175
-12.76422787,16.03111649
-12.75797558,16.03915787
-12.75171089,16.04718590
-12.74543285,16.05520058
-12.73914242,16.06320190
-12.73283863,16.07118988
-12.72652340,16.07916260
-12.72019386,16.08712196
-12.71385288,16.09506798
-12.70749855,16.10299873
-12.70113182,16.11091614
-12.69475174,16.11882019
-12.68835926,16.12670898
-12.68195438,16.13458443
-12.67553711,16.14244652
-12.66910648,16.15029335
-12.66266441,16.15812492
-12.65620804,16.16594315
-12.64974022,16.17374802
-12.64326000,16.18153572
-12.63676643,16.18931198
-12.63026047,16.19707108
-12.62374210,16.20481682
-12.61721039,16.21254730
-12.61066723,16.22026443
-12.60411072,16.22796631
-12.59754276,16.23565292
-12.59096146,16.24332428
-12.58436775,16.25098038
-12.57776165,16.25862312
-12.57114220,16.26625061
-12.56451130,16.27386093
-12.55786800,16.28145790
-12.55121136,16.28903961
-12.54454327,16.29660606
-12.53786182,16.30415535
-12.53116894,16.31169128
-12.52446270,16.31921196
-12.51774502,16.32671547
-12.51101398,16.33420563
-12.50427055,16.34167862
-12.49751568,16.34913635
-12.49074745,16.35657883
-12.48396778,16.36400604
-12.47717476,16.37141609
-12.47037029,16.37881088
-12.46355343,16.38619041
-12.45672321,16.39355469
-12.44988155,16.40090179
-12.44302750,16.40823174
-12.43616104,16.41554832
-12.42928314,16.42284584
-12.42239189,16.43013000
-12.41548824,16.43739700
-12.40857315,16.44464684
-12.40164566,16.45187950
-12.39470577,16.45909882
-12.38775349,16.46629906
-12.38078976,16.47348404
-12.37381268,16.48065186
-12.36682415,16.48780251
-12.35982323,16.49493790
-12.35281086,16.50205612
-12.34578514,16.50915718
-12.33874798,16.51624298
-12.33169842,16.52330971
-12.32463741,16.53036118
-12.31756306,16.53739548
-12.31047726,16.54441071
-12.30338001,16.55141068
-12.29626942,16.55839348
-12.28914833,16.56535912
-12.28201389,16.57230759
-12.27486801,16.57923889
-12.26770973,16.58615303
-12.26053905,16.59304810
-12.25335693,16.59992790
-12.24616337,16.60678864
-12.23895645,16.61363220
-12.23173904,16.62045860
-12.22450829,16.62726784
-12.21726608,16.63405800
-12.21001244,16.64083099
-12.20274639,16.64758682
-12.19546795,16.65432358
-12.18817806,16.66104317
-12.18087673,16.66774559
-12.17356300,16.67442894
-12.16623688,16.68109512
-12.15889931,16.68774223
-12.15155029,16.69437218
-12.14418888,16.70098305
-12.13681602,16.70757484
-12.12943077,16.71414948
-12.12203407,16.72070694
-12.11462593,16.72724342
-12.10720539,16.73376274
-12.09977341,16.74026299
-12.09232903,16.74674606
-12.08487320,16.75321007
-12.07740593,16.75965500
-12.06992626,16.76608086
-12.06243515,16.77248764
-12.05493259,16.77887535
-12.04741764,16.78524590
-12.03989220,16.79159546
-12.03235340,16.79792786
-12.02480412,16.80424118
-12.01724243,16.81053352
-12.00966930,16.81680870
-12.00208473,16.82306290
-11.99448872,16.82929993
-11.98688030,16.83551598
-11.97926140,16.84171295
-11.97163010,16.84789085
-11.96398640,16.85404968
-11.95633221,16.86018753
-11.94866657,16.86630821
-11.94098854,16.87240791
-11.93329906,16.87848663
-11.92559814,16.88454819
-11.91788578,16.89058876
-11.91016197,16.89660835
-11.90242672,16.90260887
-11.89468002,16.90859032
-11.88692093,16.91455078
-11.87915134,16.92049217
-11.87136936,16.92641258
-11.86357689,16.93231392
-11.85577202,16.93819427
-11.84795570,16.94405365
-11.84012890,16.94989395
-11.83228970,16.95571327
-11.82444000,16.96151352
-11.81657791,16.96729088
-11.80870438,16.97304916
-11.80082035,16.97878647
-11.79292488,16.98450470
-11.78501701,16.99020004
-11.77709866,16.99587631
-11.76916885,17.00153160
-11.76122761,17.00716400
-11.75327492,17.01277733
-11.74531078,17.01836967
-11.73733521,17.02394104
-11.72934818,17.02949142
-11.72135067,17.03502083
-11.71334171,17.04052925
-11.70532036,17.04601669
-11.69728947,17.05148125
-11.68924618,17.05692673
-11.68119144,17.06235123
-11.67312622,17.06775475
-11.66504955,17.07313538
-11.65696239,17.07849693
-11.64886379,17.08383751
-11.64075375,17.08915710
-11.63263321,17.09445572
-11.62450123,17.09973526
-11.61635780,17.10499191
-11.60820389,17.11022949
-11.60003853,17.11544418
-11.59186268,17.12063980
-11.58367634,17.12581444
-11.57547760,17.13097000
-11.56726933,17.13610268
-11.55904961,17.14121628
-11.55081940,17.14630890
-11.54257774,17.15138245
-11.53432560,17.15643501
-11.52606297,17.16146660
-11.51778889,17.16647720
-11.50950432,17.17146873
-11.50120926,17.17643929
-11.49290371,17.18139076
-11.48458672,17.18632126
-11.47625923,17.19123077
-11.46792126,17.19612122
-11.45957279,17.20099258
-11.45121384,17.20584106
-11.44284344,17.21067238
-11.43446350,17.21548271
-11.42607307,17.22027206
-11.41767120,17.22504234
-11.40925884,17.22979355
-11.40083694,17.23452377
-11.39240360,17.23923302
-11.38396072,17.24392509
-11.37550735,17.24859619
-11.36704254,17.25324631
-11.35856819,17.25787926
-11.35008335,17.26249123
-11.34158802,17.26708221
-11.33308315,17.27165604
-11.32456684,17.27620888
-11.31604099,17.28074265
-11.30750465,17.28525734
-11.29895782,17.28975105
-11.29040146,17.29422760
-11.28183460,17.29868317
-11.27325726,17.30311966
-11.26467037,17.30753708
-11.25607300,17.31193352
-11.24746513,17.31631279
-11.23884773,17.32067299
-11.23022079,17.32501221
-11.22158241,17.32933235
-11.21293545,17.33363533
-11.20427704,17.33791733
-11.19561005,17.34218216
-11.18693256,17.34642601
-11.17824459,17.35065079
-11.16954708,17.35485840
-11.16084003,17.35904503
-11.15212250,17.36321449
-11.14339638,17.36736488
-11.13465881,17.37149620
-11.12591267,17.37560844
-11.11715603,17.37970161
-11.10838985,17.38377571
-11.09961414,17.38783073
-11.09082794,17.39186859
-11.08203316,17.39588737
-11.07322788,17.39988708
-11.06441307,17.40386963
-11.05558872,17.40783119
-11.04675484,17.41177559
-11.03791142,17.41570282
-11.02905846,17.41960907
-11.02019596,17.42349815
-11.01132393,17.42736816
-11.00244141,17.43122101
-10.99355030,17.43505478
-10.98464966,17.43887138
-10.97574043,17.44266891
-10.96682072,17.44644737
-10.95789146,17.45020866
-10.94895363,17.45395088
-10.94000530,17.45767593
-10.93104839,17.46138191
-10.92208195,17.46507072
-10.91310692,17.46874046
-10.90412140,17.47239304
-10.89512730,17.47602844
-10.88612461,17.47964478
-10.87711143,17.48324394
-10.86808968,17.48682404
-10.85905933,17.49038696
-10.85001850,17.49393272
-10.84097004,17.49745941
-10.83191109,17.50096893
-10.82284355,17.50446129
-10.81376743,17.50793648
-10.80468178,17.51139259
-10.79558754,17.51483154
-10.78648376,17.51825333
-10.77737141,17.52165604
-10.76824951,17.52504349
-10.75911999,17.52841187
-10.74997997,17.53176308
-10.74083233,17.53509712
-10.73167515,17.53841400
-10.72250843,17.54171371
-10.71333408,17.54499626
-10.70415020,17.54825974
-10.69495773,17.55150795
-10.68575668,17.55473900
-10.67654705,17.55795097
-10.66732883,17.56114769
-10.65810108,17.56432533
-10.64886475,17.56748772
-10.63962078,17.57063293
-10.63036728,17.57376099
-10.62110519,17.57687187
-10.61183453,17.57996559
-10.60255527,17.58304214
-10.59326744,17.58610153
-10.58397198,17.58914566
-10.57466698,17.59217072
-10.56535339,17.59518051
-10.55603218,17.59817314
-10.54670143,17.60114861
-10.53736305,17.60410881
-10.52801609,17.60705185
-10.51866055,17.60997772
-10.50929737,17.61288643
-10.49992466,17.61577988
-10.49054432,17.61865616
-10.48115635,17.62151527
-10.47175884,17.62435913
-10.46235371,17.62718582
-10.45293999,17.62999725
-10.44351864,17.63279152
-10.43408871,17.63556862
-10.42465019,17.63833046
-10.41520405,17.64107513
-10.40575027,17.64380455
-10.39628792,17.64651871
-10.38681698,17.64921379
-10.37733841,17.65189552
-10.36785126,17.65456009
-10.35835648,17.65720749
-10.34885406,17.65983963
-10.33934307,17.66245651
-10.32982445,17.66505623
-10.32029819,17.66764069
-10.31076336,17.67020988
-10.30122089,17.67276192
-10.29167080,17.67529869
-10.28211308,17.67782021
-10.27254677,17.68032646
-10.26297283,17.68281555
-10.25339127,17.68528938
-10.24380207,17.68774796
-10.23420429,17.69018936
-10.22459984,17.69261551
-10.21498680,17.69502831
-10.20536709,17.69742393
-10.19573879,17.69980431
-10.18610287,17.70216751
-10.17646027,17.70451736
-10.16680908,17.70685196
-10.15715122,17.70916939
-10.14748478,17.71147346
-10.13781166,17.71376038
-10.12812996,17.71603394
-10.11844158,17.71829033
-10.10874557,17.72053146
-10.09904194,17.72275925
-10.08933163,17.72496986
-10.07961273,17.72716713
-10.06988716,17.72934914
-10.06015396,17.73151588
-10.05041409,17.73366737
-10.04066563,17.73580360
-10.03091049,17.73792458
-10.02114868,17.74003029
-10.01137829,17.74212265
-10.00160217,17.74419975
-9.99181747,17.74626160
-9.98202610,17.74830818
-9.97222805,17.75033951
-9.96242237,17.75235748
-9.95260906,17.75436020
-9.94279003,17.75634956
-9.93296242,17.75832367
-9.92312813,17.76028252
-9.91328716,17.76222610
-9.90343952,17.76415634
-9.89358425,17.76607132
-9.88372135,17.76797295
-9.87385273,17.76985931
-9.86397648,17.77173042
-9.85409355,17.77358818
-9.84420395,17.77543259
-9.83430672,17.77726173
-9.82440281,17.77907562
-9.81449223,17.78087616
-9.80457497,17.78266335
-9.79465103,17.78443527
-9.78472042,17.78619385
-9.77478218,17.78793716
-9.76483822,17.78966713
-9.75488663,17.79138184
-9.74492931,17.79308510
-9.73496437,17.79477119
-9.72499371,17.79644585
-9.71501541,17.79810524
-9.70503139,17.79975128
-9.69503975,17.80138397
-9.68504238,17.80300140
-9.67503834,17.80460739
-9.66502762,17.80619812
-9.65501022,17.80777550
-9.64498711,17.80933762
-9.63495636,17.81088829
-9.62491989,17.81242371
-9.61487770,17.81394577
-9.60482788,17.81545639
-9.59477234,17.81695175
-9.58471012,17.81843376
-9.57464123,17.81990242
-9.56456661,17.82135773
-9.55448627,17.82279778
-9.54439831,17.82422638
-9.53430462,17.82564163
-9.52420521,17.82704353
-9.51409912,17.82843208
-9.50398731,17.82980728
-9.49386883,17.83116913
-9.48374367,17.83251762
-9.47361374,17.83385468
-9.46347713,17.83517647
-9.45333385,17.83648682
-9.44318485,17.83778191
-9.43303013,17.83906555
-9.42286873,17.84033585
-9.41270256,17.84159470
-9.40252972,17.84283829
-9.39235020,17.84407043
-9.38216591,17.84528923
-9.37197495,17.84649658
-9.36177826,17.84769058
-9.35157585,17.84887123
-9.34136772,17.85003853
-9.33115387,17.85119438
-9.32093334,17.85233688
-9.31070805,17.85346603
-9.30047607,17.85458374
-9.29023933,17.85568810
-9.27999592,17.85678101
-9.26974773,17.85786057
-9.25949287,17.85892868
-9.24923325,17.85998344
-9.23896694,17.86102676
-9.22869587,17.86205673
-9.21841908,17.86307526
-9.20813656,17.86408043
-9.19784832,17.86507416
-9.18755531,17.86605644
-9.17725658,17.86702538
-9.16695118,17.86798096
-9.15664196,17.86892700
-9.14632607,17.86985970
-9.13600540,17.87078094
-9.12567902,17.87168884
-9.11534691,17.87258530
-9.10501003,17.87347031
-9.09466839,17.87434387
-9.08432007,17.87520409
-9.07396698,17.87605286
-9.06360912,17.87689018
-9.05324554,17.87771606
-9.04287624,17.87852859
-9.03250313,17.87933159
-9.02212334,17.88012123
-9.01173878,17.88090134
-9.00134945,17.88166809
-8.99095535,17.88242340
-8.98055553,17.88316727
-8.97015095,17.88389969
-8.95974064,17.88461876
-8.94932556,17.88532829
-8.93890572,17.88602638
-8.92848110,17.88671303
-8.91805077,17.88738823
-8.90761566,17.88805199
-8.89717579,17.88870430
-8.88673115,17.88934517
-8.87628174,17.88997650
-8.86582756,17.89059448
-8.85536766,17.89120293
-8.84490395,17.89179802
-8.83443451,17.89238358
-8.82396030,17.89295769
-8.81348228,17.89352226
-8.80299854,17.89407349
-8.79251099,17.89461517
-8.78201771,17.89514542
-8.77152061,17.89566422
-8.76101780,17.89617348
-8.75051117,17.89667130
-8.73999977,17.89715767
-8.72948360,17.89763451
-8.71896362,17.89809990
-8.70843792,17.89855385
-8.69790840,17.89899826
-8.68737411,17.89943123
-8.67683601,17.89985466
-8.66629219,17.90026665
-8.65574455,17.90066719
-8.64519310,17.90105820
-8.63463593,17.90143967
-8.62407494,17.90180969
-8.61351013,17.90216827
-8.60294056,17.90251732
-8.59236622,17.90285683
-8.58178806,17.90318489
-8.57120609,17.90350342
-8.56061935,17.90381241
-8.55002785,17.90410995
-8.53943253,17.90439796
-8.52883339,17.90467453
-8.51822948,17.90494156
-8.50762177,17.90519905
-8.49701023,17.90544701
-8.48639393,17.90568352
-8.47577381,17.90591049
-8.46514988,17.90612793
-8.45452213,17.90633583
-8.44388962,17.90653229
-8.43325329,17.90671921
-8.42261314,17.90689850
-8.41196823,17.90706635
-8.40132046,17.90722275
-8.39066792,17.90737152
-8.38001251,17.90751076
-8.36935234,17.90764046
-8.35868835,17.90775871
-8.34802151,17.90786934
-8.33734989,17.90796852
-8.32667446,17.90806007
-8.31599522,17.90814018
-8.30531311,17.90821266
-8.29462624,17.90827370
-8.28393650,17.90832710
-8.27324200,17.90837097
-8.26254463,17.90840530
-8.25184345,17.90843010
-8.24113846,17.90844536
-8.23043060,17.90845108
-8.21971798,17.90844727
-8.20900249,17.90843582
-8.19828320,17.90841484
-8.18756104,17.90838432
-8.17683506,17.90834427
-8.16610527,17.90829659
-8.15537167,17.90823936
-8.14463520,17.90817261
-8.13389587,17.90809631
-8.12315178,17.90801239
-8.11240578,17.90791893
-8.10165501,17.90781593
-8.09090233,17.90770531
-8.08014488,17.90758514
-8.06938553,17.90745735
-8.05862236,17.90732002
-8.04785538,17.90717506
-8.03708553,17.90702057
-8.02631283,17.90685654
-8.01553631,17.90668488
-8.00475693,17.90650368
-7.99397469,17.90631485
-7.98318911,17.90611839
-7.97240067,17.90591240
-7.96160889,17.90569878
-7.95081377,17.90547562
-7.94001627,17.90524483
-7.92921543,17.90500450
-7.91841125,17.90475655
-7.90760469,17.90450096
-7.89679480,17.90423775
-7.88598204,17.90396500
-7.87516642,17.90368462
-7.86434793,17.90339470
-7.85352659,17.90309906
-7.84270239,17.90279388
-7.83187532,17.90248108
-7.82104540,17.90216064
-7.81021261,17.90183067
-7.79937744,17.90149498
-7.78853941,17.90114975
-7.77769852,17.90079689
-7.76685476,17.90043640
-7.75600863,17.90006828
-7.74515963,17.89969254
-7.73430824,17.89930916
-7.72345400,17.89891815
-7.71259737,17.89851761
-7.70173788,17.89811134
-7.69087601,17.89769745
-7.68001175,17.89727592
-7.66914463,17.89684486
-7.65827560,17.89640808
-7.64740372,17.89596367
-7.63652945,17.89551163
-7.62565279,17.89505196
-7.61477375,17.89458656
-7.60389185,17.89411163
-7.59300804,17.89363098
-7.58212185,17.89314079
-7.57123327,17.89264488
-7.56034279,17.89214325
-7.54944944,17.89163208
-7.53855419,17.89111519
-7.52765656,17.89059067
-7.51675701,17.89005852
-7.50585508,17.88951874
-7.49495077,17.88897324
-7.48404455,17.88842010
-7.47313595,17.88786125
-7.46222544,17.88729477
-7.45131302,17.88672066
-7.44039822,17.88614082
-7.42948151,17.88555336
-7.41856289,17.88495827
-7.40764236,17.88435745
-7.39671946,17.88375092
-7.38579464,17.88313675
-7.37486839,17.88251495
-7.36393976,17.88188744
-7.35300922,17.88125420
-7.34207678,17.88061333
-7.33114290,17.87996483
-7.32020664,17.87931061
-7.30926895,17.87865067
-7.29832983,17.87798500
-7.28738880,17.87730980
-7.27644587,17.87663078
-7.26550150,17.87594414
-7.25455570,17.87524986
-7.24360847,17.87454987
-7.23265982,17.87384224
-7.22171021,17.87312889
-7.21075869,17.87240791
-7.19980621,17.87167931
-7.18885231,17.87094498
-7.17789745,17.87020302
-7.16694164,17.86945534
-7.15598440,17.86870003
-7.14502621,17.86793709
-7.13406706,17.86716843
-7.12310743,17.86639214
-7.11214638,17.86560822
-7.10118484,17.86481667
-7.09022236,17.86401939
-7.07925940,17.86321449
-7.06829596,17.86240196
-7.05733156,17.86158371
-7.04636669,17.86075592
-7.03540134,17.85992241
-7.02443552,17.85908127
-7.01346922,17.85823250
-7.00250244,17.85737610
-6.99153566,17.85651207
-6.98056889,17.85564232
-6.96960163,17.85476303
-6.95863390,17.85387802
-6.94766617,17.85298538
-6.93669891,17.85208321
-6.92573118,17.85117531
-6.91476345,17.85025978
-6.90379620,17.84933662
-6.89282894,17.84840393
-6.88186169,17.84746552
-6.87089491,17.84651947
-6.85992861,17.84556389
-6.84896231,17.84460258
-6.83799648,17.84363174
-6.82703161,17.84265518
-6.81606674,17.84166908
-6.80510235,17.84067535
-6.79413891,17.83967400
-6.78317595,17.83866501
-6.77221346,17.83764648
-6.76125193,17.83662224
-6.75029135,17.83558846
-6.73933172,17.83454704
-6.72837257,17.83349800
-6.71741486,17.83243942
-6.70645809,17.83137321
-6.69550228,17.83029938
-6.68454742,17.82921791
-6.67359352,17.82812691
-6.66264153,17.82702827
-6.65169048,17.82592201
-6.64074039,17.82480621
-6.62979221,17.82368279
-6.61884499,17.82254982
-6.60789967,17.82140923
-6.59695578,17.82026100
-6.58601332,17.81910324
-6.57507229,17.81793785
-6.56413317,17.81676292
-6.55319595,17.81558037
-6.54226017,17.81438828
-6.53132629,17.81318855
-6.52039433,17.81198120
-6.50946426,17.81076241
-6.49853611,17.80953789
-6.48760986,17.80830193
-6.47668600,17.80705833
-6.46576405,17.80580711
-6.45484447,17.80454445
-6.44392681,17.80327606
-6.43301201,17.80199623
-6.42209911,17.80070877
-6.41118860,17.79941177
-6.40028048,17.79810715
-6.38937473,17.79679298
-6.37847185,17.79546928
-6.36757135,17.79413605
-6.35667324,17.79279518
-6.34577847,17.79144478
-6.33488560,17.79008484
-6.32399607,17.78871536
-6.31310940,17.78733635
-6.30222511,17.78594971
-6.29134417,17.78455353
-6.28046608,17.78314781
-6.26959133,17.78173256
-6.25871944,17.78030777
-6.24785042,17.77887344
-6.23698473,17.77743149
-6.22612238,17.77597809
-6.21526337,17.77451706
-6.20440769,17.77304459
-6.19355536,17.77156448
-6.18270636,17.77007294
-6.17186069,17.76857376
-6.16101885,17.76706314
-6.15018034,17.76554489
-6.13934565,17.76401520
-6.12851477,17.76247787
-6.11768723,17.76092911
-6.10686398,17.75937080
-6.09604406,17.75780296
-6.08522844,17.75622559
-6.07441664,17.75463867
-6.06360865,17.75304222
-6.05280495,17.75143433
-6.04200506,17.74981880
-6.03120947,17.74819183
-6.02041817,17.74655533
-6.00963116,17.74490738
-5.99884844,17.74325180
-5.98807001,17.74158478
-5.97729588,17.73990822
-5.96652603,17.73822212
-5.95576096,17.73652458
-5.94500017,17.73481750
-5.93424416,17.73309898
-5.92349291,17.73137283
-5.91274595,17.72963524
-5.90200424,17.72788620
-5.89126682,17.72612762
-5.88053465,17.72435951
-5.86980724,17.72257996
-5.85908461,17.72079086
-5.84836721,17.71899223
-5.83765507,17.71718216
-5.82694769,17.71536064
-5.81624556,17.71352959
-5.80554867,17.71168709
-5.79485703,17.70983505
-5.78417063,17.70797348
-5.77348948,17.70609856
-5.76281357,17.70421600
-5.75214338,17.70232010
-5.74147892,17.70041466
-5.73081970,17.69849968
-5.72016621,17.69657326
-5.70951843,17.69463539
-5.69887590,17.69268608
-5.68823957,17.69072723
-5.67760897,17.68875694
-5.66698408,17.68677521
-5.65636539,17.68478394
-5.64575243,17.68278122
-5.63514566,17.68076706
-5.62454462,17.67874146
-5.61395025,17.67670631
-5.60336161,17.67465973
-5.59277916,17.67260170
-5.58220291,17.67053223
-5.57163334,17.66845131
-5.56106997,17.66635895
-5.55051279,17.66425705
-5.53996229,17.66214371
-5.52941847,17.66001701
-5.51888084,17.65788078
-5.50834990,17.65573311
-5.49782562,17.65357399
-5.48730850,17.65140343
-5.47679758,17.64922142
-5.46629381,17.64702797
-5.45579672,17.64482307
-5.44530678,17.64260674
-5.43482351,17.64037895
-5.42434740,17.63813972
-5.41387844,17.63588905
-5.40341616,17.63362503
-5.39296150,17.63135147
-5.38251400,17.62906456
-5.37207365,17.62676811
-5.36164045,17.62445831
-5.35121489,17.62213707
-5.34079695,17.61980438
-5.33038616,17.61745834
-5.31998301,17.61510277
-5.30958748,17.61273384
-5.29919910,17.61035347
-5.28881884,17.60796165
-5.27844620,17.60555649
-5.26808167,17.60314178
-5.25772476,17.60071373
-5.24737549,17.59827232
-5.23703432,17.59581947
-5.22670078,17.59335518
-5.21637583,17.59087944
-5.20605850,17.58839035
-5.19574976,17.58588982
-5.18544865,17.58337593
-5.17515612,17.58085060
-5.16487169,17.57831383
-5.15459585,17.57576370
-5.14432812,17.57320213
-5.13406897,17.57062721
-5.12381840,17.56804085
-5.11357641,17.56544113
-5.10334253,17.56282997
-5.09311771,17.56020546
-5.08290148,17.55756760
-5.07269382,17.55491829
-5.06249523,17.55225754
-5.05230522,17.54958344
-5.04212427,17.54689598
-5.03195190,17.54419518
-5.02178907,17.54148293
-5.01163483,17.53875923
-5.00148964,17.53602028
-4.99135399,17.53326988
-4.98122740,17.53050613
-4.97110987,17.52773094
-4.96100140,17.52494240
-4.95090294,17.52214050
-4.94081354,17.51932526
-4.93073320,17.51649666
-4.92066288,17.51365662
-4.91060162,17.51080322
-4.90055037,17.50793648
-4.89050865,17.50505638
-4.88047647,17.50216484
-4.87045431,17.49925804
-4.86044168,17.49633980
-4.85043907,17.49340820
-4.84044647,17.49046326
-4.83046341,17.48750305
-4.82049084,17.48453140
-4.81052780,17.48154640
-4.80057526,17.47854805
-4.79063272,17.47553635
-4.78070021,17.47251129
-4.77077818,17.46947479
-4.76086617,17.46642303
-4.75096464,17.46335602
-4.74107361,17.46027756
-4.73119307,17.45718575
-4.72132301,17.45408058
-4.71146345,17.45096016
-4.70161438,17.44782829
-4.69177628,17.44468117
-4.68194818,17.44152069
-4.67213154,17.43834877
-4.66232538,17.43515968
-4.65253019,17.43195915
-4.64274597,17.42874336
-4.63297224,17.42551613
-4.62320995,17.42227364
-4.61345863,17.41901588
-4.60371876,17.41574669
-4.59398937,17.41246223
-4.58427143,17.40916443
-4.57456493,17.40585136
-4.56486988,17.40252686
-4.55518579,17.39918518
-4.54551315,17.39583206
-4.53585196,17.39246368
-4.52620268,17.38908195
-4.51656437,17.38568497
-4.50693798,17.38227463
-4.49732351,17.37884903
-4.48772001,17.37541008
-4.47812891,17.37195778
-4.46854925,17.36849022
-4.45898199,17.36500740
-4.44942617,17.36151314
-4.43988228,17.35800171
-4.43035078,17.35447693
-4.42083120,17.35093689
-4.41132355,17.34738350
-4.40182781,17.34381485
-4.39234495,17.34023285
-4.38287401,17.33663559
-4.37341547,17.33302498
-4.36396885,17.32939720
-4.35453510,17.32575607
-4.34511375,17.32210159
-4.33570480,17.31843185
-4.32630873,17.31474686
-4.31692505,17.31104660
-4.30755424,17.30733109
-4.29819584,17.30360222
-4.28885031,17.29985809
-4.27951765,17.29609871
-4.27019787,17.29232597
-4.26089096,17.28853798
-4.25159693,17.28473282
-4.24231577,17.28091431
-4.23304796,17.27708054
-4.22379351,17.27323341
-4.21455193,17.26936913
-4.20532370,17.26549149
-4.19610834,17.26159668
-4.18690681,17.25768852
-4.17771864,17.25376320
-4.16854334,17.24982452
-4.15938187,17.24587059
-4.15023422,17.24189949
-4.14109993,17.23791504
-4.13197899,17.23391533
-4.12287188,17.22989845
-4.11377859,17.22586823
-4.10469913,17.22182274
-4.09563351,17.21776009
-4.08658171,17.21368217
-4.07754374,17.20959091
-4.06851959,17.20548248
-4.05950975,17.20135880
-4.05051374,17.19721794
-4.04153204,17.19306374
-4.03256464,17.18889427
-4.02361155,17.18470764
-4.01467228,17.18050575
-4.00574780,17.17628860
-3.99683738,17.17205429
-3.98794150,17.16780472
-3.97906017,17.16353989
-3.97019339,17.15925980
-3.96134114,17.15496445
-3.95250344,17.15065193
-3.94368052,17.14632225
-3.93487239,17.14197922
-3.92607903,17.13761902
-3.91730046,17.13324165
-3.90853667,17.12885094
-3.89978790,17.12444115
-3.89105415,17.12001801
-3.88233542,17.11557770
-3.87363172,17.11112022
-3.86494327,17.10664749
-3.85627007,17.10215950
-3.84761190,17.09765434
-3.83896923,17.09313202
-3.83034182,17.08859444
-3.82172966,17.08404160
-3.81313300,17.07947159
-3.80455208,17.07488441
-3.79598641,17.07028198
-3.78743649,17.06566238
-3.77890205,17.06102562
-3.77038360,17.05637360
-3.76188064,17.05170441
-3.75339365,17.04701996
-3.74492240,17.04231834
-3.73646688,17.03759956
-3.72802758,17.03286362
-3.71960425,17.02811241
-3.71119690,17.02334404
-3.70280552,17.01855850
-3.69443035,17.01375580
-3.68607163,17.00893784
-3.67772889,17.00410271
-3.66940260,16.99925041
-3.66109252,16.99438095
-3.65279889,16.98949432
-3.64452171,16.98459244
-3.63626099,16.97967148
-3.62801695,16.97473526
-3.61978936,16.96978188
-3.61157870,16.96481133
-3.60338449,16.95982170
-3.59520698,16.95481682
-3.58704638,16.94979477
-3.57890272,16.94475555
-3.57077599,16.93969917
-3.56266594,16.93462563
-3.55457330,16.92953491
-3.54649734,16.92442703
-3.53843880,16.91930199
-3.53039718,16.91415977
-3.52237272,16.90900040
-3.51436567,16.90382195
-3.50637603,16.89862823
-3.49840355,16.89341545
-3.49044847,16.88818550
-3.48251104,16.88293839
-3.47459102,16.87767410
-3.46668839,16.87239265
-3.45880365,16.86709213
-3.45093656,16.86177444
-3.44308686,16.85643959
-3.43525529,16.85108757
-3.42744136,16.84571838
-3.41964531,16.84033012
-3.41186714,16.83492470
-3.40410709,16.82950020
-3.39636493,16.82406044
-3.38864088,16.81859970
-3.38093495,16.81312370
-3.37324715,16.80762863
-3.36557746,16.80211639
-3.35792613,16.79658508
-3.35029316,16.79103661
-3.34267855,16.78547096
-3.33508229,16.77988625
-3.32750463,16.77428246
-3.31994534,16.76866341
-3.31240463,16.76302338
-3.30488276,16.75736618
-3.29737926,16.75169182
-3.28989458,16.74599838
-3.28242874,16.74028778
-3.27498174,16.73455620
-3.26755357,16.72880936
-3.26014447,16.72304344
-3.25275397,16.71725845
-3.24538279,16.71145439
-3.23803067,16.70563316
-3.23069763,16.69979286
-3.22338367,16.69393539
-3.21608901,16.68805885
-3.20881367,16.68216324
-3.20155764,16.67624855
-3.19432092,16.67031670
-3.18710375,16.66436577
-3.17990613,16.65839577
-3.17272782,16.65240860
-3.16556907,16.64640045
-3.15843010,16.64037514
-3.15131068,16.63433075
-3.14421129,16.62826729
-3.13713145,16.62218475
-3.13007140,16.61608505
-3.12303114,16.60996437
-3.11601114,16.60382652
-3.10901093,16.59766960
-3.10203075,16.59149170
-3.09507060,16.58529663
-3.08813071,16.57908249
-3.08121085,16.57284927
-3.07431126,16.56659698
-3.06743217,16.56032562
-3.06057310,16.55403519
-3.05373478,16.54772568
-3.04691648,16.54139519
-3.04011893,16.53504753
-3.03334188,16.52868080
-3.02658558,16.52229309
-3.01984954,16.51588821
-3.01313448,16.50946236
-3.00644016,16.50301743
-2.99976659,16.49655342
-2.99311376,16.49007034
-2.98648190,16.48356819
-2.97987080,16.47704697
-2.97328091,16.47050476
-2.96671200,16.46394348
-2.96016431,16.45736313
-2.95363760,16.45076180
-2.94713211,16.44414330
-2.94064784,16.43750381
-2.93418479,16.43084335
-2.92774320,16.42416573
-2.92132306,16.41746712
-2.91492438,16.41074753
-2.90854716,16.40401077
-2.90219140,16.39725113
-2.89585733,16.39047432
-2.88954473,16.38367653
-2.88325405,16.37685966
-2.87698507,16.37002182
-2.87073779,16.36316490
-2.86451244,16.35628700
-2.85830903,16.34939003
-2.85212755,16.34247398
-2.84596801,16.33553505
-2.83983040,16.32857895
-2.83371520,16.32159996
-2.82762194,16.31460381
-2.82155085,16.30758476
-2.81550217,16.30054665
-2.80947566,16.29348946
-2.80347157,16.28641129
-2.79748988,16.27931213
-2.79153061,16.27219200
-2.78559351,16.26505280
-2.77967882,16.25789452
-2.77378631,16.25071526
-2.76791573,16.24351501
-2.76206756,16.23629570
-2.75624132,16.22905731
-2.75043726,16.22179794
-2.74465489,16.21451950
-2.73889470,16.20722008
-2.73315620,16.19990158
-2.72743964,16.19256401
-2.72174478,16.18520737
-2.71607161,16.17782974
-2.71042013,16.17043495
-2.70479035,16.16301918
-2.69918203,16.15558434
-2.69359517,16.14813042
-2.68802977,16.14065742
-2.68248582,16.13316536
-2.67696333,16.12565231
-2.67146206,16.11812210
-2.66598201,16.11057281
-2.66052318,16.10300446
-2.65508556,16.09541893
-2.64966893,16.08781242
-2.64427352,16.08018875
-2.63889909,16.07254410
-2.63354564,16.06488228
-2.62821293,16.05720329
-2.62290120,16.04950333
-2.61761022,16.04178619
-2.61233997,16.03405190
-2.60709047,16.02629662
-2.60186172,16.01852608
-2.59665346,16.01073456
-2.59146571,16.00292587
-2.58629847,15.99510002
-2.58115172,15.98725605
-2.57602549,15.97939396
-2.57091951,15.97151375
-2.56583381,15.96361542
-2.56076837,15.95569992
-2.55572319,15.94776630
-2.55069804,15.93981457
-2.54569316,15.93184566
-2.54070830,15.92385960
-2.53574324,15.91585636
-2.53079820,15.90783501
-2.52587318,15.89979649
-2.52096796,15.89174080
-2.51608253,15.88366699
-2.51121688,15.87557697
-2.50637078,15.86746979
-2.50154448,15.85934544
-2.49673772,15.85120392
-2.49195051,15.84304523
-2.48718286,15.83487034
-2.48243451,15.82667828
-2.47770572,15.81846905
-2.47299600,15.81024361
-2.46830583,15.80200195
-2.46363473,15.79374313
-2.45898294,15.78546810
-2.45435023,15.77717590
-2.44973683,15.76886749
-2.44514227,15.76054287
-2.44056654,15.75220203
-2.43601012,15.74384499
-2.43147230,15.73547173
-2.42695332,15.72708321
-2.42245340,15.71867752
-2.41797185,15.71025562
-2.41350937,15.70181847
-2.40906525,15.69336510
-2.40463972,15.68489647
-2.40023279,15.67641163
-2.39584446,15.66791058
-2.39147449,15.65939426
-2.38712287,15.65086269
-2.38278961,15.64231586
-2.37847471,15.63375282
-2.37417793,15.62517452
-2.36989927,15.61658096
-2.36563897,15.60797215
-2.36139655,15.59934807
-2.35717225,15.59070873
-2.35296583,15.58205509
-2.34877753,15.57338524
-2.34460688,15.56470108
-2.34045434,15.55600166
-2.33631945,15.54728699
-2.33220220,15.53855801
-2.32810259,15.52981472
-2.32402086,15.52105618
-2.31995654,15.51228237
-2.31590986,15.50349522
-2.31188059,15.49469280
-2.30786872,15.48587608
-2.30387425,15.47704506
-2.29989696,15.46819878
-2.29593706,15.45933914
-2.29199457,15.45046520
-2.28806901,15.44157696
-2.28416061,15.43267441
-2.28026938,15.42375851
-2.27639508,15.41482830
-2.27253795,15.40588379
-2.26869750,15.39692497
-2.26487398,15.38795280
-2.26106739,15.37896729
-2.25727749,15.36996746
-2.25350428,15.36095428
-2.24974775,15.35192776
-2.24600792,15.34288788
-2.24228454,15.33383369
-2.23857784,15.32476711
-2.23488760,15.31568623
-2.23121357,15.30659199
-2.22755623,15.29748535
-2.22391486,15.28836536
-2.22028995,15.27923203
-2.21668124,15.27008533
-2.21308875,15.26092625
-2.20951223,15.25175381
-2.20595193,15.24256802
-2.20240760,15.23337078
-2.19887924,15.22415924
-2.19536686,15.21493626
-2.19187021,15.20569992
-2.18838930,15.19645119
-2.18492436,15.18719006
-2.18147492,15.17791653
-2.17804146,15.16862965
-2.17462325,15.15933132
-2.17122078,15.15002060
-2.16783404,15.14069748
-2.16446233,15.13136196
-2.16110635,15.12201500
-2.15776563,15.11265564
-2.15444016,15.10328388
-2.15112996,15.09390068
-2.14783525,15.08450603
-2.14455533,15.07509899
-2.14129066,15.06567955
-2.13804102,15.05624962
-2.13480639,15.04680729
-2.13158679,15.03735352
-2.12838197,15.02788830
-2.12519217,15.01841164
-2.12201715,15.00892353
-2.11885691,14.99942398
-2.11571121,14.98991299
-2.11258030,14.98039150
-2.10946393,14.97085762
-2.10636210,14.96131325
-2.10327482,14.95175838
-2.10020185,14.94219208
-2.09714341,14.93261433
-2.09409952,14.92302608
-2.09106970,14.91342735
-2.08805418,14.90381813
-2.08505273,14.89419746
-2.08206558,14.88456631
-2.07909250,14.87492466
-2.07613349,14.86527252
-2.07318854,14.85560989
-2.07025743,14.84593678
-2.06734014,14.83625317
-2.06443691,14.82655907
-2.06154728,14.81685543
-2.05867147,14.80714130
-2.05580950,14.79741669
-2.05296111,14.78768253
-2.05012631,14.77793789
-2.04730487,14.76818371
-2.04449725,14.75841999
-2.04170275,14.74864578
-2.03892183,14.73886204
-2.03615427,14.72906876
-2.03339982,14.71926498
-2.03065872,14.70945263
-2.02793097,14.69963074
-2.02521634,14.68979836
-2.02251458,14.67995739
-2.01982594,14.67010689
-2.01715040,14.66024780
-2.01448774,14.65037823
-2.01183796,14.64050007
-2.00920105,14.63061333
-2.00657678,14.62071705
-2.00396538,14.61081123
-2.00136685,14.60089684
-1.99878073,14.59097385
-1.99620724,14.58104229
-1.99364626,14.57110119
-1.99109781,14.56115246
-1.98856175,14.55119419
-1.98603809,14.54122734
-1.98352683,14.53125191
-1.98102784,14.52126884
-1.97854102,14.51127625
-1.97606647,14.50127602
-1.97360396,14.49126720
-1.97115362,14.48125076
-1.96871531,14.47122574
-1.96628892,14.46119213
-1.96387458,14.45115089
-1.96147203,14.44110107
-1.95908129,14.43104458
-1.95670235,14.42097950
-1.95433521,14.41090584
-1.95197976,14.40082550
-1.94963586,14.39073753
-1.94730353,14.38064098
-1.94498277,14.37053776
-1.94267344,14.36042595
-1.94037569,14.35030746
-1.93808913,14.34018135
-1.93581402,14.33004856
-1.93355012,14.31990814
-1.93129754,14.30976009
-1.92905605,14.29960442
-1.92682576,14.28944302
-1.92460644,14.27927303
-1.92239821,14.26909733
-1.92020094,14.25891399
-1.91801465,14.24872398
-1.91583920,14.23852730
-1.91367459,14.22832298
-1.91152072,14.21811295
-1.90937757,14.20789623
-1.90724516,14.19767284
-1.90512335,14.18744183
-1.90301204,14.17720604
-1.90091133,14.16696262
-1.89882100,14.15671349
-1.89674115,14.14645767
-1.89467168,14.13619614
-1.89261258,14.12592793
-1.89056373,14.11565399
-1.88852501,14.10537338
-1.88649654,14.09508705
-1.88447809,14.08479500
-1.88246977,14.07449722
-1.88047159,14.06419373
-1.87848318,14.05388355
-1.87650478,14.04356861
-1.87453628,14.03324795
-1.87257755,14.02292061
-1.87062860,14.01258850
-1.86868942,14.00225163
-1.86675978,13.99190807
-1.86483979,13.98155975
-1.86292946,13.97120667
-1.86102855,13.96084785
-1.85913718,13.95048332
-1.85725510,13.94011497
-1.85538256,13.92974091
-1.85351920,13.91936111
-1.85166514,13.90897751
-1.84982026,13.89858818
-1.84798455,13.88819408
-1.84615803,13.87779617
-1.84434044,13.86739254
-1.84253192,13.85698509
-1.84073246,13.84657192
-1.83894181,13.83615494
-1.83715999,13.82573414
-1.83538699,13.81530762
-1.83362281,13.80487728
-1.83186734,13.79444313
-1.83012044,13.78400421
-1.82838225,13.77356148
-1.82665253,13.76311398
-1.82493138,13.75266361
-1.82321858,13.74220848
-1.82151437,13.73174953
-1.81981838,13.72128582
-1.81813073,13.71081924
-1.81645131,13.70034885
-1.81478012,13.68987465
-1.81311703,13.67939663
-1.81146216,13.66891575
-1.80981517,13.65843010
-1.80817628,13.64794254
-1.80654538,13.63745022
-1.80492234,13.62695503
-1.80330718,13.61645699
-1.80169976,13.60595512
-1.80010009,13.59545040
-1.79850817,13.58494186
-1.79692388,13.57443142
-1.79534721,13.56391716
-1.79377806,13.55340004
-1.79221642,13.54288006
-1.79066229,13.53235722
-1.78911543,13.52183151
-1.78757596,13.51130390
-1.78604388,13.50077343
-1.78451896,13.49024010
-1.78300118,13.47970390
-1.78149068,13.46916580
-1.77998722,13.45862484
-1.77849078,13.44808102
-1.77700138,13.43753624
-1.77551889,13.42698860
-1.77404320,13.41643810
-1.77257454,13.40588665
-1.77111256,13.39533234
-1.76965737,13.38477707
-1.76820874,13.37421894
-1.76676691,13.36365891
-1.76533163,13.35309696
-1.76390290,13.34253407
-1.76248062,13.33196926
-1.76106477,13.32140255
-1.75965536,13.31083393
-1.75825226,13.30026436
-1.75685537,13.28969288
-1.75546491,13.27911949
-1.75408041,13.26854610
-1.75270224,13.25797081
-1.75133002,13.24739361
-1.74996388,13.23681641
-1.74860382,13.22623730
-1.74724960,13.21565723
-1.74590123,13.20507622
-1.74455881,13.19449425
-1.74322212,13.18391228
-1.74189115,13.17332840
-1.74056590,13.16274357
-1.73924625,13.15215874
-1.73793209,13.14157295
-1.73662364,13.13098717
-1.73532057,13.12040043
-1.73402297,13.10981274
-1.73273075,13.09922504
-1.73144376,13.08863735
-1.73016214,13.07804871
-1.72888577,13.06746006
-1.72761452,13.05687141
-1.72634852,13.04628277
-1.72508740,13.03569412
-1.72383142,13.02510548
-1.72258043,13.01451683
-1.72133434,13.00392818
-1.72009325,12.99333954
-1.71885681,12.98275089
-1.71762526,12.97216320
-1.71639836,12.96157551
-1.71517611,12.95098877
-1.71395862,12.94040203
-1.71274555,12.92981529
-1.71153712,12.91922951
-1.71033311,12.90864468
-1.70913351,12.89806080
-1.70793831,12.88747692
-1.70674741,12.87689495
-1.70556080,12.86631298
-1.70437849,12.85573196
-1.70320022,12.84515285
-1.70202613,12.83457375
-1.70085609,12.82399559
-1.69969010,12.81341934
-1.69852817,12.80284405
-1.69737005,12.79227066
-1.69621575,12.78169823
-1.69506538,12.77112675
-1.69391870,12.76055717
-1.69277573,12.74998951
-1.69163644,12.73942280
-1.69050086,12.72885799
-1.68936872,12.71829510
-1.68824017,12.70773315
-1.68711507,12.69717407
-1.68599331,12.68661594
-1.68487501,12.67606068
-1.68376005,12.66550636
-1.68264830,12.65495491
-1.68153977,12.64440536
-1.68043435,12.63385868
-1.67933214,12.62331295
-1.67823291,12.61277008
-1.67713666,12.60223007
-1.67604351,12.59169197
-1.67495322,12.58115673
-1.67386580,12.57062340
-1.67278111,12.56009293
-1.67169917,12.54956532
-1.67062008,12.53903961
-1.66954350,12.52851772
-1.66846967,12.51799870
-1.66739833,12.50748158
-1.66632950,12.49696827
-1.66526306,12.48645782
-1.66419911,12.47595024
-1.66313756,12.46544552
-1.66207814,12.45494461
-1.66102111,12.44444656
-1.65996635,12.43395138
-1.65891361,12.42346001
-1.65786302,12.41297245
-1.65681446,12.40248775
-1.65576792,12.39200687
-1.65472341,12.38152981
-1.65368080,12.37105560
-1.65264022,12.36058521
-1.65160155,12.35011864
-1.65056479,12.33965492
-1.64952993,12.32919598
-1.64849699,12.31873894
-1.64746594,12.30828667
-1.64643681,12.29783726
-1.64540946,12.28739166
-1.64438403,12.27694893
-1.64336050,12.26651001
-1.64233875,12.25607491
-1.64131892,12.24564266
-1.64030075,12.23521423
-1.63928449,12.22478962
-1.63827002,12.21436787
-1.63725734,12.20394897
-1.63624632,12.19353485
-1.63523722,12.18312263
-1.63422978,12.17271519
-1.63322401,12.16231060
-1.63222003,12.15190887
-1.63121784,12.14151096
-1.63021731,12.13111591
-1.62921834,12.12072468
-1.62822115,12.11033630
-1.62722564,12.09995174
-1.62623179,12.08957100
-1.62523961,12.07919216
-1.62424898,12.06881809
-1.62326002,12.05844593
-1.62227273,12.04807854
-1.62128699,12.03771305
-1.62030280,12.02735138
-1.61932015,12.01699257
-1.61833918,12.00663757
-1.61735964,11.99628544
-1.61638176,11.98593712
-1.61540532,11.97559166
-1.61443043,11.96524906
-1.61345708,11.95491028
-1.61248517,11.94457436
-1.61151481,11.93424129
-1.61054587,11.92391205
-1.60957849,11.91358566
-1.60861242,11.90326214
-1.60764790,11.89294147
-1.60668480,11.88262463
-1.60572302,11.87231064
-1.60476267,11.86200047
-1.60380375,11.85169315
-1.60284626,11.84138775
-1.60189009,11.83108711
-1.60093534,11.82078838
-1.59998178,11.81049347
-1.59902966,11.80020046
-1.59807885,11.78991127
-1.59712946,11.77962589
-1.59618127,11.76934242
-1.59523439,11.75906277
-1.59428871,11.74878502
-1.59334433,11.73851109
-1.59240127,11.72824001
-1.59145951,11.71797276
-1.59051883,11.70770741
-1.58957946,11.69744587
-1.58864129,11.68718624
-1.58770430,11.67693043
-1.58676851,11.66667747
-1.58583391,11.65642643
-1.58490050,11.64617920
-1.58396816,11.63593483
-1.58303702,11.62569427
-1.58210707,11.61545563
-1.58117807,11.60521984
-1.58025038,11.59498692
-1.57932365,11.58475685
-1.57839799,11.57453060
-1.57747352,11.56430626
-1.57655001,11.55408478
-1.57562768,11.54386616
-1.57470632,11.53365135
-1.57378590,11.52343845
-1.57286656,11.51322842
-1.57194829,11.50302124
-1.57103097,11.49281693
-1.57011461,11.48261547
-1.56919920,11.47241688
-1.56828475,11.46222115
-1.56737137,11.45202732
-1.56645882,11.44183731
-1.56554723,11.43165016
-1.56463647,11.42146492
-1.56372666,11.41128254
-1.56281781,11.40110302
-1.56190979,11.39092636
-1.56100261,11.38075256
-1.56009638,11.37058163
-1.55919099,11.36041260
-1.55828631,11.35024643
-1.55738258,11.34008312
-1.55647957,11.32992268
-1.55557740,11.31976509
-1.55467606,11.30960941
-1.55377543,11.29945660
-1.55287564,11.28930664
-1.55197656,11.27915955
-1.55107820,11.26901436
-1.55018055,11.25887299
-1.54928362,11.24873257
-1.54838753,11.23859596
-1.54749203,11.22846127
-1.54659724,11.21832943
-1.54570305,11.20820045
-1.54480958,11.19807339
-1.54391682,11.18794918
-1.54302466,11.17782784
-1.54213309,11.16770840
-1.54124224,11.15759182
-1.54035187,11.14747810
-1.53946221,11.13736629
-1.53857303,11.12725735
-1.53768456,11.11715031
-1.53679657,11.10704613
-1.53590906,11.09694481
-1.53502214,11.08684540
-1.53413582,11.07674885
-1.53324986,11.06665421
-1.53236449,11.05656242
-1.53147972,11.04647255
-1.53059530,11.03638554
-1.52971137,11.02630138
-1.52882791,11.01621914
-1.52794492,11.00613880
-1.52706230,10.99606133
-1.52618015,10.98598671
-1.52529836,10.97591305
-1.52441704,10.96584320
-1.52353609,10.95577526
-1.52265549,10.94570923
-1.52177525,10.93564606
-1.52089548,10.92558479
-1.52001595,10.91552544
-1.51913679,10.90546894
-1.51825786,10.89541531
-1.51737940,10.88536263
-1.51650107,10.87531281
-1.51562309,10.86526585
-1.51474547,10.85522079
-1.51386809,10.84517765
-1.51299083,10.83513737
-1.51211393,10.82509899
-1.51123726,10.81506252
-1.51036072,10.80502796
-1.50948453,10.79499626
-1.50860846,10.78496647
-1.50773251,10.77493954
-1.50685680,10.76491451
-1.50598121,10.75489140
-1.50510585,10.74487019
-1.50423062,10.73485088
-1.50335538,10.72483444
-1.50248039,10.71481991
-1.50160551,10.70480824
-1.50073063,10.69479752
-1.49985588,10.68478966
-1.49898124,10.67478371
-1.49810660,10.66477966
-1.49723208,10.65477753
-1.49635756,10.64477730
-1.49548304,10.63477993
-1.49460852,10.62478447
-1.49373400,10.61478996
-1.49285948,10.60479832
-1.49198496,10.59480953
-1.49111044,10.58482170
-1.49023581,10.57483578
-1.48936117,10.56485271
-1.48848641,10.55487061
-1.48761165,10.54489136
-1.48673677,10.53491402
-1.48586178,10.52493763
-1.48498666,10.51496410
-1.48411143,10.50499249
-1.48323607,10.49502277
-1.48236048,10.48505497
-1.48148489,10.47508907
-1.48060906,10.46512508
-1.47973299,10.45516300
-1.47885680,10.44520283
-1.47798038,10.43524456
-1.47710371,10.42528820
-1.47622693,10.41533279
-1.47534978,10.40538025
-1.47447240,10.39542961
-1.47359490,10.38548088
-1.47271693,10.37553310
-1.47183883,10.36558819
-1.47096038,10.35564423
-1.47008157,10.34570312
-1.46920252,10.33576298
-1.46832311,10.32582474
-1.46744335,10.31588840
-1.46656322,10.30595398
-1.46568274,10.29602051
-1.46480191,10.28608990
-1.46392071,10.27616024
-1.46303916,10.26623344
-1.46215713,10.25630760
-1.46127462,10.24638271
-1.46039176,10.23646069
-1.45950842,10.22653961
-1.45862460,10.21662140
-1.45774043,10.20670414
-1.45685565,10.19678783
-1.45597041,10.18687439
-1.45508468,10.17696190
-1.45419848,10.16705132
-1.45331180,10.15714264
-1.45242441,10.14723492
-1.45153666,10.13732910
-1.45064819,10.12742519
-1.44975924,10.11752224
-1.44886971,10.10762119
-1.44797957,10.09772205
-1.44708884,10.08782482
-1.44619751,10.07792854
-1.44530559,10.06803417
-1.44441295,10.05814075
-1.44351971,10.04824924
-1.44262576,10.03835964
-1.44173121,10.02847099
-1.44083595,10.01858425
-1.43993998,10.00869846
-1.43904328,9.99881458
-1.43814588,9.98893261
-1.43724775,9.97905159
-1.43634892,9.96917248
-1.43544936,9.95929432
-1.43454897,9.94941807
-1.43364787,9.93954277
-1.43274593,9.92966938
-1.43184316,9.91979694
-1.43093967,9.90992641
-1.43003523,9.90005684
-1.42913008,9.89018917
-1.42822409,9.88032246
-1.42731714,9.87045765
-1.42640936,9.86059380
-1.42550075,9.85073090
-1.42459130,9.84086990
-1.42368090,9.83101082
-1.42276955,9.82115269
-1.42185724,9.81129551
-1.42094409,9.80143929
-1.42003000,9.79158592
-1.41911495,9.78173256
-1.41819882,9.77188110
-1.41728187,9.76203060
-1.41636384,9.75218105
-1.41544473,9.74233341
-1.41452479,9.73248672
-1.41360366,9.72264194
-1.41268158,9.71279716
-1.41175842,9.70295525
-1.41083419,9.69311333
-1.40990889,9.68327332
-1.40898263,9.67343426
-1.40805519,9.66359615
-1.40712655,9.65375900
-1.40619695,9.64392376
-1.40526605,9.63408947
-1.40433419,9.62425613
-1.40340102,9.61442375
-1.40246677,9.60459328
-1.40153134,9.59476376
-1.40059471,9.58493519
-1.39965701,9.57510757
-1.39871800,9.56528091
-1.39777768,9.55545616
-1.39683628,9.54563236
-1.39589357,9.53580952
-1.39494956,9.52598763
-1.39400434,9.51616669
-1.39305782,9.50634670
-1.39210999,9.49652767
-1.39116096,9.48671055
-1.39021051,9.47689342
-1.38925886,9.46707821
-1.38830578,9.45726299
-1.38735139,9.44744968
-1.38639557,9.43763733
-1.38543856,9.42782593
-1.38448000,9.41801548
-1.38352013,9.40820599
-1.38255882,9.39839745
-1.38159609,9.38858986
-1.38063192,9.37878323
-1.37966645,9.36897755
-1.37869942,9.35917187
-1.37773097,9.34936810
-1.37676096,9.33956528
-1.37578952,9.32976341
-1.37481666,9.31996250
-1.37384224,9.31016254
-1.37286627,9.30036259
-1.37188876,9.29056454
-1.37090981,9.28076649
-1.36992931,9.27097034
-1.36894715,9.26117420
-1.36796343,9.25137901
-1.36697817,9.24158478
-1.36599135,9.23179150
-1.36500287,9.22199917
-1.36401272,9.21220684
-1.36302102,9.20241642
-1.36202765,9.19262600
-1.36103261,9.18283653
-1.36003602,9.17304802
-1.35903764,9.16326046
-1.35803759,9.15347290
-1.35703588,9.14368629
-1.35603237,9.13390064
-1.35502720,9.12411594
-1.35402024,9.11433220
-1.35301161,9.10454845
-1.35200119,9.09476566
-1.35098910,9.08498383
-1.34997511,9.07520199
-1.34895933,9.06542110
-1.34794188,9.05564117
-1.34692252,9.04586220
-1.34590125,9.03608322
-1.34487832,9.02630520
-1.34385347,9.01652718
-1.34282672,9.00675106
-1.34179819,8.99697495
-1.34076762,8.98719883
-1.33973527,8.97742367
-1.33870101,8.96764946
-1.33766484,8.95787525
-1.33662677,8.94810200
-1.33558667,8.93832970
-1.33454478,8.92855740
-1.33350074,8.91878605
-1.33245480,8.90901470
-1.33140695,8.89924431
-1.33035707,8.88947392
-1.32930517,8.87970448
-1.32825124,8.86993504
-1.32719529,8.86016655
-1.32613719,8.85039902
-1.32507718,8.84063148
-1.32401502,8.83086395
-1.32295084,8.82109737
-1.32188463,8.81133080
-1.32081628,8.80156517
-1.31974578,8.79180050
-1.31867313,8.78203487
-1.31759846,8.77227116
-1.31652153,8.76250648
-1.31544256,8.75274277
-1.31436133,8.74298000
-1.31327796,8.73321629
-1.31219244,8.72345448
-1.31110466,8.71369171
-1.31001461,8.70392990
-1.30892241,8.69416809
-1.30782807,8.68440723
-1.30673134,8.67464638
-1.30563235,8.66488647
-1.30453122,8.65512562
-1.30342770,8.64536572
-1.30232191,8.63560581
-1.30121386,8.62584686
-1.30010343,8.61608791
-1.29899073,8.60632896
-1.29787564,8.59657001
-1.29675829,8.58681202
-1.29563844,8.57705402
-1.29451632,8.56729603
-1.29339182,8.55753899
-1.29226494,8.54778099
-1.29113555,8.53802395
-1.29000390,8.52826691
-1.28886974,8.51850986
-1.28773308,8.50875378
-1.28659403,8.49899769
-1.28545249,8.48924065
-1.28430855,8.47948456
-1.28316200,8.46972847
-1.28201306,8.45997334
-1.28086150,8.45021725
-1.27970755,8.44046116
-1.27855098,8.43070602
-1.27739191,8.42095089
-1.27623034,8.41119576
-1.27506614,8.40143967
-1.27389932,8.39168453
-1.27272999,8.38192940
-1.27155793,8.37217522
-1.27038336,8.36242008
-1.26920617,8.35266495
-1.26802635,8.34290981
-1.26684391,8.33315468
-1.26565874,8.32340050
-1.26447093,8.31364536
-1.26328051,8.30389023
-1.26208735,8.29413509
-1.26089144,8.28438091
-1.25969279,8.27462578
-1.25849152,8.26487064
-1.25728750,8.25511551
-1.25608063,8.24536037
-1.25487113,8.23560524
-1.25365877,8.22585011
-1.25244367,8.21609497
-1.25122571,8.20633888
-1.25000501,8.19658375
-1.24878156,8.18682766
-1.24755514,8.17707253
-1.24632597,8.16731644
-1.24509394,8.15756035
-1.24385905,8.14780426
-1.24262130,8.13804817
-1.24138057,8.12829113
-1.24013698,8.11853504
-1.23889053,8.10877800
-1.23764122,8.09902096
-1.23638880,8.08926392
-1.23513353,8.07950687
-1.23387539,8.06974888
-1.23261416,8.05999088
-1.23135006,8.05023289
-1.23008287,8.04047489
-1.22881269,8.03071594
-1.22753954,8.02095699
-1.22626340,8.01119804
-1.22498417,8.00143909
-1.22370195,7.99167919
-1.22241664,7.98191929
-1.22112823,7.97215891
-1.21983683,7.96239805
-1.21854222,7.95263720
-1.21724463,7.94287634
-1.21594381,7.93311453
-1.21464002,7.92335272
-1.21333289,7.91359043
-1.21202278,7.90382814
-1.21070945,7.89406490
-1.20939291,7.88430166
-1.20807326,7.87453794
-1.20675039,7.86477375
-1.20542431,7.85500908
-1.20409501,7.84524441
-1.20276248,7.83547878
-1.20142674,7.82571316
-1.20008779,7.81594658
-1.19874549,7.80618000
-1.19739997,7.79641294
-1.19605112,7.78664541
-1.19469893,7.77687693
-1.19334352,7.76710844
-1.19198477,7.75733948
-1.19062269,7.74757004
-1.18925726,7.73779964
-1.18788850,7.72802925
-1.18651640,7.71825790
-1.18514085,7.70848608
-1.18376195,7.69871426
-1.18237972,7.68894148
-1.18099391,7.67916775
-1.17960489,7.66939402
-1.17821229,7.65961933
-1.17681623,7.64984417
-1.17541683,7.64006853
-1.17401385,7.63029242
-1.17260742,7.62051535
-1.17119753,7.61073780
-1.16978419,7.60095978
-1.16836727,7.59118080
-1.16694689,7.58140135
-1.16552293,7.57162142
-1.16409540,7.56184053
-1.16266429,7.55205917
-1.16122961,7.54227686
-1.15979147,7.53249407
-1.15834963,7.52271080
-1.15690422,7.51292610
-1.15545511,7.50314140
-1.15400243,7.49335575
-1.15254617,7.48356915
-1.15108621,7.47378206
-1.14962268,7.46399403
-1.14815533,7.45420551
-1.14668441,7.44441605
-1.14520967,7.43462563
-1.14373136,7.42483473
-1.14224923,7.41504288
-1.14076340,7.40525007
-1.13927388,7.39545631
-1.13778055,7.38566208
-1.13628352,7.37586689
-1.13478267,7.36607122
-1.13327801,7.35627413
-1.13176966,7.34647655
-1.13025737,7.33667803
-1.12874126,7.32687855
-1.12722147,7.31707811
-1.12569773,7.30727720
-1.12417006,7.29747486
-1.12263858,7.28767204
-1.12110329,7.27786779
-1.11956406,7.26806307
-1.11802101,7.25825739
-1.11647391,7.24845028
-1.11492300,7.23864269
-1.11336803,7.22883415
-1.11180925,7.21902418
-1.11024642,7.20921373
-1.10867965,7.19940186
-1.10710895,7.18958950
-1.10553420,7.17977571
-1.10395551,7.16996098
-1.10237265,7.16014528
-1.10078597,7.15032864
-1.09919512,7.14051104
-1.09760022,7.13069201
-1.09600127,7.12087202
-1.09439826,7.11105108
-1.09279120,7.10122919
-1.09118009,7.09140635
-1.08956480,7.08158207
-1.08794534,7.07175684
-1.08632183,7.06193018
-1.08469415,7.05210257
-1.08306241,7.04227400
-1.08142638,7.03244400
-1.07978618,7.02261305
-1.07814193,7.01278114
-1.07649338,7.00294781
-1.07484055,6.99311352
-1.07318366,6.98327780
-1.07152247,6.97344065
-1.06985700,6.96360302
-1.06818724,6.95376348
-1.06651330,6.94392300
-1.06483507,6.93408155
-1.06315255,6.92423868
-1.06146574,6.91439438
-1.05977464,6.90454912
-1.05807912,6.89470243
-1.05637932,6.88485432
-1.05467522,6.87500525
-1.05296671,6.86515474
-1.05125391,6.85530281
-1.04953659,6.84544945
-1.04781497,6.83559513
-1.04608893,6.82573938
-1.04435849,6.81588221
-1.04262364,6.80602407
-1.04088426,6.79616404
-1.03914058,6.78630304
-1.03739238,6.77644062
-1.03563964,6.76657677
-1.03388250,6.75671148
-1.03212082,6.74684477
-1.03035462,6.73697662
-1.02858388,6.72710705
-1.02680874,6.71723652
-1.02502894,6.70736408
-1.02324462,6.69749022
-1.02145576,6.68761539
-1.01966238,6.67773867
-1.01786435,6.66786051
-1.01606166,6.65798092
-1.01425445,6.64809990
-1.01244259,6.63821745
-1.01062608,6.62833309
-1.00880504,6.61844778
-1.00697923,6.60856056
-1.00514877,6.59867191
-1.00331378,6.58878183
-1.00147426,6.57889032
-0.99963009,6.56899738
-0.99778146,6.55910301
-0.99592829,6.54920673
-0.99407071,6.53930950
-0.99220866,6.52941036
-0.99034226,6.51950979
-0.98847145,6.50960779
-0.98659635,6.49970436
-0.98471689,6.48979950
-0.98283315,6.47989321
-0.98094517,6.46998549
-0.97905296,6.46007633
-0.97715652,6.45016623
-0.97525597,6.44025421
-0.97335124,6.43034077
-0.97144240,6.42042589
-0.96952951,6.41050959
-0.96761256,6.40059185
-0.96569157,6.39067268
-0.96376663,6.38075256
-0.96183765,6.37083054
-0.95990479,6.36090755
-0.95796806,6.35098267
-0.95602739,6.34105682
-0.95408285,6.33112955
-0.95213455,6.32120085
-0.95018244,6.31127071
-0.94822657,6.30133963
-0.94626695,6.29140663
-0.94430363,6.28147268
-0.94233668,6.27153730
-0.94036603,6.26160097
-0.93839180,6.25166273
-0.93641400,6.24172354
-0.93443263,6.23178291
-0.93244767,6.22184086
-0.93045926,6.21189785
-0.92846739,6.20195293
-0.92647207,6.19200754
-0.92447335,6.18206024
-0.92247123,6.17211199
-0.92046577,6.16216230
-0.91845697,6.15221119
-0.91644484,6.14225912
-0.91442949,6.13230562
-0.91241091,6.12235117
-0.91038913,6.11239529
-0.90836412,6.10243797
-0.90633601,6.09247971
-0.90430474,6.08252001
-0.90227038,6.07255936
-0.90023297,6.06259727
-0.89819252,6.05263424
-0.89614910,6.04266977
-0.89410263,6.03270388
-0.89205331,6.02273703
-0.89000100,6.01276922
-0.88794583,6.00279999
-0.88588774,5.99282932
-0.88382691,5.98285818
-0.88176322,5.97288513
-0.87969679,5.96291161
-0.87762761,5.95293617
-0.87555569,5.94296026
-0.87348109,5.93298292
-0.87140387,5.92300463
-0.86932397,5.91302490
-0.86724150,5.90304422
-0.86515647,5.89306211
-0.86306888,5.88307953
-0.86097878,5.87309504
-0.85888624,5.86311007
-0.85679120,5.85312366
-0.85469377,5.84313631
-0.85259390,5.83314800
-0.85049170,5.82315826
-0.84838718,5.81316805
-0.84628034,5.80317640
-0.84417117,5.79318333
-0.84205979,5.78318977
-0.83994621,5.77319479
-0.83783042,5.76319885
-0.83571243,5.75320196
-0.83359236,5.74320412
-0.83147019,5.73320484
-0.82934588,5.72320509
-0.82721961,5.71320391
-0.82509124,5.70320177
-0.82296097,5.69319868
-0.82082868,5.68319464
-0.81869447,5.67318916
-0.81655836,5.66318321
-0.81442040,5.65317631
-0.81228054,5.64316797
-0.81013894,5.63315916
-0.80799550,5.62314892
-0.80585033,5.61313820
-0.80370343,5.60312605
-0.80155486,5.59311295
-0.79940456,5.58309937
-0.79725266,5.57308435
-0.79509914,5.56306887
-0.79294407,5.55305195
-0.79078740,5.54303455
-0.78862923,5.53301573
-0.78646958,5.52299643
-0.78430843,5.51297617
-0.78214592,5.50295496
-0.77998191,5.49293280
-0.77781659,5.48290968
-0.77564991,5.47288561
-0.77348185,5.46286058
-0.77131253,5.45283508
-0.76914197,5.44280863
-0.76697022,5.43278074
-0.76479721,5.42275286
-0.76262301,5.41272354
-0.76044768,5.40269327
-0.75827128,5.39266253
-0.75609374,5.38263083
-0.75391513,5.37259817
-0.75173551,5.36256504
-0.74955493,5.35253048
-0.74737334,5.34249544
-0.74519080,5.33245993
-0.74300736,5.32242298
-0.74082309,5.31238556
-0.73863792,5.30234766
-0.73645192,5.29230833
-0.73426509,5.28226852
-0.73207754,5.27222776
-0.72988927,5.26218653
-0.72770023,5.25214434
-0.72551054,5.24210167
-0.72332019,5.23205805
-0.72112924,5.22201347
-0.71893770,5.21196842
-0.71674556,5.20192242
-0.71455294,5.19187593
-0.71235979,5.18182850
-0.71016616,5.17178011
-0.70797205,5.16173124
-0.70577759,5.15168190
-0.70358264,5.14163160
-0.70138741,5.13158083
-0.69919187,5.12152910
-0.69699597,5.11147690
-0.69479978,5.10142374
-0.69260341,5.09137011
-0.69040680,5.08131552
-0.68821001,5.07126045
-0.68601304,5.06120491
-0.68381596,5.05114841
-0.68161875,5.04109144
-0.67942148,5.03103352
-0.67722422,5.02097559
-0.67502689,5.01091623
-0.67282963,5.00085688
-0.67063236,4.99079657
-0.66843522,4.98073578
-0.66623819,4.97067451
-0.66404122,4.96061230
-0.66184449,4.95054960
-0.65964788,4.94048643
-0.65745157,4.93042231
-0.65525544,4.92035818
-0.65305966,4.91029310
-0.65086412,4.90022755
-0.64866894,4.89016104
-0.64647412,4.88009453
-0.64427972,4.87002707
-0.64208573,4.85995913
-0.63989222,4.84989071
-0.63769913,4.83982182
-0.63550663,4.82975245
-0.63331461,4.81968260
-0.63112319,4.80961180
-0.62893236,4.79954100
-0.62674212,4.78946924
-0.62455261,4.77939701
-0.62236375,4.76932478
-0.62017560,4.75925159
-0.61798817,4.74917793
-0.61580157,4.73910379
-0.61361575,4.72902918
-0.61143076,4.71895409
-0.60924661,4.70887852
-0.60706335,4.69880247
-0.60488105,4.68872643
-0.60269964,4.67864943
-0.60051924,4.66857195
-0.59833986,4.65849400
-0.59616148,4.64841604
-0.59398419,4.63833714
-0.59180802,4.62825823
-0.58963293,4.61817884
-0.58745897,4.60809898
-0.58528626,4.59801865
-0.58311468,4.58793783
-0.58094442,4.57785654
-0.57877535,4.56777477
-0.57660764,4.55769300
-0.57444119,4.54761076
-0.57227618,4.53752804
-0.57011247,4.52744484
-0.56795025,4.51736164
-0.56578940,4.50727749
-0.56363004,4.49719334
-0.56147218,4.48710918
-0.55931586,4.47702408
-0.55716109,4.46693897
-0.55500793,4.45685339
-0.55285639,4.44676781
-0.55070645,4.43668127
-0.54855824,4.42659473
-0.54641169,4.41650820
-0.54426688,4.40642118
-0.54212385,4.39633369
-0.53998262,4.38624573
-0.53784317,4.37615776
-0.53570557,4.36606932
-0.53356987,4.35598087
-0.53143609,4.34589195
-0.52930421,4.33580303
-0.52717429,4.32571363
-0.52504641,4.31562376
-0.52292055,4.30553389
-0.52079672,4.29544401
-0.51867497,4.28535366
-0.51655531,4.27526283
-0.51443779,4.26517200
-0.51232249,4.25508118
-0.51020932,4.24498987
-0.50809842,4.23489809
-0.50598979,4.22480679
-0.50388342,4.21471453
-0.50177938,4.20462275
-0.49967766,4.19453049
-0.49757832,4.18443775
-0.49548137,4.17434502
-0.49338686,4.16425228
-0.49129483,4.15415907
-0.48920527,4.14406586
-0.48711821,4.13397264
-0.48503372,4.12387943
-0.48295179,4.11378574
-0.48087248,4.10369205
-0.47879580,4.09359789
-0.47672179,4.08350372
-0.47465044,4.07340956
-0.47258183,4.06331539
-0.47051600,4.05322123
-0.46845290,4.04312658
-0.46639264,4.03303194
-0.46433520,4.02293730
-0.46228063,4.01284218
-0.46022895,4.00274754
-0.45818019,3.99265265
-0.45613441,3.98255754
-0.45409158,3.97246242
-0.45205179,3.96236730
-0.45001501,3.95227194
-0.44798133,3.94217658
-0.44595072,3.93208122
-0.44392326,3.92198586
-0.44189894,3.91189051
-0.43987781,3.90179491
-0.43785989,3.89169955
-0.43584523,3.88160396
-0.43383384,3.87150860
-0.43182573,3.86141300
-0.42982098,3.85131741
-0.42781958,3.84122181
-0.42582157,3.83112645
-0.42382696,3.82103086
-0.42183581,3.81093526
-0.41984814,3.80083990
-0.41786397,3.79074430
-0.41588333,3.78064895
-0.41390628,3.77055359
-0.41193280,3.76045823
-0.40996295,3.75036287
-0.40799674,3.74026775
-0.40603420,3.73017263
-0.40407538,3.72007751
-0.40212032,3.70998240
-0.40016901,3.69988751
-0.39822149,3.68979263
-0.39627782,3.67969799
-0.39433795,3.66960311
-0.39240202,3.65950871
-0.39046997,3.64941406
-0.38854188,3.63931990
-0.38661775,3.62922549
-0.38469762,3.61913133
-0.38278151,3.60903740
-0.38086948,3.59894347
-0.37896150,3.58884978
-0.37705767,3.57875633
-0.37515798,3.56866288
-0.37326247,3.55856943
-0.37137112,3.54847646
-0.36948404,3.53838348
-0.36760122,3.52829075
-0.36572269,3.51819801
-0.36384845,3.50810575
-0.36197859,3.49801350
-0.36011311,3.48792148
-0.35825202,3.47782946
-0.35639536,3.46773791
-0.35454318,3.45764637
-0.35269549,3.44755530
-0.35085231,3.43746424
-0.34901369,3.42737341
-0.34717965,3.41728306
-0.34535024,3.40719271
-0.34352544,3.39710259
-0.34170532,3.38701296
-0.33988988,3.37692332
-0.33807918,3.36683393
-0.33627325,3.35674500
-0.33447209,3.34665632
-0.33267576,3.33656764
-0.33088425,3.32647943
-0.32909760,3.31639171
-0.32731587,3.30630398
-0.32553908,3.29621673
-0.32376724,3.28612971
-0.32200038,3.27604294
-0.32023853,3.26595664
-0.31848174,3.25587058
-0.31673002,3.24578476
-0.31498340,3.23569942
-0.31324193,3.22561431
-0.31150562,3.21552944
-0.30977449,3.20544505
-0.30804858,3.19536114
-0.30632791,3.18527746
-0.30461252,3.17519403
-0.30290246,3.16511130
-0.30119771,3.15502858
-0.29949835,3.14494634
-0.29780436,3.13486457
-0.29611582,3.12478328
-0.29443270,3.11470222
-0.29275510,3.10462165
-0.29108298,3.09454131
-0.28941640,3.08446169
-0.28775540,3.07438231
-0.28610000,3.06430340
-0.28445023,3.05422473
-0.28280610,3.04414678
-0.28116769,3.03406906
-0.27953497,3.02399182
-0.27790797,3.01391506
-0.27628678,3.00383878
-0.27467138,2.99376297
-0.27306178,2.98368764
-0.27145809,2.97361279
-0.26986027,2.96353841
-0.26826835,2.95346451
-0.26668239,2.94339108
-0.26510242,2.93331814
-0.26352844,2.92324567
-0.26196048,2.91317368
-0.26039860,2.90310240
-0.25884280,2.89303136
-0.25729313,2.88296103
-0.25574961,2.87289119
-0.25421229,2.86282206
-0.25268114,2.85275316
-0.25115624,2.84268498
-0.24963762,2.83261728
-0.24812528,2.82255030
-0.24661928,2.81248379
-0.24511963,2.80241776
-0.24362636,2.79235220
-0.24213950,2.78228736
-0.24065907,2.77222323
-0.23918512,2.76215959
-0.23771767,2.75209641
-0.23625676,2.74203396
-0.23480240,2.73197222
-0.23335461,2.72191095
-0.23191345,2.71185040
-0.23047893,2.70179033
-0.22905108,2.69173098
-0.22762994,2.68167233
-0.22621553,2.67161417
-0.22480787,2.66155672
-0.22340702,2.65149975
-0.22201297,2.64144373
-0.22062577,2.63138819
-0.21924545,2.62133336
-0.21787204,2.61127925
-0.21650556,2.60122585
-0.21514605,2.59117293
-0.21379353,2.58112097
-0.21244803,2.57106948
-0.21110958,2.56101871
-0.20977820,2.55096865
-0.20845395,2.54091954
-0.20713684,2.53087091
-0.20582688,2.52082300
-0.20452413,2.51077580
-0.20322859,2.50072956
-0.20194031,2.49068379
-0.20065932,2.48063898
-0.19938564,2.47059488
-0.19811931,2.46055126
-0.19686034,2.45050859
-0.19560876,2.44046688
-0.19436464,2.43042564
-0.19312796,2.42038536
-0.19189876,2.41034579
-0.19067709,2.40030694
-0.18946296,2.39026904
-0.18825640,2.38023186
-0.18705744,2.37019563
-0.18586612,2.36015987
-0.18468246,2.35012531
-0.18350649,2.34009123
-0.18233824,2.33005810
-0.18117774,2.32002592
-0.18002503,2.30999446
-0.17888010,2.29996395
-0.17774302,2.28993416
-0.17661381,2.27990532
-0.17549248,2.26987720
-0.17437908,2.25985003
-0.17327364,2.24982381
-0.17217618,2.23979831
-0.17108673,2.22977376
-0.17000531,2.21975017
-0.16893196,2.20972729
-0.16786671,2.19970560
-0.16680959,2.18968463
-0.16576062,2.17966461
-0.16471983,2.16964531
-0.16368727,2.15962720
-0.16266294,2.14960980
-0.16164689,2.13959360
-0.16063914,2.12957811
-0.15963972,2.11956358
-0.15864865,2.10955000
-0.15766597,2.09953761
-0.15669172,2.08952594
-0.15572590,2.07951522
-0.15476857,2.06950545
-0.15381974,2.05949688
-0.15287943,2.04948902
-0.15194769,2.03948236
-0.15102455,2.02947664
-0.15011002,2.01947188
-0.14920415,2.00946808
-0.14830695,1.99946523
-0.14741847,1.98946357
-0.14653872,1.97946274
-0.14566773,1.96946311
-0.14480554,1.95946443
-0.14395218,1.94946682
-0.14310767,1.93947017
-0.14227203,1.92947459
-0.14144531,1.91948020
-0.14062753,1.90948665
-0.13981873,1.89949429
-0.13901891,1.88950300
-0.13822813,1.87951279
-0.13744640,1.86952364
-0.13667376,1.85953557
-0.13591023,1.84954858
-0.13515584,1.83956265
-0.13441063,1.82957792
-0.13367462,1.81959426
-0.13294785,1.80961168
-0.13223034,1.79963017
-0.13152210,1.78964984
-0.13082319,1.77967072
-0.13013363,1.76969266
-0.12945345,1.75971568
-0.12878266,1.74973989
-0.12812132,1.73976529
-0.12746944,1.72979176
-0.12682705,1.71981955
-0.12619418,1.70984840
-0.12557086,1.69987833
-0.12495712,1.68990958
-0.12435299,1.67994201
-0.12375850,1.66997552
-0.12317368,1.66001034
-0.12259854,1.65004635
-0.12203314,1.64008343
-0.12147749,1.63012183
-0.12093163,1.62016153
-0.12039557,1.61020231
-0.11986936,1.60024440
-0.11935302,1.59028769
-0.11884657,1.58033216
-0.11835006,1.57037795
-0.11786351,1.56042504
-0.11738693,1.55047321
-0.11692038,1.54052281
-0.11646387,1.53057361
-0.11601743,1.52062571
-0.11558110,1.51067901
-0.11515490,1.50073361
-0.11473886,1.49078965
-0.11433301,1.48084676
-0.11393738,1.47090530
-0.11355200,1.46096516
-0.11317689,1.45102632
-0.11281209,1.44108868
-0.11245763,1.43115246
-0.11211354,1.42121756
-0.11177983,1.41128397
-0.11145654,1.40135181
-0.11114372,1.39142084
-0.11084136,1.38149130
-0.11054952,1.37156320
-0.11026822,1.36163628
-0.10999749,1.35171092
-0.10973735,1.34178674
-0.10948785,1.33186400
-0.10924899,1.32194269
-0.10902081,1.31202281
-0.10880336,1.30210423
-0.10859665,1.29218709
-0.10840070,1.28227127
-0.10821556,1.27235699
-0.10804124,1.26244402
-0.10787779,1.25253248
-0.10772522,1.24262238
-0.10758357,1.23271370
-0.10745286,1.22280657
-0.10733313,1.21290076
-0.10722440,1.20299637
-0.10712671,1.19309354
-0.10704008,1.18319213
-0.10696454,1.17329216
-0.10690013,1.16339374
-0.10684685,1.15349674
-0.10680476,1.14360118
-0.10677388,1.13370717
-0.10675423,1.12381458
-0.10674584,1.11392355
-0.10674875,1.10403395
-0.10676299,1.09414589
-0.10678858,1.08425939
-0.10682555,1.07437444
-0.10687392,1.06449091
-0.10693374,1.05460894
-0.10700503,1.04472852
-0.10708782,1.03484964
-0.10718214,1.02497232
-0.10728800,1.01509655
-0.10740546,1.00522232
-0.10753453,0.99534965
-0.10767524,0.98547858
-0.10782763,0.97560906
-0.10799172,0.96574110
-0.10816753,0.95587474
-0.10835510,0.94600999
-0.10855448,0.93614686
-0.10876565,0.92628527
-0.10898869,0.91642535
-0.10922359,0.90656698
-0.10947040,0.89671028
-0.10972915,0.88685513
-0.10999986,0.87700170
-0.11028256,0.86714983
-0.11057728,0.85729963
-0.11088405,0.84745109
-0.11120290,0.83760422
-0.11153386,0.82775897
-0.11187695,0.81791538
-0.11223222,0.80807346
-0.11259967,0.79823321
-0.11297936,0.78839463
-0.11337129,0.77855778
-0.11377551,0.76872259
-0.11419205,0.75888908
-0.11462092,0.74905729
-0.11506215,0.73922724
-0.11551580,0.72939885
-0.11598187,0.71957219
-0.11646039,0.70974725
-0.11695141,0.69992405
-0.11745493,0.69010258
-0.11797100,0.68028283
-0.11849965,0.67046481
-0.11904090,0.66064858
-0.11959478,0.65083414
-0.12016132,0.64102137
-0.12074055,0.63121045
-0.12133250,0.62140125
-0.12193719,0.61159384
-0.12255467,0.60178822
-0.12318494,0.59198439
-0.12382805,0.58218235
-0.12448403,0.57238209
-0.12515290,0.56258368
-0.12583470,0.55278707
-0.12652944,0.54299223
-0.12723717,0.53319925
-0.12795790,0.52340811
-0.12869167,0.51361877
-0.12943850,0.50383127
-0.13019845,0.49404564
-0.13097151,0.48426184
-0.13175772,0.47447991
-0.13255712,0.46469980
-0.13336974,0.45492160
-0.13419560,0.44514525
-0.13503473,0.43537080
-0.13588715,0.42559820
-0.13675290,0.41582751
-0.13763201,0.40605870
-0.13852452,0.39629179
-0.13943043,0.38652679
-0.14034979,0.37676370
-0.14128262,0.36700252
-0.14222896,0.35724327
-0.14318883,0.34748593
-0.14416227,0.33773053
-0.14514929,0.32797706
-0.14614993,0.31822556
-0.14716423,0.30847600
-0.14819220,0.29872838
-0.14923388,0.28898272
-0.15028930,0.27923903
-0.15135847,0.26949731
-0.15244144,0.25975755
-0.15353824,0.25001979
-0.15464889,0.24028400
-0.15577342,0.23055021
-0.15691185,0.22081843
-0.15806423,0.21108864
-0.15923057,0.20136087
-0.16041093,0.19163510
-0.16160530,0.18191135
-0.16281372,0.17218964
-0.16403623,0.16246995
-0.16527286,0.15275230
-0.16652362,0.14303668
-0.16778857,0.13332312
-0.16906771,0.12361161
-0.17036109,0.11390216
-0.17166871,0.10419477
-0.17299064,0.09448945
-0.17432687,0.08478621
-0.17567745,0.07508504
-0.17704241,0.06538596
-0.17842177,0.05568897
-0.17981556,0.04599408
-0.18122382,0.03630129
-0.18264657,0.02661061
-0.18408383,0.01692205
-0.18553565,0.00723560
-0.18700206,-0.00244873
-0.18848306,-0.01213092
-0.18997870,-0.02181098
-0.19148903,-0.03148890
-0.19301403,-0.04116468
-0.19455375,-0.05083830
-0.19610824,-0.06050976
-0.19767749,-0.07017907
-0.19926158,-0.07984620
-0.20086049,-0.08951116
-0.20247428,-0.09917394
-0.20410296,-0.10883453
-0.20574658,-0.11849294
-0.20740514,-0.12814915
-0.20907870,-0.13780317
-0.21076727,-0.14745496
-0.21247087,-0.15710455
-0.21418956,-0.16675192
-0.21592335,-0.17639707
-0.21767227,-0.18604000
-0.21943635,-0.19568068
-0.22121562,-0.20531912
-0.22301011,-0.21495533
-0.22481984,-0.22458927
-0.22664484,-0.23422097
-0.22848515,-0.24385041
-0.23034081,-0.25347757
-0.23221183,-0.26310247
-0.23409823,-0.27272508
-0.23600006,-0.28234541
-0.23791733,-0.29196346
-0.23985009,-0.30157921
-0.24179836,-0.31119263
-0.24376217,-0.32080379
-0.24574153,-0.33041263
-0.24773650,-0.34001914
-0.24974710,-0.34962332
-0.25177336,-0.35922518
-0.25381526,-0.36882472
-0.25587291,-0.37842190
-0.25794631,-0.38801676
-0.26003546,-0.39760926
-0.26214042,-0.40719938
-0.26426119,-0.41678718
-0.26639783,-0.42637259
-0.26855037,-0.43595564
-0.27071881,-0.44553629
-0.27290320,-0.45511457
-0.27510354,-0.46469048
-0.27731991,-0.47426397
-0.27955231,-0.48383507
-0.28180078,-0.49340379
-0.28406531,-0.50297004
-0.28634599,-0.51253396
-0.28864279,-0.52209538
-0.29095578,-0.53165442
-0.29328498,-0.54121101
-0.29563043,-0.55076516
-0.29799214,-0.56031686
-0.30037013,-0.56986612
-0.30276445,-0.57941294
-0.30517510,-0.58895731
-0.30760217,-0.59849918
-0.31004560,-0.60803860
-0.31250551,-0.61757553
-0.31498197,-0.62710989
-0.31747505,-0.63664162
-0.31998497,-0.64617062
-0.32251176,-0.65569675
-0.32505563,-0.66521996
-0.32761663,-0.67474020
-0.33019492,-0.68425721
-0.33279064,-0.69377106
-0.33540389,-0.70328158
-0.33803478,-0.71278870
-0.34068346,-0.72229230
-0.34335008,-0.73179227
-0.34603471,-0.74128854
-0.34873751,-0.75078100
-0.35145858,-0.76026958
-0.35419807,-0.76975417
-0.35695609,-0.77923465
-0.35973278,-0.78871095
-0.36252823,-0.79818296
-0.36534259,-0.80765063
-0.36817598,-0.81711382
-0.37102854,-0.82657242
-0.37390038,-0.83602631
-0.37679163,-0.84547549
-0.37970239,-0.85491979
-0.38263282,-0.86435914
-0.38558301,-0.87379348
-0.38855314,-0.88322258
-0.39154327,-0.89264649
-0.39455357,-0.90206510
-0.39758414,-0.91147822
-0.40063509,-0.92088580
-0.40370658,-0.93028772
-0.40679875,-0.93968397
-0.40991166,-0.94907439
-0.41304550,-0.95845890
-0.41620034,-0.96783733
-0.41937634,-0.97720969
-0.42257360,-0.98657584
-0.42579228,-0.99593574
-0.42903247,-1.00528920
-0.43229431,-1.01463616
-0.43557793,-1.02397645
-0.43888345,-1.03331017
-0.44221100,-1.04263699
-0.44556066,-1.05195701
-0.44893262,-1.06127012
-0.45232698,-1.07057607
-0.45574385,-1.07987475
-0.45918337,-1.08916628
-0.46264565,-1.09845042
-0.46613082,-1.10772717
-0.46963903,-1.11699629
-0.47317037,-1.12625778
-0.47672498,-1.13551152
-0.48030299,-1.14475739
-0.48390451,-1.15399528
-0.48752967,-1.16322529
-0.49117860,-1.17244697
-0.49485141,-1.18166053
-0.49854827,-1.19086576
-0.50226921,-1.20006251
-0.50601447,-1.20925081
-0.50978410,-1.21843052
-0.51357824,-1.22760141
-0.51739705,-1.23676360
-0.52124059,-1.24591684
-0.52510899,-1.25506115
-0.52900249,-1.26419628
-0.53292102,-1.27332222
-0.53686488,-1.28243887
-0.54083413,-1.29154611
-0.54482889,-1.30064392
-0.54884923,-1.30973220
-0.55289537,-1.31881070
-0.55696744,-1.32787943
-0.56106544,-1.33693838
-0.56518960,-1.34598732
-0.56934005,-1.35502625
-0.57351685,-1.36405492
-0.57772017,-1.37307346
-0.58195013,-1.38208151
-0.58620685,-1.39107919
-0.59049040,-1.40006638
-0.59480101,-1.40904284
-0.59913874,-1.41800869
-0.60350370,-1.42696357
-0.60789609,-1.43590760
-0.61231595,-1.44484067
-0.61676341,-1.45376253
-0.62123871,-1.46267319
-0.62574184,-1.47157252
-0.63027292,-1.48046052
-0.63483220,-1.48933697
-0.63941973,-1.49820173
-0.64403558,-1.50705492
-0.64867997,-1.51589632
-0.65335304,-1.52472579
-0.65805477,-1.53354323
-0.66278541,-1.54234862
-0.66754508,-1.55114186
-0.67233384,-1.55992281
-0.67715186,-1.56869137
-0.68199921,-1.57744753
-0.68687612,-1.58619106
-0.69178265,-1.59492195
-0.69671887,-1.60364008
-0.70168501,-1.61234546
-0.70668113,-1.62103772
-0.71170741,-1.62971711
-0.71676385,-1.63838327
-0.72185075,-1.64703619
-0.72696811,-1.65567577
-0.73211610,-1.66430187
-0.73729479,-1.67291451
-0.74250442,-1.68151355
-0.74774498,-1.69009888
-0.75301671,-1.69867039
-0.75831962,-1.70722795
-0.76365393,-1.71577144
-0.76901978,-1.72430098
-0.77441716,-1.73281622
-0.77984637,-1.74131715
-0.78530741,-1.74980378
-0.79080039,-1.75827587
-0.79632556,-1.76673341
-0.80188292,-1.77517617
-0.80747265,-1.78360426
-0.81309491,-1.79201746
-0.81874973,-1.80041564
-0.82443732,-1.80879879
-0.83015776,-1.81716681
-0.83591121,-1.82551944
-0.84169775,-1.83385682
-0.84751749,-1.84217882
-0.85337067,-1.85048521
-0.85925728,-1.85877585
-0.86517751,-1.86705089
-0.87113148,-1.87531006
-0.87711930,-1.88355327
-0.88314116,-1.89178050
-0.88919705,-1.89999151
-0.89528722,-1.90818632
-0.90141171,-1.91636491
-0.90757072,-1.92452705
-0.91376436,-1.93267262
-0.91999269,-1.94080162
-0.92625588,-1.94891393
-0.93255407,-1.95700943
-0.93888730,-1.96508801
-0.94525582,-1.97314966
-0.95165968,-1.98119414
-0.95809907,-1.98922157
-0.96457398,-1.99723160
-0.97108465,-2.00522423
-0.97763121,-2.01319957
-0.98421371,-2.02115726
-0.99083233,-2.02909708
-0.99748713,-2.03701949
-1.00417829,-2.04492378
-1.01090598,-2.05281019
-1.01767027,-2.06067848
-1.02447128,-2.06852865
-1.03130913,-2.07636070
-1.03818393,-2.08417439
-1.04509580,-2.09196949
-1.05204499,-2.09974623
-1.05903149,-2.10750413
-1.06605542,-2.11524367
-1.07311702,-2.12296414
-1.08021629,-2.13066554
-1.08735335,-2.13834810
-1.09452856,-2.14601159
-1.10174167,-2.15365601
-1.10899317,-2.16128087
-1.11628282,-2.16888642
-1.12361109,-2.17647243
-1.13097799,-2.18403888
-1.13838351,-2.19158578
-1.14582789,-2.19911265
-1.15331125,-2.20661974
-1.16083372,-2.21410704
-1.16839540,-2.22157407
-1.17599630,-2.22902107
-1.18363678,-2.23644757
-1.19131696,-2.24385381
-1.19903672,-2.25123978
-1.20679629,-2.25860500
-1.21459591,-2.26594949
-1.22243559,-2.27327347
-1.23031545,-2.28057647
-1.23823571,-2.28785849
-1.24619639,-2.29511976
-1.25419772,-2.30235958
-1.26223969,-2.30957818
-1.27032256,-2.31677556
-1.27844632,-2.32395172
-1.28661120,-2.33110595
-1.29481733,-2.33823895
-1.30306470,-2.34535003
-1.31135368,-2.35243940
-1.31968415,-2.35950685
-1.32805634,-2.36655211
-1.33647037,-2.37357545
-1.34492636,-2.38057661
-1.35342431,-2.38755536
-1.36196458,-2.39451194
-1.37054729,-2.40144587
-1.37917233,-2.40835738
-1.38783991,-2.41524601
-1.39655030,-2.42211199
-1.40530348,-2.42895508
-1.41409957,-2.43577528
-1.42293882,-2.44257236
-1.43182123,-2.44934630
-1.44074702,-2.45609713
-1.44971621,-2.46282434
-1.45872903,-2.46952820
-1.46778548,-2.47620869
-1.47688580,-2.48286533
-1.48603010,-2.48949838
-1.49521840,-2.49610758
-1.50445092,-2.50269270
-1.51372778,-2.50925398
-1.52304852,-2.51579142
-1.53241241,-2.52230501
-1.54181898,-2.52879524
-1.55126750,-2.53526211
-1.56075740,-2.54170585
-1.57028806,-2.54812694
-1.57985866,-2.55452514
-1.58946872,-2.56090069
-1.59911764,-2.56725407
-1.60880470,-2.57358551
-1.61852920,-2.57989502
-1.62829065,-2.58618259
-1.63808835,-2.59244895
-1.64792168,-2.59869385
-1.65778995,-2.60491776
-1.66769254,-2.61112094
-1.67762887,-2.61730313
-1.68759823,-2.62346506
-1.69760001,-2.62960649
-1.70763361,-2.63572812
-1.71769834,-2.64182973
-1.72779357,-2.64791155
-1.73791873,-2.65397406
-1.74807310,-2.66001701
-1.75825620,-2.66604114
-1.76846719,-2.67204642
-1.77870548,-2.67803288
-1.78897047,-2.68400097
-1.79926157,-2.68995070
-1.80957806,-2.69588232
-1.81991935,-2.70179605
-1.83028471,-2.70769238
-1.84067369,-2.71357083
-1.85108554,-2.71943235
-1.86151958,-2.72527671
-1.87197530,-2.73110414
-1.88245189,-2.73691487
-1.89294887,-2.74270916
-1.90346551,-2.74848700
-1.91400135,-2.75424910
-1.92455542,-2.75999498
-1.93512738,-2.76572537
-1.94571650,-2.77144051
-1.95632207,-2.77714014
-1.96694362,-2.78282475
-1.97758031,-2.78849435
-1.98823166,-2.79414940
-1.99889696,-2.79979014
-2.00957561,-2.80541635
-2.02026701,-2.81102872
-2.03097034,-2.81662703
-2.04168510,-2.82221174
-2.05241084,-2.82778311
-2.06314635,-2.83334112
-2.07389164,-2.83888602
-2.08464575,-2.84441805
-2.09540820,-2.84993744
-2.10617828,-2.85544443
-2.11695504,-2.86093926
-2.12773848,-2.86642194
-2.13852739,-2.87189269
-2.14932132,-2.87735176
-2.16011977,-2.88279939
-2.17092204,-2.88823581
-2.18172741,-2.89366126
-2.19253516,-2.89907575
-2.20334482,-2.90447974
-2.21415591,-2.90987301
-2.22496748,-2.91525626
-2.23577905,-2.92062926
-2.24658990,-2.92599249
-2.25739932,-2.93134618
-2.26820707,-2.93669033
-2.27901196,-2.94202518
-2.28981376,-2.94735098
-2.30061173,-2.95266795
-2.31140518,-2.95797634
-2.32219362,-2.96327639
-2.33297610,-2.96856785
-2.34375215,-2.97385168
-2.35452127,-2.97912741
-2.36528277,-2.98439550
-2.37603593,-2.98965621
-2.38678002,-2.99490952
-2.39751458,-3.00015593
-2.40823913,-3.00539541
-2.41895247,-3.01062846
-2.42965460,-3.01585484
-2.44034457,-3.02107525
-2.45102167,-3.02628922
-2.46168542,-3.03149772
-2.47233486,-3.03670049
-2.48297000,-3.04189754
-2.49358964,-3.04708958
-2.50419331,-3.05227661
-2.51478052,-3.05745888
-2.52535033,-3.06263638
-2.53590250,-3.06780934
-2.54643607,-3.07297826
-2.55695057,-3.07814312
-2.56744504,-3.08330417
-2.57791924,-3.08846140
-2.58837247,-3.09361529
-2.59880400,-3.09876609
-2.60921335,-3.10391378
-2.61959958,-3.10905862
-2.62996221,-3.11420083
-2.64030051,-3.11934066
-2.65061426,-3.12447810
-2.66090226,-3.12961364
-2.67116427,-3.13474727
-2.68139935,-3.13987947
-2.69160724,-3.14500999
-2.70178676,-3.15013957
-2.71193790,-3.15526795
-2.72205949,-3.16039538
-2.73215127,-3.16552234
-2.74221253,-3.17064881
-2.75224233,-3.17577529
-2.76224041,-3.18090153
-2.77220607,-3.18602800
-2.78213835,-3.19115472
-2.79203701,-3.19628215
-2.80190134,-3.20141029
-2.81173062,-3.20653963
-2.82152414,-3.21166992
-2.83128119,-3.21680164
-2.84100151,-3.22193503
-2.85068417,-3.22707009
-2.86032844,-3.23220730
-2.86993408,-3.23734665
-2.87950015,-3.24248815
-2.88902593,-3.24763250
-2.89851093,-3.25277948
-2.90795469,-3.25792956
-2.91735649,-3.26308274
-2.92671537,-3.26823950
-2.93603110,-3.27339959
-2.94530272,-3.27856350
-2.95452976,-3.28373146
-2.96371150,-3.28890371
-2.97284770,-3.29408026
-2.98193717,-3.29926157
-2.99097943,-3.30444741
-2.99997401,-3.30963850
-3.00891995,-3.31483459
-3.01781726,-3.32003617
-3.02666450,-3.32524323
-3.03546166,-3.33045626
-3.04420781,-3.33567500
-3.05290222,-3.34090018
-3.06154442,-3.34613180
-3.07013392,-3.35136986
-3.07866979,-3.35661483
-3.08715153,-3.36186671
-3.09557843,-3.36712575
-3.10395002,-3.37239242
-3.11226559,-3.37766647
-3.12052441,-3.38294840
-3.12872577,-3.38823843
-3.13686943,-3.39353657
-3.14495420,-3.39884305
-3.15297985,-3.40415812
-3.16094565,-3.40948224
-3.16885090,-3.41481519
-3.17669511,-3.42015743
-3.18447757,-3.42550898
-3.19219732,-3.43087006
-3.19985437,-3.43624115
-3.20744753,-3.44162202
-3.21497631,-3.44701338
-3.22244024,-3.45241499
-3.22983837,-3.45782709
-3.23717046,-3.46325016
-3.24443579,-3.46868420
-3.25163341,-3.47412968
-3.25876284,-3.47958636
-3.26582360,-3.48505449
-3.27281499,-3.49053478
-3.27973604,-3.49602675
-3.28658676,-3.50153112
-3.29336596,-3.50704789
-3.30007315,-3.51257730
-3.30670786,-3.51811957
-3.31326914,-3.52367473
-3.31975675,-3.52924323
-3.32616973,-3.53482509
-3.33250761,-3.54042053
-3.33876967,-3.54602981
-3.34495521,-3.55165315
-3.35106373,-3.55729079
-3.35709453,-3.56294274
-3.36304712,-3.56860948
-3.36892080,-3.57429075
-3.37471461,-3.57998729
-3.38042855,-3.58569884
-3.38606119,-3.59142613
-3.39161253,-3.59716868
-3.39708185,-3.60292745
-3.40246820,-3.60870194
-3.40777111,-3.61449265
-3.41299009,-3.62030005
-3.41812420,-3.62612391
-3.42317295,-3.63196468
-3.42813587,-3.63782239
-3.43301225,-3.64369726
-3.43780112,-3.64958978
-3.44250226,-3.65549970
-3.44711494,-3.66142750
-3.45163846,-3.66737342
-3.45607209,-3.67333770
-3.46041536,-3.67932034
-3.46466756,-3.68532133
-3.46882796,-3.69134140
-3.47289610,-3.69738054
-3.47687125,-3.70343900
-3.48075271,-3.70951676
-3.48453999,-3.71561408
-3.48823237,-3.72173142
-3.49182940,-3.72786856
-3.49533010,-3.73402619
-3.49873400,-3.74020410
-3.50204062,-3.74640274
-3.50524902,-3.75262213
-3.50835872,-3.75886273
-3.51136923,-3.76512432
-3.51427960,-3.77140760
-3.51708937,-3.77771235
-3.51979780,-3.78403902
-3.52240443,-3.79038787
-3.52490878,-3.79675889
-3.52730966,-3.80315232
-3.52960682,-3.80956841
-3.53179955,-3.81600714
-3.53388715,-3.82246923
-3.53586912,-3.82895446
-3.53774476,-3.83546305
-3.53951359,-3.84199548
-3.54117465,-3.84855151
-3.54272723,-3.85513186
-3.54417109,-3.86173630
-3.54550552,-3.86836529
-3.54672980,-3.87501884
-3.54784322,-3.88169718
-3.54884505,-3.88840079
-3.54973507,-3.89512944
-3.55051231,-3.90188384
-3.55117655,-3.90866351
-3.55172873,-3.91546869
-3.55216956,-3.92229915
-3.55249977,-3.92915487
-3.55272007,-3.93603563
-3.55283117,-3.94294119
-3.55283427,-3.94987154
-3.55272961,-3.95682669
-3.55251813,-3.96380615
-3.55220103,-3.97081017
-3.55177832,-3.97783828
-3.55125141,-3.98489070
-3.55062079,-3.99196696
-3.54988718,-3.99906731
-3.54905152,-4.00619125
-3.54811454,-4.01333857
-3.54707718,-4.02050972
-3.54593968,-4.02770424
-3.54470325,-4.03492165
-3.54336858,-4.04216242
-3.54193664,-4.04942608
-3.54040766,-4.05671263
-3.53878284,-4.06402159
-3.53706288,-4.07135344
-3.53524876,-4.07870722
-3.53334069,-4.08608389
-3.53133988,-4.09348249
-3.52924705,-4.10090303
-3.52706289,-4.10834551
-3.52478814,-4.11580992
-3.52242374,-4.12329578
-3.51997018,-4.13080359
-3.51742864,-4.13833237
-3.51479936,-4.14588261
-3.51208377,-4.15345383
-3.50928211,-4.16104603
-3.50639534,-4.16865921
-3.50342417,-4.17629337
-3.50036955,-4.18394756
-3.49723196,-4.19162273
-3.49401236,-4.19931793
-3.49071169,-4.20703363
-3.48733044,-4.21476936
-3.48386931,-4.22252464
-3.48032951,-4.23029995
-3.47671151,-4.23809528
-3.47301602,-4.24590969
-3.46924376,-4.25374413
-3.46539593,-4.26159763
-3.46147299,-4.26947021
-3.45747566,-4.27736139
-3.45340466,-4.28527212
-3.44926119,-4.29320145
-3.44504547,-4.30114937
-3.44075871,-4.30911589
-3.43640137,-4.31710100
-3.43197465,-4.32510376
-3.42747879,-4.33312511
-3.42291474,-4.34116459
-3.41828346,-4.34922171
-3.41358566,-4.35729647
-3.40882206,-4.36538887
-3.40399337,-4.37349892
-3.39910030,-4.38162613
-3.39414406,-4.38977098
-3.38912487,-4.39793253
-3.38404369,-4.40611124
-3.37890148,-4.41430664
-3.37369895,-4.42251873
-3.36843657,-4.43074703
-3.36311555,-4.43899250
-3.35773635,-4.44725370
-3.35229993,-4.45553112
-3.34680676,-4.46382475
-3.34125805,-4.47213459
-3.33565426,-4.48045969
-3.32999635,-4.48880100
-3.32428479,-4.49715710
-3.31852078,-4.50552940
-3.31270480,-4.51391649
-3.30683756,-4.52231884
-3.30092025,-4.53073597
-3.29495311,-4.53916788
-3.28893733,-4.54761505
-3.28287339,-4.55607653
-3.27676225,-4.56455231
-3.27060485,-4.57304287
-3.26440144,-4.58154726
-3.25815320,-4.59006596
-3.25186062,-4.59859848
-3.24552488,-4.60714483
-3.23914647,-4.61570501
-3.23272610,-4.62427902
-3.22626472,-4.63286591
-3.21976304,-4.64146662
-3.21322179,-4.65008020
-3.20664191,-4.65870667
-3.20002389,-4.66734600
-3.19336867,-4.67599869
-3.18667698,-4.68466377
-3.17994976,-4.69334126
-3.17318749,-4.70203114
-3.16639137,-4.71073341
-3.15956163,-4.71944761
-3.15269947,-4.72817373
-3.14580536,-4.73691225
-3.13888025,-4.74566221
-3.13192487,-4.75442362
-3.12494016,-4.76319647
-3.11792660,-4.77198124
-3.11088514,-4.78077650
-3.10381651,-4.78958321
-3.09672141,-4.79840088
-3.08960080,-4.80722952
-3.08245516,-4.81606865
-3.07528567,-4.82491827
-3.06809258,-4.83377838
-3.06087732,-4.84264898
-3.05364013,-4.85152960
-3.04638171,-4.86042023
-3.03910351,-4.86932087
-3.03180552,-4.87823153
-3.02448916,-4.88715172
-3.01715469,-4.89608097
-3.00980306,-4.90502024
-3.00243521,-4.91396856
-2.99505162,-4.92292595
-2.98765349,-4.93189240
-2.98024106,-4.94086742
-2.97281551,-4.94985151
-2.96537757,-4.95884418
-2.95792770,-4.96784496
-2.95046711,-4.97685480
-2.94299603,-4.98587227
-2.93551588,-4.99489832
-2.92802691,-5.00393200
-2.92053008,-5.01297331
-2.91302633,-5.02202272
-2.90551615,-5.03107929
-2.89800048,-5.04014397
-2.89048004,-5.04921532
-2.88295555,-5.05829430
-2.87542796,-5.06737995
-2.86789775,-5.07647276
-2.86036611,-5.08557224
-2.85283327,-5.09467840
-2.84530067,-5.10379076
-2.83776855,-5.11291027
-2.83023763,-5.12203550
-2.82270908,-5.13116693
-2.81518364,-5.14030457
-2.80766177,-5.14944792
-2.80014443,-5.15859699
-2.79263234,-5.16775179
-2.78512645,-5.17691183
-2.77762723,-5.18607759
-2.77013564,-5.19524813
-2.76265264,-5.20442390
-2.75517845,-5.21360493
-2.74771428,-5.22279072
-2.74026108,-5.23198080
-2.73281908,-5.24117565
-2.72538924,-5.25037527
-2.71797252,-5.25957870
-2.71056962,-5.26878691
-2.70318127,-5.27799892
-2.69580817,-5.28721476
-2.68845129,-5.29643440
-2.68111110,-5.30565739
-2.67378879,-5.31488419
-2.66648483,-5.32411432
-2.65919995,-5.33334780
-2.65193510,-5.34258461
-2.64469099,-5.35182428
-2.63746834,-5.36106682
-2.63026810,-5.37031174
-2.62309074,-5.37955999
-2.61593723,-5.38881016
-2.60880852,-5.39806271
-2.60170507,-5.40731764
-2.59462762,-5.41657495
-2.58757734,-5.42583370
-2.58055449,-5.43509436
-2.57356024,-5.44435692
-2.56659532,-5.45362091
-2.55966020,-5.46288681
-2.55275607,-5.47215366
-2.54588342,-5.48142147
-2.53904295,-5.49069071
-2.53223562,-5.49996042
-2.52546239,-5.50923109
-2.51872373,-5.51850271
-2.51202035,-5.52777481
-2.50535321,-5.53704691
-2.49872303,-5.54631948
-2.49213052,-5.55559254
-2.48557663,-5.56486511
-2.47906208,-5.57413769
-2.47258735,-5.58341026
-2.46615362,-5.59268236
-2.45976162,-5.60195398
-2.45341182,-5.61122465
-2.44710517,-5.62049484
-2.44084239,-5.62976408
-2.43462443,-5.63903189
-2.42845178,-5.64829922
-2.42232537,-5.65756464
-2.41624618,-5.66682911
-2.41021442,-5.67609167
-2.40423155,-5.68535280
-2.39829779,-5.69461203
-2.39241433,-5.70386887
-2.38658166,-5.71312428
-2.38080049,-5.72237730
-2.37507176,-5.73162794
-2.36939645,-5.74087572
-2.36377478,-5.75012159
-2.35820818,-5.75936413
-2.35269690,-5.76860428
-2.34724188,-5.77784109
-2.34184384,-5.78707504
-2.33650374,-5.79630566
-2.33122230,-5.80553293
-2.32600021,-5.81475639
-2.32083821,-5.82397652
-2.31573725,-5.83319283
-2.31069779,-5.84240532
-2.30572081,-5.85161352
-2.30080724,-5.86081743
-2.29595757,-5.87001753
-2.29117250,-5.87921286
-2.28645325,-5.88840389
-2.28180027,-5.89759016
-2.27721429,-5.90677166
-2.27269626,-5.91594791
-2.26824665,-5.92511940
-2.26386666,-5.93428564
-2.25955701,-5.94344616
-2.25531816,-5.95260143
-2.25115085,-5.96175146
-2.24705625,-5.97089529
-2.24303508,-5.98003340
-2.23908782,-5.98916578
-2.23521519,-5.99829149
-2.23141837,-6.00741148
-2.22769785,-6.01652479
-2.22405457,-6.02563190
-2.22048903,-6.03473186
-2.21700239,-6.04382563
-2.21359515,-6.05291224
-2.21026802,-6.06199169
-2.20702195,-6.07106400
-2.20385766,-6.08012915
-2.20077586,-6.08918667
-2.19777751,-6.09823704
-2.19486308,-6.10727930
-2.19203377,-6.11631393
-2.18929005,-6.12534046
-2.18663263,-6.13435936
-2.18406224,-6.14336967
-2.18158007,-6.15237188
-2.17918658,-6.16136551
-2.17688251,-6.17035007
-2.17466879,-6.17932653
-2.17254615,-6.18829393
-2.17051530,-6.19725227
-2.16857719,-6.20620155
-2.16673231,-6.21514177
-2.16498137,-6.22407246
-2.16332555,-6.23299360
-2.16176534,-6.24190521
-2.16030169,-6.25080681
-2.15893531,-6.25969839
-2.15766692,-6.26858044
-2.15649724,-6.27745199
-2.15542698,-6.28631353
-2.15445733,-6.29516411
-2.15358806,-6.30400467
-2.15281892,-6.31283474
-2.15214944,-6.32165432
-2.15157866,-6.33046389
-2.15110660,-6.33926296
-2.15073252,-6.34805202
-2.15045571,-6.35683060
-2.15027571,-6.36559963
-2.15019178,-6.37435865
-2.15020370,-6.38310766
-2.15031075,-6.39184666
-2.15051246,-6.40057611
-2.15080810,-6.40929556
-2.15119720,-6.41800547
-2.15167952,-6.42670584
-2.15225387,-6.43539715
-2.15292025,-6.44407845
-2.15367794,-6.45275068
-2.15452623,-6.46141338
-2.15546489,-6.47006702
-2.15649295,-6.47871113
-2.15761018,-6.48734617
-2.15881610,-6.49597263
-2.16010976,-6.50458956
-2.16149092,-6.51319790
-2.16295886,-6.52179718
-2.16451335,-6.53038788
-2.16615343,-6.53896999
-2.16787887,-6.54754305
-2.16968894,-6.55610752
-2.17158294,-6.56466341
-2.17356062,-6.57321119
-2.17562151,-6.58175039
-2.17776465,-6.59028101
-2.17998981,-6.59880400
-2.18229628,-6.60731792
-2.18468332,-6.61582422
-2.18715096,-6.62432241
-2.18969822,-6.63281250
-2.19232440,-6.64129496
-2.19502950,-6.64976883
-2.19781256,-6.65823555
-2.20067286,-6.66669416
-2.20361042,-6.67514515
-2.20662427,-6.68358850
-2.20971394,-6.69202471
-2.21287894,-6.70045280
-2.21611857,-6.70887375
-2.21943259,-6.71728754
-2.22282004,-6.72569370
-2.22628069,-6.73409271
-2.22981381,-6.74248457
-2.23341894,-6.75086927
-2.23709559,-6.75924683
-2.24084306,-6.76761770
-2.24466085,-6.77598143
-2.24854827,-6.78433847
-2.25250506,-6.79268885
-2.25653052,-6.80103254
-2.26062417,-6.80936909
-2.26478529,-6.81769943
-2.26901340,-6.82602310
-2.27330804,-6.83434057
-2.27766848,-6.84265137
-2.28209448,-6.85095596
-2.28658509,-6.85925436
-2.29114008,-6.86754656
-2.29575872,-6.87583256
-2.30044055,-6.88411283
-2.30518508,-6.89238691
-2.30999160,-6.90065479
-2.31485963,-6.90891695
-2.31978846,-6.91717339
-2.32477784,-6.92542410
-2.32982707,-6.93366909
-2.33493543,-6.94190836
-2.34010267,-6.95014238
-2.34532809,-6.95837069
-2.35061121,-6.96659374
-2.35595131,-6.97481155
-2.36134815,-6.98302364
-2.36680079,-6.99123096
-2.37230897,-6.99943304
-2.37787199,-7.00762987
-2.38348937,-7.01582193
-2.38916039,-7.02400875
-2.39488482,-7.03219080
-2.40066171,-7.04036808
-2.40649104,-7.04854059
-2.41237164,-7.05670834
-2.41830349,-7.06487131
-2.42428565,-7.07302999
-2.43031788,-7.08118391
-2.43639922,-7.08933401
-2.44252968,-7.09747934
-2.44870830,-7.10561991
-2.45493460,-7.11375713
-2.46120811,-7.12188959
-2.46752810,-7.13001823
-2.47389436,-7.13814259
-2.48030591,-7.14626312
-2.48676252,-7.15437937
-2.49326348,-7.16249228
-2.49980831,-7.17060137
-2.50639653,-7.17870665
-2.51302743,-7.18680811
-2.51970053,-7.19490623
-2.52641535,-7.20300055
-2.53317118,-7.21109152
-2.53996778,-7.21917915
-2.54680419,-7.22726345
-2.55367994,-7.23534441
-2.56059480,-7.24342251
-2.56754780,-7.25149727
-2.57453871,-7.25956869
-2.58156681,-7.26763773
-2.58863139,-7.27570343
-2.59573245,-7.28376627
-2.60286880,-7.29182625
-2.61004043,-7.29988384
-2.61724639,-7.30793810
-2.62448645,-7.31599045
-2.63175964,-7.32403994
-2.63906574,-7.33208704
-2.64640427,-7.34013176
-2.65377426,-7.34817362
-2.66117549,-7.35621405
-2.66860747,-7.36425161
-2.67606950,-7.37228727
-2.68356085,-7.38032103
-2.69108129,-7.38835239
-2.69863033,-7.39638186
-2.70620704,-7.40440941
-2.71381092,-7.41243553
-2.72144175,-7.42045975
-2.72909880,-7.42848206
-2.73678136,-7.43650293
-2.74448919,-7.44452190
-2.75222135,-7.45253944
-2.75997758,-7.46055603
-2.76775742,-7.46857071
-2.77556014,-7.47658443
-2.78338504,-7.48459673
-2.79123187,-7.49260807
-2.79909992,-7.50061798
-2.80698848,-7.50862694
-2.81489730,-7.51663542
-2.82282567,-7.52464247
-2.83077312,-7.53264856
-2.83873916,-7.54065418
-2.84672308,-7.54865885
-2.85472441,-7.55666304
-2.86274242,-7.56466675
-2.87077665,-7.57266998
-2.87882686,-7.58067226
-2.88689208,-7.58867455
-2.89497209,-7.59667635
-2.90306592,-7.60467815
-2.91117334,-7.61267948
-2.91929388,-7.62068081
-2.92742682,-7.62868214
-2.93557143,-7.63668299
-2.94372749,-7.64468431
-2.95189428,-7.65268564
-2.96007133,-7.66068745
-2.96825790,-7.66868925
-2.97645378,-7.67669153
-2.98465800,-7.68469381
-2.99287033,-7.69269705
-3.00109029,-7.70070076
-3.00931692,-7.70870447
-3.01754999,-7.71670961
-3.02578878,-7.72471476
-3.03403282,-7.73272133
-3.04228163,-7.74072838
-3.05053449,-7.74873638
-3.05879116,-7.75674534
-3.06705070,-7.76475573
-3.07531285,-7.77276659
-3.08357668,-7.78077888
-3.09184217,-7.78879261
-3.10010839,-7.79680729
-3.10837483,-7.80482388
-3.11664104,-7.81284142
-3.12490654,-7.82086039
-3.13317037,-7.82888126
-3.14143252,-7.83690357
-3.14969230,-7.84492779
-3.15794873,-7.85295343
-3.16620183,-7.86098099
-3.17445087,-7.86901045
-3.18269491,-7.87704229
-3.19093394,-7.88507557
-3.19916725,-7.89311123
-3.20739412,-7.90114880
-3.21561408,-7.90918875
-3.22382665,-7.91723108
-3.23203111,-7.92527580
-3.24022722,-7.93332243
-3.24841404,-7.94137192
-3.25659132,-7.94942379
-3.26475859,-7.95747852
-3.27291489,-7.96553564
-3.28105974,-7.97359562
-3.28919291,-7.98165846
-3.29731393,-7.98972416
-3.30542159,-7.99779272
-3.31351590,-8.00586414
-3.32159615,-8.01393890
-3.32966185,-8.02201653
-3.33771253,-8.03009796
-3.34574723,-8.03818226
-3.35376573,-8.04626942
-3.36176753,-8.05436039
-3.36975169,-8.06245518
-3.37771821,-8.07055283
-3.38566613,-8.07865429
-3.39359522,-8.08675957
-3.40150452,-8.09486866
-3.40939379,-8.10298061
-3.41726232,-8.11109734
-3.42510962,-8.11921787
-3.43293524,-8.12734222
-3.44073844,-8.13547039
-3.44851875,-8.14360332
-3.45627570,-8.15174007
-3.46400881,-8.15988064
-3.47171712,-8.16802597
-3.47940040,-8.17617512
-3.48705816,-8.18432903
-3.49468970,-8.19248772
-3.50229430,-8.20065117
-3.50987196,-8.20881844
-3.51742148,-8.21699047
-3.52494264,-8.22516823
-3.53243494,-8.23334980
-3.53989768,-8.24153614
-3.54733038,-8.24972820
-3.55473256,-8.25792503
-3.56210351,-8.26612663
-3.56944275,-8.27433395
-3.57674980,-8.28254604
-3.58402395,-8.29076385
-3.59126472,-8.29898643
-3.59847164,-8.30721474
-3.60564423,-8.31544876
-3.61278176,-8.32368755
-3.61988354,-8.33193207
-3.62694931,-8.34018326
-3.63397837,-8.34843922
-3.64097023,-8.35670090
-3.64792442,-8.36496925
-3.65484023,-8.37324333
-3.66171694,-8.38152313
-3.66855454,-8.38980865
-3.67535210,-8.39810085
-3.68210888,-8.40639877
-3.68882489,-8.41470337
-3.69549918,-8.42301369
-3.70213127,-8.43133068
-3.70872045,-8.43965435
-3.71526647,-8.44798470
-3.72176886,-8.45632172
-3.72822666,-8.46466446
-3.73463941,-8.47301483
-3.74100685,-8.48137188
-3.74732828,-8.48973560
-3.75360298,-8.49810600
-3.75983047,-8.50648308
-3.76601052,-8.51486778
-3.77214217,-8.52325916
-3.77822495,-8.53165817
-3.78425837,-8.54006481
-3.79024196,-8.54847813
-3.79617500,-8.55689812
-3.80205727,-8.56532669
-3.80788779,-8.57376194
-3.81366611,-8.58220577
-3.81939197,-8.59065628
-3.82506466,-8.59911442
-3.83068323,-8.60758114
-3.83624792,-8.61605549
-3.84175754,-8.62453747
-3.84721160,-8.63302708
-3.85260987,-8.64152431
-3.85795164,-8.65003109
-3.86323619,-8.65854454
-3.86846304,-8.66706753
-3.87363195,-8.67559814
-3.87874198,-8.68413639
-3.88379288,-8.69268417
-3.88878393,-8.70123959
-3.89371443,-8.70980453
-3.89858413,-8.71837711
-3.90339231,-8.72695827
-3.90813828,-8.73554897
-3.91282177,-8.74414825
-3.91744232,-8.75275612
-3.92199898,-8.76137352
-3.92649150,-8.76999855
-3.93091893,-8.77863407
-3.93528128,-8.78727818
-3.93957782,-8.79593086
-3.94380760,-8.80459404
-3.94797063,-8.81326580
-3.95206594,-8.82194710
-3.95609331,-8.83063698
-3.96005201,-8.83933735
-3.96394134,-8.84804726
-3.96776104,-8.85676670
-3.97151041,-8.86549568
-3.97518897,-8.87423420
-3.97879601,-8.88298321
-3.98233104,-8.89174175
-3.98579359,-8.90051079
-3.98918319,-8.90928936
-3.99249911,-8.91807747
-3.99574089,-8.92687607
-3.99890780,-8.93568516
-4.00199938,-8.94450474
-4.00501537,-8.95333481
-4.00795507,-8.96217442
-4.01081753,-8.97102547
-4.01360273,-8.97988701
-4.01630974,-8.98875809
-4.01893806,-8.99764061
-4.02148771,-9.00653362
-4.02395725,-9.01543808
-4.02634668,-9.02435303
-4.02865505,-9.03327847
-4.03088236,-9.04221535
-4.03302813,-9.05116367
-4.03509092,-9.06012249
-4.03707075,-9.06909275
-4.03896713,-9.07807446
-4.04077959,-9.08706760
-4.04250717,-9.09607220
-4.04414940,-9.10508728
-4.04570627,-9.11411476
-4.04717684,-9.12315369
-4.04856014,-9.13220406
-4.04985666,-9.14126682
-4.05106544,-9.15034008
-4.05218744,-9.15942478
-4.05322313,-9.16852093
-4.05417204,-9.17762756
-4.05503511,-9.18674374
-4.05581236,-9.19587040
-4.05650425,-9.20500755
-4.05711079,-9.21415329
-4.05763245,-9.22330761
-4.05806923,-9.23247242
-4.05842209,-9.24164486
-4.05869055,-9.25082493
-4.05887556,-9.26001358
-4.05897665,-9.26921082
-4.05899477,-9.27841473
-4.05893040,-9.28762531
-4.05878305,-9.29684353
-4.05855322,-9.30606747
-4.05824137,-9.31529808
-4.05784798,-9.32453442
-4.05737305,-9.33377743
-4.05681705,-9.34302425
-4.05618000,-9.35227776
-4.05546188,-9.36153507
-4.05466413,-9.37079716
-4.05378628,-9.38006306
-4.05282831,-9.38933372
-4.05179119,-9.39860725
-4.05067444,-9.40788460
-4.04947948,-9.41716480
-4.04820538,-9.42644787
-4.04685307,-9.43573284
-4.04542303,-9.44502068
-4.04391479,-9.45431042
-4.04232931,-9.46360207
-4.04066658,-9.47289467
-4.03892708,-9.48218822
-4.03711128,-9.49148273
-4.03521872,-9.50077724
-4.03325033,-9.51007175
-4.03120613,-9.51936722
-4.02908659,-9.52866077
-4.02689171,-9.53795528
-4.02462196,-9.54724789
-4.02227783,-9.55653858
-4.01985931,-9.56582928
-4.01736689,-9.57511711
-4.01480055,-9.58440208
-4.01216078,-9.59368610
-4.00944805,-9.60296631
-4.00666237,-9.61224365
-4.00380373,-9.62151814
-4.00087357,-9.63078880
-3.99787068,-9.64005566
-3.99479651,-9.64931870
-3.99165058,-9.65857601
-3.98843384,-9.66782951
-3.98514605,-9.67707825
-3.98178768,-9.68632126
-3.97835922,-9.69555855
-3.97486067,-9.70478916
-3.97129226,-9.71401501
-3.96765471,-9.72323322
-3.96394777,-9.73244476
-3.96017218,-9.74164963
-3.95632792,-9.75084686
-3.95241523,-9.76003742
-3.94843483,-9.76921844
-3.94438648,-9.77839184
-3.94027090,-9.78755665
-3.93608832,-9.79671288
-3.93183875,-9.80586052
-3.92752242,-9.81499767
-3.92314005,-9.82412529
-3.91869164,-9.83324337
-3.91417766,-9.84235096
-3.90959811,-9.85144806
-3.90495372,-9.86053467
-3.90024424,-9.86960983
-3.89547038,-9.87867355
-3.89063215,-9.88772488
-3.88572979,-9.89676476
-3.88076401,-9.90579224
-3.87573481,-9.91480732
-3.87064242,-9.92380905
-3.86548734,-9.93279839
-3.86026955,-9.94177341
-3.85498953,-9.95073509
-3.84964752,-9.95968342
-3.84424400,-9.96861649
-3.83877897,-9.97753525
-3.83325291,-9.98643875
-3.82766604,-9.99532700
-3.82201862,-10.00419998
-3.81631112,-10.01305771
-3.81054354,-10.02189827
-3.80471611,-10.03072357
-3.79882956,-10.03953171
-3.79288387,-10.04832268
-3.78687930,-10.05709648
-3.78081608,-10.06585312
-3.77469492,-10.07459164
-3.76851559,-10.08331203
-3.76227880,-10.09201431
-3.75598454,-10.10069752
-3.74963331,-10.10936165
-3.74322510,-10.11800671
-3.73676038,-10.12663269
-3.73023963,-10.13523865
-3.72366285,-10.14382362
-3.71703053,-10.15238953
-3.71034265,-10.16093349
-3.70359969,-10.16945648
-3.69680214,-10.17795944
-3.68994999,-10.18643951
-3.68304372,-10.19489861
-3.67608333,-10.20333481
-3.66906953,-10.21174908
-3.66200209,-10.22014046
-3.65488172,-10.22850800
-3.64770865,-10.23685360
-3.64048314,-10.24517441
-3.63320518,-10.25347233
-3.62587547,-10.26174545
-3.61849427,-10.26999378
-3.61106157,-10.27821732
-3.60357785,-10.28641605
-3.59604335,-10.29459000
-3.58845830,-10.30273819
-3.58082318,-10.31085968
-3.57313800,-10.31895542
-3.56540322,-10.32702446
-3.55761933,-10.33506680
-3.54978609,-10.34308243
-3.54190421,-10.35106945
-3.53397393,-10.35902977
-3.52599549,-10.36696243
-3.51796913,-10.37486649
-3.50989509,-10.38274193
-3.50177360,-10.39058781
-3.49360538,-10.39840508
-3.48539019,-10.40619373
-3.47712851,-10.41395187
-3.46882081,-10.42168045
-3.46046710,-10.42937756
-3.45206785,-10.43704510
-3.44362330,-10.44468212
-3.43513370,-10.45228767
-3.42659926,-10.45986080
-3.41802049,-10.46740341
-3.40939736,-10.47491360
-3.40073061,-10.48239136
-3.39202023,-10.48983669
-3.38326645,-10.49724865
-3.37446952,-10.50462818
-3.36563015,-10.51197338
-3.35674810,-10.51928520
-3.34782410,-10.52656364
-3.33885813,-10.53380680
-3.32985044,-10.54101562
-3.32080150,-10.54818916
-3.31171179,-10.55532837
-3.30258107,-10.56243134
-3.29341006,-10.56949902
-3.28419876,-10.57653046
-3.27494788,-10.58352470
-3.26565719,-10.59048271
-3.25632715,-10.59740448
-3.24695826,-10.60428810
-3.23755074,-10.61113453
-3.22810459,-10.61794376
-3.21862030,-10.62471390
-3.20909834,-10.63144588
-3.19953871,-10.63813972
-3.18994164,-10.64479351
-3.18030787,-10.65140915
-3.17063713,-10.65798473
-3.16093016,-10.66452026
-3.15118694,-10.67101574
-3.14140797,-10.67747116
-3.13159323,-10.68388557
-3.12174344,-10.69025898
-3.11185861,-10.69659042
-3.10193920,-10.70288086
-3.09198523,-10.70912933
-3.08199716,-10.71533585
-3.07197523,-10.72150040
-3.06191969,-10.72762108
-3.05183101,-10.73369884
-3.04170918,-10.73973370
-3.03155494,-10.74572468
-3.02136803,-10.75167179
-3.01114917,-10.75757504
-3.00089836,-10.76343346
-2.99061608,-10.76924706
-2.98030257,-10.77501583
-2.96995807,-10.78073883
-2.95958304,-10.78641701
-2.94917750,-10.79204845
-2.93874168,-10.79763412
-2.92827630,-10.80317211
-2.91778111,-10.80866432
-2.90725684,-10.81410980
-2.89670372,-10.81950665
-2.88612175,-10.82485676
-2.87551141,-10.83015823
-2.86487293,-10.83541203
-2.85420680,-10.84061718
-2.84351301,-10.84577370
-2.83279204,-10.85088062
-2.82204413,-10.85593796
-2.81126952,-10.86094570
-2.80046868,-10.86590385
-2.78964162,-10.87081146
-2.77878881,-10.87566853
-2.76791048,-10.88047409
-2.75700688,-10.88522911
-2.74607825,-10.88993263
-2.73512506,-10.89458370
-2.72414756,-10.89918327
-2.71314597,-10.90373135
-2.70212054,-10.90822601
-2.69107151,-10.91266727
-2.67999935,-10.91705608
-2.66890430,-10.92139149
-2.65778661,-10.92567253
-2.64664650,-10.92989922
-2.63548470,-10.93407345
-2.62430215,-10.93819427
-2.61309981,-10.94226360
-2.60187864,-10.94628143
-2.59063935,-10.95024967
-2.57938313,-10.95416927
-2.56811094,-10.95804024
-2.55682349,-10.96186447
-2.54552174,-10.96564293
-2.53420663,-10.96937561
-2.52287936,-10.97306347
-2.51154065,-10.97670841
-2.50019121,-10.98031044
-2.48883247,-10.98387146
-2.47746491,-10.98739243
-2.46608996,-10.99087238
-2.45470810,-10.99431419
-2.44332027,-10.99771881
-2.43192768,-11.00108528
-2.42053103,-11.00441647
-2.40913153,-11.00771236
-2.39772987,-11.01097488
-2.38632703,-11.01420403
-2.37492394,-11.01740074
-2.36352181,-11.02056599
-2.35212111,-11.02370071
-2.34072280,-11.02680588
-2.32932830,-11.02988243
-2.31793809,-11.03293228
-2.30655336,-11.03595543
-2.29517508,-11.03895187
-2.28380370,-11.04192448
-2.27244067,-11.04487228
-2.26108694,-11.04779816
-2.24974298,-11.05070114
-2.23841023,-11.05358315
-2.22708917,-11.05644608
-2.21578097,-11.05928898
-2.20448661,-11.06211376
-2.19320703,-11.06492043
-2.18194318,-11.06771183
-2.17069578,-11.07048702
-2.15946603,-11.07324791
-2.14825463,-11.07599545
-2.13706255,-11.07872963
-2.12589073,-11.08145237
-2.11474037,-11.08416462
-2.10361195,-11.08686638
-2.09250689,-11.08955956
-2.08142591,-11.09224510
-2.07036972,-11.09492302
-2.05933952,-11.09759426
-2.04833627,-11.10026073
-2.03736067,-11.10292339
-2.02641368,-11.10558224
-2.01549649,-11.10823822
-2.00461006,-11.11089325
-1.99375498,-11.11354733
-1.98293233,-11.11620235
-1.97214305,-11.11885738
-1.96138823,-11.12151623
-1.95066857,-11.12417698
-1.93998504,-11.12684250
-1.92933869,-11.12951279
-1.91873050,-11.13218880
-1.90816116,-11.13487148
-1.89763176,-11.13756275
-1.88714325,-11.14026165
-1.87669659,-11.14297104
-1.86629260,-11.14569092
-1.85593224,-11.14842224
-1.84561646,-11.15116501
-1.83534622,-11.15392208
-1.82512248,-11.15669346
-1.81494617,-11.15948009
-1.80481803,-11.16228294
-1.79473925,-11.16510296
-1.78471065,-11.16794109
-1.77473319,-11.17079735
-1.76480782,-11.17367363
-1.75493538,-11.17657185
-1.74511695,-11.17949104
-1.73535323,-11.18243217
-1.72564542,-11.18539810
-1.71599436,-11.18838787
-1.70640087,-11.19140339
-1.69686604,-11.19444561
-1.68739069,-11.19751453
-1.67797589,-11.20061207
-1.66862237,-11.20373917
-1.65933132,-11.20689583
-1.65010345,-11.21008301
-1.64093971,-11.21330357
-1.63184118,-11.21655560
-1.62280869,-11.21984291
-1.61384320,-11.22316360
-1.60494566,-11.22652054
-1.59611702,-11.22991467
-1.58735812,-11.23334599
-1.57866991,-11.23681545
-1.57005346,-11.24032497
-1.56150961,-11.24387455
-1.55303919,-11.24746513
-1.54464328,-11.25109863
-1.53632283,-11.25477409
-1.52807868,-11.25849438
-1.51991177,-11.26226044
-1.51182306,-11.26607132
-1.50381351,-11.26992989
-1.49588406,-11.27383518
-1.48803556,-11.27779007
-1.48026896,-11.28179455
-1.47258532,-11.28584957
-1.46498537,-11.28995609
-1.45747030,-11.29411507
-1.45004082,-11.29832745
-1.44269788,-11.30259323
-1.43544257,-11.30691528
-1.42827570,-11.31129360
-1.42119825,-11.31572914
-1.41421103,-11.32022190
-1.40731525,-11.32477379
-1.40051162,-11.32938671
-1.39380109,-11.33405876
-1.38718462,-11.33879375
-1.38066316,-11.34359169
-1.37423766,-11.34845257
-1.36790907,-11.35337830
-1.36167824,-11.35836887
-1.35554612,-11.36342621
-1.34951365,-11.36855125
-1.34358191,-11.37374496
-1.33775163,-11.37900734
-1.33202386,-11.38433933
-1.32639945,-11.38974285
-1.32087946,-11.39521885
-1.31546462,-11.40076733
-1.31015611,-11.40638924
-1.30495465,-11.41208649
-1.29986131,-11.41785908
-1.29487693,-11.42370892
-1.29000258,-11.42963600
-1.28523910,-11.43564224
-1.28058732,-11.44172668
-1.27604842,-11.44789219
-1.27162313,-11.45413971
-1.26731241,-11.46046829
-1.26311731,-11.46688080
-1.25903869,-11.47337723
-1.25507736,-11.47995853
-1.25123346,-11.48662472
-1.24750638,-11.49337387
-1.24389553,-11.50020695
-1.24040055,-11.50712204
-1.23702073,-11.51411819
-1.23375559,-11.52119446
-1.23060453,-11.52834988
-1.22756720,-11.53558350
-1.22464287,-11.54289532
-1.22183096,-11.55028343
-1.21913111,-11.55774689
-1.21654260,-11.56528473
-1.21406507,-11.57289696
-1.21169782,-11.58058262
-1.20944035,-11.58833885
-1.20729220,-11.59616756
-1.20525277,-11.60406590
-1.20332146,-11.61203289
-1.20149779,-11.62006950
-1.19978118,-11.62817287
-1.19817114,-11.63634205
-1.19666708,-11.64457798
-1.19526851,-11.65287781
-1.19397485,-11.66124153
-1.19278550,-11.66966915
-1.19170010,-11.67815781
-1.19071794,-11.68670750
-1.18983853,-11.69531727
-1.18906128,-11.70398617
-1.18838573,-11.71271420
-1.18781126,-11.72149849
-1.18733752,-11.73034000
-1.18696368,-11.73923683
-1.18668938,-11.74818897
-1.18651402,-11.75719452
-1.18643701,-11.76625252
-1.18645799,-11.77536297
-1.18657625,-11.78452396
-1.18679130,-11.79373455
-1.18710256,-11.80299568
-1.18750954,-11.81230450
-1.18801165,-11.82166004
-1.18860841,-11.83106232
-1.18929935,-11.84051037
-1.19008362,-11.85000324
-1.19096100,-11.85953999
-1.19193077,-11.86911869
-1.19299257,-11.87874031
-1.19414556,-11.88840199
-1.19538951,-11.89810371
-1.19672370,-11.90784550
-1.19814754,-11.91762447
-1.19966066,-11.92744160
-1.20126247,-11.93729496
-1.20295238,-11.94718361
-1.20472980,-11.95710659
-1.20659423,-11.96706390
-1.20854521,-11.97705364
-1.21058214,-11.98707485
-1.21270442,-11.99712753
-1.21491158,-12.00720978
-1.21720302,-12.01732159
-1.21957827,-12.02746201
-1.22203672,-12.03762913
-1.22457790,-12.04782200
-1.22720122,-12.05804157
-1.22990608,-12.06828499
-1.23269212,-12.07855225
-1.23555863,-12.08884144
-1.23850513,-12.09915352
-1.24153101,-12.10948658
-1.24463582,-12.11983871
-1.24781895,-12.13021088
-1.25107992,-12.14060020
-1.25441813,-12.15100765
-1.25783312,-12.16143036
-1.26132429,-12.17186928
-1.26489103,-12.18232250
-1.26853299,-12.19279003
-1.27224946,-12.20326996
-1.27603984,-12.21376133
-1.27990377,-12.22426319
-1.28384066,-12.23477554
-1.28784990,-12.24529648
-1.29193103,-12.25582600
-1.29608345,-12.26636314
-1.30030656,-12.27690601
-1.30460000,-12.28745365
-1.30896306,-12.29800701
-1.31339526,-12.30856323
-1.31789601,-12.31912231
-1.32246482,-12.32968235
-1.32710123,-12.34024429
-1.33180451,-12.35080624
-1.33657432,-12.36136627
-1.34140992,-12.37192440
-1.34631085,-12.38248062
-1.35127664,-12.39303207
-1.35630667,-12.40357971
-1.36140037,-12.41412163
-1.36655736,-12.42465687
-1.37177682,-12.43518448
-1.37705851,-12.44570446
-1.38240170,-12.45621490
-1.38780582,-12.46671486
-1.39327049,-12.47720432
-1.39879501,-12.48768139
-1.40437901,-12.49814606
-1.41002178,-12.50859737
-1.41572285,-12.51903248
-1.42148161,-12.52945328
-1.42729759,-12.53985691
-1.43317032,-12.55024338
-1.43909907,-12.56061172
-1.44508350,-12.57096100
-1.45112300,-12.58128929
-1.45721686,-12.59159660
-1.46336472,-12.60188293
-1.46956611,-12.61214542
-1.47582018,-12.62238407
-1.48212671,-12.63259888
-1.48848498,-12.64278698
-1.49489450,-12.65294933
-1.50135481,-12.66308403
-1.50786519,-12.67319012
-1.51442516,-12.68326664
-1.52103424,-12.69331360
-1.52769184,-12.70332909
-1.53439748,-12.71331310
-1.54115057,-12.72326374
-1.54795051,-12.73318005
-1.55479681,-12.74306202
-1.56168902,-12.75290871
-1.56862640,-12.76271820
-1.57560861,-12.77249050
-1.58263493,-12.78222466
-1.58970499,-12.79191971
-1.59681809,-12.80157375
-1.60397387,-12.81118679
-1.61117160,-12.82075787
-1.61841083,-12.83028603
-1.62569094,-12.83977032
-1.63301158,-12.84920979
-1.64037204,-12.85860348
-1.64777172,-12.86795139
-1.65521026,-12.87725067
-1.66268706,-12.88650131
-1.67020142,-12.89570332
-1.67775309,-12.90485477
-1.68534124,-12.91395569
-1.69296551,-12.92300415
-1.70062530,-12.93199921
-1.70832002,-12.94093990
-1.71604931,-12.94982719
-1.72381234,-12.95865726
-1.73160887,-12.96743202
-1.73943806,-12.97614861
-1.74729967,-12.98480606
-1.75519288,-12.99340534
-1.76311731,-13.00194359
-1.77107239,-13.01042080
-1.77905762,-13.01883507
-1.78707242,-13.02718735
-1.79511619,-13.03547573
-1.80318832,-13.04369831
-1.81128860,-13.05185604
-1.81941617,-13.05994606
-1.82757056,-13.06796932
-1.83575130,-13.07592392
-1.84395778,-13.08380890
-1.85218942,-13.09162426
-1.86044586,-13.09936714
-1.86872637,-13.10703850
-1.87703049,-13.11463642
-1.88535762,-13.12216091
-1.89370728,-13.12961006
-1.90207899,-13.13698387
-1.91047204,-13.14428043
-1.91888595,-13.15149975
-1.92732024,-13.15864086
-1.93577433,-13.16570187
-1.94424772,-13.17268181
-1.95273972,-13.17958164
-1.96125007,-13.18639851
-1.96977794,-13.19313335
-1.97832286,-13.19978333
-1.98688436,-13.20634842
-1.99546194,-13.21282768
-2.00405478,-13.21922016
-2.01266289,-13.22552490
-2.02128553,-13.23174286
-2.02992296,-13.23787308
-2.03857517,-13.24391651
-2.04724193,-13.24987316
-2.05592346,-13.25574398
-2.06461930,-13.26152992
-2.07332945,-13.26723003
-2.08205414,-13.27284431
-2.09079337,-13.27837467
-2.09954667,-13.28382111
-2.10831404,-13.28918266
-2.11709595,-13.29446125
-2.12589169,-13.29965687
-2.13470149,-13.30476856
-2.14352536,-13.30979919
-2.15236306,-13.31474686
-2.16121483,-13.31961250
-2.17008018,-13.32439709
-2.17895937,-13.32910061
-2.18785238,-13.33372307
-2.19675899,-13.33826542
-2.20567894,-13.34272766
-2.21461272,-13.34710979
-2.22355986,-13.35141277
-2.23252034,-13.35563755
-2.24149442,-13.35978317
-2.25048161,-13.36385059
-2.25948191,-13.36783981
-2.26849556,-13.37175274
-2.27752233,-13.37558746
-2.28656220,-13.37934494
-2.29561496,-13.38302708
-2.30468082,-13.38663292
-2.31375933,-13.39016247
-2.32285094,-13.39361668
-2.33195519,-13.39699554
-2.34107232,-13.40030098
-2.35020185,-13.40353107
-2.35934424,-13.40668774
-2.36849904,-13.40977001
-2.37766623,-13.41277981
-2.38684607,-13.41571617
-2.39603806,-13.41858006
-2.40524244,-13.42137241
-2.41445923,-13.42409229
-2.42368817,-13.42674065
-2.43292928,-13.42931843
-2.44218230,-13.43182468
-2.45144749,-13.43426132
-2.46072459,-13.43662739
-2.47001362,-13.43892384
-2.47931457,-13.44115162
-2.48862720,-13.44330978
-2.49795151,-13.44539928
-2.50728774,-13.44742107
-2.51663542,-13.44937420
-2.52599478,-13.45125961
-2.53536558,-13.45307827
-2.54474783,-13.45483017
-2.55414152,-13.45651627
-2.56354642,-13.45813465
-2.57296276,-13.45968819
-2.58239031,-13.46117687
-2.59182882,-13.46259975
-2.60127878,-13.46395779
-2.61073947,-13.46525192
-2.62021136,-13.46648216
-2.62969398,-13.46764755
-2.63918757,-13.46875095
-2.64869213,-13.46979141
-2.65820718,-13.47076893
-2.66773319,-13.47168350
-2.67726970,-13.47253704
-2.68681669,-13.47332954
-2.69637442,-13.47406006
-2.70594263,-13.47473049
-2.71552110,-13.47533989
-2.72511005,-13.47588921
-2.73470926,-13.47637939
-2.74431872,-13.47680950
-2.75393820,-13.47718048
-2.76356792,-13.47749329
-2.77320790,-13.47774792
-2.78285766,-13.47794437
-2.79251742,-13.47808361
-2.80218697,-13.47816563
-2.81186652,-13.47819042
-2.82155585,-13.47815895
-2.83125496,-13.47807121
-2.84096360,-13.47792721
-2.85068178,-13.47772789
-2.86040974,-13.47747421
-2.87014699,-13.47716522
-2.87989378,-13.47680187
-2.88964987,-13.47638416
-2.89941525,-13.47591400
-2.90918994,-13.47538948
-2.91897392,-13.47481251
-2.92876697,-13.47418213
-2.93856907,-13.47350025
-2.94838023,-13.47276592
-2.95820045,-13.47198105
-2.96802950,-13.47114468
-2.97786736,-13.47025681
-2.98771429,-13.46931934
-2.99756956,-13.46833134
-3.00743389,-13.46729279
-3.01730657,-13.46620655
-3.02718782,-13.46506977
-3.03707767,-13.46388531
-3.04697609,-13.46265221
-3.05688286,-13.46137047
-3.06679773,-13.46004200
-3.07672119,-13.45866585
-3.08665276,-13.45724297
-3.09659243,-13.45577335
-3.10654020,-13.45425797
-3.11649609,-13.45269680
-3.12646008,-13.45108986
-3.13643169,-13.44943714
-3.14641142,-13.44774055
-3.15639901,-13.44599915
-3.16639423,-13.44421387
-3.17639709,-13.44238567
-3.18640780,-13.44051266
-3.19642591,-13.43859768
-3.20645165,-13.43663979
-3.21648479,-13.43463993
-3.22652555,-13.43259811
-3.23657346,-13.43051434
-3.24662876,-13.42838955
-3.25669122,-13.42622375
-3.26676106,-13.42401791
-3.27683783,-13.42177105
-3.28692174,-13.41948509
-3.29701257,-13.41716003
-3.30711055,-13.41479492
-3.31721520,-13.41239166
-3.32732677,-13.40995026
-3.33744526,-13.40747070
-3.34757042,-13.40495300
-3.35770202,-13.40239906
-3.36784053,-13.39980793
-3.37798548,-13.39717960
-3.38813686,-13.39451504
-3.39829469,-13.39181519
-3.40845895,-13.38908005
-3.41862941,-13.38630867
-3.42880630,-13.38350391
-3.43898940,-13.38066387
-3.44917846,-13.37778950
-3.45937371,-13.37488174
-3.46957517,-13.37194061
-3.47978234,-13.36896706
-3.48999548,-13.36596012
-3.50021458,-13.36292076
-3.51043940,-13.35984993
-3.52067018,-13.35674763
-3.53090644,-13.35361385
-3.54114819,-13.35044861
-3.55139565,-13.34725380
-3.56164885,-13.34402847
-3.57190728,-13.34077358
-3.58217096,-13.33748817
-3.59244013,-13.33417511
-3.60271478,-13.33083248
-3.61299443,-13.32746220
-3.62327933,-13.32406330
-3.63356924,-13.32063675
-3.64386415,-13.31718254
-3.65416431,-13.31370163
-3.66446924,-13.31019497
-3.67477894,-13.30666065
-3.68509364,-13.30310154
-3.69541311,-13.29951668
-3.70573735,-13.29590607
-3.71606612,-13.29227161
-3.72639942,-13.28861237
-3.73673725,-13.28492832
-3.74707961,-13.28122139
-3.75742650,-13.27749062
-3.76777768,-13.27373695
-3.77813292,-13.26996040
-3.78849268,-13.26616192
-3.79885650,-13.26234150
-3.80922461,-13.25849915
-3.81959677,-13.25463581
-3.82997274,-13.25075150
-3.84035277,-13.24684620
-3.85073686,-13.24292088
-3.86112452,-13.23897552
-3.87151623,-13.23501110
-3.88191152,-13.23102760
-3.89231038,-13.22702599
-3.90271306,-13.22300529
-3.91311908,-13.21896648
-3.92352891,-13.21490955
-3.93394184,-13.21083546
-3.94435835,-13.20674515
-3.95477819,-13.20263767
-3.96520114,-13.19851398
-3.97562742,-13.19437408
-3.98605680,-13.19021893
-3.99648929,-13.18604851
-4.00692463,-13.18186378
-4.01736307,-13.17766380
-4.02780485,-13.17345047
-4.03824902,-13.16922283
-4.04869604,-13.16498184
-4.05914593,-13.16072750
-4.06959820,-13.15646076
-4.08005333,-13.15218163
-4.09051132,-13.14789009
-4.10097122,-13.14358807
-4.11143398,-13.13927364
-4.12189913,-13.13494873
-4.13236666,-13.13061333
-4.14283609,-13.12626743
-4.15330839,-13.12191200
-4.16378212,-13.11754704
-4.17425871,-13.11317253
-4.18473673,-13.10878944
-4.19521713,-13.10439777
-4.20569944,-13.09999847
-4.21618319,-13.09559155
-4.22666931,-13.09117699
-4.23715687,-13.08675480
-4.24764633,-13.08232689
-4.25813723,-13.07789230
-4.26863003,-13.07345200
-4.27912426,-13.06900501
-4.28961992,-13.06455421
-4.30011702,-13.06009769
-4.31061506,-13.05563736
-4.32111502,-13.05117226
-4.33161592,-13.04670334
-4.34211826,-13.04223156
-4.35262156,-13.03775597
-4.36312580,-13.03327847
-4.37363100,-13.02879810
-4.38413763,-13.02431583
-4.39464474,-13.01983166
-4.40515280,-13.01534653
-4.41566181,-13.01086044
-4.42617130,-13.00637341
-4.43668175,-13.00188637
-4.44719219,-12.99739933
-4.45770407,-12.99291325
-4.46821594,-12.98842716
-4.47872829,-12.98394299
-4.48924112,-12.97945976
-4.49975395,-12.97497845
-4.51026726,-12.97049999
-4.52078104,-12.96602345
-4.53129435,-12.96155071
-4.54180813,-12.95708084
-4.55232239,-12.95261383
-4.56283617,-12.94815159
-4.57334948,-12.94369411
-4.58386326,-12.93924141
-4.59437656,-12.93479347
-4.60488987,-12.93035030
-4.61540270,-12.92591381
-4.62591505,-12.92148399
-4.63642693,-12.91705990
-4.64693880,-12.91264248
-4.65744972,-12.90823269
-4.66796017,-12.90383053
-4.67846966,-12.89943600
-4.68897915,-12.89505005
-4.69948721,-12.89067268
-4.70999479,-12.88630390
-4.72050142,-12.88194561
-4.73100662,-12.87759590
-4.74151134,-12.87325668
-4.75201511,-12.86892796
-4.76251745,-12.86460972
-4.77301836,-12.86030197
-4.78351831,-12.85600471
-4.79401636,-12.85171700
-4.80451298,-12.84743977
-4.81500769,-12.84317207
-4.82550049,-12.83891487
-4.83599138,-12.83466625
-4.84648037,-12.83042717
-4.85696697,-12.82619762
-4.86745119,-12.82197666
-4.87793255,-12.81776524
-4.88841152,-12.81356239
-4.89888811,-12.80936813
-4.90936136,-12.80518246
-4.91983175,-12.80100536
-4.93029881,-12.79683685
-4.94076300,-12.79267597
-4.95122385,-12.78852272
-4.96168089,-12.78437805
-4.97213459,-12.78024101
-4.98258448,-12.77611160
-4.99303055,-12.77198887
-5.00347233,-12.76787376
-5.01391029,-12.76376629
-5.02434397,-12.75966549
-5.03477335,-12.75557137
-5.04519844,-12.75148392
-5.05561876,-12.74740314
-5.06603432,-12.74332905
-5.07644510,-12.73926067
-5.08685112,-12.73519897
-5.09725189,-12.73114300
-5.10764742,-12.72709274
-5.11803770,-12.72304821
-5.12842226,-12.71900940
-5.13880157,-12.71497631
-5.14917517,-12.71094799
-5.15954256,-12.70692539
-5.16990471,-12.70290756
-5.18026018,-12.69889450
-5.19060993,-12.69488621
-5.20095301,-12.69088268
-5.21128988,-12.68688297
-5.22162008,-12.68288803
-5.23194361,-12.67889690
-5.24226046,-12.67490959
-5.25257015,-12.67092705
-5.26287317,-12.66694736
-5.27316904,-12.66297150
-5.28345728,-12.65899944
-5.29373837,-12.65503025
-5.30401182,-12.65106487
-5.31427717,-12.64710236
-5.32453537,-12.64314175
-5.33478546,-12.63918495
-5.34502745,-12.63523006
-5.35526133,-12.63127804
-5.36548710,-12.62732792
-5.37570429,-12.62338066
-5.38591337,-12.61943436
-5.39611340,-12.61549091
-5.40630484,-12.61154842
-5.41648722,-12.60760784
-5.42666054,-12.60366917
-5.43682480,-12.59973145
-5.44698000,-12.59579468
-5.45712566,-12.59185886
-5.46726227,-12.58792400
-5.47738886,-12.58399010
-5.48750544,-12.58005714
-5.49761248,-12.57612419
-5.50770950,-12.57219124
-5.51779652,-12.56825924
-5.52787304,-12.56432724
-5.53793955,-12.56039429
-5.54799557,-12.55646133
-5.55804062,-12.55252838
-5.56807518,-12.54859543
-5.57809877,-12.54466057
-5.58811140,-12.54072571
-5.59811306,-12.53678894
-5.60810375,-12.53285217
-5.61808300,-12.52891350
-5.62805033,-12.52497387
-5.63800669,-12.52103233
-5.64795065,-12.51708984
-5.65788317,-12.51314449
-5.66780376,-12.50919724
-5.67771244,-12.50524902
-5.68760872,-12.50129795
-5.69749260,-12.49734402
-5.70736408,-12.49338818
-5.71722317,-12.48942947
-5.72706938,-12.48546791
-5.73690319,-12.48150349
-5.74672365,-12.47753525
-5.75653124,-12.47356510
-5.76632547,-12.46959019
-5.77610636,-12.46561337
-5.78587389,-12.46163177
-5.79562807,-12.45764637
-5.80536842,-12.45365715
-5.81509542,-12.44966412
-5.82480812,-12.44566631
-5.83450651,-12.44166470
-5.84419107,-12.43765831
-5.85386133,-12.43364716
-5.86351728,-12.42963219
-5.87315845,-12.42561150
-5.88278532,-12.42158508
-5.89239693,-12.41755390
-5.90199375,-12.41351795
-5.91157579,-12.40947628
-5.92114258,-12.40542889
-5.93069458,-12.40137482
-5.94023037,-12.39731598
-5.94975138,-12.39325047
-5.95925617,-12.38917923
-5.96874571,-12.38510132
-5.97821903,-12.38101673
-5.98767662,-12.37692547
-5.99711800,-12.37282753
-6.00654268,-12.36872292
-6.01595163,-12.36461163
-6.02534389,-12.36049271
-6.03471947,-12.35636616
-6.04407835,-12.35223198
-6.05342007,-12.34809113
-6.06274509,-12.34394169
-6.07205296,-12.33978462
-6.08134365,-12.33561897
-6.09061718,-12.33144569
-6.09987307,-12.32726383
-6.10911131,-12.32307339
-6.11833191,-12.31887436
-6.12753487,-12.31466675
-6.13671970,-12.31045055
-6.14588642,-12.30622482
-6.15503454,-12.30198956
-6.16416502,-12.29774570
-6.17327642,-12.29349232
-6.18236971,-12.28922844
-6.19144392,-12.28495598
-6.20049953,-12.28067207
-6.20953655,-12.27637959
-6.21855402,-12.27207661
-6.22755241,-12.26776314
-6.23653173,-12.26343918
-6.24549103,-12.25910378
-6.25443125,-12.25475883
-6.26335192,-12.25040245
-6.27225256,-12.24603558
-6.28113317,-12.24165630
-6.28999376,-12.23726654
-6.29883432,-12.23286533
-6.30765438,-12.22845268
-6.31645441,-12.22402763
-6.32523346,-12.21959114
-6.33399200,-12.21514225
-6.34273005,-12.21068192
-6.35144711,-12.20620918
-6.36014271,-12.20172310
-6.36881733,-12.19722462
-6.37747097,-12.19271374
-6.38610315,-12.18819046
-6.39471340,-12.18365383
-6.40330267,-12.17910385
-6.41186953,-12.17454052
-6.42041492,-12.16996288
-6.42893791,-12.16537285
-6.43743944,-12.16076851
-6.44591808,-12.15615082
-6.45437479,-12.15151882
-6.46280861,-12.14687252
-6.47122002,-12.14221191
-6.47960854,-12.13753700
-6.48797417,-12.13284779
-6.49631691,-12.12814331
-6.50463676,-12.12342453
-6.51293278,-12.11868954
-6.52120590,-12.11394024
-6.52945566,-12.10917568
-6.53768158,-12.10439587
-6.54588366,-12.09959984
-6.55406189,-12.09478855
-6.56221628,-12.08996201
-6.57034683,-12.08511829
-6.57845306,-12.08025932
-6.58653450,-12.07538319
-6.59459209,-12.07049084
-6.60262442,-12.06558228
-6.61063242,-12.06065655
-6.61861563,-12.05571461
-6.62657404,-12.05075550
-6.63450718,-12.04577827
-6.64241505,-12.04078484
-6.65029764,-12.03577328
-6.65815496,-12.03074455
-6.66598654,-12.02569866
-6.67379236,-12.02063370
-6.68157244,-12.01555157
-6.68932629,-12.01045132
-6.69705439,-12.00533199
-6.70475626,-12.00019550
-6.71243191,-11.99503899
-6.72008133,-11.98986530
-6.72770405,-11.98467159
-6.73529959,-11.97945976
-6.74286890,-11.97422791
-6.75041103,-11.96897697
-6.75792646,-11.96370697
-6.76541424,-11.95841694
-6.77287531,-11.95310783
-6.78030872,-11.94777870
-6.78771448,-11.94242954
-6.79509258,-11.93706036
-6.80244303,-11.93167019
-6.80976534,-11.92625999
-6.81705999,-11.92082977
-6.82432604,-11.91537857
-6.83156395,-11.90990639
-6.83877373,-11.90441322
-6.84595490,-11.89889908
-6.85310745,-11.89336300
-6.86023140,-11.88780594
-6.86732626,-11.88222790
-6.87439203,-11.87662792
-6.88142872,-11.87100601
-6.88843632,-11.86536121
-6.89541435,-11.85969543
-6.90236282,-11.85400677
-6.90928221,-11.84829617
-6.91617107,-11.84256268
-6.92303085,-11.83680725
-6.92986012,-11.83102798
-6.93665934,-11.82522678
-6.94342852,-11.81940174
-6.95016718,-11.81355381
-6.95687532,-11.80768204
-6.96355295,-11.80178642
-6.97020006,-11.79586792
-6.97681618,-11.78992558
-6.98340130,-11.78395844
-6.98995543,-11.77796841
-6.99647808,-11.77195358
-7.00296974,-11.76591396
-7.00942993,-11.75985050
-7.01585817,-11.75376129
-7.02225494,-11.74764824
-7.02861977,-11.74151039
-7.03495264,-11.73534679
-7.04125357,-11.72915840
-7.04752254,-11.72294426
-7.05375910,-11.71670437
-7.05996275,-11.71043968
-7.06613445,-11.70414829
-7.07227278,-11.69783211
-7.07837868,-11.69148827
-7.08445168,-11.68511963
-7.09049177,-11.67872334
-7.09649849,-11.67230129
-7.10247183,-11.66585255
-7.10841179,-11.65937710
-7.11431837,-11.65287495
-7.12019110,-11.64634514
-7.12603045,-11.63978863
-7.13183546,-11.63320351
-7.13760662,-11.62659168
-7.14334345,-11.61995316
-7.14904642,-11.61328602
-7.15471506,-11.60659122
-7.16035032,-11.59986877
-7.16595125,-11.59311962
-7.17151880,-11.58634281
-7.17705250,-11.57953930
-7.18255329,-11.57270813
-7.18802023,-11.56585026
-7.19345379,-11.55896473
-7.19885445,-11.55205345
-7.20422173,-11.54511452
-7.20955610,-11.53814888
-7.21485806,-11.53115749
-7.22012663,-11.52413845
-7.22536278,-11.51709366
-7.23056650,-11.51002216
-7.23573780,-11.50292397
-7.24087620,-11.49580002
-7.24598265,-11.48864937
-7.25105715,-11.48147297
-7.25609922,-11.47427082
-7.26110983,-11.46704292
-7.26608801,-11.45978928
-7.27103472,-11.45250893
-7.27594995,-11.44520378
-7.28083372,-11.43787289
-7.28568554,-11.43051624
-7.29050636,-11.42313480
-7.29529572,-11.41572666
-7.30005407,-11.40829468
-7.30478144,-11.40083694
-7.30947781,-11.39335442
-7.31414318,-11.38584614
-7.31877804,-11.37831402
-7.32338238,-11.37075615
-7.32795620,-11.36317348
-7.33249903,-11.35556698
-7.33701229,-11.34793472
-7.34149504,-11.34027863
-7.34594727,-11.33259869
-7.35036993,-11.32489395
-7.35476255,-11.31716442
-7.35912561,-11.30941105
-7.36345863,-11.30163383
-7.36776209,-11.29383183
-7.37203598,-11.28600597
-7.37628078,-11.27815723
-7.38049603,-11.27028370
-7.38468218,-11.26238728
-7.38883924,-11.25446701
-7.39296722,-11.24652290
-7.39706612,-11.23855495
-7.40113688,-11.23056412
-7.40517855,-11.22255039
-7.40919161,-11.21451283
-7.41317606,-11.20645237
-7.41713238,-11.19836903
-7.42106009,-11.19026184
-7.42495966,-11.18213272
-7.42883158,-11.17398071
-7.43267536,-11.16580582
-7.43649101,-11.15760803
-7.44027901,-11.14938736
-7.44403934,-11.14114475
-7.44777250,-11.13288021
-7.45147753,-11.12459278
-7.45515585,-11.11628342
-7.45880651,-11.10795116
-7.46243000,-11.09959793
-7.46602678,-11.09122181
-7.46959639,-11.08282375
-7.47313881,-11.07440472
-7.47665501,-11.06596279
-7.48014450,-11.05749989
-7.48360729,-11.04901505
-7.48704338,-11.04050922
-7.49045372,-11.03198147
-7.49383736,-11.02343273
-7.49719524,-11.01486301
-7.50052691,-11.00627136
-7.50383234,-10.99765968
-7.50711203,-10.98902607
-7.51036644,-10.98037148
-7.51359510,-10.97169685
-7.51679802,-10.96300030
-7.51997566,-10.95428371
-7.52312803,-10.94554710
-7.52625513,-10.93678856
-7.52935696,-10.92801094
-7.53243399,-10.91921234
-7.53548574,-10.91039371
-7.53851318,-10.90155411
-7.54151535,-10.89269543
-7.54449368,-10.88381577
-7.54744673,-10.87491703
-7.55037594,-10.86599731
-7.55328083,-10.85705853
-7.55616140,-10.84810066
-7.55901766,-10.83912182
-7.56185007,-10.83012486
-7.56465864,-10.82110691
-7.56744337,-10.81207085
-7.57020473,-10.80301476
-7.57294226,-10.79393959
-7.57565641,-10.78484535
-7.57834673,-10.77573204
-7.58101416,-10.76659966
-7.58365870,-10.75744915
-7.58627987,-10.74827862
-7.58887768,-10.73908997
-7.59145308,-10.72988319
-7.59400558,-10.72065735
-7.59653568,-10.71141243
-7.59904289,-10.70215034
-7.60152769,-10.69286919
-7.60399055,-10.68356895
-7.60643053,-10.67425156
-7.60884905,-10.66491604
-7.61124516,-10.65556240
-7.61361933,-10.64619160
-7.61597157,-10.63680172
-7.61830187,-10.62739468
-7.62061071,-10.61796951
-7.62289810,-10.60852718
-7.62516403,-10.59906769
-7.62740898,-10.58959007
-7.62963247,-10.58009624
-7.63183451,-10.57058430
-7.63401556,-10.56105518
-7.63617611,-10.55150890
-7.63831568,-10.54194546
-7.64043427,-10.53236485
-7.64253235,-10.52276802
-7.64460993,-10.51315403
-7.64666748,-10.50352383
-7.64870405,-10.49387741
-7.65072107,-10.48421288
-7.65271759,-10.47453308
-7.65469408,-10.46483707
-7.65665102,-10.45512390
-7.65858793,-10.44539547
-7.66050482,-10.43564987
-7.66240263,-10.42588902
-7.66428089,-10.41611195
-7.66613960,-10.40631962
-7.66797876,-10.39651012
-7.66979885,-10.38668633
-7.67160034,-10.37684631
-7.67338228,-10.36699009
-7.67514563,-10.35711956
-7.67689037,-10.34723282
-7.67861605,-10.33733082
-7.68032312,-10.32741451
-7.68201208,-10.31748199
-7.68368244,-10.30753517
-7.68533468,-10.29757214
-7.68696880,-10.28759575
-7.68858480,-10.27760410
-7.69018269,-10.26759720
-7.69176245,-10.25757599
-7.69332504,-10.24753952
-7.69486952,-10.23748970
-7.69639683,-10.22742462
-7.69790649,-10.21734524
-7.69939899,-10.20725250
-7.70087385,-10.19714451
-7.70233202,-10.18702316
-7.70377302,-10.17688751
-7.70519686,-10.16673851
-7.70660400,-10.15657520
-7.70799446,-10.14639759
-7.70936823,-10.13620663
-7.71072531,-10.12600231
-7.71206617,-10.11578465
-7.71339083,-10.10555363
-7.71469879,-10.09530830
-7.71599102,-10.08505058
-7.71726704,-10.07477951
-7.71852732,-10.06449509
-7.71977186,-10.05419827
-7.72100019,-10.04388809
-7.72221327,-10.03356457
-7.72341108,-10.02322960
-7.72459316,-10.01288033
-7.72575998,-10.00251961
-7.72691154,-9.99214554
-7.72804785,-9.98176003
-7.72916937,-9.97136116
-7.73027611,-9.96095085
-7.73136806,-9.95052719
-7.73244524,-9.94009209
-7.73350763,-9.92964554
-7.73455572,-9.91918564
-7.73558950,-9.90871525
-7.73660898,-9.89823246
-7.73761415,-9.88773823
-7.73860502,-9.87723160
-7.73958254,-9.86671352
-7.74054575,-9.85618496
-7.74149513,-9.84564400
-7.74243116,-9.83509254
-7.74335337,-9.82452869
-7.74426222,-9.81395531
-7.74515772,-9.80336952
-7.74603987,-9.79277325
-7.74690866,-9.78216553
-7.74776459,-9.77154827
-7.74860764,-9.76091957
-7.74943781,-9.75027943
-7.75025511,-9.73962975
-7.75106001,-9.72896957
-7.75185204,-9.71829796
-7.75263166,-9.70761681
-7.75339937,-9.69692516
-7.75415468,-9.68622398
-7.75489759,-9.67551231
-7.75562859,-9.66479015
-7.75634766,-9.65405846
-7.75705481,-9.64331722
-7.75775051,-9.63256550
-7.75843430,-9.62180424
-7.75910664,-9.61103439
-7.75976753,-9.60025406
-7.76041698,-9.58946419
-7.76105547,-9.57866573
-7.76168251,-9.56785774
-7.76229906,-9.55704021
-7.76290417,-9.54621315
-7.76349878,-9.53537846
-7.76408291,-9.52453327
-7.76465607,-9.51368046
-7.76521873,-9.50281811
-7.76577091,-9.49194717
-7.76631308,-9.48106766
-7.76684475,-9.47018051
-7.76736641,-9.45928383
-7.76787806,-9.44837856
-7.76838017,-9.43746567
-7.76887226,-9.42654419
-7.76935434,-9.41561508
-7.76982737,-9.40467739
-7.77029037,-9.39373207
-7.77074432,-9.38277912
-7.77118921,-9.37181759
-7.77162457,-9.36084938
-7.77205086,-9.34987259
-7.77246809,-9.33888817
-7.77287674,-9.32789707
-7.77327681,-9.31689835
-7.77366781,-9.30589199
-7.77405024,-9.29487801
-7.77442455,-9.28385735
-7.77479029,-9.27283001
-7.77514744,-9.26179504
-7.77549696,-9.25075340
-7.77583838,-9.23970509
-7.77617168,-9.22865009
-7.77649689,-9.21758842
-7.77681446,-9.20652008
-7.77712488,-9.19544506
-7.77742720,-9.18436337
-7.77772236,-9.17327595
-7.77800989,-9.16218185
-7.77829075,-9.15108204
-7.77856398,-9.13997555
-7.77883053,-9.12886333
-7.77908993,-9.11774540
-7.77934265,-9.10662174
-7.77958822,-9.09549141
-7.77982759,-9.08435631
-7.78006029,-9.07321548
-7.78028679,-9.06206894
-7.78050661,-9.05091667
-7.78072023,-9.03975964
-7.78092813,-9.02859688
-7.78112984,-9.01742935
-7.78132534,-9.00625610
-7.78151560,-8.99507809
-7.78169966,-8.98389530
-7.78187847,-8.97270775
-7.78205156,-8.96151543
-7.78221941,-8.95031738
-7.78238201,-8.93911552
-7.78253889,-8.92790985
-7.78269148,-8.91669846
-7.78283834,-8.90548325
-7.78298092,-8.89426327
-7.78311825,-8.88303947
-7.78325129,-8.87181187
-7.78337955,-8.86057949
-7.78350306,-8.84934425
-7.78362274,-8.83810425
-7.78373766,-8.82686043
-7.78384876,-8.81561279
-7.78395557,-8.80436230
-7.78405857,-8.79310703
-7.78415775,-8.78184986
-7.78425312,-8.77058792
-7.78434467,-8.75932312
-7.78443289,-8.74805546
-7.78451729,-8.73678398
-7.78459883,-8.72550964
-7.78467655,-8.71423244
-7.78475142,-8.70295238
-7.78482342,-8.69166946
-7.78489256,-8.68038368
-7.78495836,-8.66909504
-7.78502178,-8.65780449
-7.78508234,-8.64651108
-7.78514051,-8.63521481
-7.78519630,-8.62391663
-7.78524971,-8.61261559
-7.78530073,-8.60131359
-7.78534985,-8.59000874
-7.78539658,-8.57870197
-7.78544188,-8.56739330
-7.78548527,-8.55608177
-7.78552675,-8.54477024
-7.78556633,-8.53345585
-7.78560495,-8.52214050
-7.78564215,-8.51082325
-7.78567743,-8.49950409
-7.78571224,-8.48818398
-7.78574562,-8.47686291
-7.78577757,-8.46554089
-7.78580904,-8.45421696
-7.78584003,-8.44289207
-7.78587008,-8.43156719
-7.78589916,-8.42024040
-7.78592825,-8.40891266
-7.78595638,-8.39758492
-7.78598499,-8.38625622
-7.78601265,-8.37492752
-7.78604078,-8.36359787
-7.78606844,-8.35226727
-7.78609657,-8.34093761
-7.78612518,-8.32960701
-7.78615379,-8.31827641
-7.78618288,-8.30694580
-7.78621244,-8.29561520
-7.78624249,-8.28428459
-7.78627348,-8.27295399
-7.78630495,-8.26162338
-7.78633785,-8.25029373
-7.78637171,-8.23896503
-7.78640652,-8.22763538
-7.78644276,-8.21630764
-7.78647995,-8.20497990
-7.78651905,-8.19365311
-7.78655958,-8.18232727
-7.78660154,-8.17100239
-7.78664541,-8.15967846
-7.78669119,-8.14835548
-7.78673887,-8.13703346
-7.78678846,-8.12571239
-7.78684044,-8.11439323
-7.78689432,-8.10307598
-7.78694963,-8.09175873
-7.78700733,-8.08044338
-7.78706694,-8.06912899
-7.78712797,-8.05781651
-7.78719139,-8.04650497
-7.78725624,-8.03519535
-7.78732252,-8.02388668
-7.78739071,-8.01257992
-7.78746033,-8.00127411
-7.78753185,-7.98997021
-7.78760481,-7.97866726
-7.78767920,-7.96736622
-7.78775501,-7.95606613
-7.78783226,-7.94476795
-7.78791094,-7.93347168
-7.78799057,-7.92217636
-7.78807211,-7.91088295
-7.78815460,-7.89959097
-7.78823805,-7.88830090
-7.78832293,-7.87701225
-7.78840876,-7.86572504
-7.78849602,-7.85443974
-7.78858423,-7.84315586
-7.78867292,-7.83187389
-7.78876305,-7.82059383
-7.78885412,-7.80931520
-7.78894567,-7.79803848
-7.78903866,-7.78676367
-7.78913212,-7.77549028
-7.78922606,-7.76421928
-7.78932095,-7.75294971
-7.78941679,-7.74168158
-7.78951311,-7.73041582
-7.78960991,-7.71915197
-7.78970718,-7.70788956
-7.78980494,-7.69662952
-7.78990316,-7.68537140
-7.79000187,-7.67411518
-7.79010105,-7.66286087
-7.79020071,-7.65160847
-7.79030037,-7.64035797
-7.79040003,-7.62910938
-7.79050064,-7.61786318
-7.79060078,-7.60661888
-7.79070139,-7.59537649
-7.79080200,-7.58413649
-7.79090261,-7.57289839
-7.79100323,-7.56166267
-7.79110384,-7.55042887
-7.79120445,-7.53919697
-7.79130507,-7.52796745
-7.79140520,-7.51674032
-7.79150534,-7.50551510
-7.79160547,-7.49429226
-7.79170513,-7.48307180
-7.79180431,-7.47185326
-7.79190302,-7.46063709
-7.79200172,-7.44942331
-7.79209948,-7.43821192
-7.79219723,-7.42700243
-7.79229450,-7.41579580
-7.79239082,-7.40459156
-7.79248667,-7.39338923
-7.79258204,-7.38218975
-7.79267645,-7.37099218
-7.79277039,-7.35979748
-7.79286337,-7.34860516
-7.79295540,-7.33741474
-7.79304695,-7.32622766
-7.79313707,-7.31504250
-7.79322672,-7.30386019
-7.79331541,-7.29268026
-7.79340267,-7.28150272
-7.79348946,-7.27032804
-7.79357481,-7.25915575
-7.79365873,-7.24798584
-7.79374218,-7.23681927
-7.79382372,-7.22565460
-7.79390430,-7.21449280
-7.79398346,-7.20333385
-7.79406118,-7.19217730
-7.79413795,-7.18102407
-7.79421282,-7.16987276
-7.79428673,-7.15872478
-7.79435873,-7.14757919
-7.79442930,-7.13643646
-7.79449797,-7.12529659
-7.79456520,-7.11415958
-7.79463100,-7.10302544
-7.79469490,-7.09189415
-7.79475689,-7.08076572
-7.79481697,-7.06964016
-7.79487562,-7.05851746
-7.79493237,-7.04739761
-7.79498672,-7.03628063
-7.79503965,-7.02516651
-7.79509020,-7.01405573
-7.79513884,-7.00294733
-7.79518557,-6.99184275
-7.79522991,-6.98074055
-7.79527187,-6.96964169
-7.79531193,-6.95854568
-7.79534960,-6.94745302
-7.79538536,-6.93636322
-7.79541826,-6.92527628
-7.79544926,-6.91419315
-7.79547739,-6.90311241
-7.79550314,-6.89203548
-7.79552650,-6.88096142
-7.79554749,-6.86989069
-7.79556561,-6.85882282
-7.79558134,-6.84775829
-7.79559422,-6.83669710
-7.79560423,-6.82563925
-7.79561186,-6.81458473
-7.79561663,-6.80353355
-7.79561853,-6.79248524
-7.79561758,-6.78144073
-7.79561329,-6.77039909
-7.79560661,-6.75936127
-7.79559660,-6.74832678
-7.79558372,-6.73729563
-7.79556751,-6.72626781
-7.79554844,-6.71524334
-7.79552603,-6.70422220
-7.79550076,-6.69320488
-7.79547167,-6.68219090
-7.79543972,-6.67118073
-7.79540443,-6.66017342
-7.79536581,-6.64917040
-7.79532337,-6.63817024
-7.79527807,-6.62717390
-7.79522896,-6.61618137
-7.79517603,-6.60519218
-7.79512024,-6.59420681
-7.79506016,-6.58322525
-7.79499674,-6.57224703
-7.79492950,-6.56127262
-7.79485846,-6.55030155
-7.79478407,-6.53933477
-7.79470539,-6.52837133
-7.79462290,-6.51741171
-7.79453659,-6.50645590
-7.79444647,-6.49550390
-7.79435205,-6.48455572
-7.79425383,-6.47361088
-7.79415178,-6.46267033
-7.79404545,-6.45173359
-7.79393482,-6.44080067
-7.79381990,-6.42987156
-7.79370117,-6.41894674
-7.79357767,-6.40802526
-7.79344988,-6.39710808
-7.79331827,-6.38619471
-7.79318190,-6.37528563
-7.79304075,-6.36438036
-7.79289579,-6.35347891
-7.79274607,-6.34258175
-7.79259157,-6.33168840
-7.79243279,-6.32079887
-7.79226875,-6.30991411
-7.79210043,-6.29903269
-7.79192781,-6.28815603
-7.79174995,-6.27728319
-7.79156733,-6.26641464
-7.79137993,-6.25554991
-7.79118729,-6.24468946
-7.79099035,-6.23383331
-7.79078770,-6.22298145
-7.79058075,-6.21213388
-7.79036808,-6.20129061
-7.79015064,-6.19045115
-7.78992844,-6.17961645
-7.78970051,-6.16878557
-7.78946733,-6.15795946
-7.78922939,-6.14713764
-7.78898573,-6.13632011
-7.78873682,-6.12550688
-7.78848267,-6.11469793
-7.78822279,-6.10389328
-7.78795767,-6.09309340
-7.78768682,-6.08229780
-7.78741074,-6.07150698
-7.78712893,-6.06071997
-7.78684139,-6.04993820
-7.78654814,-6.03916025
-7.78624916,-6.02838707
-7.78594494,-6.01761866
-7.78563452,-6.00685453
-7.78531790,-5.99609518
-7.78499603,-5.98534012
-7.78466797,-5.97458982
-7.78433371,-5.96384430
-7.78399372,-5.95310354
-7.78364754,-5.94236708
-7.78329563,-5.93163538
-7.78293705,-5.92090845
-7.78257275,-5.91018629
-7.78220177,-5.89946890
-7.78182507,-5.88875628
-7.78144169,-5.87804842
-7.78105211,-5.86734533
-7.78065634,-5.85664654
-7.78025389,-5.84595299
-7.77984524,-5.83526468
-7.77942991,-5.82458067
-7.77900791,-5.81390190
-7.77857971,-5.80322742
-7.77814436,-5.79255819
-7.77770281,-5.78189421
-7.77725410,-5.77123499
-7.77679920,-5.76058054
-7.77633715,-5.74993086
-7.77586842,-5.73928642
-7.77539253,-5.72864723
-7.77490997,-5.71801281
-7.77442026,-5.70738363
-7.77392387,-5.69675922
-7.77342033,-5.68614006
-7.77290964,-5.67552614
-7.77239180,-5.66491699
-7.77186680,-5.65431309
-7.77133465,-5.64371443
-7.77079535,-5.63312101
-7.77024889,-5.62253284
-7.76969481,-5.61194944
-7.76913357,-5.60137177
-7.76856470,-5.59079885
-7.76798868,-5.58023167
-7.76740503,-5.56966925
-7.76681376,-5.55911255
-7.76621485,-5.54856110
-7.76560831,-5.53801489
-7.76499462,-5.52747393
-7.76437283,-5.51693821
-7.76374340,-5.50640821
-7.76310587,-5.49588346
-7.76246071,-5.48536396
-7.76180792,-5.47485018
-7.76114702,-5.46434164
-7.76047850,-5.45383835
-7.75980139,-5.44334078
-7.75911665,-5.43284893
-7.75842381,-5.42236233
-7.75772285,-5.41188097
-7.75701380,-5.40140581
-7.75629663,-5.39093590
-7.75557089,-5.38047123
-7.75483751,-5.37001276
-7.75409508,-5.35955954
-7.75334454,-5.34911203
-7.75258589,-5.33867025
-7.75181866,-5.32823420
-7.75104284,-5.31780386
-7.75025845,-5.30737877
-7.74946547,-5.29695988
-7.74866438,-5.28654623
-7.74785423,-5.27613878
-7.74703550,-5.26573706
-7.74620771,-5.25534105
-7.74537134,-5.24495077
-7.74452639,-5.23456669
-7.74367237,-5.22418785
-7.74280977,-5.21381521
-7.74193811,-5.20344830
-7.74105740,-5.19308758
-7.74016762,-5.18273258
-7.73926878,-5.17238379
-7.73836088,-5.16204023
-7.73744392,-5.15170336
-7.73651791,-5.14137220
-7.73558235,-5.13104677
-7.73463774,-5.12072802
-7.73368359,-5.11041451
-7.73272038,-5.10010767
-7.73174763,-5.08980656
-7.73076534,-5.07951164
-7.72977400,-5.06922293
-7.72877264,-5.05893993
-7.72776222,-5.04866362
-7.72674179,-5.03839302
-7.72571182,-5.02812910
-7.72467232,-5.01787090
-7.72362328,-5.00761890
-7.72256422,-4.99737310
-7.72149563,-4.98713398
-7.72041655,-4.97690058
-7.71932840,-4.96667385
-7.71822977,-4.95645332
-7.71712160,-4.94623899
-7.71600294,-4.93603134
-7.71487474,-4.92582941
-7.71373606,-4.91563416
-7.71258736,-4.90544558
-7.71142864,-4.89526320
-7.71025944,-4.88508701
-7.70908022,-4.87491751
-7.70789051,-4.86475420
-7.70669079,-4.85459757
-7.70548058,-4.84444761
-7.70425987,-4.83430386
-7.70302868,-4.82416630
-7.70178699,-4.81403589
-7.70053482,-4.80391169
-7.69927216,-4.79379416
-7.69799852,-4.78368330
-7.69671488,-4.77357912
-7.69541979,-4.76348114
-7.69411421,-4.75339031
-7.69279814,-4.74330568
-7.69147110,-4.73322773
-7.69013309,-4.72315693
-7.68878412,-4.71309233
-7.68742418,-4.70303488
-7.68605375,-4.69298410
-7.68467188,-4.68294001
-7.68327904,-4.67290258
-7.68187475,-4.66287184
-7.68045950,-4.65284824
-7.67903328,-4.64283133
-7.67759562,-4.63282108
-7.67614651,-4.62281799
-7.67468643,-4.61282158
-7.67321491,-4.60283232
-7.67173195,-4.59284973
-7.67023754,-4.58287430
-7.66873169,-4.57290554
-7.66721439,-4.56294394
-7.66568518,-4.55298901
-7.66414452,-4.54304171
-7.66259241,-4.53310108
-7.66102839,-4.52316713
-7.65945244,-4.51324081
-7.65786505,-4.50332117
-7.65626574,-4.49340868
-7.65465498,-4.48350334
-7.65303183,-4.47360516
-7.65139675,-4.46371412
-7.64974976,-4.45383024
-7.64809084,-4.44395351
-7.64642000,-4.43408442
-7.64473677,-4.42422199
-7.64304161,-4.41436672
-7.64133406,-4.40451908
-7.63961411,-4.39467859
-7.63788223,-4.38484526
-7.63613796,-4.37501907
-7.63438129,-4.36520052
-7.63261223,-4.35538912
-7.63083076,-4.34558535
-7.62903690,-4.33578873
-7.62723064,-4.32599926
-7.62541151,-4.31621742
-7.62357998,-4.30644321
-7.62173605,-4.29667616
-7.61987877,-4.28691673
-7.61800957,-4.27716446
-7.61612701,-4.26741982
-7.61423159,-4.25768280
-7.61232376,-4.24795341
-7.61040258,-4.23823118
-7.60846901,-4.22851706
-7.60652208,-4.21881008
-7.60456228,-4.20911074
-7.60258961,-4.19941902
-7.60060358,-4.18973494
-7.59860420,-4.18005848
-7.59659195,-4.17039013
-7.59456682,-4.16072893
-7.59252787,-4.15107536
-7.59047604,-4.14142990
-7.58841038,-4.13179207
-7.58633184,-4.12216187
-7.58423948,-4.11253929
-7.58213377,-4.10292482
-7.58001471,-4.09331799
-7.57788181,-4.08371878
-7.57573557,-4.07412767
-7.57357597,-4.06454420
-7.57140207,-4.05496883
-7.56921482,-4.04540110
-7.56701374,-4.03584146
-7.56479931,-4.02628994
-7.56257057,-4.01674604
-7.56032801,-4.00721025
-7.55807161,-3.99768233
-7.55580091,-3.98816252
-7.55351639,-3.97865057
-7.55121803,-3.96914673
-7.54890585,-3.95965075
-7.54657888,-3.95016313
-7.54423809,-3.94068336
-7.54188299,-3.93121171
-7.53951406,-3.92174840
-7.53713036,-3.91229296
-7.53473234,-3.90284586
-7.53232002,-3.89340663
-7.52989340,-3.88397574
-7.52745247,-3.87455320
-7.52499676,-3.86513877
-7.52252674,-3.85573244
-7.52004194,-3.84633446
-7.51754284,-3.83694482
-7.51502848,-3.82756352
-7.51249981,-3.81819034
-7.50995636,-3.80882549
-7.50739813,-3.79946899
-7.50482512,-3.79012108
-7.50223732,-3.78078127
-7.49963474,-3.77144980
-7.49701691,-3.76212692
-7.49438429,-3.75281239
-7.49173641,-3.74350643
-7.48907375,-3.73420882
-7.48639584,-3.72491956
-7.48370266,-3.71563888
-7.48099422,-3.70636678
-7.47827053,-3.69710326
-7.47553205,-3.68784809
-7.47277784,-3.67860150
-7.47000837,-3.66936374
-7.46722364,-3.66013432
-7.46442318,-3.65091372
-7.46160746,-3.64170146
-7.45877600,-3.63249803
-7.45592928,-3.62330341
-7.45306683,-3.61411715
-7.45018864,-3.60493994
-7.44729471,-3.59577107
-7.44438553,-3.58661127
-7.44146013,-3.57746005
-7.43851900,-3.56831765
-7.43556213,-3.55918407
-7.43258905,-3.55005908
-7.42960024,-3.54094315
-7.42659569,-3.53183603
-7.42357445,-3.52273774
-7.42053795,-3.51364827
-7.41748476,-3.50456762
-7.41441584,-3.49549603
-7.41133070,-3.48643327
-7.40822887,-3.47737956
-7.40511131,-3.46833491
-7.40197706,-3.45929885
-7.39882660,-3.45027208
-7.39565992,-3.44125438
-7.39247656,-3.43224549
-7.38927698,-3.42324567
-7.38606071,-3.41425514
-7.38282824,-3.40527344
-7.37957859,-3.39630103
-7.37631273,-3.38733768
-7.37303019,-3.37838340
-7.36973047,-3.36943817
-7.36641455,-3.36050224
-7.36308146,-3.35157561
-7.35973167,-3.34265804
-7.35636520,-3.33374977
-7.35298157,-3.32485056
-7.34958076,-3.31596065
-7.34616327,-3.30708027
-7.34272861,-3.29820895
-7.33927727,-3.28934693
-7.33580828,-3.28049421
-7.33232212,-3.27165103
-7.32881927,-3.26281714
-7.32529879,-3.25399256
-7.32176065,-3.24517727
-7.31820583,-3.23637152
-7.31463337,-3.22757530
-7.31104326,-3.21878839
-7.30743599,-3.21001101
-7.30381107,-3.20124292
-7.30016899,-3.19248462
-7.29650879,-3.18373561
-7.29283142,-3.17499614
-7.28913593,-3.16626620
-7.28542328,-3.15754604
-7.28169250,-3.14883542
-7.27794361,-3.14013410
-7.27417755,-3.13144279
-7.27039337,-3.12276077
-7.26659107,-3.11408877
-7.26277113,-3.10542607
-7.25893307,-3.09677339
-7.25507689,-3.08813024
-7.25120258,-3.07949686
-7.24731064,-3.07087302
-7.24340010,-3.06225920
-7.23947144,-3.05365515
-7.23552465,-3.04506063
-7.23155928,-3.03647614
-7.22757578,-3.02790141
-7.22357416,-3.01933646
-7.21955347,-3.01078153
-7.21551514,-3.00223637
-7.21145773,-2.99370122
-7.20738220,-2.98517585
-7.20328760,-2.97666049
-7.19917488,-2.96815515
-7.19504309,-2.95965958
-7.19089317,-2.95117402
-7.18672371,-2.94269848
-7.18253613,-2.93423319
-7.17832947,-2.92577767
-7.17410421,-2.91733217
-7.16985989,-2.90889692
-7.16559649,-2.90047169
-7.16131401,-2.89205647
-7.15701294,-2.88365149
-7.15269232,-2.87525678
-7.14835310,-2.86687207
-7.14399433,-2.85849738
-7.13961649,-2.85013318
-7.13521957,-2.84177899
-7.13080311,-2.83343506
-7.12636757,-2.82510138
-7.12191248,-2.81677794
-7.11743784,-2.80846477
-7.11294413,-2.80016184
-7.10843086,-2.79186940
-7.10389805,-2.78358722
-7.09934568,-2.77531528
-7.09477377,-2.76705384
-7.09018230,-2.75880265
-7.08557081,-2.75056195
-7.08093977,-2.74233174
-7.07628918,-2.73411179
-7.07161856,-2.72590232
-7.06692791,-2.71770334
-7.06221771,-2.70951486
-7.05748749,-2.70133686
-7.05273724,-2.69316959
-7.04796696,-2.68501258
-7.04317665,-2.67686629
-7.03836584,-2.66873050
-7.03353548,-2.66060519
-7.02868462,-2.65249062
-7.02381372,-2.64438677
-7.01892281,-2.63629341
-7.01401091,-2.62821054
-7.00907946,-2.62013865
-7.00412703,-2.61207724
-6.99915409,-2.60402679
-6.99416113,-2.59598684
-6.98914766,-2.58795786
-6.98411322,-2.57993937
-6.97905874,-2.57193184
-6.97398329,-2.56393504
-6.96888733,-2.55594897
-6.96377039,-2.54797387
-6.95863295,-2.54000974
-6.95347452,-2.53205633
-6.94829512,-2.52411366
-6.94309521,-2.51618195
-6.93787432,-2.50826120
-6.93263245,-2.50035143
-6.92736912,-2.49245262
-6.92208529,-2.48456478
-6.91678047,-2.47668791
-6.91145420,-2.46882200
-6.90610647,-2.46096730
-6.90073824,-2.45312333
-6.89534807,-2.44529057
-6.88993740,-2.43746901
-6.88450480,-2.42965841
-6.87905073,-2.42185879
-6.87357569,-2.41407061
-6.86807919,-2.40629339
-6.86256075,-2.39852715
-6.85702133,-2.39077234
-6.85145998,-2.38302875
-6.84587669,-2.37529612
-6.84027243,-2.36757493
-6.83464622,-2.35986495
-6.82899809,-2.35216618
-6.82332802,-2.34447885
-6.81763649,-2.33680272
-6.81192303,-2.32913780
-6.80618763,-2.32148433
-6.80043030,-2.31384230
-6.79465103,-2.30621147
-6.78884935,-2.29859209
-6.78302622,-2.29098392
-6.77718067,-2.28338742
-6.77131271,-2.27580237
-6.76542282,-2.26822853
-6.75951052,-2.26066637
-6.75357628,-2.25311565
-6.74761963,-2.24557662
-6.74164009,-2.23804879
-6.73563862,-2.23053265
-6.72961473,-2.22302818
-6.72356844,-2.21553516
-6.71749926,-2.20805359
-6.71140766,-2.20058393
-6.70529366,-2.19312572
-6.69915676,-2.18567920
-6.69299746,-2.17824435
-6.68681526,-2.17082119
-6.68061018,-2.16340971
-6.67438221,-2.15600991
-6.66813135,-2.14862180
-6.66185808,-2.14124560
-6.65556145,-2.13388109
-6.64924192,-2.12652826
-6.64289951,-2.11918736
-6.63653374,-2.11185813
-6.63014507,-2.10454082
-6.62373352,-2.09723544
-6.61729860,-2.08994198
-6.61084032,-2.08266020
-6.60435867,-2.07539034
-6.59785366,-2.06813264
-6.59132576,-2.06088662
-6.58477402,-2.05365276
-6.57819891,-2.04643083
-6.57160044,-2.03922081
-6.56497860,-2.03202271
-6.55833292,-2.02483678
-6.55166388,-2.01766300
-6.54497099,-2.01050115
-6.53825474,-2.00335145
-6.53151464,-1.99621367
-6.52475119,-1.98908794
-6.51796436,-1.98197412
-6.51115417,-1.97487211
-6.50432110,-1.96778190
-6.49746513,-1.96070325
-6.49058676,-1.95363629
-6.48368597,-1.94658077
-6.47676277,-1.93953669
-6.46981716,-1.93250406
-6.46285009,-1.92548263
-6.45586061,-1.91847241
-6.44885015,-1.91147327
-6.44181776,-1.90448523
-6.43476439,-1.89750803
-6.42768955,-1.89054179
-6.42059374,-1.88358641
-6.41347742,-1.87664175
-6.40634012,-1.86970770
-6.39918232,-1.86278415
-6.39200449,-1.85587108
-6.38480663,-1.84896851
-6.37758827,-1.84207630
-6.37035036,-1.83519423
-6.36309290,-1.82832241
-6.35581636,-1.82146060
-6.34851980,-1.81460893
-6.34120464,-1.80776715
-6.33386993,-1.80093515
-6.32651711,-1.79411304
-6.31914520,-1.78730059
-6.31175470,-1.78049779
-6.30434608,-1.77370453
-6.29691935,-1.76692069
-6.28947496,-1.76014626
-6.28201246,-1.75338113
-6.27453232,-1.74662519
-6.26703453,-1.73987842
-6.25951958,-1.73314083
-6.25198793,-1.72641206
-6.24443865,-1.71969235
-6.23687315,-1.71298134
-6.22929049,-1.70627928
-6.22169161,-1.69958580
-6.21407652,-1.69290090
-6.20644522,-1.68622446
-6.19879770,-1.67955661
-6.19113445,-1.67289698
-6.18345594,-1.66624570
-6.17576170,-1.65960264
-6.16805220,-1.65296769
-6.16032743,-1.64634085
-6.15258789,-1.63972187
-6.14483356,-1.63311088
-6.13706446,-1.62650764
-6.12928104,-1.61991227
-6.12148333,-1.61332440
-6.11367130,-1.60674417
-6.10584545,-1.60017145
-6.09800577,-1.59360611
-6.09015274,-1.58704817
-6.08228588,-1.58049738
-6.07440567,-1.57395387
-6.06651258,-1.56741750
-6.05860662,-1.56088805
-6.05068731,-1.55436563
-6.04275608,-1.54785013
-6.03481197,-1.54134130
-6.02685547,-1.53483927
-6.01888704,-1.52834380
-6.01090670,-1.52185500
-6.00291443,-1.51537251
-5.99491072,-1.50889659
-5.98689556,-1.50242686
-5.97886896,-1.49596345
-5.97083092,-1.48950613
-5.96278238,-1.48305500
-5.95472288,-1.47660983
-5.94665289,-1.47017050
-5.93857241,-1.46373713
-5.93048143,-1.45730948
-5.92238045,-1.45088756
-5.91426992,-1.44447124
-5.90614891,-1.43806040
-5.89801884,-1.43165505
-5.88987875,-1.42525506
-5.88173008,-1.41886044
-5.87357187,-1.41247094
-5.86540461,-1.40608668
-5.85722876,-1.39970744
-5.84904385,-1.39333320
-5.84085083,-1.38696373
-5.83264971,-1.38059926
-5.82444048,-1.37423944
-5.81622314,-1.36788440
-5.80799770,-1.36153376
-5.79976511,-1.35518777
-5.79152489,-1.34884620
-5.78327751,-1.34250903
-5.77502251,-1.33617604
-5.76676083,-1.32984734
-5.75849247,-1.32352269
-5.75021791,-1.31720209
-5.74193621,-1.31088543
-5.73364830,-1.30457270
-5.72535467,-1.29826367
-5.71705484,-1.29195845
-5.70874929,-1.28565693
-5.70043802,-1.27935886
-5.69212151,-1.27306437
-5.68379974,-1.26677322
-5.67547226,-1.26048553
-5.66714048,-1.25420094
-5.65880394,-1.24791956
-5.65046215,-1.24164140
-5.64211655,-1.23536611
-5.63376617,-1.22909379
-5.62541199,-1.22282434
-5.61705399,-1.21655774
-5.60869217,-1.21029377
-5.60032654,-1.20403242
-5.59195757,-1.19777369
-5.58358526,-1.19151735
-5.57520962,-1.18526340
-5.56683111,-1.17901182
-5.55845022,-1.17276239
-5.55006647,-1.16651511
-5.54168034,-1.16026998
-5.53329182,-1.15402687
-5.52490139,-1.14778554
-5.51650858,-1.14154613
-5.50811434,-1.13530850
-5.49971819,-1.12907255
-5.49132109,-1.12283814
-5.48292255,-1.11660540
-5.47452259,-1.11037397
-5.46612215,-1.10414398
-5.45772028,-1.09791517
-5.44931841,-1.09168768
-5.44091606,-1.08546126
-5.43251324,-1.07923591
-5.42410994,-1.07301152
-5.41570711,-1.06678796
-5.40730476,-1.06056535
-5.39890242,-1.05434334
-5.39050102,-1.04812217
-5.38209963,-1.04190147
-5.37369967,-1.03568125
-5.36530066,-1.02946150
-5.35690308,-1.02324200
-5.34850693,-1.01702285
-5.34011173,-1.01080394
-5.33171892,-1.00458503
-5.32332754,-0.99836618
-5.31493855,-0.99214727
-5.30655146,-0.98592824
-5.29816723,-0.97970903
-5.28978539,-0.97348952
-5.28140593,-0.96726966
-5.27302980,-0.96104932
-5.26465654,-0.95482850
-5.25628662,-0.94860709
-5.24791956,-0.94238496
-5.23955679,-0.93616205
-5.23119736,-0.92993838
-5.22284222,-0.92371374
-5.21449041,-0.91748816
-5.20614338,-0.91126144
-5.19780064,-0.90503365
-5.18946266,-0.89880455
-5.18112898,-0.89257419
-5.17280054,-0.88634241
-5.16447735,-0.88010919
-5.15615892,-0.87387443
-5.14784622,-0.86763805
-5.13953876,-0.86139995
-5.13123751,-0.85516012
-5.12294149,-0.84891838
-5.11465216,-0.84267467
-5.10636854,-0.83642900
-5.09809208,-0.83018124
-5.08982134,-0.82393128
-5.08155775,-0.81767911
-5.07330132,-0.81142461
-5.06505156,-0.80516768
-5.05680895,-0.79890823
-5.04857397,-0.79264623
-5.04034662,-0.78638160
-5.03212690,-0.78011423
-5.02391529,-0.77384412
-5.01571131,-0.76757109
-5.00751591,-0.76129508
-4.99932861,-0.75501603
-4.99115038,-0.74873388
-4.98298073,-0.74244857
-4.97481966,-0.73615992
-4.96666813,-0.72986799
-4.95852518,-0.72357255
-4.95039225,-0.71727365
-4.94226885,-0.71097118
-4.93415499,-0.70466501
-4.92605066,-0.69835514
-4.91795683,-0.69204140
-4.90987349,-0.68572372
-4.90180016,-0.67940211
-4.89373732,-0.67307645
-4.88568544,-0.66674668
-4.87764454,-0.66041261
-4.86961460,-0.65407431
-4.86159611,-0.64773160
-4.85358906,-0.64138442
-4.84559298,-0.63503277
-4.83760929,-0.62867647
-4.82963705,-0.62231547
-4.82167721,-0.61594975
-4.81372976,-0.60957915
-4.80579424,-0.60320365
-4.79787159,-0.59682310
-4.78996181,-0.59043747
-4.78206444,-0.58404672
-4.77418041,-0.57765073
-4.76630974,-0.57124943
-4.75845242,-0.56484270
-4.75060892,-0.55843049
-4.74277878,-0.55201274
-4.73496294,-0.54558939
-4.72716093,-0.53916025
-4.71937323,-0.53272539
-4.71159983,-0.52628464
-4.70384073,-0.51983792
-4.69609690,-0.51338524
-4.68836784,-0.50692642
-4.68065405,-0.50046140
-4.67295504,-0.49399012
-4.66527176,-0.48751250
-4.65760374,-0.48102847
-4.64995193,-0.47453794
-4.64231586,-0.46804085
-4.63469601,-0.46153709
-4.62709188,-0.45502660
-4.61950493,-0.44850931
-4.61193419,-0.44198510
-4.60438013,-0.43545395
-4.59684277,-0.42891574
-4.58932304,-0.42237040
-4.58182001,-0.41581786
-4.57433462,-0.40925801
-4.56686687,-0.40269083
-4.55941725,-0.39611620
-4.55198479,-0.38953406
-4.54457092,-0.38294432
-4.53717518,-0.37634689
-4.52979803,-0.36974171
-4.52243900,-0.36312869
-4.51509905,-0.35650775
-4.50777817,-0.34987885
-4.50047636,-0.34324187
-4.49319363,-0.33659673
-4.48592997,-0.32994336
-4.47868633,-0.32328168
-4.47146273,-0.31661162
-4.46425867,-0.30993313
-4.45707464,-0.30324605
-4.44991112,-0.29655036
-4.44276762,-0.28984600
-4.43564510,-0.28313282
-4.42854309,-0.27641082
-4.42146206,-0.26967987
-4.41440201,-0.26293990
-4.40736341,-0.25619084
-4.40034628,-0.24943262
-4.39335060,-0.24266514
-4.38637686,-0.23588835
-4.37942505,-0.22910213
-4.37249517,-0.22230643
-4.36558771,-0.21550117
-4.35870218,-0.20868626
-4.35184002,-0.20186165
-4.34500027,-0.19502722
-4.33818340,-0.18818292
-4.33138943,-0.18132865
-4.32461882,-0.17446436
-4.31787205,-0.16758995
-4.31114817,-0.16070534
-4.30444860,-0.15381046
-4.29777288,-0.14690523
-4.29112101,-0.13998957
-4.28449345,-0.13306341
-4.27789068,-0.12612666
-4.27131224,-0.11917924
-4.26475859,-0.11222108
-4.25822973,-0.10525210
-4.25172615,-0.09827222
-4.24524784,-0.09128135
-4.23879480,-0.08427943
-4.23236752,-0.07726637
-4.22596598,-0.07024210
-4.21959066,-0.06320653
-4.21324110,-0.05615959
-4.20691776,-0.04910120
-4.20062065,-0.04203128
-4.19435072,-0.03494975
-4.18810701,-0.02785653
-4.18189049,-0.02075154
-4.17570114,-0.01363471
-4.16953897,-0.00650596
-4.16340446,0.00063479
-4.15729713,0.00778763
-4.15121794,0.01495262
-4.14516640,0.02212985
-4.13914299,0.02931940
-4.13314772,0.03652134
-4.12718153,0.04373576
-4.12124348,0.05096273
-4.11533403,0.05820233
-4.10945368,0.06545464
-4.10360241,0.07271974
-4.09778070,0.07999770
-4.09198809,0.08728861
-4.08622503,0.09459254
-4.08049202,0.10190959
-4.07478905,0.10923980
-4.06911564,0.11658328
-4.06347322,0.12394010
-4.05786085,0.13131033
-4.05227900,0.13869406
-4.04672813,0.14609137
-4.04120779,0.15350233
-4.03571892,0.16092701
-4.03026104,0.16836552
-4.02483511,0.17581791
-4.01944017,0.18328427
-4.01407766,0.19076467
-4.00874662,0.19825920
-4.00344801,0.20576793
-3.99818134,0.21329094
-3.99294734,0.22082832
-3.98774576,0.22838014
-3.98257709,0.23594648
-3.97744131,0.24352740
-3.97233868,0.25112301
-3.96726918,0.25873336
-3.96223330,0.26635855
-3.95723104,0.27399868
-3.95226264,0.28165376
-3.94732785,0.28932393
-3.94242740,0.29700920
-3.93756080,0.30470952
-3.93272805,0.31242490
-3.92792892,0.32015526
-3.92316365,0.32790059
-3.91843224,0.33566085
-3.91373396,0.34343600
-3.90906954,0.35122600
-3.90443826,0.35903081
-3.89984035,0.36685041
-3.89527559,0.37468472
-3.89074421,0.38253379
-3.88624573,0.39039749
-3.88178039,0.39827582
-3.87734795,0.40616876
-3.87294817,0.41407627
-3.86858130,0.42199829
-3.86424708,0.42993480
-3.85994554,0.43788576
-3.85567665,0.44585115
-3.85143995,0.45383090
-3.84723568,0.46182501
-3.84306383,0.46983340
-3.83892393,0.47785607
-3.83481646,0.48589298
-3.83074093,0.49394408
-3.82669735,0.50200933
-3.82268548,0.51008868
-3.81870580,0.51818216
-3.81475759,0.52628970
-3.81084108,0.53441119
-3.80695629,0.54254669
-3.80310273,0.55069613
-3.79928088,0.55885953
-3.79549026,0.56703669
-3.79173088,0.57522774
-3.78800273,0.58343261
-3.78430557,0.59165120
-3.78063965,0.59988350
-3.77700448,0.60812950
-3.77340031,0.61638916
-3.76982689,0.62466240
-3.76628423,0.63294923
-3.76277208,0.64124960
-3.75929070,0.64956349
-3.75583959,0.65789086
-3.75241899,0.66623163
-3.74902868,0.67458576
-3.74566841,0.68295330
-3.74233866,0.69133413
-3.73903871,0.69972825
-3.73576880,0.70813560
-3.73252892,0.71655619
-3.72931886,0.72498995
-3.72613859,0.73343682
-3.72298789,0.74189681
-3.71986699,0.75036985
-3.71677542,0.75885594
-3.71371341,0.76735502
-3.71068072,0.77586704
-3.70767736,0.78439200
-3.70470309,0.79292983
-3.70175815,0.80148047
-3.69884229,0.81004399
-3.69595528,0.81862020
-3.69309711,0.82720917
-3.69026780,0.83581090
-3.68746734,0.84442526
-3.68469548,0.85305220
-3.68195200,0.86169177
-3.67923737,0.87034392
-3.67655087,0.87900853
-3.67389297,0.88768566
-3.67126322,0.89637518
-3.66866159,0.90507716
-3.66608810,0.91379148
-3.66354275,0.92251819
-3.66102505,0.93125713
-3.65853548,0.94000840
-3.65607381,0.94877183
-3.65363955,0.95754749
-3.65123320,0.96633524
-3.64885426,0.97513515
-3.64650273,0.98394716
-3.64417887,0.99277121
-3.64188194,1.00160718
-3.63961267,1.01045525
-3.63737035,1.01931512
-3.63515496,1.02818704
-3.63296676,1.03707075
-3.63080549,1.04596627
-3.62867093,1.05487359
-3.62656331,1.06379259
-3.62448239,1.07272339
-3.62242794,1.08166575
-3.62039995,1.09061992
-3.61839867,1.09958553
-3.61642361,1.10856283
-3.61447477,1.11755168
-3.61255240,1.12655187
-3.61065602,1.13556361
-3.60878563,1.14458680
-3.60694122,1.15362144
-3.60512280,1.16266727
-3.60333014,1.17172444
-3.60156322,1.18079293
-3.59982204,1.18987274
-3.59810638,1.19896364
-3.59641623,1.20806575
-3.59475136,1.21717894
-3.59311199,1.22630334
-3.59149790,1.23543870
-3.58990908,1.24458504
-3.58834529,1.25374246
-3.58680630,1.26291072
-3.58529258,1.27208996
-3.58380365,1.28128016
-3.58233953,1.29048109
-3.58089995,1.29969287
-3.57948518,1.30891538
-3.57809496,1.31814861
-3.57672906,1.32739258
-3.57538772,1.33664715
-3.57407069,1.34591234
-3.57277799,1.35518813
-3.57150936,1.36447453
-3.57026458,1.37377131
-3.56904411,1.38307869
-3.56784749,1.39239645
-3.56667471,1.40172458
-3.56552577,1.41106308
-3.56440043,1.42041194
-3.56329870,1.42977107
-3.56222034,1.43914056
-3.56116581,1.44852018
-3.56013441,1.45790994
-3.55912638,1.46730983
-3.55814147,1.47671998
-3.55717969,1.48614001
-3.55624104,1.49557018
-3.55532527,1.50501037
-3.55443263,1.51446044
-3.55356264,1.52392054
-3.55271554,1.53339040
-3.55189085,1.54287028
-3.55108881,1.55235982
-3.55030942,1.56185925
-3.54955244,1.57136834
-3.54881763,1.58088720
-3.54810524,1.59041572
-3.54741502,1.59995377
-3.54674697,1.60950160
-3.54610085,1.61905885
-3.54547668,1.62862563
-3.54487443,1.63820195
-3.54429412,1.64778769
-3.54373527,1.65738285
-3.54319835,1.66698742
-3.54268265,1.67660129
-3.54218864,1.68622458
-3.54171586,1.69585693
-3.54126453,1.70549870
-3.54083443,1.71514952
-3.54042554,1.72480965
-3.54003787,1.73447883
-3.53967094,1.74415708
-3.53932500,1.75384438
-3.53900003,1.76354074
-3.53869557,1.77324605
-3.53841209,1.78296030
-3.53814912,1.79268336
-3.53790665,1.80241537
-3.53768468,1.81215620
-3.53748298,1.82190585
-3.53730154,1.83166432
-3.53714061,1.84143138
-3.53699946,1.85120726
-3.53687859,1.86099172
-3.53677773,1.87078476
-3.53669667,1.88058639
-3.53663540,1.89039660
-3.53659391,1.90021527
-3.53657222,1.91004241
-3.53657007,1.91987789
-3.53658724,1.92972195
-3.53662395,1.93957424
-3.53667998,1.94943488
-3.53675532,1.95930386
-3.53684998,1.96918094
-3.53696346,1.97906637
-3.53709626,1.98895991
-3.53724790,1.99886167
-3.53741837,2.00877142
-3.53760767,2.01868939
-3.53781581,2.02861524
-3.53804231,2.03854895
-3.53828764,2.04849100
-3.53855133,2.05844069
-3.53883338,2.06839824
-3.53913379,2.07836390
-3.53945255,2.08833718
-3.53978944,2.09831810
-3.54014421,2.10830688
-3.54051733,2.11830354
-3.54090810,2.12830758
-3.54131675,2.13831949
-3.54174328,2.14833879
-3.54218745,2.15836573
-3.54264927,2.16840005
-3.54312873,2.17844200
-3.54362535,2.18849158
-3.54413962,2.19854832
-3.54467106,2.20861244
-3.54521966,2.21868396
-3.54578543,2.22876263
-3.54636836,2.23884869
-3.54696822,2.24894190
-3.54758501,2.25904250
-3.54821849,2.26915002
-3.54886889,2.27926493
-3.54953599,2.28938675
-3.55021954,2.29951549
-3.55091953,2.30965137
-3.55163622,2.31979418
-3.55236912,2.32994390
-3.55311823,2.34010053
-3.55388355,2.35026407
-3.55466485,2.36043453
-3.55546236,2.37061167
-3.55627584,2.38079548
-3.55710530,2.39098597
-3.55795026,2.40118337
-3.55881119,2.41138721
-3.55968761,2.42159772
-3.56057978,2.43181491
-3.56148720,2.44203854
-3.56241012,2.45226860
-3.56334853,2.46250510
-3.56430197,2.47274828
-3.56527066,2.48299766
-3.56625438,2.49325323
-3.56725311,2.50351524
-3.56826687,2.51378369
-3.56929541,2.52405834
-3.57033873,2.53433895
-3.57139659,2.54462600
-3.57246923,2.55491900
-3.57355642,2.56521821
-3.57465816,2.57552338
-3.57577419,2.58583450
-3.57690430,2.59615183
-3.57804894,2.60647488
-3.57920766,2.61680412
-3.58038020,2.62713909
-3.58156705,2.63747978
-3.58276772,2.64782643
-3.58398199,2.65817881
-3.58521032,2.66853690
-3.58645201,2.67890072
-3.58770752,2.68927002
-3.58897662,2.69964504
-3.59025884,2.71002579
-3.59155464,2.72041202
-3.59286356,2.73080373
-3.59418583,2.74120069
-3.59552121,2.75160336
-3.59686947,2.76201153
-3.59823084,2.77242470
-3.59960508,2.78284359
-3.60099196,2.79326749
-3.60239172,2.80369663
-3.60380411,2.81413126
-3.60522890,2.82457089
-3.60666633,2.83501554
-3.60811615,2.84546542
-3.60957837,2.85592055
-3.61105275,2.86638045
-3.61253929,2.87684560
-3.61403799,2.88731551
-3.61554861,2.89779043
-3.61707115,2.90827012
-3.61860561,2.91875482
-3.62015176,2.92924428
-3.62170959,2.93973851
-3.62327909,2.95023751
-3.62486029,2.96074104
-3.62645268,2.97124958
-3.62805676,2.98176241
-3.62967181,2.99228001
-3.63129830,3.00280213
-3.63293576,3.01332879
-3.63458443,3.02385998
-3.63624406,3.03439569
-3.63791466,3.04493570
-3.63959599,3.05548000
-3.64128804,3.06602883
-3.64299083,3.07658195
-3.64470410,3.08713913
-3.64642811,3.09770083
-3.64816236,3.10826659
-3.64990687,3.11883640
-3.65166187,3.12941051
-3.65342689,3.13998866
-3.65520215,3.15057063
-3.65698743,3.16115689
-3.65878272,3.17174697
-3.66058779,3.18234110
-3.66240263,3.19293928
-3.66422749,3.20354104
-3.66606164,3.21414685
-3.66790557,3.22475624
-3.66975880,3.23536944
-3.67162156,3.24598646
-3.67349362,3.25660729
-3.67537498,3.26723146
-3.67726541,3.27785945
-3.67916489,3.28849101
-3.68107367,3.29912591
-3.68299103,3.30976462
-3.68491745,3.32040644
-3.68685269,3.33105206
-3.68879652,3.34170079
-3.69074893,3.35235310
-3.69270992,3.36300850
-3.69467950,3.37366724
-3.69665718,3.38432932
-3.69864345,3.39499474
-3.70063782,3.40566301
-3.70264030,3.41633463
-3.70465088,3.42700934
-3.70666933,3.43768716
-3.70869589,3.44836783
-3.71073008,3.45905161
-3.71277213,3.46973825
-3.71482205,3.48042798
-3.71687937,3.49112034
-3.71894407,3.50181580
-3.72101641,3.51251388
-3.72309589,3.52321482
-3.72518277,3.53391862
-3.72727704,3.54462504
-3.72937822,3.55533409
-3.73148632,3.56604576
-3.73360157,3.57675982
-3.73572373,3.58747673
-3.73785257,3.59819603
-3.73998809,3.60891795
-3.74213052,3.61964226
-3.74427938,3.63036871
-3.74643469,3.64109778
-3.74859619,3.65182924
-3.75076437,3.66256285
-3.75293875,3.67329884
-3.75511909,3.68403697
-3.75730562,3.69477725
-3.75949836,3.70551991
-3.76169682,3.71626449
-3.76390123,3.72701120
-3.76611137,3.73775983
-3.76832724,3.74851060
-3.77054858,3.75926328
-3.77277565,3.77001810
-3.77500796,3.78077459
-3.77724600,3.79153299
-3.77948904,3.80229330
-3.78173733,3.81305528
-3.78399086,3.82381892
-3.78624964,3.83458447
-3.78851318,3.84535170
-3.79078150,3.85612035
-3.79305482,3.86689091
-3.79533291,3.87766290
-3.79761577,3.88843632
-3.79990292,3.89921141
-3.80219483,3.90998793
-3.80449104,3.92076564
-3.80679178,3.93154502
-3.80909657,3.94232559
-3.81140590,3.95310760
-3.81371903,3.96389079
-3.81603622,3.97467518
-3.81835747,3.98546100
-3.82068253,3.99624777
-3.82301164,4.00703573
-3.82534409,4.01782465
-3.82768059,4.02861500
-3.83002043,4.03940582
-3.83236361,4.05019808
-3.83471036,4.06099129
-3.83706045,4.07178497
-3.83941388,4.08258009
-3.84177041,4.09337568
-3.84413004,4.10417223
-3.84649253,4.11496925
-3.84885812,4.12576723
-3.85122657,4.13656616
-3.85359788,4.14736557
-3.85597157,4.15816545
-3.85834813,4.16896582
-3.86072731,4.17976713
-3.86310863,4.19056845
-3.86549258,4.20137072
-3.86787891,4.21217299
-3.87026739,4.22297621
-3.87265778,4.23377943
-3.87505054,4.24458313
-3.87744522,4.25538683
-3.87984180,4.26619101
-3.88224006,4.27699566
-3.88464022,4.28779984
-3.88704205,4.29860449
-3.88944530,4.30940962
-3.89185023,4.32021427
-3.89425659,4.33101940
-3.89666438,4.34182405
-3.89907336,4.35262918
-3.90148354,4.36343384
-3.90389490,4.37423849
-3.90630722,4.38504314
-3.90872049,4.39584732
-3.91113472,4.40665150
-3.91354966,4.41745567
-3.91596532,4.42825890
-3.91838169,4.43906260
-3.92079878,4.44986534
-3.92321610,4.46066761
-3.92563415,4.47146988
-3.92805219,4.48227167
-3.93047071,4.49307251
-3.93288922,4.50387287
-3.93530798,4.51467323
-3.93772674,4.52547216
-3.94014525,4.53627110
-3.94256377,4.54706907
-3.94498205,4.55786610
-3.94740009,4.56866264
-3.94981766,4.57945824
-3.95223498,4.59025335
-3.95465159,4.60104704
-3.95706749,4.61184025
-3.95948291,4.62263250
-3.96189737,4.63342333
-3.96431112,4.64421368
-3.96672392,4.65500259
-3.96913552,4.66579056
-3.97154617,4.67657709
-3.97395563,4.68736267
-3.97636390,4.69814730
-3.97877097,4.70893049
-3.98117638,4.71971226
-3.98358035,4.73049307
-3.98598289,4.74127245
-3.98838377,4.75204992
-3.99078298,4.76282644
-3.99318027,4.77360153
-3.99557567,4.78437519
-3.99796915,4.79514694
-4.00036049,4.80591726
-4.00274992,4.81668615
-4.00513697,4.82745314
-4.00752211,4.83821869
-4.00990438,4.84898233
-4.01228428,4.85974455
-4.01466227,4.87050438
-4.01703691,4.88126278
-4.01940918,4.89201927
-4.02177906,4.90277386
-4.02414560,4.91352654
-4.02650976,4.92427731
-4.02887058,4.93502617
-4.03122807,4.94577265
-4.03358316,4.95651722
-4.03593445,4.96725988
-4.03828239,4.97800016
-4.04062748,4.98873806
-4.04296875,4.99947405
-4.04530621,5.01020765
-4.04764080,5.02093887
-4.04997110,5.03166819
-4.05229759,5.04239464
-4.05462074,5.05311871
-4.05693960,5.06384039
-4.05925465,5.07455969
-4.06156540,5.08527660
-4.06387186,5.09599066
-4.06617451,5.10670233
-4.06847239,5.11741114
-4.07076597,5.12811756
-4.07305527,5.13882113
-4.07534027,5.14952230
-4.07762003,5.16022015
-4.07989550,5.17091560
-4.08216572,5.18160820
-4.08443165,5.19229746
-4.08669233,5.20298433
-4.08894777,5.21366787
-4.09119844,5.22434855
-4.09344339,5.23502636
-4.09568357,5.24570084
-4.09791851,5.25637245
-4.10014772,5.26704073
-4.10237122,5.27770615
-4.10458946,5.28836775
-4.10680199,5.29902649
-4.10900879,5.30968189
-4.11120987,5.32033396
-4.11340475,5.33098269
-4.11559391,5.34162807
-4.11777687,5.35227013
-4.11995411,5.36290884
-4.12212467,5.37354374
-4.12428904,5.38417530
-4.12644672,5.39480305
-4.12859821,5.40542698
-4.13074350,5.41604757
-4.13288164,5.42666483
-4.13501358,5.43727779
-4.13713837,5.44788742
-4.13925648,5.45849276
-4.14136744,5.46909475
-4.14347172,5.47969246
-4.14556885,5.49028635
-4.14765882,5.50087643
-4.14974117,5.51146269
-4.15181684,5.52204466
-4.15388441,5.53262281
-4.15594530,5.54319668
-4.15799809,5.55376673
-4.16004324,5.56433201
-4.16208076,5.57489347
-4.16411066,5.58545113
-4.16613245,5.59600401
-4.16814613,5.60655260
-4.17015219,5.61709690
-4.17214966,5.62763691
-4.17413950,5.63817215
-4.17612076,5.64870310
-4.17809391,5.65922976
-4.18005848,5.66975212
-4.18201447,5.68026924
-4.18396187,5.69078207
-4.18590069,5.70129061
-4.18783045,5.71179390
-4.18975163,5.72229290
-4.19166422,5.73278713
-4.19356728,5.74327660
-4.19546175,5.75376081
-4.19734669,5.76424074
-4.19922256,5.77471542
-4.20108938,5.78518534
-4.20294666,5.79565048
-4.20479536,5.80611038
-4.20663452,5.81656551
-4.20846462,5.82701635
-4.21028519,5.83746195
-4.21209717,5.84790277
-4.21390009,5.85833883
-4.21569395,5.86877012
-4.21747923,5.87919664
-4.21925545,5.88961840
-4.22102261,5.90003538
-4.22278070,5.91044760
-4.22453022,5.92085552
-4.22627115,5.93125820
-4.22800303,5.94165659
-4.22972631,5.95205021
-4.23144054,5.96243954
-4.23314667,5.97282410
-4.23484373,5.98320389
-4.23653269,5.99357891
-4.23821259,6.00394964
-4.23988390,6.01431608
-4.24154711,6.02467775
-4.24320173,6.03503513
-4.24484777,6.04538774
-4.24648523,6.05573559
-4.24811459,6.06607962
-4.24973583,6.07641888
-4.25134850,6.08675385
-4.25295258,6.09708405
-4.25454903,6.10740995
-4.25613689,6.11773205
-4.25771666,6.12804890
-4.25928831,6.13836193
-4.26085138,6.14867067
-4.26240683,6.15897512
-4.26395416,6.16927481
-4.26549339,6.17957067
-4.26702452,6.18986225
-4.26854801,6.20014954
-4.27006340,6.21043253
-4.27157068,6.22071123
-4.27307034,6.23098564
-4.27456188,6.24125624
-4.27604580,6.25152206
-4.27752209,6.26178408
-4.27899075,6.27204227
-4.28045130,6.28229618
-4.28190422,6.29254580
-4.28334999,6.30279112
-4.28478765,6.31303263
-4.28621769,6.32327032
-4.28764057,6.33350372
-4.28905535,6.34373283
-4.29046297,6.35395813
-4.29186344,6.36417961
-4.29325581,6.37439728
-4.29464149,6.38461065
-4.29601908,6.39482021
-4.29738998,6.40502548
-4.29875326,6.41522741
-4.30010939,6.42542505
-4.30145836,6.43561888
-4.30279970,6.44580889
-4.30413437,6.45599508
-4.30546188,6.46617746
-4.30678177,6.47635603
-4.30809498,6.48653078
-4.30940104,6.49670172
-4.31070042,6.50686932
-4.31199265,6.51703262
-4.31327772,6.52719212
-4.31455612,6.53734827
-4.31582737,6.54750061
-4.31709194,6.55764914
-4.31834936,6.56779432
-4.31960058,6.57793570
-4.32084465,6.58807325
-4.32208204,6.59820700
-4.32331276,6.60833740
-4.32453680,6.61846447
-4.32575417,6.62858772
-4.32696486,6.63870764
-4.32816935,6.64882374
-4.32936716,6.65893650
-4.33055830,6.66904545
-4.33174276,6.67915106
-4.33292150,6.68925333
-4.33409309,6.69935226
-4.33525848,6.70944738
-4.33641768,6.71953917
-4.33757067,6.72962761
-4.33871746,6.73971272
-4.33985758,6.74979448
-4.34099197,6.75987291
-4.34211969,6.76994801
-4.34324169,6.78001928
-4.34435701,6.79008770
-4.34546661,6.80015278
-4.34657001,6.81021452
-4.34766769,6.82027340
-4.34875917,6.83032846
-4.34984446,6.84038067
-4.35092402,6.85042953
-4.35199785,6.86047506
-4.35306549,6.87051725
-4.35412788,6.88055658
-4.35518408,6.89059258
-4.35623407,6.90062571
-4.35727882,6.91065550
-4.35831785,6.92068243
-4.35935116,6.93070602
-4.36037874,6.94072676
-4.36140060,6.95074415
-4.36241722,6.96075869
-4.36342812,6.97077036
-4.36443329,6.98077869
-4.36543322,6.99078417
-4.36642742,7.00078678
-4.36741686,7.01078653
-4.36840010,7.02078295
-4.36937857,7.03077698
-4.37035131,7.04076767
-4.37131882,7.05075550
-4.37228107,7.06074047
-4.37323856,7.07072258
-4.37419033,7.08070230
-4.37513685,7.09067869
-4.37607861,7.10065222
-4.37701511,7.11062336
-4.37794638,7.12059164
-4.37887287,7.13055706
-4.37979412,7.14051962
-4.38071060,7.15047932
-4.38162231,7.16043663
-4.38252878,7.17039108
-4.38343048,7.18034315
-4.38432693,7.19029188
-4.38521910,7.20023870
-4.38610601,7.21018267
-4.38698864,7.22012377
-4.38786650,7.23006248
-4.38873911,7.23999834
-4.38960743,7.24993181
-4.39047146,7.25986290
-4.39133024,7.26979160
-4.39218521,7.27971745
-4.39303493,7.28964090
-4.39388037,7.29956150
-4.39472151,7.30948019
-4.39555788,7.31939602
-4.39639044,7.32930946
-4.39721823,7.33922100
-4.39804173,7.34912968
-4.39886093,7.35903597
-4.39967537,7.36893988
-4.40048599,7.37884140
-4.40129280,7.38874054
-4.40209484,7.39863777
-4.40289307,7.40853214
-4.40368700,7.41842461
-4.40447664,7.42831469
-4.40526247,7.43820286
-4.40604448,7.44808817
-4.40682220,7.45797157
-4.40759611,7.46785259
-4.40836573,7.47773170
-4.40913200,7.48760843
-4.40989399,7.49748325
-4.41065216,7.50735569
-4.41140652,7.51722574
-4.41215754,7.52709389
-4.41290426,7.53696012
-4.41364765,7.54682398
-4.41438723,7.55668640
-4.41512299,7.56654596
-4.41585541,7.57640409
-4.41658401,7.58625984
-4.41730928,7.59611368
-4.41803122,7.60596561
-4.41874933,7.61581564
-4.41946411,7.62566376
-4.42017508,7.63550949
-4.42088318,7.64535379
-4.42158794,7.65519571
-4.42228889,7.66503620
-4.42298698,7.67487478
-4.42368174,7.68471146
-4.42437315,7.69454622
-4.42506123,7.70437908
-4.42574644,7.71421003
-4.42642832,7.72403955
-4.42710686,7.73386717
-4.42778301,7.74369287
-4.42845535,7.75351715
-4.42912531,7.76333952
-4.42979193,7.77315998
-4.43045568,7.78297901
-4.43111658,7.79279613
-4.43177462,7.80261183
-4.43242979,7.81242609
-4.43308210,7.82223845
-4.43373156,7.83204889
-4.43437815,7.84185791
-4.43502235,7.85166550
-4.43566370,7.86147165
-4.43630266,7.87127590
-4.43693829,7.88107920
-4.43757200,7.89088058
-4.43820286,7.90068054
-4.43883133,7.91047859
-4.43945694,7.92027569
-4.44008064,7.93007135
-4.44070148,7.93986559
-4.44131994,7.94965792
-4.44193602,7.95944929
-4.44255018,7.96923923
-4.44316149,7.97902775
-4.44377089,7.98881483
-4.44437790,7.99860048
-4.44498253,8.00838470
-4.44558525,8.01816845
-4.44618559,8.02795029
-4.44678402,8.03773117
-4.44738007,8.04751015
-4.44797421,8.05728817
-4.44856644,8.06706524
-4.44915676,8.07684135
-4.44974470,8.08661556
-4.45033121,8.09638882
-4.45091534,8.10616112
-4.45149803,8.11593246
-4.45207882,8.12570190
-4.45265770,8.13547134
-4.45323467,8.14523888
-4.45381021,8.15500546
-4.45438385,8.16477108
-4.45495558,8.17453575
-4.45552588,8.18429852
-4.45609474,8.19406128
-4.45666170,8.20382309
-4.45722771,8.21358395
-4.45779181,8.22334290
-4.45835400,8.23310184
-4.45891523,8.24285984
-4.45947504,8.25261593
-4.46003342,8.26237202
-4.46059036,8.27212715
-4.46114588,8.28188133
-4.46170044,8.29163456
-4.46225357,8.30138683
-4.46280527,8.31113815
-4.46335602,8.32088947
-4.46390533,8.33063889
-4.46445370,8.34038830
-4.46500111,8.35013676
-4.46554708,8.35988522
-4.46609211,8.36963177
-4.46663666,8.37937832
-4.46717978,8.38912392
-4.46772194,8.39886856
-4.46826315,8.40861320
-4.46880341,8.41835690
-4.46934319,8.42809963
-4.46988201,8.43784237
-4.47041988,8.44758415
-4.47095680,8.45732594
-4.47149372,8.46706676
-4.47202921,8.47680664
-4.47256422,8.48654652
-4.47309875,8.49628544
-4.47363281,8.50602436
-4.47416639,8.51576233
-4.47469902,8.52550030
-4.47523117,8.53523731
-4.47576332,8.54497433
-4.47629452,8.55471039
-4.47682571,8.56444645
-4.47735643,8.57418251
-4.47788668,8.58391762
-4.47841644,8.59365273
-4.47894621,8.60338688
-4.47947550,8.61312199
-4.48000479,8.62285519
-4.48053408,8.63258934
-4.48106289,8.64232254
-4.48159170,8.65205574
-4.48212051,8.66178894
-4.48264885,8.67152119
-4.48317766,8.68125439
-4.48370600,8.69098663
-4.48423481,8.70071888
-4.48476362,8.71045113
-4.48529243,8.72018242
-4.48582125,8.72991467
-4.48635054,8.73964596
-4.48687983,8.74937820
-4.48740959,8.75910950
-4.48793936,8.76884079
-4.48846960,8.77857208
-4.48899984,8.78830338
-4.48953056,8.79803467
-4.49006224,8.80776596
-4.49059343,8.81749725
-4.49112558,8.82722950
-4.49165821,8.83696079
-4.49219131,8.84669209
-4.49272490,8.85642433
-4.49325943,8.86615562
-4.49379396,8.87588787
-4.49432945,8.88562012
-4.49486542,8.89535141
-4.49540234,8.90508461
-4.49594021,8.91481686
-4.49647856,8.92454910
-4.49701738,8.93428230
-4.49755764,8.94401550
-4.49809837,8.95374870
-4.49864006,8.96348286
-4.49918270,8.97321701
-4.49972630,8.98295116
-4.50027132,8.99268627
-4.50081682,9.00242043
-4.50136328,9.01215649
-4.50191116,9.02189159
-4.50246048,9.03162766
-4.50301027,9.04136467
-4.50356150,9.05110073
-4.50411415,9.06083870
-4.50466776,9.07057571
-4.50522280,9.08031464
-4.50577927,9.09005260
-4.50633669,9.09979248
-4.50689602,9.10953236
-4.50745630,9.11927223
-4.50801802,9.12901306
-4.50858164,9.13875389
-4.50914621,9.14849567
-4.50971270,9.15823841
-4.51028061,9.16798115
-4.51084995,9.17772484
-4.51142120,9.18746948
-4.51199389,9.19721508
-4.51256847,9.20696068
-4.51314497,9.21670628
-4.51372290,9.22645378
-4.51430273,9.23620129
-4.51488447,9.24594975
-4.51546764,9.25569916
-4.51605320,9.26544952
-4.51664019,9.27519989
-4.51722956,9.28495216
-4.51782084,9.29470444
-4.51841402,9.30445766
-4.51900911,9.31421185
-4.51960659,9.32396698
-4.52020597,9.33372211
-4.52080727,9.34347916
-4.52141094,9.35323715
-4.52201700,9.36299610
-4.52262497,9.37275505
-4.52323532,9.38251591
-4.52384806,9.39227772
-4.52446318,9.40203953
-4.52508068,9.41180325
-4.52570009,9.42156792
-4.52632236,9.43133354
-4.52694702,9.44110012
-4.52757406,9.45086765
-4.52820396,9.46063709
-4.52883625,9.47040653
-4.52947092,9.48017788
-4.53010845,9.48995018
-4.53074837,9.49972343
-4.53139114,9.50949764
-4.53203630,9.51927376
-4.53268480,9.52905083
-4.53333569,9.53882885
-4.53398943,9.54860783
-4.53464603,9.55838871
-4.53530550,9.56817055
-4.53596783,9.57795429
-4.53663301,9.58773804
-4.53730106,9.59752464
-4.53797245,9.60731125
-4.53864670,9.61709976
-4.53932381,9.62689018
-4.54000425,9.63668156
-4.54068804,9.64647388
-4.54137468,9.65626812
-4.54206467,9.66606331
-4.54275751,9.67586040
-4.54345369,9.68565941
-4.54415369,9.69545937
-4.54485655,9.70526028
-4.54556274,9.71506310
-4.54627228,9.72486782
-4.54698515,9.73467350
-4.54770184,9.74448109
-4.54842186,9.75429058
-4.54914522,9.76410103
-4.54987240,9.77391338
-4.55060291,9.78372765
-4.55133677,9.79354286
-4.55207491,9.80336094
-4.55281591,9.81317997
-4.55356121,9.82299995
-4.55431032,9.83282280
-4.55506277,9.84264660
-4.55581903,9.85247231
-4.55657959,9.86229992
-4.55734348,9.87212944
-4.55811167,9.88196087
-4.55888319,9.89179325
-4.55965900,9.90162849
-4.56043911,9.91146469
-4.56122255,9.92130375
-4.56201077,9.93114376
-4.56280231,9.94098663
-4.56359863,9.95083046
-4.56439877,9.96067619
-4.56520319,9.97052479
-4.56601143,9.98037434
-4.56682444,9.99022675
-4.56764126,10.00008011
-4.56846285,10.00993633
-4.56928825,10.01979446
-4.57011843,10.02965355
-4.57095289,10.03951645
-4.57179165,10.04938030
-4.57263517,10.05924606
-4.57348299,10.06911469
-4.57433510,10.07898521
-4.57519197,10.08885765
-4.57605362,10.09873199
-4.57691956,10.10860920
-4.57779026,10.11848736
-4.57866573,10.12836933
-4.57954550,10.13825226
-4.58043051,10.14813805
-4.58132029,10.15802574
-4.58221436,10.16791630
-4.58311367,10.17780781
-4.58401775,10.18770313
-4.58492708,10.19760036
-4.58584070,10.20749950
-4.58675957,10.21740055
-4.58768368,10.22730446
-4.58861256,10.23721123
-4.58954668,10.24711990
-4.59048557,10.25703144
-4.59142971,10.26694489
-4.59237909,10.27686119
-4.59333372,10.28677940
-4.59429359,10.29670048
-4.59525824,10.30662346
-4.59622860,10.31654930
-4.59720421,10.32647800
-4.59818554,10.33640957
-4.59917164,10.34634304
-4.60016346,10.35627842
-4.60116053,10.36621761
-4.60216331,10.37615871
-4.60317135,10.38610268
-4.60418510,10.39604950
-4.60520411,10.40599823
-4.60622931,10.41595078
-4.60725975,10.42590523
-4.60829592,10.43586254
-4.60933781,10.44582176
-4.61038494,10.45578480
-4.61143827,10.46574974
-4.61249781,10.47571850
-4.61356258,10.48568916
-4.61463308,10.49566269
-4.61570978,10.50564003
-4.61679268,10.51561928
-4.61788130,10.52560139
-4.61897564,10.53558636
-4.62007618,10.54557419
-4.62118292,10.55556488
-4.62229538,10.56555939
-4.62341404,10.57555580
-4.62453890,10.58555508
-4.62566996,10.59555817
-4.62680721,10.60556316
-4.62795067,10.61557198
-4.62910080,10.62558365
-4.63025665,10.63559818
-4.63141918,10.64561558
-4.63258791,10.65563679
-4.63376284,10.66565990
-4.63494444,10.67568684
-4.63613272,10.68571663
-4.63732719,10.69575024
-4.63852835,10.70578575
-4.63973570,10.71582508
-4.64094973,10.72586823
-4.64217091,10.73591328
-4.64339828,10.74596214
-4.64463234,10.75601482
-4.64587307,10.76606941
-4.64712095,10.77612782
-4.64837503,10.78619003
-4.64963627,10.79625511
-4.65090418,10.80632401
-4.65217924,10.81639481
-4.65346098,10.82647038
-4.65474939,10.83654881
-4.65604496,10.84663010
-4.65734768,10.85671520
-4.65865755,10.86680412
-4.65997410,10.87689590
-4.66129827,10.88699150
-4.66262913,10.89708996
-4.66396713,10.90719223
-4.66531229,10.91729832
-4.66666508,10.92740726
-4.66802502,10.93752003
-4.66939163,10.94763660
-4.67076635,10.95775604
-4.67214775,10.96787930
-4.67353725,10.97800636
-4.67493343,10.98813629
-4.67633772,10.99827099
-4.67774916,11.00840855
-4.67916775,11.01854992
-4.68059444,11.02869511
-4.68202829,11.03884315
-4.68346977,11.04899597
-4.68491936,11.05915165
-4.68637609,11.06931210
-4.68784094,11.07947540
-4.68931293,11.08964252
-4.69079304,11.09981346
-4.69228125,11.10998821
-4.69377708,11.12016678
-4.69528055,11.13034916
-4.69679213,11.14053535
-4.69831133,11.15072536
-4.69983864,11.16091919
-4.70137405,11.17111778
-4.70291710,11.18131924
-4.70446873,11.19152451
-4.70602798,11.20173454
-4.70759583,11.21194744
-4.70917130,11.22216511
-4.71075535,11.23238659
-4.71234751,11.24261189
-4.71394777,11.25284195
-4.71555614,11.26307487
-4.71717310,11.27331257
-4.71879816,11.28355408
-4.72043180,11.29379940
-4.72207403,11.30404949
-4.72372437,11.31430340
-4.72538328,11.32456112
-4.72705030,11.33482361
-4.72872639,11.34508991
-4.73041058,11.35536003
-4.73210382,11.36563492
-4.73380518,11.37591362
-4.73551559,11.38619614
-4.73723459,11.39648342
-4.73896217,11.40677547
-4.74069834,11.41707134
-4.74244356,11.42737103
-4.74419785,11.43767548
-4.74596071,11.44798470
-4.74773216,11.45829773
-4.74951267,11.46861458
-4.75130224,11.47893620
-4.75310087,11.48926163
-4.75490904,11.49959087
-4.75672579,11.50992393
-4.75855160,11.52026176
-4.76038694,11.53060246
-4.76223183,11.54094696
-4.76408577,11.55129433
-4.76594925,11.56164551
-4.76782227,11.57199955
-4.76970482,11.58235741
-4.77159739,11.59271812
-4.77349901,11.60308170
-4.77541065,11.61344814
-4.77733231,11.62381744
-4.77926350,11.63418961
-4.78120422,11.64456367
-4.78315544,11.65494061
-4.78511667,11.66531944
-4.78708792,11.67570114
-4.78906918,11.68608475
-4.79106092,11.69647121
-4.79306269,11.70685863
-4.79507446,11.71724796
-4.79709721,11.72763920
-4.79912996,11.73803234
-4.80117321,11.74842739
-4.80322742,11.75882339
-4.80529165,11.76922035
-4.80736685,11.77961922
-4.80945301,11.79001904
-4.81154966,11.80041981
-4.81365728,11.81082153
-4.81577539,11.82122421
-4.81790495,11.83162785
-4.82004547,11.84203148
-4.82219648,11.85243607
-4.82435942,11.86284161
-4.82653284,11.87324715
-4.82871771,11.88365269
-4.83091402,11.89405823
-4.83312178,11.90446472
-4.83534098,11.91487026
-4.83757114,11.92527580
-4.83981323,11.93568134
-4.84206676,11.94608688
-4.84433222,11.95649147
-4.84660912,11.96689510
-4.84889793,11.97729874
-4.85119820,11.98770142
-4.85351086,11.99810314
-4.85583496,12.00850391
-4.85817146,12.01890469
-4.86051941,12.02930260
-4.86288023,12.03970051
-4.86525297,12.05009651
-4.86763763,12.06049156
-4.87003469,12.07088470
-4.87244415,12.08127594
-4.87486601,12.09166622
-4.87730026,12.10205364
-4.87974739,12.11244011
-4.88220644,12.12282372
-4.88467884,12.13320541
-4.88716316,12.14358521
-4.88966084,12.15396214
-4.89217091,12.16433716
-4.89469433,12.17470932
-4.89723015,12.18507862
-4.89977932,12.19544506
-4.90234137,12.20580959
-4.90491629,12.21617031
-4.90750456,12.22652817
-4.91010618,12.23688316
-4.91272116,12.24723434
-4.91534901,12.25758266
-4.91799068,12.26792717
-4.92064524,12.27826881
-4.92331362,12.28860569
-4.92599583,12.29893970
-4.92869139,12.30926991
-4.93140078,12.31959534
-4.93412352,12.32991695
-4.93686008,12.34023476
-4.93961096,12.35054874
-4.94237518,12.36085796
-4.94515371,12.37116241
-4.94794607,12.38146210
-4.95075274,12.39175797
-4.95357323,12.40204811
-4.95640850,12.41233444
-4.95925760,12.42261505
-4.96212101,12.43289089
-4.96499872,12.44316196
-4.96789074,12.45342731
-4.97079754,12.46368694
-4.97371864,12.47394180
-4.97665453,12.48419094
-4.97960520,12.49443436
-4.98257017,12.50467205
-4.98554993,12.51490307
-4.98854494,12.52512932
-4.99155474,12.53534889
-4.99457932,12.54556274
-4.99761868,12.55576992
-5.00067329,12.56597042
-5.00374317,12.57616520
-5.00682831,12.58635330
-5.00992823,12.59653473
-5.01304388,12.60670948
-5.01617479,12.61687660
-5.01932096,12.62703705
-5.02248287,12.63719082
-5.02566004,12.64733791
-5.02885294,12.65747643
-5.03206110,12.66760826
-5.03528547,12.67773247
-5.03852510,12.68785000
-5.04178095,12.69795895
-5.04505253,12.70806026
-5.04833984,12.71815395
-5.05164337,12.72823906
-5.05496311,12.73831654
-5.05829859,12.74838638
-5.06165075,12.75844765
-5.06501865,12.76850033
-5.06840277,12.77854443
-5.07180357,12.78857994
-5.07522058,12.79860687
-5.07865381,12.80862522
-5.08210373,12.81863499
-5.08557034,12.82863522
-5.08905363,12.83862591
-5.09255362,12.84860802
-5.09607029,12.85858154
-5.09960365,12.86854458
-5.10315371,12.87849903
-5.10672092,12.88844395
-5.11030483,12.89837837
-5.11390591,12.90830326
-5.11752415,12.91821861
-5.12115955,12.92812347
-5.12481213,12.93801880
-5.12848234,12.94790363
-5.13216925,12.95777893
-5.13587379,12.96764278
-5.13959599,12.97749710
-5.14333534,12.98733997
-5.14709234,12.99717331
-5.15086699,13.00699520
-5.15465927,13.01680565
-5.15846920,13.02660561
-5.16229677,13.03639507
-5.16614246,13.04617214
-5.17000628,13.05593872
-5.17388773,13.06569386
-5.17778730,13.07543755
-5.18170452,13.08516979
-5.18564034,13.09489059
-5.18959427,13.10459900
-5.19356632,13.11429596
-5.19755697,13.12398052
-5.20156574,13.13365364
-5.20559263,13.14331436
-5.20963860,13.15296268
-5.21370268,13.16259861
-5.21778536,13.17222118
-5.22188663,13.18183231
-5.22600698,13.19143105
-5.23014593,13.20101643
-5.23430347,13.21058846
-5.23848009,13.22014809
-5.24267578,13.22969437
-5.24689054,13.23922825
-5.25112391,13.24874783
-5.25537682,13.25825500
-5.25964880,13.26774788
-5.26393986,13.27722740
-5.26825047,13.28669357
-5.27258015,13.29614544
-5.27692938,13.30558395
-5.28129768,13.31500816
-5.28568602,13.32441807
-5.29009342,13.33381462
-5.29452085,13.34319592
-5.29896784,13.35256290
-5.30343485,13.36191654
-5.30792141,13.37125492
-5.31242800,13.38057804
-5.31695414,13.38988686
-5.32150078,13.39918137
-5.32606697,13.40845966
-5.33065367,13.41772366
-5.33526039,13.42697239
-5.33988714,13.43620586
-5.34453440,13.44542408
-5.34920168,13.45462704
-5.35388947,13.46381378
-5.35859776,13.47298527
-5.36332655,13.48214054
-5.36807632,13.49127960
-5.37284613,13.50040340
-5.37763691,13.50951099
-5.38244820,13.51860237
-5.38728046,13.52767754
-5.39213324,13.53673649
-5.39700747,13.54577923
-5.40190220,13.55480480
-5.40681839,13.56381321
-5.41175508,13.57280540
-5.41671324,13.58178043
-5.42169285,13.59073925
-5.42669344,13.59968090
-5.43171549,13.60860443
-5.43675852,13.61751080
-5.44182348,13.62640095
-5.44690943,13.63527203
-5.45201731,13.64412689
-5.45714664,13.65296364
-5.46229792,13.66178226
-5.46747065,13.67058277
-5.47266483,13.67936611
-5.47788143,13.68813133
-5.48311949,13.69687748
-5.48837996,13.70560551
-5.49366188,13.71431637
-5.49896622,13.72300720
-5.50429249,13.73167992
-5.50964117,13.74033451
-5.51501226,13.74897003
-5.52040529,13.75758648
-5.52582073,13.76618385
-5.53125858,13.77476215
-5.53671885,13.78332138
-5.54220200,13.79186153
-5.54770708,13.80038261
-5.55323553,13.80888367
-5.55878639,13.81736469
-5.56435966,13.82582664
-5.56995630,13.83426857
-5.57557535,13.84269047
-5.58121777,13.85109329
-5.58688307,13.85947514
-5.59257126,13.86783695
-5.59828234,13.87617874
-5.60401726,13.88449955
-5.60977459,13.89280033
-5.61555576,13.90108013
-5.62136030,13.90933990
-5.62718821,13.91757870
-5.63303947,13.92579556
-5.63891411,13.93399239
-5.64481211,13.94216824
-5.65073442,13.95032310
-5.65668011,13.95845604
-5.66264915,13.96656704
-5.66864252,13.97465801
-5.67465973,13.98272610
-5.68070030,13.99077320
-5.68676519,13.99879837
-5.69285440,14.00680161
-5.69896746,14.01478291
-5.70510483,14.02274227
-5.71126604,14.03067875
-5.71745157,14.03859329
-5.72366190,14.04648590
-5.72989607,14.05435562
-5.73615503,14.06220245
-5.74243832,14.07002735
-5.74874640,14.07782841
-5.75507879,14.08560753
-5.76143599,14.09336281
-5.76781797,14.10109520
-5.77422476,14.10880470
-5.78065634,14.11649132
-5.78711271,14.12415409
-5.79359388,14.13179302
-5.80010033,14.13940907
-5.80663204,14.14700031
-5.81318855,14.15456867
-5.81977034,14.16211319
-5.82637739,14.16963291
-5.83300972,14.17712879
-5.83966780,14.18460083
-5.84635067,14.19204903
-5.85305929,14.19947243
-5.85979366,14.20687103
-5.86655331,14.21424484
-5.87333918,14.22159386
-5.88015032,14.22891903
-5.88698721,14.23621845
-5.89384985,14.24349308
-5.90073872,14.25074291
-5.90765333,14.25796700
-5.91459370,14.26516628
-5.92156029,14.27233982
-5.92855310,14.27948761
-5.93557215,14.28661060
-5.94261742,14.29370689
-5.94968891,14.30077839
-5.95678663,14.30782318
-5.96391106,14.31484222
-5.97106171,14.32183552
-5.97823906,14.32880211
-5.98544312,14.33574295
-5.99267340,14.34265709
-5.99993038,14.34954453
-6.00721455,14.35640526
-6.01452541,14.36323929
-6.02186298,14.37004662
-6.02922726,14.37682724
-6.03661919,14.38358116
-6.04403734,14.39030743
-6.05148315,14.39700699
-6.05895615,14.40367889
-6.06645632,14.41032314
-6.07398367,14.41693974
-6.08153820,14.42352962
-6.08912039,14.43009090
-6.09672976,14.43662453
-6.10436678,14.44313049
-6.11203146,14.44960880
-6.11972380,14.45605850
-6.12744379,14.46247959
-6.13519144,14.46887302
-6.14296675,14.47523785
-6.15077019,14.48157406
-6.15860128,14.48788166
-6.16646051,14.49416065
-6.17434788,14.50041103
-6.18226290,14.50663280
-6.19020653,14.51282501
-6.19817829,14.51898766
-6.20617819,14.52512169
-6.21420622,14.53122616
-6.22226286,14.53730202
-6.23034811,14.54334736
-6.23846149,14.54936314
-6.24660349,14.55534935
-6.25477457,14.56130600
-6.26297379,14.56723309
-6.27120209,14.57312965
-6.27945900,14.57899570
-6.28774452,14.58483219
-6.29605913,14.59063816
-6.30440283,14.59641361
-6.31277561,14.60215855
-6.32117701,14.60787296
-6.32960796,14.61355686
-6.33806801,14.61920929
-6.34655714,14.62483120
-6.35507584,14.63042259
-6.36362362,14.63598251
-6.37220097,14.64151096
-6.38080788,14.64700794
-6.38944387,14.65247440
-6.39810991,14.65790844
-6.40680552,14.66331100
-6.41553116,14.66868210
-6.42428589,14.67402077
-6.43307114,14.67932796
-6.44188547,14.68460369
-6.45073032,14.68984699
-6.45960522,14.69505787
-6.46851015,14.70023632
-6.47744465,14.70538235
-6.48640966,14.71049595
-6.49540520,14.71557713
-6.50443077,14.72062492
-6.51348686,14.72564030
-6.52257299,14.73062325
-6.53168964,14.73557186
-6.54083729,14.74048901
-6.55001497,14.74537182
-6.55922318,14.75022125
-6.56846142,14.75503826
-6.57772970,14.75982189
-6.58702707,14.76457214
-6.59635448,14.76928902
-6.60571051,14.77397251
-6.61509562,14.77862263
-6.62450933,14.78323936
-6.63395166,14.78782368
-6.64342213,14.79237366
-6.65292025,14.79689121
-6.66244602,14.80137444
-6.67199945,14.80582523
-6.68158007,14.81024170
-6.69118738,14.81462574
-6.70082140,14.81897545
-6.71048212,14.82329273
-6.72016907,14.82757664
-6.72988176,14.83182621
-6.73962069,14.83604336
-6.74938440,14.84022617
-6.75917387,14.84437656
-6.76898813,14.84849262
-6.77882767,14.85257530
-6.78869104,14.85662460
-6.79857922,14.86064148
-6.80849123,14.86462402
-6.81842709,14.86857319
-6.82838631,14.87248802
-6.83836937,14.87637043
-6.84837484,14.88021851
-6.85840368,14.88403416
-6.86845493,14.88781548
-6.87852859,14.89156342
-6.88862419,14.89527798
-6.89874172,14.89895916
-6.90888119,14.90260601
-6.91904163,14.90621948
-6.92922354,14.90979958
-6.93942642,14.91334629
-6.94964981,14.91685963
-6.95989323,14.92033863
-6.97015715,14.92378426
-6.98044109,14.92719650
-6.99074507,14.93057442
-7.00106812,14.93391895
-7.01141024,14.93723011
-7.02177143,14.94050789
-7.03215170,14.94375134
-7.04255009,14.94696140
-7.05296707,14.95013809
-7.06340170,14.95328045
-7.07385397,14.95638943
-7.08432436,14.95946503
-7.09481144,14.96250629
-7.10531569,14.96551418
-7.11583710,14.96848774
-7.12637472,14.97142792
-7.13692904,14.97433376
-7.14749908,14.97720718
-7.15808487,14.98004532
-7.16868639,14.98285103
-7.17930365,14.98562145
-7.18993568,14.98835945
-7.20058250,14.99106312
-7.21124411,14.99373245
-7.22192001,14.99636841
-7.23260975,14.99897003
-7.24331379,15.00153828
-7.25403166,15.00407314
-7.26476240,15.00657272
-7.27550697,15.00903988
-7.28626394,15.01147175
-7.29703379,15.01387024
-7.30781603,15.01623535
-7.31861067,15.01856613
-7.32941723,15.02086353
-7.34023523,15.02312565
-7.35106468,15.02535534
-7.36190605,15.02754974
-7.37275791,15.02971077
-7.38362026,15.03183746
-7.39449358,15.03393078
-7.40537739,15.03598976
-7.41627073,15.03801441
-7.42717409,15.04000568
-7.43808699,15.04196262
-7.44900894,15.04388523
-7.45994043,15.04577446
-7.47088051,15.04762936
-7.48182917,15.04944992
-7.49278593,15.05123615
-7.50375128,15.05298901
-7.51472425,15.05470657
-7.52570486,15.05639172
-7.53669262,15.05804157
-7.54768801,15.05965710
-7.55868959,15.06123924
-7.56969833,15.06278706
-7.58071375,15.06430054
-7.59173489,15.06577969
-7.60276175,15.06722546
-7.61379480,15.06863594
-7.62483311,15.07001305
-7.63587666,15.07135582
-7.64692497,15.07266426
-7.65797806,15.07393837
-7.66903591,15.07517815
-7.68009758,15.07638454
-7.69116354,15.07755566
-7.70223331,15.07869244
-7.71330643,15.07979584
-7.72438288,15.08086491
-7.73546219,15.08189869
-7.74654436,15.08289909
-7.75762939,15.08386517
-7.76871634,15.08479595
-7.77980566,15.08569336
-7.79089642,15.08655643
-7.80198908,15.08738422
-7.81308270,15.08817863
-7.82417774,15.08893871
-7.83527374,15.08966351
-7.84637022,15.09035492
-7.85746717,15.09101105
-7.86856413,15.09163380
-7.87966061,15.09222126
-7.89075708,15.09277439
-7.90185308,15.09329319
-7.91294813,15.09377766
-7.92404222,15.09422779
-7.93513489,15.09464359
-7.94622564,15.09502506
-7.95731497,15.09537125
-7.96840239,15.09568405
-7.97948742,15.09596157
-7.99056959,15.09620476
-8.00164890,15.09641361
-8.01272583,15.09658718
-8.02379894,15.09672737
-8.03486919,15.09683228
-8.04593563,15.09690285
-8.05699730,15.09693813
-8.06805515,15.09694004
-8.07910919,15.09690666
-8.09015751,15.09683895
-8.10120106,15.09673595
-8.11223984,15.09659958
-8.12327290,15.09642792
-8.13430119,15.09622192
-8.14532280,15.09598064
-8.15633774,15.09570503
-8.16734695,15.09539509
-8.17834949,15.09504986
-8.18934536,15.09467030
-8.20033360,15.09425640
-8.21131420,15.09380817
-8.22228813,15.09332371
-8.23325348,15.09280586
-8.24421120,15.09225273
-8.25516033,15.09166527
-8.26610088,15.09104252
-8.27703285,15.09038544
-8.28795528,15.08969307
-8.29886913,15.08896637
-8.30977249,15.08820534
-8.32066727,15.08740902
-8.33155155,15.08657837
-8.34242535,15.08571243
-8.35328865,15.08481121
-8.36414146,15.08387566
-8.37498283,15.08290577
-8.38581276,15.08190060
-8.39663219,15.08086014
-8.40743923,15.07978535
-8.41823483,15.07867527
-8.42901802,15.07753086
-8.43978882,15.07635117
-8.45054626,15.07513714
-8.46129131,15.07388783
-8.47202301,15.07260323
-8.48274136,15.07128429
-8.49344635,15.06993008
-8.50413799,15.06854153
-8.51481438,15.06711769
-8.52547646,15.06565857
-8.53612518,15.06416416
-8.54675770,15.06263542
-8.55737591,15.06107140
-8.56797791,15.05947304
-8.57856560,15.05783844
-8.58913612,15.05616951
-8.59969139,15.05446625
-8.61023045,15.05272675
-8.62075233,15.05095291
-8.63125801,15.04914379
-8.64174652,15.04729939
-8.65221786,15.04542065
-8.66267109,15.04350662
-8.67310715,15.04155731
-8.68352509,15.03957272
-8.69392490,15.03755283
-8.70430565,15.03549862
-8.71466827,15.03340816
-8.72501183,15.03128338
-8.73533630,15.02912331
-8.74564075,15.02692795
-8.75592613,15.02469730
-8.76619148,15.02243137
-8.77643681,15.02013111
-8.78666115,15.01779461
-8.79686546,15.01542377
-8.80704880,15.01301765
-8.81721020,15.01057529
-8.82735157,15.00809860
-8.83747005,15.00558662
-8.84756756,15.00303936
-8.85764217,15.00045681
-8.86769485,14.99783897
-8.87772560,14.99518585
-8.88773251,14.99249744
-8.89771652,14.98977375
-8.90767765,14.98701477
-8.91761494,14.98421955
-8.92752838,14.98139000
-8.93741798,14.97852516
-8.94728374,14.97562504
-8.95712376,14.97268867
-8.96693993,14.96971798
-8.97673130,14.96671104
-8.98649693,14.96366978
-8.99623680,14.96059227
-9.00595188,14.95747948
-9.01564026,14.95433140
-9.02530289,14.95114803
-9.03493881,14.94792938
-9.04454803,14.94467449
-9.05412960,14.94138527
-9.06368446,14.93805981
-9.07321262,14.93469906
-9.08271217,14.93130302
-9.09218502,14.92787170
-9.10162830,14.92440414
-9.11104393,14.92090130
-9.12043095,14.91736317
-9.12978935,14.91378975
-9.13911819,14.91018009
-9.14841747,14.90653515
-9.15768814,14.90285492
-9.16692829,14.89913940
-9.17613792,14.89538765
-9.18531799,14.89160061
-9.19446754,14.88777828
-9.20358562,14.88391972
-9.21267319,14.88002586
-9.22172928,14.87609673
-9.23075390,14.87213135
-9.23974705,14.86813068
-9.24870777,14.86409473
-9.25763607,14.86002254
-9.26653194,14.85591507
-9.27539539,14.85177135
-9.28422546,14.84759235
-9.29302311,14.84337807
-9.30178642,14.83912754
-9.31051636,14.83484173
-9.31921291,14.83051968
-9.32787418,14.82616234
-9.33650208,14.82176876
-9.34509468,14.81733990
-9.35365295,14.81287479
-9.36217499,14.80837440
-9.37066269,14.80383778
-9.37911415,14.79926586
-9.38753033,14.79465866
-9.39591026,14.79001427
-9.40425301,14.78533554
-9.41255951,14.78061962
-9.42082977,14.77586842
-9.42906284,14.77108192
-9.43725777,14.76625919
-9.44541645,14.76140022
-9.45353603,14.75650597
-9.46161842,14.75157547
-9.46966171,14.74660873
-9.47766685,14.74160671
-9.48563385,14.73656845
-9.49356079,14.73149395
-9.50144958,14.72638416
-9.50929832,14.72123814
-9.51710701,14.71605682
-9.52487564,14.71083927
-9.53260422,14.70558548
-9.54029274,14.70029545
-9.54794025,14.69497013
-9.55554676,14.68960762
-9.56311226,14.68421078
-9.57063675,14.67877674
-9.57811832,14.67330647
-9.58555889,14.66780090
-9.59295750,14.66225910
-9.60031319,14.65668201
-9.60762596,14.65106773
-9.61489677,14.64541817
-9.62212372,14.63973141
-9.62930775,14.63400936
-9.63644791,14.62825108
-9.64354420,14.62245750
-9.65059662,14.61662674
-9.65760422,14.61076069
-9.66456795,14.60485744
-9.67148590,14.59891891
-9.67835999,14.59294415
-9.68518829,14.58693314
-9.69197083,14.58088589
-9.69870853,14.57480240
-9.70540142,14.56868362
-9.71204948,14.56252956
-9.71865273,14.55633926
-9.72521114,14.55011368
-9.73172569,14.54385185
-9.73819542,14.53755569
-9.74462032,14.53122425
-9.75100231,14.52485847
-9.75734043,14.51845741
-9.76363373,14.51202106
-9.76988411,14.50555134
-9.77609062,14.49904633
-9.78225422,14.49250698
-9.78837490,14.48593330
-9.79445171,14.47932625
-9.80048656,14.47268391
-9.80647755,14.46600914
-9.81242657,14.45930004
-9.81833267,14.45255756
-9.82419682,14.44578075
-9.83001900,14.43897152
-9.83579826,14.43212891
-9.84153652,14.42525291
-9.84723186,14.41834354
-9.85288620,14.41140175
-9.85849953,14.40442753
-9.86407089,14.39742088
-9.86960030,14.39038086
-9.87508965,14.38330936
-9.88053703,14.37620449
-9.88594437,14.36906815
-9.89131069,14.36190033
-9.89663696,14.35470009
-9.90192223,14.34746838
-9.90716743,14.34020424
-9.91237259,14.33290958
-9.91753769,14.32558346
-9.92266273,14.31822586
-9.92774868,14.31083679
-9.93279457,14.30341721
-9.93780041,14.29596615
-9.94276810,14.28848457
-9.94769573,14.28097248
-9.95258427,14.27342987
-9.95743465,14.26585770
-9.96224594,14.25825405
-9.96701908,14.25062084
-9.97175312,14.24295712
-9.97644901,14.23526382
-9.98110676,14.22754097
-9.98572636,14.21978855
-9.99030781,14.21200657
-9.99485207,14.20419502
-9.99935818,14.19635391
-10.00382710,14.18848324
-10.00825882,14.18058491
-10.01265240,14.17265701
-10.01700974,14.16469955
-10.02132988,14.15671444
-10.02561378,14.14870071
-10.02986050,14.14065838
-10.03407001,14.13258839
-10.03824425,14.12448883
-10.04238224,14.11636257
-10.04648304,14.10820770
-10.05054855,14.10002518
-10.05457878,14.09181499
-10.05857277,14.08357716
-10.06253147,14.07531261
-10.06645393,14.06702042
-10.07034206,14.05870056
-10.07419491,14.05035400
-10.07801247,14.04198074
-10.08179474,14.03357983
-10.08554363,14.02515316
-10.08925724,14.01669979
-10.09293556,14.00821972
-10.09658051,13.99971294
-10.10019112,13.99118137
-10.10376835,13.98262215
-10.10731030,13.97403812
-10.11081982,13.96542740
-10.11429501,13.95679188
-10.11773682,13.94813061
-10.12114525,13.93944359
-10.12452126,13.93073177
-10.12786388,13.92199421
-10.13117313,13.91323185
-10.13444996,13.90444374
-10.13769341,13.89563179
-10.14090538,13.88679504
-10.14408493,13.87793350
-10.14723206,13.86904716
-10.15034676,13.86013699
-10.15342999,13.85120296
-10.15648079,13.84224415
-10.15950108,13.83326149
-10.16248894,13.82425594
-10.16544533,13.81522560
-10.16837120,13.80617237
-10.17126560,13.79709530
-10.17412853,13.78799438
-10.17696095,13.77887154
-10.17976379,13.76972485
-10.18253517,13.76055527
-10.18527603,13.75136280
-10.18798637,13.74214745
-10.19066715,13.73290920
-10.19331741,13.72364902
-10.19593811,13.71436691
-10.19852924,13.70506191
-10.20109081,13.69573498
-10.20362282,13.68638611
-10.20612621,13.67701530
-10.20860004,13.66762352
-10.21104431,13.65820885
-10.21345997,13.64877319
-10.21584702,13.63931656
-10.21820545,13.62983894
-10.22053528,13.62033939
-10.22283745,13.61081982
-10.22511101,13.60127831
-10.22735596,13.59171677
-10.22957420,13.58213425
-10.23176384,13.57253170
-10.23392582,13.56290817
-10.23606110,13.55326462
-10.23816776,13.54360104
-10.24024868,13.53391743
-10.24230099,13.52421474
-10.24432755,13.51449108
-10.24632740,13.50474834
-10.24829960,13.49498653
-10.25024605,13.48520470
-10.25216579,13.47540379
-10.25405979,13.46558380
-10.25592709,13.45574474
-10.25776863,13.44588661
-10.25958538,13.43601036
-10.26137543,13.42611504
-10.26313972,13.41620159
-10.26487923,13.40626907
-10.26659298,13.39631844
-10.26828194,13.38634968
-10.26994610,13.37636375
-10.27158451,13.36635876
-10.27319908,13.35633659
-10.27478886,13.34629726
-10.27635479,13.33623981
-10.27789593,13.32616520
-10.27941322,13.31607246
-10.28090572,13.30596352
-10.28237534,13.29583740
-10.28382015,13.28569412
-10.28524208,13.27553463
-10.28664112,13.26535797
-10.28801537,13.25516510
-10.28936768,13.24495602
-10.29069710,13.23472977
-10.29200268,13.22448826
-10.29328632,13.21423054
-10.29454708,13.20395660
-10.29578495,13.19366741
-10.29700089,13.18336201
-10.29819393,13.17304134
-10.29936600,13.16270447
-10.30051613,13.15235329
-10.30164337,13.14198685
-10.30274963,13.13160515
-10.30383492,13.12120819
-10.30489826,13.11079693
-10.30594063,13.10037136
-10.30696201,13.08993053
-10.30796242,13.07947540
-10.30894184,13.06900597
-10.30990028,13.05852222
-10.31083870,13.04802513
-10.31175613,13.03751373
-10.31265354,13.02698803
-10.31353188,13.01644897
-10.31438923,13.00589657
-10.31522655,12.99533081
-10.31604481,12.98475170
-10.31684303,12.97415924
-10.31762218,12.96355343
-10.31838226,12.95293522
-10.31912327,12.94230461
-10.31984520,12.93166065
-10.32054806,12.92100334
-10.32123184,12.91033459
-10.32189751,12.89965343
-10.32254410,12.88895988
-10.32317352,12.87825489
-10.32378387,12.86753750
-10.32437706,12.85680771
-10.32495117,12.84606647
-10.32550907,12.83531475
-10.32604790,12.82455063
-10.32657051,12.81377506
-10.32707500,12.80298805
-10.32756233,12.79219055
-10.32803249,12.78138256
-10.32848644,12.77056313
-10.32892323,12.75973320
-10.32934380,12.74889183
-10.32974720,12.73804092
-10.33013439,12.72717953
-10.33050537,12.71630764
-10.33086109,12.70542622
-10.33119965,12.69453430
-10.33152294,12.68363285
-10.33183098,12.67272091
-10.33212280,12.66180038
-10.33240032,12.65087032
-10.33266163,12.63992977
-10.33290768,12.62898159
-10.33313942,12.61802292
-10.33335590,12.60705566
-10.33355808,12.59607983
-10.33374596,12.58509541
-10.33391857,12.57410240
-10.33407784,12.56310081
-10.33422279,12.55209064
-10.33435345,12.54107189
-10.33446980,12.53004551
-10.33457375,12.51901150
-10.33466339,12.50796890
-10.33473969,12.49691963
-10.33480263,12.48586178
-10.33485222,12.47479630
-10.33488846,12.46372414
-10.33491325,12.45264435
-10.33492374,12.44155788
-10.33492279,12.43046379
-10.33490849,12.41936302
-10.33488274,12.40825558
-10.33484459,12.39714146
-10.33479404,12.38602066
-10.33473206,12.37489414
-10.33465767,12.36376095
-10.33457184,12.35262108
-10.33447456,12.34147549
-10.33436680,12.33032513
-10.33424664,12.31916809
-10.33411598,12.30800533
-10.33397484,12.29683685
-10.33382225,12.28566360
-10.33365917,12.27448463
-10.33348560,12.26330090
-10.33330154,12.25211143
-10.33310795,12.24091816
-10.33290386,12.22971916
-10.33268929,12.21851635
-10.33246517,12.20730877
-10.33223152,12.19609642
-10.33198833,12.18487930
-10.33173656,12.17365932
-10.33147430,12.16243458
-10.33120346,12.15120602
-10.33092403,12.13997364
-10.33063507,12.12873745
-10.33033752,12.11749840
-10.33003139,12.10625553
-10.32971764,12.09500885
-10.32939434,12.08376026
-10.32906437,12.07250786
-10.32872486,12.06125259
-10.32837868,12.04999447
-10.32802391,12.03873348
-10.32766247,12.02746964
-10.32729340,12.01620483
-10.32691669,12.00493622
-10.32653236,11.99366665
-10.32614136,11.98239422
-10.32574368,11.97111988
-10.32533932,11.95984364
-10.32492828,11.94856644
-10.32451057,11.93728733
-10.32408714,11.92600632
-10.32365704,11.91472435
-10.32322121,11.90344143
-10.32277870,11.89215755
-10.32233143,11.88087273
-10.32187748,11.86958694
-10.32141876,11.85830021
-10.32095432,11.84701252
-10.32048512,11.83572578
-10.32001019,11.82443714
-10.31953144,11.81314945
-10.31904697,11.80186176
-10.31855774,11.79057312
-10.31806469,11.77928543
-10.31756687,11.76799774
-10.31706429,11.75671101
-10.31655788,11.74542427
-10.31604767,11.73413849
-10.31553459,11.72285271
-10.31501675,11.71156883
-10.31449509,11.70028591
-10.31397057,11.68900394
-10.31344318,11.67772293
-10.31291199,11.66644382
-10.31237793,11.65516567
-10.31184101,11.64389038
-10.31130123,11.63261604
-10.31075954,11.62134361
-10.31021500,11.61007309
-10.30966854,11.59880447
-10.30911922,11.58753872
-10.30856800,11.57627583
-10.30801487,11.56501484
-10.30746078,11.55375671
-10.30690479,11.54250050
-10.30634689,11.53124809
-10.30578804,11.51999855
-10.30522728,11.50875282
-10.30466652,11.49750900
-10.30410480,11.48626995
-10.30354118,11.47503376
-10.30297852,11.46380043
-10.30241394,11.45257187
-10.30185032,11.44134712
-10.30128574,11.43012619
-10.30072117,11.41890907
-10.30015659,11.40769672
-10.29959202,11.39648914
-10.29902840,11.38528538
-10.29846478,11.37408638
-10.29790211,11.36289215
-10.29733944,11.35170269
-10.29677868,11.34051895
-10.29621887,11.32933903
-10.29566002,11.31816578
-10.29510212,11.30699730
-10.29454613,11.29583359
-10.29399204,11.28467655
-10.29343891,11.27352524
-10.29288769,11.26237965
-10.29233932,11.25123978
-10.29179287,11.24010563
-10.29124832,11.22897816
-10.29070568,11.21785736
-10.29016685,11.20674324
-10.28962994,11.19563484
-10.28909588,11.18453407
-10.28856564,11.17343903
-10.28803825,11.16235256
-10.28751373,11.15127182
-10.28699207,11.14019871
-10.28647518,11.12913322
-10.28596115,11.11807537
-10.28545189,11.10702419
-10.28494549,11.09598160
-10.28444386,11.08494663
-10.28394604,11.07392025
-10.28345299,11.06290054
-10.28296471,11.05189037
-10.28248024,11.04088783
-10.28200150,11.02989388
-10.28152657,11.01890850
-10.28105736,11.00793266
-10.28059387,10.99696445
-10.28013515,10.98600578
-10.27968216,10.97505665
-10.27923489,10.96411610
-10.27879333,10.95318508
-10.27835751,10.94226360
-10.27792740,10.93135166
-10.27750301,10.92044830
-10.27708435,10.90955544
-10.27667141,10.89867115
-10.27626419,10.88779640
-10.27586174,10.87693119
-10.27546501,10.86607456
-10.27507305,10.85522842
-10.27468586,10.84438992
-10.27430344,10.83356190
-10.27392673,10.82274246
-10.27355480,10.81193256
-10.27318668,10.80113125
-10.27282333,10.79033947
-10.27246475,10.77955627
-10.27210999,10.76878166
-10.27175999,10.75801659
-10.27141380,10.74726105
-10.27107239,10.73651409
-10.27073383,10.72577572
-10.27040005,10.71504593
-10.27007008,10.70432568
-10.26974297,10.69361401
-10.26941967,10.68291092
-10.26910019,10.67221642
-10.26878357,10.66153049
-10.26846981,10.65085411
-10.26815987,10.64018631
-10.26785278,10.62952614
-10.26754856,10.61887550
-10.26724720,10.60823345
-10.26694870,10.59759903
-10.26665306,10.58697414
-10.26636028,10.57635689
-10.26606941,10.56574821
-10.26578045,10.55514908
-10.26549435,10.54455662
-10.26521015,10.53397369
-10.26492786,10.52339935
-10.26464844,10.51283264
-10.26436996,10.50227451
-10.26409340,10.49172401
-10.26381874,10.48118210
-10.26354504,10.47064877
-10.26327324,10.46012306
-10.26300240,10.44960594
-10.26273346,10.43909740
-10.26246548,10.42859554
-10.26219845,10.41810322
-10.26193237,10.40761757
-10.26166725,10.39714050
-10.26140308,10.38667202
-10.26113892,10.37621021
-10.26087570,10.36575699
-10.26061249,10.35531235
-10.26035023,10.34487438
-10.26008797,10.33444500
-10.25982666,10.32402325
-10.25956440,10.31360912
-10.25930214,10.30320263
-10.25903988,10.29280376
-10.25877762,10.28241253
-10.25851536,10.27202892
-10.25825214,10.26165295
-10.25798798,10.25128555
-10.25772381,10.24092484
-10.25745869,10.23057175
-10.25719357,10.22022629
-10.25692654,10.20988750
-10.25665855,10.19955730
-10.25638962,10.18923378
-10.25611973,10.17891788
-10.25584793,10.16860962
-10.25557518,10.15830803
-10.25530052,10.14801407
-10.25502396,10.13772774
-10.25474644,10.12744808
-10.25446606,10.11717606
-10.25418472,10.10691071
-10.25390148,10.09665298
-10.25361538,10.08640194
-10.25332737,10.07615852
-10.25303650,10.06592178
-10.25274372,10.05569267
-10.25244904,10.04546928
-10.25215054,10.03525448
-10.25185013,10.02504539
-10.25154686,10.01484394
-10.25123978,10.00464916
-10.25093079,9.99446106
-10.25061798,9.98427963
-10.25030231,9.97410583
-10.24998283,9.96393776
-10.24966049,9.95377731
-10.24933434,9.94362259
-10.24900532,9.93347549
-10.24867153,9.92333508
-10.24833393,9.91320038
-10.24799347,9.90307331
-10.24764824,9.89295197
-10.24729824,9.88283730
-10.24694538,9.87272930
-10.24658775,9.86262798
-10.24622536,9.85253334
-10.24585819,9.84244442
-10.24548721,9.83236217
-10.24511051,9.82228661
-10.24473000,9.81221771
-10.24434376,9.80215454
-10.24395275,9.79209709
-10.24355698,9.78204727
-10.24315643,9.77200222
-10.24274921,9.76196384
-10.24233723,9.75193214
-10.24192047,9.74190617
-10.24149704,9.73188686
-10.24106789,9.72187328
-10.24063396,9.71186543
-10.24019337,9.70186329
-10.23974705,9.69186783
-10.23929405,9.68187809
-10.23883533,9.67189407
-10.23836994,9.66191673
-10.23789883,9.65194416
-10.23742104,9.64197826
-10.23693562,9.63201809
-10.23644447,9.62206364
-10.23594666,9.61211491
-10.23544121,9.60217190
-10.23492908,9.59223461
-10.23441029,9.58230305
-10.23388386,9.57237720
-10.23334980,9.56245613
-10.23280907,9.55254173
-10.23226070,9.54263210
-10.23170376,9.53272820
-10.23114014,9.52283001
-10.23056889,9.51293755
-10.22998905,9.50304985
-10.22940159,9.49316788
-10.22880554,9.48329163
-10.22820187,9.47342014
-10.22758961,9.46355438
-10.22696877,9.45369434
-10.22633934,9.44383907
-10.22570229,9.43398857
-10.22505569,9.42414379
-10.22440052,9.41430378
-10.22373676,9.40446949
-10.22306347,9.39463997
-10.22238064,9.38481522
-10.22168922,9.37499619
-10.22098923,9.36518192
-10.22027874,9.35537243
-10.21955967,9.34556866
-10.21883011,9.33576965
-10.21809101,9.32597446
-10.21734238,9.31618500
-10.21658421,9.30640030
-10.21581554,9.29662132
-10.21503639,9.28684616
-10.21424770,9.27707577
-10.21344852,9.26731014
-10.21263981,9.25754929
-10.21181965,9.24779320
-10.21098900,9.23804188
-10.21014786,9.22829533
-10.20929527,9.21855259
-10.20843220,9.20881462
-10.20755863,9.19908142
-10.20667362,9.18935299
-10.20577717,9.17962933
-10.20487022,9.16990948
-10.20395088,9.16019440
-10.20302010,9.15048313
-10.20207882,9.14077663
-10.20112514,9.13107491
-10.20015907,9.12137699
-10.19918251,9.11168289
-10.19819260,9.10199356
-10.19719124,9.09230900
-10.19617844,9.08262825
-10.19515228,9.07295132
-10.19411373,9.06327820
-10.19306278,9.05360985
-10.19200039,9.04394531
-10.19092369,9.03428555
-10.18983555,9.02462864
-10.18873405,9.01497650
-10.18761921,9.00532818
-10.18649101,8.99568367
-10.18535042,8.98604298
-10.18419647,8.97640610
-10.18302917,8.96677303
-10.18184757,8.95714474
-10.18065357,8.94751930
-10.17944527,8.93789768
-10.17822361,8.92827988
-10.17698765,8.91866589
-10.17573738,8.90905476
-10.17447376,8.89944839
-10.17319584,8.88984489
-10.17190266,8.88024521
-10.17059612,8.87064934
-10.16927528,8.86105728
-10.16793919,8.85146809
-10.16658878,8.84188271
-10.16522408,8.83230019
-10.16384411,8.82272148
-10.16244888,8.81314659
-10.16103840,8.80357456
-10.15961361,8.79400539
-10.15817261,8.78444004
-10.15671635,8.77487850
-10.15524578,8.76531982
-10.15375805,8.75576401
-10.15225601,8.74621105
-10.15073776,8.73666191
-10.14920330,8.72711563
-10.14765263,8.71757221
-10.14608669,8.70803261
-10.14450455,8.69849586
-10.14290524,8.68896103
-10.14129066,8.67943001
-10.13965893,8.66990185
-10.13801098,8.66037750
-10.13634586,8.65085506
-10.13466454,8.64133549
-10.13296604,8.63181877
-10.13125134,8.62230492
-10.12951851,8.61279392
-10.12776947,8.60328579
-10.12600231,8.59377956
-10.12421799,8.58427715
-10.12241650,8.57477665
-10.12059689,8.56527901
-10.11876011,8.55578423
-10.11690617,8.54629135
-10.11503315,8.53680134
-10.11314297,8.52731419
-10.11123466,8.51782894
-10.10930824,8.50834656
-10.10736370,8.49886608
-10.10540009,8.48938847
-10.10341835,8.47991371
-10.10141850,8.47044086
-10.09939957,8.46096992
-10.09736156,8.45150185
-10.09530544,8.44203568
-10.09323025,8.43257141
-10.09113598,8.42311001
-10.08902168,8.41364956
-10.08688927,8.40419292
-10.08473682,8.39473724
-10.08256531,8.38528347
-10.08037376,8.37583256
-10.07816315,8.36638355
-10.07593250,8.35693645
-10.07368183,8.34749126
-10.07141209,8.33804798
-10.06912136,8.32860565
-10.06681061,8.31916618
-10.06447983,8.30972862
-10.06212902,8.30029297
-10.05975723,8.29085827
-10.05736542,8.28142643
-10.05495262,8.27199554
-10.05251884,8.26256657
-10.05006504,8.25313950
-10.04758930,8.24371338
-10.04509258,8.23429012
-10.04257584,8.22486687
-10.04003716,8.21544647
-10.03747654,8.20602703
-10.03489494,8.19660854
-10.03229237,8.18719292
-10.02966785,8.17777729
-10.02702141,8.16836357
-10.02435303,8.15895176
-10.02166271,8.14954090
-10.01895046,8.14013100
-10.01621628,8.13072300
-10.01346016,8.12131596
-10.01068115,8.11190987
-10.00787926,8.10250568
-10.00505543,8.09310246
-10.00220966,8.08370018
-9.99934006,8.07429886
-9.99644756,8.06489944
-9.99353313,8.05550003
-9.99059486,8.04610252
-9.98763371,8.03670502
-9.98464966,8.02730942
-9.98164177,8.01791382
-9.97861099,8.00852013
-9.97555637,7.99912691
-9.97247791,7.98973465
-9.96937752,7.98034286
-9.96625328,7.97095251
-9.96310711,7.96156263
-9.95993805,7.95217371
-9.95674610,7.94278574
-9.95353222,7.93339872
-9.95029545,7.92401266
-9.94703770,7.91462708
-9.94375801,7.90524292
-9.94045639,7.89585876
-9.93713379,7.88647604
-9.93378925,7.87709427
-9.93042374,7.86771297
-9.92703819,7.85833263
-9.92363071,7.84895325
-9.92020321,7.83957434
-9.91675472,7.83019638
-9.91328621,7.82081938
-9.90979767,7.81144285
-9.90628910,7.80206776
-9.90276051,7.79269266
-9.89921188,7.78331900
-9.89564419,7.77394581
-9.89205742,7.76457357
-9.88845158,7.75520182
-9.88482666,7.74583101
-9.88118267,7.73646116
-9.87751961,7.72709179
-9.87383842,7.71772337
-9.87013912,7.70835590
-9.86642170,7.69898891
-9.86268616,7.68962240
-9.85893250,7.68025684
-9.85516167,7.67089224
-9.85137272,7.66152811
-9.84756660,7.65216494
-9.84374332,7.64280224
-9.83990288,7.63344049
-9.83604622,7.62407923
-9.83217239,7.61471891
-9.82828236,7.60535908
-9.82437515,7.59600019
-9.82045269,7.58664179
-9.81651306,7.57728434
-9.81255817,7.56792736
-9.80858803,7.55857134
-9.80460167,7.54921579
-9.80060005,7.53986073
-9.79658413,7.53050661
-9.79255199,7.52115297
-9.78850555,7.51180029
-9.78444386,7.50244808
-9.78036785,7.49309635
-9.77627754,7.48374557
-9.77217293,7.47439528
-9.76805496,7.46504545
-9.76392174,7.45569658
-9.75977612,7.44634819
-9.75561619,7.43700027
-9.75144291,7.42765331
-9.74725628,7.41830683
-9.74305630,7.40896082
-9.73884392,7.39961576
-9.73461914,7.39027119
-9.73038101,7.38092709
-9.72613049,7.37158346
-9.72186852,7.36224079
-9.71759319,7.35289812
-9.71330738,7.34355640
-9.70900917,7.33421564
-9.70469856,7.32487488
-9.70037746,7.31553507
-9.69604492,7.30619526
-9.69170094,7.29685640
-9.68734646,7.28751850
-9.68298054,7.27818060
-9.67860413,7.26884317
-9.67421818,7.25950670
-9.66982079,7.25017071
-9.66541386,7.24083519
-9.66099739,7.23150015
-9.65657043,7.22216558
-9.65213394,7.21283150
-9.64768791,7.20349789
-9.64323330,7.19416475
-9.63876820,7.18483257
-9.63429546,7.17550039
-9.62981319,7.16616917
-9.62532234,7.15683794
-9.62082291,7.14750767
-9.61631584,7.13817739
-9.61180019,7.12884808
-9.60727596,7.11951876
-9.60274410,7.11019039
-9.59820557,7.10086203
-9.59365845,7.09153461
-9.58910465,7.08220720
-9.58454323,7.07288074
-9.57997513,7.06355429
-9.57540035,7.05422831
-9.57081795,7.04490328
-9.56622982,7.03557825
-9.56163597,7.02625370
-9.55703449,7.01692963
-9.55242825,7.00760603
-9.54781532,6.99828243
-9.54319668,6.98895979
-9.53857327,6.97963715
-9.53394413,6.97031546
-9.52930927,6.96099377
-9.52466965,6.95167255
-9.52002525,6.94235182
-9.51537609,6.93303108
-9.51072311,6.92371130
-9.50606441,6.91439152
-9.50140285,6.90507221
-9.49673653,6.89575291
-9.49206638,6.88643456
-9.48739243,6.87711620
-9.48271465,6.86779833
-9.47803402,6.85848093
-9.47334957,6.84916401
-9.46866322,6.83984709
-9.46397305,6.83053064
-9.45928001,6.82121420
-9.45458508,6.81189871
-9.44988728,6.80258322
-9.44518757,6.79326773
-9.44048500,6.78395319
-9.43578148,6.77463865
-9.43107510,6.76532412
-9.42636776,6.75601053
-9.42165947,6.74669695
-9.41694927,6.73738337
-9.41223812,6.72807026
-9.40752602,6.71875763
-9.40281391,6.70944500
-9.39809990,6.70013285
-9.39338684,6.69082117
-9.38867188,6.68150949
-9.38395786,6.67219782
-9.37924385,6.66288662
-9.37452984,6.65357590
-9.36981678,6.64426517
-9.36510372,6.63495493
-9.36039162,6.62564468
-9.35567951,6.61633492
-9.35096931,6.60702515
-9.34626007,6.59771585
-9.34155273,6.58840656
-9.33684635,6.57909775
-9.33214188,6.56978893
-9.32743931,6.56048012
-9.32273865,6.55117178
-9.31803989,6.54186344
-9.31334400,6.53255558
-9.30865002,6.52324772
-9.30395985,6.51394033
-9.29927158,6.50463295
-9.29458618,6.49532557
-9.28990459,6.48601866
-9.28522587,6.47671175
-9.28055096,6.46740484
-9.27587986,6.45809841
-9.27121162,6.44879198
-9.26654816,6.43948603
-9.26188946,6.43017960
-9.25723457,6.42087364
-9.25258350,6.41156816
-9.24793816,6.40226221
-9.24329662,6.39295673
-9.23866081,6.38365126
-9.23402977,6.37434626
-9.22940445,6.36504078
-9.22478390,6.35573578
-9.22016907,6.34643078
-9.21556091,6.33712578
-9.21095753,6.32782125
-9.20636177,6.31851673
-9.20177078,6.30921221
-9.19718742,6.29990768
-9.19260979,6.29060316
-9.18803978,6.28129864
-9.18347645,6.27199459
-9.17891979,6.26269054
-9.17437077,6.25338602
-9.16982937,6.24408197
-9.16529465,6.23477793
-9.16076851,6.22547436
-9.15625000,6.21617031
-9.15174007,6.20686626
-9.14723778,6.19756269
-9.14274502,6.18825865
-9.13825989,6.17895508
-9.13378334,6.16965151
-9.12931633,6.16034746
-9.12485790,6.15104389
-9.12040901,6.14174032
-9.11596966,6.13243628
-9.11153984,6.12313271
-9.10711956,6.11382914
-9.10270977,6.10452557
-9.09830952,6.09522152
-9.09391975,6.08591795
-9.08954048,6.07661438
-9.08517170,6.06731033
-9.08081341,6.05800676
-9.07646561,6.04870272
-9.07212925,6.03939915
-9.06780434,6.03009510
-9.06349087,6.02079105
-9.05918884,6.01148701
-9.05489826,6.00218296
-9.05062008,5.99287891
-9.04635334,5.98357487
-9.04209900,5.97427034
-9.03785706,5.96496582
-9.03362846,5.95566177
-9.02941132,5.94635725
-9.02520752,5.93705273
-9.02101707,5.92774773
-9.01683903,5.91844320
-9.01267529,5.90913820
-9.00852489,5.89983320
-9.00438786,5.89052820
-9.00026417,5.88122320
-8.99615574,5.87191772
-8.99206066,5.86261225
-8.98797989,5.85330677
-8.98391438,5.84400082
-8.97986221,5.83469534
-8.97582626,5.82538939
-8.97180462,5.81608295
-8.96779823,5.80677700
-8.96380711,5.79747057
-8.95983124,5.78816366
-8.95587158,5.77885723
-8.95192719,5.76955032
-8.94799995,5.76024294
-8.94408798,5.75093603
-8.94019222,5.74162865
-8.93631268,5.73232079
-8.93245029,5.72301292
-8.92860508,5.71370506
-8.92477608,5.70439672
-8.92096424,5.69508839
-8.91717052,5.68578005
-8.91339302,5.67647123
-8.90963459,5.66716194
-8.90589333,5.65785265
-8.90216923,5.64854336
-8.89846420,5.63923359
-8.89477730,5.62992382
-8.89110851,5.62061357
-8.88745880,5.61130285
-8.88382721,5.60199261
-8.88021564,5.59268141
-8.87662220,5.58337021
-8.87304878,5.57405901
-8.86949348,5.56474733
-8.86595917,5.55543518
-8.86244392,5.54612303
-8.85894871,5.53681040
-8.85547447,5.52749777
-8.85201931,5.51818466
-8.84858513,5.50887108
-8.84517097,5.49955750
-8.84177780,5.49024391
-8.83840656,5.48092937
-8.83505535,5.47161484
-8.83172512,5.46229982
-8.82841682,5.45298481
-8.82513046,5.44366932
-8.82186508,5.43435335
-8.81862164,5.42503738
-8.81540108,5.41572046
-8.81220245,5.40640402
-8.80902576,5.39708662
-8.80587196,5.38776922
-8.80274010,5.37845135
-8.79963207,5.36913300
-8.79654694,5.35981417
-8.79348469,5.35049534
-8.79044628,5.34117603
-8.78743076,5.33185625
-8.78444004,5.32253599
-8.78147221,5.31321573
-8.77852917,5.30389452
-8.77560902,5.29457331
-8.77271461,5.28525162
-8.76984406,5.27592945
-8.76699829,5.26660728
-8.76417732,5.25728416
-8.76138210,5.24796104
-8.75861073,5.23863745
-8.75586605,5.22931290
-8.75314617,5.21998835
-8.75045204,5.21066332
-8.74778366,5.20133829
-8.74514103,5.19201231
-8.74252510,5.18268585
-8.73993587,5.17335892
-8.73737240,5.16403198
-8.73483562,5.15470409
-8.73232555,5.14537573
-8.72984314,5.13604736
-8.72738743,5.12671804
-8.72495937,5.11738873
-8.72255802,5.10805845
-8.72018528,5.09872818
-8.71784019,5.08939695
-8.71552277,5.08006525
-8.71323299,5.07073355
-8.71097279,5.06140089
-8.70874023,5.05206776
-8.70653629,5.04273415
-8.70436096,5.03340006
-8.70221519,5.02406549
-8.70009804,5.01473045
-8.69801044,5.00539494
-8.69595242,4.99605846
-8.69392395,4.98672199
-8.69192505,4.97738457
-8.68995571,4.96804667
-8.68801689,4.95870829
-8.68610859,4.94936943
-8.68423080,4.94003010
-8.68238354,4.93068981
-8.68056679,4.92134953
-8.67878151,4.91200829
-8.67702675,4.90266657
-8.67530346,4.89332390
-8.67361164,4.88398123
-8.67195129,4.87463760
-8.67032242,4.86529350
-8.66872597,4.85594845
-8.66716099,4.84660339
-8.66562843,4.83725739
-8.66412926,4.82791090
-8.66266155,4.81856346
-8.66122723,4.80921555
-8.65982533,4.79986715
-8.65845680,4.79051828
-8.65712070,4.78116846
-8.65581894,4.77181816
-8.65455055,4.76246738
-8.65331650,4.75311565
-8.65211487,4.74376297
-8.65094852,4.73441029
-8.64981556,4.72505665
-8.64871788,4.71570253
-8.64765453,4.70634747
-8.64662552,4.69699192
-8.64563084,4.68763542
-8.64467239,4.67827845
-8.64374828,4.66892052
-8.64286041,4.65956211
-8.64200687,4.65020323
-8.64118958,4.64084339
-8.64040852,4.63148308
-8.63966370,4.62212181
-8.63895416,4.61275959
-8.63828182,4.60339737
-8.63764572,4.59403372
-8.63704586,4.58466959
-8.63648319,4.57530499
-8.63595772,4.56593943
-8.63546848,4.55657291
-8.63501740,4.54720592
-8.63460350,4.53783798
-8.63422775,4.52846956
-8.63388920,4.51910019
-8.63358974,4.50972986
-8.63332653,4.50035906
-8.63310146,4.49098730
-8.63291359,4.48161507
-8.63276291,4.47224188
-8.63264942,4.46286774
-8.63257313,4.45349312
-8.63253307,4.44411755
-8.63252926,4.43474150
-8.63256168,4.42536402
-8.63263130,4.41598606
-8.63273621,4.40660763
-8.63287640,4.39722824
-8.63305283,4.38784790
-8.63326550,4.37846661
-8.63351250,4.36908484
-8.63379478,4.35970163
-8.63411236,4.35031843
-8.63446522,4.34093380
-8.63485241,4.33154869
-8.63527393,4.32216263
-8.63572979,4.31277561
-8.63621998,4.30338812
-8.63674355,4.29399967
-8.63730145,4.28461027
-8.63789272,4.27521992
-8.63851833,4.26582909
-8.63917637,4.25643682
-8.63986778,4.24704409
-8.64059258,4.23765039
-8.64134979,4.22825623
-8.64214039,4.21886063
-8.64296246,4.20946455
-8.64381695,4.20006752
-8.64470387,4.19066954
-8.64562321,4.18127060
-8.64657402,4.17187119
-8.64755630,4.16247034
-8.64857006,4.15306902
-8.64961624,4.14366674
-8.65069199,4.13426352
-8.65179920,4.12485933
-8.65293789,4.11545467
-8.65410709,4.10604858
-8.65530586,4.09664202
-8.65653610,4.08723402
-8.65779591,4.07782555
-8.65908527,4.06841612
-8.66040516,4.05900574
-8.66175461,4.04959440
-8.66313267,4.04018211
-8.66454124,4.03076887
-8.66597843,4.02135468
-8.66744423,4.01193953
-8.66893959,4.00252390
-8.67046261,3.99310684
-8.67201519,3.98368907
-8.67359543,3.97427034
-8.67520428,3.96485066
-8.67684078,3.95543003
-8.67850494,3.94600844
-8.68019676,3.93658590
-8.68191624,3.92716241
-8.68366337,3.91773796
-8.68543720,3.90831232
-8.68723774,3.89888597
-8.68906498,3.88945866
-8.69091988,3.88003039
-8.69280052,3.87060094
-8.69470692,3.86117077
-8.69664001,3.85173941
-8.69859982,3.84230733
-8.70058441,3.83287406
-8.70259476,3.82343984
-8.70463085,3.81400466
-8.70669174,3.80456829
-8.70877838,3.79513121
-8.71088982,3.78569293
-8.71302605,3.77625370
-8.71518612,3.76681352
-8.71737194,3.75737238
-8.71958160,3.74793005
-8.72181511,3.73848701
-8.72407246,3.72904253
-8.72635365,3.71959734
-8.72865868,3.71015096
-8.73098660,3.70070362
-8.73333836,3.69125533
-8.73571301,3.68180585
-8.73811150,3.67235541
-8.74053192,3.66290402
-8.74297428,3.65345144
-8.74544048,3.64399791
-8.74792767,3.63454318
-8.75043774,3.62508750
-8.75296974,3.61563063
-8.75552368,3.60617304
-8.75809860,3.59671402
-8.76069546,3.58725405
-8.76331329,3.57779312
-8.76595211,3.56833100
-8.76861286,3.55886793
-8.77129364,3.54940367
-8.77399445,3.53993845
-8.77671623,3.53047204
-8.77945805,3.52100444
-8.78222084,3.51153588
-8.78500271,3.50206637
-8.78780460,3.49259567
-8.79062557,3.48312378
-8.79346657,3.47365069
-8.79632664,3.46417665
-8.79920578,3.45470142
-8.80210400,3.44522524
-8.80502129,3.43574786
-8.80795670,3.42626929
-8.81091022,3.41678977
-8.81388283,3.40730906
-8.81687260,3.39782715
-8.81988144,3.38834405
-8.82290745,3.37886000
-8.82595062,3.36937475
-8.82901192,3.35988832
-8.83208942,3.35040069
-8.83518505,3.34091187
-8.83829689,3.33142209
-8.84142590,3.32193112
-8.84457111,3.31243896
-8.84773350,3.30294561
-8.85091114,3.29345107
-8.85410595,3.28395557
-8.85731602,3.27445865
-8.86054134,3.26496077
-8.86378288,3.25546145
-8.86703968,3.24596119
-8.87031174,3.23645973
-8.87359905,3.22695708
-8.87690163,3.21745324
-8.88021851,3.20794797
-8.88354969,3.19844174
-8.88689518,3.18893433
-8.89025497,3.17942572
-8.89362907,3.16991591
-8.89701748,3.16040492
-8.90041924,3.15089250
-8.90383434,3.14137912
-8.90726280,3.13186455
-8.91070461,3.12234855
-8.91415977,3.11283135
-8.91762829,3.10331321
-8.92110825,3.09379363
-8.92460155,3.08427286
-8.92810726,3.07475066
-8.93162441,3.06522751
-8.93515491,3.05570292
-8.93869686,3.04617715
-8.94225025,3.03665018
-8.94581509,3.02712202
-8.94939137,3.01759267
-8.95297909,3.00806189
-8.95657730,2.99852991
-8.96018696,2.98899674
-8.96380711,2.97946215
-8.96743774,2.96992636
-8.97107887,2.96038938
-8.97473049,2.95085096
-8.97839165,2.94131136
-8.98206329,2.93177056
-8.98574448,2.92222857
-8.98943520,2.91268516
-8.99313450,2.90314031
-8.99684429,2.89359426
-9.00056171,2.88404703
-9.00428867,2.87449861
-9.00802517,2.86494851
-9.01176929,2.85539746
-9.01552200,2.84584498
-9.01928234,2.83629107
-9.02305126,2.82673597
-9.02682877,2.81717968
-9.03061295,2.80762196
-9.03440475,2.79806280
-9.03820419,2.78850245
-9.04201126,2.77894068
-9.04582500,2.76937771
-9.04964542,2.75981331
-9.05347252,2.75024772
-9.05730629,2.74068069
-9.06114578,2.73111224
-9.06499195,2.72154260
-9.06884480,2.71197152
-9.07270241,2.70239902
-9.07656670,2.69282532
-9.08043575,2.68325019
-9.08431053,2.67367363
-9.08819008,2.66409564
-9.09207535,2.65451646
-9.09596539,2.64493585
-9.09986019,2.63535404
-9.10375881,2.62577057
-9.10766220,2.61618590
-9.11156940,2.60659981
-9.11548138,2.59701228
-9.11939621,2.58742332
-9.12331581,2.57783318
-9.12723827,2.56824160
-9.13116360,2.55864835
-9.13509274,2.54905391
-9.13902569,2.53945804
-9.14296055,2.52986097
-9.14689827,2.52026224
-9.15083790,2.51066208
-9.15478039,2.50106049
-9.15872478,2.49145770
-9.16267204,2.48185325
-9.16662025,2.47224760
-9.17057037,2.46264029
-9.17452240,2.45303178
-9.17847538,2.44342160
-9.18242931,2.43381023
-9.18638420,2.42419720
-9.19034004,2.41458297
-9.19429684,2.40496707
-9.19825459,2.39534974
-9.20221138,2.38573098
-9.20616913,2.37611079
-9.21012688,2.36648917
-9.21408463,2.35686612
-9.21804142,2.34724164
-9.22199821,2.33761549
-9.22595406,2.32798815
-9.22990990,2.31835914
-9.23386383,2.30872869
-9.23781681,2.29909682
-9.24176788,2.28946328
-9.24571800,2.27982831
-9.24966621,2.27019215
-9.25361347,2.26055408
-9.25755787,2.25091481
-9.26150036,2.24127388
-9.26543999,2.23163152
-9.26937771,2.22198772
-9.27331257,2.21234226
-9.27724457,2.20269537
-9.28117371,2.19304705
-9.28509903,2.18339705
-9.28902149,2.17374563
-9.29294014,2.16409254
-9.29685593,2.15443802
-9.30076694,2.14478207
-9.30467415,2.13512444
-9.30857754,2.12546539
-9.31247616,2.11580491
-9.31637001,2.10614276
-9.32026005,2.09647894
-9.32414436,2.08681369
-9.32802391,2.07714701
-9.33189869,2.06747866
-9.33576775,2.05780864
-9.33963108,2.04813719
-9.34348869,2.03846407
-9.34734058,2.02878952
-9.35118675,2.01911330
-9.35502625,2.00943565
-9.35886002,1.99975622
-9.36268711,1.99007535
-9.36650658,1.98039293
-9.37032032,1.97070885
-9.37412643,1.96102321
-9.37792587,1.95133591
-9.38171673,1.94164705
-9.38550091,1.93195665
-9.38927746,1.92226470
-9.39304638,1.91257095
-9.39680672,1.90287578
-9.40055847,1.89317894
-9.40430260,1.88348043
-9.40803814,1.87378037
-9.41176414,1.86407876
-9.41548252,1.85437536
-9.41919136,1.84467041
-9.42289066,1.83496392
-9.42658043,1.82525575
-9.43026066,1.81554592
-9.43393135,1.80583441
-9.43759251,1.79612136
-9.44124317,1.78640664
-9.44488430,1.77669024
-9.44851398,1.76697218
-9.45213413,1.75725245
-9.45574284,1.74753118
-9.45934105,1.73780811
-9.46292782,1.72808349
-9.46650410,1.71835709
-9.47006798,1.70862913
-9.47362137,1.69889951
-9.47716236,1.68916821
-9.48069096,1.67943513
-9.48420811,1.66970050
-9.48771381,1.65996408
-9.49120617,1.65022600
-9.49468613,1.64048624
-9.49815273,1.63074481
-9.50160694,1.62100172
-9.50504875,1.61125684
-9.50847626,1.60151041
-9.51189137,1.59176219
-9.51529217,1.58201218
-9.51867962,1.57226050
-9.52205276,1.56250715
-9.52541161,1.55275214
-9.52875710,1.54299533
-9.53208733,1.53323674
-9.53540325,1.52347660
-9.53870487,1.51371455
-9.54199123,1.50395083
-9.54526234,1.49418545
-9.54851913,1.48441827
-9.55175972,1.47464931
-9.55498409,1.46487868
-9.55819416,1.45510626
-9.56138706,1.44533217
-9.56456470,1.43555617
-9.56772518,1.42577851
-9.57087040,1.41599917
-9.57399845,1.40621793
-9.57710934,1.39643502
-9.58020401,1.38665032
-9.58328152,1.37686384
-9.58634090,1.36707556
-9.58938408,1.35728550
-9.59240913,1.34749365
-9.59541607,1.33770001
-9.59840488,1.32790470
-9.60137653,1.31810749
-9.60432911,1.30830848
-9.60726357,1.29850781
-9.61017990,1.28870523
-9.61307716,1.27890086
-9.61595535,1.26909471
-9.61881447,1.25928664
-9.62165451,1.24947691
-9.62447453,1.23966527
-9.62727547,1.22985184
-9.63005638,1.22003663
-9.63281727,1.21021950
-9.63555813,1.20040059
-9.63827896,1.19057989
-9.64097977,1.18075740
-9.64365959,1.17093301
-9.64631844,1.16110671
-9.64895630,1.15127861
-9.65157318,1.14144874
-9.65416813,1.13161695
-9.65674305,1.12178338
-9.65929508,1.11194789
-9.66182613,1.10211062
-9.66433430,1.09227133
-9.66682148,1.08243036
-9.66928577,1.07258737
-9.67172718,1.06274259
-9.67414665,1.05289602
-9.67654324,1.04304743
-9.67891693,1.03319705
-9.68126774,1.02334476
-9.68359470,1.01349056
-9.68589783,1.00363445
-9.68817806,0.99377656
-9.69043446,0.98391670
-9.69266701,0.97405493
-9.69487476,0.96419126
-9.69705868,0.95432574
-9.69921875,0.94445831
-9.70135307,0.93458891
-9.70346355,0.92471761
-9.70554829,0.91484445
-9.70760822,0.90496933
-9.70964336,0.89509231
-9.71165180,0.88521332
-9.71363544,0.87533247
-9.71559334,0.86544961
-9.71752548,0.85556489
-9.71943092,0.84567821
-9.72131062,0.83578956
-9.72316265,0.82589900
-9.72498894,0.81600648
-9.72678852,0.80611199
-9.72856140,0.79621559
-9.73030663,0.78631723
-9.73202419,0.77641690
-9.73371506,0.76651460
-9.73537922,0.75661039
-9.73701572,0.74670428
-9.73862553,0.73679620
-9.74020767,0.72688627
-9.74176407,0.71697444
-9.74329376,0.70706069
-9.74479675,0.69714510
-9.74627304,0.68722767
-9.74772358,0.67730838
-9.74914742,0.66738725
-9.75054550,0.65746427
-9.75191784,0.64753956
-9.75326443,0.63761300
-9.75458431,0.62768465
-9.75587940,0.61775452
-9.75714874,0.60782266
-9.75839233,0.59788907
-9.75961018,0.58795369
-9.76080418,0.57801664
-9.76197147,0.56807780
-9.76311493,0.55813730
-9.76423264,0.54819512
-9.76532555,0.53825122
-9.76639462,0.52830565
-9.76743793,0.51835847
-9.76845741,0.50840962
-9.76945210,0.49845913
-9.77042294,0.48850703
-9.77136898,0.47855330
-9.77229118,0.46859798
-9.77318954,0.45864108
-9.77406406,0.44868261
-9.77491474,0.43872255
-9.77574158,0.42876098
-9.77654552,0.41879782
-9.77732468,0.40883315
-9.77808189,0.39886698
-9.77881432,0.38889927
-9.77952480,0.37893009
-9.78021145,0.36895943
-9.78087616,0.35898730
-9.78151703,0.34901369
-9.78213596,0.33903864
-9.78273201,0.32906216
-9.78330517,0.31908426
-9.78385544,0.30910495
-9.78438473,0.29912421
-9.78489113,0.28914210
-9.78537560,0.27915862
-9.78583717,0.26917377
-9.78627777,0.25918755
-9.78669643,0.24920000
-9.78709316,0.23921113
-9.78746891,0.22922093
-9.78782272,0.21922942
-9.78815460,0.20923661
-9.78846550,0.19924252
-9.78875542,0.18924715
-9.78902435,0.17925052
-9.78927231,0.16925265
-9.78950024,0.15925354
-9.78970623,0.14925320
-9.78989220,0.13925165
-9.79005718,0.12924889
-9.79020214,0.11924494
-9.79032612,0.10923981
-9.79043007,0.09923352
-9.79051399,0.08922606
-9.79057789,0.07921746
-9.79062271,0.06920773
-9.79064655,0.05919688
-9.79065132,0.04918491
-9.79063606,0.03917186
-9.79060173,0.02915771
-9.79054832,0.01914248
-9.79047489,0.00912620
-9.79038239,-0.00089114
-9.79027081,-0.01090952
-9.79014015,-0.02092892
-9.78999138,-0.03094934
-9.78982353,-0.04097077
-9.78963661,-0.05099320
-9.78943157,-0.06101660
-9.78920746,-0.07104097
-9.78896523,-0.08106630
-9.78870487,-0.09109259
-9.78842640,-0.10111979
-9.78812981,-0.11114793
-9.78781605,-0.12117699
-9.78748322,-0.13120693
-9.78713322,-0.14123777
-9.78676605,-0.15126950
-9.78638077,-0.16130207
-9.78597832,-0.17133550
-9.78555870,-0.18136978
-9.78512192,-0.19140489
-9.78466797,-0.20144081
-9.78419685,-0.21147755
-9.78370857,-0.22151507
-9.78320408,-0.23155339
-9.78268242,-0.24159247
-9.78214455,-0.25163230
-9.78159046,-0.26167291
-9.78102016,-0.27171424
-9.78043270,-0.28175631
-9.77982998,-0.29179907
-9.77921009,-0.30184254
-9.77857494,-0.31188670
-9.77792454,-0.32193154
-9.77725792,-0.33197707
-9.77657509,-0.34202322
-9.77587795,-0.35207003
-9.77516460,-0.36211747
-9.77443600,-0.37216553
-9.77369213,-0.38221422
-9.77293301,-0.39226347
-9.77215958,-0.40231335
-9.77137089,-0.41236377
-9.77056694,-0.42241475
-9.76974869,-0.43246630
-9.76891613,-0.44251838
-9.76806927,-0.45257100
-9.76720715,-0.46262413
-9.76633167,-0.47267774
-9.76544094,-0.48273188
-9.76453686,-0.49278647
-9.76361942,-0.50284153
-9.76268673,-0.51289707
-9.76174164,-0.52295303
-9.76078224,-0.53300947
-9.75980949,-0.54306632
-9.75882339,-0.55312353
-9.75782299,-0.56318122
-9.75681019,-0.57323921
-9.75578499,-0.58329761
-9.75474548,-0.59335643
-9.75369358,-0.60341555
-9.75262928,-0.61347502
-9.75155163,-0.62353480
-9.75046253,-0.63359493
-9.74936008,-0.64365536
-9.74824524,-0.65371603
-9.74711800,-0.66377705
-9.74597836,-0.67383832
-9.74482727,-0.68389982
-9.74366379,-0.69396162
-9.74248886,-0.70402366
-9.74130249,-0.71408588
-9.74010372,-0.72414833
-9.73889351,-0.73421097
-9.73767185,-0.74427384
-9.73643875,-0.75433683
-9.73519516,-0.76440006
-9.73394012,-0.77446336
-9.73267365,-0.78452688
-9.73139668,-0.79459047
-9.73010826,-0.80465424
-9.72881031,-0.81471807
-9.72750092,-0.82478201
-9.72618103,-0.83484602
-9.72485065,-0.84491014
-9.72351074,-0.85497433
-9.72215939,-0.86503851
-9.72079945,-0.87510276
-9.71942806,-0.88516706
-9.71804810,-0.89523137
-9.71665764,-0.90529567
-9.71525764,-0.91535991
-9.71384811,-0.92542422
-9.71242905,-0.93548846
-9.71100044,-0.94555265
-9.70956326,-0.95561677
-9.70811653,-0.96568084
-9.70666027,-0.97574484
-9.70519638,-0.98580873
-9.70372295,-0.99587256
-9.70223999,-1.00593626
-9.70074940,-1.01599979
-9.69925022,-1.02606320
-9.69774246,-1.03612649
-9.69622612,-1.04618967
-9.69470215,-1.05625260
-9.69316959,-1.06631541
-9.69162941,-1.07637799
-9.69008160,-1.08644032
-9.68852520,-1.09650242
-9.68696117,-1.10656440
-9.68539047,-1.11662602
-9.68381214,-1.12668753
-9.68222523,-1.13674867
-9.68063259,-1.14680958
-9.67903233,-1.15687013
-9.67742443,-1.16693044
-9.67580986,-1.17699039
-9.67418861,-1.18705010
-9.67256069,-1.19710946
-9.67092609,-1.20716846
-9.66928482,-1.21722710
-9.66763687,-1.22728527
-9.66598320,-1.23734319
-9.66432381,-1.24740064
-9.66265678,-1.25745773
-9.66098499,-1.26751447
-9.65930653,-1.27757061
-9.65762329,-1.28762650
-9.65593338,-1.29768181
-9.65423870,-1.30773664
-9.65253735,-1.31779110
-9.65083122,-1.32784498
-9.64912033,-1.33789849
-9.64740372,-1.34795141
-9.64568233,-1.35800374
-9.64395618,-1.36805570
-9.64222431,-1.37810695
-9.64048862,-1.38815773
-9.63874817,-1.39820790
-9.63700294,-1.40825760
-9.63525295,-1.41830659
-9.63349915,-1.42835498
-9.63174057,-1.43840289
-9.62997913,-1.44845009
-9.62821198,-1.45849657
-9.62644196,-1.46854246
-9.62466812,-1.47858775
-9.62289047,-1.48863232
-9.62110901,-1.49867618
-9.61932468,-1.50871944
-9.61753654,-1.51876187
-9.61574459,-1.52880359
-9.61394978,-1.53884470
-9.61215210,-1.54888499
-9.61035156,-1.55892456
-9.60854816,-1.56896329
-9.60674191,-1.57900131
-9.60493279,-1.58903849
-9.60312176,-1.59907496
-9.60130787,-1.60911047
-9.59949112,-1.61914527
-9.59767246,-1.62917924
-9.59585190,-1.63921237
-9.59402943,-1.64924455
-9.59220505,-1.65927589
-9.59037876,-1.66930640
-9.58855057,-1.67933595
-9.58672047,-1.68936467
-9.58488941,-1.69939244
-9.58305740,-1.70941925
-9.58122349,-1.71944523
-9.57938766,-1.72947013
-9.57755184,-1.73949409
-9.57571507,-1.74951708
-9.57387638,-1.75953913
-9.57203770,-1.76956022
-9.57019901,-1.77958024
-9.56835842,-1.78959918
-9.56651783,-1.79961717
-9.56467724,-1.80963409
-9.56283665,-1.81964993
-9.56099510,-1.82966471
-9.55915356,-1.83967841
-9.55731297,-1.84969103
-9.55547142,-1.85970259
-9.55363083,-1.86971295
-9.55179119,-1.87972224
-9.54995060,-1.88973045
-9.54811192,-1.89973736
-9.54627323,-1.90974319
-9.54443550,-1.91974795
-9.54259872,-1.92975140
-9.54076290,-1.93975365
-9.53892803,-1.94975471
-9.53709507,-1.95975459
-9.53526211,-1.96975315
-9.53343201,-1.97975051
-9.53160286,-1.98974669
-9.52977467,-1.99974155
-9.52794933,-2.00973511
-9.52612495,-2.01972747
-9.52430344,-2.02971840
-9.52248287,-2.03970814
-9.52066517,-2.04969645
-9.51885033,-2.05968332
-9.51703644,-2.06966901
-9.51522636,-2.07965350
-9.51341820,-2.08963633
-9.51161289,-2.09961796
-9.50980949,-2.10959816
-9.50800991,-2.11957669
-9.50621319,-2.12955403
-9.50442028,-2.13952994
-9.50262928,-2.14950442
-9.50084209,-2.15947747
-9.49905872,-2.16944909
-9.49727821,-2.17941928
-9.49550152,-2.18938780
-9.49372864,-2.19935489
-9.49196053,-2.20932031
-9.49019527,-2.21928453
-9.48843384,-2.22924709
-9.48667717,-2.23920798
-9.48492432,-2.24916744
-9.48317623,-2.25912523
-9.48143291,-2.26908159
-9.47969341,-2.27903628
-9.47795868,-2.28898931
-9.47622871,-2.29894066
-9.47450447,-2.30889058
-9.47278404,-2.31883883
-9.47106934,-2.32878518
-9.46936035,-2.33873010
-9.46765518,-2.34867334
-9.46595669,-2.35861492
-9.46426296,-2.36855483
-9.46257591,-2.37849283
-9.46089363,-2.38842916
-9.45921707,-2.39836383
-9.45754719,-2.40829682
-9.45588303,-2.41822791
-9.45422459,-2.42815733
-9.45257282,-2.43808508
-9.45092678,-2.44801092
-9.44928837,-2.45793486
-9.44765568,-2.46785712
-9.44602966,-2.47777748
-9.44441032,-2.48769593
-9.44279861,-2.49761271
-9.44119263,-2.50752759
-9.43959427,-2.51744056
-9.43800354,-2.52735162
-9.43642044,-2.53726077
-9.43484402,-2.54716802
-9.43327522,-2.55707359
-9.43171406,-2.56697702
-9.43016052,-2.57687855
-9.42861462,-2.58677793
-9.42707634,-2.59667563
-9.42554665,-2.60657120
-9.42402554,-2.61646485
-9.42251205,-2.62635636
-9.42100620,-2.63624597
-9.41950989,-2.64613366
-9.41802216,-2.65601921
-9.41654205,-2.66590261
-9.41507149,-2.67578411
-9.41360950,-2.68566346
-9.41215706,-2.69554067
-9.41071320,-2.70541596
-9.40927887,-2.71528912
-9.40785313,-2.72516012
-9.40643692,-2.73502874
-9.40503025,-2.74489546
-9.40363407,-2.75476003
-9.40224648,-2.76462245
-9.40086937,-2.77448273
-9.39950180,-2.78434086
-9.39814377,-2.79419661
-9.39679623,-2.80405021
-9.39545918,-2.81390166
-9.39413261,-2.82375073
-9.39281654,-2.83359766
-9.39151001,-2.84344244
-9.39021492,-2.85328484
-9.38893032,-2.86312509
-9.38765717,-2.87296271
-9.38639450,-2.88279843
-9.38514233,-2.89263153
-9.38390160,-2.90246248
-9.38267231,-2.91229105
-9.38145447,-2.92211723
-9.38024807,-2.93194103
-9.37905312,-2.94176245
-9.37787056,-2.95158172
-9.37669849,-2.96139836
-9.37553978,-2.97121263
-9.37439156,-2.98102450
-9.37325668,-2.99083400
-9.37213326,-3.00064087
-9.37102222,-3.01044536
-9.36992455,-3.02024746
-9.36883831,-3.03004718
-9.36776447,-3.03984427
-9.36670399,-3.04963875
-9.36565685,-3.05943108
-9.36462212,-3.06922054
-9.36359978,-3.07900763
-9.36259174,-3.08879209
-9.36159611,-3.09857392
-9.36061382,-3.10835338
-9.35964584,-3.11813021
-9.35869026,-3.12790442
-9.35774899,-3.13767600
-9.35682201,-3.14744496
-9.35590839,-3.15721130
-9.35500813,-3.16697478
-9.35412312,-3.17673588
-9.35325146,-3.18649435
-9.35239410,-3.19624996
-9.35155201,-3.20600295
-9.35072327,-3.21575332
-9.34990978,-3.22550106
-9.34911060,-3.23524594
-9.34832668,-3.24498796
-9.34755802,-3.25472736
-9.34680367,-3.26446414
-9.34606457,-3.27419782
-9.34534073,-3.28392911
-9.34463310,-3.29365730
-9.34393978,-3.30338287
-9.34326267,-3.31310558
-9.34260082,-3.32282543
-9.34195518,-3.33254242
-9.34132481,-3.34225655
-9.34071064,-3.35196781
-9.34011269,-3.36167645
-9.33953094,-3.37138200
-9.33896542,-3.38108468
-9.33841610,-3.39078426
-9.33788300,-3.40048122
-9.33736706,-3.41017509
-9.33686829,-3.41986609
-9.33638573,-3.42955399
-9.33591938,-3.43923903
-9.33547115,-3.44892120
-9.33504009,-3.45860028
-9.33462524,-3.46827626
-9.33422852,-3.47794938
-9.33384895,-3.48761940
-9.33348656,-3.49728632
-9.33314228,-3.50695014
-9.33281612,-3.51661110
-9.33250713,-3.52626896
-9.33221626,-3.53592372
-9.33194351,-3.54557538
-9.33168983,-3.55522394
-9.33145332,-3.56486917
-9.33123493,-3.57451153
-9.33103466,-3.58415079
-9.33085251,-3.59378719
-9.33068943,-3.60342026
-9.33054256,-3.61305046
-9.33041477,-3.62267780
-9.33030510,-3.63230205
-9.33021259,-3.64192343
-9.33013821,-3.65154171
-9.33008194,-3.66115737
-9.33004284,-3.67076993
-9.33002090,-3.68037963
-9.33001709,-3.68998647
-9.33003139,-3.69959068
-9.33006287,-3.70919204
-9.33011150,-3.71879053
-9.33017826,-3.72838616
-9.33026218,-3.73797917
-9.33036327,-3.74756956
-9.33048153,-3.75715709
-9.33061695,-3.76674199
-9.33077049,-3.77632427
-9.33094025,-3.78590393
-9.33112717,-3.79548097
-9.33133221,-3.80505538
-9.33155346,-3.81462717
-9.33179188,-3.82419658
-9.33204651,-3.83376312
-9.33231926,-3.84332752
-9.33260822,-3.85288906
-9.33291435,-3.86244845
-9.33323669,-3.87200522
-9.33357620,-3.88155961
-9.33393288,-3.89111137
-9.33430481,-3.90066099
-9.33469486,-3.91020823
-9.33510017,-3.91975307
-9.33552265,-3.92929554
-9.33596134,-3.93883562
-9.33641720,-3.94837356
-9.33688831,-3.95790911
-9.33737659,-3.96744251
-9.33788109,-3.97697353
-9.33840179,-3.98650241
-9.33893776,-3.99602914
-9.33949089,-4.00555372
-9.34006023,-4.01507616
-9.34064484,-4.02459621
-9.34124565,-4.03411436
-9.34186268,-4.04363060
-9.34249592,-4.05314445
-9.34314442,-4.06265640
-9.34380913,-4.07216597
-9.34449005,-4.08167410
-9.34518623,-4.09117985
-9.34589767,-4.10068369
-9.34662533,-4.11018562
-9.34736824,-4.11968565
-9.34812737,-4.12918377
-9.34890175,-4.13867998
-9.34969139,-4.14817476
-9.35049629,-4.15766716
-9.35131645,-4.16715765
-9.35215282,-4.17664671
-9.35300350,-4.18613386
-9.35387039,-4.19561911
-9.35475159,-4.20510244
-9.35564804,-4.21458435
-9.35656071,-4.22406483
-9.35748768,-4.23354292
-9.35842896,-4.24302006
-9.35938644,-4.25249481
-9.36035824,-4.26196861
-9.36134529,-4.27144051
-9.36234665,-4.28091097
-9.36336327,-4.29037952
-9.36439419,-4.29984665
-9.36544037,-4.30931234
-9.36650085,-4.31877661
-9.36757565,-4.32823944
-9.36866570,-4.33770037
-9.36977005,-4.34716034
-9.37088871,-4.35661888
-9.37202168,-4.36607552
-9.37316990,-4.37553120
-9.37433147,-4.38498545
-9.37550831,-4.39443827
-9.37669849,-4.40388966
-9.37790394,-4.41334009
-9.37912273,-4.42278910
-9.38035583,-4.43223667
-9.38160324,-4.44168329
-9.38286400,-4.45112848
-9.38413906,-4.46057272
-9.38542843,-4.47001553
-9.38673210,-4.47945690
-9.38804817,-4.48889780
-9.38937950,-4.49833727
-9.39072418,-4.50777531
-9.39208221,-4.51721287
-9.39345455,-4.52664900
-9.39484024,-4.53608418
-9.39623928,-4.54551840
-9.39765167,-4.55495119
-9.39907837,-4.56438351
-9.40051746,-4.57381487
-9.40197086,-4.58324480
-9.40343761,-4.59267426
-9.40491772,-4.60210276
-9.40641022,-4.61153030
-9.40791702,-4.62095690
-9.40943623,-4.63038301
-9.41096878,-4.63980818
-9.41251469,-4.64923239
-9.41407394,-4.65865564
-9.41564560,-4.66807842
-9.41723061,-4.67750072
-9.41882801,-4.68692207
-9.42043877,-4.69634247
-9.42206192,-4.70576239
-9.42369843,-4.71518183
-9.42534733,-4.72460032
-9.42700863,-4.73401833
-9.42868328,-4.74343586
-9.43037033,-4.75285244
-9.43206978,-4.76226902
-9.43378162,-4.77168465
-9.43550587,-4.78109980
-9.43724346,-4.79051447
-9.43899250,-4.79992914
-9.44075394,-4.80934286
-9.44252777,-4.81875610
-9.44431400,-4.82816935
-9.44611263,-4.83758163
-9.44792366,-4.84699392
-9.44974613,-4.85640574
-9.45158100,-4.86581755
-9.45342731,-4.87522840
-9.45528603,-4.88463974
-9.45715714,-4.89405012
-9.45903969,-4.90346050
-9.46093369,-4.91287088
-9.46284008,-4.92228079
-9.46475792,-4.93169069
-9.46668816,-4.94110012
-9.46862888,-4.95051003
-9.47058201,-4.95991898
-9.47254658,-4.96932840
-9.47452259,-4.97873735
-9.47651005,-4.98814678
-9.47850990,-4.99755573
-9.48052025,-5.00696468
-9.48254204,-5.01637363
-9.48457527,-5.02578259
-9.48661900,-5.03519201
-9.48867512,-5.04460096
-9.49074173,-5.05400991
-9.49281979,-5.06341934
-9.49490833,-5.07282877
-9.49700832,-5.08223820
-9.49911976,-5.09164810
-9.50124168,-5.10105801
-9.50337410,-5.11046791
-9.50551796,-5.11987829
-9.50767231,-5.12928867
-9.50983810,-5.13869953
-9.51201344,-5.14811039
-9.51420021,-5.15752172
-9.51639748,-5.16693354
-9.51860619,-5.17634535
-9.52082443,-5.18575811
-9.52305317,-5.19517040
-9.52529240,-5.20458364
-9.52754211,-5.21399736
-9.52980328,-5.22341108
-9.53207302,-5.23282576
-9.53435421,-5.24224043
-9.53664494,-5.25165606
-9.53894615,-5.26107216
-9.54125786,-5.27048874
-9.54357910,-5.27990532
-9.54591084,-5.28932333
-9.54825211,-5.29874134
-9.55060387,-5.30816031
-9.55296516,-5.31757975
-9.55533695,-5.32699966
-9.55771828,-5.33642054
-9.56010914,-5.34584236
-9.56250954,-5.35526466
-9.56492043,-5.36468744
-9.56733990,-5.37411118
-9.56976986,-5.38353586
-9.57220840,-5.39296103
-9.57465744,-5.40238714
-9.57711601,-5.41181421
-9.57958317,-5.42124224
-9.58206081,-5.43067122
-9.58454704,-5.44010067
-9.58704185,-5.44953108
-9.58954716,-5.45896292
-9.59206104,-5.46839523
-9.59458447,-5.47782898
-9.59711647,-5.48726320
-9.59965801,-5.49669886
-9.60220909,-5.50613546
-9.60476780,-5.51557302
-9.60733604,-5.52501154
-9.60991383,-5.53445148
-9.61250019,-5.54389238
-9.61509514,-5.55333471
-9.61769867,-5.56277800
-9.62031078,-5.57222223
-9.62293148,-5.58166790
-9.62556171,-5.59111500
-9.62819958,-5.60056305
-9.63084602,-5.61001253
-9.63350201,-5.61946297
-9.63616562,-5.62891531
-9.63883781,-5.63836861
-9.64151764,-5.64782333
-9.64420605,-5.65727901
-9.64690304,-5.66673660
-9.64960861,-5.67619562
-9.65232182,-5.68565559
-9.65504360,-5.69511747
-9.65777302,-5.70458078
-9.66051102,-5.71404552
-9.66325665,-5.72351170
-9.66600990,-5.73297930
-9.66877174,-5.74244881
-9.67154121,-5.75191927
-9.67431831,-5.76139212
-9.67710304,-5.77086592
-9.67989540,-5.78034163
-9.68269634,-5.78981924
-9.68550396,-5.79929829
-9.68831921,-5.80877876
-9.69114304,-5.81826115
-9.69397354,-5.82774544
-9.69681168,-5.83723164
-9.69965649,-5.84671926
-9.70250988,-5.85620880
-9.70536995,-5.86569977
-9.70823669,-5.87519312
-9.71111202,-5.88468790
-9.71399403,-5.89418507
-9.71688271,-5.90368366
-9.71977901,-5.91318464
-9.72268200,-5.92268705
-9.72559166,-5.93219185
-9.72850895,-5.94169807
-9.73143291,-5.95120668
-9.73436451,-5.96071720
-9.73730183,-5.97023010
-9.74024677,-5.97974491
-9.74319744,-5.98926163
-9.74615574,-5.99878025
-9.74911976,-6.00830126
-9.75209141,-6.01782417
-9.75506878,-6.02734947
-9.75805378,-6.03687716
-9.76104450,-6.04640675
-9.76404095,-6.05593872
-9.76704502,-6.06547260
-9.77005482,-6.07500935
-9.77307129,-6.08454800
-9.77609348,-6.09408855
-9.77912235,-6.10363197
-9.78215694,-6.11317778
-9.78519726,-6.12272549
-9.78824425,-6.13227606
-9.79129791,-6.14182854
-9.79435635,-6.15138388
-9.79742146,-6.16094160
-9.80049229,-6.17050171
-9.80356884,-6.18006420
-9.80665112,-6.18962955
-9.80973911,-6.19919682
-9.81283379,-6.20876694
-9.81593323,-6.21833992
-9.81903839,-6.22791529
-9.82214928,-6.23749304
-9.82526493,-6.24707365
-9.82838726,-6.25665665
-9.83151436,-6.26624250
-9.83464718,-6.27583122
-9.83778477,-6.28542233
-9.84092808,-6.29501629
-9.84407616,-6.30461311
-9.84722996,-6.31421232
-9.85038948,-6.32381487
-9.85355282,-6.33341980
-9.85672188,-6.34302759
-9.85989666,-6.35263824
-9.86307526,-6.36225224
-9.86625957,-6.37186861
-9.86944866,-6.38148785
-9.87264252,-6.39111042
-9.87584114,-6.40073538
-9.87904453,-6.41036367
-9.88225269,-6.41999531
-9.88546562,-6.42962933
-9.88868332,-6.43926668
-9.89190483,-6.44890690
-9.89513111,-6.45855045
-9.89836311,-6.46819687
-9.90159798,-6.47784662
-9.90483856,-6.48749924
-9.90808201,-6.49715519
-9.91133118,-6.50681400
-9.91458416,-6.51647663
-9.91784096,-6.52614164
-9.92110252,-6.53581047
-9.92436790,-6.54548264
-9.92763710,-6.55515766
-9.93091106,-6.56483650
-9.93418884,-6.57451820
-9.93747044,-6.58420324
-9.94075584,-6.59389162
-9.94404507,-6.60358381
-9.94733810,-6.61327887
-9.95063496,-6.62297773
-9.95393562,-6.63267994
-9.95724010,-6.64238548
-9.96054840,-6.65209436
-9.96386051,-6.66180706
-9.96717548,-6.67152309
-9.97049427,-6.68124294
-9.97381592,-6.69096565
-9.97714233,-6.70069265
-9.98047066,-6.71042299
-9.98380280,-6.72015715
-9.98713875,-6.72989464
-9.99047756,-6.73963594
-9.99382019,-6.74938059
-9.99716473,-6.75912952
-10.00051308,-6.76888180
-10.00386524,-6.77863789
-10.00721931,-6.78839779
-10.01057625,-6.79816151
-10.01393700,-6.80792856
-10.01729965,-6.81769991
-10.02066612,-6.82747507
-10.02403545,-6.83725405
-10.02740669,-6.84703684
-10.03078079,-6.85682344
-10.03415775,-6.86661434
-10.03753757,-6.87640858
-10.04091930,-6.88620710
-10.04430389,-6.89600992
-10.04769135,-6.90581656
-10.05108070,-6.91562700
-10.05447292,-6.92544174
-10.05786705,-6.93526030
-10.06126404,-6.94508314
-10.06466293,-6.95490980
-10.06806374,-6.96474075
-10.07146740,-6.97457600
-10.07487297,-6.98441505
-10.07828045,-6.99425840
-10.08168983,-7.00410604
-10.08510113,-7.01395798
-10.08851433,-7.02381420
-10.09193039,-7.03367472
-10.09534740,-7.04353952
-10.09876633,-7.05340815
-10.10218716,-7.06328154
-10.10560989,-7.07315922
-10.10903358,-7.08304119
-10.11246014,-7.09292793
-10.11588669,-7.10281849
-10.11931610,-7.11271381
-10.12274647,-7.12261343
-10.12617874,-7.13251781
-10.12961197,-7.14242649
-10.13304615,-7.15233946
-10.13648224,-7.16225719
-10.13991928,-7.17217922
-10.14335823,-7.18210602
-10.14679813,-7.19203758
-10.15023899,-7.20197344
-10.15368080,-7.21191406
-10.15712357,-7.22185946
-10.16056728,-7.23180962
-10.16401291,-7.24176407
-10.16745853,-7.25172329
-10.17090511,-7.26168728
-10.17435265,-7.27165651
-10.17780113,-7.28163004
-10.18124962,-7.29160833
-10.18470001,-7.30159140
-10.18815041,-7.31157970
-10.19160080,-7.32157230
-10.19505215,-7.33157015
-10.19850445,-7.34157276
-10.20195675,-7.35158062
-10.20541000,-7.36159277
-10.20886326,-7.37161016
-10.21231651,-7.38163280
-10.21577072,-7.39166021
-10.21922493,-7.40169287
-10.22267914,-7.41173029
-10.22613430,-7.42177248
-10.22958851,-7.43182039
-10.23304367,-7.44187307
-10.23649788,-7.45193052
-10.23995304,-7.46199369
-10.24340725,-7.47206163
-10.24686146,-7.48213482
-10.25031662,-7.49221325
-10.25377083,-7.50229740
-10.25722408,-7.51238632
-10.26067829,-7.52248049
-10.26413155,-7.53257990
-10.26758385,-7.54268456
-10.27103615,-7.55279446
-10.27448845,-7.56291008
-10.27793980,-7.57303095
-10.28139114,-7.58315706
-10.28484058,-7.59328842
-10.28829098,-7.60342550
-10.29173946,-7.61356783
-10.29518795,-7.62371540
-10.29863548,-7.63386917
-10.30208206,-7.64402771
-10.30552769,-7.65419197
-10.30897236,-7.66436195
-10.31241608,-7.67453766
-10.31585884,-7.68471861
-10.31930065,-7.69490528
-10.32274151,-7.70509768
-10.32618046,-7.71529531
-10.32961845,-7.72549915
-10.33305550,-7.73570824
-10.33649158,-7.74592304
-10.33992577,-7.75614405
-10.34335899,-7.76637030
-10.34679031,-7.77660227
-10.35022068,-7.78684044
-10.35365009,-7.79708433
-10.35707664,-7.80733395
-10.36050224,-7.81758928
-10.36392593,-7.82785034
-10.36734867,-7.83811760
-10.37076855,-7.84839058
-10.37418747,-7.85866976
-10.37760448,-7.86895466
-10.38101959,-7.87924576
-10.38443279,-7.88954258
-10.38784409,-7.89984560
-10.39125347,-7.91015434
-10.39466000,-7.92046928
-10.39806557,-7.93079042
-10.40146828,-7.94111776
-10.40486908,-7.95145082
-10.40826797,-7.96179008
-10.41166401,-7.97213554
-10.41505814,-7.98248720
-10.41844940,-7.99284554
-10.42183876,-8.00320911
-10.42522526,-8.01357937
-10.42860985,-8.02395630
-10.43199158,-8.03433895
-10.43537045,-8.04472828
-10.43874645,-8.05512333
-10.44212055,-8.06552505
-10.44549179,-8.07593346
-10.44886017,-8.08634758
-10.45222569,-8.09676933
-10.45558834,-8.10719585
-10.45894814,-8.11763000
-10.46230507,-8.12806988
-10.46565914,-8.13851643
-10.46901035,-8.14896965
-10.47235775,-8.15942955
-10.47570229,-8.16989613
-10.47904396,-8.18036842
-10.48238277,-8.19084740
-10.48571777,-8.20133400
-10.48904896,-8.21182632
-10.49237728,-8.22232533
-10.49570274,-8.23283100
-10.49902439,-8.24334335
-10.50234222,-8.25386238
-10.50565720,-8.26438808
-10.50896835,-8.27492142
-10.51227570,-8.28546047
-10.51557922,-8.29600620
-10.51887894,-8.30655956
-10.52217579,-8.31711960
-10.52546787,-8.32768631
-10.52875710,-8.33825970
-10.53204155,-8.34883976
-10.53532314,-8.35942650
-10.53860092,-8.37001896
-10.54187584,-8.38061810
-10.54514885,-8.39122200
-10.54841805,-8.40183067
-10.55168533,-8.41244507
-10.55495071,-8.42306328
-10.55821419,-8.43368626
-10.56147671,-8.44431305
-10.56473732,-8.45494270
-10.56799698,-8.46557617
-10.57125568,-8.47621250
-10.57451439,-8.48685074
-10.57777214,-8.49749184
-10.58102989,-8.50813389
-10.58428860,-8.51877880
-10.58754730,-8.52942371
-10.59080696,-8.54007053
-10.59406662,-8.55071640
-10.59732914,-8.56136417
-10.60059166,-8.57201099
-10.60385704,-8.58265686
-10.60712337,-8.59330273
-10.61039257,-8.60394764
-10.61366463,-8.61459064
-10.61693859,-8.62523174
-10.62021637,-8.63587093
-10.62349701,-8.64650822
-10.62678146,-8.65714264
-10.63006878,-8.66777325
-10.63336086,-8.67840099
-10.63665771,-8.68902493
-10.63995838,-8.69964504
-10.64326382,-8.71026039
-10.64657402,-8.72087097
-10.64988995,-8.73147678
-10.65321064,-8.74207783
-10.65653801,-8.75267220
-10.65987110,-8.76326084
-10.66321087,-8.77384281
-10.66655636,-8.78441906
-10.66990852,-8.79498768
-10.67326832,-8.80554867
-10.67663574,-8.81610203
-10.68000984,-8.82664776
-10.68339252,-8.83718491
-10.68678284,-8.84771347
-10.69018173,-8.85823250
-10.69358826,-8.86874294
-10.69700432,-8.87924385
-10.70042992,-8.88973427
-10.70386410,-8.90021420
-10.70730782,-8.91068459
-10.71076202,-8.92114258
-10.71422577,-8.93159008
-10.71769905,-8.94202614
-10.72118378,-8.95244980
-10.72467995,-8.96286106
-10.72818565,-8.97326088
-10.73170376,-8.98364639
-10.73523331,-8.99401951
-10.73877430,-9.00437832
-10.74232769,-9.01472378
-10.74589348,-9.02505493
-10.74947166,-9.03537083
-10.75306320,-9.04567242
-10.75666714,-9.05595875
-10.76028442,-9.06622887
-10.76391506,-9.07648373
-10.76756001,-9.08672237
-10.77121925,-9.09694481
-10.77489281,-9.10715008
-10.77858067,-9.11733723
-10.78228378,-9.12750816
-10.78600121,-9.13766003
-10.78973484,-9.14779472
-10.79348373,-9.15791035
-10.79724789,-9.16800785
-10.80102921,-9.17808533
-10.80482674,-9.18814373
-10.80864048,-9.19818211
-10.81247044,-9.20819950
-10.81631851,-9.21819782
-10.82018375,-9.22817421
-10.82406616,-9.23813057
-10.82796764,-9.24806404
-10.83188629,-9.25797653
-10.83582306,-9.26786709
-10.83977890,-9.27773476
-10.84375381,-9.28757954
-10.84774780,-9.29740143
-10.85176086,-9.30720043
-10.85579395,-9.31697464
-10.85984612,-9.32672501
-10.86391926,-9.33645153
-10.86801243,-9.34615231
-10.87212658,-9.35582829
-10.87626171,-9.36547947
-10.88041687,-9.37510395
-10.88459492,-9.38470268
-10.88879395,-9.39427567
-10.89301491,-9.40382099
-10.89725780,-9.41333961
-10.90152359,-9.42283058
-10.90581131,-9.43229485
-10.91012287,-9.44172955
-10.91445732,-9.45113659
-10.91881466,-9.46051502
-10.92319584,-9.46986485
-10.92760181,-9.47918415
-10.93203068,-9.48847485
-10.93648529,-9.49773502
-10.94096375,-9.50696468
-10.94546700,-9.51616383
-10.94999599,-9.52533150
-10.95454979,-9.53446865
-10.95913029,-9.54357338
-10.96373558,-9.55264664
-10.96836758,-9.56168652
-10.97302628,-9.57069492
-10.97771168,-9.57966995
-10.98242378,-9.58861160
-10.98716259,-9.59751987
-10.99192905,-9.60639381
-10.99672413,-9.61523342
-11.00154686,-9.62403870
-11.00639725,-9.63280869
-11.01127625,-9.64154339
-11.01618385,-9.65024281
-11.02112103,-9.65890598
-11.02608681,-9.66753292
-11.03108215,-9.67612267
-11.03610802,-9.68467617
-11.04116249,-9.69319248
-11.04624844,-9.70167065
-11.05136395,-9.71011162
-11.05651093,-9.71851349
-11.06168842,-9.72687721
-11.06689739,-9.73520279
-11.07213783,-9.74348831
-11.07740974,-9.75173378
-11.08271408,-9.75994015
-11.08805084,-9.76810646
-11.09341908,-9.77623177
-11.09882069,-9.78431606
-11.10425568,-9.79235935
-11.10972309,-9.80036068
-11.11522484,-9.80832005
-11.12075996,-9.81623840
-11.12632942,-9.82411289
-11.13193226,-9.83194542
-11.13757038,-9.83973408
-11.14324284,-9.84747982
-11.14895058,-9.85518169
-11.15469360,-9.86283875
-11.16047287,-9.87045193
-11.16628647,-9.87802029
-11.17213726,-9.88554287
-11.17802334,-9.89302063
-11.18394661,-9.90045166
-11.18990707,-9.90783787
-11.19590378,-9.91517639
-11.20193768,-9.92246819
-11.20800972,-9.92971325
-11.21411991,-9.93691158
-11.22026730,-9.94406128
-11.22645283,-9.95116234
-11.23267746,-9.95821571
-11.23894119,-9.96522045
-11.24524307,-9.97217560
-11.25158501,-9.97908211
-11.25796604,-9.98593807
-11.26438713,-9.99274349
-11.27084827,-9.99949932
-11.27734947,-10.00620461
-11.28389168,-10.01285839
-11.29047489,-10.01946068
-11.29709816,-10.02601147
-11.30376339,-10.03250980
-11.31047058,-10.03895569
-11.31721878,-10.04534912
-11.32400990,-10.05169010
-11.33084297,-10.05797672
-11.33771801,-10.06420994
-11.34463692,-10.07038879
-11.35159874,-10.07651424
-11.35860348,-10.08258438
-11.36565208,-10.08859921
-11.37274361,-10.09455872
-11.37988091,-10.10046291
-11.38706112,-10.10631084
-11.39428616,-10.11210346
-11.40155697,-10.11783791
-11.40887165,-10.12351608
-11.41623306,-10.12913704
-11.42363930,-10.13469982
-11.43109131,-10.14020538
-11.43858910,-10.14565182
-11.44613457,-10.15104008
-11.45372581,-10.15636921
-11.46136379,-10.16163921
-11.46904850,-10.16684914
-11.47678185,-10.17199898
-11.48456192,-10.17708969
-11.49238968,-10.18211842
-11.50026608,-10.18708706
-11.50819111,-10.19199371
-11.51616383,-10.19683933
-11.52418613,-10.20162296
-11.53225803,-10.20634460
-11.54037857,-10.21100330
-11.54854870,-10.21559906
-11.55676937,-10.22013187
-11.56503963,-10.22460079
-11.57336044,-10.22900581
-11.58173180,-10.23334694
-11.59015369,-10.23762321
-11.59862423,-10.24183559
-11.60714531,-10.24598408
-11.61571407,-10.25006866
-11.62433052,-10.25409031
-11.63299465,-10.25804710
-11.64170647,-10.26194096
-11.65046406,-10.26577091
-11.65926743,-10.26953793
-11.66811562,-10.27324200
-11.67700863,-10.27688217
-11.68594646,-10.28045940
-11.69492722,-10.28397465
-11.70395088,-10.28742599
-11.71301651,-10.29081535
-11.72212505,-10.29414177
-11.73127460,-10.29740524
-11.74046421,-10.30060673
-11.74969482,-10.30374622
-11.75896454,-10.30682278
-11.76827431,-10.30983734
-11.77762127,-10.31279087
-11.78700733,-10.31568146
-11.79643059,-10.31851101
-11.80589008,-10.32127857
-11.81538582,-10.32398415
-11.82491779,-10.32662868
-11.83448505,-10.32921219
-11.84408665,-10.33173370
-11.85372257,-10.33419514
-11.86339188,-10.33659458
-11.87309456,-10.33893299
-11.88282871,-10.34121132
-11.89259529,-10.34342861
-11.90239334,-10.34558582
-11.91222191,-10.34768105
-11.92208099,-10.34971714
-11.93196869,-10.35169315
-11.94188690,-10.35360813
-11.95183277,-10.35546303
-11.96180630,-10.35725784
-11.97180748,-10.35899353
-11.98183537,-10.36066914
-11.99188995,-10.36228466
-12.00197029,-10.36384106
-12.01207542,-10.36533833
-12.02220535,-10.36677551
-12.03235912,-10.36815357
-12.04253674,-10.36947250
-12.05273724,-10.37073326
-12.06296062,-10.37193394
-12.07320499,-10.37307644
-12.08347034,-10.37415981
-12.09375763,-10.37518501
-12.10406399,-10.37615108
-12.11439037,-10.37705994
-12.12473583,-10.37790966
-12.13509941,-10.37870121
-12.14548111,-10.37943459
-12.15588093,-10.38010979
-12.16629696,-10.38072777
-12.17672920,-10.38128757
-12.18717670,-10.38178921
-12.19764042,-10.38223362
-12.20811749,-10.38262081
-12.21860981,-10.38295078
-12.22911453,-10.38322353
-12.23963356,-10.38343906
-12.25016403,-10.38359737
-12.26070595,-10.38369846
-12.27125931,-10.38374329
-12.28182411,-10.38373089
-12.29239845,-10.38366222
-12.30298233,-10.38353729
-12.31357574,-10.38335609
-12.32417679,-10.38311768
-12.33478642,-10.38282394
-12.34540272,-10.38247395
-12.35602665,-10.38206768
-12.36665630,-10.38160515
-12.37729168,-10.38108730
-12.38793278,-10.38051414
-12.39857769,-10.37988472
-12.40922642,-10.37920094
-12.41987991,-10.37846088
-12.43053532,-10.37766552
-12.44119263,-10.37681484
-12.45185280,-10.37590981
-12.46251392,-10.37494946
-12.47317505,-10.37393475
-12.48383713,-10.37286472
-12.49449825,-10.37174034
-12.50515842,-10.37056160
-12.51581764,-10.36932850
-12.52647400,-10.36804104
-12.53712749,-10.36669922
-12.54777813,-10.36530304
-12.55842590,-10.36385345
-12.56906796,-10.36234951
-12.57970619,-10.36079216
-12.59033775,-10.35918140
-12.60096455,-10.35751629
-12.61158371,-10.35579777
-12.62219715,-10.35402679
-12.63280201,-10.35220242
-12.64339828,-10.35032368
-12.65398598,-10.34839344
-12.66456509,-10.34640884
-12.67513371,-10.34437275
-12.68569183,-10.34228325
-12.69623852,-10.34014130
-12.70677471,-10.33794689
-12.71729755,-10.33570004
-12.72780895,-10.33340073
-12.73830605,-10.33104897
-12.74878979,-10.32864571
-12.75925922,-10.32618999
-12.76971340,-10.32368279
-12.78015232,-10.32112408
-12.79057598,-10.31851292
-12.80098248,-10.31585026
-12.81137180,-10.31313705
-12.82174301,-10.31037140
-12.83209610,-10.30755520
-12.84243107,-10.30468750
-12.85274601,-10.30176926
-12.86304092,-10.29879951
-12.87331581,-10.29577923
-12.88356972,-10.29270840
-12.89380169,-10.28958702
-12.90401173,-10.28641415
-12.91419888,-10.28319168
-12.92436314,-10.27991962
-12.93450260,-10.27659607
-12.94461918,-10.27322292
-12.95471001,-10.26980019
-12.96477509,-10.26632690
-12.97481441,-10.26280403
-12.98482704,-10.25923157
-12.99481297,-10.25560951
-13.00477028,-10.25193882
-13.01469994,-10.24821758
-13.02460098,-10.24444771
-13.03447247,-10.24062824
-13.04431343,-10.23676014
-13.05412483,-10.23284340
-13.06390476,-10.22887707
-13.07365227,-10.22486305
-13.08336830,-10.22079945
-13.09305191,-10.21668720
-13.10270214,-10.21252728
-13.11231804,-10.20831871
-13.12190056,-10.20406246
-13.13144684,-10.19975758
-13.14095879,-10.19540501
-13.15043354,-10.19100475
-13.15987206,-10.18655586
-13.16927338,-10.18206024
-13.17863750,-10.17751598
-13.18796349,-10.17292500
-13.19724941,-10.16828728
-13.20649719,-10.16360188
-13.21570396,-10.15886879
-13.22487068,-10.15408897
-13.23399639,-10.14926243
-13.24308014,-10.14438915
-13.25212193,-10.13946819
-13.26112175,-10.13450146
-13.27007771,-10.12948799
-13.27898884,-10.12442875
-13.28785801,-10.11932278
-13.29668236,-10.11417103
-13.30546379,-10.10897255
-13.31420231,-10.10372925
-13.32289696,-10.09844112
-13.33154869,-10.09310627
-13.34015751,-10.08772755
-13.34872341,-10.08230400
-13.35724640,-10.07683468
-13.36572647,-10.07132149
-13.37416458,-10.06576443
-13.38255978,-10.06016254
-13.39091301,-10.05451775
-13.39922428,-10.04882812
-13.40749359,-10.04309559
-13.41571999,-10.03732014
-13.42390537,-10.03150082
-13.43204880,-10.02563858
-13.44015026,-10.01973438
-13.44821072,-10.01378727
-13.45623016,-10.00779724
-13.46420765,-10.00176525
-13.47214413,-9.99569130
-13.48003960,-9.98957539
-13.48789406,-9.98341846
-13.49570847,-9.97721958
-13.50348091,-9.97097969
-13.51121330,-9.96469879
-13.51890564,-9.95837784
-13.52655697,-9.95201492
-13.53416920,-9.94561195
-13.54174042,-9.93916893
-13.54927158,-9.93268585
-13.55676270,-9.92616272
-13.56421471,-9.91960049
-13.57162666,-9.91299820
-13.57899952,-9.90635681
-13.58633232,-9.89967632
-13.59362602,-9.89295673
-13.60088062,-9.88619804
-13.60809612,-9.87940121
-13.61527252,-9.87256622
-13.62241077,-9.86569309
-13.62950897,-9.85878181
-13.63656998,-9.85183334
-13.64359093,-9.84484673
-13.65057468,-9.83782291
-13.65752029,-9.83076096
-13.66442680,-9.82366276
-13.67129612,-9.81652832
-13.67812729,-9.80935669
-13.68492031,-9.80214882
-13.69167519,-9.79490471
-13.69839382,-9.78762436
-13.70507336,-9.78030777
-13.71171665,-9.77295589
-13.71832275,-9.76556873
-13.72489166,-9.75814629
-13.73142338,-9.75068855
-13.73791790,-9.74319649
-13.74437618,-9.73566914
-13.75079727,-9.72810745
-13.75718212,-9.72051144
-13.76352978,-9.71288109
-13.76984215,-9.70521641
-13.77611828,-9.69751930
-13.78235817,-9.68978786
-13.78856182,-9.68202305
-13.79472923,-9.67422485
-13.80086136,-9.66639423
-13.80695820,-9.65853024
-13.81301880,-9.65063381
-13.81904411,-9.64270496
-13.82503510,-9.63474369
-13.83098984,-9.62675095
-13.83691025,-9.61872673
-13.84279537,-9.61067009
-13.84864521,-9.60258198
-13.85446072,-9.59446335
-13.86024189,-9.58631325
-13.86598778,-9.57813168
-13.87170029,-9.56992054
-13.87737846,-9.56167793
-13.88302231,-9.55340576
-13.88863182,-9.54510307
-13.89420700,-9.53676987
-13.89974976,-9.52840805
-13.90525723,-9.52001667
-13.91073227,-9.51159477
-13.91617393,-9.50314522
-13.92158127,-9.49466610
-13.92695618,-9.48615742
-13.93229771,-9.47762108
-13.93760681,-9.46905613
-13.94288254,-9.46046352
-13.94812489,-9.45184231
-13.95333576,-9.44319344
-13.95851326,-9.43451691
-13.96365929,-9.42581272
-13.96877193,-9.41708183
-13.97385311,-9.40832329
-13.97890186,-9.39953804
-13.98391914,-9.39072704
-13.98890400,-9.38188839
-13.99385738,-9.37302399
-13.99877930,-9.36413383
-14.00366879,-9.35521698
-14.00852776,-9.34627533
-14.01335526,-9.33730698
-14.01815224,-9.32831478
-14.02291775,-9.31929684
-14.02765179,-9.31025314
-14.03235531,-9.30118561
-14.03702831,-9.29209328
-14.04167080,-9.28297710
-14.04628277,-9.27383614
-14.05086422,-9.26467133
-14.05541611,-9.25548267
-14.05993652,-9.24627113
-14.06442833,-9.23703480
-14.06888962,-9.22777653
-14.07332134,-9.21849442
-14.07772350,-9.20919037
-14.08209515,-9.19986343
-14.08643818,-9.19051361
-14.09075165,-9.18114185
-14.09503651,-9.17174721
-14.09929180,-9.16233158
-14.10351849,-9.15289402
-14.10771561,-9.14343548
-14.11188412,-9.13395500
-14.11602497,-9.12445354
-14.12013626,-9.11493206
-14.12421989,-9.10538864
-14.12827492,-9.09582520
-14.13230133,-9.08624172
-14.13630009,-9.07663727
-14.14027119,-9.06701374
-14.14421463,-9.05737019
-14.14812946,-9.04770660
-14.15201759,-9.03802395
-14.15587807,-9.02832222
-14.15971088,-9.01860142
-14.16351604,-9.00886250
-14.16729450,-8.99910355
-14.17104626,-8.98932743
-14.17477131,-8.97953224
-14.17846870,-8.96971989
-14.18214035,-8.95988941
-14.18578434,-8.95004082
-14.18940258,-8.94017506
-14.19299507,-8.93029213
-14.19655991,-8.92039204
-14.20009995,-8.91047478
-14.20361328,-8.90054131
-14.20710087,-8.89059067
-14.21056271,-8.88062477
-14.21399975,-8.87064171
-14.21741009,-8.86064339
-14.22079563,-8.85062885
-14.22415543,-8.84059906
-14.22749043,-8.83055401
-14.23080063,-8.82049370
-14.23408604,-8.81041813
-14.23734570,-8.80032825
-14.24058151,-8.79022408
-14.24379158,-8.78010464
-14.24697876,-8.76997185
-14.25014019,-8.75982475
-14.25327778,-8.74966335
-14.25639153,-8.73948860
-14.25948143,-8.72930050
-14.26254654,-8.71909904
-14.26558876,-8.70888424
-14.26860619,-8.69865704
-14.27160072,-8.68841743
-14.27457237,-8.67816544
-14.27752018,-8.66790009
-14.28044510,-8.65762329
-14.28334618,-8.64733505
-14.28622437,-8.63703442
-14.28908062,-8.62672234
-14.29191303,-8.61639977
-14.29472351,-8.60606480
-14.29751110,-8.59571934
-14.30027580,-8.58536339
-14.30301952,-8.57499695
-14.30573940,-8.56462002
-14.30843830,-8.55423260
-14.31111526,-8.54383564
-14.31377029,-8.53342915
-14.31640339,-8.52301216
-14.31901455,-8.51258659
-14.32160473,-8.50215149
-14.32417393,-8.49170685
-14.32672119,-8.48125362
-14.32924747,-8.47079277
-14.33175278,-8.46032238
-14.33423710,-8.44984436
-14.33670044,-8.43935776
-14.33914280,-8.42886353
-14.34156513,-8.41836166
-14.34396648,-8.40785217
-14.34634876,-8.39733505
-14.34870911,-8.38681126
-14.35105038,-8.37627983
-14.35337162,-8.36574268
-14.35567284,-8.35519886
-14.35795403,-8.34464836
-14.36021614,-8.33409119
-14.36245823,-8.32352924
-14.36468124,-8.31296062
-14.36688423,-8.30238724
-14.36906815,-8.29180717
-14.37123394,-8.28122330
-14.37337971,-8.27063370
-14.37550735,-8.26003933
-14.37761593,-8.24944019
-14.37970543,-8.23883724
-14.38177776,-8.22822952
-14.38383007,-8.21761799
-14.38586521,-8.20700264
-14.38788223,-8.19638348
-14.38988018,-8.18576050
-14.39186096,-8.17513466
-14.39382362,-8.16450596
-14.39576912,-8.15387440
-14.39769650,-8.14323997
-14.39960670,-8.13260269
-14.40149975,-8.12196350
-14.40337467,-8.11132145
-14.40523338,-8.10067844
-14.40707493,-8.09003353
-14.40889931,-8.07938671
-14.41070652,-8.06873798
-14.41249752,-8.05808926
-14.41427231,-8.04743862
-14.41602993,-8.03678799
-14.41777134,-8.02613640
-14.41949749,-8.01548386
-14.42120647,-8.00483227
-14.42290020,-7.99417973
-14.42457771,-7.98352766
-14.42623901,-7.97287607
-14.42788506,-7.96222448
-14.42951584,-7.95157433
-14.43113136,-7.94092464
-14.43273067,-7.93027639
-14.43431568,-7.91962957
-14.43588543,-7.90898371
-14.43743992,-7.89834023
-14.43898010,-7.88769817
-14.44050503,-7.87705851
-14.44201565,-7.86642075
-14.44351196,-7.85578585
-14.44499397,-7.84515333
-14.44646072,-7.83452368
-14.44791412,-7.82389736
-14.44935322,-7.81327391
-14.45077896,-7.80265427
-14.45219040,-7.79203796
-14.45358849,-7.78142548
-14.45497322,-7.77081680
-14.45634365,-7.76021290
-14.45770168,-7.74961281
-14.45904541,-7.73901749
-14.46037674,-7.72842741
-14.46169472,-7.71784163
-14.46300030,-7.70726156
-14.46429348,-7.69668627
-14.46557331,-7.68611670
-14.46684074,-7.67555285
-14.46809578,-7.66499472
-14.46933746,-7.65444231
-14.47056770,-7.64389563
-14.47178555,-7.63335419
-14.47299099,-7.62281847
-14.47418404,-7.61228848
-14.47536469,-7.60176420
-14.47653389,-7.59124517
-14.47768974,-7.58073139
-14.47883415,-7.57022381
-14.47996712,-7.55972099
-14.48108673,-7.54922390
-14.48219490,-7.53873253
-14.48329163,-7.52824593
-14.48437595,-7.51776505
-14.48544884,-7.50728989
-14.48651028,-7.49681950
-14.48755932,-7.48635483
-14.48859692,-7.47589540
-14.48962212,-7.46544075
-14.49063683,-7.45499182
-14.49163914,-7.44454813
-14.49263000,-7.43410969
-14.49360943,-7.42367649
-14.49457836,-7.41324806
-14.49553490,-7.40282536
-14.49647999,-7.39240742
-14.49741459,-7.38199472
-14.49833679,-7.37158680
-14.49924850,-7.36118460
-14.50014877,-7.35078669
-14.50103855,-7.34039450
-14.50191689,-7.33000708
-14.50278378,-7.31962442
-14.50364017,-7.30924702
-14.50448513,-7.29887438
-14.50531960,-7.28850651
-14.50614262,-7.27814388
-14.50695610,-7.26778603
-14.50775719,-7.25743341
-14.50854874,-7.24708509
-14.50932884,-7.23674202
-14.51009846,-7.22640324
-14.51085758,-7.21606970
-14.51160622,-7.20574093
-14.51234436,-7.19541645
-14.51307201,-7.18509722
-14.51378918,-7.17478228
-14.51449680,-7.16447258
-14.51519299,-7.15416718
-14.51587868,-7.14386606
-14.51655483,-7.13357019
-14.51722050,-7.12327862
-14.51787663,-7.11299133
-14.51852226,-7.10270929
-14.51915741,-7.09243107
-14.51978207,-7.08215809
-14.52039814,-7.07188892
-14.52100372,-7.06162453
-14.52159882,-7.05136490
-14.52218437,-7.04110909
-14.52276039,-7.03085804
-14.52332687,-7.02061176
-14.52388287,-7.01036930
-14.52442932,-7.00013113
-14.52496719,-6.98989773
-14.52549458,-6.97966862
-14.52601242,-6.96944332
-14.52652073,-6.95922279
-14.52701950,-6.94900608
-14.52750874,-6.93879366
-14.52798939,-6.92858601
-14.52846050,-6.91838169
-14.52892208,-6.90818214
-14.52937412,-6.89798641
-14.52981758,-6.88779497
-14.53025150,-6.87760782
-14.53067684,-6.86742449
-14.53109264,-6.85724545
-14.53149891,-6.84707022
-14.53189754,-6.83689928
-14.53228569,-6.82673216
-14.53266621,-6.81656885
-14.53303719,-6.80640984
-14.53339958,-6.79625463
-14.53375340,-6.78610325
-14.53409863,-6.77595568
-14.53443527,-6.76581240
-14.53476238,-6.75567245
-14.53508186,-6.74553680
-14.53539276,-6.73540449
-14.53569412,-6.72527647
-14.53598785,-6.71515179
-14.53627396,-6.70503139
-14.53655052,-6.69491434
-14.53681946,-6.68480110
-14.53707981,-6.67469120
-14.53733158,-6.66458559
-14.53757572,-6.65448332
-14.53781128,-6.64438438
-14.53803921,-6.63428974
-14.53825855,-6.62419796
-14.53847027,-6.61411047
-14.53867435,-6.60402584
-14.53886986,-6.59394503
-14.53905773,-6.58386803
-14.53923798,-6.57379389
-14.53941059,-6.56372356
-14.53957558,-6.55365705
-14.53973198,-6.54359341
-14.53988171,-6.53353357
-14.54002285,-6.52347660
-14.54015732,-6.51342344
-14.54028416,-6.50337315
-14.54040337,-6.49332666
-14.54051495,-6.48328352
-14.54061890,-6.47324324
-14.54071617,-6.46320629
-14.54080582,-6.45317268
-14.54088879,-6.44314241
-14.54096413,-6.43311548
-14.54103184,-6.42309141
-14.54109287,-6.41307020
-14.54114628,-6.40305281
-14.54119396,-6.39303827
-14.54123306,-6.38302660
-14.54126644,-6.37301826
-14.54129219,-6.36301279
-14.54131126,-6.35301065
-14.54132366,-6.34301090
-14.54132938,-6.33301449
-14.54132843,-6.32302141
-14.54132080,-6.31303072
-14.54130650,-6.30304337
-14.54128551,-6.29305887
-14.54125786,-6.28307724
-14.54122353,-6.27309799
-14.54118347,-6.26312208
-14.54113674,-6.25314903
-14.54108334,-6.24317884
-14.54102325,-6.23321104
-14.54095745,-6.22324610
-14.54088593,-6.21328402
-14.54080772,-6.20332479
-14.54072285,-6.19336796
-14.54063225,-6.18341398
-14.54053593,-6.17346287
-14.54043293,-6.16351414
-14.54032421,-6.15356779
-14.54020977,-6.14362431
-14.54008961,-6.13368368
-14.53996277,-6.12374544
-14.53983116,-6.11380959
-14.53969383,-6.10387611
-14.53954983,-6.09394550
-14.53940105,-6.08401680
-14.53924561,-6.07409096
-14.53908539,-6.06416750
-14.53891945,-6.05424643
-14.53874874,-6.04432821
-14.53857136,-6.03441191
-14.53838921,-6.02449799
-14.53820133,-6.01458597
-14.53800869,-6.00467682
-14.53781128,-5.99477005
-14.53760719,-5.98486519
-14.53739929,-5.97496271
-14.53718567,-5.96506214
-14.53696632,-5.95516443
-14.53674316,-5.94526863
-14.53651428,-5.93537474
-14.53628063,-5.92548323
-14.53604126,-5.91559362
-14.53579807,-5.90570641
-14.53554916,-5.89582109
-14.53529644,-5.88593769
-14.53503895,-5.87605667
-14.53477573,-5.86617756
-14.53450871,-5.85630035
-14.53423691,-5.84642506
-14.53396034,-5.83655214
-14.53367996,-5.82668066
-14.53339481,-5.81681156
-14.53310490,-5.80694389
-14.53281021,-5.79707813
-14.53251171,-5.78721476
-14.53220940,-5.77735281
-14.53190231,-5.76749277
-14.53159046,-5.75763416
-14.53127575,-5.74777746
-14.53095627,-5.73792267
-14.53063202,-5.72806978
-14.53030491,-5.71821833
-14.52997303,-5.70836878
-14.52963734,-5.69852066
-14.52929783,-5.68867445
-14.52895451,-5.67882967
-14.52860737,-5.66898680
-14.52825642,-5.65914536
-14.52790165,-5.64930534
-14.52754402,-5.63946676
-14.52718163,-5.62963009
-14.52681637,-5.61979437
-14.52644730,-5.60996056
-14.52607441,-5.60012817
-14.52569866,-5.59029722
-14.52531910,-5.58046770
-14.52493668,-5.57063913
-14.52455044,-5.56081247
-14.52416039,-5.55098724
-14.52376842,-5.54116297
-14.52337265,-5.53134012
-14.52297306,-5.52151871
-14.52257156,-5.51169825
-14.52216625,-5.50187922
-14.52175808,-5.49206161
-14.52134705,-5.48224497
-14.52093315,-5.47242975
-14.52051544,-5.46261549
-14.52009583,-5.45280266
-14.51967335,-5.44299078
-14.51924801,-5.43317986
-14.51881981,-5.42337036
-14.51838970,-5.41356182
-14.51795578,-5.40375423
-14.51751995,-5.39394760
-14.51708221,-5.38414192
-14.51664066,-5.37433767
-14.51619720,-5.36453390
-14.51575184,-5.35473108
-14.51530361,-5.34492970
-14.51485348,-5.33512878
-14.51440048,-5.32532883
-14.51394558,-5.31552982
-14.51348877,-5.30573177
-14.51302910,-5.29593420
-14.51256847,-5.28613758
-14.51210499,-5.27634192
-14.51163960,-5.26654673
-14.51117229,-5.25675249
-14.51070309,-5.24695873
-14.51023197,-5.23716593
-14.50975895,-5.22737360
-14.50928402,-5.21758223
-14.50880814,-5.20779085
-14.50833035,-5.19800091
-14.50784969,-5.18821096
-14.50736904,-5.17842197
-14.50688553,-5.16863346
-14.50640106,-5.15884495
-14.50591564,-5.14905739
-14.50542831,-5.13927031
-14.50493908,-5.12948370
-14.50444984,-5.11969757
-14.50395775,-5.10991192
-14.50346565,-5.10012674
-14.50297165,-5.09034157
-14.50247669,-5.08055735
-14.50198078,-5.07077312
-14.50148296,-5.06098890
-14.50098515,-5.05120564
-14.50048637,-5.04142237
-14.49998569,-5.03163910
-14.49948502,-5.02185631
-14.49898338,-5.01207399
-14.49847984,-5.00229120
-14.49797726,-4.99250937
-14.49747276,-4.98272705
-14.49696827,-4.97294521
-14.49646187,-4.96316338
-14.49595642,-4.95338202
-14.49545002,-4.94360018
-14.49494267,-4.93381882
-14.49443531,-4.92403698
-14.49392700,-4.91425562
-14.49341869,-4.90447426
-14.49291039,-4.89469290
-14.49240112,-4.88491106
-14.49189186,-4.87512970
-14.49138260,-4.86534786
-14.49087238,-4.85556602
-14.49036312,-4.84578419
-14.48985386,-4.83600187
-14.48934364,-4.82621956
-14.48883438,-4.81643724
-14.48832417,-4.80665445
-14.48781490,-4.79687166
-14.48730564,-4.78708839
-14.48679638,-4.77730465
-14.48628712,-4.76752090
-14.48577881,-4.75773716
-14.48527050,-4.74795246
-14.48476315,-4.73816776
-14.48425579,-4.72838259
-14.48374844,-4.71859741
-14.48324203,-4.70881128
-14.48273563,-4.69902515
-14.48223019,-4.68923807
-14.48172569,-4.67945099
-14.48122215,-4.66966295
-14.48071861,-4.65987444
-14.48021603,-4.65008593
-14.47971439,-4.64029646
-14.47921371,-4.63050652
-14.47871399,-4.62071562
-14.47821522,-4.61092424
-14.47771740,-4.60113239
-14.47722054,-4.59134007
-14.47672462,-4.58154678
-14.47622967,-4.57175255
-14.47573662,-4.56195784
-14.47524452,-4.55216265
-14.47475338,-4.54236650
-14.47426319,-4.53256941
-14.47377491,-4.52277184
-14.47328854,-4.51297283
-14.47280312,-4.50317335
-14.47231865,-4.49337292
-14.47183609,-4.48357201
-14.47135544,-4.47376966
-14.47087574,-4.46396637
-14.47039795,-4.45416260
-14.46992207,-4.44435740
-14.46944809,-4.43455124
-14.46897602,-4.42474461
-14.46850491,-4.41493654
-14.46803665,-4.40512705
-14.46756935,-4.39531708
-14.46710491,-4.38550568
-14.46664238,-4.37569332
-14.46618176,-4.36587954
-14.46572304,-4.35606480
