s,left_width,right_width
0.00000000,1.27629639,1.31709229
0.01000000,1.27702148,1.31635986
0.02000000,1.27773926,1.31563232
0.03000000,1.27845459,1.31490723
0.04000000,1.27916260,1.31418945
0.05000000,1.27986816,1.31347656
0.06000000,1.28056885,1.31276611
0.07000000,1.28126465,1.31205811
0.08000000,1.28195557,1.31135986
0.09000000,1.28264160,1.31066162
0.10000000,1.28332275,1.30996826
0.11000000,1.28399902,1.30927979
0.12000000,1.28467285,1.30859619
0.13000000,1.28533936,1.30791504
0.14000000,1.28600342,1.30724121
0.15000001,1.28666260,1.30656982
0.16000000,1.28731445,1.30590332
0.17000000,1.28796631,1.30523926
0.18000001,1.28861084,1.30458008
0.19000000,1.28925049,1.30392578
0.20000000,1.28988770,1.30327637
0.20999999,1.29051758,1.30262939
0.22000000,1.29114502,1.30198975
0.23000000,1.29176758,1.30135254
0.23999999,1.29238770,1.30071777
0.25000000,1.29300049,1.30009033
0.25999999,1.29361084,1.29946289
0.27000001,1.29421387,1.29884277
0.28000000,1.29481689,1.29822510
0.28999999,1.29541260,1.29761475
0.30000001,1.29600342,1.29700684
0.31000000,1.29659180,1.29640137
0.31999999,1.29717529,1.29580078
0.33000001,1.29775391,1.29520508
0.34000000,1.29833008,1.29461182
0.34999999,1.29890137,1.29402344
0.36000001,1.29946777,1.29343994
0.37000000,1.30002930,1.29286133
0.38000000,1.30058838,1.29228516
0.38999999,1.30114258,1.29171387
0.40000001,1.30169189,1.29114502
0.41000000,1.30223633,1.29058105
0.41999999,1.30277832,1.29002197
0.43000001,1.30331787,1.28946533
0.44000000,1.30385010,1.28891357
0.44999999,1.30437988,1.28836670
0.46000001,1.30490479,1.28782227
0.47000000,1.30542725,1.28728027
0.47999999,1.30594238,1.28674561
0.49000001,1.30645752,1.28621338
0.50000000,1.30696533,1.28568604
0.50999999,1.30747070,1.28516113
0.51999998,1.30797119,1.28464111
0.52999997,1.30846924,1.28412354
0.54000002,1.30896240,1.28361084
0.55000001,1.30945313,1.28310303
0.56000000,1.30993652,1.28259766
0.56999999,1.31041748,1.28209717
0.57999998,1.31089844,1.28159912
0.58999997,1.31137207,1.28110352
0.60000002,1.31184082,1.28061523
0.61000001,1.31230713,1.28012939
0.62000000,1.31277100,1.27964600
0.63000000,1.31322998,1.27916748
0.63999999,1.31368408,1.27869385
0.64999998,1.31413574,1.27822266
0.66000003,1.31458252,1.27775635
0.67000002,1.31502686,1.27729248
0.68000001,1.31546631,1.27683105
0.69000000,1.31590332,1.27637695
0.69999999,1.31633545,1.27592285
0.70999998,1.31676514,1.27547363
0.72000003,1.31718994,1.27502930
0.73000002,1.31761230,1.27458740
0.74000001,1.31802979,1.27415039
0.75000000,1.31844482,1.27371582
0.75999999,1.31885498,1.27328613
0.76999998,1.31926270,1.27285889
0.77999997,1.31966797,1.27243408
0.79000002,1.32006836,1.27201416
0.80000001,1.32046387,1.27159912
0.81000000,1.32085693,1.27118652
0.81999999,1.32124756,1.27077637
0.82999998,1.32163330,1.27037109
0.83999997,1.32201660,1.26996826
0.85000002,1.32239746,1.26957031
0.86000001,1.32277344,1.26917480
0.87000000,1.32314697,1.26878174
0.88000000,1.32351563,1.26839355
0.88999999,1.32388184,1.26801025
0.89999998,1.32424561,1.26762939
0.91000003,1.32460449,1.26725098
0.92000002,1.32496094,1.26687500
0.93000001,1.32531250,1.26650391
0.94000000,1.32566406,1.26613525
0.94999999,1.32601074,1.26577148
0.95999998,1.32635254,1.26541016
0.97000003,1.32669189,1.26505371
0.98000002,1.32702881,1.26469727
0.99000001,1.32736328,1.26434814
1.00000000,1.32769287,1.26399902
1.00999999,1.32801270,1.26364990
1.01999998,1.32833252,1.26330078
1.02999997,1.32864746,1.26295654
1.03999996,1.32895752,1.26261719
1.04999995,1.32926758,1.26228027
1.05999994,1.32957275,1.26194580
1.07000005,1.32987549,1.26161621
1.08000004,1.33017578,1.26128906
1.09000003,1.33047363,1.26096436
1.10000002,1.33076660,1.26064453
1.11000001,1.33105713,1.26032715
1.12000000,1.33134766,1.26001221
1.13000000,1.33163330,1.25970215
1.13999999,1.33191406,1.25939453
1.14999998,1.33219482,1.25909180
1.15999997,1.33247070,1.25878906
1.16999996,1.33274414,1.25849121
1.17999995,1.33301758,1.25819824
1.19000006,1.33328613,1.25790527
1.20000005,1.33355225,1.25761475
1.21000004,1.33381348,1.25733154
1.22000003,1.33407471,1.25704834
1.23000002,1.33433350,1.25676758
1.24000001,1.33458740,1.25649414
1.25000000,1.33483887,1.25621826
1.25999999,1.33508789,1.25594971
1.26999998,1.33533447,1.25568115
1.27999997,1.33557861,1.25541748
1.28999996,1.33582031,1.25515625
1.29999995,1.33605957,1.25489746
1.30999994,1.33629639,1.25464111
1.32000005,1.33652832,1.25438965
1.33000004,1.33676025,1.25414063
1.34000003,1.33698730,1.25389404
1.35000002,1.33721436,1.25364990
1.36000001,1.33743652,1.25340820
1.37000000,1.33765869,1.25317139
1.38000000,1.33787598,1.25293457
1.38999999,1.33809082,1.25270264
1.39999998,1.33830566,1.25247314
1.40999997,1.33851563,1.25224609
1.41999996,1.33872314,1.25202148
1.42999995,1.33892822,1.25179932
1.44000006,1.33913086,1.25157959
1.45000005,1.33933105,1.25136475
1.46000004,1.33953125,1.25114990
1.47000003,1.33972656,1.25093994
1.48000002,1.33991943,1.25073242
1.49000001,1.34010986,1.25052734
1.50000000,1.34030029,1.25032227
1.50999999,1.34048584,1.25012207
1.51999998,1.34067139,1.24992676
1.52999997,1.34085205,1.24973145
1.53999996,1.34103027,1.24953857
1.54999995,1.34120850,1.24934814
1.55999994,1.34138184,1.24916016
1.57000005,1.34155518,1.24897461
1.58000004,1.34172607,1.24879395
1.59000003,1.34189453,1.24861328
1.60000002,1.34206055,1.24843506
1.61000001,1.34222412,1.24825928
1.62000000,1.34238525,1.24808838
1.63000000,1.34254395,1.24791748
1.63999999,1.34270020,1.24774902
1.64999998,1.34285645,1.24758301
1.65999997,1.34300781,1.24741943
1.66999996,1.34315918,1.24726074
1.67999995,1.34330566,1.24710205
1.69000006,1.34345215,1.24694336
1.70000005,1.34359863,1.24678955
1.71000004,1.34374023,1.24663818
1.72000003,1.34387939,1.24648926
1.73000002,1.34401611,1.24634277
1.74000001,1.34415283,1.24619873
1.75000000,1.34428711,1.24605469
1.75999999,1.34441895,1.24591553
1.76999998,1.34454834,1.24577637
1.77999997,1.34467529,1.24563965
1.78999996,1.34480225,1.24550537
1.79999995,1.34492676,1.24537354
1.80999994,1.34504883,1.24524414
1.82000005,1.34516846,1.24511475
1.83000004,1.34528564,1.24499023
1.84000003,1.34540283,1.24486572
1.85000002,1.34551758,1.24474365
1.86000001,1.34562988,1.24462646
1.87000000,1.34573975,1.24450684
1.88000000,1.34584961,1.24439209
1.88999999,1.34595703,1.24427734
1.89999998,1.34606201,1.24416748
1.90999997,1.34616455,1.24405762
1.91999996,1.34626709,1.24394775
1.92999995,1.34636719,1.24384277
1.94000006,1.34646484,1.24373779
1.95000005,1.34656006,1.24363770
1.96000004,1.34665527,1.24353760
1.97000003,1.34674805,1.24343750
1.98000002,1.34683838,1.24334229
1.99000001,1.34692871,1.24324707
2.00000000,1.34701660,1.24315430
2.00999999,1.34710205,1.24306152
2.01999998,1.34718750,1.24297363
2.02999997,1.34727051,1.24288574
2.03999996,1.34735107,1.24280029
2.04999995,1.34743164,1.24271484
2.05999994,1.34750977,1.24263184
2.06999993,1.34758545,1.24255127
2.07999992,1.34766113,1.24247314
2.08999991,1.34773438,1.24239502
2.09999990,1.34780762,1.24231934
2.10999990,1.34787598,1.24224365
2.11999989,1.34794678,1.24217285
2.13000011,1.34801270,1.24209961
2.14000010,1.34807861,1.24203125
2.15000010,1.34814209,1.24196289
2.16000009,1.34820801,1.24189697
2.17000008,1.34826904,1.24183105
2.18000007,1.34833008,1.24176758
2.19000006,1.34838867,1.24170410
2.20000005,1.34844482,1.24164551
2.21000004,1.34850098,1.24158447
2.22000003,1.34855713,1.24152832
2.23000002,1.34861084,1.24147217
2.24000001,1.34866211,1.24141602
2.25000000,1.34871338,1.24136230
2.25999999,1.34876221,1.24131104
2.26999998,1.34881104,1.24125977
2.27999997,1.34885742,1.24121094
2.28999996,1.34890381,1.24116211
2.29999995,1.34894775,1.24111572
2.30999994,1.34899170,1.24106934
2.31999993,1.34903320,1.24102539
2.32999992,1.34907471,1.24098145
2.33999991,1.34911377,1.24093994
2.34999990,1.34915283,1.24089844
2.35999990,1.34919189,1.24085938
2.36999989,1.34922607,1.24082275
2.38000011,1.34926270,1.24078613
2.39000010,1.34929688,1.24074951
2.40000010,1.34933105,1.24071289
2.41000009,1.34936279,1.24068115
2.42000008,1.34939209,1.24064697
2.43000007,1.34942383,1.24061523
2.44000006,1.34945313,1.24058594
2.45000005,1.34947998,1.24055664
2.46000004,1.34950684,1.24052734
2.47000003,1.34953369,1.24050049
2.48000002,1.34955811,1.24047363
2.49000001,1.34958252,1.24044922
2.50000000,1.34960693,1.24042480
2.50999999,1.34962891,1.24040039
2.51999998,1.34964844,1.24037842
2.52999997,1.34967041,1.24035645
2.53999996,1.34968994,1.24033447
2.54999995,1.34970947,1.24031494
2.55999994,1.34972656,1.24029541
2.56999993,1.34974365,1.24027832
2.57999992,1.34975830,1.24026123
2.58999991,1.34977539,1.24024658
2.59999990,1.34979004,1.24022949
2.60999990,1.34980469,1.24021484
2.61999989,1.34981689,1.24020020
2.63000011,1.34983154,1.24018799
2.64000010,1.34984131,1.24017578
2.65000010,1.34985352,1.24016357
2.66000009,1.34986328,1.24015137
2.67000008,1.34987305,1.24014160
2.68000007,1.34988281,1.24013184
2.69000006,1.34989258,1.24012207
2.70000005,1.34989990,1.24011475
2.71000004,1.34990723,1.24010742
2.72000003,1.34991455,1.24009766
2.73000002,1.34991943,1.24009277
2.74000001,1.34992676,1.24008545
2.75000000,1.34993164,1.24008057
2.75999999,1.34993652,1.24007568
2.76999998,1.34993896,1.24007080
2.77999997,1.34994385,1.24006592
2.78999996,1.34994629,1.24006348
2.79999995,1.34994873,1.24005859
2.80999994,1.34995117,1.24005859
2.81999993,1.34995361,1.24005615
2.82999992,1.34995361,1.24005371
2.83999991,1.34995361,1.24005371
2.84999990,1.34995605,1.24005127
2.85999990,1.34995605,1.24005127
2.86999989,1.34995605,1.24005127
2.88000011,1.34995605,1.24005127
2.89000010,1.34995361,1.24005127
2.90000010,1.34995361,1.24005371
2.91000009,1.34995117,1.24005371
2.92000008,1.34995117,1.24005615
2.93000007,1.34994873,1.24005615
2.94000006,1.34994629,1.24005859
2.95000005,1.34994385,1.24006104
2.96000004,1.34994141,1.24006348
2.97000003,1.34993896,1.24006592
2.98000002,1.34993652,1.24006836
2.99000001,1.34993164,1.24007324
3.00000000,1.34992920,1.24007568
3.00999999,1.34992676,1.24007813
3.01999998,1.34992188,1.24008301
3.02999997,1.34991943,1.24008545
3.03999996,1.34991455,1.24009033
3.04999995,1.34991211,1.24009277
3.05999994,1.34990723,1.24009766
3.06999993,1.34990479,1.24010010
3.07999992,1.34989990,1.24010498
3.08999991,1.34989746,1.24010742
3.09999990,1.34989258,1.24011230
3.10999990,1.34988770,1.24011475
3.11999989,1.34988525,1.24011963
3.13000011,1.34988281,1.24012207
3.14000010,1.34987793,1.24012695
3.15000010,1.34987549,1.24012939
3.16000009,1.34987061,1.24013428
3.17000008,1.34986816,1.24013672
3.18000007,1.34986572,1.24013916
3.19000006,1.34986328,1.24014404
3.20000005,1.34985840,1.24014648
3.21000004,1.34985596,1.24014893
3.22000003,1.34985596,1.24015137
3.23000002,1.34985352,1.24015381
3.24000001,1.34985107,1.24015381
3.25000000,1.34984863,1.24015625
3.25999999,1.34984863,1.24015869
3.26999998,1.34984619,1.24015869
3.27999997,1.34984619,1.24015869
3.28999996,1.34984619,1.24016113
3.29999995,1.34984619,1.24016113
3.30999994,1.34984619,1.24016113
3.31999993,1.34984863,1.24015869
3.32999992,1.34984863,1.24015869
3.33999991,1.34985107,1.24015869
3.34999990,1.34985352,1.24015625
3.35999990,1.34985596,1.24015381
3.36999989,1.34985840,1.24015137
3.38000011,1.34986084,1.24014893
3.39000010,1.34986572,1.24014404
3.40000010,1.34987061,1.24014160
3.41000009,1.34987305,1.24013672
3.42000008,1.34988037,1.24013184
3.43000007,1.34988525,1.24012695
3.44000006,1.34989258,1.24011963
3.45000005,1.34989990,1.24011230
3.46000004,1.34990723,1.24010498
3.47000003,1.34991455,1.24009766
3.48000002,1.34992432,1.24009033
3.49000001,1.34993408,1.24008057
3.50000000,1.34994629,1.24007080
3.50999999,1.34995605,1.24006104
3.51999998,1.34996826,1.24004883
3.52999997,1.34998047,1.24003662
3.53999996,1.34999268,1.24002441
3.54999995,1.35000732,1.24001221
3.55999994,1.35002197,1.23999756
3.56999993,1.35003906,1.23998291
3.57999992,1.35005615,1.23996582
3.58999991,1.35007080,1.23995117
3.59999990,1.35009033,1.23993408
3.60999990,1.35010742,1.23991699
3.61999989,1.35012939,1.23989746
3.63000011,1.35014893,1.23987793
3.64000010,1.35017090,1.23985840
3.65000010,1.35019287,1.23983643
3.66000009,1.35021729,1.23981445
3.67000008,1.35024170,1.23979004
3.68000007,1.35026611,1.23976563
3.69000006,1.35029297,1.23974121
3.70000005,1.35031982,1.23971436
3.71000004,1.35034912,1.23968750
3.72000003,1.35037842,1.23966064
3.73000002,1.35041016,1.23963135
3.74000001,1.35044189,1.23959961
3.75000000,1.35047363,1.23957031
3.75999999,1.35050781,1.23953857
3.76999998,1.35054199,1.23950439
3.77999997,1.35057861,1.23947021
3.78999996,1.35061523,1.23943604
3.79999995,1.35065430,1.23939697
3.80999994,1.35069580,1.23936035
3.81999993,1.35073486,1.23932129
3.82999992,1.35077637,1.23928223
3.83999991,1.35082031,1.23924072
3.84999990,1.35086670,1.23919922
3.85999990,1.35091064,1.23915527
3.86999989,1.35095947,1.23910889
3.88000011,1.35100830,1.23906250
3.89000010,1.35105713,1.23901611
3.90000010,1.35110840,1.23896729
3.91000009,1.35116211,1.23891846
3.92000008,1.35121582,1.23886719
3.93000007,1.35127197,1.23881348
3.94000006,1.35132813,1.23875977
3.95000005,1.35138672,1.23870361
3.96000004,1.35144531,1.23864746
3.97000003,1.35150635,1.23859131
3.98000002,1.35156982,1.23853027
3.99000001,1.35163330,1.23846924
4.00000000,1.35169922,1.23840820
4.01000023,1.35176758,1.23834229
4.01999998,1.35183594,1.23827881
4.03000021,1.35190674,1.23821045
4.03999996,1.35197754,1.23814453
4.05000019,1.35205322,1.23807373
4.05999994,1.35212646,1.23800293
4.07000017,1.35220459,1.23792969
4.07999992,1.35228271,1.23785645
4.09000015,1.35236328,1.23778076
4.09999990,1.35244629,1.23770264
4.11000013,1.35252930,1.23762451
4.11999989,1.35261475,1.23754395
4.13000011,1.35270020,1.23746094
4.13999987,1.35279053,1.23737549
4.15000010,1.35288086,1.23729004
4.15999985,1.35297363,1.23720459
4.17000008,1.35306885,1.23711426
4.17999983,1.35316406,1.23702393
4.19000006,1.35326172,1.23693115
4.19999981,1.35336182,1.23683838
4.21000004,1.35346436,1.23674316
4.21999979,1.35356689,1.23664307
4.23000002,1.35367432,1.23654297
4.23999977,1.35378174,1.23644287
4.25000000,1.35388916,1.23634033
4.26000023,1.35400146,1.23623535
4.26999998,1.35411621,1.23612793
4.28000021,1.35423096,1.23602051
4.28999996,1.35434814,1.23591064
4.30000019,1.35446777,1.23579834
4.30999994,1.35458984,1.23568359
4.32000017,1.35471436,1.23556641
4.32999992,1.35483887,1.23544922
4.34000015,1.35496826,1.23532715
4.34999990,1.35509766,1.23520508
4.36000013,1.35522949,1.23508301
4.36999989,1.35536377,1.23495605
4.38000011,1.35550049,1.23482910
4.38999987,1.35563965,1.23469971
4.40000010,1.35578125,1.23456543
4.40999985,1.35592529,1.23443115
4.42000008,1.35606934,1.23429688
4.42999983,1.35621826,1.23415771
4.44000006,1.35636719,1.23401611
4.44999981,1.35651855,1.23387451
4.46000004,1.35667480,1.23373047
4.46999979,1.35683105,1.23358154
4.48000002,1.35699219,1.23343262
4.48999977,1.35715332,1.23328369
4.50000000,1.35731689,1.23312988
4.51000023,1.35748291,1.23297119
4.51999998,1.35765381,1.23281494
4.53000021,1.35782471,1.23265381
4.53999996,1.35799805,1.23249268
4.55000019,1.35817383,1.23232666
4.55999994,1.35835205,1.23216064
4.57000017,1.35853516,1.23199219
4.57999992,1.35871826,1.23181885
4.59000015,1.35890381,1.23164551
4.59999990,1.35909424,1.23146973
4.61000013,1.35928467,1.23129150
4.61999989,1.35947998,1.23110840
4.63000011,1.35967529,1.23092529
4.63999987,1.35987549,1.23073975
4.65000010,1.36007813,1.23055176
4.65999985,1.36028076,1.23035889
4.67000008,1.36048828,1.23016602
4.67999983,1.36069824,1.22997070
4.69000006,1.36091064,1.22977295
4.69999981,1.36112793,1.22957031
4.71000004,1.36134521,1.22936768
4.71999979,1.36156738,1.22916260
4.73000002,1.36178955,1.22895264
4.73999977,1.36201660,1.22874268
4.75000000,1.36224609,1.22852783
4.76000023,1.36247803,1.22831299
4.76999998,1.36271240,1.22809326
4.78000021,1.36295166,1.22787109
4.78999996,1.36319092,1.22764648
4.80000019,1.36343506,1.22741943
4.80999994,1.36368164,1.22718994
4.82000017,1.36393066,1.22695801
4.82999992,1.36418457,1.22672363
4.84000015,1.36443848,1.22648682
4.84999990,1.36469727,1.22624512
4.86000013,1.36495850,1.22600098
4.86999989,1.36522217,1.22575439
4.88000011,1.36549072,1.22550537
4.88999987,1.36575928,1.22525391
4.90000010,1.36603271,1.22500000
4.90999985,1.36630859,1.22474365
4.92000008,1.36658936,1.22448242
4.92999983,1.36687256,1.22421875
4.94000006,1.36715820,1.22395264
4.94999981,1.36744629,1.22368408
4.96000004,1.36773926,1.22341064
4.96999979,1.36803467,1.22313721
4.98000002,1.36833252,1.22285889
4.98999977,1.36863281,1.22257813
5.00000000,1.36893799,1.22229492
5.01000023,1.36924561,1.22200684
5.01999998,1.36955811,1.22171631
5.03000021,1.36987305,1.22142334
5.03999996,1.37019043,1.22112793
5.05000019,1.37051270,1.22082764
5.05999994,1.37083496,1.22052734
5.07000017,1.37116455,1.22021973
5.07999992,1.37149414,1.21991211
5.09000015,1.37182861,1.21959961
5.09999990,1.37216797,1.21928711
5.11000013,1.37250732,1.21896729
5.11999989,1.37285400,1.21864746
5.13000011,1.37320068,1.21832275
5.13999987,1.37355225,1.21799561
5.15000010,1.37390869,1.21766357
5.15999985,1.37426514,1.21732910
5.17000008,1.37462646,1.21699219
5.17999983,1.37499268,1.21665283
5.19000006,1.37536133,1.21630859
5.19999981,1.37573486,1.21595947
5.21000004,1.37611084,1.21560791
5.21999979,1.37648926,1.21525391
5.23000002,1.37687256,1.21489746
5.23999977,1.37726074,1.21453613
5.25000000,1.37764893,1.21417480
5.26000023,1.37804199,1.21380615
5.26999998,1.37843994,1.21343506
5.28000021,1.37883789,1.21306396
5.28999996,1.37924316,1.21268555
5.30000019,1.37964844,1.21230713
5.30999994,1.38005859,1.21192383
5.32000017,1.38047119,1.21153809
5.32999992,1.38088867,1.21114746
5.34000015,1.38130859,1.21075439
5.34999990,1.38173096,1.21036133
5.36000013,1.38215820,1.20996094
5.36999989,1.38259033,1.20955811
5.38000011,1.38302246,1.20915283
5.38999987,1.38345947,1.20874756
5.40000010,1.38389893,1.20833496
5.40999985,1.38434082,1.20791992
5.42000008,1.38478760,1.20750488
5.42999983,1.38523682,1.20708252
5.44000006,1.38569092,1.20666016
5.44999981,1.38614746,1.20623291
5.46000004,1.38660400,1.20580566
5.46999979,1.38706787,1.20537354
5.48000002,1.38753174,1.20493652
5.48999977,1.38800049,1.20449951
5.50000000,1.38847168,1.20405762
5.51000023,1.38894531,1.20361328
5.51999998,1.38942383,1.20316895
5.53000021,1.38990234,1.20271729
5.53999996,1.39038818,1.20226563
5.55000019,1.39087402,1.20180908
5.55999994,1.39136475,1.20135010
5.57000017,1.39185547,1.20088867
5.57999992,1.39235107,1.20042480
5.59000015,1.39284912,1.19995850
5.59999990,1.39335205,1.19948975
5.61000013,1.39385498,1.19901611
5.61999989,1.39436279,1.19854004
5.63000011,1.39487305,1.19806152
5.63999987,1.39538574,1.19758057
5.65000010,1.39590332,1.19709717
5.65999985,1.39642090,1.19661133
5.67000008,1.39694336,1.19612305
5.67999983,1.39746826,1.19562988
5.69000006,1.39799561,1.19513428
5.69999981,1.39852295,1.19463867
5.71000004,1.39905762,1.19413818
5.71999979,1.39959229,1.19363525
5.73000002,1.40013184,1.19312988
5.73999977,1.40067383,1.19262207
5.75000000,1.40121582,1.19210938
5.76000023,1.40176270,1.19159668
5.76999998,1.40231201,1.19108154
5.78000021,1.40286377,1.19056152
5.78999996,1.40342041,1.19004150
5.80000019,1.40397705,1.18951660
5.80999994,1.40453613,1.18898926
5.82000017,1.40509766,1.18846191
5.82999992,1.40566406,1.18792969
5.84000015,1.40623047,1.18739746
5.84999990,1.40680176,1.18686035
5.86000013,1.40737549,1.18632080
5.86999989,1.40794922,1.18577881
5.88000011,1.40852783,1.18523438
5.88999987,1.40910889,1.18468750
5.90000010,1.40968994,1.18414063
5.90999985,1.41027588,1.18358887
5.92000008,1.41086426,1.18303467
5.92999983,1.41145508,1.18247803
5.94000006,1.41204834,1.18191895
5.94999981,1.41264160,1.18135742
5.96000004,1.41323975,1.18079346
5.96999979,1.41384033,1.18022705
5.98000002,1.41444336,1.17965820
5.98999977,1.41504639,1.17908936
6.00000000,1.41565430,1.17851563
6.01000023,1.41626465,1.17793945
6.01999998,1.41687500,1.17736328
6.03000021,1.41749023,1.17678223
6.03999996,1.41810547,1.17619873
6.05000019,1.41872559,1.17561523
6.05999994,1.41934570,1.17502930
6.07000017,1.41996826,1.17443848
6.07999992,1.42059326,1.17384521
6.09000015,1.42122070,1.17325195
6.09999990,1.42185059,1.17265625
6.11000013,1.42248291,1.17205811
6.11999989,1.42311768,1.17145752
6.13000011,1.42375244,1.17085449
6.13999987,1.42439209,1.17025146
6.15000010,1.42503174,1.16964355
6.15999985,1.42567383,1.16903320
6.17000008,1.42631836,1.16842285
6.17999983,1.42696533,1.16781006
6.19000006,1.42761475,1.16719238
6.19999981,1.42826660,1.16657471
6.21000004,1.42891846,1.16595459
6.21999979,1.42957275,1.16533203
6.23000002,1.43022949,1.16470947
6.23999977,1.43088623,1.16408203
6.25000000,1.43154785,1.16345459
6.26000023,1.43221191,1.16282471
6.26999998,1.43287598,1.16219238
6.28000021,1.43354248,1.16155762
6.28999996,1.43421143,1.16092041
6.30000019,1.43488037,1.16028076
6.30999994,1.43555176,1.15964111
6.32000017,1.43622803,1.15899902
6.32999992,1.43690430,1.15835449
6.34000015,1.43758057,1.15770752
6.34999990,1.43826172,1.15705811
6.36000013,1.43894287,1.15640869
6.36999989,1.43962402,1.15575684
6.38000011,1.44031006,1.15510254
6.38999987,1.44099609,1.15444580
6.40000010,1.44168701,1.15378662
6.40999985,1.44237549,1.15312744
6.42000008,1.44306641,1.15246582
6.42999983,1.44375977,1.15180420
6.44000006,1.44445557,1.15113770
6.44999981,1.44515381,1.15046875
6.46000004,1.44585205,1.14979980
6.46999979,1.44655273,1.14913086
6.48000002,1.44725342,1.14845703
6.48999977,1.44795654,1.14778320
6.50000000,1.44866211,1.14710693
6.51000023,1.44937012,1.14642822
6.51999998,1.45007813,1.14574951
6.53000021,1.45078857,1.14506836
6.53999996,1.45149902,1.14438477
6.55000019,1.45221191,1.14370117
6.55999994,1.45292725,1.14301514
6.57000017,1.45364502,1.14232422
6.57999992,1.45436035,1.14163574
6.59000015,1.45508057,1.14094482
6.59999990,1.45580078,1.21041504
6.61000013,1.45652344,1.20971924
6.61999989,1.45724609,1.20902588
6.63000011,1.45797119,1.20832764
6.63999987,1.45869873,1.20762695
6.65000010,1.45942383,1.20692871
6.65999985,1.46015381,1.20622559
6.67000008,1.46088379,1.20552246
6.67999983,1.46161621,1.20481689
6.69000006,1.46235107,1.20411133
6.69999981,1.46308350,1.20340332
6.71000004,1.46381836,1.20269287
6.71999979,1.46455566,1.20198242
6.73000002,1.46529541,1.20126953
6.73999977,1.46603516,1.20055664
6.75000000,1.46677490,1.19984131
6.76000023,1.46751709,1.19912354
6.76999998,1.46826172,1.19840576
6.78000021,1.46900635,1.19768555
6.78999996,1.46975098,1.19696289
6.80000019,1.47049805,1.19624023
6.80999994,1.47124756,1.19551758
6.82000017,1.47199707,1.19479248
6.82999992,1.47274658,1.19406494
6.84000015,1.47349854,1.19333740
6.84999990,1.47425049,1.19260742
6.86000013,1.47500488,1.19187744
6.86999989,1.47575928,1.19114502
6.88000011,1.47651611,1.20237061
6.88999987,1.47727295,1.25986084
6.90000010,1.47802979,1.25912598
6.90999985,1.47878906,1.25838867
6.92000008,1.47955078,1.25765137
6.92999983,1.48031250,1.25691162
6.94000006,1.48107178,1.25617188
6.94999981,1.48183594,1.25543213
6.96000004,1.48260010,1.25468750
6.96999979,1.48336426,1.25394531
6.98000002,1.48413086,1.25320068
6.98999977,1.48489746,1.25245361
7.00000000,1.48566650,1.25170654
7.01000023,1.48643555,1.25095947
7.01999998,1.48720459,1.25020752
7.03000021,1.48797607,1.24945801
7.03999996,1.48874756,1.24870605
7.05000019,1.48951904,1.24795410
7.05999994,1.49029053,1.24719971
7.07000017,1.49106689,1.24644531
7.07999992,1.49184082,1.24568848
7.09000015,1.49261719,1.24493164
7.09999990,1.49339355,1.24417480
7.11000013,1.49416992,1.24341309
7.11999989,1.49494873,1.24265381
7.13000011,1.49572510,1.24189453
7.13999987,1.49650391,1.24113281
7.15000010,1.49728516,1.24036865
7.15999985,1.49806396,1.23960693
7.17000008,1.49884766,1.23884033
7.17999983,1.49962891,1.23807373
7.19000006,1.50041260,1.23730713
7.19999981,1.50119385,1.23654053
7.21000004,1.50197754,1.23577393
7.21999979,1.50276367,1.23500244
7.23000002,1.50354736,1.23423340
7.23999977,1.50433350,1.26731445
7.25000000,1.50511963,1.30289063
7.26000023,1.50590576,1.30211914
7.26999998,1.50669434,1.30134521
7.28000021,1.50748047,1.30057129
7.28999996,1.50827148,1.29979736
7.30000019,1.50906006,1.29902100
7.30999994,1.50984863,1.29824463
7.32000017,1.51063721,1.29746826
7.32999992,1.51142822,1.29669189
7.34000015,1.51221924,1.29591309
7.34999990,1.51301025,1.29513428
7.36000013,1.51380371,1.29435303
7.36999989,1.51459473,1.29357422
7.38000011,1.51538574,1.29279297
7.38999987,1.51617920,1.29201172
7.40000010,1.51697266,1.29122803
7.40999985,1.51776611,1.29044678
7.42000008,1.51855957,1.28966309
7.42999983,1.51935547,1.28887939
7.44000006,1.52014893,1.28809326
7.44999981,1.52094482,1.28730713
7.46000004,1.52174072,1.28652100
7.46999979,1.52253418,1.28573486
7.48000002,1.52333008,1.28494873
7.48999977,1.52412598,1.28416260
7.50000000,1.52492432,1.28337158
7.51000023,1.52572021,1.28258545
7.51999998,1.52651611,1.28179688
7.53000021,1.52731201,1.28100586
7.53999996,1.52811035,1.28021729
7.55000019,1.52890625,1.27942627
7.55999994,1.52970459,1.27863525
7.57000017,1.53050049,1.27784424
7.57999992,1.53129883,1.27705322
7.59000015,1.53209717,1.27625977
7.59999990,1.53289551,1.34567627
7.61000013,1.53369385,1.34488525
7.61999989,1.53449219,1.34409180
7.63000011,1.53529053,1.34329590
7.63999987,1.53608643,1.34250488
7.65000010,1.53688477,1.34170898
7.65999985,1.53768311,1.34091553
7.67000008,1.53848145,1.34011963
7.67999983,1.53927979,1.33932617
7.69000006,1.54007813,1.33853027
7.69999981,1.54087646,1.33773438
7.71000004,1.54167480,1.33693848
7.71999979,1.54247314,1.33614258
7.73000002,1.54326904,1.33534668
7.73999977,1.54406738,1.33455078
7.75000000,1.54486572,1.33375488
7.76000023,1.54566406,1.33295898
7.76999998,1.54646240,1.33216064
7.78000021,1.54725830,1.33136475
7.78999996,1.54805664,1.33056641
7.80000019,1.54885254,1.32976807
7.80999994,1.54965088,1.32897217
7.82000017,1.55044678,1.32817383
7.82999992,1.55124268,1.32737793
7.84000015,1.55203857,1.32657959
7.84999990,1.55283691,1.32578125
7.86000013,1.55363281,1.32498291
7.86999989,1.55442871,1.32418457
7.88000011,1.55522217,1.32338623
7.88999987,1.55601807,1.32259033
7.90000010,1.55681152,1.32179199
7.90999985,1.55760742,1.32099365
7.92000008,1.55840332,1.32019531
7.92999983,1.55919678,1.31939697
7.94000006,1.55998779,1.31860107
7.94999981,1.56078125,1.33914551
7.96000004,1.56157471,1.38721436
7.96999979,1.56236816,1.38641602
7.98000002,1.56315918,1.38562012
7.98999977,1.56395020,1.38482178
8.00000000,1.56474365,1.38402588
8.01000023,1.56553467,1.38322754
8.02000046,1.56632324,1.38243164
8.02999973,1.56711426,1.38163330
8.03999996,1.56790283,1.38083740
8.05000019,1.56869141,1.38004150
8.06000042,1.56947998,1.37924561
8.06999969,1.57026855,1.37844971
8.07999992,1.57105713,1.37765381
8.09000015,1.57184326,1.37685791
8.10000038,1.57262939,1.37606201
8.10999966,1.57341553,1.37526855
8.11999989,1.57419922,1.37447266
8.13000011,1.57498535,1.37367920
8.14000034,1.57576904,1.37288330
8.14999962,1.57655273,1.37208984
8.15999985,1.57733643,1.37129639
8.17000008,1.57811768,1.37050293
8.18000031,1.57889893,1.36971191
8.18999958,1.57968018,1.36891846
8.19999981,1.58046143,1.36812500
8.21000004,1.58124023,1.36733398
8.22000027,1.58201904,1.36654297
8.22999954,1.58279785,1.36575195
8.23999977,1.58357422,1.36496338
8.25000000,1.58435059,1.36417236
8.26000023,1.58512695,1.36338379
8.27000046,1.58590332,1.36259521
8.27999973,1.58667725,1.36180664
8.28999996,1.58745117,1.36101807
8.30000019,1.58822266,1.36023193
8.31000042,1.58899414,1.42964355
8.31999969,1.58976563,1.42885986
8.32999992,1.59053711,1.42807373
8.34000015,1.59130615,1.42728760
8.35000038,1.59207520,1.42650146
8.35999966,1.59284180,1.42571777
8.36999989,1.59360840,1.42493408
8.38000011,1.59437500,1.42415039
8.39000034,1.59513916,1.42336914
8.39999962,1.59590332,1.42258789
8.40999985,1.59666748,1.42180664
8.42000008,1.59742920,1.42102539
8.43000031,1.59819092,1.42024414
8.43999958,1.59895264,1.41946533
8.44999981,1.59970947,1.48888428
8.46000004,1.60046875,1.48810547
8.47000027,1.60122559,1.48732910
8.47999954,1.60198242,1.48655273
8.48999977,1.60273682,1.48577637
8.50000000,1.60349121,1.48500000
8.51000023,1.60424561,1.48422607
8.52000046,1.60499756,1.48345459
8.52999973,1.60574707,1.48268066
8.53999996,1.60649902,1.48190918
8.55000019,1.60724609,1.48113770
8.56000042,1.60799316,1.48036865
8.56999969,1.60874023,1.47959961
8.57999992,1.60948730,1.47883057
8.59000015,1.61022949,1.47806396
8.60000038,1.61097412,1.47729736
8.60999966,1.61171387,1.47653320
8.61999989,1.61245605,1.47576660
8.63000011,1.61319580,1.47500488
8.64000034,1.61393311,1.47424072
8.64999962,1.61467041,1.47347900
8.65999985,1.61540527,1.53410645
8.67000008,1.61614014,1.54214355
8.68000031,1.61687500,1.54138428
8.68999958,1.61760498,1.54062500
8.69999981,1.61833496,1.53986816
8.71000004,1.61906494,1.53911133
8.72000027,1.61979248,1.53835693
8.72999954,1.62052002,1.53760254
8.73999977,1.62124756,1.53685059
8.75000000,1.62197021,1.53609863
8.76000023,1.62269287,1.53534912
8.77000046,1.62341309,1.53459961
8.77999973,1.62413330,1.53385010
8.78999996,1.62485107,1.53310303
8.80000019,1.62556885,1.56515625
8.81000042,1.62628418,1.60178955
8.81999969,1.62699951,1.60104492
8.82999992,1.62771240,1.60030273
8.84000015,1.62842285,1.59956055
8.85000038,1.62913086,1.59882080
8.85999966,1.62984131,1.59808105
8.86999989,1.63054688,1.59734375
8.88000011,1.63125244,1.59660645
8.89000034,1.63195557,1.59587158
8.89999962,1.63265869,1.59513672
8.90999985,1.63335938,1.59440430
8.92000008,1.63405762,1.59367188
8.93000031,1.63475586,1.59294434
8.93999958,1.63545166,1.59221436
8.94999981,1.63614746,1.59148682
8.96000004,1.63683838,1.59076172
8.97000027,1.63752930,1.59003662
8.97999954,1.63822021,1.58931396
8.98999977,1.63890869,1.58859131
9.00000000,1.63959229,1.58787109
9.01000023,1.64027832,1.62620117
9.02000046,1.64096191,1.65659668
9.02999973,1.64164063,1.65588135
9.03999996,1.64232178,1.65516602
9.05000019,1.64299805,1.65445068
9.06000042,1.64367432,1.65374023
9.06999969,1.64435059,1.65302979
9.07999992,1.64502197,1.65231934
9.09000015,1.64569336,1.65161377
9.10000038,1.64636230,1.65090820
9.10999966,1.64702881,1.65020264
9.11999989,1.64769531,1.64950195
9.13000011,1.64835693,1.64880127
9.14000034,1.64902100,1.64810059
9.14999962,1.64968018,1.67833252
9.15999985,1.65033691,1.71685791
9.17000008,1.65099365,1.71616211
9.18000031,1.65164795,1.71546875
9.18999958,1.65229980,1.71477783
9.19999981,1.65295166,1.71408691
9.21000004,1.65360107,1.71340088
9.22000027,1.65424805,1.71271484
9.22999954,1.65489258,1.71202881
9.23999977,1.65553467,1.71134521
9.25000000,1.65617676,1.71066406
9.26000023,1.65681641,1.70998535
9.27000046,1.65745117,1.70930908
9.27999973,1.65808838,1.70863281
9.28999996,1.65872070,1.74153809
9.30000019,1.65935059,1.77742676
9.31000042,1.65998047,1.77675537
9.31999969,1.66060791,1.77608643
9.32999992,1.66123291,1.77541992
9.34000015,1.66185547,1.77475342
9.35000038,1.66247803,1.77408936
9.35999966,1.66309570,1.77342773
9.36999989,1.66371094,1.77277100
9.38000011,1.66432617,1.77211182
9.39000034,1.66493896,1.77145752
9.39999962,1.66554932,1.77080322
9.40999985,1.66615723,1.77015137
9.42000008,1.66676270,1.76950195
9.43000031,1.66736816,1.76885498
9.43999958,1.66796875,1.76821045
9.44999981,1.66856934,1.76756592
9.46000004,1.66916504,1.76692627
9.47000027,1.66976318,1.76628662
9.47999954,1.67035400,1.76564941
9.48999977,1.67094482,1.76501465
9.50000000,1.67153320,1.83450439
9.51000023,1.67211914,1.83387207
9.52000046,1.67270508,1.83324219
9.52999973,1.67328613,1.83261475
9.53999996,1.67386475,1.83199219
9.55000019,1.67444336,1.83136719
9.56000042,1.67501953,1.83074707
9.56999969,1.67559082,1.83012939
9.57999992,1.67616211,1.82951416
9.59000015,1.67672852,1.82889893
9.60000038,1.67729492,1.82828857
9.60999966,1.67785889,1.82767822
9.61999989,1.67842041,1.82707275
9.63000011,1.67897705,1.82646729
9.64000034,1.67953369,1.89597412
9.64999962,1.68008789,1.89537354
9.65999985,1.68063965,1.89477539
9.67000008,1.68118652,1.89417969
9.68000031,1.68173340,1.89358398
9.68999958,1.68227783,1.89299316
9.69999981,1.68281982,1.89240479
9.71000004,1.68335938,1.96192139
9.72000027,1.68389648,1.96133545
9.72999954,1.68442871,1.96075439
9.73999977,1.68496094,1.96017334
9.75000000,1.68549072,1.95959717
9.76000023,1.68601807,1.95902100
9.77000046,1.68654053,1.95844971
9.77999973,1.68706299,2.02797607
9.78999996,1.68758057,2.02740723
9.80000019,1.68809814,2.02684082
9.81000042,1.68861084,2.02627930
9.81999969,1.68912354,2.02571777
9.82999992,1.68963135,2.02516113
9.84000015,1.69013672,2.02460449
9.85000038,1.69063965,2.02405273
9.85999966,1.69114014,2.02350342
9.86999989,1.69163818,2.02295410
9.88000011,1.69213379,2.02241211
9.89000034,1.69262695,2.02186768
9.89999962,1.69311768,2.02132813
9.90999985,1.69360596,2.02615967
9.92000008,1.69408936,2.09034180
9.93000031,1.69457031,2.08980957
9.93999958,1.69505127,2.08927979
9.94999981,1.69552734,2.08875488
9.96000004,1.69600098,2.08822998
9.97000027,1.69647217,2.08770996
9.97999954,1.69694092,2.10763672
9.98999977,1.69740723,2.15675293
10.00000000,1.69786865,2.15624268
10.01000023,1.69833008,2.15572998
10.02000046,1.69878418,2.15522461
10.02999973,1.69924072,2.15471924
10.03999996,1.69968994,2.15421875
10.05000019,1.70013916,2.19924805
10.06000042,1.70058594,2.29336182
10.06999969,1.70102783,2.29286865
10.07999992,1.70146973,2.29237793
10.09000015,1.70190674,2.29188721
10.10000038,1.70233887,2.29140381
10.10999966,1.70277100,2.29092041
10.11999989,1.70320068,2.30288086
10.13000011,1.70362549,2.36002930
10.14000034,1.70404785,2.35955566
10.14999962,1.70446777,2.35908447
10.15999985,1.70488281,2.35861816
10.17000008,1.70529785,2.35815186
10.18000031,1.70570801,2.35769043
10.18999958,1.70611572,2.42083496
10.19999981,1.70652100,2.42683350
10.21000004,1.70692383,2.42637939
10.22000027,1.70732178,2.42593018
10.22999954,1.70771729,2.42548584
10.23999977,1.70811035,2.42504150
10.25000000,1.70849854,2.42460205
10.26000023,1.70888672,2.49421631
10.27000046,1.70927002,2.49378174
10.27999973,1.70964844,2.49335205
10.28999996,1.71002686,2.49292480
10.30000019,1.71040283,2.49250000
10.31000042,1.71077393,2.49207764
10.31999969,1.71114014,2.49166016
10.32999992,1.71150635,2.49124756
10.34000015,1.71186768,2.49083496
10.35000038,1.71222412,2.49042969
10.35999966,1.71258057,2.49002441
10.36999989,1.71293213,2.48962402
10.38000011,1.71328125,2.48922852
10.39000034,1.71362793,2.55887451
10.39999962,1.71396973,2.55848389
10.40999985,1.71430908,2.55809814
10.42000008,1.71464600,2.55771240
10.43000031,1.71497803,2.55733154
10.43999958,1.71530762,2.55695557
10.44999981,1.71563477,2.55658203
10.46000004,1.71595703,2.55621338
10.47000027,1.71627686,2.55584717
10.47999954,1.71659424,2.55548584
10.48999977,1.71690674,2.55512695
10.50000000,1.71721680,2.55477051
10.51000023,1.71752441,2.55441895
10.52000046,1.71782715,2.61695312
10.52999973,1.71812744,2.62375732
10.53999996,1.71842285,2.62341797
10.55000019,1.71871826,2.62307861
10.56000042,1.71900635,2.62274658
10.56999969,1.71929443,2.62241699
10.57999992,1.71957764,2.62208984
10.59000015,1.71985596,2.62176758
10.60000038,1.72013184,2.62145020
10.60999966,1.72040527,2.62113525
10.61999989,1.72067627,2.62082275
10.63000011,1.72093994,2.62051758
10.64000034,1.72120361,2.62021484
10.64999962,1.72146240,2.61991455
10.65999985,1.72171875,2.61961914
10.67000008,1.72197021,2.61932861
10.68000031,1.72221924,2.61904053
10.68999958,1.72246338,2.61875732
10.69999981,1.72270508,2.61847900
10.71000004,1.72294434,2.61820312
10.72000027,1.72317871,2.68794922
10.72999954,1.72340820,2.68768066
10.73999977,1.72363770,2.68741699
10.75000000,1.72385986,2.68715820
10.76000023,1.72408203,2.68690186
10.77000046,1.72429688,2.68665039
10.77999973,1.72451172,2.68640137
10.78999996,1.72471924,2.68615967
10.80000019,1.72492676,2.68592041
10.81000042,1.72512939,2.68568359
10.81999969,1.72532715,2.68545410
10.82999992,1.72552246,2.68522705
10.84000015,1.72571289,2.68500488
10.85000038,1.72590088,2.68478760
10.85999966,1.72608398,2.68457275
10.86999989,1.72626465,2.68436279
10.88000011,1.72644043,2.68415771
10.89000034,1.72661377,2.68395508
10.89999962,1.72678467,2.68375977
10.90999985,1.72695068,2.68356689
10.92000008,1.72711182,2.68337646
10.93000031,1.72727051,2.68319336
10.93999958,1.72742432,2.68301514
10.94999981,1.72757324,2.68283936
10.96000004,1.72772217,2.68266846
10.97000027,1.72786377,2.68250244
10.97999954,1.72800293,2.68234131
10.98999977,1.72813721,2.68218262
11.00000000,1.72826904,2.68203125
11.01000023,1.72839844,2.68188232
11.02000046,1.72852295,2.68173828
11.02999973,1.72864258,2.68159668
11.03999996,1.72875732,2.68146240
11.05000019,1.72887207,2.68133301
11.06000042,1.72897949,2.68120850
11.06999969,1.72908447,2.68108643
11.07999992,1.72918457,2.68096924
11.09000015,1.72928223,2.68085937
11.10000038,1.72937500,2.68074951
11.10999966,1.72946289,2.68064697
11.11999989,1.72954834,2.68054932
11.13000011,1.72962891,2.68045654
11.14000034,1.72970703,2.68036865
11.14999962,1.72978027,2.68028564
11.15999985,1.72984863,2.68020508
11.17000008,1.72991455,2.68013184
11.18000031,1.72997559,2.68006104
11.18999958,1.73003418,2.67999756
11.19999981,1.73008789,2.67993652
11.21000004,1.73013672,2.67988037
11.22000027,1.73018311,2.60983154
11.22999954,1.73022217,2.60978516
11.23999977,1.73025879,2.60974365
11.25000000,1.73029297,2.60970947
11.26000023,1.73032227,2.60967773
11.27000046,1.73034668,2.60965088
11.27999973,1.73036865,2.60962891
11.28999996,1.73038330,2.60961426
11.30000019,1.73039551,2.60960205
11.31000042,1.73040527,2.60959717
11.31999969,1.73041016,2.60959473
11.32999992,1.73040771,2.60959717
11.34000015,1.73040527,2.60960693
11.35000038,1.73039795,2.60961914
11.35999966,1.73038330,2.60963867
11.36999989,1.73036865,2.60966064
11.38000011,1.73034668,2.60968994
11.39000034,1.73032227,2.60972168
11.39999962,1.73029297,2.60976074
11.40999985,1.73025635,2.60980469
11.42000008,1.73021973,2.60985352
11.43000031,1.73017822,2.60990723
11.43999958,1.73013184,2.60996582
11.44999981,1.73008057,2.61002930
11.46000004,1.73002441,2.61009766
11.47000027,1.72996582,2.61017334
11.47999954,1.72990234,2.54024902
11.48999977,1.72983398,2.54033447
11.50000000,1.72976074,2.54042236
11.51000023,1.72968506,2.54051758
11.52000046,1.72960205,2.54061768
11.52999973,1.72951660,2.54072021
11.53999996,1.72942627,2.54083008
11.55000019,1.72933105,2.54094727
11.56000042,1.72923340,2.54106689
11.56999969,1.72912842,2.54119385
11.57999992,1.72902100,2.54132324
11.59000015,1.72890869,2.54145752
11.60000038,1.72879150,2.54160156
11.60999966,1.72866943,2.54174561
11.61999989,1.72854248,2.54189941
11.63000011,1.72841309,2.54205566
11.64000034,1.72827637,2.54221924
11.64999962,1.72813721,2.54238525
11.65999985,1.72799316,2.54255859
11.67000008,1.72784424,2.54273682
11.68000031,1.72769043,2.54292236
11.68999958,1.72753174,2.54311035
11.69999981,1.72736816,2.54330566
11.71000004,1.72719971,2.54350586
11.72000027,1.72702881,2.54370850
11.72999954,1.72685059,2.47390625
11.73999977,1.72666992,2.47412109
11.75000000,1.72648438,2.47434326
11.76000023,1.72629150,2.47457031
11.77000046,1.72609619,2.47480225
11.77999973,1.72589600,2.47503906
11.78999996,1.72569092,2.47528076
11.80000019,1.72548096,2.47552979
11.81000042,1.72526367,2.47578125
11.81999969,1.72504639,2.47604004
11.82999992,1.72482178,2.47630371
11.84000015,1.72459229,2.47657471
11.85000038,1.72435791,2.47684814
11.85999966,1.72411621,2.47712891
11.86999989,1.72387207,2.47741699
11.88000011,1.72362549,2.47770752
11.89000034,1.72337158,2.47800537
11.89999962,1.72311035,2.47830811
11.90999985,1.72284668,2.47861572
11.92000008,1.72257813,2.47892822
11.93000031,1.72230469,2.47924805
11.93999958,1.72202881,2.47957275
11.94999981,1.72174561,2.47989990
11.96000004,1.72145752,2.48023682
11.97000027,1.72116455,2.48057617
11.97999954,1.72086670,2.47245605
11.98999977,1.72056641,2.41124023
12.00000000,1.72026123,2.41159424
12.01000023,1.71995117,2.41195312
12.02000046,1.71963379,2.41231934
12.02999973,1.71931396,2.41268799
12.03999996,1.71899170,2.41306152
12.05000019,1.71866211,2.41344238
12.06000042,1.71833008,2.41382568
12.06999969,1.71799072,2.41421387
12.07999992,1.71764893,2.41460937
12.09000015,1.71730469,2.41500732
12.10000038,1.71695313,2.41541016
12.10999966,1.71659912,2.41581787
12.11999989,1.71624023,2.41623047
12.13000011,1.71587646,2.41664795
12.14000034,1.71550781,2.41706787
12.14999962,1.71513916,2.41749512
12.15999985,1.71476318,2.41792480
12.17000008,1.71438232,2.41835937
12.18000031,1.71399902,2.34875244
12.18999958,1.71361084,2.34919434
12.19999981,1.71321777,2.34964355
12.21000004,1.71282227,2.35009277
12.22000027,1.71242188,2.35054932
12.22999954,1.71201660,2.35101074
12.23999977,1.71160889,2.35147461
12.25000000,1.71119873,2.35194336
12.26000023,1.71078125,2.35241455
12.27000046,1.71036377,2.35289062
12.27999973,1.70993896,2.35337158
12.28999996,1.70951172,2.35385498
12.30000019,1.70908203,2.35434326
12.31000042,1.70864746,2.35483398
12.31999969,1.70820801,2.35533203
12.32999992,1.70776611,2.35583252
12.34000015,1.70731934,2.35633545
12.35000038,1.70687012,2.35684326
12.35999966,1.70641846,2.35735352
12.36999989,1.70596191,2.35786865
12.38000011,1.70550293,2.28832031
12.39000034,1.70503906,2.28884033
12.39999962,1.70457031,2.28936523
12.40999985,1.70410156,2.28989258
12.42000008,1.70362549,2.29042480
12.43000031,1.70314941,2.29096191
12.43999958,1.70266846,2.29149902
12.44999981,1.70218506,2.29204102
12.46000004,1.70169678,2.29258545
12.47000027,1.70120605,2.29313477
12.47999954,1.70071289,2.29368652
12.48999977,1.70021484,2.29424072
12.50000000,1.69971436,2.29479980
12.51000023,1.69920898,2.29535889
12.52000046,1.69870117,2.29592529
12.52999973,1.69819336,2.29649170
12.53999996,1.69768066,2.29706055
12.55000019,1.69716309,2.29763672
12.56000042,1.69664307,2.29821045
12.56999969,1.69612061,2.29879150
12.57999992,1.69559570,2.29937256
12.59000015,1.69506592,2.29995605
12.60000038,1.69453613,2.30054443
12.60999966,1.69399902,2.30113525
12.61999989,1.69346191,2.30172852
12.63000011,1.69292236,2.30232422
12.64000034,1.69238037,2.23282959
12.64999962,1.69183350,2.23343018
12.65999985,1.69128418,2.23403320
12.67000008,1.69073242,2.23463623
12.68000031,1.69017822,2.23524414
12.68999958,1.68962158,2.23585449
12.69999981,1.68906250,2.23646729
12.71000004,1.68849854,2.23708252
12.72000027,1.68793457,2.23769775
12.72999954,1.68736572,2.23831787
12.73999977,1.68679443,2.23894043
12.75000000,1.68622314,2.23956299
12.76000023,1.68564697,2.24019043
12.77000046,1.68506836,2.24081787
12.77999973,1.68448730,2.24144775
12.78999996,1.68390381,2.24208008
12.80000019,1.68331787,2.24271484
12.81000042,1.68273193,2.24334961
12.81999969,1.68214111,2.24398926
12.82999992,1.68154785,2.24462891
12.84000015,1.68095215,2.24527100
12.85000038,1.68035645,2.24591309
12.85999966,1.67975586,2.24655762
12.86999989,1.67915283,2.24720703
12.88000011,1.67854980,2.24785645
12.89000034,1.67794189,2.24850586
12.89999962,1.67733398,2.24915771
12.90999985,1.67672363,2.24981201
12.92000008,1.67611084,2.25046631
12.93000031,1.67549561,2.25112305
12.93999958,1.67487793,2.25178223
12.94999981,1.67426025,2.25244141
12.96000004,1.67363770,2.25310303
12.97000027,1.67301514,2.25376465
12.97999954,1.67239014,2.25442871
12.98999977,1.67176270,2.25509521
13.00000000,1.67113281,2.25576172
13.01000023,1.67050293,2.25642822
13.02000046,1.66987061,2.25709717
13.02999973,1.66923584,2.25776855
13.03999996,1.66860107,2.25843750
13.05000019,1.66796143,2.25911133
13.06000042,1.66732178,2.25978516
13.06999969,1.66667969,2.26045898
13.07999992,1.66603760,2.26113281
13.09000015,1.66539307,2.26180908
13.10000038,1.66474609,2.26248779
13.10999966,1.66409912,2.26316650
13.11999989,1.66344971,2.26384277
13.13000011,1.66280029,2.26452393
13.14000034,1.66214600,2.26520508
13.14999962,1.66149170,2.26588623
13.15999985,1.66083740,2.26656982
13.17000008,1.66018066,2.26725098
13.18000031,1.65952148,2.19780273
13.18999958,1.65886230,2.19848633
13.19999981,1.65820313,2.19916992
13.21000004,1.65753906,2.19985352
13.22000027,1.65687744,2.20053955
13.22999954,1.65621338,2.20122559
13.23999977,1.65554688,2.20191162
13.25000000,1.65488037,2.20259766
13.26000023,1.65421143,2.20328613
13.27000046,1.65354248,2.20397217
13.27999973,1.65287109,2.20466064
13.28999996,1.65220215,2.20534912
13.30000019,1.65152832,2.20603760
13.31000042,1.65085693,2.20672607
13.31999969,1.65018311,2.20741455
13.32999992,1.64950684,2.20810303
13.34000015,1.64883057,2.20879395
13.35000038,1.64815430,2.20948242
13.35999966,1.64747559,2.21017090
13.36999989,1.64679932,2.21085937
13.38000011,1.64612061,2.21155029
13.39000034,1.64543945,2.21223877
13.39999962,1.64475830,2.21292725
13.40999985,1.64407715,2.21361816
13.42000008,1.64339600,2.21430664
13.43000031,1.64271240,2.21499512
13.43999958,1.64203125,2.21568359
13.44999981,1.64134766,2.21637207
13.46000004,1.64066162,2.21706055
13.47000027,1.63997803,2.21774902
13.47999954,1.63929199,2.21843750
13.48999977,1.63860840,2.21912354
13.50000000,1.63792236,2.21980957
13.51000023,1.63723633,2.22049561
13.52000046,1.63655029,2.22118164
13.52999973,1.63586182,2.22186768
13.53999996,1.63517578,2.22255127
13.55000019,1.63448730,2.22323730
13.56000042,1.63380127,2.22392090
13.56999969,1.63311279,2.22460449
13.57999992,1.63242432,2.22528564
13.59000015,1.63173828,2.22596924
13.60000038,1.63104980,2.15650879
13.60999966,1.63036133,2.15718994
13.61999989,1.62967285,2.15786865
13.63000011,1.62898682,2.15854980
13.64000034,1.62829834,2.15922852
13.64999962,1.62760986,2.15990479
13.65999985,1.62692383,2.16058105
13.67000008,1.62623535,2.16125732
13.68000031,1.62554688,2.16193115
13.68999958,1.62486084,2.16260498
13.69999981,1.62417236,2.16327881
13.71000004,1.62348877,2.16395020
13.72000027,1.62280029,2.16462158
13.72999954,1.62211426,2.16529053
13.73999977,1.62143066,2.16595947
13.75000000,1.62074463,2.16662842
13.76000023,1.62005859,2.16729248
13.77000046,1.61937500,2.16795898
13.77999973,1.61869141,2.16862305
13.78999996,1.61800781,2.16928467
13.80000019,1.61732666,2.16994629
13.81000042,1.61664551,2.17060547
13.81999969,1.61596191,2.17126465
13.82999992,1.61528320,2.17192139
13.84000015,1.61460205,2.17257812
13.85000038,1.61392334,2.17323242
13.85999966,1.61324463,2.17388428
13.86999989,1.61256836,2.17453613
13.88000011,1.61188965,2.17518555
13.89000034,1.61121582,2.17583496
13.89999962,1.61053955,2.17648193
13.90999985,1.60986572,2.17712646
13.92000008,1.60919189,2.17777100
13.93000031,1.60852295,2.17841064
13.93999958,1.60785156,2.17905273
13.94999981,1.60718018,2.17968994
13.96000004,1.60651367,2.11020020
13.97000027,1.60584473,2.11083496
13.97999954,1.60517822,2.11146973
13.98999977,1.60451416,2.11209961
14.00000000,1.60385010,2.11273193
14.01000023,1.60318604,2.11335937
14.02000046,1.60252441,2.11398682
14.02999973,1.60186523,2.11460937
14.03999996,1.60120605,2.11523193
14.05000019,1.60054932,2.11585205
14.06000042,1.59989502,2.11646973
14.06999969,1.59924072,2.11708496
14.07999992,1.59858643,2.11770020
14.09000015,1.59793701,2.11831055
14.10000038,1.59728760,2.11892090
14.10999966,1.59663818,2.11952881
14.11999989,1.59599365,2.12013184
14.13000011,1.59534668,2.12073730
14.14000034,1.59470459,2.12133789
14.14999962,1.59406494,2.12193604
14.15999985,1.59342529,2.12253174
14.17000008,1.59278809,2.12312500
14.18000031,1.59215088,2.12371826
14.18999958,1.59151855,2.12430664
14.19999981,1.59088623,2.12489258
14.21000004,1.59025635,2.12547607
14.22000027,1.58962891,2.12605957
14.22999954,1.58900391,2.12663818
14.23999977,1.58837891,2.12721436
14.25000000,1.58775879,2.12778809
14.26000023,1.58713867,2.12836182
14.27000046,1.58652344,2.12892822
14.27999973,1.58590820,2.12949463
14.28999996,1.58529541,2.13005859
14.30000019,1.58468506,2.13062012
14.31000042,1.58407715,2.13117676
14.31999969,1.58347168,2.13173340
14.32999992,1.58286621,2.13228516
14.34000015,1.58226563,2.13283447
14.35000038,1.58166748,2.13338135
14.35999966,1.58107178,2.13392578
14.36999989,1.58047852,2.13446777
14.38000011,1.57988770,2.13500488
14.39000034,1.57929932,2.13554199
14.39999962,1.57871582,2.13607178
14.40999985,1.57813232,2.13660156
14.42000008,1.57755371,2.13712891
14.43000031,1.57697510,2.13765137
14.43999958,1.57640137,2.13817139
14.44999981,1.57582764,2.13868896
14.46000004,1.57525879,2.13920410
14.47000027,1.57469238,2.13971436
14.47999954,1.57413086,2.14022217
14.48999977,1.57357178,2.14072754
14.50000000,1.57301514,2.14122803
14.51000023,1.57246094,2.14172607
14.52000046,1.57190918,2.14221924
14.52999973,1.57136230,2.14271240
14.53999996,1.57081787,2.14319824
14.55000019,1.57027588,2.14368408
14.56000042,1.56973877,2.14416504
14.56999969,1.56920410,2.14464355
14.57999992,1.56867188,2.14511719
14.59000015,1.56814209,2.14559082
14.60000038,1.56761963,2.14605713
14.60999966,1.56709717,2.14652100
14.61999989,1.56657959,2.14698242
14.63000011,1.56606445,2.07737305
14.64000034,1.56555420,2.07782715
14.64999962,1.56504639,2.07827881
14.65999985,1.56454346,2.07872559
14.67000008,1.56404297,2.07916992
14.68000031,1.56354736,2.07960937
14.68999958,1.56305420,2.08004395
14.69999981,1.56256348,2.08047852
14.71000004,1.56208008,2.08090576
14.72000027,1.56159668,2.08133301
14.72999954,1.56112061,2.08175293
14.73999977,1.56064697,2.08217041
14.75000000,1.56017822,2.08258301
14.76000023,1.55971191,2.08299316
14.77000046,1.55925049,2.08339844
14.77999973,1.48874268,2.08380127
14.78999996,1.48829102,2.08419922
14.80000019,1.48784424,2.08459229
14.81000042,1.48739990,2.08498291
14.81999969,1.48696045,2.08536865
14.82999992,1.48652344,2.08574951
14.84000015,1.48609375,2.08612793
14.85000038,1.48566406,2.08650146
14.85999966,1.48524414,2.08687012
14.86999989,1.48482666,2.08723633
14.88000011,1.48441162,2.08759766
14.89000034,1.48400146,2.08795410
14.89999962,1.48359619,2.08830811
14.90999985,1.48319824,2.08865723
14.92000008,1.48280273,2.08899902
14.93000031,1.48240967,2.08934082
14.93999958,1.48202393,2.08967529
14.94999981,1.48164307,2.09000732
14.96000004,1.48126709,2.09033447
14.97000027,1.48089355,2.09065674
14.97999954,1.48052490,2.09097656
14.98999977,1.48016357,2.09129150
15.00000000,1.47980713,2.09159912
15.01000023,1.47945313,2.09190430
15.02000046,1.47910645,2.09220459
15.02999973,1.47876465,2.09250244
15.03999996,1.47842529,2.09279297
15.05000019,1.47809570,2.09307861
15.06000042,1.47776611,2.09336182
15.06999969,1.47744385,2.09364014
15.07999992,1.47712646,2.09391357
15.09000015,1.47681641,2.09418213
15.10000038,1.47650879,2.09444580
15.10999966,1.47620850,2.09470459
15.11999989,1.47591309,2.09495850
15.13000011,1.47562256,2.09520996
15.14000034,1.47533936,2.09545410
15.14999962,1.47506104,2.09569336
15.15999985,1.47478516,2.09593018
15.17000008,1.47451660,2.09616211
15.18000031,1.47425537,2.09638672
15.18999958,1.47399902,2.09660645
15.19999981,1.47374756,2.09682373
15.21000004,1.47350342,2.09703369
15.22000027,1.47326172,2.09724121
15.22999954,1.47302979,2.09744141
15.23999977,1.47280029,2.09763916
15.25000000,1.47257813,2.09782959
15.26000023,1.47236328,2.09801514
15.27000046,1.47215332,2.09819824
15.27999973,1.47195068,2.09837158
15.28999996,1.47175049,2.09854492
15.30000019,1.47156006,2.09871094
15.31000042,1.47137451,2.09887207
15.31999969,1.47119385,2.09902832
15.32999992,1.47102051,2.02917480
15.34000015,1.47085449,2.02931885
15.35000038,1.47069336,2.02946045
15.35999966,1.40053711,2.02959473
15.36999989,1.40038818,2.02972656
15.38000011,1.40024658,2.02984863
15.39000034,1.40011230,2.02997070
15.39999962,1.39998291,2.03008301
15.40999985,1.39986328,2.03019287
15.42000008,1.39974609,2.03029785
15.43000031,1.39963867,2.03039551
15.43999958,1.39953613,2.03048828
15.44999981,1.39944336,2.03057373
15.46000004,1.39935303,2.03065674
15.47000027,1.39927246,2.03073242
15.47999954,1.39919678,2.03080566
15.48999977,1.39913086,2.03086914
15.50000000,1.39906982,2.03092773
15.51000023,1.39901367,2.03098145
15.52000046,1.39896729,2.03103027
15.52999973,1.39892822,2.03107422
15.53999996,1.39889404,2.03111084
15.55000019,1.39886963,2.03114502
15.56000042,1.39885010,2.03116943
15.56999969,1.39884033,2.03119141
15.57999992,1.39883545,2.03120605
15.59000015,1.39883789,2.03121338
15.60000038,1.39884766,2.03121826
15.60999966,1.39886719,2.03121582
15.61999989,1.39889160,2.03120605
15.63000011,1.39892578,2.03119385
15.64000034,1.39896484,2.03117188
15.64999962,1.39901367,2.03114746
15.65999985,1.39906738,2.03111572
15.67000008,1.39913086,2.03107910
15.68000031,1.39920166,2.03103516
15.68999958,1.39927979,2.03098633
15.69999981,1.39936523,2.03093262
15.71000004,1.39946045,2.03086914
15.72000027,1.39956299,2.03080322
15.72999954,1.39967285,2.03072998
15.73999977,1.39979004,2.03065186
15.75000000,1.39991455,2.03056641
15.76000023,1.40005127,2.03047363
15.77000046,1.40019043,2.03037842
15.77999973,1.40034180,2.03027588
15.78999996,1.40050049,2.03016602
15.80000019,1.40066650,2.03004883
15.81000042,1.40083984,2.02992920
15.81999969,1.40102295,2.02979980
15.82999992,1.40121582,2.02966553
15.84000015,1.40141357,2.02952637
15.85000038,1.40162354,2.02937988
15.85999966,1.40183838,2.02922607
15.86999989,1.40206299,2.02906738
15.88000011,1.33227295,2.02890381
15.89000034,1.33251465,2.02873047
15.89999962,1.33276123,2.02855469
15.90999985,1.33302002,2.02836914
15.92000008,1.33328857,2.02817871
15.93000031,1.33356201,2.02798096
15.93999958,1.33384766,2.02777832
15.94999981,1.33413818,2.02757080
15.96000004,1.33444092,2.02735352
15.97000027,1.33475342,2.02712891
15.97999954,1.33507324,1.95686035
15.98999977,1.33540039,1.95662354
16.00000000,1.33573975,1.95637939
16.01000023,1.33608643,1.95612793
16.02000046,1.33644043,1.95587158
16.03000069,1.33680664,1.95560791
16.04000092,1.33718018,1.95533691
16.04999924,1.33756592,1.95506104
16.05999947,1.33795898,1.95477539
16.06999969,1.33835938,1.95448730
16.07999992,1.33877197,1.95418945
16.09000015,1.33919434,1.95388428
16.10000038,1.33962402,1.95357422
16.11000061,1.34006348,1.95325684
16.12000084,1.34051514,1.95293213
16.12999916,1.34097412,1.95260254
16.13999939,1.34144287,1.95226318
16.14999962,1.34192139,1.95191895
16.15999985,1.34241211,1.95156982
16.17000008,1.34291016,1.95121094
16.18000031,1.34341797,1.95084473
16.19000053,1.34393799,1.95047119
16.20000076,1.34446533,1.95009277
16.20999908,1.34500488,1.94970703
16.21999931,1.34555176,1.94931641
16.22999954,1.34611084,1.94891602
16.23999977,1.34667969,1.94850830
16.25000000,1.34725830,1.94809326
16.26000023,1.34784668,1.94767334
16.27000046,1.34844727,1.94724609
16.28000069,1.34905762,1.94680908
16.29000092,1.34967773,1.94636719
16.29999924,1.35030762,1.94591797
16.30999947,1.35094971,1.94546143
16.31999969,1.35160156,1.94499756
16.32999992,1.35226318,1.94452637
16.34000015,1.35293701,1.94404785
16.35000038,1.35362061,1.94356445
16.36000061,1.35431396,1.94307129
16.37000084,1.35501953,1.94257080
16.37999916,1.28556885,1.94206543
16.38999939,1.28629150,1.94155029
16.39999962,1.28702637,1.94102783
16.40999985,1.28776855,1.94050049
16.42000008,1.28852295,1.93996338
16.43000031,1.28928955,1.93941895
16.44000053,1.29006836,1.93886963
16.45000076,1.29085449,1.93831055
16.45999908,1.29165283,1.93774658
16.46999931,1.29246582,1.93717041
16.47999954,1.29328613,1.86637695
16.48999977,1.29411865,1.86578369
16.50000000,1.29496338,1.86518311
16.51000023,1.29582031,1.86457275
16.52000046,1.29668701,1.86395752
16.53000069,1.29756592,1.86333496
16.54000092,1.29845459,1.86270264
16.54999924,1.29935791,1.86206299
16.55999947,1.30027100,1.86141602
16.56999969,1.30119629,1.86076172
16.57999992,1.30213135,1.86010010
16.59000015,1.30308105,1.85942871
16.60000038,1.30404053,1.85875000
16.61000061,1.30501221,1.85806641
16.62000084,1.30599854,1.85737305
16.62999916,1.30699219,1.85667236
16.63999939,1.30800049,1.85596191
16.64999962,1.30902100,1.85524414
16.65999985,1.31005371,1.85451904
16.67000008,1.31109863,1.85378662
16.68000031,1.31215576,1.85304688
16.69000053,1.31322510,1.85229736
16.70000076,1.31430664,1.85154053
16.70999908,1.31539795,1.85077637
16.71999931,1.31650635,1.85000244
16.72999954,1.31762451,1.84922363
16.73999977,1.31875488,1.84843506
16.75000000,1.31989990,1.84763916
16.76000023,1.32105469,1.84683350
16.77000046,1.32222412,1.84602051
16.78000069,1.32340576,1.84520020
16.79000092,1.32460205,1.84437012
16.79999924,1.32580811,1.84353271
16.80999947,1.32702881,1.84268555
16.81999969,1.32826172,1.84183350
16.82999992,1.32950928,1.84097168
16.84000015,1.33076660,1.84010254
16.85000038,1.33204102,1.83922119
16.86000061,1.33332764,1.83833496
16.87000084,1.33462402,1.83744141
16.87999916,1.26543701,1.83653809
16.88999939,1.26675293,1.83562500
16.89999962,1.26808350,1.83470459
16.90999985,1.26942627,1.83377686
16.92000008,1.27078125,1.83283936
16.93000031,1.27215088,1.83189453
16.94000053,1.27353271,1.83093994
16.95000076,1.27493164,1.82997803
16.95999908,1.27634033,1.82900635
16.96999931,1.27776367,1.82802734
16.97999954,1.27920166,1.82704102
16.98999977,1.28065186,1.82604248
17.00000000,1.28211670,1.82503906
17.01000023,1.28359619,1.82402588
17.02000046,1.28509033,1.82300049
17.03000069,1.28659668,1.82197021
17.04000092,1.28811523,1.82093262
17.04999924,1.28965088,1.81988281
17.05999947,1.29120117,1.81882568
17.06999969,1.29276367,1.81776123
17.07999992,1.29433838,1.81668701
17.09000015,1.29593018,1.81560303
17.10000038,1.29753662,1.81450928
17.11000061,1.29915771,1.81340820
17.12000084,1.30079102,1.81229980
17.12999916,1.30243896,1.81118164
17.13999939,1.30410400,1.81005371
17.14999962,1.30578125,1.80891602
17.15999985,1.30747559,1.80777100
17.17000008,1.30918213,1.80661621
17.18000031,1.31090332,1.80545166
17.19000053,1.31264160,1.80427979
17.20000076,1.31439453,1.80309814
17.20999908,1.31615967,1.80190918
17.21999931,1.31794189,1.80071045
17.22999954,1.31973877,1.79949951
17.23999977,1.32155029,1.79828125
17.25000000,1.32337891,1.79705322
17.26000023,1.32521973,1.79581787
17.27000046,1.32707764,1.79457275
17.28000069,1.32895020,1.79331787
17.29000092,1.33083740,1.79205566
17.29999924,1.33274170,1.79078125
17.30999947,1.27708252,1.78949951
17.31999969,1.26557617,1.78820557
17.32999992,1.26751221,1.78690674
17.34000015,1.26946289,1.78559570
17.35000038,1.27143066,1.78427490
17.36000061,1.27341309,1.78294434
17.37000084,1.27540771,1.78160645
17.37999916,1.27742188,1.78025879
17.38999939,1.27945068,1.77889893
17.39999962,1.28149658,1.77753174
17.40999985,1.28355713,1.77615479
17.42000008,1.28563477,1.77476807
17.43000031,1.28772705,1.77337158
17.44000053,1.28983643,1.77196289
17.45000076,1.29196045,1.77054688
17.45999908,1.29410156,1.76912109
17.46999931,1.29625732,1.76768555
17.47999954,1.29843018,1.76624023
17.48999977,1.30062256,1.76478516
17.50000000,1.30282715,1.76332031
17.51000023,1.30504883,1.76184570
17.52000046,1.30728760,1.76035889
17.53000069,1.30954346,1.75886475
17.54000092,1.31181396,1.75735840
17.54999924,1.31410156,1.75584473
17.55999947,1.31640869,1.75431885
17.56999969,1.31873047,1.75278320
17.57999992,1.32106934,1.75123779
17.59000015,1.32342529,1.74968262
17.60000038,1.32579590,1.74811523
17.61000061,1.32818359,1.74654053
17.62000084,1.33059082,1.74495361
17.62999916,1.33301514,1.74335693
17.63999939,1.33545410,1.74175049
17.64999962,1.33791260,1.74013184
17.65999985,1.34038818,1.73850342
17.67000008,1.34287842,1.73686523
17.68000031,1.34538818,1.73521729
17.69000053,1.34791504,1.73355957
17.70000076,1.35045898,1.73188965
17.70999908,1.35302002,1.73020752
17.71999931,1.35559814,1.72851807
17.72999954,1.35819580,1.72681641
17.73999977,1.36081055,1.72510254
17.75000000,1.36344238,1.72338135
17.76000023,1.36609131,1.72164795
17.77000046,1.36875977,1.71990234
17.78000069,1.37144531,1.71814697
17.79000092,1.37414795,1.71638184
17.79999924,1.37687012,1.71460449
17.80999947,1.37960938,1.71281738
17.81999969,1.38236816,1.71101563
17.82999992,1.38514404,1.70920654
17.84000015,1.38793945,1.70738525
17.85000038,1.34191406,1.70555420
17.86000061,1.32155273,1.70370850
17.87000084,1.32437744,1.70185547
17.87999916,1.32722168,1.69999023
17.88999939,1.33008301,1.69811279
17.89999962,1.33296387,1.69622559
17.90999985,1.33586426,1.69432617
17.92000008,1.33878174,1.69241699
17.93000031,1.34171875,1.69049316
17.94000053,1.34467529,1.68856201
17.95000076,1.34764893,1.68661621
17.95999908,1.35063965,1.68465820
17.96999931,1.35365234,1.68269287
17.97999954,1.35668213,1.68071289
17.98999977,1.35973145,1.67872314
18.00000000,1.36279785,1.67672119
18.01000023,1.36588623,1.67470703
18.02000046,1.36899170,1.67268066
18.03000069,1.37211670,1.67064453
18.04000092,1.37526123,1.66859375
18.04999924,1.37842285,1.66653564
18.05999947,1.38160645,1.66446045
18.06999969,1.38480957,1.66237793
18.07999992,1.38802979,1.66028076
18.09000015,1.39127197,1.65817139
18.10000038,1.39453125,1.65605225
18.11000061,1.39781250,1.65391846
18.12000084,1.40111328,1.65177490
18.12999916,1.40443115,1.64961914
18.13999939,1.40777100,1.64745117
18.14999962,1.41113037,1.64527100
18.15999985,1.41450928,1.64307617
18.17000008,1.41790771,1.64087158
18.18000031,1.42132568,1.63865479
18.19000053,1.42476563,1.63642334
18.20000076,1.42822510,1.63418213
18.20999908,1.43170410,1.63192871
18.21999931,1.43520508,1.62966064
18.22999954,1.43872314,1.62738037
18.23999977,1.44226563,1.62508789
18.25000000,1.44582520,1.62278320
18.26000023,1.44940674,1.62046631
18.27000046,1.45300781,1.61813721
18.28000069,1.45663330,1.61579346
18.29000092,1.46027588,1.61343994
18.29999924,1.46393799,1.61107178
18.30999947,1.46762207,1.60869141
18.31999969,1.47132813,1.60629883
18.32999992,1.47505371,1.60389404
18.34000015,1.47879883,1.60147461
18.35000038,1.48256836,1.59904297
18.36000061,1.48635498,1.59659912
18.37000084,1.49016357,1.59414307
18.37999916,1.49399414,1.59167480
18.38999939,1.49784668,1.58919189
18.39999962,1.50171875,1.58669678
18.40999985,1.50561035,1.58418945
18.42000008,1.50816162,1.58166748
18.43000031,1.47107178,1.57913330
18.44000053,1.44375000,1.57658691
18.45000076,1.44769531,1.57402832
18.45999908,1.45165771,1.57145752
18.46999931,1.45564453,1.56887207
18.47999954,1.45965332,1.56627441
18.48999977,1.46368164,1.56366211
18.50000000,1.46773193,1.56103760
18.51000023,1.47180420,1.55840088
18.52000046,1.47589600,1.55574951
18.53000069,1.48001221,1.55308594
18.54000092,1.48414795,1.55041016
18.54999924,1.48830566,1.54772217
18.55999947,1.49248291,1.54501953
18.56999969,1.49668457,1.54230225
18.57999992,1.50090576,1.53957275
18.59000015,1.50515137,1.53683105
18.60000038,1.50941650,1.53407471
18.61000061,1.51370605,1.53130615
18.62000084,1.51801514,1.52852295
18.62999916,1.52234619,1.52572754
18.63999939,1.52669922,1.52291992
18.64999962,1.53107666,1.52009521
18.65999985,1.53547119,1.51726074
18.67000008,1.53989258,1.51440918
18.68000031,1.54433594,1.51154785
18.69000053,1.54880127,1.50866943
18.70000076,1.55328613,1.50577881
18.70999908,1.55779541,1.50287842
18.71999931,1.56232910,1.49995850
18.72999954,1.56688477,1.49702637
18.73999977,1.57146240,1.49407959
18.75000000,1.57606201,1.49112305
18.76000023,1.58068359,1.48814941
18.77000046,1.58532959,1.48516357
18.78000069,1.59000000,1.48216309
18.79000092,1.59468994,1.47914795
18.79999924,1.59940430,1.47612061
18.80999947,1.60414307,1.47307861
18.81999969,1.60890381,1.47002197
18.82999992,1.61368652,1.46695313
18.84000015,1.61849609,1.46386719
18.85000038,1.62332764,1.46076904
18.86000061,1.62818115,1.45765869
18.87000084,1.63305908,1.45453125
18.87999916,1.60297363,1.45139160
18.88999939,1.57220703,1.44823730
18.89999962,1.57239746,1.44506592
18.90999985,1.57732666,1.44188232
18.92000008,1.58228027,1.43868408
18.93000031,1.58725586,1.43547363
18.94000053,1.59225830,1.43224609
18.95000076,1.59728027,1.42900635
18.95999908,1.60232910,1.42574951
18.96999931,1.60740234,1.42247803
18.97999954,1.61249756,1.41919434
18.98999977,1.61761963,1.41589355
19.00000000,1.62276367,1.41258057
19.01000023,1.62793213,1.40925049
19.02000046,1.63312744,1.40590576
19.03000069,1.63834717,1.40254639
19.04000092,1.64359131,1.39917236
19.04999924,1.64885742,1.39578369
19.05999947,1.65415039,1.39238037
19.06999969,1.65946777,1.38895996
19.07999992,1.66481201,1.38552734
19.09000015,1.67018066,1.38208008
19.10000038,1.67557373,1.37861328
19.11000061,1.68099121,1.37513428
19.12000084,1.68643555,1.37164063
19.12999916,1.69190674,1.36812988
19.13999939,1.69740234,1.36460449
19.14999962,1.70292236,1.36106445
19.15999985,1.70846924,1.35750977
19.17000008,1.71404053,1.35393799
19.18000031,1.71963867,1.35035156
19.19000053,1.72526367,1.34674805
19.20000076,1.73091553,1.34312988
19.20999908,1.73659180,1.33949707
19.21999931,1.74229492,1.34699951
19.22999954,1.74802490,1.36452637
19.23999977,1.75378174,1.38193115
19.25000000,1.75956299,1.39921143
19.26000023,1.76537354,1.39825195
19.27000046,1.77121094,1.39457520
19.28000069,1.77707275,1.39088135
19.29000092,1.78296631,1.38717285
19.29999924,1.78888428,1.38344971
19.30999947,1.79482910,1.37970947
19.31999969,1.80080322,1.37595215
19.32999992,1.80680664,1.37218018
19.34000015,1.81283447,1.36839111
19.35000038,1.81889160,1.36458496
19.36000061,1.82497803,1.36076660
19.37000084,1.83109131,1.35692871
19.37999916,1.83723389,1.35307617
19.38999939,1.84340332,1.34920654
19.39999962,1.84960205,1.34531982
19.40999985,1.85583008,1.34141846
19.42000008,1.86208740,1.33749756
19.43000031,1.86837158,1.33356445
19.44000053,1.87468750,1.32961182
19.45000076,1.88103271,1.32564209
19.45999908,1.86362305,1.32165771
19.46999931,1.83813232,1.31765625
19.47999954,1.82185547,1.31363525
19.48999977,1.82825928,1.30960205
19.50000000,1.83469238,1.30554932
19.51000023,1.84115723,1.30147949
19.52000046,1.84765137,1.29739258
19.53000069,1.85417480,1.29328857
19.54000092,1.86072998,1.28916748
19.54999924,1.86731689,1.28502930
19.55999947,1.87393311,1.28087158
19.56999969,1.88057861,1.27669922
19.57999992,1.88725830,1.27250977
19.59000015,1.89396729,1.26830078
19.60000038,1.90070801,1.26407471
19.61000061,1.90748291,1.25983398
19.62000084,1.91428711,1.25557129
19.62999916,1.92112061,1.25129395
19.63999939,1.92799072,1.24699707
19.64999962,1.93489014,1.24268311
19.65999985,1.94182373,1.23834961
19.67000008,1.94878906,1.23400146
19.68000031,1.92612061,1.22963379
19.69000053,1.90230957,1.22524414
19.70000076,1.89011475,1.22084229
19.70999908,1.89714355,1.21641846
19.71999931,1.90420898,1.21197754
19.72999954,1.91130371,1.20751709
19.73999977,1.91843506,1.20303955
19.75000000,1.92560059,1.19854248
19.76000023,1.93279785,1.19402588
19.77000046,1.94003418,1.18949219
19.78000069,1.94729980,1.18493652
19.79000092,1.95460449,1.18036377
19.79999924,1.96193848,1.19024414
19.80999947,1.96931152,1.20462402
19.81999969,1.97671875,1.21891113
19.82999992,1.98416260,1.23310303
19.84000015,1.98351807,1.23795166
19.85000038,1.96078369,1.23333496
19.86000061,1.93818115,1.22869873
19.87000084,1.93333740,1.22404541
19.87999916,1.94088379,1.21937256
19.88999939,1.94847168,1.21467773
19.89999962,1.95609375,1.20996582
19.90999985,1.96375244,1.20523193
19.92000008,1.97145020,1.20048096
19.93000031,1.97918457,1.19570801
19.94000053,1.98695557,1.19091797
19.95000076,1.99476318,1.18610596
19.95999908,2.00260986,1.18127441
19.96999931,2.01049561,1.17642090
19.97999954,2.01842041,1.17155029
19.98999977,2.02638184,1.16665771
20.00000000,2.03438232,1.16174561
20.01000023,2.01757813,1.15681152
20.02000046,1.99596924,1.15185791
20.03000069,1.97643311,1.14688232
20.04000092,1.98451172,1.14188477
20.04999924,1.99262695,1.13687012
20.05999947,2.00078613,1.13738525
20.06999969,2.00898682,1.15052246
20.07999992,2.01722656,1.16357422
20.09000015,2.02551025,1.17654053
20.10000038,2.03383057,1.18942627
20.11000061,2.04219482,1.18917725
20.12000084,2.05060059,1.18409668
20.12999916,2.05904785,1.17899170
20.13999939,2.06753662,1.17386719
20.14999962,2.07606934,1.16872070
20.15999985,2.08464600,1.16355225
20.17000008,2.09326660,1.15836182
20.18000031,2.10192871,1.15314941
20.19000053,2.11063477,1.14791748
20.20000076,2.11938721,1.14266113
20.20999908,2.11852051,1.13738281
20.21999931,2.09798340,1.13208008
20.22999954,2.07756836,1.12675781
20.23999977,2.07083008,1.12141113
20.25000000,2.07971436,1.12037109
20.26000023,2.08864746,1.13260498
20.27000046,2.09762207,1.14476563
20.28000069,2.10253418,1.15684570
20.29000092,2.08248535,1.16885010
20.29999924,2.06255127,1.17341797
20.30999947,2.04932129,1.16800537
20.31999969,2.05843506,1.16256836
20.32999992,2.06759766,1.15710693
20.34000015,2.07680664,1.15162354
20.35000038,2.08606201,1.14611816
20.36000061,2.09536865,1.14058838
20.37000084,2.10472168,1.13950684
20.37999916,2.11412598,1.15112793
20.38999939,2.12357910,1.16267578
20.39999962,2.11263672,1.17414795
20.40999985,2.09329346,1.18554688
20.42000008,2.07406006,1.19266357
20.43000031,2.07602539,1.18706543
20.44000053,2.08562744,1.18144287
20.45000076,2.09528076,1.17579834
20.45999908,2.10498535,1.17012939
20.46999931,2.09916504,1.16443359
20.47999954,2.08027344,1.15871094
20.48999977,2.06148193,1.15296631
20.50000000,2.05771240,1.14719482
20.51000023,2.06757568,1.14139893
20.52000046,2.07749023,1.13557617
20.53000069,2.08745605,1.12972900
20.54000092,2.09748047,1.12385498
20.54999924,2.10755615,1.11795654
20.55999947,2.11769043,1.11360840
20.56999969,2.12787842,1.12443115
20.57999992,2.13018066,1.13518311
20.59000015,2.11185303,1.14586670
20.60000038,2.09361816,1.15648193
20.61000061,2.08133301,1.16702881
20.62000084,2.09168945,1.17750732
20.62999916,2.10210205,1.18791504
20.63999939,2.11257324,1.19825928
20.64999962,2.11866699,1.20853760
20.65999985,2.10075439,1.21874512
20.67000008,2.08293945,1.22223389
20.68000031,2.06634033,1.21622314
20.69000053,2.07698730,1.21018555
20.70000076,2.08769287,1.20412109
20.70999908,2.09845947,1.19802734
20.71999931,2.10929199,1.19190918
20.72999954,2.12018555,1.18576172
20.73999977,2.13114014,1.18568115
20.75000000,2.14215820,1.19555908
20.76000023,2.15062256,1.20537598
20.77000046,2.13324463,1.21512695
20.78000069,2.11595703,1.22481689
20.79000092,2.09876221,1.23444092
20.79999924,2.10794678,1.23219727
20.80999947,2.11922119,1.22595703
20.81999969,2.13056152,1.21968262
20.82999992,2.14102295,1.21337891
20.84000015,2.12404053,1.20704834
20.85000038,2.10714844,1.20068848
20.86000061,2.09034668,1.19429688
20.87000084,2.09703369,1.18787354
20.87999916,2.10864014,1.18142334
20.88999939,2.12031982,1.17494141
20.89999962,2.13207031,1.16842773
20.90999985,2.11585205,1.16188477
20.92000008,2.09934814,1.15530762
20.93000031,2.08293457,1.14870117
20.94000053,2.08750977,1.15652588
20.95000076,2.09946777,1.16564941
20.95999908,2.11150146,1.17471191
20.96999931,2.12360840,1.18371826
20.97999954,2.10867187,1.19266357
20.98999977,2.09254395,1.20141602
21.00000000,2.07650391,1.19473633
21.01000023,2.07944092,1.18802246
21.02000046,2.09177002,1.18127441
21.03000069,2.10417725,1.17449463
21.04000092,2.11666260,1.16768311
21.04999924,2.10248047,1.16083984
21.05999947,2.08672607,1.15746582
21.06999969,2.07105957,1.16611572
21.07999992,2.05547363,1.17470459
21.09000015,2.03997559,1.18323730
21.10000038,2.02455811,1.19171631
21.11000061,2.01629639,1.20013428
21.12000084,2.02908936,1.20711426
21.12999916,2.04196289,1.20015869
21.13999939,2.05492432,1.19316650
21.14999962,2.05135742,1.18614014
21.15999985,2.03621826,1.17907471
21.17000008,2.02115967,1.17197510
21.18000031,2.01137207,1.16483887
21.19000053,2.02458008,1.16370605
21.20000076,2.03787598,1.17184082
21.20999908,2.05125732,1.17992188
21.21999931,2.04821533,1.18794922
21.22999954,2.03342773,1.19592285
21.23999977,2.01872314,1.20384277
21.25000000,2.00812988,1.21170898
21.26000023,2.02177246,1.21951904
21.27000046,2.03550537,1.22728027
21.28000069,2.04933350,1.23498535
21.29000092,2.04606689,1.24264160
21.29999924,2.03163818,1.25024170
21.30999947,2.01728760,1.25779541
21.31999969,2.00301514,1.25872314
21.32999992,1.98882080,1.25139404
21.34000015,1.97470703,1.24402100
21.35000038,1.96067139,1.23660889
21.36000061,1.96382813,1.22915527
21.37000084,1.97810547,1.22165771
21.37999916,1.99247803,1.21412109
21.38999939,2.00294189,1.21875732
21.39999962,1.98909668,1.22605713
21.40999985,1.97533203,1.23330566
21.42000008,1.96164307,1.24050781
21.43000031,1.94803467,1.24765625
21.44000053,1.93449463,1.25476318
21.45000076,1.92103516,1.26181641
21.45999908,1.90765869,1.26882080
21.46999931,1.92204346,1.27577881
21.47999954,1.93699951,1.28269043
21.48999977,1.95205811,1.28955566
21.50000000,1.95038818,1.29637207
21.51000023,1.93719727,1.30314697
21.52000046,1.92408203,1.30986816
21.53000069,1.91104248,1.30285400
21.54000092,1.89807861,1.29505127
21.54999924,1.88519043,1.28720215
21.55999947,1.87237549,1.27930176
21.56999969,1.86723877,1.27135498
21.57999992,1.88279785,1.26335693
21.59000015,1.89846924,1.26184814
21.60000038,1.91425537,1.26839355
21.61000061,1.90286865,1.27489746
21.62000084,1.89031982,1.28135498
21.62999916,1.87784180,1.28776611
21.63999939,1.86543457,1.29413818
21.64999962,1.85310059,1.30046387
21.65999985,1.84084473,1.30674561
21.67000008,1.82865723,1.31298584
21.68000031,1.82977783,1.31918213
21.69000053,1.84609131,1.32533936
21.70000076,1.86253174,1.33145264
21.70999908,1.87233887,1.33752197
21.71999931,1.86033936,1.34354980
21.72999954,1.84841064,1.34953857
21.73999977,1.83655273,1.34656006
21.75000000,1.82476563,1.33820068
21.76000023,1.81304688,1.32978760
21.77000046,1.80140381,1.32131348
21.78000069,1.78982666,1.31278809
21.79000092,1.77832275,1.30419678
21.79999924,1.76688965,1.30011475
21.80999947,1.75552490,1.30594238
21.81999969,1.74422607,1.31173584
21.82999992,1.73299805,1.31748535
21.84000015,1.72184082,1.32319580
21.85000038,1.71074951,1.32886719
21.86000061,1.69972656,1.33449951
21.87000084,1.70925293,1.34009277
21.87999916,1.72682129,1.34564941
21.88999939,1.74453125,1.35116699
21.89999962,1.74492920,1.35664551
21.90999985,1.73408691,1.36208984
21.92000008,1.72331543,1.36749268
21.93000031,1.71260742,1.37285889
21.94000053,1.70197021,1.37819092
21.95000076,1.69139648,1.38348389
21.95999908,1.68089111,1.38077148
21.96999931,1.67045166,1.37167969
21.97999954,1.66007813,1.36252197
21.98999977,1.64976807,1.35329346
22.00000000,1.63952393,1.34398926
22.01000023,1.62934570,1.33461914
22.02000046,1.61923096,1.33269775
22.03000069,1.60917969,1.33785156
22.04000092,1.59919434,1.34296387
22.04999924,1.58927246,1.34804199
22.05999947,1.58896484,1.35308594
22.06999969,1.60791260,1.35809570
22.07999992,1.62701660,1.36306885
22.09000015,1.63605225,1.36801025
22.10000038,1.62630859,1.36822754
22.11000061,1.61662842,1.35846924
22.12000084,1.60701172,1.34863770
22.12999916,1.59745850,1.33872803
22.13999939,1.58796631,1.32873291
22.14999962,1.57853760,1.31864990
22.15999985,1.56916992,1.31674561
22.17000008,1.55986572,1.32154541
22.18000031,1.55062012,1.32631104
22.19000053,1.54143799,1.33104492
22.20000076,1.53231689,1.33574219
22.20999908,1.52325684,1.34041016
22.21999931,1.53298584,1.34504639
22.22999954,1.55334717,1.34964600
22.23999977,1.57388428,1.35421875
22.25000000,1.57132568,1.35875488
22.26000023,1.56243652,1.36326416
22.27000046,1.55360596,1.36773926
22.28000069,1.54483643,1.37218262
22.29000092,1.53612549,1.37659668
22.29999924,1.52747070,1.38097900
22.30999947,1.51887695,1.38533203
22.31999969,1.51033936,1.38965576
22.32999992,1.50186035,1.38444580
22.34000015,1.49343750,1.37353516
22.35000038,1.48507080,1.36253418
22.36000061,1.47676025,1.35142822
22.37000084,1.46850586,1.34022461
22.37999916,1.47966064,1.33282227
22.38999939,1.50156494,1.33705566
22.39999962,1.52366943,1.34125977
22.40999985,1.51785645,1.34543701
22.42000008,1.50976563,1.34958496
22.43000031,1.50173096,1.35370605
22.44000053,1.49375244,1.35779541
22.45000076,1.48582764,1.36185791
22.45999908,1.47795898,1.36589355
22.46999931,1.47014160,1.36990234
22.47999954,1.46238037,1.37388184
22.48999977,1.45466797,1.37783936
22.50000000,1.44701172,1.38176758
22.51000023,1.43940674,1.38566895
22.52000046,1.43185547,1.38954346
22.53000069,1.42435303,1.39339600
22.54000092,1.42805908,1.39721924
22.54999924,1.45164551,1.40101563
22.55999947,1.47545410,1.40479004
22.56999969,1.47497070,1.40853760
22.57999992,1.46762695,1.41225830
22.59000015,1.46033447,1.41595459
22.60000038,1.45309082,1.41963135
22.61000061,1.44590088,1.42327881
22.62000084,1.43875732,1.42690430
22.62999916,1.43166992,1.43050537
22.63999939,1.42462646,1.43408447
22.64999962,1.41763184,1.42654541
22.65999985,1.42710938,1.41368164
22.67000008,1.45222168,1.40068604
22.68000031,1.47597900,1.38755371
22.69000053,1.46908691,1.37428955
22.70000076,1.46224609,1.37621826
22.70999908,1.45545166,1.37972656
22.71999931,1.44870605,1.38321289
22.72999954,1.44200928,1.38667480
22.73999977,1.43536133,1.39011475
22.75000000,1.42875732,1.39353516
22.76000023,1.42219971,1.39693115
22.77000046,1.41569092,1.40030273
22.78000069,1.40922852,1.40365723
22.79000092,1.40281006,1.40698730
22.79999924,1.39643799,1.41029541
22.80999947,1.39011475,1.41358398
22.81999969,1.38383301,1.41685303
22.82999992,1.37759766,1.42010010
22.84000015,1.37140625,1.42332520
22.85000038,1.36525879,1.42653076
22.86000061,1.35916016,1.42971436
22.87000084,1.35310059,1.43287842
22.87999916,1.37991943,1.43602539
22.88999939,1.40792236,1.43915039
22.89999962,1.41233887,1.44225586
22.90999985,1.40637451,1.44534180
22.92000008,1.40045654,1.44840576
22.93000031,1.39458008,1.45145264
22.94000053,1.38874268,1.45448242
22.95000076,1.38295410,1.45749023
22.95999908,1.37720703,1.46048096
22.96999931,1.37149902,1.45627686
22.97999954,1.36583496,1.44070068
22.98999977,1.36020996,1.42494385
23.00000000,1.38598389,1.40900146
23.01000023,1.41588867,1.39882568
23.02000046,1.41984863,1.40177490
23.03000069,1.41431641,1.40470947
23.04000092,1.40882813,1.40762207
23.04999924,1.40338135,1.41052002
23.05999947,1.39797363,1.41339844
23.06999969,1.39260498,1.41625732
23.07999992,1.38727783,1.41910156
23.09000015,1.38198730,1.42192871
23.10000038,1.37673828,1.42473633
23.11000061,1.37153076,1.42752930
23.12000084,1.36635742,1.43030518
23.12999916,1.36122803,1.43305908
23.13999939,1.35613281,1.43580078
23.14999962,1.35107666,1.43852539
23.15999985,1.34605957,1.44123047
23.17000008,1.34108154,1.44392090
23.18000031,1.33613770,1.44659668
23.19000053,1.33123291,1.44925537
23.20000076,1.32636475,1.43449951
23.20999908,1.32153320,1.41613525
23.21999931,1.31673828,1.39753418
23.22999954,1.31197998,1.38481445
23.23999977,1.30725830,1.38745117
23.25000000,1.30257324,1.39007080
23.26000023,1.29791992,1.39267578
23.27000046,1.31006836,1.39526123
23.28000069,1.34435791,1.39783447
23.29000092,1.35874512,1.40039063
23.29999924,1.35418213,1.40292725
23.30999947,1.34965088,1.40545166
23.31999969,1.34515381,1.40796143
23.32999992,1.34069092,1.41045410
23.34000015,1.33626221,1.41293213
23.35000038,1.33187012,1.41539307
23.36000061,1.32750977,1.41783936
23.37000084,1.32318359,1.42027100
23.37999916,1.31888916,1.42268799
23.38999939,1.31462891,1.42509033
23.39999962,1.31040283,1.42747559
23.40999985,1.30620605,1.42984619
23.42000008,1.30204590,1.40900146
23.43000031,1.29791504,1.38729492
23.44000053,1.29381836,1.36530273
23.45000076,1.28975342,1.36542969
23.45999908,1.28571777,1.36777588
23.46999931,1.28171631,1.37010498
23.47999954,1.27774414,1.37242188
23.48999977,1.27380371,1.37472168
23.50000000,1.26989258,1.37700928
23.51000023,1.26601318,1.37927979
23.52000046,1.26216553,1.38153809
23.53000069,1.25834717,1.38377930
23.54000092,1.25455811,1.38600830
23.54999924,1.25419678,1.38822021
23.55999947,1.29424561,1.39041992
23.56999969,1.31659180,1.39260742
23.57999992,1.31288086,1.39478027
23.59000015,1.30919678,1.39693848
23.60000038,1.30554443,1.39907959
23.61000061,1.30191895,1.40121094
23.62000084,1.29832275,1.40332764
23.62999916,1.29475830,1.38213379
23.63999939,1.29122070,1.35652832
23.64999962,1.28770996,1.33669189
23.65999985,1.28423096,1.33879150
23.67000008,1.28077637,1.34087891
23.68000031,1.27735107,1.34295166
23.69000053,1.27395264,1.34500977
23.70000076,1.27058350,1.34705322
23.70999908,1.26724121,1.34908691
23.71999931,1.26392578,1.35110352
23.72999954,1.26063477,1.35310791
23.73999977,1.25737305,1.35510010
23.75000000,1.25413574,1.35707764
23.76000023,1.25092773,1.35904053
23.77000046,1.24774658,1.36099121
23.78000069,1.24458740,1.36292969
23.79000092,1.24145996,1.36485352
23.79999924,1.23835449,1.36676270
23.80999947,1.23527588,1.36866211
23.81999969,1.23222168,1.37054932
23.82999992,1.22919434,1.37242188
23.84000015,1.22619141,1.37427734
23.85000038,1.27217285,1.37612549
23.86000061,1.29243408,1.37796143
23.87000084,1.28947510,1.37978271
23.87999916,1.28654053,1.38159180
23.88999939,1.28363281,1.38338623
23.89999962,1.28074707,1.38517090
23.90999985,1.27788574,1.38694092
23.92000008,1.27505127,1.38869873
23.93000031,1.27223877,1.39044434
23.94000053,1.26945068,1.39217773
23.95000076,1.26668701,1.39390137
23.95999908,1.26394775,1.39560791
23.96999931,1.26123047,1.39730469
23.97999954,1.25853760,1.39899170
23.98999977,1.25586914,1.40066406
24.00000000,1.25322021,1.40232422
24.01000023,1.25059814,1.37814209
24.02000046,1.24799805,1.34324219
24.03000069,1.24541992,1.33553955
24.04000092,1.24286377,1.33717773
24.04999924,1.24033203,1.33880615
24.05999947,1.23782227,1.34041748
24.06999969,1.23533447,1.34201904
24.07999992,1.23286621,1.34361084
24.09000015,1.23042236,1.34518799
24.10000038,1.22799805,1.34675537
24.11000061,1.22559814,1.34831055
24.12000084,1.22321777,1.34985107
24.12999916,1.22086182,1.35138184
24.13999939,1.21852539,1.35290039
24.14999962,1.21621094,1.35440918
24.15999985,1.21391357,1.35590576
24.17000008,1.21164307,1.35738770
24.18000031,1.20938965,1.35885986
24.19000053,1.20715576,1.36032471
24.20000076,1.23312256,1.36177246
24.20999908,1.27403320,1.36321045
24.21999931,1.27184082,1.36463623
24.22999954,1.26966797,1.36605469
24.23999977,1.26751709,1.36745850
24.25000000,1.26538574,1.36885254
24.26000023,1.26327637,1.37023193
24.27000046,1.26118652,1.37160156
24.28000069,1.25911621,1.37296143
24.29000092,1.25706543,1.37430908
24.29999924,1.25503418,1.37564697
24.30999947,1.25302246,1.37697266
24.31999969,1.25103027,1.37828613
24.32999992,1.24905762,1.37959229
24.34000015,1.24710205,1.38088623
24.35000038,1.24517090,1.38216797
24.36000061,1.24325439,1.38343994
24.37000084,1.24135498,1.38470215
24.37999916,1.23947754,1.38594971
24.38999939,1.23761963,1.38718750
24.39999962,1.23577637,1.38841797
24.40999985,1.23395508,1.38963623
24.42000008,1.23215332,1.39084229
24.43000031,1.23036377,1.39204102
24.44000053,1.22859619,1.39322754
24.45000076,1.22684570,1.39440430
24.45999908,1.22511475,1.37150879
24.46999931,1.22339844,1.32590820
24.47999954,1.22170410,1.32706787
24.48999977,1.22002686,1.32821533
24.50000000,1.21836426,1.32935303
24.51000023,1.21671875,1.33048096
24.52000046,1.21509277,1.33159668
24.53000069,1.21348389,1.33270508
24.54000092,1.21188965,1.33380127
24.54999924,1.21031738,1.33488525
24.55999947,1.22105225,1.33595947
24.56999969,1.27788818,1.33702637
24.57999992,1.27635010,1.33808105
24.59000015,1.27482910,1.33912598
24.60000038,1.27332520,1.34015869
24.61000061,1.27183838,1.34118408
24.62000084,1.27036621,1.34219727
24.62999916,1.26891113,1.34320313
24.63999939,1.26747314,1.34419434
24.64999962,1.26604980,1.34518066
24.65999985,1.26464600,1.34615234
24.67000008,1.26325439,1.34711670
24.68000031,1.26187988,1.34807373
24.69000053,1.26052246,1.34901611
24.70000076,1.25917969,1.34995117
24.70999908,1.25785400,1.35087402
24.71999931,1.25654297,1.35178711
24.72999954,1.25524902,1.35269043
24.73999977,1.25396973,1.35358398
24.75000000,1.25270752,1.35446777
24.76000023,1.25145752,1.35534424
24.77000046,1.25022461,1.35621094
24.78000069,1.24900635,1.35706543
24.79000092,1.24780273,1.35791260
24.79999924,1.24661377,1.35874756
24.80999947,1.24544189,1.35957275
24.81999969,1.24427979,1.36039307
24.82999992,1.24313721,1.36119873
24.84000015,1.24200928,1.36199707
24.85000038,1.24089355,1.36278564
24.86000061,1.23979492,1.36356689
24.87000084,1.23870850,1.36433594
24.87999916,1.23763672,1.36509766
24.88999939,1.23657959,1.36584961
24.89999962,1.23553711,1.36658936
24.90999985,1.23450684,1.36732422
24.92000008,1.23349365,1.36804688
24.93000031,1.23249512,1.36875977
24.94000053,1.23150635,1.36946533
24.95000076,1.23053223,1.37016357
24.95999908,1.22957520,1.37084717
24.96999931,1.22862793,1.37152588
24.97999954,1.22769531,1.37219482
24.98999977,1.22677734,1.37285645
25.00000000,1.22587402,1.37350342
25.01000023,1.22498291,1.37414795
25.02000046,1.22410645,1.37477783
25.03000069,1.22323730,1.37540283
25.04000092,1.22238770,1.37601563
25.04999924,1.22155029,1.37662354
25.05999947,1.22072510,1.37721924
25.06999969,1.21991455,1.37780518
25.07999992,1.21911377,1.37838623
25.09000015,1.21832764,1.37895508
25.10000038,1.21755371,1.37951416
25.11000061,1.21679199,1.38006836
25.12000084,1.28622559,1.38061035
25.12999916,1.28548340,1.38114746
25.13999939,1.28475586,1.33944824
25.14999962,1.28403809,1.31202637
25.15999985,1.28333496,1.31254150
25.17000008,1.28264160,1.31304688
25.18000031,1.28196533,1.31354492
25.19000053,1.28129639,1.31403320
25.20000076,1.28064453,1.31451172
25.20999908,1.28000000,1.31498535
25.21999931,1.27937256,1.31544678
25.22999954,1.27875244,1.31590088
25.23999977,1.27814697,1.31634521
25.25000000,1.27755371,1.31678467
25.26000023,1.27697021,1.31721191
25.27000046,1.27640137,1.31763184
25.28000069,1.27584229,1.31804443
25.29000092,1.27529785,1.31844727
25.29999924,1.27476074,1.31884033
25.30999947,1.27423828,1.31922852
25.31999969,1.27372559,1.31960693
25.32999992,1.27322510,1.31997559
25.34000015,1.27273438,1.32033936
25.35000038,1.27225830,1.32069092
25.36000061,1.27178955,1.32103760
25.37000084,1.27133545,1.32137451
25.37999916,1.27089111,1.32170410
25.38999939,1.27045654,1.32202393
25.39999962,1.27003418,1.32233643
25.40999985,1.26962158,1.32264404
25.42000008,1.26922119,1.32293945
25.43000031,1.26883545,1.32322510
25.44000053,1.26845703,1.32350586
25.45000076,1.26808838,1.32377930
25.45999908,1.26773193,1.32404297
25.46999931,1.26738525,1.32429932
25.47999954,1.26704834,1.32454834
25.48999977,1.26672363,1.32479004
25.50000000,1.26640869,1.32502197
25.51000023,1.26610352,1.32524902
25.52000046,1.26581055,1.32546387
25.53000069,1.26552734,1.32567383
25.54000092,1.26525391,1.32587646
25.54999924,1.26498779,1.32607178
25.55999947,1.26473633,1.32625732
25.56999969,1.26449219,1.32643555
25.57999992,1.26426025,1.32660645
25.59000015,1.26403809,1.32677002
25.60000038,1.26382324,1.32692627
25.61000061,1.26362305,1.32707275
25.62000084,1.26342773,1.32721436
25.62999916,1.26324463,1.32734619
25.63999939,1.26307373,1.32747070
25.64999962,1.26291016,1.32758789
25.65999985,1.26275391,1.32770020
25.67000008,1.26260986,1.32780273
25.68000031,1.33248779,1.32789795
25.69000053,1.33236084,1.32798584
25.70000076,1.33224365,1.32806885
25.70999908,1.33213623,1.32813965
25.71999931,1.33203857,1.32820557
25.72999954,1.33195068,1.32826416
25.73999977,1.33187012,1.32831787
25.75000000,1.33180176,1.32835938
25.76000023,1.33174072,1.32839600
25.77000046,1.33168701,1.32842773
25.78000069,1.33164551,1.32844971
25.79000092,1.33161377,1.32846436
25.79999924,1.33158936,1.32847168
25.80999947,1.33157471,1.32847168
25.81999969,1.33156982,1.32846680
25.82999992,1.33157227,1.32844971
25.84000015,1.33158447,1.32843018
25.85000038,1.33160400,1.32840576
25.86000061,1.33163330,1.32836914
25.87000084,1.33167236,1.32832764
25.87999916,1.33171875,1.32827881
25.88999939,1.33177246,1.32822510
25.89999962,1.33183838,1.32816162
25.90999985,1.33190918,1.32809326
25.92000008,1.33198975,1.32801758
25.93000031,1.33208008,1.32793213
25.94000053,1.33217773,1.32784424
25.95000076,1.33228760,1.32774414
25.95999908,1.33239990,1.32764160
25.96999931,1.33252441,1.32753174
25.97999954,1.33265625,1.32741455
25.98999977,1.33279541,1.32729248
26.00000000,1.33294189,1.32716064
26.01000023,1.33309814,1.32702637
26.02000046,1.33326172,1.32688232
26.03000069,1.33343506,1.32673096
26.04000092,1.33361572,1.32657471
26.04999924,1.33380371,1.32641113
26.05999947,1.40400635,1.32624268
26.06999969,1.40421143,1.32606445
26.07999992,1.40442383,1.32588379
26.09000015,1.40464355,1.32569092
26.10000038,1.40487305,1.32549561
26.11000061,1.40510986,1.32529297
26.12000084,1.40535645,1.32508301
26.12999916,1.40560791,1.32486816
26.13999939,1.40586670,1.32464844
26.14999962,1.40613525,1.32441895
26.15999985,1.40640869,1.32418701
26.17000008,1.40668945,1.32394775
26.18000031,1.40698242,1.32369873
26.19000053,1.40727783,1.32344971
26.20000076,1.40758301,1.32318848
26.20999908,1.40789551,1.32292236
26.21999931,1.40821777,1.32265137
26.22999954,1.40854492,1.32237549
26.23999977,1.40888184,1.32208984
26.25000000,1.40922363,1.32180176
26.26000023,1.40957275,1.32150391
26.27000046,1.40992920,1.32120361
26.28000069,1.41029297,1.32089600
26.29000092,1.41066406,1.32058350
26.29999924,1.41104248,1.32026367
26.30999947,1.41142578,1.31993896
26.31999969,1.41181885,1.31960938
26.32999992,1.41221924,1.31927002
26.34000015,1.41262695,1.31892822
26.35000038,1.41303955,1.31857910
26.36000061,1.41345947,1.31822510
26.37000084,1.41388916,1.31786377
26.37999916,1.41432373,1.31749756
26.38999939,1.41476318,1.31712646
26.39999962,1.41521240,1.31674805
26.40999985,1.41566895,1.31636475
26.42000008,1.41613037,1.31597656
26.43000031,1.41659668,1.31558350
26.44000053,1.41707275,1.31518311
26.45000076,1.41755371,1.31478027
26.45999908,1.41804443,1.31436768
26.46999931,1.41854004,1.31395020
26.47999954,1.41903809,1.31353027
26.48999977,1.41954834,1.31310059
26.50000000,1.42006348,1.31266846
26.51000023,1.42058350,1.31223145
26.52000046,1.42111328,1.31178711
26.53000069,1.42164795,1.31134033
26.54000092,1.42218750,1.31088623
26.54999924,1.42273682,1.31042480
26.55999947,1.42328857,1.30996338
26.56999969,1.42385010,1.30949219
26.57999992,1.42441406,1.30901855
26.59000015,1.42498779,1.30853760
26.60000038,1.42556885,1.30805176
26.61000061,1.42615234,1.30756348
26.62000084,1.42674561,1.30706543
26.62999916,1.42734131,1.30656494
26.63999939,1.42794678,1.30606201
26.64999962,1.42855469,1.30555176
26.65999985,1.42917236,1.30503418
26.67000008,1.42979492,1.30451416
26.68000031,1.43042236,1.30398926
26.69000053,1.43105713,1.30345947
26.70000076,1.43169922,1.30292236
26.70999908,1.43234375,1.30238281
26.71999931,1.43299805,1.30183594
26.72999954,1.43365479,1.30128906
26.73999977,1.43431885,1.30073486
26.75000000,1.43499023,1.30017578
26.76000023,1.43566650,1.29961182
26.77000046,1.43635010,1.29904297
26.78000069,1.43703857,1.29846680
26.79000092,1.43773438,1.29788818
26.79999924,1.43843506,1.29730469
26.80999947,1.43914307,1.29671631
26.81999969,1.43985840,1.29612061
26.82999992,1.44057617,1.29552246
26.84000015,1.44130371,1.29491699
26.85000038,1.44203857,1.29430664
26.86000061,1.44277588,1.29369141
26.87000084,1.44352295,1.29307129
26.87999916,1.44427246,1.29244629
26.88999939,1.44503174,1.29181885
26.89999962,1.44579834,1.29118164
26.90999985,1.44656738,1.29054199
26.92000008,1.44734619,1.28989502
26.93000031,1.44812988,1.28924561
26.94000053,1.44892334,1.28858887
26.95000076,1.44972168,1.28792480
26.95999908,1.45052490,1.28725830
26.96999931,1.45133545,1.28658691
26.97999954,1.45215332,1.28591064
26.98999977,1.45297607,1.28522705
27.00000000,1.45381104,1.28453857
27.01000023,1.45464600,1.28384521
27.02000046,1.45549072,1.28314697
27.03000069,1.45634521,1.28244141
27.04000092,1.45720215,1.28173096
27.04999924,1.45806885,1.28101563
27.05999947,1.45894043,1.28029297
27.06999969,1.45982178,1.27956787
27.07999992,1.46070801,1.27883545
27.09000015,1.46159912,1.27809814
27.10000038,1.46250000,1.27735352
27.11000061,1.46340820,1.27660400
27.12000084,1.46432373,1.27584961
27.12999916,1.46524414,1.27509033
27.13999939,1.46617432,1.27432617
27.14999962,1.46711182,1.27355225
27.15999985,1.46805664,1.27277588
27.17000008,1.46900635,1.28280273
27.18000031,1.46996582,1.34148926
27.19000053,1.47093262,1.34070068
27.20000076,1.47190430,1.33990723
27.20999908,1.47288574,1.33910400
27.21999931,1.47387207,1.33829834
27.22999954,1.47486816,1.33748535
27.23999977,1.47587158,1.33666504
27.25000000,1.47688232,1.33583984
27.26000023,1.47790039,1.33500977
27.27000046,1.47892822,1.33417236
27.28000069,1.47996094,1.33333008
27.29000092,1.48100342,1.33248291
27.29999924,1.48205322,1.33162842
27.30999947,1.48311035,1.33076660
27.31999969,1.48417480,1.32990234
27.32999992,1.48524902,1.32903076
27.34000015,1.48633057,1.32815186
27.35000038,1.48741699,1.32726807
27.36000061,1.48851563,1.32637939
27.37000084,1.48961914,1.32548096
27.37999916,1.49073486,1.32457764
27.38999939,1.49185303,1.32367188
27.39999962,1.49298340,1.32275635
27.40999985,1.49412109,1.32183594
27.42000008,1.49526855,1.32090820
27.43000031,1.49642334,1.31997559
27.44000053,1.49758545,1.31903809
27.45000076,1.49875732,1.31809082
27.45999908,1.49993408,1.31714111
27.46999931,1.50112305,1.31618408
27.47999954,1.50232178,1.31521729
27.48999977,1.50352539,1.31424805
27.50000000,1.50474121,1.31326904
27.51000023,1.50596191,1.31228760
27.52000046,1.50719482,1.31129883
27.53000069,1.50843262,1.31030273
27.54000092,1.50968262,1.30929932
27.54999924,1.51093750,1.30829590
27.55999947,1.51220459,1.30727783
27.56999969,1.51347900,1.30625732
27.57999992,1.51476318,1.30523193
27.59000015,1.51605957,1.30419434
27.60000038,1.51736084,1.30315430
27.61000061,1.51867188,1.30210693
27.62000084,1.51999512,1.30105225
27.62999916,1.52132324,1.29999268
27.63999939,1.52266113,1.29892822
27.64999962,1.52401123,1.29785400
27.65999985,1.52536865,1.29677490
27.67000008,1.52673584,1.29568848
27.68000031,1.52811279,1.29459473
27.69000053,1.52949951,1.29349609
27.70000076,1.53089355,1.29239014
27.70999908,1.53229980,1.29127686
27.71999931,1.53371582,1.29015625
27.72999954,1.53514160,1.28902832
27.73999977,1.53657715,1.28789551
27.75000000,1.53802246,1.28675537
27.76000023,1.53947510,1.28561035
27.77000046,1.54093994,1.28445801
27.78000069,1.54241455,1.28329590
27.79000092,1.54389893,1.28212891
27.79999924,1.54539551,1.28095459
27.80999947,1.54689941,1.27977539
27.81999969,1.54841553,1.27858398
27.82999992,1.54994141,1.27739014
27.84000015,1.55147705,1.27618896
27.85000038,1.55302246,1.27497803
27.86000061,1.55458008,1.27376221
27.87000084,1.55614746,1.27253906
27.87999916,1.55772461,1.27131104
27.88999939,1.55931396,1.27007324
27.89999962,1.56090820,1.26883057
27.90999985,1.56251953,1.26757813
27.92000008,1.56414063,1.26631836
27.93000031,1.56577393,1.26505127
27.94000053,1.56741455,1.26377930
27.95000076,1.56906982,1.27377686
27.95999908,1.57073242,1.33200928
27.96999931,1.57240723,1.33072266
27.97999954,1.57409424,1.32943115
27.98999977,1.57579102,1.32813232
28.00000000,1.57750244,1.32682373
28.01000023,1.57921875,1.32551025
28.02000046,1.58094971,1.32418945
28.03000069,1.58269287,1.32286133
28.04000092,1.58445068,1.32152100
28.04999924,1.58621582,1.32017822
28.05999947,1.58799316,1.31882568
28.06999969,1.58978271,1.31746826
28.07999992,1.59158447,1.31610107
28.09000015,1.59339844,1.31472656
28.10000038,1.59522217,1.31334717
28.11000061,1.59705811,1.31195801
28.12000084,1.59890625,1.31056152
28.12999916,1.60076660,1.30915771
28.13999939,1.60263916,1.30774658
28.14999962,1.60452393,1.30632568
28.15999985,1.60642334,1.30489746
28.17000008,1.60833496,1.30346191
28.18000031,1.61025879,1.30201904
28.19000053,1.61219238,1.30056885
28.20000076,1.61414063,1.29911133
28.20999908,1.61609863,1.29764648
28.21999931,1.61807129,1.29617188
28.22999954,1.62005859,1.29468994
28.23999977,1.62205566,1.29320068
28.25000000,1.62406738,1.29170166
28.26000023,1.62609131,1.29019775
28.27000046,1.62812744,1.28868408
28.28000069,1.63018066,1.28716064
28.29000092,1.63224365,1.28563232
28.29999924,1.63432129,1.28409424
28.30999947,1.63641357,1.28254639
28.31999969,1.63851807,1.28099365
28.32999992,1.64063477,1.27943115
28.34000015,1.64276611,1.27786133
28.35000038,1.64491455,1.27628174
28.36000061,1.64707275,1.27469482
28.37000084,1.64924561,1.27310059
28.37999916,1.65143066,1.27149658
28.38999939,1.65363281,1.26988525
28.39999962,1.65584717,1.26826660
28.40999985,1.65807617,1.26663574
28.42000008,1.66032227,1.26499756
28.43000031,1.66258057,1.26335205
28.44000053,1.66485352,1.26169678
28.45000076,1.66714111,1.26003418
28.45999908,1.66944336,1.25836426
28.46999931,1.67176025,1.25668457
28.47999954,1.67409180,1.25499268
28.48999977,1.67644043,1.25329590
28.50000000,1.67880127,1.25158936
28.51000023,1.68117676,1.24987549
28.52000046,1.68356934,1.24815186
28.53000069,1.68597900,1.24641846
28.54000092,1.68840088,1.24468018
28.54999924,1.69083984,1.24292969
28.55999947,1.69329346,1.24116943
28.56999969,1.69576416,1.23940186
28.57999992,1.69825195,1.23762451
28.59000015,1.70075195,1.23583740
28.60000038,1.70327148,1.23404297
28.61000061,1.70580322,1.23223877
28.62000084,1.70835449,1.23042480
28.62999916,1.71092041,1.22860352
28.63999939,1.71350342,1.22677246
28.64999962,1.71610352,1.22493408
28.65999985,1.71872070,1.22308350
28.67000008,1.72135254,1.22122314
28.68000031,1.72400391,1.25272949
28.69000053,1.72666992,1.28928467
28.70000076,1.72935547,1.28741699
28.70999908,1.73205811,1.28553955
28.71999931,1.73477539,1.28365234
28.72999954,1.73751465,1.28175293
28.73999977,1.74026855,1.27984863
28.75000000,1.74303955,1.27793457
28.76000023,1.74583008,1.27601074
28.77000046,1.74863770,1.27407715
28.78000069,1.75146240,1.27213379
28.79000092,1.75430420,1.27018066
28.79999924,1.75716797,1.26822021
28.80999947,1.76004883,1.26624756
28.81999969,1.76294678,1.26426514
28.82999992,1.76586426,1.26227295
28.84000015,1.76880371,1.26027100
28.85000038,1.77175537,1.25826172
28.86000061,1.77473145,1.25624023
28.87000084,1.77772949,1.25420898
28.87999916,1.78074219,1.25216797
28.88999939,1.78377441,1.25011719
28.89999962,1.78682861,1.24805664
28.90999985,1.78990234,1.24598389
28.92000008,1.79299072,1.24390625
28.93000031,1.79610596,1.24181152
28.94000053,1.79923828,1.26825928
28.95000076,1.80239014,1.30007324
28.95999908,1.80556396,1.30788330
28.96999931,1.80875732,1.30577881
28.97999954,1.81197510,1.30366211
28.98999977,1.81350098,1.30153564
29.00000000,1.76743164,1.29939697
29.01000023,1.74921143,1.29725098
29.02000046,1.75248535,1.29509277
29.03000069,1.75577881,1.29292480
29.04000092,1.75909668,1.29074707
29.04999924,1.76243408,1.28855713
29.05999947,1.76579346,1.28635742
29.06999969,1.76917480,1.28414795
29.07999992,1.77258057,1.28192627
29.09000015,1.77600586,1.27969482
29.10000038,1.77945557,1.27745361
29.11000061,1.78292725,1.27520020
29.12000084,1.78642090,1.27293701
29.12999916,1.78993896,1.27066162
29.13999939,1.79347900,1.26837646
29.14999962,1.79704346,1.26608154
29.15999985,1.80062988,1.26377441
29.17000008,1.80424072,1.26145752
29.18000031,1.80787354,1.25912842
29.19000053,1.81153320,1.25678955
29.20000076,1.81521484,1.25443848
29.20999908,1.81892334,1.25207520
29.21999931,1.82265381,1.24970215
29.22999954,1.82641113,1.24731934
29.23999977,1.83019043,1.24492432
29.25000000,1.83400146,1.24251465
29.26000023,1.83783203,1.24009521
29.27000046,1.84169189,1.23766357
29.28000069,1.84557617,1.23522217
29.29000092,1.84948730,1.25961670
29.29999924,1.85342285,1.28530518
29.30999947,1.85738281,1.30128174
29.31999969,1.86137207,1.29883057
29.32999992,1.84097656,1.29636230
29.34000015,1.80116943,1.29388672
29.35000038,1.79989990,1.29139893
29.36000061,1.80396240,1.28889893
29.37000084,1.80805176,1.28638428
29.37999916,1.81216797,1.28386230
29.38999939,1.81631104,1.28132813
29.39999962,1.82048340,1.27877930
29.40999985,1.82468262,1.27622070
29.42000008,1.82891357,1.27364746
29.43000031,1.83317139,1.27106445
29.44000053,1.83745605,1.26846924
29.45000076,1.84177246,1.26586182
29.45999908,1.84611816,1.26324219
29.46999931,1.85049316,1.26060791
29.47999954,1.85489990,1.25796143
29.48999977,1.85933594,1.25530518
29.50000000,1.84441895,1.25263428
29.51000023,1.80738770,1.24995117
29.52000046,1.79853760,1.24725586
29.53000069,1.80305176,1.24454834
29.54000092,1.80760010,1.24182617
29.54999924,1.81217529,1.23909180
29.55999947,1.81678467,1.24569336
29.56999969,1.82142578,1.26745117
29.57999992,1.82610107,1.28896484
29.59000015,1.83080811,1.30262695
29.60000038,1.83554932,1.29987305
29.61000061,1.84031982,1.29710938
29.62000084,1.82041992,1.29432861
29.62999916,1.78534668,1.29153809
29.63999939,1.77999268,1.28873047
29.64999962,1.78484863,1.28591553
29.65999985,1.78974121,1.28308350
29.67000008,1.79466797,1.28023682
29.68000031,1.79962891,1.27737793
29.69000053,1.80462646,1.27450684
29.70000076,1.80965576,1.27162109
29.70999908,1.81472168,1.26872314
29.71999931,1.81982666,1.26581055
29.72999954,1.82496338,1.26288330
29.73999977,1.83014160,1.25994141
29.75000000,1.83535400,1.25698486
29.76000023,1.84060303,1.26346191
29.77000046,1.84589111,1.28252441
29.78000069,1.85121582,1.30137451
29.79000092,1.85657959,1.32001465
29.79999924,1.86198242,1.31770752
29.80999947,1.86742432,1.31472412
29.81999969,1.87290771,1.31172852
29.82999992,1.87082764,1.30871826
29.84000015,1.83849365,1.30569336
29.85000038,1.81358643,1.30265381
29.86000061,1.81916504,1.29959961
29.87000084,1.82479004,1.29653076
29.87999916,1.83044922,1.30146484
29.88999939,1.83615234,1.31891846
29.89999962,1.84189941,1.33617676
29.90999985,1.84768799,1.35324707
29.92000008,1.85351807,1.35742188
29.93000031,1.85939209,1.35432861
29.94000053,1.86531006,1.35122314
29.95000076,1.87127197,1.34810059
29.95999908,1.87727539,1.34496582
29.96999931,1.88332764,1.34181641
29.97999954,1.88942383,1.33864990
29.98999977,1.89556641,1.33547119
30.00000000,1.90175293,1.33227539
30.01000023,1.90798584,1.32906494
30.02000046,1.91426514,1.32584229
30.03000069,1.92059570,1.32260010
30.04000092,1.90824707,1.31934082
30.04999924,1.87847900,1.31606934
30.05999947,1.86242432,1.31278076
30.06999969,1.86886963,1.30947754
30.07999992,1.87536621,1.30615479
30.09000015,1.88190674,1.30647461
30.10000038,1.88850342,1.32160889
30.11000061,1.89514893,1.33656738
30.12000084,1.90184570,1.35135986
30.12999916,1.90859131,1.36598633
30.13999939,1.91539307,1.36396729
30.14999962,1.90906738,1.36061035
30.15999985,1.88062744,1.35724121
30.17000008,1.85778076,1.35385498
30.18000031,1.86470703,1.35045410
30.19000053,1.87168945,1.34703369
30.20000076,1.87872803,1.34359619
30.20999908,1.88581543,1.34014648
30.21999931,1.89296143,1.33776123
30.22999954,1.90016846,1.35145996
30.23999977,1.90742676,1.36500732
30.25000000,1.91474609,1.37839844
30.26000023,1.92211914,1.39164063
30.27000046,1.92955322,1.39830078
30.28000069,1.93704834,1.39481689
30.29000092,1.94460205,1.39131836
30.29999924,1.94964355,1.38780518
30.30999947,1.92277588,1.38427490
30.31999969,1.89613770,1.38072266
30.32999992,1.89560547,1.37715576
30.34000015,1.90336426,1.37356934
30.35000038,1.91118896,1.36996582
30.36000061,1.91907471,1.36634521
30.37000084,1.90951904,1.36270264
30.37999916,1.88361572,1.35904297
30.38999939,1.86266846,1.35536865
30.39999962,1.87070557,1.35167236
30.40999985,1.87881348,1.34795654
30.42000008,1.88698486,1.34422119
30.43000031,1.89521973,1.34046875
30.44000053,1.87179932,1.33669434
30.45000076,1.84681641,1.33912842
30.45999908,1.83910645,1.35075439
30.46999931,1.84750732,1.36224854
30.47999954,1.85597168,1.37361328
30.48999977,1.86450928,1.38484619
30.50000000,1.87311768,1.39533936
30.51000023,1.88179688,1.39154541
30.52000046,1.89054932,1.38773193
30.53000069,1.89937988,1.38389648
30.54000092,1.89829102,1.38004150
30.54999924,1.87427490,1.37616943
30.55999947,1.85045166,1.37227295
30.56999969,1.85284180,1.36835449
30.57999992,1.86192139,1.36441650
30.59000015,1.87107666,1.36045166
30.60000038,1.88030518,1.36992188
30.61000061,1.86413330,1.38021484
30.62000084,1.84098389,1.39039307
30.62999916,1.82507324,1.40045410
30.63999939,1.83448975,1.41040283
30.64999962,1.84398438,1.42023193
30.65999985,1.85356201,1.42995117
30.67000008,1.85484619,1.43955811
30.68000031,1.83234863,1.44905762
30.69000053,1.81004395,1.45844482
30.70000076,1.80828613,1.46772949
30.70999908,1.81813477,1.47690186
30.71999931,1.82807129,1.47634521
30.72999954,1.83809326,1.47236328
30.73999977,1.82462646,1.46835693
30.75000000,1.80296387,1.46433105
30.76000023,1.78332764,1.46027832
30.77000046,1.79354248,1.45620605
30.78000069,1.80385010,1.45210693
30.79000092,1.81424805,1.44798340
30.79999924,1.82473145,1.44383545
30.80999947,1.83531006,1.44304932
30.81999969,1.84598389,1.45158447
30.82999992,1.85675537,1.46002441
30.84000015,1.85349854,1.46836914
30.85000038,1.83274414,1.47662354
30.86000061,1.81217041,1.48478516
30.87000084,1.81355469,1.49285889
30.87999916,1.82462646,1.49710205
30.88999939,1.83580078,1.49289063
30.89999962,1.84707031,1.48865479
30.90999985,1.82751953,1.48439209
30.92000008,1.80756836,1.48009766
30.93000031,1.79314697,1.47577637
30.94000053,1.80463379,1.47142334
30.95000076,1.81622314,1.46704346
30.95999908,1.82791748,1.46263184
30.96999931,1.82346680,1.45819336
30.97999954,1.80413330,1.46325439
30.98999977,1.78496826,1.47071777
31.00000000,1.78601563,1.47810059
31.01000023,1.79803955,1.48540527
31.02000046,1.81017334,1.49262695
31.03000069,1.82241455,1.49977539
31.04000092,1.83476807,1.50684570
31.04999924,1.84722900,1.51384033
31.05999947,1.85980713,1.52075928
31.06999969,1.85584717,1.52760742
31.07999992,1.83739258,1.53437988
31.09000015,1.81909180,1.54108154
31.10000038,1.81936768,1.54771240
31.11000061,1.83230469,1.55427002
31.12000084,1.84535645,1.56076172
31.12999916,1.85442871,1.56717773
31.13999939,1.83656738,1.56317871
31.14999962,1.81885986,1.55857178
31.15999985,1.80545898,1.55392578
31.17000008,1.81887939,1.54924805
31.18000031,1.83242432,1.54453369
31.19000053,1.84609131,1.53977539
31.20000076,1.83710693,1.53497803
31.20999908,1.81998047,1.53014404
31.21999931,1.80300293,1.52527100
31.22999954,1.80697266,1.52436768
31.23999977,1.82102539,1.53041992
31.25000000,1.83520752,1.53641357
31.26000023,1.83905029,1.54234619
31.27000046,1.82248535,1.54821777
31.28000069,1.80607422,1.55403320
31.29000092,1.79661621,1.55978760
31.29999924,1.81119873,1.56548340
31.30999947,1.82591797,1.57112549
31.31999969,1.84077148,1.57670898
31.32999992,1.82642822,1.58223877
31.34000015,1.81056641,1.58770996
31.35000038,1.79484375,1.59312988
31.36000061,1.80295654,1.59849609
31.37000084,1.81822998,1.60380859
31.37999916,1.83364258,1.60906738
31.38999939,1.83181885,1.61427490
31.39999962,1.81650146,1.61943115
31.40999985,1.80132080,1.62436768
31.42000008,1.79632813,1.61915527
31.43000031,1.81217773,1.61389648
31.44000053,1.82817383,1.60858398
31.45000076,1.83870117,1.60321777
31.45999908,1.82391357,1.59780518
31.46999931,1.80926025,1.59233398
31.47999954,1.79473633,1.58681152
31.48999977,1.80777588,1.58123291
31.50000000,1.82437500,1.57560059
31.51000023,1.84113770,1.57780518
31.52000046,1.83282227,1.58265381
31.53000069,1.81868896,1.58745850
31.54000092,1.80468018,1.59221436
31.54999924,1.80506348,1.59692627
31.55999947,1.82229492,1.60159668
31.56999969,1.83968750,1.60622314
31.57999992,1.84326172,1.61080566
31.59000015,1.82963623,1.61534424
31.60000038,1.81613037,1.61984375
31.61000061,1.80404785,1.62429932
31.62000084,1.82192383,1.62871338
31.62999916,1.83997070,1.63308594
31.63999939,1.85524902,1.63741699
31.64999962,1.84212158,1.64170898
31.65999985,1.82911133,1.64595947
31.67000008,1.81622070,1.65017090
31.68000031,1.80344482,1.65434570
31.69000053,1.79078857,1.65848389
31.70000076,1.77824951,1.66258301
31.70999908,1.76927979,1.66414307
31.71999931,1.78815186,1.65784180
31.72999954,1.80720703,1.65147705
31.73999977,1.81890625,1.64503662
31.75000000,1.80671631,1.63852295
31.76000023,1.79463623,1.63193604
31.77000046,1.78267090,1.62527344
31.78000069,1.79161133,1.61853271
31.79000092,1.81136719,1.61171631
31.79999924,1.83131348,1.61322510
31.80999947,1.82412354,1.61715088
31.81999969,1.81249268,1.62104736
31.82999992,1.80096924,1.62491211
31.84000015,1.78954834,1.62874512
31.85000038,1.77823486,1.63254395
31.86000061,1.76702148,1.63631592
31.87000084,1.75590820,1.64005615
31.87999916,1.76169678,1.64376953
31.88999939,1.78251221,1.64745117
31.89999962,1.80352783,1.65110352
31.90999985,1.79880371,1.65472656
31.92000008,1.78800781,1.65832275
31.93000031,1.77730957,1.66189209
31.94000053,1.76862793,1.66543457
31.95000076,1.79018555,1.66895020
31.95999908,1.81195801,1.67243896
31.96999931,1.82076660,1.67590332
31.97999954,1.81037354,1.67934326
31.98999977,1.80007568,1.68275635
32.00000000,1.78987061,1.68614746
32.00999832,1.79944092,1.68924561
32.02000046,1.82199463,1.68139160
32.02999878,1.84409424,1.67344238
32.04000092,1.83408936,1.66539307
32.04999924,1.82417969,1.65725342
32.06000137,1.81435791,1.64900635
32.06999969,1.80462646,1.64065674
32.08000183,1.79498047,1.63219971
32.09000015,1.78542236,1.63226318
32.09999847,1.77594971,1.63558105
32.11000061,1.77496582,1.63887695
32.11999893,1.79866455,1.64215088
32.13000107,1.82259766,1.64540527
32.13999939,1.82152100,1.64863525
32.15000153,1.81231934,1.65184814
32.15999985,1.80320557,1.65503906
32.16999817,1.79416992,1.65821045
32.18000031,1.78521240,1.66136230
32.18999863,1.77634033,1.66449463
32.20000076,1.76754395,1.66760986
32.20999908,1.75882813,1.67070313
32.22000122,1.75018799,1.67377930
32.22999954,1.74162842,1.67683594
32.24000168,1.73313965,1.67987793
32.25000000,1.72473145,1.68289795
32.25999832,1.73846191,1.68590332
32.27000046,1.76394287,1.68889404
32.27999878,1.78070557,1.69186523
32.29000092,1.77246338,1.69482178
32.29999924,1.76429932,1.69776367
32.31000137,1.75620361,1.69020264
32.31999969,1.74818359,1.68011963
32.33000183,1.74022949,1.66989258
32.34000015,1.73234863,1.65953613
32.34999847,1.72453857,1.64903564
32.36000061,1.71679199,1.63840088
32.36999893,1.70911865,1.63821533
32.38000107,1.70150879,1.64114746
32.38999939,1.69396973,1.64406494
32.40000153,1.68649414,1.64696777
32.40999985,1.70008301,1.64985596
32.41999817,1.72737549,1.65272705
32.43000031,1.74351074,1.65558594
32.43999863,1.73619385,1.65842773
32.45000076,1.72893555,1.66125977
32.45999908,1.72174316,1.66407471
32.47000122,1.71461182,1.66687988
32.47999954,1.70754395,1.66967041
32.49000168,1.70053467,1.67244629
32.50000000,1.69358887,1.67520996
32.50999832,1.68670654,1.67796143
32.52000046,1.70066406,1.68070068
32.52999878,1.72947266,1.68342773
32.54000092,1.74437012,1.68614502
32.54999924,1.73763184,1.68884766
32.56000137,1.73094727,1.69153809
32.56999969,1.72432373,1.69421631
32.58000183,1.71775391,1.69688477
32.59000015,1.71124268,1.69954102
32.59999847,1.70479004,1.70218506
32.61000061,1.69838867,1.70482178
32.61999893,1.69204590,1.70744385
32.63000107,1.68575439,1.71005859
32.63999939,1.67951904,1.71266113
32.65000153,1.67333496,1.71525391
32.65999985,1.66720703,1.71783691
32.66999817,1.66113281,1.72041016
32.68000031,1.68539307,1.72297119
32.68999863,1.71639160,1.70940674
32.70000076,1.71982666,1.69538574
32.70999908,1.71387695,1.68116699
32.72000122,1.70797607,1.66674561
32.72999954,1.70212891,1.65923828
32.74000168,1.69632813,1.66181396
32.75000000,1.69057861,1.66437744
32.75999832,1.68487793,1.66693115
32.77000046,1.67922119,1.66947510
32.77999878,1.67361572,1.67200928
32.79000092,1.66805420,1.67453125
32.79999924,1.66253906,1.67704590
32.81000137,1.65707031,1.67955078
32.81999969,1.65164795,1.68204102
32.83000183,1.64626709,1.68452637
32.84000015,1.66438965,1.68699707
32.84999847,1.69765137,1.68946045
32.86000061,1.70590088,1.69191406
32.86999893,1.70063477,1.69435791
32.88000107,1.69540771,1.69679199
32.88999939,1.69022461,1.69921387
32.90000153,1.68508545,1.70162842
32.90999985,1.67998779,1.70403564
32.91999817,1.67493408,1.70643066
32.93000031,1.66991699,1.70157715
32.93999863,1.66494385,1.68426025
32.95000076,1.66000732,1.66670654
32.95999908,1.65511230,1.64891113
32.97000122,1.65025391,1.64341309
32.97999954,1.64543701,1.64580811
32.99000168,1.64065674,1.64819580
33.00000000,1.63591553,1.65056885
33.00999832,1.67068604,1.65293457
33.02000046,1.70113281,1.65529053
33.02999878,1.69645264,1.65763672
33.04000092,1.69180664,1.65997559
33.04999924,1.68720215,1.66230225
33.06000137,1.68262939,1.66462158
33.06999969,1.67809326,1.66693115
33.08000183,1.67359375,1.66923096
33.09000015,1.66913086,1.67152100
33.09999847,1.66470215,1.67380127
33.11000061,1.66030518,1.67607422
33.11999893,1.65594482,1.67833496
33.13000107,1.65161865,1.68059082
33.13999939,1.64732422,1.68283447
33.15000153,1.64306396,1.68507080
33.15999985,1.63883789,1.67533203
33.16999817,1.63464355,1.65426270
33.18000031,1.63047852,1.63291016
33.18999863,1.62635010,1.62013916
33.20000076,1.62224854,1.62237061
33.20999908,1.61818115,1.62459473
33.22000122,1.61414551,1.62681152
33.22999954,1.64341064,1.62901855
33.24000168,1.67973877,1.63121338
33.25000000,1.67575195,1.63340332
33.25999832,1.67179688,1.63558105
33.27000046,1.66787109,1.63774902
33.27999878,1.66397461,1.63990967
33.29000092,1.66010742,1.64206299
33.29999924,1.65626953,1.64420410
33.31000137,1.65246094,1.64634033
33.31999969,1.64867920,1.64846436
33.33000183,1.64492676,1.65058105
33.34000015,1.64120361,1.65268799
33.34999847,1.63750732,1.65478760
33.36000061,1.63383545,1.65687744
33.36999893,1.63019531,1.65731689
33.38000107,1.62657715,1.63238281
33.38999939,1.62299072,1.60714844
33.40000153,1.61942627,1.59216309
33.40999985,1.61589111,1.59424316
33.41999817,1.61238037,1.59631592
33.43000031,1.60889648,1.59837891
33.43999863,1.60543701,1.60043457
33.45000076,1.60200195,1.60248047
33.45999908,1.59859375,1.60451904
33.47000122,1.59520752,1.60654785
33.47999954,1.59184814,1.60856689
33.49000168,1.58851074,1.61057861
33.50000000,1.58520020,1.61258301
33.50999832,1.58191162,1.61457520
33.52000046,1.57864746,1.61656250
33.52999878,1.57540527,1.61854004
33.54000092,1.57218750,1.62051270
33.54999924,1.56899170,1.62247314
33.56000137,1.56581787,1.62442627
33.56999969,1.56266846,1.62637207
33.58000183,1.55954102,1.60576416
33.59000015,1.55643555,1.57636475
33.59999847,1.55335205,1.55976074
33.61000061,1.55028809,1.56169922
33.61999893,1.56238281,1.56363037
33.63000107,1.60917725,1.56555176
33.63999939,1.61352539,1.56746582
33.65000153,1.61052246,1.56937256
33.65999985,1.60754150,1.57126953
33.66999817,1.60458008,1.57315918
33.68000031,1.60164063,1.57504150
33.68999863,1.59872070,1.57691406
33.70000076,1.59582031,1.57878174
33.70999908,1.59294189,1.58063965
33.72000122,1.59008057,1.58248779
33.72999954,1.58724365,1.58433105
33.74000168,1.58442139,1.58616455
33.75000000,1.58162109,1.58799072
33.75999832,1.57883789,1.58980957
33.77000046,1.57607422,1.59162109
33.77999878,1.57333252,1.59342529
33.79000092,1.57060547,1.59522217
33.79999924,1.56789795,1.59700928
33.81000137,1.56520996,1.59879150
33.81999969,1.56254150,1.60056152
33.83000183,1.55988770,1.60232666
33.84000015,1.55725342,1.60408691
33.84999847,1.55463867,1.60583740
33.86000061,1.55203857,1.57587158
33.86999893,1.54945801,1.53996338
33.88000107,1.54689209,1.53927246
33.88999939,1.54434570,1.54101074
33.90000153,1.54181396,1.54274414
33.90999985,1.53930176,1.54446777
33.91999817,1.53680664,1.54618652
33.93000031,1.53432373,1.54789795
33.93999863,1.53186035,1.54959961
33.95000076,1.52941162,1.55129639
33.95999908,1.52698242,1.55298340
33.97000122,1.52456543,1.55466553
33.97999954,1.52216553,1.55634033
33.99000168,1.51978027,1.55800781
34.00000000,1.51740967,1.55966797
34.00999832,1.51505615,1.56132080
34.02000046,1.51271729,1.56296875
34.02999878,1.51039551,1.56460693
34.04000092,1.50808594,1.54922852
34.04999924,1.50579346,1.50861816
34.06000137,1.50351318,1.49801758
34.06999969,1.50125000,1.49964355
34.08000183,1.49899902,1.50126465
34.09000015,1.49676514,1.50287598
34.09999847,1.53800781,1.50448242
34.11000061,1.56372803,1.50608154
34.11999893,1.56152344,1.50767334
34.13000107,1.55932861,1.50926025
34.13999939,1.55715088,1.51083740
34.15000153,1.55498291,1.51240967
34.15999985,1.55283203,1.51397461
34.16999817,1.55069580,1.51553467
34.18000031,1.54856934,1.51708496
34.18999863,1.54645996,1.51863281
34.20000076,1.54436035,1.52017090
34.20999908,1.54227539,1.52170410
34.22000122,1.54020264,1.52322998
34.22999954,1.53814453,1.52475098
34.24000168,1.53609619,1.52626465
34.25000000,1.53406250,1.52777100
34.25999832,1.53204346,1.52927246
34.27000046,1.53003418,1.53076660
34.27999878,1.52803955,1.53225586
34.29000092,1.52605469,1.53373779
34.29999924,1.52408203,1.50751953
34.31000137,1.52212158,1.46554688
34.31999969,1.52017578,1.46702393
34.33000183,1.51823730,1.46849121
34.34000015,1.51631348,1.46995361
34.34999847,1.51440186,1.47141113
34.36000061,1.51250000,1.47286133
34.36999893,1.51061035,1.47430664
34.38000107,1.50873291,1.47574463
34.38999939,1.50686523,1.47717773
34.40000153,1.50500732,1.47860596
34.40999985,1.50316406,1.48002686
34.41999817,1.50132813,1.48144287
34.43000031,1.49950684,1.48285156
34.43999863,1.49769287,1.48425537
34.45000076,1.49589111,1.48565186
34.45999908,1.49410156,1.48704590
34.47000122,1.49231934,1.48843262
34.47999954,1.49054932,1.48981201
34.49000168,1.48878906,1.49118896
34.50000000,1.48704102,1.49255859
34.50999832,1.48530029,1.49392090
34.52000046,1.48357178,1.49528076
34.52999878,1.48207031,1.49663574
34.54000092,1.55093994,1.49798340
34.54999924,1.54934082,1.46587402
34.56000137,1.54764160,1.42977295
34.56999969,1.54595215,1.43111572
34.58000183,1.54427246,1.43245117
34.59000015,1.54260254,1.43377930
34.59999847,1.54094238,1.43510498
34.61000061,1.53929199,1.43642334
34.61999893,1.53764893,1.43773926
34.63000107,1.53601563,1.43904785
34.63999939,1.53439453,1.44035156
34.65000153,1.53277832,1.44165039
34.65999985,1.53117432,1.44294434
34.66999817,1.52957764,1.44423340
34.68000031,1.52799072,1.44551758
34.68999863,1.52641113,1.44679688
34.70000076,1.52484131,1.44807129
34.70999908,1.52327881,1.44934082
34.72000122,1.52172607,1.45060547
34.72999954,1.52018066,1.45186523
34.74000168,1.51864502,1.45312012
34.75000000,1.51711670,1.45437012
34.75999832,1.51559570,1.45561523
34.77000046,1.51408447,1.45685791
34.77999878,1.51258057,1.45809326
34.79000092,1.51108398,1.45932617
34.79999924,1.50959717,1.46055176
34.81000137,1.50811523,1.46177734
34.81999969,1.50664307,1.46299561
34.83000183,1.50517822,1.46420898
34.84000015,1.50372070,1.46541992
34.84999847,1.50227295,1.46662354
34.86000061,1.50083008,1.46782471
34.86999893,1.49939453,1.41892334
34.88000107,1.49796631,1.39954346
34.88999939,1.49654541,1.40073730
34.90000153,1.49513184,1.40192871
34.90999985,1.49372559,1.40311279
34.91999817,1.49232666,1.40429443
34.93000031,1.49093506,1.40547119
34.93999863,1.48954834,1.40664551
34.95000076,1.48817139,1.40781494
34.95999908,1.48679932,1.40897949
34.97000122,1.48543213,1.41013916
34.97999954,1.48407471,1.41129639
34.99000168,1.54396729,1.41245117
35.00000000,1.55198486,1.41359863
35.00999832,1.55063965,1.41474609
35.02000046,1.54930176,1.41588623
35.02999878,1.54797119,1.41702393
35.04000092,1.54664551,1.41815918
35.04999924,1.54532715,1.41928955
35.06000137,1.54401367,1.42041504
35.06999969,1.54270508,1.42153809
35.08000183,1.54140381,1.42265869
35.09000015,1.54010986,1.42377441
35.09999847,1.53882080,1.42488525
35.11000061,1.53753662,1.42599365
35.11999893,1.53625977,1.42709961
35.13000107,1.53498779,1.42820068
35.13999939,1.53372070,1.42929932
35.15000153,1.53245850,1.43039551
35.15999985,1.53120361,1.43148682
35.16999817,1.52995361,1.43257324
35.18000031,1.52870850,1.37114990
35.18999863,1.52747070,1.36421387
35.20000076,1.52623535,1.36529541
35.20999908,1.52500488,1.36637451
35.22000122,1.52378174,1.36745117
35.22999954,1.52256104,1.36852295
35.24000168,1.52134766,1.36959473
35.25000000,1.52013916,1.37066162
35.25999832,1.51893311,1.37172607
35.27000046,1.51773438,1.37278564
35.27999878,1.51654053,1.37384277
35.29000092,1.51534912,1.37489990
35.29999924,1.51416260,1.37595215
35.31000137,1.51298096,1.37700195
35.31999969,1.51180420,1.37804932
35.33000183,1.51063232,1.37909180
35.34000015,1.50946533,1.38013428
35.34999847,1.50830078,1.38117188
35.36000061,1.50714111,1.38220947
35.36999893,1.50598633,1.38324219
35.38000107,1.50483643,1.38427246
35.38999939,1.57415283,1.38530029
35.40000153,1.57300537,1.38632813
35.40999985,1.57186279,1.31689209
35.41999817,1.57072510,1.31791748
35.43000031,1.56959229,1.31893799
35.43999863,1.56846191,1.31995850
35.45000076,1.56733643,1.32097412
35.45999908,1.56621338,1.32198975
35.47000122,1.56509277,1.32300049
35.47999954,1.56397705,1.32401123
35.49000168,1.56286621,1.32501953
35.50000000,1.56175781,1.32602539
35.50999832,1.56065186,1.32702881
35.52000046,1.55955078,1.32803223
35.52999878,1.55845215,1.32903076
35.54000092,1.55735840,1.33002930
35.54999924,1.55626465,1.33102539
35.56000137,1.55517578,1.33201904
35.56999969,1.55409180,1.33301025
35.58000183,1.55300781,1.33400146
35.59000015,1.55192871,1.33499023
35.59999847,1.55085205,1.33597656
35.61000061,1.54977783,1.33696289
35.61999893,1.54870605,1.33794678
35.63000107,1.54763916,1.33892822
35.63999939,1.54657471,1.33990723
35.65000153,1.54551025,1.34088623
35.65999985,1.54445068,1.34186523
35.66999817,1.54339355,1.34283936
35.68000031,1.54233643,1.34381592
35.68999863,1.54128418,1.34478760
35.70000076,1.54023438,1.34253906
35.70999908,1.53918701,1.27634277
35.72000122,1.53813965,1.27731445
35.72999954,1.60748047,1.27828369
35.74000168,1.60643799,1.27925293
35.75000000,1.60539795,1.28022217
35.75999832,1.60435791,1.28118896
35.77000046,1.60332031,1.28215332
35.77999878,1.60228516,1.28311768
35.79000092,1.60125244,1.28408203
35.79999924,1.60022217,1.28504395
35.81000137,1.59919189,1.28600586
35.81999969,1.59816650,1.28696777
35.83000183,1.59714111,1.28792725
35.84000015,1.59611816,1.28888428
35.84999847,1.59509766,1.28984131
35.86000061,1.59407715,1.29079834
35.86999893,1.59306152,1.29175293
35.88000107,1.59204590,1.29270752
35.88999939,1.59103271,1.29366211
35.90000153,1.59001953,1.29461426
35.90999985,1.58901123,1.29556396
35.91999817,1.58800293,1.29651367
35.93000031,1.58699707,1.22711182
35.93999863,1.58599365,1.22805908
35.95000076,1.58499023,1.22900879
35.95999908,1.58398926,1.22995605
35.97000122,1.58299072,1.23090332
35.97999954,1.58199463,1.23184814
35.99000168,1.58099854,1.23279297
36.00000000,1.59440430,1.23373779
36.00999832,1.64935547,1.23468018
36.02000046,1.64836182,1.23562256
36.02999878,1.64737305,1.23656250
36.04000092,1.64638428,1.23750244
36.04999924,1.64539795,1.23843994
36.06000137,1.64441406,1.23937744
36.06999969,1.64343018,1.24031494
36.08000183,1.64244873,1.24125000
36.09000015,1.64146973,1.24218506
36.09999847,1.64049072,1.24311768
36.11000061,1.63951416,1.24405273
36.11999893,1.63854004,1.24498291
36.13000107,1.63756592,1.24591553
36.13999939,1.63659424,1.24684570
36.15000153,1.63562256,1.17744873
36.15999985,1.63465332,1.17837646
36.16999817,1.63368652,1.17930420
36.18000031,1.63271973,1.18023438
36.18999863,1.63175537,1.18115967
36.20000076,1.63079346,1.18208496
36.20999908,1.62983154,1.18301025
36.22000122,1.62887207,1.18393555
36.22999954,1.62791260,1.18485840
36.24000168,1.62695557,1.18578125
36.25000000,1.62599854,1.18670166
36.25999832,1.62504639,1.18762207
36.27000046,1.62409180,1.18854248
36.27999878,1.62313965,1.18946045
36.29000092,1.62218994,1.19037842
36.29999924,1.62124023,1.19129639
36.31000137,1.62029297,1.19221191
36.31999969,1.61934570,1.19312744
36.33000183,1.61840088,1.19404297
36.34000015,1.61745850,1.19495605
36.34999847,1.61651611,1.19586914
36.36000061,1.61557373,1.19678223
36.36999893,1.61463379,1.19769287
36.38000107,1.61369629,1.19860352
36.38999939,1.61275879,1.19951416
36.40000153,1.61182129,1.20042480
36.40999985,1.61088623,1.20133301
36.41999817,1.60995361,1.20223877
36.43000031,1.60902100,1.20314697
36.43999863,1.60808838,1.20405273
36.45000076,1.60715820,1.20495850
36.45999908,1.60622803,1.20586182
36.47000122,1.60530029,1.20676758
36.47999954,1.60437256,1.20767090
36.49000168,1.67374756,1.20857422
36.50000000,1.67282227,1.20947510
36.50999832,1.67189697,1.21037598
36.52000046,1.67097412,1.21127686
36.52999878,1.67005371,1.21217529
36.54000092,1.66913086,1.21307617
36.54999924,1.66821045,1.21397461
36.56000137,1.66729248,1.21487305
36.56999969,1.66637451,1.21576904
36.58000183,1.66545654,1.21666504
36.59000015,1.66454102,1.21756104
36.59999847,1.66362549,1.21845703
36.61000061,1.66271240,1.21935059
36.61999893,1.66179932,1.22024414
36.63000107,1.66088623,1.22113770
36.63999939,1.65997559,1.22203125
36.65000153,1.65906494,1.15664551
36.65999985,1.65815430,1.15352295
36.66999817,1.65724609,1.15441406
36.68000031,1.65633789,1.15530518
36.68999863,1.65543213,1.15619629
36.70000076,1.65452393,1.15708496
36.70999908,1.65362061,1.15797607
36.72000122,1.65271484,1.15886475
36.72999954,1.65181152,1.15975098
36.74000168,1.65090820,1.16063965
36.75000000,1.65000732,1.16152588
36.75999832,1.64910400,1.16241211
36.77000046,1.64820313,1.16329834
36.77999878,1.64730469,1.16418457
36.79000092,1.64640625,1.16506836
36.79999924,1.64550781,1.16595459
36.81000137,1.64460938,1.16683838
36.81999969,1.64371338,1.16772217
36.83000183,1.64281738,1.16860596
36.84000015,1.64192139,1.16948730
36.84999847,1.64102539,1.17036865
36.86000061,1.64013184,1.17125244
36.86999893,1.63923828,1.10184814
36.88000107,1.63834473,1.10272949
36.88999939,1.63745361,1.10361084
36.90000153,1.63656250,1.10449219
36.90999985,1.63567139,1.10537109
36.91999817,1.63478027,1.10625244
36.93000031,1.63389160,1.10713135
36.93999863,1.63300049,1.10801025
36.95000076,1.63211182,1.10888916
36.95999908,1.63122559,1.10976807
36.97000122,1.63033691,1.11064697
36.97999954,1.69973145,1.11152344
36.99000168,1.69884521,1.11240234
37.00000000,1.69795898,1.11327881
37.00999832,1.69707275,1.11415527
37.02000046,1.69618896,1.11503174
37.02999878,1.69530273,1.11590820
37.04000092,1.69441895,1.11678467
37.04999924,1.69353760,1.11766113
37.06000137,1.69265381,1.11853760
37.06999969,1.69177002,1.11941162
37.08000183,1.69088867,1.12028809
37.09000015,1.69000732,1.12116211
37.09999847,1.68912598,1.12203613
37.11000061,1.68824463,1.12291260
37.11999893,1.68736572,1.12378662
37.13000107,1.68648438,1.12466064
37.13999939,1.68560547,1.12553467
37.15000153,1.68472656,1.12640869
37.15999985,1.68384766,1.12728271
37.16999817,1.68296875,1.12815674
37.18000031,1.68208984,1.12903076
37.18999863,1.68121338,1.12990479
37.20000076,1.68033447,1.13077881
37.20999908,1.67945801,1.13165283
37.22000122,1.67858154,1.13252441
37.22999954,1.67770508,1.13339844
37.24000168,1.67682861,1.13427246
37.25000000,1.67595215,1.13514404
37.25999832,1.67507568,1.13601807
37.27000046,1.67420166,1.13689209
37.27999878,1.67332764,1.13776611
37.29000092,1.67245117,1.13863770
37.29999924,1.67157715,1.13951172
37.31000137,1.67070313,1.14038574
37.31999969,1.66982910,1.14125977
37.33000183,1.66895508,1.14213135
37.34000015,1.66808105,1.14300537
37.34999847,1.66720703,1.14387939
37.36000061,1.66633301,1.14475342
37.36999893,1.66546143,1.14562744
37.38000107,1.66458740,1.14650146
37.38999939,1.66371338,1.14737549
37.40000153,1.66284180,1.14824951
37.40999985,1.66196777,1.14912354
37.41999817,1.66109619,1.14999756
37.43000031,1.66022461,1.15087158
37.43999863,1.65935059,1.15174561
37.45000076,1.65847900,1.15262207
37.45999908,1.65760742,1.15349609
37.47000122,1.65673340,1.15437256
37.47999954,1.65586182,1.15524658
37.49000168,1.65499023,1.15612305
37.50000000,1.65411865,1.15699951
37.50999832,1.65324707,1.15787598
37.52000046,1.65237305,1.15875244
37.52999878,1.65150146,1.15962891
37.54000092,1.69959717,1.16050537
37.54999924,1.72003662,1.16138428
37.56000137,1.71916260,1.16226074
37.56999969,1.71829102,1.16313965
37.58000183,1.71741943,1.16401855
37.59000015,1.71654785,1.16489746
37.59999847,1.71567383,1.16577637
37.61000061,1.71480225,1.16665527
37.61999893,1.71393066,1.16753418
37.63000107,1.71305664,1.16841553
37.63999939,1.71218506,1.16929443
37.65000153,1.71131104,1.17017578
37.65999985,1.71043701,1.17105713
37.66999817,1.70956543,1.17193848
37.68000031,1.70869141,1.17282227
37.68999863,1.70781738,1.17370361
37.70000076,1.70694336,1.17458740
37.70999908,1.70607178,1.17547119
37.72000122,1.70519531,1.17635498
37.72999954,1.70432129,1.17723877
37.74000168,1.70344727,1.17812500
37.75000000,1.70257324,1.17901123
37.75999832,1.70169678,1.17989746
37.77000046,1.70082275,1.18078369
37.77999878,1.69994629,1.18166992
37.79000092,1.69907227,1.18255859
37.79999924,1.69819580,1.18344727
37.81000137,1.69731934,1.18433594
37.81999969,1.69644287,1.18522461
37.83000183,1.69556396,1.18611572
37.84000015,1.69468750,1.18700684
37.84999847,1.69380859,1.25818359
37.86000061,1.69292969,1.25907715
37.86999893,1.69205322,1.25996826
37.88000107,1.69117432,1.26086426
37.88999939,1.69029297,1.26175781
37.90000153,1.75970215,1.26265381
37.90999985,1.75882080,1.26354980
37.91999817,1.75794189,1.26444580
37.93000031,1.75706055,1.26534424
37.93999863,1.75617920,1.26624023
37.95000076,1.75529785,1.26714111
37.95999908,1.75441650,1.26803955
37.97000122,1.75353516,1.26894043
37.97999954,1.75265137,1.21710205
37.99000168,1.75176758,1.20045410
38.00000000,1.75088379,1.20135498
38.00999832,1.75000000,1.20225830
38.02000046,1.74911621,1.20316162
38.02999878,1.74822998,1.20406738
38.04000092,1.74734375,1.20497314
38.04999924,1.74645752,1.20587891
38.06000137,1.74557129,1.20678711
38.06999969,1.74468262,1.20769531
38.08000183,1.74379395,1.20860596
38.09000015,1.74290527,1.20951416
38.09999847,1.74201660,1.21042480
38.11000061,1.74112549,1.21133789
38.11999893,1.74023682,1.21225098
38.13000107,1.73934570,1.21316406
38.13999939,1.73845215,1.21407959
38.15000153,1.73756104,1.21499512
38.15999985,1.73666748,1.21591309
38.16999817,1.73577393,1.21683105
38.18000031,1.73487793,1.21774902
38.18999863,1.73398438,1.21866943
38.20000076,1.73308594,1.21958984
38.20999908,1.73218994,1.22051270
38.22000122,1.73129395,1.22143555
38.22999954,1.73039551,1.22235840
38.24000168,1.72949463,1.22328369
38.25000000,1.72859619,1.22421143
38.25999832,1.72769531,1.22513916
38.27000046,1.72679443,1.22606689
38.27999878,1.72589111,1.22699707
38.29000092,1.72498779,1.22792725
38.29999924,1.72408447,1.22885986
38.31000137,1.72318115,1.22979248
38.31999969,1.72227539,1.23072754
38.33000183,1.72136963,1.19326416
38.34000015,1.72046143,1.16229004
38.34999847,1.71955322,1.16322510
38.36000061,1.71864502,1.16416504
38.36999893,1.71773438,1.16510498
38.38000107,1.71682373,1.16604492
38.38999939,1.71591064,1.16698730
38.40000153,1.77258057,1.16793213
38.40999985,1.78440186,1.16887695
38.41999817,1.78348877,1.16982178
38.43000031,1.78257324,1.17077148
38.43999863,1.78165771,1.17171875
38.45000076,1.78073975,1.17267090
38.45999908,1.77982178,1.17362061
38.47000122,1.77890381,1.17457520
38.47999954,1.77798340,1.17552979
38.49000168,1.77706299,1.17648438
38.50000000,1.77614014,1.17744141
38.50999832,1.77521973,1.17840088
38.52000046,1.77429443,1.17936035
38.52999878,1.77336914,1.18031982
38.54000092,1.77244385,1.18128418
38.54999924,1.77151611,1.18224854
38.56000137,1.77058838,1.18321289
38.56999969,1.76965820,1.18418213
38.58000183,1.76872803,1.18514893
38.59000015,1.76779785,1.18612061
38.59999847,1.76686523,1.18709229
38.61000061,1.76593018,1.18806396
38.61999893,1.76499512,1.18904053
38.63000107,1.76405762,1.19001709
38.63999939,1.76312012,1.19099365
38.65000153,1.76218262,1.19197266
38.65999985,1.76124268,1.19295410
38.66999817,1.76030273,1.19393799
38.68000031,1.75935791,1.19492188
38.68999863,1.75841553,1.19590820
38.70000076,1.75747070,1.19689453
38.70999908,1.75652588,1.19788330
38.72000122,1.75557617,1.19887451
38.72999954,1.75462891,1.19986816
38.74000168,1.75367920,1.20086182
38.75000000,1.75272705,1.20185791
38.75999832,1.75177490,1.20285645
38.77000046,1.75082031,1.20385498
38.77999878,1.74986572,1.20485596
38.79000092,1.74890869,1.20585938
38.79999924,1.74795166,1.20686523
38.81000137,1.74699219,1.20787109
38.81999969,1.74603027,1.20887939
38.83000183,1.74506836,1.20989014
38.84000015,1.74410645,1.21090088
38.84999847,1.74313965,1.21191650
38.86000061,1.74217529,1.21293213
38.86999893,1.74120605,1.21394775
38.88000107,1.74023682,1.21496826
38.88999939,1.73926758,1.21598877
38.90000153,1.73829346,1.21701172
38.90999985,1.73732178,1.21803711
38.91999817,1.73634521,1.21906494
38.93000031,1.73536865,1.22009277
38.93999863,1.73438965,1.22112305
38.95000076,1.73341064,1.22215576
38.95999908,1.73242920,1.22319092
38.97000122,1.73144775,1.22422852
38.97999954,1.73046143,1.22526611
38.99000168,1.72947754,1.22630859
39.00000000,1.72848877,1.22735107
39.00999832,1.72750000,1.22839600
39.02000046,1.72650879,1.22944336
39.02999878,1.72551758,1.23049072
39.04000092,1.72452148,1.23154297
39.04999924,1.72352783,1.23259521
39.06000137,1.72252930,1.23364990
39.06999969,1.72153076,1.23470703
39.08000183,1.72052979,1.23576660
39.09000015,1.71952881,1.19529053
39.09999847,1.71852295,1.16750000
39.11000061,1.71751709,1.16856445
39.11999893,1.71651123,1.16963135
39.13000107,1.71550049,1.17070068
39.13999939,1.71448975,1.17177246
39.15000153,1.71347900,1.17284424
39.15999985,1.71246338,1.17392090
39.16999817,1.71144775,1.17499756
39.18000031,1.71042969,1.17607666
39.18999863,1.70940918,1.17716064
39.20000076,1.70838867,1.17824463
39.20999908,1.70736572,1.17933105
39.22000122,1.70634033,1.18041992
39.22999954,1.70531250,1.18151123
39.24000168,1.70428467,1.18260498
39.25000000,1.70325439,1.18369873
39.25999832,1.70222168,1.18479736
39.27000046,1.70118652,1.18589844
39.27999878,1.70015137,1.18700195
39.29000092,1.69911377,1.18810547
39.29999924,1.69807373,1.18921387
39.31000137,1.69703125,1.19032471
39.31999969,1.69598633,1.19143555
39.33000183,1.69494141,1.19255127
39.34000015,1.75272217,1.19366699
39.34999847,1.76327393,1.19478760
39.36000061,1.76222412,1.19591064
39.36999893,1.76117188,1.19703369
39.38000107,1.76011719,1.19816162
39.38999939,1.75906250,1.19929199
39.40000153,1.75800537,1.20042480
39.40999985,1.75694336,1.20155762
39.41999817,1.75588379,1.20269531
39.43000031,1.75481934,1.20383545
39.43999863,1.75375244,1.20497803
39.45000076,1.75268555,1.20612305
39.45999908,1.75161377,1.20727051
39.47000122,1.75054199,1.20842041
39.47999954,1.74946777,1.20957275
39.49000168,1.74839111,1.21072754
39.50000000,1.74731445,1.21188477
39.50999832,1.74623291,1.21304443
39.52000046,1.74515137,1.21420898
39.52999878,1.74406494,1.21537354
39.54000092,1.74297852,1.21654297
39.54999924,1.74188965,1.21771484
39.56000137,1.74079834,1.21888916
39.56999969,1.73970459,1.22006348
39.58000183,1.73860840,1.22124512
39.59000015,1.73751221,1.22242676
39.59999847,1.73641113,1.22361084
39.61000061,1.73531006,1.22479736
39.61999893,1.73420654,1.22598877
39.63000107,1.73309814,1.22718262
39.63999939,1.73198975,1.22837891
39.65000153,1.73087891,1.22957764
39.65999985,1.72976563,1.23077881
39.66999817,1.72864990,1.23198242
39.68000031,1.72753174,1.23319092
39.68999863,1.72641113,1.23440186
39.70000076,1.72528809,1.23561523
39.70999908,1.72416260,1.23683105
39.72000122,1.72303467,1.23804932
39.72999954,1.72190430,1.23927246
39.74000168,1.72077148,1.24049805
39.75000000,1.71963867,1.24172607
39.75999832,1.71850098,1.24295654
39.77000046,1.71736328,1.24344482
39.77999878,1.71622070,1.17491211
39.79000092,1.71507568,1.17614990
39.79999924,1.71393066,1.17739014
39.81000137,1.71278076,1.17863281
39.81999969,1.71162842,1.17987793
39.83000183,1.71047607,1.18112793
39.84000015,1.70931885,1.18238037
39.84999847,1.70816162,1.18363770
39.86000061,1.70699951,1.18489502
39.86999893,1.70583496,1.18615723
39.88000107,1.70467041,1.18742188
39.88999939,1.70350098,1.18869141
39.90000153,1.70232910,1.18996338
39.90999985,1.70115479,1.19123535
39.91999817,1.69998047,1.19251221
39.93000031,1.69880127,1.19379395
39.93999863,1.69761963,1.19507813
39.95000076,1.69643555,1.19636475
39.95999908,1.69524902,1.19765381
39.97000122,1.69406006,1.19894775
39.97999954,1.69286865,1.20024414
39.99000168,1.69167236,1.20154541
40.00000000,1.69047607,1.20284668
40.00999832,1.68927734,1.20415283
40.02000046,1.68807373,1.20546387
40.02999878,1.68687012,1.20677490
40.04000092,1.68566162,1.20809082
40.04999924,1.68445068,1.20941162
40.06000137,1.68323730,1.21073486
40.06999969,1.68202393,1.21206055
40.08000183,1.68080566,1.21338867
40.09000015,1.67958496,1.21472168
40.09999847,1.67836182,1.21605713
40.11000061,1.67713379,1.21739746
40.11999893,1.67590332,1.21874023
40.13000107,1.67467285,1.22008789
40.13999939,1.67343750,1.22143799
40.15000153,1.67219971,1.22279053
40.15999985,1.67095947,1.22414551
40.16999817,1.66971680,1.22550537
40.18000031,1.66846924,1.22687012
40.18999863,1.66722168,1.22823730
40.20000076,1.66596924,1.22960693
40.20999908,1.66471680,1.23098145
40.22000122,1.70162354,1.23235840
40.22999954,1.73282959,1.23374023
40.24000168,1.73156982,1.23512451
40.25000000,1.73030762,1.23651123
40.25999832,1.72904297,1.23790283
40.27000046,1.72777344,1.23929932
40.27999878,1.72650146,1.24069824
40.29000092,1.72522705,1.24209961
40.29999924,1.72395020,1.24350586
40.31000137,1.72267090,1.24491455
40.31999969,1.72138672,1.24632813
40.33000183,1.72010010,1.24774658
40.34000015,1.71881104,1.24916504
40.34999847,1.71751953,1.25059082
40.36000061,1.71622559,1.25201904
40.36999893,1.71492676,1.25344971
40.38000107,1.71362549,1.25488525
40.38999939,1.71232178,1.25632324
40.40000153,1.71101563,1.25776611
40.40999985,1.70970459,1.25921143
40.41999817,1.70839355,1.26066162
40.43000031,1.70707520,1.26211670
40.43999863,1.70575684,1.26357422
40.45000076,1.70443359,1.24796631
40.45999908,1.70311035,1.19579590
40.47000122,1.70178223,1.19726074
40.47999954,1.70045166,1.19873047
40.49000168,1.69911621,1.20020508
40.50000000,1.69777832,1.20168213
40.50999832,1.69643799,1.20316162
40.52000046,1.69509521,1.20464600
40.52999878,1.69374756,1.20613525
40.54000092,1.69239746,1.20762695
40.54999924,1.69104492,1.20912354
40.56000137,1.68968750,1.21062500
40.56999969,1.68832764,1.21212891
40.58000183,1.68696533,1.21363770
40.59000015,1.68560059,1.21514893
40.59999847,1.68423096,1.21666504
40.61000061,1.68285889,1.21818359
40.61999893,1.68148438,1.21970703
40.63000107,1.68010498,1.22123535
40.63999939,1.67872314,1.22276855
40.65000153,1.67733643,1.22430420
40.65999985,1.67594971,1.20262939
40.66999817,1.67455811,1.15660645
40.68000031,1.67316162,1.15815186
40.68999863,1.67176270,1.15969971
40.70000076,1.67036133,1.16125244
40.70999908,1.66895752,1.16280762
40.72000122,1.66754639,1.16436768
40.72999954,1.66613525,1.16593262
40.74000168,1.66471924,1.16750000
40.75000000,1.66330078,1.16907227
40.75999832,1.66187988,1.17064697
40.77000046,1.66045410,1.17222900
40.77999878,1.65902344,1.17381348
40.79000092,1.65759277,1.17540039
40.79999924,1.65615479,1.17416992
40.81000137,1.65471680,1.10775635
40.81999969,1.65327393,1.10935303
40.83000183,1.65182617,1.11095459
40.84000015,1.65037598,1.11255859
40.84999847,1.64892334,1.11416748
40.86000061,1.64746582,1.11578125
40.86999893,1.64600586,1.11739746
40.88000107,1.64454102,1.11901855
40.88999939,1.64307129,1.12064453
40.90000153,1.64160156,1.12227295
40.90999985,1.64012451,1.12390625
40.91999817,1.63864746,1.12554443
40.93000031,1.63716309,1.12718506
40.93999863,1.63567627,1.12883057
40.95000076,1.63418701,1.13048096
40.95999908,1.63269287,1.13213623
40.97000122,1.63119629,1.13379395
40.97999954,1.62969482,1.13545654
40.99000168,1.62818848,1.13712402
41.00000000,1.62667969,1.13879395
41.00999832,1.62516846,1.14046875
41.02000046,1.62365234,1.14214844
41.02999878,1.62213135,1.14383301
41.04000092,1.62060791,1.14552002
41.04999924,1.61907959,1.14721191
41.06000137,1.61754883,1.14890869
41.06999969,1.61601318,1.15061035
41.08000183,1.61447266,1.15231445
41.09000015,1.61292969,1.15402344
41.09999847,1.61138184,1.15573486
41.11000061,1.63232422,1.15745361
41.11999893,1.67923584,1.15917480
41.13000107,1.67768066,1.16090088
41.13999939,1.67612305,1.16263184
41.15000153,1.67456055,1.16436523
41.15999985,1.67299316,1.16610596
41.16999817,1.67142334,1.16784668
41.18000031,1.66984863,1.16959473
41.18999863,1.66826904,1.17134521
41.20000076,1.66668701,1.17310303
41.20999908,1.66510010,1.17486328
41.22000122,1.66350830,1.17662842
41.22999954,1.66191406,1.17839600
41.24000168,1.66031494,1.18016846
41.25000000,1.65871094,1.18194580
41.25999832,1.65710449,1.18372803
41.27000046,1.65549316,1.18551270
41.27999878,1.65387695,1.18730469
41.29000092,1.65225586,1.18909912
41.29999924,1.65063232,1.19089844
41.31000137,1.64900391,1.19270264
41.31999969,1.64737305,1.19450928
41.33000183,1.64573486,1.19632080
41.34000015,1.64409424,1.19813721
41.34999847,1.64244873,1.27101807
41.36000061,1.64080078,1.27284912
41.36999893,1.63914551,1.27468262
41.38000107,1.63748779,1.27652100
41.38999939,1.63582520,1.27836182
41.40000153,1.63416016,1.28020996
41.40999985,1.63248779,1.28206055
41.41999817,1.63081299,1.28391602
41.43000031,1.62913330,1.28577637
41.43999863,1.62744873,1.28764160
41.45000076,1.62575928,1.28950928
41.45999908,1.62406738,1.29138428
41.47000122,1.62237061,1.29326172
41.47999954,1.62066895,1.29514160
41.49000168,1.61896240,1.29702881
41.50000000,1.61725098,1.29892090
41.50999832,1.61553711,1.30081543
41.52000046,1.61381592,1.30271484
41.52999878,1.61209229,1.30461914
41.54000092,1.61036377,1.30652832
41.54999924,1.60863037,1.30843994
41.56000137,1.60689209,1.31035645
41.56999969,1.60515137,1.31227783
41.58000183,1.60340332,1.31420410
41.59000015,1.60165283,1.31613525
41.59999847,1.59989502,1.31806885
41.61000061,1.59813477,1.32000732
41.61999893,1.59636963,1.32195068
41.63000107,1.59459961,1.32389893
41.63999939,1.59282715,1.32584961
41.65000153,1.59104736,1.32780762
41.65999985,1.58926514,1.32976563
41.66999817,1.58747803,1.33173096
41.68000031,1.58568604,1.33369873
41.68999863,1.58389160,1.33567139
41.70000076,1.58208984,1.33764648
41.70999908,1.58028564,1.33962646
41.72000122,1.57847656,1.34161133
41.72999954,1.57666260,1.34359863
41.74000168,1.57484619,1.34559082
41.75000000,1.57302490,1.34758545
41.75999832,1.57119873,1.34958496
41.77000046,1.56937012,1.35158936
41.77999878,1.56753662,1.35359619
41.79000092,1.56569824,1.35560547
41.79999924,1.56385498,1.35761963
41.81000137,1.56200928,1.35963867
41.81999969,1.56015869,1.36165771
41.83000183,1.55830566,1.36368408
41.84000015,1.55644531,1.36571289
41.84999847,1.55458496,1.36774414
41.86000061,1.55271729,1.35098389
41.86999893,1.55084717,1.30053223
41.88000107,1.54897217,1.30257080
41.88999939,1.54709473,1.30461182
41.90000153,1.54521240,1.30665771
41.90999985,1.54332764,1.30870361
41.91999817,1.54143799,1.31075439
41.93000031,1.53954346,1.31281006
41.93999863,1.53764648,1.31486572
41.95000076,1.53574707,1.31692627
41.95999908,1.53384277,1.31898926
41.97000122,1.53193359,1.32105713
41.97999954,1.53002197,1.32312500
41.99000168,1.52810547,1.32519775
42.00000000,1.52618652,1.32727295
42.00999832,1.52426514,1.32935059
42.02000046,1.52233643,1.33143311
42.02999878,1.52040771,1.33351563
42.04000092,1.51847412,1.33560303
42.04999924,1.51653564,1.33769287
42.06000137,1.51459473,1.33978516
42.06999969,1.54741211,1.34187988
42.08000183,1.58207031,1.34397705
42.09000015,1.58012451,1.34607666
42.09999847,1.57817383,1.34817871
42.11000061,1.57621826,1.35028564
42.11999893,1.57426270,1.35239258
42.13000107,1.57229980,1.35450195
42.13999939,1.57033691,1.35661377
42.15000153,1.56836914,1.35873047
42.15999985,1.56639648,1.36084717
42.16999817,1.56442383,1.36296631
42.18000031,1.56244385,1.36509033
42.18999863,1.56046387,1.36721436
42.20000076,1.55847900,1.36934082
42.20999908,1.55649170,1.37146973
42.22000122,1.55450195,1.37360107
42.22999954,1.55250732,1.37573242
42.24000168,1.55051025,1.37786865
42.25000000,1.54851074,1.38000488
42.25999832,1.54650879,1.38214355
42.27000046,1.54450195,1.38428467
42.27999878,1.54249268,1.38642822
42.29000092,1.54047852,1.38857422
42.29999924,1.53846436,1.39072021
42.31000137,1.53644531,1.39286865
42.31999969,1.53442383,1.39501953
42.33000183,1.53239990,1.39717285
42.34000015,1.53037109,1.39932617
42.34999847,1.52834229,1.40148193
42.36000061,1.52630859,1.40364014
42.36999893,1.52427246,1.40579834
42.38000107,1.52223389,1.40795898
42.38999939,1.52019287,1.41011963
42.40000153,1.51814697,1.41228516
42.40999985,1.51610107,1.41444824
42.41999817,1.51405029,1.41661377
42.43000031,1.51199707,1.41878174
42.43999863,1.50994141,1.42095215
42.45000076,1.50788330,1.42312256
42.45999908,1.50582275,1.42529297
42.47000122,1.50375977,1.41321777
42.47999954,1.50169434,1.36395752
42.49000168,1.49962402,1.36031738
42.50000000,1.49755371,1.36249268
42.50999832,1.49548096,1.36466553
42.52000046,1.49340332,1.36684326
42.52999878,1.49132568,1.36902100
42.54000092,1.48924316,1.37119873
42.54999924,1.48715820,1.37337891
42.56000137,1.48507324,1.37555908
42.56999969,1.48298340,1.37773926
42.58000183,1.48089111,1.37992188
42.59000015,1.47879883,1.38210449
42.59999847,1.47670410,1.38428955
42.61000061,1.47460449,1.38647461
42.61999893,1.47250488,1.38865723
42.63000107,1.47040283,1.39084473
42.63999939,1.46829834,1.39303223
42.65000153,1.46618896,1.39521973
42.65999985,1.46408203,1.39740723
42.66999817,1.46197021,1.39959473
42.68000031,1.45985596,1.40178467
42.68999863,1.45773926,1.40397461
42.70000076,1.45562256,1.40616699
42.70999908,1.45350098,1.40835693
42.72000122,1.45137939,1.41054932
42.72999954,1.44925537,1.41273926
42.74000168,1.44712891,1.41493408
42.75000000,1.44500244,1.41712646
42.75999832,1.44287354,1.41931885
42.77000046,1.44074219,1.42151123
42.77999878,1.43860840,1.42370605
42.79000092,1.43647217,1.42590088
42.79999924,1.43433594,1.42809326
42.81000137,1.43219727,1.43028809
42.81999969,1.43005615,1.43248291
42.83000183,1.42791504,1.43467773
42.84000015,1.42577148,1.43687256
42.84999847,1.42362549,1.43906738
42.86000061,1.42147705,1.44126221
42.86999893,1.41932861,1.44345703
42.88000107,1.41717773,1.44565186
42.88999939,1.41502686,1.44784668
42.90000153,1.41287354,1.45004395
42.90999985,1.41072021,1.45223633
42.91999817,1.40856445,1.45443115
42.93000031,1.44875732,1.45662598
42.93999863,1.47582275,1.45882080
42.95000076,1.47366455,1.46101563
42.95999908,1.47150391,1.46320801
42.97000122,1.46934082,1.46540283
42.97999954,1.46717773,1.46759766
42.99000168,1.46501221,1.46979004
43.00000000,1.46284668,1.47198242
43.00999832,1.46067871,1.47417480
43.02000046,1.45850830,1.47636719
43.02999878,1.45634033,1.47855957
43.04000092,1.45416992,1.48074951
43.04999924,1.45199707,1.48294189
43.06000137,1.44982422,1.48513184
43.06999969,1.44764893,1.48732178
43.08000183,1.44547363,1.48951172
43.09000015,1.44329834,1.49169922
43.09999847,1.44112305,1.49388672
43.11000061,1.43894287,1.49607422
43.11999893,1.43676514,1.49825928
43.13000107,1.43458496,1.50044678
43.13999939,1.43240479,1.50262939
43.15000153,1.43022217,1.50481445
43.15999985,1.42804199,1.50699707
43.16999817,1.42585938,1.50917969
43.18000031,1.42367432,1.51136230
43.18999863,1.42148926,1.51354248
43.20000076,1.41930420,1.51572266
43.20999908,1.41711914,1.51790039
43.22000122,1.41493164,1.52008057
43.22999954,1.41274658,1.50297119
43.24000168,1.41055664,1.45640137
43.25000000,1.40836914,1.45502197
43.25999832,1.40618164,1.45719727
43.27000046,1.40399170,1.45937012
43.27999878,1.40180420,1.46154053
43.29000092,1.39961182,1.46371338
43.29999924,1.39742188,1.46588379
43.31000137,1.39523193,1.46805176
43.31999969,1.39304199,1.47021973
43.33000183,1.39084961,1.47238525
43.34000015,1.38865723,1.47454834
43.34999847,1.38646729,1.47671143
43.36000061,1.38427490,1.47887451
43.36999893,1.38208252,1.48103516
43.38000107,1.37989014,1.48319580
43.38999939,1.37769531,1.48535400
43.40000153,1.37550293,1.48751221
43.40999985,1.37331055,1.48966553
43.41999817,1.37111816,1.49181885
43.43000031,1.36892578,1.49397217
43.43999863,1.36673340,1.49612305
43.45000076,1.36453857,1.49827148
43.45999908,1.36234619,1.50041992
43.47000122,1.36015381,1.50256592
43.47999954,1.35796143,1.50470947
43.49000168,1.35576904,1.50685303
43.50000000,1.35357666,1.50899414
43.50999832,1.35138428,1.51113281
43.52000046,1.34919434,1.51326904
43.52999878,1.34700195,1.51540527
43.54000092,1.34481201,1.51753906
43.54999924,1.34262207,1.51967041
43.56000137,1.34043213,1.52180176
43.56999969,1.33824219,1.52392822
43.58000183,1.33605225,1.52605469
43.59000015,1.33386230,1.52817871
43.59999847,1.33167480,1.53030029
43.61000061,1.32948730,1.53242188
43.61999893,1.32729980,1.53453857
43.63000107,1.32511230,1.53665771
43.63999939,1.32292480,1.53876953
43.65000153,1.32073975,1.54088379
43.65999985,1.31855469,1.54299316
43.66999817,1.31636963,1.54510010
43.68000031,1.31418457,1.54720703
43.68999863,1.31200195,1.54931152
43.70000076,1.30981934,1.55141113
43.70999908,1.30763672,1.55351074
43.72000122,1.30545654,1.55560791
43.72999954,1.30327881,1.55770264
43.74000168,1.30109863,1.55979492
43.75000000,1.29892090,1.56188477
43.75999832,1.33415527,1.56396973
43.77000046,1.36608398,1.56605713
43.77999878,1.36390625,1.56813721
43.79000092,1.36172852,1.57021973
43.79999924,1.35955322,1.55370361
43.81000137,1.35738037,1.50700439
43.81999969,1.35520752,1.50493896
43.83000183,1.35303467,1.50701172
43.84000015,1.35086426,1.50908203
43.84999847,1.34869385,1.51114746
43.86000061,1.34652588,1.51321289
43.86999893,1.34435791,1.51527588
43.88000107,1.34218994,1.51733398
43.88999939,1.34002686,1.51939209
43.90000153,1.33786377,1.52144531
43.90999985,1.33570068,1.52349609
43.91999817,1.33354004,1.52554443
43.93000031,1.33138184,1.52759033
43.93999863,1.32922363,1.52963135
43.95000076,1.32706787,1.53167236
43.95999908,1.32491211,1.53370850
43.97000122,1.32275879,1.53574219
43.97999954,1.32060791,1.53777344
43.99000168,1.31845703,1.53980225
44.00000000,1.31631104,1.54182617
44.00999832,1.31416504,1.54384766
44.02000046,1.31201904,1.54586670
44.02999878,1.30987549,1.54788086
44.04000092,1.30773438,1.54989502
44.04999924,1.30559570,1.55190430
44.06000137,1.30345703,1.55391113
44.06999969,1.30132080,1.55591553
44.08000183,1.29918457,1.55791504
44.09000015,1.29705322,1.55991211
44.09999847,1.29492188,1.53103271
44.11000061,1.29279297,1.49247803
44.11999893,1.29066895,1.49447021
44.13000107,1.28854248,1.49645752
44.13999939,1.28642090,1.49843994
44.15000153,1.28430176,1.50041992
44.15999985,1.28218262,1.50239746
44.16999817,1.28006836,1.50437256
44.18000031,1.27795410,1.50634277
44.18999863,1.27584229,1.50831055
44.20000076,1.27373291,1.51027344
44.20999908,1.27162598,1.51223389
44.22000122,1.26951904,1.51418945
44.22999954,1.26741699,1.51614258
44.24000168,1.26531738,1.51809326
44.25000000,1.26322021,1.52003906
44.25999832,1.26112305,1.52197998
44.27000046,1.25903076,1.52392090
44.27999878,1.25694092,1.52585449
44.29000092,1.25485107,1.52778809
44.29999924,1.25276611,1.52971436
44.31000137,1.25068359,1.53163818
44.31999969,1.24860352,1.53355957
44.33000183,1.24652344,1.53547607
44.34000015,1.24445068,1.53738770
44.34999847,1.24237793,1.53929688
44.36000061,1.24030762,1.54120117
44.36999893,1.23823975,1.54310303
44.38000107,1.23617676,1.54500000
44.38999939,1.23411377,1.54689453
44.40000153,1.23205566,1.54878418
44.40999985,1.23000000,1.55066895
44.41999817,1.22794678,1.55255127
44.43000031,1.22589600,1.55442871
44.43999863,1.22385010,1.55630127
44.45000076,1.22180420,1.55817139
44.45999908,1.21976563,1.56003662
44.47000122,1.21772705,1.56189697
44.47999954,1.21569092,1.56375488
44.49000168,1.21365967,1.56560547
44.50000000,1.21163086,1.56745361
44.50999832,1.20960693,1.56929932
44.52000046,1.20758301,1.57114014
44.52999878,1.20556641,1.57297363
44.54000092,1.20354980,1.57480713
44.54999924,1.20153809,1.57663330
44.56000137,1.19952881,1.57845703
44.56999969,1.19752197,1.58027588
44.58000183,1.19552002,1.58208984
44.59000015,1.19352051,1.58389893
44.59999847,1.19152588,1.58570313
44.61000061,1.18953369,1.58750488
44.61999893,1.18754395,1.58930176
44.63000107,1.18555908,1.59109375
44.63999939,1.18357910,1.59288086
44.65000153,1.18159912,1.59466309
44.65999985,1.17962646,1.59644287
44.66999817,1.17765625,1.59821533
44.68000031,1.17568848,1.59998535
44.68999863,1.17372559,1.60174805
44.70000076,1.17176514,1.60350830
44.70999908,1.16980957,1.60526367
44.72000122,1.16785889,1.60701416
44.72999954,1.16591064,1.60875977
44.74000168,1.16396484,1.61050049
44.75000000,1.16202393,1.61223633
44.75999832,1.16009033,1.61396729
44.77000046,1.15815674,1.61569580
44.77999878,1.15622803,1.61741699
44.79000092,1.15430420,1.61913330
44.79999924,1.15238525,1.62084473
44.81000137,1.15046631,1.62255371
44.81999969,1.14855469,1.62425537
44.83000183,1.14664795,1.62595215
44.84000015,1.14474365,1.62764404
44.84999847,1.14284424,1.62933105
44.86000061,1.14094971,1.63101318
44.86999893,1.13905762,1.63269043
44.88000107,1.13717285,1.63436279
44.88999939,1.13529053,1.63602783
44.90000153,1.13341064,1.63769043
44.90999985,1.13153809,1.63934570
44.91999817,1.12967041,1.64099854
44.93000031,1.12780518,1.64264404
44.93999863,1.12594482,1.64428467
44.95000076,1.12408936,1.64592041
44.95999908,1.12223877,1.64755127
44.97000122,1.12039307,1.64917725
44.97999954,1.11855225,1.65079590
44.99000168,1.11671387,1.65241211
45.00000000,1.11488281,1.65402100
45.00999832,1.11305420,1.65562500
45.02000046,1.11123047,1.65722168
45.02999878,1.10941406,1.65881592
45.04000092,1.10760010,1.66040283
45.04999924,1.10579346,1.66198486
45.06000137,1.10398926,1.66356201
45.06999969,1.10218994,1.66513428
45.08000183,1.10039551,1.66669922
45.09000015,1.09860840,1.66825928
45.09999847,1.09682373,1.66981445
45.11000061,1.09504639,1.67136230
45.11999893,1.09327148,1.67290771
45.13000107,1.09150391,1.67444580
45.13999939,1.08974121,1.67597656
45.15000153,1.08798340,1.67750488
45.15999985,1.08623047,1.67902344
45.16999817,1.08448242,1.68053955
45.18000031,1.08273926,1.68204834
45.18999863,1.08100342,1.68355225
45.20000076,1.07927246,1.68505127
45.20999908,1.07754639,1.68654297
45.22000122,1.07582520,1.68802979
45.22999954,1.07410889,1.68950928
45.24000168,1.07239746,1.69098389
45.25000000,1.07069336,1.69245361
45.25999832,1.06899414,1.69391602
45.27000046,1.06730225,1.69537354
45.27999878,1.06561279,1.69682373
45.29000092,1.06393066,1.69826904
45.29999924,1.06225586,1.69970947
45.31000137,1.06058350,1.70114258
45.31999969,1.05891846,1.70256836
45.33000183,1.05725830,1.70398926
45.34000015,1.05560547,1.70540283
45.34999847,1.05395752,1.70681396
45.36000061,1.05231689,1.70821533
45.36999893,1.05068115,1.70961182
45.38000107,1.04905029,1.71100342
45.38999939,1.04742676,1.71238770
45.40000153,1.04580811,1.71376465
45.40999985,1.04419678,1.71513672
45.41999817,1.04259033,1.71650146
45.43000031,1.04098877,1.71786133
45.43999863,1.03939697,1.71921631
45.45000076,1.03780762,1.72056152
45.45999908,1.03622559,1.72190186
45.47000122,1.03465088,1.72323730
45.47999954,1.03308350,1.72456543
45.49000168,1.03151855,1.72588623
45.50000000,1.02996338,1.72720215
45.50999832,1.02841309,1.72851074
45.52000046,1.02687012,1.70509033
45.52999878,1.02533203,1.66042969
45.54000092,1.02380127,1.66172607
45.54999924,1.02227783,1.66301514
45.56000137,1.02075928,1.66429932
45.56999969,1.01924805,1.66557373
45.58000183,1.01774170,1.66684326
45.59000015,1.01624512,1.66810791
45.59999847,1.01475342,1.66936279
45.61000061,1.01326904,1.67061279
45.61999893,1.01179199,1.67185547
45.63000107,1.01031982,1.67309326
45.63999939,1.00885498,1.67432373
45.65000153,1.00739746,1.67554688
45.65999985,1.00594727,1.67676270
45.66999817,1.00450439,1.67797119
45.68000031,1.00306641,1.67917480
45.68999863,1.00163574,1.68037109
45.70000076,1.00021240,1.68156250
45.70999908,0.99879639,1.68274414
45.72000122,0.99738770,1.68392090
45.72999954,0.99598633,1.68509033
45.74000168,0.99459229,1.68625244
45.75000000,0.99320557,1.68740723
45.75999832,0.99182373,1.68855469
45.77000046,0.99045166,1.68969727
45.77999878,0.98908447,1.69083252
45.79000092,0.98772705,1.69196045
45.79999924,0.98637695,1.69308105
45.81000137,0.98503174,1.69419434
45.81999969,0.98369629,1.69530029
45.83000183,0.98236572,1.69640137
45.84000015,0.98104492,1.69749268
45.84999847,0.97973145,1.69857910
45.86000061,0.97842529,1.69965820
45.86999893,0.97712646,1.70072998
45.88000107,0.97583496,1.70179443
45.88999939,0.97455078,1.70285156
45.90000153,0.97327637,1.70390137
45.90999985,0.97200684,1.70494385
45.91999817,0.97074707,1.70597900
45.93000031,0.96949463,1.70700684
45.93999863,0.96824951,1.70802979
45.95000076,0.96701416,1.70904297
45.95999908,0.96578369,1.71005127
45.97000122,0.96456299,1.71104980
45.97999954,0.96335205,1.71204102
45.99000168,0.96214600,1.71302734
46.00000000,0.96094971,1.71400391
46.00999832,0.95976074,1.71497559
46.02000046,0.95857910,1.71593750
46.02999878,0.95740723,1.71689209
46.04000092,0.95624268,1.71784180
46.04999924,0.95508545,1.71878174
46.06000137,0.95393799,1.71971436
46.06999969,0.95279785,1.72064209
46.08000183,0.95166748,1.72156006
46.09000015,0.95054443,1.72247070
46.09999847,0.94943115,1.72337402
46.11000061,0.94832520,1.72427002
46.11999893,0.94722656,1.72515625
46.13000107,0.94613770,1.72603760
46.13999939,0.94505859,1.72691162
46.15000153,0.94398438,1.72777588
46.15999985,0.94292236,1.72863525
46.16999817,0.94186768,1.72948486
46.18000031,0.94082031,1.73032715
46.18999863,0.93978516,1.73116211
46.20000076,0.93875488,1.73198975
46.20999908,0.93773682,1.73281006
46.22000122,0.93672607,1.73362305
46.22999954,0.93572266,1.73442627
46.24000168,0.93472900,1.73522217
46.25000000,0.93374512,1.73601074
46.25999832,0.93277100,1.73679199
46.27000046,0.93180420,1.73756592
46.27999878,0.93084961,1.73833008
46.29000092,0.92989990,1.73908691
46.29999924,0.92896240,1.73983643
46.31000137,0.92803223,1.74057861
46.31999969,0.92711182,1.74131348
46.33000183,0.92620117,1.68338135
46.34000015,0.92529785,1.67254639
46.34999847,0.92440674,1.67326172
46.36000061,0.92352295,1.67396729
46.36999893,0.92265137,1.67466797
46.38000107,0.92178467,1.67535889
46.38999939,0.92093018,1.67604004
46.40000153,0.92008545,1.67671631
46.40999985,0.91925049,1.67738281
46.41999817,0.91842529,1.67804199
46.43000031,0.91760742,1.67869141
46.43999863,0.91680176,1.67933594
46.45000076,0.91600342,1.67997070
46.45999908,0.91521729,1.68059570
46.47000122,0.91443848,1.68121338
46.47999954,0.91367188,1.68182373
46.49000168,0.91291504,1.68242676
46.50000000,0.91216553,1.68302002
46.50999832,0.91142822,1.68360596
46.52000046,0.91070068,1.68418457
46.52999878,0.90998291,1.68475342
46.54000092,0.90927490,1.68531250
46.54999924,0.90857666,1.68586426
46.56000137,0.90789063,1.68640869
46.56999969,0.90721191,1.68694580
46.58000183,0.90654541,1.68747314
46.59000015,0.90588867,1.68799072
46.59999847,0.90524170,1.68850342
46.61000061,0.90460449,1.68900635
46.61999893,0.90397949,1.68949951
46.63000107,0.90336426,1.68998535
46.63999939,0.90275879,1.69046143
46.65000153,0.90216553,1.69093018
46.65999985,0.90158203,1.69139160
46.66999817,0.90100830,1.69184326
46.68000031,0.90044434,1.69228516
46.68999863,0.89989258,1.69271973
46.70000076,0.89935303,1.69314697
46.70999908,0.89882080,1.69356445
46.72000122,0.89830078,1.69397461
46.72999954,0.89779297,1.69437500
46.74000168,0.89729492,1.69476563
46.75000000,0.89680908,1.69515137
46.75999832,0.89633057,1.69552490
46.77000046,0.89586670,1.69589111
46.77999878,0.89541260,1.69624756
46.79000092,0.89496826,1.69659668
46.79999924,0.89453857,1.69693848
46.81000137,0.89411621,1.69726807
46.81999969,0.89370850,1.69759277
46.83000183,0.89330811,1.69790527
46.84000015,0.89292236,1.69821289
46.84999847,0.89254639,1.69850830
46.86000061,0.89218262,1.69879639
46.86999893,0.89182861,1.69907471
46.88000107,0.89148682,1.69934570
46.88999939,0.89115723,1.69960693
46.90000153,0.89083984,1.69985840
46.90999985,0.89053223,1.70010254
46.91999817,0.89023682,1.70033936
46.93000031,0.88995361,1.70056396
46.93999863,0.88968262,1.70078125
46.95000076,0.88942139,1.70098877
46.95999908,0.88917480,1.70118896
46.97000122,0.88893799,1.70137939
46.97999954,0.88871338,1.70156006
46.99000168,0.88850098,1.70173340
47.00000000,0.88830078,1.70189697
47.00999832,0.88811279,1.70205078
47.02000046,0.88793701,1.70219727
47.02999878,0.88777100,1.70233398
47.04000092,0.88761963,1.70246094
47.04999924,0.88748047,1.70257813
47.06000137,0.88735107,1.70268799
47.06999969,0.88723633,1.70278809
47.08000183,0.88713379,1.70288086
47.09000015,0.88704346,1.70296143
47.09999847,0.88696533,1.70303467
47.11000061,0.88689941,1.70309814
47.11999893,0.88684570,1.70315186
47.13000107,0.88680420,1.70319824
47.13999939,0.88677734,1.70323486
47.15000153,0.88676270,1.70326172
47.15999985,0.88676025,1.70327881
47.16999817,0.88677002,1.70328857
47.18000031,0.88679199,1.70328613
47.18999863,0.88682861,1.70327637
47.20000076,0.88687744,1.70325684
47.20999908,0.88693848,1.70322754
47.22000122,0.88701416,1.70319092
47.22999954,0.88710205,1.70314453
47.24000168,0.88720215,1.70308594
47.25000000,0.88731689,1.70302002
47.25999832,0.88744385,1.70294434
47.27000046,0.88758301,1.63284912
47.27999878,0.88773682,1.63275146
47.29000092,0.88790283,1.63264648
47.29999924,0.88808350,1.63253174
47.31000137,0.88827637,1.63240723
47.31999969,0.88848389,1.63227295
47.33000183,0.88870605,1.63213135
47.34000015,0.88893799,1.63197754
47.34999847,0.88918701,1.63181396
47.36000061,0.88944824,1.63164063
47.36999893,0.88972412,1.63145996
47.38000107,0.89001221,1.63126709
47.38999939,0.89031494,1.63106689
47.40000153,0.89063232,1.63085449
47.40999985,0.89096191,1.63063477
47.41999817,0.89130615,1.63040283
47.43000031,0.89166504,1.63016357
47.43999863,0.89203613,1.62991211
47.45000076,0.89242188,1.62965332
47.45999908,0.89282471,1.62938232
47.47000122,0.89323730,1.62910400
47.47999954,0.89366699,1.62881348
47.49000168,0.89411133,1.62851318
47.50000000,0.89456787,1.62820557
47.50999832,0.89504150,1.62788574
47.52000046,0.89552734,1.62755615
47.52999878,0.89602783,1.62721924
47.54000092,0.89654297,1.62687012
47.54999924,0.89707520,1.62651123
47.56000137,0.89761963,1.62614014
47.56999969,0.89817871,1.62576172
47.58000183,0.89875244,1.62537354
47.59000015,0.89934082,1.62497559
47.59999847,0.89994629,1.62456543
47.61000061,0.90056396,1.62414551
47.61999893,0.90119873,1.62371826
47.63000107,0.90184814,1.62327881
47.63999939,0.90251221,1.62282959
47.65000153,0.90319092,1.62236816
47.65999985,0.90388428,1.62189941
47.66999817,0.90459473,1.62141846
47.68000031,0.90531982,1.62093018
47.68999863,0.90605957,1.62042969
47.70000076,0.90681641,1.61991943
47.70999908,0.90758545,1.61939697
47.72000122,0.90837402,1.61886719
47.72999954,0.90917480,1.61832520
47.74000168,0.90999268,1.61777344
47.75000000,0.91082520,1.61721191
47.75999832,0.91167480,1.61664063
47.77000046,0.91253906,1.61605713
47.77999878,0.91342041,1.61546387
47.79000092,0.91431885,1.61485840
47.79999924,0.91522949,1.61424561
47.81000137,0.91615967,1.61362061
47.81999969,0.91710449,1.61298584
47.83000183,0.91806641,1.61233887
47.84000015,0.91904297,1.61168457
47.84999847,0.92003662,1.61101807
47.86000061,0.92104736,1.61033936
47.86999893,0.92207275,1.60965088
47.88000107,0.92311523,1.60895264
47.88999939,0.92417480,1.60824463
47.90000153,0.92524902,1.60752441
47.90999985,0.92634033,1.60679443
47.91999817,0.92745117,1.60605225
47.93000031,0.92857666,1.60530029
47.93999863,0.92971680,1.60453857
47.95000076,0.93087646,1.60376465
47.95999908,0.93205322,1.60298096
47.97000122,0.93324707,1.60218750
47.97999954,0.93445557,1.60138184
47.99000168,0.93568359,1.60056641
48.00000000,0.93692871,1.59973877
48.00999832,0.93818848,1.59890137
48.02000046,0.93946777,1.59805420
48.02999878,0.94076416,1.59719482
48.04000092,0.94207764,1.59632568
48.04999924,0.94340820,1.59544434
48.06000137,0.94475830,1.59455322
48.06999969,0.94612305,1.59364990
48.08000183,0.94750977,1.59273682
48.09000015,0.94891113,1.59181396
48.09999847,0.95032959,1.59087891
48.11000061,0.95177002,1.58993408
48.11999893,0.95322510,1.58897705
48.13000107,0.95469971,1.58801025
48.13999939,0.95619141,1.58703125
48.15000153,0.95770264,1.51538330
48.15999985,0.95923096,1.51437012
48.16999817,0.96077881,1.51334473
48.18000031,0.96234375,1.51230713
48.18999863,0.96392822,1.51126221
48.20000076,0.96553223,1.51020264
48.20999908,0.96715332,1.50913330
48.22000122,0.96879395,1.50805420
48.22999954,0.97045410,1.50696289
48.24000168,0.97213379,1.50585938
48.25000000,0.97383057,1.50474609
48.25999832,0.97554688,1.50362305
48.27000046,0.97728516,1.50248779
48.27999878,0.97904053,1.50134033
48.29000092,0.98081543,1.50018311
48.29999924,0.98261230,1.49901367
48.31000137,0.98442627,1.49783447
48.31999969,0.98625977,1.49664307
48.33000183,0.98811523,1.49543945
48.34000015,0.98999023,1.49422852
48.34999847,0.99188477,1.49300293
48.36000061,0.99379883,1.49176758
48.36999893,0.99573486,1.49052246
48.38000107,0.99769043,1.48926514
48.38999939,0.99966553,1.48799805
48.40000153,1.00166260,1.48671875
48.40999985,1.00367920,1.48542725
48.41999817,1.00571777,1.48412598
48.43000031,1.00777588,1.48281494
48.43999863,1.00985596,1.48149170
48.45000076,1.01195801,1.48015869
48.45999908,1.01407959,1.47881348
48.47000122,1.01622314,1.47745850
48.47999954,1.01838623,1.47609131
48.49000168,1.02057373,1.47471191
48.50000000,1.02278076,1.47332520
48.50999832,1.02500977,1.47192627
48.52000046,1.02726074,1.47051514
48.52999878,1.02953613,1.46909668
48.54000092,1.03183105,1.46766357
48.54999924,1.03414795,1.46622070
48.56000137,1.03648926,1.46476807
48.56999969,1.03885254,1.46330322
48.58000183,1.04123779,1.46182861
48.59000015,1.04364502,1.46034180
48.59999847,1.04607666,1.45884521
48.61000061,1.04853027,1.45733887
48.61999893,1.05100586,1.45582031
48.63000107,1.05350830,1.45429199
48.63999939,1.05603027,1.45275146
48.65000153,1.05857910,1.45120361
48.65999985,1.06114746,1.44964111
48.66999817,1.06374268,1.44807129
48.68000031,1.06636230,1.44648926
48.68999863,1.06900391,1.44489746
48.70000076,1.07167236,1.44329346
48.70999908,1.07436279,1.44167969
48.72000122,1.07708008,1.44005371
48.72999954,1.07981934,1.43842041
48.74000168,1.08258545,1.43677490
48.75000000,1.08537598,1.43511719
48.75999832,1.08819092,1.43345215
48.77000046,1.09103271,1.43177490
48.77999878,1.09389893,1.43008789
48.79000092,1.09679199,1.42838867
48.79999924,1.09970947,1.42667969
48.81000137,1.10265381,1.42496094
48.81999969,1.10562500,1.42323242
48.83000183,1.10862061,1.42149170
48.84000015,1.11164307,1.41974365
48.84999847,1.11469238,1.41798340
48.86000061,1.11776855,1.41621094
48.86999893,1.12087158,1.41443115
48.88000107,1.12400391,1.41263916
48.88999939,1.12716064,1.41083984
48.90000153,1.13034668,1.40902588
48.90999985,1.13355957,1.40720459
48.91999817,1.13680176,1.40537354
48.93000031,1.14007080,1.40353027
48.93999863,1.14336914,1.40167725
48.95000076,1.14669678,1.39981445
48.95999908,1.15005371,1.39794189
48.97000122,1.15344238,1.39605469
48.97999954,1.15685791,1.39416016
48.99000168,1.16030518,1.39225342
49.00000000,1.16378174,1.39033691
49.00999832,1.16729004,1.38840820
49.02000046,1.17083008,1.38646729
49.02999878,1.17440186,1.38451660
49.04000092,1.17800537,1.30939453
49.04999924,1.18164307,1.30737305
49.06000137,1.18531250,1.30533691
49.06999969,1.18901367,1.30329102
49.08000183,1.15904053,1.30123047
49.09000015,1.12311523,1.29916016
49.09999847,1.12686768,1.29707520
49.11000061,1.13065674,1.29497559
49.11999893,1.13447754,1.29286621
49.13000107,1.13833252,1.29074219
49.13999939,1.14222412,1.28860352
49.15000153,1.14615234,1.28645264
49.15999985,1.15011475,1.28428955
49.16999817,1.15411377,1.28211182
49.18000031,1.15814941,1.27991943
49.18999863,1.16222168,1.27771484
49.20000076,1.16633301,1.27549561
49.20999908,1.17047852,1.27326172
49.22000122,1.17466797,1.27101318
49.22999954,1.17889160,1.26875244
49.24000168,1.18315674,1.26647461
49.25000000,1.18745850,1.26418457
49.25999832,1.19180420,1.26187744
49.27000046,1.19618896,1.25955566
49.27999878,1.20061279,1.25721924
49.29000092,1.20508057,1.25486816
49.29999924,1.20958740,1.25250000
49.31000137,1.21413818,1.25011719
49.31999969,1.21873291,1.24771973
49.33000183,1.22336914,1.24530518
49.34000015,1.22804932,1.24287598
49.34999847,1.23044678,1.24042969
49.36000061,1.19649902,1.23796875
49.36999893,1.16727051,1.23549072
49.38000107,1.17205811,1.23299316
49.38999939,1.17689209,1.23048340
49.40000153,1.18177002,1.22795410
49.40999985,1.18669434,1.22540771
49.41999817,1.19166504,1.22284668
49.43000031,1.19668457,1.22026611
49.43999863,1.20175049,1.21766846
49.45000076,1.20686768,1.21505371
49.45999908,1.21202881,1.21242188
49.47000122,1.21724365,1.20976807
49.47999954,1.22250488,1.20709961
49.49000168,1.22781982,1.20441162
49.50000000,1.23318115,1.20170654
49.50999832,1.23859619,1.19898193
49.52000046,1.24406494,1.19623779
49.52999878,1.24958496,1.19347656
49.54000092,1.25515869,1.19069336
49.54999924,1.26078613,1.18789063
49.56000137,1.26646973,1.18506836
49.56999969,1.27220459,1.18222900
49.58000183,1.27799805,1.17936523
49.59000015,1.28384521,1.17648682
49.59999847,1.28975098,1.17358398
49.61000061,1.29571533,1.17066162
49.61999893,1.30173340,1.16771973
49.63000107,1.30781494,1.16475342
49.63999939,1.31395264,1.16177002
49.65000153,1.32015381,1.08129639
49.65999985,1.32641357,1.07816650
49.66999817,1.33273438,1.07501465
49.68000031,1.33911865,1.07183594
49.68999863,1.34556396,1.06863770
49.70000076,1.35207520,1.06541260
49.70999908,1.35864746,1.06216309
49.72000122,1.36528809,1.05889160
49.72999954,1.37199219,1.05559326
49.74000168,1.37876465,1.05227051
49.75000000,1.38560059,1.04892334
49.75999832,1.39250488,1.04555176
49.77000046,1.39948242,1.04215088
49.77999878,1.40652588,1.03872803
49.79000092,1.41364014,1.03527832
49.79999924,1.42082520,1.03179932
49.81000137,1.42808350,1.02829590
49.81999969,1.43541260,1.02476563
49.83000183,1.44281738,1.03687256
49.84000015,1.44849609,1.04994385
49.84999847,1.42216309,1.06283203
49.86000061,1.39611572,1.07555420
49.86999893,1.39317871,1.08668945
49.88000107,1.40083008,1.08312012
49.88999939,1.40855469,1.07952393
49.90000153,1.41636475,1.07589844
49.90999985,1.42424561,1.07224609
49.91999817,1.43220947,1.06856689
49.93000031,1.44025635,1.06485596
49.93999863,1.44837891,1.06111816
49.95000076,1.45658936,1.05734863
49.95999908,1.46488037,1.05354736
49.97000122,1.47325928,1.04971680
49.97999954,1.48171875,1.04585693
49.99000168,1.49026611,1.04196289
50.00000000,1.49889648,1.03803711
50.00999832,1.50761475,1.03408203
50.02000046,1.51642578,1.03009277
50.02999878,1.52532227,1.02606934
50.04000092,1.53431641,1.02201416
50.04999924,1.54339844,1.01792725
50.06000137,1.55257324,1.01380371
50.06999969,1.56183594,1.00964844
50.08000183,1.57120117,1.00545654
50.09000015,1.58065430,1.00122803
50.09999847,1.59020752,0.99696289
50.11000061,1.59986084,0.99266357
50.11999893,1.60960693,0.98832520
50.13000107,1.61946045,0.98395020
50.13999939,1.62941162,0.97953857
50.15000153,1.63473145,0.97508789
50.15999985,1.61203613,0.97060059
50.16999817,1.58958496,0.96607178
50.18000031,1.58535156,0.96150146
50.18999863,1.59563232,0.95689209
50.20000076,1.60602295,0.95223877
50.20999908,1.61651611,0.94754883
50.22000122,1.62712158,0.94281494
50.22999954,1.63783203,0.93803711
50.24000168,1.64865479,0.93321533
50.25000000,1.65958496,0.92834961
50.25999832,1.67062256,0.92343994
50.27000046,1.68177734,0.91848145
50.27999878,1.69304199,0.91347656
50.29000092,1.70442383,0.90842285
50.29999924,1.71591797,0.90632813
50.31000137,1.72753174,0.91579590
50.31999969,1.73925537,0.92514893
50.33000183,1.75110107,0.93439697
50.34000015,1.76305908,0.94353027
50.34999847,1.77513672,0.95256592
50.36000061,1.78734375,0.96031494
50.36999893,1.79966553,0.95508789
50.38000107,1.81211426,0.94980957
50.38999939,1.82468018,0.94447998
50.40000153,1.80909912,0.93909424
50.40999985,1.78908936,0.93365479
50.41999817,1.77308594,0.92815918
50.43000031,1.78591797,0.92260498
50.43999863,1.79886719,0.91700195
50.45000076,1.81195068,0.91133545
50.45999908,1.82515625,0.90561279
50.47000122,1.83849121,0.89982910
50.47999954,1.85195313,0.89398438
50.49000168,1.85310547,0.88808105
50.50000000,1.83413818,0.88211670
50.50999832,1.81537842,0.87608887
50.52000046,1.81454834,0.87753418
50.52999878,1.82840088,0.88574463
50.54000092,1.84239258,0.89386963
50.54999924,1.84812988,0.90190674
50.56000137,1.82997314,0.90986816
50.56999969,1.81201904,0.91773926
50.58000183,1.80549316,0.92553467
50.59000015,1.81987793,0.91998291
50.59999847,1.83439453,0.91363525
50.61000061,1.84561768,0.90721436
50.61999893,1.82825439,0.90072510
50.63000107,1.81107422,0.89416504
50.63999939,1.79408447,0.88753418
50.65000153,1.77727295,0.88082764
50.65999985,1.76064941,0.87404785
50.66999817,1.74630127,0.86719482
50.68000031,1.76133545,0.86026367
50.68999863,1.77650391,0.85325928
50.70000076,1.79181885,0.84617432
50.70999908,1.78018066,0.83901611
50.72000122,1.76427246,0.83177246
50.72999954,1.74854248,0.83489258
50.74000168,1.75551270,0.84220215
50.75000000,1.77120850,0.84943604
50.75999832,1.78704834,0.85660889
50.77000046,1.78538574,0.86371094
50.77999878,1.77018066,0.87074707
50.79000092,1.75513184,0.87772217
50.79999924,1.74024902,0.87173828
50.81000137,1.72552002,0.86406494
50.81999969,1.71095215,0.85630615
50.83000183,1.69653320,0.84845703
50.84000015,1.68227295,0.84052002
50.84999847,1.66816650,0.83249512
50.86000061,1.65420654,0.82437988
50.86999893,1.66114746,0.81617432
50.88000107,1.67770264,0.80787354
50.88999939,1.69439697,0.79947998
50.90000153,1.69428467,0.79098877
50.90999985,1.68079346,0.78240479
50.91999817,1.66744629,0.77505371
50.93000031,1.65423584,0.78172607
50.93999863,1.64116943,0.78833740
50.95000076,1.62823730,0.79489502
50.95999908,1.61544434,0.80139404
50.97000122,1.60277832,0.80784424
50.97999954,1.59025146,0.81423584
50.99000168,1.57785400,0.82057617
51.00000000,1.56558838,0.82686035
51.00999832,1.55345215,0.83309326
51.02000046,1.54143799,0.83928223
51.02999878,1.52955322,0.84541260
51.04000092,1.51779053,0.85149658
51.04999924,1.50615234,0.85752930
51.06000137,1.49463135,0.86163086
51.06999969,1.48323730,0.85214355
51.08000183,1.47195801,0.84254150
51.09000015,1.46079590,0.83283691
51.09999847,1.44974609,0.82301758
51.11000061,1.43881104,0.81308838
51.11999893,1.44451904,0.80898438
51.13000107,1.46242676,0.81484619
51.13999939,1.48046387,0.82065918
51.15000153,1.48510498,0.82643066
51.15999985,1.47453857,0.83215576
51.16999817,1.46408203,0.83783691
51.18000031,1.45373047,0.84348145
51.18999863,1.44348633,0.84464111
51.20000076,1.43334473,0.83406494
51.20999908,1.42331055,0.82337402
51.22000122,1.41337891,0.81255127
51.22999954,1.40354980,0.80161865
51.24000168,1.39381592,0.79056152
51.25000000,1.38417969,0.79467041
51.25999832,1.37464111,0.80015869
51.27000046,1.36519531,0.80561035
51.27999878,1.35584229,0.81102783
51.29000092,1.34657959,0.81640869
51.29999924,1.33740967,0.82175293
51.31000137,1.32832520,0.82706543
51.31999969,1.31933350,0.83234375
51.33000183,1.31041992,0.83759277
51.34000015,1.30159668,0.84281006
51.34999847,1.29285400,0.84800049
51.36000061,1.28418945,0.85316162
51.36999893,1.27561279,0.85828857
51.38000107,1.26710938,0.86339111
51.38999939,1.25868896,0.85648682
51.40000153,1.25033936,0.84428711
51.40999985,1.24206787,0.83196777
51.41999817,1.23386963,0.81952637
51.43000031,1.22574219,0.80695313
51.43999863,1.21769287,0.80903809
51.45000076,1.20970947,0.81409424
51.45999908,1.20179932,0.81912598
51.47000122,1.19395264,0.82413574
51.47999954,1.18617676,0.82912354
51.49000168,1.17846436,0.83409424
51.50000000,1.17082275,0.83904053
51.50999832,1.16324219,0.84396729
51.52000046,1.15572266,0.84887695
51.52999878,1.14826904,0.85376709
51.54000092,1.14086914,0.85864258
51.54999924,1.13353516,0.86349854
51.56000137,1.12625977,0.86834229
51.56999969,1.11904541,0.87316406
51.58000183,1.11188477,0.87797607
51.59000015,1.11404053,0.88277100
51.59999847,1.13359375,0.88755615
51.61000061,1.15324219,0.89232910
51.61999893,1.16633545,0.89708496
51.63000107,1.15936035,0.90183105
51.63999939,1.15243896,0.90656250
51.65000153,1.14556885,0.91128906
51.65999985,1.13875244,0.91600342
51.66999817,1.13198730,0.92070801
51.68000031,1.12526855,0.92540771
51.68999863,1.11860352,0.93009277
51.70000076,1.11198486,0.93477539
51.70999908,1.10541504,0.93945068
51.72000122,1.09888916,0.94411865
51.72999954,1.09241455,0.94878174
51.74000168,1.08598145,0.95343994
51.75000000,1.07959961,0.95809082
51.75999832,1.07325928,0.96273926
51.77000046,1.06696045,0.96738525
51.77999878,1.06070801,0.97202881
51.79000092,1.05449219,0.97667236
51.79999924,1.04832520,0.98131104
51.81000137,1.04219482,0.98595215
51.81999969,1.03610596,0.99058838
51.83000183,1.03005371,0.99522949
51.84000015,1.02404297,0.99986816
51.84999847,1.01807129,1.00450928
51.86000061,1.01213623,1.00915039
51.86999893,1.00624023,1.01379639
51.88000107,1.00038086,1.01844482
51.88999939,0.99455566,1.02309570
51.90000153,0.98876465,1.02775391
51.90999985,0.98301025,1.03241699
51.91999817,0.97729492,1.03643311
51.93000031,0.97160645,1.01999023
51.93999863,0.98140137,1.00343750
51.95000076,1.00092529,0.98676514
51.95999908,1.02044678,0.97540527
51.97000122,1.02958252,0.98014893
51.97999954,1.02403076,0.98489746
51.99000168,1.01850586,0.98965576
52.00000000,1.01301514,0.99442383
52.00999832,1.00755615,0.99920166
52.02000046,1.00212402,1.00399414
52.02999878,1.01349121,1.00879395
52.04000092,1.03274170,1.01361084
52.04999924,1.05194824,1.01843750
52.06000137,1.07112793,1.02328369
52.06999969,1.09025391,1.02813965
52.08000183,1.10934082,1.03301514
52.09000015,1.12520020,1.03790527
52.09999847,1.11998535,1.04281250
52.11000061,1.11479980,1.04774170
52.11999893,1.10964600,1.05268799
52.13000107,1.10452393,1.05765869
52.13999939,1.09943604,1.06264648
52.15000153,1.09691895,1.06766113
52.15999985,1.11539795,1.07269775
52.16999817,1.13378418,1.07775635
52.18000031,1.15208252,1.08284424
52.18999863,1.17026855,1.08795898
52.20000076,1.18834717,1.09310303
52.20999908,1.20630371,1.09827393
52.22000122,1.22413818,1.10347900
52.22999954,1.24183838,1.10871582
52.24000168,1.25940918,1.11398438
52.25000000,1.27683350,1.11928467
52.25999832,1.29410889,1.12462158
52.27000046,1.31123047,1.13000000
52.27999878,1.32818115,1.13541504
52.29000092,1.34497070,1.14087158
52.29999924,1.36157959,1.14636963
52.31000137,1.37801270,1.15190918
52.31999969,1.39424316,1.15749512
52.33000183,1.41028564,1.14873779
52.34000015,1.42611572,1.12859619
52.34999847,1.44174072,1.10840576
52.36000061,1.45715820,1.09977051
52.36999893,3.00000000,1.10556152
52.38000107,3.00000000,1.11140869
52.38999939,3.00000000,1.11730713
52.40000153,3.00000000,1.12326904
52.40999985,3.00000000,1.12929199
52.41999817,3.00000000,1.13537598
52.43000031,3.00000000,1.14153076
52.43999863,3.00000000,1.14775391
52.45000076,3.00000000,1.15405273
52.45999908,3.00000000,1.16042480
52.47000122,3.00000000,1.16687744
52.47999954,3.00000000,1.17341064
52.49000168,3.00000000,1.18002930
52.50000000,3.00000000,1.18674072
52.50999832,3.00000000,1.19354492
52.52000046,3.00000000,1.20044434
52.52999878,3.00000000,1.20744873
52.54000092,3.00000000,1.21455811
52.54999924,3.00000000,1.22177490
52.56000137,3.00000000,1.21336914
52.56999969,3.00000000,1.19111084
52.58000183,3.00000000,1.16886230
52.59000015,3.00000000,1.16903320
52.59999847,3.00000000,1.17671387
52.61000061,3.00000000,1.18452393
52.61999893,3.00000000,1.19247559
52.63000107,3.00000000,1.20056885
52.63999939,3.00000000,1.20881104
52.65000153,3.00000000,1.21720947
52.65999985,3.00000000,1.22576416
52.66999817,3.00000000,1.23448486
52.68000031,3.00000000,1.24337891
52.68999863,3.00000000,1.25244873
52.70000076,3.00000000,1.26170166
52.70999908,3.00000000,1.27114014
52.72000122,3.00000000,1.28077393
52.72999954,3.00000000,1.29061035
52.74000168,3.00000000,1.30064941
52.75000000,3.00000000,1.28151123
52.75999832,3.00000000,1.25816162
52.77000046,3.00000000,1.24506592
52.77999878,3.00000000,1.25565674
52.79000092,3.00000000,1.26647949
52.79999924,3.00000000,1.27752197
52.81000137,3.00000000,1.28880371
52.81999969,3.00000000,1.30032715
52.83000183,3.00000000,1.31209717
52.84000015,3.00000000,1.32412109
52.84999847,3.00000000,1.33640381
52.86000061,3.00000000,1.34895996
52.86999893,3.00000000,1.34511230
52.88000107,3.00000000,1.32212402
52.88999939,3.00000000,1.29941162
52.90000153,3.00000000,1.30994141
52.90999985,3.00000000,1.32349365
52.91999817,3.00000000,1.33736084
52.93000031,3.00000000,1.35155762
52.93999863,3.00000000,1.36607910
52.95000076,3.00000000,1.38095215
52.95999908,3.00000000,1.39617920
52.97000122,3.00000000,1.41178467
52.97999954,3.00000000,1.41258789
52.99000168,3.00000000,1.39048584
53.00000000,3.00000000,1.36868164
53.00999832,3.00000000,1.37986816
53.02000046,3.00000000,1.39688232
53.02999878,3.00000000,1.41432861
53.04000092,3.00000000,1.43224609
53.04999924,3.00000000,1.45063721
53.06000137,3.00000000,1.43666260
53.06999969,3.00000000,1.41560547
53.08000183,3.00000000,1.40542236
53.09000015,3.00000000,1.42510498
53.09999847,3.00000000,1.44535400
53.11000061,3.00000000,1.46619629
53.11999893,3.00000000,1.48764160
53.13000107,3.00000000,1.47944824
53.13999939,3.00000000,1.45928711
53.15000153,3.00000000,1.44601563
53.15999985,3.00000000,1.46915039
53.16999817,3.00000000,1.49025635
53.18000031,3.00000000,1.47074219
53.18999863,3.00000000,1.45154541
53.20000076,3.00000000,1.45378418
53.20999908,3.00000000,1.47968262
53.22000122,3.00000000,1.48269043
53.22999954,3.00000000,1.46418945
53.24000168,3.00000000,1.44599121
53.25000000,3.00000000,1.47025391
53.25999832,3.00000000,1.49541504
53.27000046,3.00000000,1.47765137
53.27999878,3.00000000,1.46020752
53.29000092,3.00000000,1.46538330
53.29999924,3.00000000,1.49754150
53.31000137,3.00000000,1.49225098
53.31999969,3.00000000,1.47559570
53.33000183,3.00000000,1.45925537
53.34000015,3.00000000,1.44323242
53.34999847,3.00000000,1.42752197
53.36000061,3.00000000,1.43488770
53.36999893,3.00000000,1.47289795
53.38000107,3.00000000,1.46187500
53.38999939,3.00000000,1.44703369
53.40000153,3.00000000,1.44521729
53.40999985,2.97579346,1.48783936
53.41999817,2.96942383,1.48255127
53.43000031,2.10792969,1.46864014
53.43999863,1.95081787,1.45507568
53.45000076,1.94923828,1.44183594
53.45999908,1.94769287,1.42892822
53.47000122,1.86974609,1.44237549
53.47999954,1.86855713,1.48024414
53.49000168,1.86739258,1.46803955
53.50000000,1.86622559,1.45620361
53.50999832,1.86507080,1.44471191
53.52000046,1.78898438,1.43356201
53.52999878,1.78810059,1.42278564
53.54000092,1.78722168,1.46569824
53.54999924,1.78631836,1.47644043
53.56000137,1.78540283,1.46648682
53.56999969,1.78447021,1.45690674
53.58000183,1.78350098,1.52114746
53.59000015,1.78252441,1.51208984
53.59999847,1.78148926,1.50344727
53.61000061,1.78043701,1.53056152
53.61999893,1.77932617,1.55990723
53.63000107,1.77818359,1.55223877
53.63999939,1.77698242,1.54498779
53.65000153,1.77573242,1.61018066
53.65999985,1.77442139,1.60357910
53.66999817,1.77305176,1.59739746
53.68000031,1.77161865,1.66319092
53.68999863,1.77011719,1.65770508
53.70000076,1.76855225,1.65264160
53.70999908,1.76691162,1.64801758
53.72000122,1.76520752,1.64380615
53.72999954,1.76341797,1.64003418
53.74000168,1.76157715,1.70746094
53.75000000,1.75964844,1.70442383
53.75999832,1.75768066,1.70177734
53.77000046,1.75563477,1.77007324
53.77999878,1.75355469,1.76815430
53.79000092,1.75141846,1.76664063
53.79999924,1.74924561,1.76551025
53.81000137,1.74704102,1.76475342
53.81999969,1.74479492,1.83456299
53.83000183,1.74253662,1.83448975
53.84000015,1.74024414,1.83479248
53.84999847,1.73793945,1.83544189
53.86000061,1.73562988,1.83642822
53.86999893,1.73329834,1.84485840
53.88000107,1.73097168,1.90943604
53.88999939,1.72864746,1.91140625
53.90000153,1.72631348,1.91371094
53.90999985,1.72399658,1.91631836
53.91999817,1.72168945,1.91923096
53.93000031,1.71938232,1.99249512
53.93999863,1.71709473,1.99603271
53.95000076,1.71482910,1.99985840
53.95999908,1.71257568,2.00397705
53.97000122,1.71033936,2.00838379
53.97999954,1.70812744,2.01305908
53.99000168,1.70594238,2.01800537
54.00000000,1.70377441,2.09354248
54.00999832,1.70162598,2.09908447
54.02000046,1.69950684,2.10488525
54.02999878,1.69741699,2.11093506
54.04000092,1.69535400,2.11723877
54.04999924,1.69331055,2.12379395
54.06000137,1.69129150,2.13059570
54.06999969,1.68930176,2.13762695
54.08000183,1.68733887,2.14489502
54.09000015,1.68540039,2.15239014
54.09999847,1.68348877,2.16010986
54.11000061,1.68159912,2.16805664
54.11999893,1.67972900,2.17622070
54.13000107,1.67788330,2.18460449
54.13999939,1.67605957,2.19319336
54.15000153,1.67425781,2.20199463
54.15999985,1.74439453,2.21099365
54.16999817,1.74277100,2.22019287
54.18000031,1.74116699,2.22959473
54.18999863,1.73958740,2.23918457
54.20000076,1.73802246,2.24897217
54.20999908,1.73647461,2.25894531
54.22000122,1.73494385,2.26910645
54.22999954,1.73342773,2.27944824
54.24000168,1.73192383,2.28997070
54.25000000,1.73043457,2.30066406
54.25999832,1.72895508,2.31153076
54.27000046,1.72748291,2.32257324
54.27999878,1.72601807,2.33377686
54.29000092,1.72455566,2.34514893
54.29999924,1.72309814,2.35667969
54.31000137,1.72164551,2.36836914
54.31999969,1.72019043,2.38021240
54.33000183,1.71873047,2.39220703
54.34000015,1.71727051,2.40435059
54.34999847,1.71580322,2.41664062
54.36000061,1.71432861,2.42907471
54.36999893,1.71284180,2.44164307
54.38000107,1.71134033,2.45435303
54.38999939,1.70983154,2.46719238
54.40000153,1.70830566,2.48016602
54.40999985,1.70675537,2.49325684
54.41999817,1.70518799,2.48186768
54.43000031,1.70359619,2.44302002
54.43999863,1.70197998,2.45625000
54.45000076,1.70033447,2.46959229
54.45999908,1.69865723,2.44044678
54.47000122,1.69694580,2.41892822
54.47999954,1.69519775,2.43234619
54.49000168,1.69341309,2.44585937
54.50000000,1.69158203,2.41082764
54.50999832,1.68970703,2.39457275
54.52000046,1.68778564,2.40809814
54.52999878,1.68580566,2.42168213
54.54000092,1.68377686,2.39133545
54.54999924,1.68168457,2.36960205
54.56000137,1.67953125,2.38313477
54.56999969,1.67731201,2.39670410
54.58000183,1.67501709,2.38077637
54.59000015,1.67265869,2.34373535
54.59999847,1.67021484,2.35705078
54.61000061,1.66769287,2.37050781
54.61999893,1.66507813,2.37832520
54.63000107,1.66237549,2.34435791
54.63999939,1.65957520,2.32944824
54.65000153,1.65667236,2.34266602
54.65999985,1.65366699,2.35585205
54.66999817,1.65055420,2.35234619
54.68000031,1.64732910,2.32209717
54.68999863,1.64398682,2.29271973
54.70000076,1.64052490,2.26414551
54.70999908,1.55412109,2.23639893
54.72000122,1.55022461,2.20939453
54.72999954,1.54619385,2.18315918
54.74000168,1.54204102,2.15760254
54.75000000,1.53775146,2.13782715
54.75999832,1.53334717,2.14963379
54.77000046,1.52880127,2.16134766
54.77999878,1.52413818,2.17297363
54.79000092,1.51934326,2.16554932
54.79999924,1.51442139,2.14316895
54.81000137,1.50937500,2.12130859
54.81999969,1.50419922,2.09998779
54.83000183,1.49890869,2.07912598
54.84000015,1.49349365,2.05876221
54.84999847,1.48796143,2.03883301
54.86000061,1.48231445,2.01930908
54.86999893,1.47654785,2.00021973
54.88000107,1.47067383,1.98149414
54.88999939,1.46469238,1.96314697
54.90000153,1.45859375,1.94516113
54.90999985,1.45239502,1.92750977
54.91999817,1.44609863,1.91017090
54.93000031,1.43968994,1.89314941
54.93999863,1.43318848,1.87641846
54.95000076,1.42659180,1.85995117
54.95999908,1.41990234,1.84377441
54.97000122,1.41311768,1.82784668
54.97999954,1.40625000,1.81216553
54.99000168,1.39929443,1.79670898
55.00000000,1.39225586,1.78149170
55.00999832,1.38513428,1.76649170
55.02000046,1.37793213,1.75169189
55.02999878,1.37065674,1.73709473
55.04000092,1.36330566,1.72268066
55.04999924,1.35588135,1.70846680
55.06000137,1.34838135,1.69442139
55.06999969,1.34081787,1.68576416
55.08000183,1.33318604,1.69397217
55.09000015,1.32549072,1.70209717
55.09999847,1.31773682,1.71014648
55.11000061,1.30991699,1.71811768
55.11999893,1.30204102,1.72600098
55.13000107,1.29410400,1.71962891
55.13999939,1.28611816,1.70679443
55.15000153,1.28524414,1.69409180
55.15999985,1.29879883,1.68152588
55.16999817,1.31247559,1.66908691
55.18000031,1.32627930,1.65676758
55.18999863,1.33184326,1.64456543
55.20000076,1.32353516,1.63247803
55.20999908,1.31518555,1.62051270
55.22000122,1.30678467,1.60865234
55.22999954,1.29834717,1.59689941
55.24000168,1.29208740,1.58524170
55.25000000,1.30675293,1.57368896
55.25999832,1.32156494,1.56223389
55.27000046,1.33653564,1.55087158
55.27999878,1.34158447,1.53960938
55.29000092,1.33286133,1.52843018
55.29999924,1.32410889,1.51733887
55.31000137,1.31531982,1.51651367
55.31999969,1.30650391,1.52294189
55.33000183,1.30840332,1.52929443
55.34000015,1.32435791,1.53556152
55.34999847,1.34050049,1.54174561
55.36000061,1.35684570,1.54784668
55.36999893,1.37338623,1.55386475
55.38000107,1.39013916,1.55422607
55.38999939,1.40710449,1.54413086
55.40000153,1.40508789,1.53411621
55.40999985,1.39585205,1.52418457
55.41999817,1.38659424,1.51433594
55.43000031,1.37731201,1.50456055
55.43999863,1.37085449,1.49486572
55.45000076,1.38892334,1.48524414
55.45999908,1.40724609,1.47570801
55.47000122,1.42584717,1.46623779
55.47999954,1.44472168,1.45684814
55.49000168,1.46389648,1.45120117
55.50000000,1.47968018,1.45631348
55.50999832,1.47002686,1.46134277
55.52000046,1.46035645,1.46628662
55.52999878,1.45068115,1.47114258
55.54000092,1.44099365,1.47591553
55.54999924,1.45628662,1.48059570
55.56000137,1.47730957,1.48519287
55.56999969,1.49869873,1.48969971
55.58000183,1.52049072,1.49412109
55.59000015,1.54267578,1.49015869
55.59999847,1.56528076,1.48222900
55.61000061,1.58832031,1.47437744
55.61999893,1.61179443,1.46659912
55.63000107,1.63573486,1.45888916
55.63999939,1.66014160,1.45125000
55.65000153,1.66114502,1.44368164
55.65999985,1.65088379,1.43618652
55.66999817,1.64063965,1.42875488
55.68000031,1.63041504,1.42137939
55.68999863,1.65069824,1.41406250
55.70000076,1.67747070,1.40679932
55.70999908,1.70481445,1.39958496
55.72000122,1.73278320,1.39242432
55.72999954,1.74023682,1.39028564
55.74000168,1.72983887,1.39382813
55.75000000,1.71948242,1.39730469
55.75999832,1.70916748,1.40072266
55.77000046,1.73520264,1.40407959
55.77999878,1.76613770,1.40737549
55.79000092,1.75768066,1.41061035
55.79999924,1.74737305,1.41378174
55.81000137,1.73711426,1.41689941
55.81999969,1.74437256,1.41996094
55.83000183,1.77804199,1.42296631
55.84000015,1.78500732,1.42592041
55.84999847,1.77481201,1.42882324
55.86000061,1.76467529,1.43167480
55.86999893,1.76120117,1.43447510
55.88000107,1.79802734,1.43722900
55.88999939,1.81211426,1.43947266
55.90000153,1.80208740,1.43438721
55.90999985,1.79214111,1.42934082
55.91999817,1.78695068,1.42434082
55.93000031,1.82749023,1.41937256
55.93999863,1.83933594,1.41445068
55.95000076,1.82954102,1.40955811
55.95999908,1.81983887,1.40469971
55.97000122,1.81022217,1.39986328
55.97999954,1.80070068,1.39504639
55.99000168,1.79126953,1.39025146
56.00000000,1.78193848,1.39132324
56.00999832,1.82384277,1.39370605
56.02000046,1.83879639,1.39605713
56.02999878,1.82960449,1.39837158
56.04000092,1.82051270,1.40064941
56.04999924,1.82981689,1.40289307
56.06000137,1.87725342,1.40510498
56.06999969,1.86833984,1.40728516
56.08000183,1.85953369,1.40943604
56.09000015,1.85084473,1.41155518
56.09999847,1.90039307,1.41364502
56.11000061,1.90766846,1.41570557
56.11999893,1.89918945,1.41773682
56.13000107,1.89083252,1.41974121
56.13999939,1.92664307,1.42171631
56.15000153,1.94779541,1.42366211
56.15999985,1.93968750,1.42558350
56.16999817,1.93171631,1.42747559
56.18000031,1.96372314,1.42934082
56.18999863,1.98894287,1.43117920
56.20000076,1.98125000,1.43299072
56.20999908,1.97370361,1.43477783
56.22000122,2.01470703,1.43653809
56.22999954,2.03132324,1.43826904
56.24000168,2.02409668,1.43997803
56.25000000,2.01702393,1.44165771
56.25999832,2.01010498,1.44331055
56.27000046,2.00333740,1.44493896
56.27999878,1.99673340,1.44654053
56.29000092,2.06191650,1.44811523
56.29999924,2.05553223,1.44966064
56.31000137,2.04931396,1.45118164
56.31999969,2.05708252,1.45267334
56.33000183,2.10863525,1.45413574
56.34000015,2.10283936,1.45556885
56.34999847,2.09721924,1.45697266
56.36000061,2.16278076,1.45834717
56.36999893,2.15744141,1.45968994
56.38000107,2.15229004,1.46099609
56.38999939,2.14732910,1.46227051
56.40000153,2.14255859,1.46351074
56.40999985,2.13798340,1.46471436
56.41999817,2.20417969,1.46588379
56.43000031,2.19993164,1.46701660
56.43999863,2.19589111,1.46811279
56.45000076,2.25704102,1.46916748
56.45999908,2.25877686,1.47018555
56.47000122,2.25530518,1.47115967
56.47999954,2.25204834,1.47209473
56.49000168,2.24900879,1.47298340
56.50000000,2.24620117,1.47381836
56.50999832,2.31376709,1.47460449
56.52000046,2.31137207,1.47534424
56.52999878,2.30920654,1.47603516
56.54000092,2.30727295,1.47667480
56.54999924,2.30557617,1.47726074
56.56000137,2.30411133,1.47779541
56.56999969,2.37290527,1.47827637
56.58000183,2.37190918,1.47869873
56.59000015,2.37115967,1.47906250
56.59999847,2.37064697,1.47937744
56.61000061,2.37037598,1.47964111
56.61999893,2.44034912,1.47985352
56.63000107,2.44056396,1.48001709
56.63999939,2.44102295,1.48013184
56.65000153,2.44173340,1.48018799
56.65999985,2.44269287,1.48019043
56.66999817,2.44389404,1.48014648
56.68000031,2.44533936,1.48005371
56.68999863,2.44702637,1.47991699
56.70000076,2.44895508,1.47973145
56.70999908,2.45112549,1.47950195
56.72000122,2.45354736,1.47921631
56.72999954,2.45621094,1.47888428
56.74000168,2.45911621,1.47851074
56.75000000,2.46225830,1.47809082
56.75999832,2.46563721,1.47763184
56.77000046,2.46925781,1.47713135
56.77999878,2.47311035,1.47659180
56.79000092,2.47721436,1.47599854
56.79999924,2.48155273,1.47536621
56.81000137,2.48612305,1.47469482
56.81999969,2.49092773,1.47398682
56.83000183,2.49596436,1.47324219
56.84000015,2.50123047,1.47246094
56.84999847,2.50672607,1.47164307
56.86000061,2.51246094,1.47077881
56.86999893,2.51842285,1.46988281
56.88000107,2.52461426,1.46895020
56.88999939,2.53102783,1.46798584
56.90000153,2.53766846,1.46698730
56.90999985,2.54452881,1.46595703
56.91999817,2.55161377,1.46489502
56.93000031,2.55891846,1.46379883
56.93999863,2.56645020,1.46266602
56.95000076,2.57420410,1.46149902
56.95999908,2.58217041,1.46030273
56.97000122,2.58152344,1.45907715
56.97999954,2.52631104,1.45782227
56.99000168,2.53479248,1.45653564
57.00000000,2.54347900,1.45521973
57.00999832,2.55237305,1.45387451
57.02000046,2.56147705,1.45250000
57.02999878,2.57078369,1.45109375
57.04000092,2.58030029,1.44965088
57.04999924,2.59001465,1.44818115
57.06000137,2.59993164,1.44668213
57.06999969,2.61004395,1.44515381
57.08000183,2.62035889,1.44359619
57.09000015,2.63086670,1.44200928
57.09999847,2.64156982,1.44039063
57.11000061,2.57808350,1.43874268
57.11999893,2.58900146,1.43706299
57.13000107,2.60010986,1.43535156
57.13999939,2.61140137,1.35870117
57.15000153,2.62288086,1.35674805
57.15999985,2.62931641,1.35475830
57.16999817,2.57092041,1.35273682
57.18000031,2.58275635,1.35067139
57.18999863,2.59476074,1.34857422
57.20000076,2.60694580,1.34643555
57.20999908,2.61929687,1.34426270
57.22000122,2.63182373,1.34204834
57.22999954,2.64451416,1.33979492
57.24000168,2.65737549,1.33750244
57.25000000,2.63438965,1.33516846
57.25999832,2.60633789,1.33279541
57.27000046,2.61947754,1.33037842
57.27999878,2.63276611,1.32791992
57.29000092,2.64621094,1.32541504
57.29999924,2.65980225,1.32286621
57.31000137,2.65334473,1.24196289
57.31999969,2.60890625,1.23910156
57.33000183,2.62272217,1.23618896
57.34000015,2.63667236,1.23322998
57.34999847,2.62193604,1.23021729
57.36000061,2.58555664,1.22715088
57.36999893,2.59968262,1.22403076
57.38000107,2.61394043,1.22085205
57.38999939,2.59855713,1.13749756
57.40000153,2.56246094,1.13397217
57.40999985,2.57684082,1.13039063
57.41999817,2.59133789,1.12674561
57.43000031,2.58231689,1.12303711
57.43999863,2.54488037,1.11926758
57.45000076,2.50838135,1.11542969
57.45999908,2.48684082,1.11153076
57.47000122,2.50137939,1.10756592
57.47999954,2.51600586,1.10353027
57.49000168,2.50358154,1.09942383
57.50000000,2.47042725,1.09524658
57.50999832,2.43807373,1.09099609
57.52000046,2.40648437,1.08667236
57.52999878,2.37565430,1.08227539
57.54000092,2.34552979,1.07779785
57.54999924,2.31612061,1.07324707
57.56000137,2.28737305,1.06861572
57.56999969,2.25928711,1.06390869
57.58000183,2.24301514,1.05911621
57.59000015,2.25717041,1.05424316
57.59999847,2.27137451,1.04928955
57.61000061,2.27527344,1.04425781
57.61999893,2.24943604,1.03914307
57.63000107,2.22839355,1.03394287
57.63999939,2.24251709,1.02866211
57.65000153,2.25667480,1.02329590
57.65999985,2.27041504,0.93129883
57.66999817,2.24655518,0.92553467
57.68000031,2.22316162,0.91968750
57.68999863,2.20023926,0.91375732
57.70000076,2.17775146,0.90774414
57.70999908,2.16675049,0.90164795
57.72000122,2.18059570,0.89546387
57.72999954,2.19444824,0.88919922
57.74000168,2.20682861,0.88284668
57.75000000,2.18592041,0.87641846
57.75999832,2.16538818,0.86990723
57.77000046,2.14521240,0.86331299
57.77999878,2.12540283,0.85663818
57.79000092,2.10594238,0.84987793
57.79999924,2.08681885,0.84303467
57.81000137,2.06801270,0.83610840
57.81999969,2.04952637,0.82910400
57.83000183,2.03133301,0.82202148
57.84000015,2.01343750,0.81486084
57.84999847,1.99582764,0.80762207
57.86000061,1.97849365,0.80030029
57.86999893,1.96143555,0.79290527
57.88000107,1.94462891,0.78543213
57.88999939,1.92807861,0.77788574
57.90000153,1.91176514,0.77026123
57.90999985,1.89569092,0.76256348
57.91999817,1.87984375,0.75479736
57.93000031,1.86421143,0.74695313
57.93999863,1.84880859,0.73904053
57.95000076,1.85079346,0.74734619
57.95999908,1.86308105,0.75661621
57.97000122,1.87534424,0.76588379
57.97999954,1.88757080,0.77514648
57.99000168,1.88140137,0.78440918
58.00000000,1.86694580,0.78306641
58.00999832,1.85267090,0.77481934
58.02000046,1.83856934,0.76650879
58.02999878,1.82464111,0.75813477
58.04000092,1.81087646,0.74969482
58.04999924,1.79727783,0.74119385
58.06000137,1.79682129,0.73263184
58.06999969,1.80848389,0.72401367
58.08000183,1.82011475,0.71532959
58.09000015,1.83170166,0.70659180
58.09999847,1.83625000,0.69780029
58.11000061,1.82338379,0.68895264
58.11999893,1.81065674,0.69640381
58.13000107,1.79805664,0.70604492
58.13999939,1.78559326,0.71568604
58.15000153,1.77324951,0.72533936
58.15999985,1.76103271,0.73500000
58.16999817,1.74893555,0.72952393
58.18000031,1.74432129,0.72040283
58.18999863,1.75527832,0.71123779
58.20000076,1.76618896,0.70202148
58.20999908,1.77703857,0.69276855
58.22000122,1.78784424,0.68980225
58.22999954,1.78208740,0.69964600
58.24000168,1.77067383,0.70950928
58.25000000,1.75936523,0.71938721
58.25999832,1.74815674,0.72928223
58.27000046,1.73703613,0.73164795
58.27999878,1.72601318,0.72215332
58.29000092,1.71508057,0.71261963
58.29999924,1.70424072,0.70305664
58.31000137,1.69348145,0.69345459
58.31999969,1.68281006,0.68617432
58.33000183,1.67221680,0.69627686
58.34000015,1.66170654,0.70640381
58.34999847,1.65127686,0.71655518
58.36000061,1.64628906,0.72674316
58.36999893,1.65611816,0.73067627
58.38000107,1.66588867,0.72087158
58.38999939,1.67558594,0.71104492
58.40000153,1.68522217,0.70118896
58.40999985,1.69320068,0.69131348
58.41999817,1.68329102,0.68557861
58.43000031,1.67344727,0.69599854
58.43999863,1.66367188,0.70645264
58.45000076,1.65396240,0.71695068
58.45999908,1.64621582,0.72749023
58.47000122,1.65538330,0.73807617
58.47999954,1.66447510,0.74870361
58.49000168,1.67349121,0.75938477
58.50000000,1.68243164,0.77010986
58.50999832,1.69129395,0.78088623
58.52000046,1.69118896,0.79172363
58.52999878,1.68203613,0.80261230
58.54000092,1.67293701,0.81356201
58.54999924,1.66390137,0.82456787
58.56000137,1.65491943,0.83564453
58.56999969,1.64599609,0.84677979
58.58000183,1.63712646,0.85798340
58.59000015,1.62831543,0.86925293
58.59999847,1.61955566,0.87913086
58.61000061,1.61084473,0.86874268
58.61999893,1.60218994,0.85834961
58.63000107,1.60272705,0.84794678
58.63999939,1.61067383,0.83754639
58.65000153,1.61854004,0.83368896
58.65999985,1.62631592,0.84537598
58.66999817,1.63400635,0.85714844
58.68000031,1.64160645,0.86900879
58.68999863,1.64837402,0.87914795
58.70000076,1.64026855,0.86862549
58.70999908,1.63221924,0.85811523
58.72000122,1.62421387,0.84760254
58.72999954,1.61626221,0.83709961
58.74000168,1.60835693,0.83591064
58.75000000,1.60050293,0.84827148
58.75999832,1.59270264,0.86073730
58.77000046,1.58494629,0.87332031
58.77999878,1.57723877,0.87719727
58.79000092,1.56957275,0.86660889
58.79999924,1.56195557,0.85603760
58.81000137,1.55438477,0.84547363
58.81999969,1.54685791,0.83493164
58.83000183,1.53937500,0.84304688
58.84000015,1.53194336,0.85624268
58.84999847,1.52455322,0.86957520
58.86000061,1.51720947,0.88304932
58.86999893,1.50991211,0.89666504
58.88000107,1.50265381,0.91043457
58.88999939,1.50708496,0.92435547
58.90000153,1.51307861,0.93843994
58.90999985,1.51896973,0.95268311
58.91999817,1.52477051,0.96709229
58.93000031,1.53047852,0.98168701
58.93999863,1.53608643,0.97967773
58.95000076,1.54160400,0.96890381
58.95999908,1.54702393,0.95815918
58.97000122,1.55202148,0.94744141
58.97999954,1.54556641,0.94428223
58.99000168,1.53917236,0.95964844
59.00000000,1.53282715,0.97521973
59.00999832,1.52653564,0.99100586
59.02000046,1.52029053,1.00701904
59.02999878,1.51409180,1.02325928
59.04000092,1.50794434,1.03974121
59.04999924,1.50386963,1.03830811
59.06000137,1.50855713,1.02750977
59.06999969,1.51315186,1.01675781
59.08000183,1.51766113,1.00604736
59.09000015,1.52208008,1.00764160
59.09999847,1.52640625,1.02517334
59.11000061,1.53064941,1.04299072
59.11999893,1.53480469,1.06109131
59.13000107,1.53887939,1.07949951
59.13999939,1.54287109,1.09821289
59.15000153,1.54678223,1.11725830
59.15999985,1.55061523,1.13662354
59.16999817,1.55436768,1.15633545
59.18000031,1.55043213,1.15625977
59.18999863,1.54559814,1.14548340
59.20000076,1.54081055,1.13476563
59.20999908,1.53607178,1.12411865
59.22000122,1.53138184,1.13355469
59.22999954,1.52673828,1.15478760
59.24000168,1.52214111,1.17643799
59.25000000,1.51758545,1.19850586
59.25999832,1.51307617,1.22101074
59.27000046,1.50860352,1.22726074
59.27999878,1.50417236,1.21665771
59.29000092,1.49978027,1.20613281
59.29999924,1.49542725,1.19568848
59.31000137,1.49110596,1.20587158
59.31999969,1.48682617,1.23035400
59.33000183,1.48257324,1.25538086
59.34000015,1.47836182,1.28095947
59.34999847,1.47418457,1.30711182
59.36000061,1.47004150,1.33387207
59.36999893,1.46592529,1.36124512
59.38000107,1.46184082,1.35615234
59.38999939,1.45899902,1.34582275
59.40000153,1.46168945,1.33558105
59.40999985,1.46432617,1.33109375
59.41999817,1.46690674,1.36061523
59.43000031,1.46944092,1.39089111
59.43999863,1.47192139,1.42193115
59.45000076,1.47435303,1.44355957
59.45999908,1.47673340,1.43349609
59.47000122,1.47906738,1.42353516
59.47999954,1.48135010,1.41368164
59.49000168,1.48359131,1.43165283
59.50000000,1.48578369,1.46637939
59.50999832,1.48793213,1.50209229
59.52000046,1.49003662,1.53022705
59.52999878,1.49209717,1.52052490
59.54000092,1.49411377,1.51093750
59.54999924,1.49608643,1.50147217
59.56000137,1.49802002,1.52560303
59.56999969,1.49991211,1.56613770
59.58000183,1.50176270,1.60797119
59.59000015,1.50357666,1.61700684
59.59999847,1.50534668,1.60777588
59.61000061,1.50708008,1.59866943
59.61999893,1.50877441,1.60378906
59.63000107,1.51043457,1.65046387
59.63999939,1.51205566,1.64735596
59.65000153,1.51364014,1.63859863
59.65999985,1.51519043,1.62997559
59.66999817,1.51670166,1.65440430
59.68000031,1.51817871,1.70706787
59.68999863,1.51961914,1.75372070
59.70000076,1.52102539,1.74533203
59.70999908,1.52239502,1.73708984
59.72000122,1.52373291,1.72899170
59.72999954,1.52503662,1.78184326
59.74000168,1.52630615,1.84463623
59.75000000,1.52753906,1.85255127
59.75999832,1.52874268,1.84476318
59.77000046,1.52991211,1.83712891
59.77999878,1.53104980,1.88072510
59.79000092,1.53215332,1.89525879
59.79999924,1.53322510,1.88797363
59.81000137,1.53426270,1.88084473
59.81999969,1.53526855,1.87388428
59.83000183,1.53624268,1.86708740
59.84000015,1.53718262,1.86045898
59.84999847,1.53809082,1.90530029
59.86000061,1.53896729,1.91976563
59.86999893,1.53980713,1.91353760
59.88000107,1.54061279,1.90748047
59.88999939,1.54138428,1.90160156
59.90000153,1.54212646,1.89589844
59.90999985,1.54283447,1.89037354
59.91999817,1.54351074,1.88502441
59.93000031,1.54415283,1.87985596
59.93999863,1.54476318,1.87486816
59.95000076,1.54533691,1.87006104
59.95999908,1.54588135,1.86543701
59.97000122,1.54639160,1.86099609
59.97999954,1.54686768,1.85674072
59.99000168,1.54730225,1.85267578
60.00000000,1.54770508,1.84879883
60.00999832,1.54807129,1.91580078
60.02000046,1.54840332,1.91223389
60.02999878,1.54870117,1.90885986
60.04000092,1.54896484,1.90567627
60.04999924,1.54919434,1.90269043
60.06000137,1.54938965,1.89989746
60.06999969,1.54955078,1.89729980
60.08000183,1.54968018,1.89489258
60.09000015,1.54977783,1.89268311
60.09999847,1.54983887,1.89067139
60.11000061,1.54986816,1.88885498
60.11999893,1.54987305,1.88723145
60.13000107,1.54984619,1.88579834
60.13999939,1.54979492,1.88455811
60.15000153,1.54971924,1.88351074
60.15999985,1.54961670,1.88265381
60.16999817,1.54949219,1.88198730
60.18000031,1.54934570,1.88151123
60.18999863,1.54917480,1.88122803
60.20000076,1.54898438,1.88113037
60.20999908,1.54876953,1.88123047
60.22000122,1.54853271,1.88152100
60.22999954,1.54827881,1.88200195
60.24000168,1.54800537,1.88266846
60.25000000,1.54771729,1.88352539
60.25999832,1.54741211,1.88456787
60.27000046,1.54708984,1.88580078
60.27999878,1.54675537,1.88721924
60.29000092,1.54640625,1.88882568
60.29999924,1.54604492,1.89061768
60.31000137,1.54567139,1.89259766
60.31999969,1.54528564,1.89476563
60.33000183,1.54488770,1.89711670
60.34000015,1.54447754,1.89965820
60.34999847,1.54405518,1.90238770
60.36000061,1.54362305,1.90530273
60.36999893,1.54318115,1.90840088
60.38000107,1.54273193,1.91168457
60.38999939,1.54227295,1.91515381
60.40000153,1.54180908,1.91880859
60.40999985,1.54133789,1.92264648
60.41999817,1.54085938,1.92666992
60.43000031,1.54037598,1.93087891
60.43999863,1.53988525,1.93526855
60.45000076,1.53938965,1.93984863
60.45999908,1.53888916,1.94460693
60.47000122,1.53838135,1.94955322
60.47999954,1.53787109,1.95468262
60.49000168,1.53735352,1.95999756
60.50000000,1.53683350,1.96549561
60.50999832,1.53630859,1.97117920
60.52000046,1.53577881,1.97705078
60.52999878,1.53524658,1.98310303
60.54000092,1.53470703,1.98934570
60.54999924,1.53416504,1.99576904
60.56000137,1.53361572,2.00238037
60.56999969,1.53306396,2.00917480
60.58000183,1.53250977,2.01615967
60.59000015,1.53195068,2.02332764
60.59999847,1.53138672,2.03067871
60.61000061,1.53081787,2.03822021
60.61999893,1.53024658,2.04594482
60.63000107,1.52967041,2.05385742
60.63999939,1.52908691,2.06195557
60.65000153,1.52850098,2.07024414
60.65999985,1.52790771,2.05572998
60.66999817,1.52731201,2.01361084
60.68000031,1.52670654,2.02229492
60.68999863,1.52609619,2.03116211
60.70000076,1.52547852,2.04021729
60.70999908,1.52485352,2.04945068
60.72000122,1.52422119,2.05887695
60.72999954,1.52358154,2.06848389
60.74000168,1.52293213,2.07828369
60.75000000,1.52227539,2.08504395
60.75999832,1.52160645,2.02637451
60.77000046,1.52093018,2.03318115
60.77999878,1.52024414,2.04352295
60.79000092,1.51954346,2.05405029
60.79999924,1.51883057,2.06476318
60.81000137,1.51810791,2.07566650
60.81999969,1.51736816,2.05889404
60.83000183,1.36280029,2.02112549
60.84000015,1.36157959,2.03235596
60.84999847,1.36033447,2.04377197
60.86000061,1.35906250,2.02850830
60.86999893,1.35776611,1.98932617
60.88000107,1.35644287,2.00105957
60.88999939,1.35509277,2.01297363
60.90000153,1.35371582,2.00509521
60.90999985,1.35231445,1.96217041
60.91999817,1.35087891,1.97072998
60.93000031,1.34941650,1.98312012
60.93999863,1.34792236,1.98769287
60.95000076,1.34639404,1.94783447
60.95999908,1.34483643,1.94123047
60.97000122,1.34324219,1.95407715
60.97999954,1.34161133,1.96709717
60.99000168,1.33994385,1.93831055
61.00000000,1.33823730,1.91240967
61.00999832,1.33649170,1.92567871
61.02000046,1.33470947,1.93913330
61.02999878,1.33288574,1.93308350
61.04000092,1.33101807,1.89925049
61.04999924,1.32911133,1.89781006
61.06000137,1.32715332,1.91167480
61.06999969,1.32514893,1.92571045
61.08000183,1.32310303,1.89988037
61.09000015,1.32100830,1.86886963
61.09999847,1.31886475,1.83859375
61.11000061,1.31666992,1.81442383
61.11999893,1.31442871,1.82870850
61.13000107,1.31213135,1.84318115
61.13999939,1.30979004,1.84582520
61.15000153,1.30739502,1.81784912
61.15999985,1.30494873,1.79049316
61.16999817,1.30244873,1.76373047
61.18000031,1.29989502,1.74427979
61.18999863,1.29728760,1.75913574
61.20000076,1.29461670,1.77418457
61.20999908,1.29189209,1.77758789
61.22000122,1.28910889,1.75267822
61.22999954,1.28626953,1.72828125
61.24000168,1.28336914,1.70435547
61.25000000,1.28041016,1.68090820
61.25999832,1.27739014,1.68856689
61.27000046,1.27431152,1.70416504
61.27999878,1.27117188,1.71994629
61.29000092,1.26796631,1.70099365
61.29999924,1.26469971,1.67901123
61.31000137,1.26136230,1.65742920
61.31999969,1.25796143,1.63624756
61.33000183,1.25449463,1.61651367
61.34000015,1.25096436,1.63264648
61.34999847,1.24736328,1.64897217
61.36000061,1.24369385,1.66029541
61.36999893,1.23995605,1.64033447
61.38000107,1.23614502,1.62070557
61.38999939,1.23226807,1.60141602
61.40000153,1.22832275,1.58244141
61.40999985,1.22429688,1.56379395
61.41999817,1.22020264,1.57603027
61.43000031,1.21603516,1.59310547
61.43999863,1.21178711,1.61038330
61.45000076,1.20746582,1.59244873
61.45999908,1.20307373,1.57476807
61.47000122,1.19860107,1.55735840
61.47999954,1.19405518,1.54022461
61.49000168,1.18942383,1.52335205
61.50000000,1.18471191,1.51834473
61.50999832,1.17991699,1.53618408
61.52000046,1.17503906,1.55425537
61.52999878,1.17008057,1.55502686
61.54000092,1.16503418,1.53897217
61.54999924,1.15989990,1.52316650
61.56000137,1.15467529,1.50759033
61.56999969,1.14936279,1.49224609
61.58000183,1.14395020,1.47712646
61.59000015,1.13844727,1.46222900
61.59999847,1.13285400,1.44755127
61.61000061,1.12716064,1.43308105
61.61999893,1.12136719,1.42871338
61.63000107,1.11547363,1.44771729
61.63999939,1.10948242,1.46694580
61.65000153,1.10338623,1.46920410
61.65999985,1.09718018,1.45539307
61.66999817,1.09086670,1.44177490
61.68000031,1.08444336,1.42833984
61.68999863,1.07791504,1.41509766
61.70000076,1.07126465,1.40203125
61.70999908,1.06450684,1.38914551
61.72000122,0.94566162,1.37643311
61.72999954,0.93806396,1.36390137
61.74000168,0.93033447,1.35153809
61.75000000,0.92247559,1.33934570
61.75999832,0.91448975,1.32731445
61.77000046,0.90636475,1.31543945
61.77999878,0.89811279,1.30372803
61.79000092,0.89909668,1.29216309
61.79999924,0.90369385,1.28075928
61.81000137,0.90824951,1.26950439
61.81999969,0.91276611,1.25840332
61.83000183,0.91724609,1.24744141
61.84000015,0.92168945,1.23662598
61.84999847,0.92609619,1.22594971
61.86000061,0.93047119,1.21540527
61.86999893,0.93480713,1.20500488
61.88000107,0.92992432,1.19473633
61.88999939,0.92072510,1.18460693
61.90000153,0.91136475,1.17459961
61.90999985,0.90184814,1.16472412
61.91999817,0.89217041,1.15497559
61.93000031,0.88232422,1.14534424
61.93999863,0.88019531,1.13584229
61.95000076,0.88447510,1.12645752
61.95999908,0.88871826,1.11719482
61.97000122,0.89292969,1.10804443
61.97999954,0.89710693,1.09901123
61.99000168,0.90125244,1.09009033
62.00000000,0.90536377,1.08128174
62.00999832,0.90943848,1.07258789
62.02000046,0.91348145,1.06400146
62.02999878,0.90760010,1.05552490
62.04000092,0.89653809,1.04715088
62.04999924,0.88528564,1.03888428
62.06000137,0.87383545,1.03071533
62.06999969,0.86218506,1.02265137
62.08000183,0.85576416,1.01469482
62.09000015,0.85975586,1.00683594
62.09999847,0.86371826,0.99907471
62.11000061,0.86764893,0.99140869
62.11999893,0.87154785,0.98383789
62.13000107,0.87541992,0.97635986
62.13999939,0.87925537,0.96897949
62.15000153,0.88305664,0.96169189
62.15999985,0.88682861,0.95449951
62.16999817,0.89056885,0.94739502
62.18000031,0.89428223,0.94037842
62.18999863,0.89796875,0.93344727
62.20000076,0.90162354,0.92660645
62.20999908,0.90524658,0.91985840
62.22000122,0.90884033,0.91319336
62.22999954,0.91240479,0.90661377
62.24000168,0.91594482,0.90011475
62.25000000,0.91945557,0.89370117
62.25999832,0.92293945,0.88736816
62.27000046,0.92639160,0.88111816
62.27999878,0.92981201,0.87495605
62.29000092,0.93320801,0.86886963
62.29999924,0.93657715,0.87845703
62.31000137,0.93992188,0.90401367
62.31999969,0.94324219,0.92909668
62.33000183,0.94653320,0.92321533
62.34000015,0.94231689,0.91741699
62.34999847,0.92664063,0.91170166
62.36000061,0.91068604,0.90605713
62.36999893,0.89445313,0.90049072
62.38000107,0.88518311,0.89499756
62.38999939,0.88841064,0.88958252
62.40000153,0.89160889,0.88424561
62.40999985,0.89478027,0.87898926
62.41999817,0.89792480,0.87380615
62.43000031,0.90104736,0.86869141
62.43999863,0.90414063,0.86365479
62.45000076,0.90721191,0.85868408
62.45999908,0.98694580,0.85379639
62.47000122,0.98987793,0.84898193
62.47999954,0.99278809,0.84423828
62.49000168,0.99567627,0.83956299
62.50000000,0.99854492,0.83495850
62.50999832,1.00139404,0.83042236
62.52000046,1.00421875,0.82595947
62.52999878,1.00701904,0.82156738
62.54000092,1.00980713,0.81723633
62.54999924,1.01257568,0.81297363
62.56000137,1.01533203,0.80877197
62.56999969,1.01807373,0.80463379
62.58000183,1.02080078,0.80055908
62.59000015,1.02351318,0.79655029
62.59999847,1.02621338,0.79260254
62.61000061,1.02890869,0.78871094
62.61999893,1.03159180,0.78487793
62.63000107,1.03427002,0.78110352
62.63999939,1.03693848,0.77738525
62.65000153,1.03959961,0.77372559
62.65999985,1.04225830,0.77012451
62.66999817,1.02124756,0.76657715
62.68000031,0.99851074,0.76307861
62.68999863,0.97546143,0.75963867
62.70000076,0.97751221,0.75624756
62.70999908,0.98019775,0.75291504
62.72000122,0.98288818,0.74963135
62.72999954,0.98557861,0.74640137
62.74000168,0.98827881,0.74321777
62.75000000,0.99098633,0.74008545
62.75999832,0.99370361,0.73700195
62.77000046,0.99642822,0.73396973
62.77999878,0.99916260,0.73098633
62.79000092,1.00190918,0.72804932
62.79999924,1.00467285,0.72516357
62.81000137,1.00745605,0.72232178
62.81999969,1.01025635,0.71952637
62.83000183,1.01307861,0.71677734
62.84000015,1.01591797,0.71407959
62.84999847,1.01878418,0.71142822
62.86000061,1.02167969,0.70881836
62.86999893,1.02459961,0.70625488
62.88000107,1.02755615,0.70373535
62.88999939,1.03054443,0.70126465
62.90000153,1.03356445,0.69883545
62.90999985,1.03661865,0.69645508
62.91999817,1.03971924,0.69411865
62.93000031,1.04285889,0.69182373
62.93999863,1.04604004,0.68957031
62.95000076,1.04927246,0.68736328
62.95999908,1.05255127,0.68520020
62.97000122,1.05587891,0.68307861
62.97999954,1.05926025,0.68099854
62.99000168,1.06270020,0.67896484
63.00000000,1.06619385,0.67696777
63.00999832,1.04741943,0.67501221
63.02000046,1.01652588,0.67310059
63.02999878,1.00103027,0.67122314
63.04000092,1.00468994,0.66938477
63.04999924,1.00841064,0.66758545
63.06000137,1.01219727,0.66582275
63.06999969,1.01604248,0.66409180
63.08000183,1.09642822,0.66239746
63.09000015,1.10051514,0.66073730
63.09999847,1.10467773,0.65910645
63.11000061,1.10891113,0.65750732
63.11999893,1.11322266,0.65593750
63.13000107,1.11761719,0.65439941
63.13999939,1.12209229,0.67143555
63.15000153,1.12665527,0.68901123
63.15999985,1.13130127,0.70617676
63.16999817,1.13603760,0.72293213
63.18000031,1.14086914,0.72484619
63.18999863,1.14578857,0.72361816
63.20000076,1.15081055,0.72241943
63.20999908,1.15593262,0.72124756
63.22000122,1.16115723,0.72010498
63.22999954,1.16649170,0.71898926
63.24000168,1.17194092,0.71790039
63.25000000,1.17749756,0.71683594
63.25999832,1.18317383,0.71579834
63.27000046,1.18897705,0.71478516
63.27999878,1.18295654,0.71379639
63.29000092,1.15207275,0.71282959
63.29999924,1.12719971,0.71188965
63.31000137,1.13331299,0.71097168
63.31999969,1.13956055,0.71007568
63.33000183,1.14595703,0.70919922
63.34000015,1.15250000,0.70834717
63.34999847,1.15919678,0.70751465
63.36000061,1.16605957,0.70670166
63.36999893,1.17308350,0.70874023
63.38000107,1.18028320,0.72066895
63.38999939,1.18766113,0.73228516
63.40000153,1.19523193,0.74359619
63.40999985,1.20299316,0.75460693
63.41999817,1.21095459,0.76533447
63.43000031,1.21912598,0.77578125
63.43999863,1.22751465,0.78469238
63.45000076,1.22012939,0.78437988
63.45999908,1.19177246,0.78409180
63.47000122,1.16916260,0.78382568
63.47999954,1.17813232,0.78358643
63.49000168,1.18735352,0.78336426
63.50000000,1.19683350,0.78316650
63.50999832,1.20658447,0.78298828
63.52000046,1.21662354,0.78282959
63.52999878,1.22695801,0.78269043
63.54000092,1.23760010,0.78257324
63.54999924,1.24855225,0.78246338
63.56000137,1.25984131,0.78237305
63.56999969,1.24726807,0.78229004
63.58000183,1.22107910,0.79000000
63.59000015,1.20549072,0.79759521
63.59999847,1.21769775,0.80498535
63.61000061,1.23029541,0.81216797
63.61999893,1.24329102,0.81915039
63.63000107,1.25671631,0.82593262
63.63999939,1.27057373,0.83252441
63.65000153,1.28489502,0.83893066
63.65999985,1.29969238,0.84514648
63.66999817,1.31491943,0.85118164
63.68000031,1.29047119,0.85703857
63.68999863,1.26649170,0.86271729
63.70000076,1.26659668,0.86822754
63.70999908,1.28334473,0.87356201
63.72000122,1.30068848,0.87873535
63.72999954,1.31864746,0.88085938
63.74000168,1.33726074,0.88147949
63.75000000,1.32499756,0.88206787
63.75999832,1.30260986,0.88263672
63.77000046,1.29370361,0.88318359
63.77999878,1.31424561,0.88370361
63.79000092,1.33558105,0.88419434
63.79999924,1.35774414,0.88462646
63.81000137,1.38078613,0.88500488
63.81999969,1.36053711,0.88533936
63.83000183,1.33998291,0.88562012
63.84000015,1.34400146,0.88582275
63.84999847,1.36965088,0.88594238
63.86000061,1.39635742,0.88598877
63.86999893,1.42414551,0.88595215
63.88000107,1.41923828,0.88581299
63.88999939,1.40036133,0.88555908
63.90000153,1.39478516,0.88520508
63.90999985,1.42596680,0.88474609
63.91999817,1.43174561,0.88412842
63.93000031,1.41430664,0.88338623
63.93999863,1.40110840,0.88251709
63.95000076,1.43627197,0.88148682
63.95999908,1.44795166,0.88029785
63.97000122,1.43203857,0.87895996
63.97999954,1.41665283,0.87745117
63.99000168,1.40179199,0.87722656
64.00000000,1.38743408,0.87836670
64.01000214,1.39959229,0.87933594
64.01999664,1.44027344,0.88009277
64.02999878,1.42699219,0.88068848
64.04000092,1.41419434,0.88112793
64.05000305,1.43189453,0.88139160
64.05999756,1.46843506,0.88149902
64.06999969,1.45669678,0.88146484
64.08000183,1.44541992,0.88129883
64.08999634,1.47713867,0.88097412
64.09999847,1.50111572,0.88052734
64.11000061,1.49085205,0.87996826
64.12000275,1.48103027,0.87929688
64.12999725,1.53784912,0.87849854
64.13999939,1.53819824,0.87760498
64.15000153,1.52933838,0.87662598
64.16000366,1.54655518,0.87555908
64.16999817,1.58745605,0.87439453
64.18000031,1.57953613,0.87315186
64.19000244,1.57201172,0.87184326
64.19999695,1.56487305,0.87047363
64.20999908,1.55810547,0.86904297
64.22000122,1.57766602,0.86754883
64.23000336,1.61876465,0.86599854
64.23999786,1.61286865,0.86440186
64.25000000,1.60732422,0.86276367
64.26000214,1.60212402,0.86108643
64.26999664,1.59726318,0.85937744
64.27999878,1.63316650,0.85763428
64.29000092,1.66041748,0.85585938
64.30000305,1.65636719,0.85405029
64.30999756,1.65264160,0.85222168
64.31999969,1.64922363,0.85037109
64.33000183,1.64611328,0.84850342
64.33999634,1.71444580,0.84662109
64.34999847,1.71180420,0.84472168
64.36000061,1.70946045,0.84281250
64.37000275,1.70740967,0.84088867
64.37999725,1.70564697,0.83895996
64.38999939,1.70416504,0.83702148
64.40000153,1.77346191,0.83507568
64.41000366,1.77244873,0.83312256
64.41999817,1.77171143,0.83116699
64.43000031,1.77124512,0.82920410
64.44000244,1.77104736,0.82723877
64.44999695,1.77111084,0.82527100
64.45999908,1.77143066,0.82330078
64.47000122,1.77200684,0.82132813
64.48000336,1.77282959,0.81935303
64.48999786,1.77390137,0.81738037
64.50000000,1.77521484,0.81540527
64.51000214,1.77676758,0.81343018
64.51999664,1.77855469,0.81145508
64.52999878,1.78057617,0.80947510
64.54000092,1.78282959,0.80749756
64.55000305,1.78531006,0.80551758
64.55999756,1.78801270,0.80353760
64.56999969,1.79093750,0.80155518
64.58000183,1.79408203,0.79957031
64.58999634,1.79744141,0.79758545
64.59999847,1.80101807,0.79559814
64.61000061,1.87503174,0.79360840
64.62000275,1.87908203,0.79161621
64.62999725,1.88334473,0.78961914
64.63999939,1.88781738,0.78761719
64.65000153,1.89250244,0.78561279
64.66000366,1.89739258,0.78360352
64.66999817,1.90248535,0.78158936
64.68000031,1.90778320,0.77956787
64.69000244,1.91328369,0.77753906
64.69999695,1.91897949,0.77550537
64.70999908,1.92488525,0.77345703
64.72000122,1.93098633,0.77139893
64.73000336,1.93728516,0.76933350
64.73999786,1.94377197,0.76725830
64.75000000,1.95045898,0.76517090
64.76000214,1.95733643,0.76307129
64.76999664,1.96439941,0.76095947
64.77999878,1.97165771,0.75883545
64.79000092,1.97910645,0.75669434
64.80000305,1.98674072,0.75453857
64.80999756,1.98506104,0.75236572
64.81999969,1.93013428,0.75017090
64.83000183,1.93817383,0.74795654
64.83999634,1.94638428,0.74572754
64.84999847,1.95477295,0.74347656
64.86000061,1.96334229,0.74120605
64.87000275,1.97208496,0.73891357
64.87999725,1.98099609,0.73659424
64.88999939,1.99009033,0.73424561
64.90000153,1.99935791,0.73187012
64.91000366,2.00879639,0.72946777
64.91999817,2.01839111,0.72703613
64.93000031,1.96308105,0.72457520
64.94000244,1.96348877,0.73513428
64.94999695,1.97336914,0.74650879
64.95999908,1.98341309,0.75755615
64.97000122,1.99361816,0.76828369
64.98000336,2.00397705,0.77874023
64.98999786,1.97911133,0.78472656
65.00000000,1.94926270,0.78222656
65.01000214,1.95984863,0.77968994
65.01999664,1.97055664,0.77711426
65.02999878,1.93900146,0.77448975
65.04000092,1.91566162,0.77181885
65.05000305,1.92658447,0.76910889
65.05999756,1.93763672,0.76635498
65.06999969,1.90978516,0.76355469
65.08000183,1.86363525,0.76071289
65.08999634,1.81911621,0.75782227
65.09999847,1.82682129,0.75487793
65.11000061,1.83809326,0.75188721
65.12000275,1.84682129,0.75220459
65.12999725,1.80588623,0.76200195
65.13999939,1.76614746,0.77162354
65.15000153,1.72757568,0.78107178
65.16000366,1.69011230,0.79035156
65.16999817,1.65375977,0.79947266
65.18000031,1.61838135,0.80844971
65.19000244,1.61101318,0.81728271
65.19999695,1.62248047,0.82595215
65.20999908,1.63409912,0.83448975
65.22000122,1.62300293,0.84289307
65.23000336,1.59065918,0.85115967
65.23999786,1.55911377,0.85930420
65.25000000,1.52831543,0.86732422
65.26000214,1.49823242,0.87521484
65.26999664,1.46886963,0.88298340
65.27999878,1.44015869,0.89063477
65.29000092,1.41209473,0.89816162
65.30000305,1.41030029,0.90558838
65.30999756,1.42223877,0.91289795
65.31999969,1.43434814,0.92010498
65.33000183,1.42983643,0.92720215
65.33999634,1.40363525,0.93418213
65.34999847,1.37794922,0.94106445
65.36000061,1.35277588,0.94784180
65.37000275,1.32810303,0.95451660
65.37999725,1.33758545,0.96109619
65.38999939,1.35020264,0.96758057
65.40000153,1.36300781,0.97395508
65.41000366,1.35061768,0.98024170
65.41999817,1.32736572,0.98642578
65.43000031,1.30452148,0.99252686
65.44000244,1.28208740,0.99853760
65.44999695,1.26007080,1.00445801
65.45999908,1.23843506,1.01028564
65.47000122,1.21718018,1.01602783
65.48000336,1.20156250,1.02169189
65.48999786,1.21491699,1.02726807
65.50000000,1.22848145,1.03275879
65.51000214,1.24225586,1.03817383
65.51999664,1.22423340,1.04349854
65.52999878,1.20435547,1.04874512
65.54000092,1.18480469,1.05391602
65.55000305,1.16557129,1.05901123
65.55999756,1.14666260,1.06403320
65.56999969,1.12804199,1.06898193
65.58000183,1.10972656,1.07384766
65.58999634,1.09171631,1.07864014
65.59999847,1.08945068,1.08335938
65.61000061,1.10408447,1.08800781
65.62000275,1.11895996,1.09259277
65.62999725,1.12334961,1.09710449
65.63999939,1.10611084,1.10155273
65.65000153,1.08914063,1.10592773
65.66000366,1.07243408,1.11023438
65.66999817,1.05599609,1.11447510
65.68000031,1.03979248,1.11865479
65.69000244,1.02383545,1.12277588
65.69999695,1.00812988,1.12683105
65.70999908,0.99265381,1.13083008
65.72000122,0.97741943,1.13476563
65.73000336,0.96240723,1.13864258
65.73999786,0.94763184,1.14245850
65.75000000,0.93306885,1.14621582
65.76000214,0.93687500,1.14992188
65.76999664,0.95350098,1.24711670
65.77999878,0.97045410,1.25023926
65.79000092,0.96958740,1.25330322
65.80000305,0.95562744,1.25632568
65.80999756,0.94189209,1.25929688
65.81999969,0.92835205,1.26222412
65.83000183,0.91500977,1.26510498
65.83999634,0.90188232,1.26793945
65.84999847,0.88894043,1.27072998
65.86000061,0.87618652,1.27347900
65.87000275,0.86362793,1.27618164
65.87999725,0.85127197,1.27883057
65.88999939,0.83910156,1.28144287
65.90000153,0.82710938,1.28401367
65.91000366,0.81530029,1.28653809
65.91999817,0.80368164,1.28902100
65.93000031,0.79223389,1.29146240
65.94000244,0.78096436,1.29385986
65.94999695,0.76987549,1.29621094
65.95999908,0.75895020,1.29853027
65.97000122,0.74819824,1.30080811
65.98000336,0.73761963,1.30303955
65.98999786,0.72721924,1.30522705
66.00000000,0.71697754,1.30737061
66.01000214,0.70689941,1.30947266
66.01999664,0.69699707,1.31153076
66.02999878,0.68725098,1.31354980
66.04000092,0.67766846,1.31552490
66.05000305,0.66824219,1.31746338
66.05999756,0.65898193,1.31935791
66.06999969,0.64987061,1.32121094
66.08000183,0.64091553,1.32302246
66.08999634,0.63212402,1.32479004
66.09999847,0.62347900,1.32652344
66.11000061,0.61498047,1.32822021
66.12000275,0.60663818,1.32987305
66.12999725,0.59844727,1.33148193
66.13999939,0.59039551,1.33305664
66.15000153,0.58249023,1.33458984
66.16000366,0.57472900,1.33608643
66.16999817,0.56711914,1.33754639
66.18000031,0.55964355,1.33896729
66.19000244,0.55230713,1.34034912
66.19999695,0.54511475,1.34169434
66.20999908,0.53805908,1.34300049
66.22000122,0.53114014,1.34427490
66.23000336,0.52435303,1.34551514
66.23999786,0.51770508,1.34671387
66.25000000,0.51118896,1.34787842
66.26000214,0.50479980,1.34900879
66.26999664,0.49854736,1.35010254
66.27999878,0.49241943,1.35116211
66.29000092,0.48641846,1.35218994
66.30000305,0.48054688,1.35318359
66.30999756,0.47480713,1.35413818
66.31999969,0.46918701,1.35505859
66.33000183,0.46547607,1.35594727
66.33999634,0.49662842,1.35680420
66.34999847,0.52851563,1.35762695
66.36000061,0.52320557,1.35841797
66.37000275,0.51801758,1.35917480
66.37999725,0.51295898,1.35989746
66.38999939,0.50801514,1.36058838
66.40000153,0.50319336,1.36125244
66.41000366,0.49848633,1.36188477
66.41999817,0.49390137,1.36248535
66.43000031,0.48943359,1.36305420
66.44000244,0.48507813,1.36359619
66.44999695,0.48084473,1.36410400
66.45999908,0.47671631,1.36458740
66.47000122,0.47270508,1.36503906
66.48000336,0.46880371,1.36546143
66.48999786,0.46501709,1.36585449
66.50000000,0.46133301,1.36622070
66.51000214,0.45775879,1.36656006
66.51999664,0.45429688,1.36686768
66.52999878,0.45093994,1.36715088
66.54000092,0.44768555,1.36740723
66.55000305,0.44453613,1.36763672
66.55999756,0.46152588,1.36783936
66.56999969,0.51081055,1.36801514
66.58000183,0.50785889,1.36816650
66.58999634,0.50501709,1.36829102
66.59999847,0.50227539,1.36838867
66.61000061,0.49963623,1.36845947
66.62000275,0.49709473,1.36850830
66.62999725,0.49465576,1.36853027
66.63999939,0.49231689,1.36852783
66.65000153,0.49007080,1.36850586
66.66000366,0.48792236,1.36845703
66.66999817,0.48587158,1.36838867
66.68000031,0.48391357,1.36829346
66.69000244,0.48204834,1.36817871
66.69999695,0.48027832,1.36803711
66.70999908,0.47859619,1.36787842
66.72000122,0.47700684,1.36769775
66.73000336,0.47550537,1.36749268
66.73999786,0.47409424,1.36726807
66.75000000,0.47276855,1.36702148
66.76000214,0.47153076,1.36675537
66.76999664,0.47038086,1.36646973
66.77999878,0.46931152,1.36616211
66.79000092,0.46832764,1.36583496
66.80000305,0.46742920,1.36548584
66.80999756,0.46661133,1.36511963
66.81999969,0.46587646,1.36473145
66.83000183,0.46522461,1.36432129
66.83999634,0.46465088,1.36389404
66.84999847,0.46415283,1.36344971
66.86000061,0.46373535,1.36298340
66.87000275,0.46339355,1.36250000
66.87999725,0.46312744,1.36199707
66.88999939,0.46293701,1.36147705
66.90000153,0.46282227,1.36093750
66.91000366,0.46278076,1.36038086
66.91999817,0.46281250,1.35980469
66.93000031,0.46291504,1.35921143
66.94000244,0.46308838,1.35859863
66.94999695,0.46333252,1.35796875
66.95999908,0.46364502,1.35732178
66.97000122,0.46402832,1.35665527
66.98000336,0.46447754,1.35597168
66.98999786,0.46499512,1.35527100
67.00000000,0.46557861,1.35455078
67.01000214,0.46623047,1.35381348
67.01999664,0.46694336,1.35305664
67.02999878,0.46772217,1.35228271
67.04000092,0.46856445,1.35149170
67.05000305,0.46946777,1.35068115
67.05999756,0.47043457,1.34985352
67.06999969,0.47146240,1.34900635
67.08000183,0.47255127,1.34813965
67.08999634,0.47369873,1.34725586
67.09999847,0.47490723,1.34635254
67.11000061,0.47617188,1.34542969
67.12000275,0.47749512,1.34448975
67.12999725,0.54896729,1.34352783
67.13999939,0.55042236,1.34254883
67.15000153,0.55193604,1.34154785
67.16000366,0.55350342,1.34052979
67.16999817,0.55512451,1.33948975
67.18000031,0.55680420,1.33843262
67.19000244,0.55853760,1.33735107
67.19999695,0.56032227,1.33625244
67.20999908,0.56216064,1.33513428
67.22000122,0.56405273,1.33399170
67.23000336,0.56599609,1.33283203
67.23999786,0.56798828,1.33165039
67.25000000,0.57003174,1.33044678
67.26000214,0.57212646,1.32922119
67.26999664,0.57427002,1.32797363
67.27999878,0.57645996,1.32670654
67.29000092,0.57869873,1.32541504
67.30000305,0.58098633,1.32410400
67.30999756,0.58331543,1.32276855
67.31999969,0.58569580,1.32140869
67.33000183,0.58812012,1.32002930
67.33999634,0.59058838,1.31862549
67.34999847,0.59310059,1.31719727
67.36000061,0.59565674,1.31574463
67.37000275,0.59825684,1.31427002
67.37999725,0.60089600,1.31277344
67.38999939,0.60357910,1.31124756
67.40000153,0.60630371,1.30970215
67.41000366,0.60906982,1.30812988
67.41999817,0.61187256,1.30653320
67.43000031,0.61471680,1.30491211
67.44000244,0.61759521,1.30326904
67.44999695,0.62051514,1.30159912
67.45999908,0.62347412,1.29990234
67.47000122,0.62646973,1.29818115
67.48000336,0.62950195,1.29643311
67.48999786,0.63256592,1.29466064
67.50000000,0.63566895,1.29286133
67.51000214,0.63880615,1.29103516
67.51999664,0.64197754,1.28918457
67.52999878,0.64518311,1.28730713
67.54000092,0.64842041,1.28540039
67.55000305,0.65169189,1.28346924
67.55999756,0.65499268,1.28151367
67.56999969,0.65832764,1.27952637
67.58000183,0.66169678,1.27751221
67.58999634,0.66509277,1.27547363
67.59999847,0.66851807,1.27340576
67.61000061,0.67197510,1.27131104
67.62000275,0.67545898,1.26918701
67.62999725,0.67897217,1.26703857
67.63999939,0.68251465,1.26486084
67.65000153,0.68608398,1.26265381
67.66000366,0.68968018,1.26041992
67.66999817,0.69329834,1.25816162
67.68000031,0.69694580,1.25587402
67.69000244,0.70062012,1.25355469
67.69999695,0.70431641,1.25121094
67.70999908,0.70803711,1.24884033
67.72000122,0.71178223,1.24644287
67.73000336,0.71555176,1.24401367
67.73999786,0.71934082,1.24156006
67.75000000,0.72315674,1.23907715
67.76000214,0.72699219,1.23656494
67.76999664,0.73084961,1.23402588
67.77999878,0.73472900,1.23145996
67.79000092,0.73863037,1.22886475
67.80000305,0.74254883,1.22624023
67.80999756,0.74648438,1.22359375
67.81999969,0.75044189,1.22091553
67.83000183,0.75441895,1.21820801
67.83999634,0.75841309,1.21547607
67.84999847,0.76242432,1.21271729
67.86000061,0.76645264,1.20992920
67.87000275,0.77050049,1.20711426
67.87999725,0.77456299,1.20427490
67.88999939,0.77864014,1.20140625
67.90000153,0.78273438,1.19850830
67.91000366,0.78684570,1.19558594
67.91999817,0.79096680,1.19263916
67.93000031,0.79510498,1.18966309
67.94000244,0.79925537,1.18666260
67.94999695,0.80341797,1.18363770
67.95999908,0.80759521,1.18058350
67.97000122,0.81178711,1.17750244
67.98000336,0.81599121,1.17439941
67.98999786,0.82020264,1.17127197
68.00000000,0.82442871,1.16811523
68.01000214,0.82866699,1.16493408
68.01999664,0.83291016,1.16173340
68.02999878,0.83716797,1.15850586
68.04000092,0.84143799,1.15525146
68.05000305,0.84571533,1.15197754
68.05999756,0.84999756,1.14868408
68.06999969,0.85429443,1.14536377
68.08000183,0.85859863,1.14201660
68.08999634,0.86291016,1.13865234
68.09999847,0.86723145,1.13526123
68.11000061,0.87156250,1.13184814
68.12000275,0.87589844,1.12841553
68.12999725,0.88023682,1.12496582
68.13999939,0.88458496,1.12149170
68.15000153,0.88894043,1.11799805
68.16000366,0.86362793,1.11448242
68.16999817,0.83350830,1.11094971
68.18000031,0.82761963,1.10739258
68.19000244,0.83196777,1.10381836
68.19999695,0.83631836,1.10022705
68.20999908,0.84067871,1.09661377
68.22000122,0.84504150,1.09298340
68.23000336,0.84941162,1.08933350
68.23999786,0.85378418,1.08566895
68.25000000,0.85816162,1.08198486
68.26000214,0.86254395,1.07828125
68.26999664,0.86692627,1.07456543
68.27999878,0.87131348,1.07083252
68.29000092,0.87570557,1.06708008
68.30000305,0.88010010,1.06331299
68.30999756,0.88449463,1.05953369
68.31999969,0.88889404,1.05573730
68.33000183,0.89329590,1.05192627
68.33999634,0.89769531,1.04810303
68.34999847,0.90210205,1.04426025
68.36000061,0.90650635,1.04040771
68.37000275,0.91091553,1.03654053
68.37999725,0.91531982,1.03266357
68.38999939,0.91972900,1.02876953
68.40000153,0.92413818,1.02486572
68.41000366,0.92854980,1.02094727
68.41999817,0.93295654,1.01702148
68.43000031,0.93736572,1.01308105
68.44000244,0.94177490,1.00912842
68.44999695,0.94617920,1.00517090
68.45999908,0.95058594,1.00119873
68.47000122,0.95499023,0.99721924
68.48000336,0.95939453,0.99322754
68.48999786,0.96379395,0.98923096
68.50000000,0.96819580,0.98521973
68.51000214,0.97259766,0.98120117
68.51999664,0.97699219,0.97717773
68.52999878,0.98138428,0.97314697
68.54000092,0.98577881,0.96910400
68.55000305,0.99017090,0.96505371
68.55999756,0.99455322,0.97694580
68.56999969,0.99893555,1.00101318
68.58000183,1.00331787,1.02507324
68.58999634,1.00769043,1.02405518
68.59999847,1.01206543,1.01998779
68.61000061,1.01643555,1.01591553
68.62000275,1.02080078,1.01183594
68.62999725,1.02516113,1.00775635
68.63999939,1.02951904,1.00366943
68.65000153,1.03387207,0.99957520
68.66000366,1.03822021,0.99548096
68.66999817,1.04256104,0.99138428
68.68000031,1.04689697,0.98728271
68.69000244,1.05123047,0.98317871
68.69999695,1.05555420,0.97907715
68.70999908,1.05987793,0.97496582
68.72000122,1.06419678,0.97085449
68.73000336,1.06793945,0.96673828
68.73999786,1.04251953,0.96262939
68.75000000,1.01713623,0.95851563
68.76000214,1.00600098,0.95440430
68.76999664,1.01027832,0.95029053
68.77999878,1.01455322,0.94617432
68.79000092,1.01881836,0.94206299
68.80000305,1.02307861,0.93794922
68.80999756,1.02732910,0.93383789
68.81999969,1.03157715,0.92972900
68.83000183,1.03581543,0.92562256
68.83999634,1.04004395,0.92151855
68.84999847,1.04426758,0.91741699
68.86000061,1.04848389,0.91331543
68.87000275,1.05269287,0.90921631
68.87999725,1.05689209,0.90512451
68.88999939,1.06108398,0.90103516
68.90000153,1.06526855,0.89694824
68.91000366,1.06944580,0.89286621
68.91999817,1.07361084,0.88879150
68.93000031,1.07776855,0.88471924
68.94000244,1.08192139,0.88065186
68.94999695,1.08605957,0.87659180
68.95999908,1.09019287,0.87253418
68.97000122,1.09431885,0.86848389
68.98000336,1.09843750,0.86443604
68.98999786,1.10254395,0.86039795
69.00000000,1.10664307,0.85636475
69.01000214,1.11073730,0.85233398
69.01999664,1.11482178,0.84831055
69.02999878,1.11890137,0.84429199
69.04000092,1.12297363,0.84027832
69.05000305,1.12704102,0.83626709
69.05999756,1.13109863,0.83226318
69.06999969,1.13515137,0.82826416
69.08000183,1.13919678,0.82427002
69.08999634,1.14323486,0.82028320
69.09999847,1.14727295,0.81629883
69.11000061,1.15130127,0.81264160
69.12000275,1.15532471,0.83725342
69.12999725,1.15934082,0.86185059
69.13999939,1.16335693,0.87593750
69.15000153,1.16737061,0.87197754
69.16000366,1.17137451,0.86802246
69.16999817,1.17537598,0.86407471
69.18000031,1.17937012,0.86013184
69.19000244,1.18336426,0.85619141
69.19999695,1.18735107,0.85225586
69.20999908,1.19134033,0.84832275
69.22000122,1.19532227,0.84439453
69.23000336,1.19930664,0.84047119
69.23999786,1.20328125,0.83655518
69.25000000,1.20725586,0.83263916
69.26000214,1.21123047,0.82872803
69.26999664,1.21177979,0.82482666
69.27999878,1.18679199,0.82092285
69.29000092,1.16180420,0.81702393
69.30000305,1.15154053,0.81312744
69.30999756,1.15550293,0.80923828
69.31999969,1.15946777,0.80534912
69.33000183,1.16343262,0.80146484
69.33999634,1.16739258,0.79758545
69.34999847,1.17135498,0.79370850
69.36000061,1.17531494,0.78983643
69.37000275,1.17927734,0.78596680
69.37999725,1.18323486,0.78210449
69.38999939,1.18719971,0.77824219
69.40000153,1.19116455,0.77438232
69.41000366,1.19513184,0.77052490
69.41999817,1.19909424,0.76667480
69.43000031,1.20306641,0.76282471
69.44000244,1.20703857,0.75897461
69.44999695,1.21101074,0.75513184
69.45999908,1.21498779,0.75128906
69.47000122,1.21896973,0.74744873
69.48000336,1.22295410,0.74361084
69.48999786,1.22693848,0.73978027
69.50000000,1.23092773,0.73594727
69.51000214,1.23492432,0.73211670
69.51999664,1.23892090,0.72829102
69.52999878,1.24292725,0.72446289
69.54000092,1.24694092,0.72063477
69.55000305,1.25095703,0.71681152
69.55999756,1.25497559,0.71299072
69.56999969,1.25900635,0.70916992
69.58000183,1.26303955,0.70534912
69.58999634,1.26708008,0.70153564
69.59999847,1.27112549,0.69771973
69.61000061,1.27518066,0.69390381
69.62000275,1.27924316,0.69009033
69.62999725,1.28331299,0.68627930
69.63999939,1.28739258,0.68246582
69.65000153,1.29148193,0.67865234
69.66000366,1.29557861,0.67484131
69.66999817,1.29968018,0.69579346
69.68000031,1.30379639,0.71946045
69.69000244,1.30792236,0.73923096
69.69999695,1.31205811,0.73543457
69.70999908,1.31620605,0.73163574
69.72000122,1.32036377,0.72783936
69.73000336,1.32453369,0.72404297
69.73999786,1.32871094,0.72024902
69.75000000,1.33290527,0.71645020
69.76000214,1.33711426,0.71265137
69.76999664,1.34133057,0.70885498
69.77999878,1.34556152,0.70505615
69.79000092,1.34980957,0.70125732
69.80000305,1.35407227,0.69745605
69.80999756,1.35834473,0.69365723
69.81999969,1.36263672,0.68985596
69.83000183,1.36694580,0.68604980
69.83999634,1.37126709,0.68224609
69.84999847,1.37560547,0.67844238
69.86000061,1.37996582,0.67463135
69.87000275,1.38434082,0.67082031
69.87999725,1.38873047,0.66701172
69.88999939,1.39313965,0.66429932
69.90000153,1.39756836,0.68678223
69.91000366,1.40201904,0.70915527
69.91999817,1.40648682,0.72797607
69.93000031,1.41097412,0.72417725
69.94000244,1.41548584,0.72037598
69.94999695,1.42001465,0.71657471
69.95999908,1.42456787,0.71276855
69.97000122,1.42914551,0.70895752
69.98000336,1.43374268,0.70514893
69.98999786,1.43836182,0.70945801
70.00000000,1.44300537,0.73110352
70.01000214,1.44767578,0.75263428
70.01999664,1.45236816,0.76637695
70.02999878,1.45708740,0.76257813
70.04000092,1.46183350,0.75877686
70.05000305,1.46660400,0.75497314
70.05999756,1.47139893,0.75116699
70.06999969,1.47622314,0.74735352
70.08000183,1.48107666,0.74353516
70.08999634,1.48595215,0.73971680
70.09999847,1.49086182,0.73589111
70.11000061,1.49580078,0.73205811
70.12000275,1.50076904,0.72822266
70.12999725,1.50576416,0.72438477
70.13999939,1.51079346,0.72053467
70.15000153,1.51585449,0.71668213
70.16000366,1.52094971,0.72329102
70.16999817,1.52607422,0.74338623
70.18000031,1.53123535,0.76333740
70.19000244,1.53643066,0.77836914
70.19999695,1.54165527,0.77453125
70.20999908,1.54692139,0.77068604
70.22000122,1.55222412,0.76683105
70.23000336,1.55756104,0.76297119
70.23999786,1.56293457,0.75910645
70.25000000,1.56834961,0.75523438
70.26000214,1.57380371,0.75135254
70.26999664,1.57929199,0.74747070
70.27999878,1.58482666,0.74357178
70.29000092,1.59040283,0.73966797
70.30000305,1.59601807,0.73575439
70.30999756,1.60167480,0.73183594
70.31999969,1.60737793,0.72790527
70.33000183,1.61312744,0.72444336
70.33999634,1.61891602,0.74281494
70.34999847,1.62475586,0.76102295
70.36000061,1.63064453,0.77906494
70.37000275,1.63657959,0.78627197
70.37999725,1.64255615,0.78235107
70.38999939,1.64859131,0.77842041
70.40000153,1.65467529,0.77447754
70.41000366,1.66081055,0.77052490
70.41999817,1.66699463,0.76656250
70.43000031,1.67323730,0.76259033
70.44000244,1.67953369,0.76362549
70.44999695,1.68588379,0.78065430
70.45999908,1.69229248,0.79751465
70.47000122,1.69875977,0.81420166
70.48000336,1.70528809,0.82151611
70.48999786,1.71186768,0.81755615
70.50000000,1.71851807,0.81358154
70.51000214,1.72522705,0.80959717
70.51999664,1.73199463,0.80560547
70.52999878,1.73883545,0.80159668
70.54000092,1.74573975,0.79757324
70.55000305,1.75271240,0.79406006
70.55999756,1.75974609,0.80971680
70.56999969,1.76685547,0.82521240
70.58000183,1.77404053,0.84052979
70.58999634,1.78128906,0.85565186
70.59999847,1.78861572,0.85322021
70.61000061,1.79602051,0.84920166
70.62000275,1.80349854,0.84517334
70.62999725,1.81104980,0.84113037
70.63999939,1.81868652,0.83707031
70.65000153,1.82640381,0.83300049
70.66000366,1.83420410,0.82891357
70.66999817,1.83116455,0.83021240
70.68000031,1.80558350,0.84435303
70.69000244,1.78018066,0.85831055
70.69999695,1.78507324,0.87208740
70.70999908,1.79318359,0.88570313
70.72000122,1.80138184,0.89913330
70.73000336,1.80967041,0.91239746
70.73999786,1.81804443,0.92548096
70.75000000,1.82651611,0.93839844
70.76000214,1.83508301,0.95114746
70.76999664,1.84373779,0.96372559
70.77999878,1.85250000,0.97614746
70.79000092,1.86136230,0.98839111
70.80000305,1.87032227,1.00047363
70.80999756,1.87938232,1.01238770
70.81999969,1.88854736,1.00943359
70.83000183,1.89781982,1.00546143
70.83999634,1.90719238,1.00147217
70.84999847,1.91667969,0.99746094
70.86000061,1.92628174,0.99343018
70.87000275,1.93599365,0.98938232
70.87999725,1.94581299,0.98531738
70.88999939,1.94439941,0.98122314
70.90000153,1.91992432,0.98610107
70.91000366,1.89565186,0.99703125
70.91999817,1.90186035,1.00780273
70.93000031,1.91210449,1.01842773
70.94000244,1.92247803,1.02890381
70.94999695,1.93296387,1.03922119
70.95999908,1.94358643,1.04940186
70.97000122,1.95433838,1.05944336
70.98000336,1.96521729,1.06933838
70.98999786,1.97622559,1.07908691
71.00000000,1.98737061,1.08869873
71.01000214,1.99865723,1.09817627
71.01999664,2.01007813,1.09854492
71.02999878,2.02165283,1.09450439
71.04000092,2.03336670,1.09043701
71.05000305,2.04522705,1.08634277
71.05999756,2.05723145,1.08222168
71.06999969,2.06938965,1.07806885
71.08000183,2.08170654,1.07388672
71.08999634,2.09416748,1.06968018
71.09999847,2.10680176,1.06544189
71.11000061,2.11959473,1.07091553
71.12000275,2.13255615,1.07949219
71.12999725,2.14566895,1.08793213
71.13999939,2.15895996,1.09625488
71.15000153,2.17242187,1.10445557
71.16000366,2.18605957,1.11254639
71.16999817,2.19986572,1.12050537
71.18000031,2.21386230,1.12042236
71.19000244,2.22804443,1.11612793
71.19999695,2.24239990,1.11180176
71.20999908,2.25696045,1.10743408
71.22000122,2.27171143,1.10303223
71.23000336,2.28665527,1.09858887
71.23999786,2.29028320,1.09410645
71.25000000,2.26804687,1.08957764
71.26000214,2.24603760,1.08500488
71.26999664,2.25576172,1.08715088
71.27999878,2.27143066,1.09437256
71.29000092,2.28731201,1.10148438
71.30000305,2.30340332,1.10849121
71.30999756,2.31970459,1.11540039
71.31999969,2.33623535,1.12221191
71.33000183,2.35299316,1.12892090
71.33999634,2.36996826,1.13552002
71.34999847,2.38718506,1.14202637
71.36000061,2.40464111,1.14843750
71.37000275,2.42233887,1.15475830
71.37999725,2.40677979,1.16097656
71.38999939,2.38589600,1.16711182
71.40000153,2.37986816,1.17314697
71.41000366,2.39819336,1.17909180
71.41999817,2.41675537,1.18493652
71.43000031,2.43559814,1.19070313
71.44000244,2.45470215,1.19097900
71.44999695,2.47406250,1.18612305
71.45999908,2.49370605,1.18120605
71.47000122,2.51362793,1.17622559
71.48000336,2.53382812,1.17118896
71.48999786,2.55429199,1.16608887
71.50000000,2.55935303,1.16091309
71.51000214,2.53958740,1.15567383
71.51999664,2.52005859,1.15036865
71.52999878,2.53690430,1.14771240
71.54000092,2.55844482,1.15293213
71.55000305,2.58029297,1.15808105
71.55999756,2.60244141,1.16314697
71.56999969,2.62492920,1.16813721
71.58000183,2.64774170,1.17304443
71.58999634,2.67085693,1.17786865
71.59999847,2.69433105,1.18262207
71.61000061,2.71813965,1.18730225
71.62000275,2.70804443,1.19191162
71.62999725,2.68955322,1.19644287
71.63999939,2.68408447,1.20090332
71.65000153,2.70878906,1.20528809
71.66000366,2.73385254,1.20960693
71.66999817,2.75926514,1.21384766
71.68000031,2.78506592,1.21802490
71.69000244,2.81124756,1.22213623
71.69999695,2.83778564,1.22617676
71.70999908,2.86473633,1.23015625
71.72000122,2.89157471,1.23406982
71.73000336,2.87402100,1.23791748
71.73999786,2.85669434,1.23860107
71.75000000,2.86279541,1.23239014
71.76000214,2.89117432,1.22607666
71.76999664,2.91995605,1.21967529
71.77999878,2.94918457,1.21315918
71.79000092,2.97885254,1.20653320
71.80000305,3.00000000,1.19980957
71.80999756,3.00000000,1.19298096
71.81999969,3.00000000,1.18603271
71.83000183,3.00000000,1.18663818
71.83999634,3.00000000,1.19013428
71.84999847,3.00000000,1.19358398
71.86000061,3.00000000,1.19697510
71.87000275,3.00000000,1.20031494
71.87999725,3.00000000,1.20360352
71.88999939,3.00000000,1.20684326
71.90000153,3.00000000,1.21004150
71.91000366,3.00000000,1.21318604
71.91999817,3.00000000,1.21628906
71.93000031,3.00000000,1.21934570
71.94000244,3.00000000,1.22235840
71.94999695,3.00000000,1.22532227
71.95999908,3.00000000,1.22824951
71.97000122,3.00000000,1.23113281
71.98000336,3.00000000,1.23397705
71.98999786,3.00000000,1.23678223
72.00000000,3.00000000,1.23955078
72.01000214,3.00000000,1.24227783
72.01999664,3.00000000,1.24496582
72.02999878,3.00000000,1.24761963
72.04000092,3.00000000,1.25023682
72.05000305,3.00000000,1.25281982
72.05999756,3.00000000,1.25536621
72.06999969,3.00000000,1.25788086
72.08000183,3.00000000,1.26036133
72.08999634,3.00000000,1.26281250
72.09999847,3.00000000,1.26522949
72.11000061,3.00000000,1.26761719
72.12000275,3.00000000,1.26997559
72.12999725,3.00000000,1.27230469
72.13999939,3.00000000,1.27460693
72.15000153,3.00000000,1.27687744
72.16000366,3.00000000,1.27912109
72.16999817,3.00000000,1.28133789
72.18000031,3.00000000,1.28352783
72.19000244,3.00000000,1.27953857
72.19999695,3.00000000,1.26961914
72.20999908,3.00000000,1.25948975
72.22000122,3.00000000,1.24915283
72.23000336,3.00000000,1.23860596
72.23999786,3.00000000,1.22786621
72.25000000,3.00000000,1.22013184
72.26000214,3.00000000,1.22228516
72.26999664,3.00000000,1.22441406
72.27999878,3.00000000,1.22651855
72.29000092,3.00000000,1.22860107
72.30000305,3.00000000,1.23066162
72.30999756,3.00000000,1.23269775
72.31999969,3.00000000,1.23471436
72.33000183,3.00000000,1.23671143
72.33999634,3.00000000,1.23868896
72.34999847,3.00000000,1.24064941
72.36000061,3.00000000,1.24258789
72.37000275,3.00000000,1.24450928
72.37999725,3.00000000,1.24641113
72.38999939,3.00000000,1.24829102
72.40000153,3.00000000,1.25015625
72.41000366,3.00000000,1.25200439
72.41999817,3.00000000,1.25383545
72.43000031,3.00000000,1.25564941
72.44000244,3.00000000,1.25745117
72.44999695,3.00000000,1.25923096
72.45999908,3.00000000,1.26100098
72.47000122,3.00000000,1.26275146
72.48000336,3.00000000,1.26448975
72.48999786,3.00000000,1.26621094
72.50000000,3.00000000,1.26791992
72.51000214,3.00000000,1.26961426
72.51999664,3.00000000,1.27129395
72.52999878,3.00000000,1.27296143
72.54000092,3.00000000,1.27461426
72.55000305,3.00000000,1.27625488
72.55999756,3.00000000,1.27788330
72.56999969,3.00000000,1.27949707
72.58000183,3.00000000,1.28110107
72.58999634,3.00000000,1.28269287
72.59999847,3.00000000,1.28427246
72.61000061,3.00000000,1.28583984
72.62000275,3.00000000,1.28739746
72.62999725,3.00000000,1.28894043
72.63999939,3.00000000,1.29047607
72.65000153,3.00000000,1.29200195
72.66000366,3.00000000,1.29351318
72.66999817,3.00000000,1.29501465
72.68000031,3.00000000,1.29650635
72.69000244,3.00000000,1.29798828
72.69999695,3.00000000,1.29945801
72.70999908,3.00000000,1.30091797
72.72000122,3.00000000,1.30236816
72.73000336,3.00000000,1.30380859
72.73999786,2.92924316,1.30523438
72.75000000,2.92413330,1.30665283
72.76000214,2.91910400,1.30806152
72.76999664,2.91415527,1.30945801
72.77999878,2.90928223,1.31084473
72.79000092,2.90448486,1.31222168
72.80000305,2.89976562,1.31359131
72.80999756,2.89512451,1.31494873
72.81999969,2.89055176,1.31629639
72.83000183,2.88605225,1.31763428
72.83999634,2.80920410,1.31896240
72.84999847,2.80489746,1.32028076
72.86000061,2.80065918,1.32158936
72.87000275,2.79648926,1.32288818
72.87999725,2.79238770,1.32417480
72.88999939,2.78834717,1.32545654
72.90000153,2.78437256,1.32672607
72.91000366,2.70838135,1.32798584
72.91999817,2.70458008,1.32923584
72.93000031,2.70083252,1.33047607
72.94000244,2.69714844,1.33170898
72.94999695,2.69352539,1.33292725
72.95999908,2.68995361,1.33414063
72.97000122,2.68644287,1.33534180
72.98000336,2.61120605,1.33653564
72.98999786,2.60784424,1.33771973
73.00000000,2.60453369,1.33889160
73.01000214,2.60127686,1.34005615
73.01999664,2.59807373,1.34121094
73.02999878,2.59491943,1.34235596
73.04000092,2.59181396,1.34349121
73.05000305,2.58875977,1.34461914
73.05999756,2.51427246,1.34573486
73.06999969,2.51134521,1.34684326
73.08000183,2.50846680,1.34794189
73.08999634,2.50563477,1.34902832
73.09999847,2.50284668,1.35010742
73.11000061,2.50010254,1.35117920
73.12000275,2.49740234,1.35224121
73.12999725,2.49474854,1.35329102
73.13999939,2.49213135,1.35433350
73.15000153,2.48956055,1.35536621
73.16000366,2.48702637,1.35638916
73.16999817,2.48453857,1.35740479
73.18000031,2.48208740,1.35841064
73.19000244,2.40858154,1.35940674
73.19999695,2.40623291,1.36039307
73.20999908,2.40392334,1.36137207
73.22000122,2.40165039,1.36234131
73.23000336,2.39941406,1.36330078
73.23999786,2.39721436,1.36425049
73.25000000,2.39504883,1.36519287
73.26000214,2.39291748,1.36612793
73.26999664,2.31991943,1.36705078
73.27999878,2.31788086,1.36796387
73.29000092,2.31587402,1.36887207
73.30000305,2.31389648,1.36976807
73.30999756,2.31195801,1.37065674
73.31999969,2.31004639,1.36527588
73.33000183,2.30816650,1.31487061
73.33999634,2.30631592,1.30250488
73.34999847,2.30449707,1.30337646
73.36000061,2.23198242,1.30423828
73.37000275,2.23023926,1.30509033
73.37999725,2.22852783,1.30593506
73.38999939,2.22684082,1.30676758
73.40000153,2.22518311,1.30759521
73.41000366,2.22355225,1.30841064
73.41999817,2.22195068,1.30921631
73.43000031,2.22037354,1.31001709
73.44000244,2.21882080,1.31080566
73.44999695,2.14671875,1.31158691
73.45999908,2.14523437,1.31235840
73.47000122,2.14377197,1.31312256
73.48000336,2.14233398,1.31387695
73.48999786,2.14092285,1.31462158
73.50000000,2.13953369,1.31535889
73.51000214,2.13816650,1.31608887
73.51999664,2.13682617,1.31680664
73.52999878,2.13550537,1.31751953
73.54000092,2.13420654,1.31822266
73.55000305,2.06248535,1.31891602
73.55999756,2.06124512,1.31960205
73.56999969,2.06002197,1.32027832
73.58000183,2.05882324,1.32094971
73.58999634,2.05764404,1.32160889
73.59999847,2.05648438,1.32226074
73.61000061,2.05534424,1.32290527
73.62000275,2.05422363,1.32354004
73.62999725,2.05312500,1.32416748
73.63999939,2.05204346,1.32478760
73.65000153,2.05098145,1.32540039
73.66000366,2.04993652,1.32600342
73.66999817,2.04891357,1.32659912
73.68000031,2.04790527,1.32718750
73.69000244,2.04691406,1.32776855
73.69999695,2.04594238,1.32833984
73.70999908,1.97469727,1.32890381
73.72000122,1.97376709,1.32946289
73.73000336,1.97285400,1.33000977
73.73999786,1.97196045,1.33055176
73.75000000,1.97107910,1.33108398
73.76000214,1.97021484,1.33161133
73.76999664,1.96936768,1.33212891
73.77999878,1.96853516,1.33263916
73.79000092,1.96771729,1.33314453
73.80000305,1.96691406,1.33364014
73.80999756,1.96612549,1.33413086
73.81999969,1.89514160,1.33461182
73.83000183,1.89438965,1.33508789
73.83999634,1.89364990,1.33555420
73.84999847,1.89292480,1.33601563
73.86000061,1.89221436,1.33646973
73.87000275,1.89151855,1.33691650
73.87999725,1.89083252,1.33735596
73.88999939,1.89016357,1.33778564
73.90000153,1.88950439,1.33821289
73.91000366,1.88885986,1.33863037
73.91999817,1.88822754,1.33904297
73.93000031,1.81745605,1.33944824
73.94000244,1.81685059,1.33984863
73.94999695,1.81626221,1.34023926
73.95999908,1.81568115,1.34062500
73.97000122,1.81511230,1.34100586
73.98000336,1.81455566,1.34137939
73.98999786,1.81401123,1.34174561
74.00000000,1.81347656,1.34210449
74.01000214,1.81295410,1.34245850
74.01999664,1.81244141,1.34280518
74.02999878,1.81194092,1.34314697
74.04000092,1.81145020,1.34348145
74.05000305,1.74086182,1.34381104
74.05999756,1.74039307,1.34413574
74.06999969,1.73993652,1.34445313
74.08000183,1.73948730,1.34476318
74.08999634,1.73905029,1.41516357
74.09999847,1.73862061,1.41546143
74.11000061,1.73820313,1.41575195
74.12000275,1.73779297,1.41603760
74.12999725,1.73739258,1.41631592
74.13999939,1.73699951,1.41659180
74.15000153,1.73661621,1.41686035
74.16000366,1.73624023,1.41712402
74.16999817,1.73587402,1.41738281
74.18000031,1.73551758,1.41763672
74.19000244,1.73516846,1.41788574
74.19999695,1.73482666,1.41812744
74.20999908,1.73449219,1.41836670
74.22000122,1.73416748,1.41859863
74.23000336,1.66379150,1.41882568
74.23999786,1.66348389,1.41904785
74.25000000,1.66318359,1.41926758
74.26000214,1.66288818,1.41947998
74.26999664,1.66260254,1.41968994
74.27999878,1.66232422,1.41989258
74.29000092,1.66205078,1.42009277
74.30000305,1.66178467,1.42028809
74.30999756,1.66152832,1.42047607
74.31999969,1.66127686,1.42066162
74.33000183,1.66103027,1.42084229
74.33999634,1.66079102,1.42102051
74.34999847,1.66055908,1.42119385
74.36000061,1.66033203,1.42136230
74.37000275,1.66011230,1.42152588
74.37999725,1.65989746,1.42168457
74.38999939,1.65968750,1.42184082
74.40000153,1.65948486,1.49202637
74.41000366,1.65928711,1.49217285
74.41999817,1.58906494,1.49231689
74.43000031,1.58887939,1.49245361
74.44000244,1.58869873,1.49259033
74.44999695,1.58852539,1.49272217
74.45999908,1.58835449,1.49284912
74.47000122,1.58818848,1.49297363
74.48000336,1.58802979,1.49309570
74.48999786,1.58787354,1.49321289
74.50000000,1.58772217,1.49332520
74.51000214,1.58757813,1.49343506
74.51999664,1.58743652,1.49354248
74.52999878,1.58729736,1.49364746
74.54000092,1.58716553,1.49374756
74.55000305,1.51701660,1.49384521
74.55999756,1.51689209,1.49394043
74.56999969,1.51677002,1.49403320
74.58000183,1.51665527,1.49412109
74.58999634,1.51654297,1.49420654
74.59999847,1.51643555,1.49428955
74.61000061,1.51633057,1.49437012
74.62000275,1.51622803,1.49444824
74.62999725,1.51613037,1.49452148
74.63999939,1.51603516,1.49459473
74.65000153,1.51594482,1.49466553
74.66000366,1.51585449,1.49473145
74.66999817,1.51577148,1.49479736
74.68000031,1.51568848,1.49486084
74.69000244,1.51561035,1.49492188
74.69999695,1.51553223,1.49497803
74.70999908,1.51545898,1.49503418
74.72000122,1.51538818,1.49509033
74.73000336,1.51531982,1.49514160
74.73999786,1.51525391,1.49519287
74.75000000,1.44518066,1.49523926
74.76000214,1.44511963,1.49528809
74.76999664,1.44506104,1.49533203
74.77999878,1.44500488,1.49537354
74.79000092,1.44495117,1.49541504
74.80000305,1.44489990,1.49545654
74.80999756,1.44484863,1.49549561
74.81999969,1.44479980,1.49553223
74.83000183,1.44475342,1.49556641
74.83999634,1.44470947,1.49560059
74.84999847,1.44466553,1.49563477
74.86000061,1.44462402,1.49566650
74.87000275,1.44458496,1.49569824
74.87999725,1.44454590,1.49572754
74.88999939,1.44450684,1.49575684
74.90000153,1.44447021,1.49578369
74.91000366,1.44443604,1.49581055
74.91999817,1.44440186,1.49583740
74.93000031,1.44436768,1.49586426
74.94000244,1.44433594,1.49588867
74.94999695,1.37429932,1.49591309
74.95999908,1.37427002,1.49593750
74.97000122,1.37423828,1.49595947
74.98000336,1.37420898,1.56598877
74.98999786,1.37418213,1.56601074
75.00000000,1.37415283,1.56603271
75.01000214,1.37412598,1.56605469
75.01999664,1.37409912,1.56607666
75.02999878,1.37407227,1.56609863
75.04000092,1.37404541,1.56612061
75.05000305,1.37401855,1.56614258
75.05999756,1.37398926,1.63616943
75.06999969,1.37396240,1.63619141
75.08000183,1.37393555,1.63621338
75.08999634,1.30390625,1.63623779
75.09999847,1.30387939,1.63625977
75.11000061,1.30385010,1.63628418
75.12000275,1.30382324,1.63630859
75.12999725,1.30379395,1.63633301
75.13999939,1.30376465,1.63635986
75.15000153,1.30373535,1.63638672
75.16000366,1.30370361,1.63641357
75.16999817,1.30367188,1.63644287
75.18000031,1.30364014,1.63646973
75.19000244,1.30360840,1.63650146
75.19999695,1.30357422,1.70653564
75.20999908,1.30353760,1.70656738
75.22000122,1.30350098,1.70660156
75.23000336,1.30346436,1.70663574
75.23999786,1.30342529,1.70667236
75.25000000,1.30338623,1.70671143
75.26000214,1.30334473,1.70675049
75.26999664,1.30330078,1.70679199
75.27999878,1.30325684,1.70683350
75.29000092,1.23320801,1.70687744
75.30000305,1.23315918,1.70692383
75.30999756,1.23311035,1.70697266
75.31999969,1.23305908,1.70701904
75.33000183,1.23300781,1.70707031
75.33999634,1.23295410,1.77712402
75.34999847,1.23289795,1.77717773
75.36000061,1.23284180,1.77723389
75.37000275,1.23278320,1.77729004
75.37999725,1.23272461,1.77734619
75.38999939,1.23266357,1.77740723
75.40000153,1.23260254,1.77746582
75.41000366,1.23253906,1.91753174
75.41999817,1.23247559,1.91759277
75.43000031,1.23240967,1.91765869
75.44000244,1.23234375,1.91772217
75.44999695,1.23227783,1.91778809
75.45999908,1.23220703,1.91785645
75.47000122,1.23213867,1.91792480
75.48000336,1.23206787,2.05799805
75.48999786,1.23199707,2.05806885
75.50000000,1.16192139,2.05813965
75.51000214,1.16184814,2.05821289
75.51999664,1.16177490,2.05828613
75.52999878,1.16169922,2.05836182
75.54000092,1.16162109,2.05843506
75.55000305,1.16154541,2.19851562
75.55999756,1.16146729,2.19859131
75.56999969,1.16138672,2.19866943
75.58000183,1.16130859,2.19874756
75.58999634,1.16122803,2.19882812
75.59999847,1.16114502,2.19890869
75.61000061,1.16106445,2.19898926
75.62000275,1.16098145,2.26907227
75.62999725,1.16089844,2.26915527
75.63999939,1.16081543,2.26923828
75.65000153,1.16073242,2.26932129
75.66000366,1.16064697,2.26940430
75.66999817,1.16056152,2.26948975
75.68000031,1.16047607,2.26957520
75.69000244,1.16038818,2.33966064
75.69999695,1.16030273,2.33974609
75.70999908,1.09021484,2.33983398
75.72000122,1.09012695,2.33991943
75.73000336,1.09003906,2.34000732
75.73999786,1.08995117,2.34009521
75.75000000,1.08986084,2.34018311
75.76000214,1.08977295,2.62027344
75.76999664,1.08968506,2.62036133
75.77999878,1.08959473,2.62044922
75.79000092,1.08950439,2.62053955
75.80000305,1.08941650,2.62062744
75.80999756,1.08932617,2.62071533
75.81999969,1.08923584,2.62080566
75.83000183,1.08914551,2.76089600
75.83999634,1.08905762,2.76098389
75.84999847,1.08896729,2.76107422
75.86000061,1.08887695,2.76116211
75.87000275,1.08878662,2.76125244
75.87999725,1.08869873,2.76134033
75.88999939,1.08860840,2.76142822
75.90000153,1.08851807,2.83151855
75.91000366,1.08843018,2.83160645
75.91999817,1.08833984,2.83169434
75.93000031,1.08825195,2.83178223
75.94000244,1.08816162,2.83187012
75.94999695,1.08807373,2.83195801
75.95999908,1.08798584,2.83204346
75.97000122,1.08789795,3.00000000
75.98000336,1.08781006,3.00000000
75.98999786,1.08772461,3.00000000
76.00000000,1.08763672,3.00000000
76.01000214,1.08755127,3.00000000
76.01999664,1.08746582,3.00000000
76.02999878,1.08738037,3.00000000
76.04000092,1.08729736,3.00000000
76.05000305,1.08721191,3.00000000
76.05999756,1.08712891,3.00000000
76.06999969,1.08704590,3.00000000
76.08000183,1.08696533,3.00000000
76.08999634,1.08688477,3.00000000
76.09999847,1.08680420,3.00000000
76.11000061,1.08672363,3.00000000
76.12000275,1.08664551,3.00000000
76.12999725,1.01656494,3.00000000
76.13999939,1.01648682,3.00000000
76.15000153,1.01641113,3.00000000
76.16000366,1.01633545,3.00000000
76.16999817,1.01626221,3.00000000
76.18000031,1.01618652,3.00000000
76.19000244,1.01611572,3.00000000
76.19999695,1.01604248,3.00000000
76.20999908,1.01597412,3.00000000
76.22000122,1.01590332,3.00000000
76.23000336,1.01583496,3.00000000
76.23999786,1.01576904,3.00000000
76.25000000,1.01570313,3.00000000
76.26000214,1.01563721,3.00000000
76.26999664,1.01557373,3.00000000
76.27999878,1.01551270,3.00000000
76.29000092,1.01545166,3.00000000
76.30000305,1.01539063,3.00000000
76.30999756,1.01533447,3.00000000
76.31999969,1.01527588,3.00000000
76.33000183,1.01522217,3.00000000
76.33999634,1.01516846,3.00000000
76.34999847,1.01511475,3.00000000
76.36000061,1.01506348,3.00000000
76.37000275,1.01501465,3.00000000
76.37999725,1.01496826,3.00000000
76.38999939,1.01492188,3.00000000
76.40000153,0.94487793,3.00000000
76.41000366,0.94483643,3.00000000
76.41999817,0.94479492,3.00000000
76.43000031,0.94475586,3.00000000
76.44000244,0.94471924,3.00000000
76.44999695,0.94468262,3.00000000
76.45999908,0.94464844,3.00000000
76.47000122,0.94461670,3.00000000
76.48000336,0.94458740,3.00000000
76.48999786,0.94456055,3.00000000
76.50000000,0.94453369,3.00000000
76.51000214,0.94451172,3.00000000
76.51999664,0.94448975,3.00000000
76.52999878,0.94447021,3.00000000
76.54000092,0.94445313,3.00000000
76.55000305,0.94443604,3.00000000
76.55999756,0.94442383,3.00000000
76.56999969,0.94441406,3.00000000
76.58000183,0.94440430,3.00000000
76.58999634,0.94439941,3.00000000
76.59999847,0.94439453,3.00000000
76.61000061,0.94439453,3.00000000
76.62000275,0.94439453,3.00000000
76.62999725,0.94439697,3.00000000
76.63999939,0.94440430,3.00000000
76.65000153,0.94441162,3.00000000
76.66000366,0.94442383,3.00000000
76.66999817,0.94443604,3.00000000
76.68000031,0.87445068,3.00000000
76.69000244,0.87447021,3.00000000
76.69999695,0.87449219,3.00000000
76.70999908,0.87451660,3.00000000
76.72000122,0.87454346,3.00000000
76.73000336,0.87457275,3.00000000
76.73999786,0.87460449,3.00000000
76.75000000,0.87464111,3.00000000
76.76000214,0.87467773,3.00000000
76.76999664,0.87471924,3.00000000
76.77999878,0.87476318,3.00000000
76.79000092,0.87481201,3.00000000
76.80000305,0.87486084,3.00000000
76.80999756,0.87491455,3.00000000
76.81999969,0.87497070,3.00000000
76.83000183,0.87503174,3.00000000
76.83999634,0.87509277,3.00000000
76.84999847,0.87515869,3.00000000
76.86000061,0.87522949,3.00000000
76.87000275,0.87530029,3.00000000
76.87999725,0.87537842,3.00000000
76.88999939,0.87545654,3.00000000
76.90000153,0.87553955,3.00000000
76.91000366,0.87562500,3.00000000
76.91999817,0.87571533,3.00000000
76.93000031,0.87581055,3.00000000
76.94000244,0.87590576,3.00000000
76.94999695,0.87600586,3.00000000
76.95999908,0.87611084,3.00000000
76.97000122,0.87621826,3.00000000
76.98000336,0.87633057,3.00000000
76.98999786,0.87644531,3.00000000
77.00000000,0.87656494,3.00000000
77.01000214,0.87668701,3.00000000
77.01999664,0.80680176,2.97382324
77.02999878,0.80693115,2.97372070
77.04000092,0.80706543,2.97361328
77.05000305,0.80720459,2.97350586
77.05999756,0.80734619,2.97339355
77.06999969,0.80749268,2.97327637
77.08000183,0.80764404,2.97315674
77.08999634,0.80779785,2.69297363
77.09999847,0.80795654,2.69284668
77.11000061,0.80812012,2.69271484
77.12000275,0.80828613,2.69258057
77.12999725,0.80845703,2.69244385
77.13999939,0.80863281,2.69230225
77.15000153,0.80881348,2.69215576
77.16000366,0.80899902,2.69200928
77.16999817,0.80918701,2.62183594
77.18000031,0.80938232,2.62167969
77.19000244,0.80958008,2.62152100
77.19999695,0.80978271,2.62135742
77.20999908,0.80999023,2.62118896
77.22000122,0.81020264,2.62102051
77.23000336,0.81041992,2.62084717
77.23999786,0.81063965,2.48061523
77.25000000,0.81086670,2.48043213
77.26000214,0.81109863,2.48024658
77.26999664,0.81133301,2.48005615
77.27999878,0.81157471,2.47986084
77.29000092,0.74178955,2.47966309
77.30000305,0.74204102,2.47946045
77.30999756,0.74229492,2.33918701
77.31999969,0.74255615,2.33897461
77.33000183,0.74282227,2.33875732
77.33999634,0.74309082,2.33853760
77.34999847,0.74336670,2.33831543
77.36000061,0.74364746,2.33808594
77.37000275,0.74393555,2.33785400
77.37999725,0.74422607,2.33761719
77.38999939,0.74452148,2.19729248
77.40000153,0.74482422,2.19704346
77.41000366,0.74513428,2.19679199
77.41999817,0.74544678,2.19653809
77.43000031,0.74576660,2.19627686
77.44000244,0.74609131,2.19601318
77.44999695,0.74642090,2.19574463
77.45999908,0.74675781,2.19547119
77.47000122,0.74709961,2.12513916
77.48000336,0.74744629,2.12485596
77.48999786,0.74780029,2.12457031
77.50000000,0.74815918,2.12427734
77.51000214,0.74852539,2.12398193
77.51999664,0.74889648,2.12368164
77.52999878,0.74927246,2.12337402
77.54000092,0.74965576,2.05299805
77.55000305,0.75004639,2.05268311
77.55999756,0.68037109,2.05236084
77.56999969,0.68077148,2.05203369
77.58000183,0.68117920,2.05170410
77.58999634,0.68159180,2.05136719
77.59999847,0.68200928,2.05102783
77.61000061,0.68243408,2.05068359
77.62000275,0.68286621,1.98025146
77.62999725,0.68330566,1.97989502
77.63999939,0.68375000,1.97953369
77.65000153,0.68420166,1.97916748
77.66000366,0.68465820,1.97879395
77.66999817,0.68512207,1.97841797
77.68000031,0.68559326,1.97803711
77.69000244,0.68607178,1.90755127
77.69999695,0.68655518,1.90715820
77.70999908,0.68704834,1.90676025
77.72000122,0.68754639,1.90635498
77.73000336,0.68805420,1.90594482
77.73999786,0.68856689,1.90552979
77.75000000,0.68908691,1.90510986
77.76000214,0.68961182,1.90468506
77.76999664,0.69014648,1.83413574
77.77999878,0.69068848,1.83369629
77.79000092,0.69123779,1.83325195
77.80000305,0.69179199,1.83280273
77.80999756,0.69235596,1.83234863
77.81999969,0.69292725,1.83188721
77.83000183,0.69350586,1.83142090
77.83999634,0.69409180,1.83094971
77.84999847,0.69468506,1.83047363
77.86000061,0.69528564,1.82999023
77.87000275,0.69589355,1.82950195
77.87999725,0.69651123,1.82900879
77.88999939,0.69713379,1.82850830
77.90000153,0.62760742,1.82800293
77.91000366,0.62824463,1.82749268
77.91999817,0.62888916,1.82697510
77.93000031,0.62954102,1.82645264
77.94000244,0.63020264,1.82592529
77.94999695,0.63087158,1.82539063
77.95999908,0.63154785,1.82485107
77.97000122,0.63223389,1.82430420
77.98000336,0.63292725,1.82375244
77.98999786,0.63362793,1.82319580
78.00000000,0.63433838,1.82263184
78.01000214,0.63505859,1.82206055
78.01999664,0.63578369,1.82148682
78.02999878,0.63652100,1.82090576
78.04000092,0.63726318,1.82031738
78.05000305,0.63801758,1.81972412
78.05999756,0.63877930,1.81912598
78.06999969,0.63954834,1.81851807
78.08000183,0.64032715,1.81790771
78.08999634,0.64111572,1.74704834
78.09999847,0.64191406,1.74641846
78.11000061,0.64271973,1.74578369
78.12000275,0.64353760,1.74513916
78.12999725,0.64436035,1.74449219
78.13999939,0.64519531,1.74383789
78.15000153,0.64603760,1.74317383
78.16000366,0.64689209,1.74250732
78.16999817,0.57747070,1.74183350
78.18000031,0.57833740,1.74115234
78.19000244,0.57921387,1.74046387
78.19999695,0.58009766,1.73977051
78.20999908,0.58099121,1.73906982
78.22000122,0.58189453,1.73836182
78.23000336,0.58281006,1.73764893
78.23999786,0.58373291,1.73692871
78.25000000,0.58466553,1.73620117
78.26000214,0.58561035,1.73546631
78.26999664,0.58656250,1.73472656
78.27999878,0.58752686,1.73397705
78.29000092,0.58850098,1.73322266
78.30000305,0.58948242,1.73246338
78.30999756,0.59047607,1.73169434
78.31999969,0.59147949,1.73092041
78.33000183,0.59249512,1.73013672
78.33999634,0.59352051,1.72935059
78.34999847,0.59455566,1.72855225
78.36000061,0.59560303,1.72774902
78.37000275,0.59666016,1.72693848
78.37999725,0.59772705,1.72612305
78.38999939,0.59880615,1.72529785
78.40000153,0.59989502,1.72446533
78.41000366,0.60099609,1.72362549
78.41999817,0.60210693,1.72278076
78.43000031,0.60322998,1.72192627
78.44000244,0.53389648,1.72106689
78.44999695,0.53503174,1.72020020
78.45999908,0.53617920,1.71932373
78.47000122,0.53733887,1.71844238
78.48000336,0.53850830,1.71755127
78.48999786,0.53968994,1.71665527
78.50000000,0.54088379,1.71575195
78.51000214,0.54208740,1.71483887
78.51999664,0.54330322,1.71392090
78.52999878,0.54453125,1.71299316
78.54000092,0.54577148,1.71205811
78.55000305,0.54702393,1.71111572
78.55999756,0.54828613,1.71016846
78.56999969,0.54956055,1.70921143
78.58000183,0.55084961,1.70824463
78.58999634,0.55214844,1.70727539
78.59999847,0.55345947,1.70629395
78.61000061,0.55478516,1.70530518
78.62000275,0.55612305,1.70430908
78.62999725,0.55747070,1.70330566
78.63999939,0.55883301,1.70229492
78.65000153,0.56020752,1.70127441
78.66000366,0.56159668,1.70024902
78.66999817,0.56299561,1.69921387
78.68000031,0.56440674,1.69817139
78.69000244,0.56583496,1.69711914
78.69999695,0.56727295,1.69606201
78.70999908,0.49798340,1.69499512
78.72000122,0.49943604,1.69392090
78.73000336,0.50090332,1.69283691
78.73999786,0.50238281,1.69174561
78.75000000,0.50387451,1.69064697
78.76000214,0.50538086,1.68953857
78.76999664,0.50690186,1.68842285
78.77999878,0.50843506,1.68729980
78.79000092,0.50998291,1.68616699
78.80000305,0.51154297,1.68502686
78.80999756,0.51311768,1.68387695
78.81999969,0.51470703,1.68271973
78.83000183,0.51631104,1.68155273
78.83999634,0.51792725,1.68038086
78.84999847,0.51956055,1.67919678
78.86000061,0.52120605,1.67800537
78.87000275,0.52286621,1.67680420
78.87999725,0.52454102,1.67559570
78.88999939,0.52623047,1.67437988
78.90000153,0.52793457,1.67315430
78.91000366,0.52965576,1.67191895
78.91999817,0.53138672,1.67067627
78.93000031,0.53313721,1.66942383
78.94000244,0.53490234,1.71383789
78.94999695,0.53667969,1.73797852
78.95999908,0.53847412,1.73671631
78.97000122,0.54028564,1.73544678
78.98000336,0.54210938,1.73416748
78.98999786,0.54395020,1.73288086
79.00000000,0.54580811,1.73158447
79.01000214,0.54768066,1.73027832
79.01999664,0.54956787,1.72896484
79.02999878,0.55147217,1.72764160
79.04000092,0.51452393,1.72631104
79.05000305,0.48407227,1.72497070
79.05999756,0.48600586,1.72362061
79.06999969,0.48795654,1.72226318
79.08000183,0.48992188,1.72089600
79.08999634,0.49190430,1.71951904
79.09999847,0.49390381,1.71813477
79.11000061,0.49592285,1.71673828
79.12000275,0.49795654,1.71533447
79.12999725,0.50000488,1.71392334
79.13999939,0.50207275,1.71250000
79.15000153,0.50415527,1.71106934
79.16000366,0.50625732,1.70962891
79.16999817,0.50837402,1.70818115
79.18000031,0.51051025,1.70672119
79.19000244,0.51266602,1.70525146
79.19999695,0.51483643,1.70377441
79.20999908,0.51702393,1.70228760
79.22000122,0.51923340,1.70078857
79.23000336,0.52145752,1.69928223
79.23999786,0.52370117,1.69776611
79.25000000,0.52596191,1.69624023
79.26000214,0.52824219,1.69470459
79.26999664,0.53053955,1.69316162
79.27999878,0.53285645,1.69160645
79.29000092,0.53519287,1.69004150
79.30000305,0.53754883,1.68846680
79.30999756,0.53991943,1.68688232
79.31999969,0.54231445,1.68528809
79.33000183,0.54472656,1.68368408
79.33999634,0.54715820,1.68207031
79.34999847,0.54960938,1.68044678
79.36000061,0.55208008,1.67881348
79.37000275,0.55457031,1.67716797
79.37999725,0.55708008,1.67551270
79.38999939,0.55960938,1.67385010
79.40000153,0.56216064,1.67217529
79.41000366,0.56473389,1.69618652
79.41999817,0.56732422,1.72545654
79.43000031,0.56993652,1.73925293
79.44000244,0.57256836,1.73756592
79.44999695,0.57522217,1.73586914
79.45999908,0.57789795,1.73416260
79.47000122,0.58059326,1.73244629
79.48000336,0.58331055,1.73071777
79.48999786,0.58604980,1.72898193
79.50000000,0.58881104,1.72723389
79.51000214,0.59159180,1.72547607
79.51999664,0.59439453,1.72371094
79.52999878,0.59722168,1.72193115
79.54000092,0.60007080,1.72014160
79.55000305,0.60294189,1.71834229
79.55999756,0.60583252,1.71653320
79.56999969,0.60875000,1.71471191
79.58000183,0.61168945,1.71288086
79.58999634,0.61464844,1.71103760
79.59999847,0.61763428,1.70918701
79.61000061,0.62064453,1.70732178
79.62000275,0.58277832,1.70544678
79.62999725,0.55390869,1.70356201
79.63999939,0.55695313,1.70166260
79.65000153,0.56001953,1.69975586
79.66000366,0.56311035,1.69783691
79.66999817,0.56622314,1.69590820
79.68000031,0.56936279,1.69396729
79.69000244,0.57252441,1.69201416
79.69999695,0.57571045,1.69005371
79.70999908,0.57892090,1.68807617
79.72000122,0.58215820,1.70568115
79.73000336,0.58541992,1.72830566
79.73999786,0.58870361,1.75057861
79.75000000,0.59201660,1.75335449
79.76000214,0.59535400,1.75136475
79.76999664,0.59871338,1.74936523
79.77999878,0.60210205,1.74735107
79.79000092,0.60551758,1.74532715
79.80000305,0.60895752,1.74329102
79.80999756,0.61242432,1.74124512
79.81999969,0.61591797,1.73918701
79.83000183,0.61943848,1.73711426
79.83999634,0.62298340,1.73503418
79.84999847,0.62656006,1.73293945
79.86000061,0.63016113,1.73083496
79.87000275,0.63379150,1.72871582
79.87999725,0.63744629,1.72658936
79.88999939,0.64113281,1.72444580
79.90000153,0.64484619,1.72229248
79.91000366,0.64859131,1.72012695
79.91999817,0.65235840,1.71794922
79.93000031,0.65615723,1.71575928
79.94000244,0.65998779,1.71355713
79.94999695,0.66384277,1.71134277
79.95999908,0.66772949,1.70911377
79.97000122,0.67164795,1.70687256
79.98000336,0.67559570,1.70461914
79.98999786,0.67956787,1.70235596
80.00000000,0.68357666,1.70007568
80.01000214,0.68761475,1.69778564
80.01999664,0.69167969,1.69548096
80.02999878,0.69577881,1.69316406
80.04000092,0.69990967,1.69083496
80.05000305,0.68227295,1.68849121
80.05999756,0.65200928,1.68613525
80.06999969,0.63760498,1.68376465
80.08000183,0.64180420,1.68138184
80.08999634,0.64603027,1.67898682
80.09999847,0.65029297,1.67657471
80.11000061,0.65458740,1.67415283
80.12000275,0.65891357,1.67171387
80.12999725,0.66326904,1.66926514
80.13999939,0.66766357,1.66690186
80.15000153,0.67208984,1.68333984
80.16000366,0.67654785,1.69955811
80.16999817,0.68103760,1.71555664
80.18000031,0.68556396,1.73137207
80.19000244,0.69012451,1.72987793
80.19999695,0.69471680,1.72739502
80.20999908,0.69934814,1.72489502
80.22000122,0.70401367,1.72238037
80.23000336,0.70871338,1.71985107
80.23999786,0.71344482,1.71730957
80.25000000,0.71821777,1.71475098
80.26000214,0.72302246,1.71218018
80.26999664,0.72786133,1.70959717
80.27999878,0.73274170,1.70699463
80.29000092,0.73765869,1.70437988
80.30000305,0.74260986,1.70175049
80.30999756,0.74759521,1.69910889
80.31999969,0.75262451,1.69644531
80.33000183,0.75769287,1.69376953
80.33999634,0.76279053,1.69107910
80.34999847,0.76793701,1.68837158
80.36000061,0.77311768,1.68564697
80.37000275,0.77833740,1.68290771
80.37999725,0.78359375,1.68015625
80.38999939,0.78889160,1.67738770
80.40000153,0.79423340,1.67459961
80.41000366,0.77243408,1.67179443
80.41999817,0.74730469,1.66897705
80.43000031,0.73309326,1.66614502
80.44000244,0.73851074,1.66329346
80.44999695,0.74396729,1.66042480
80.45999908,0.74946777,1.65753906
80.47000122,0.75500977,1.65463623
80.48000336,0.76059326,1.65171631
80.48999786,0.76621338,1.65465820
80.50000000,0.77187744,1.66738770
80.51000214,0.77759033,1.67998535
80.51999664,0.78334229,1.69242432
80.52999878,0.78913818,1.70472900
80.54000092,0.79497803,1.71217529
80.55000305,0.80086182,1.70922363
80.55999756,0.80678467,1.70625488
80.56999969,0.81275635,1.70326904
80.58000183,0.81877197,1.70026367
80.58999634,0.82482666,1.69724121
80.59999847,0.83093262,1.69420166
80.61000061,0.83708252,1.69114258
80.62000275,0.84328125,1.68806641
80.62999725,0.84952393,1.68497070
80.63999939,0.85581787,1.68185303
80.65000153,0.86215820,1.67871826
80.66000366,0.86854492,1.67556152
80.66999817,0.87498047,1.67238770
80.68000031,0.88146484,1.66919189
80.69000244,0.88799805,1.66597656
80.69999695,0.89457520,1.66274414
80.70999908,0.90120850,1.65948975
80.72000122,0.90789063,1.65621338
80.73000336,0.91461670,1.65292236
80.73999786,0.92138916,1.64961182
80.75000000,0.92821777,1.64627686
80.76000214,0.93509766,1.64292236
80.76999664,0.94202393,1.63954590
80.77999878,0.94900635,1.63614502
80.79000092,0.95334229,1.63272217
80.80000305,0.93212891,1.62927490
80.80999756,0.91112793,1.62581055
80.81999969,0.89621338,1.62231689
80.83000183,0.90334473,1.61880127
80.83999634,0.91052002,1.61526367
80.84999847,0.91775635,1.62310059
80.86000061,0.92504395,1.63322021
80.87000275,0.93238525,1.64323975
80.87999725,0.93977539,1.65315430
80.88999939,0.94722656,1.66298096
80.90000153,0.95473389,1.67271240
80.91000366,0.96229004,1.67211182
80.91999817,0.96989746,1.66849854
80.93000031,0.97756592,1.66485107
80.94000244,0.98529053,1.66117920
80.94999695,0.99306641,1.65748291
80.95999908,1.00090088,1.65375977
80.97000122,1.00879395,1.65000732
80.98000336,1.01674316,1.64622559
80.98999786,1.02474365,1.64241943
81.00000000,1.03280518,1.63858398
81.01000214,1.04092773,1.63471680
81.01999664,1.04909912,1.63082520
81.02999878,1.05733643,1.62690186
81.04000092,1.06563477,1.62294678
81.05000305,1.07399170,1.61895996
81.05999756,1.08239746,1.61494873
81.06999969,1.09087402,1.61090332
81.08000183,1.09940918,1.60682373
81.08999634,1.10799561,1.60271729
81.09999847,1.11665039,1.59857422
81.11000061,1.12536621,1.59439697
81.12000275,1.13414063,1.59018799
81.12999725,1.14297119,1.58594971
81.13999939,1.15186523,1.58167725
81.15000153,1.16082520,1.57736816
81.16000366,1.16984863,1.57302246
81.16999817,1.17892334,1.56864746
81.18000031,1.18806885,1.56423340
81.19000244,1.19727539,1.55978516
81.19999695,1.20653809,1.56760498
81.20999908,1.21587402,1.57620850
81.22000122,1.22527100,1.58474121
81.23000336,1.23473145,1.59321533
81.23999786,1.24424805,1.60160889
81.25000000,1.25383789,1.60994873
81.26000214,1.26349121,1.61483643
81.26999664,1.27320068,1.61024658
81.27999878,1.37051758,1.60561279
81.29000092,1.38052246,1.60093994
81.30000305,1.39059082,1.59623047
81.30999756,1.40072266,1.59147949
81.31999969,1.41092529,1.58668945
81.33000183,1.50952393,1.58185303
81.33999634,1.52001221,1.57698242
81.34999847,1.53057373,1.57206787
81.36000061,1.54120850,1.56710938
81.37000275,1.55190918,1.56210938
81.37999725,1.56267334,1.55706787
81.38999939,1.57351074,1.55197998
81.40000153,1.58441650,1.54685303
81.41000366,1.59539307,1.54167725
81.41999817,1.69622559,1.53646240
81.43000031,1.70750488,1.53119873
81.44000244,1.71885498,1.53529541
81.44999695,1.73026611,1.54317139
81.45999908,1.74176025,1.55101074
81.47000122,1.74690918,1.55879639
81.48000336,1.73005371,1.56652832
81.48999786,1.71335693,1.57420654
81.50000000,1.69725830,1.58184814
81.51000214,1.70892822,1.57873535
81.51999664,1.72065674,1.57322510
81.52999878,1.73246338,1.56766113
81.54000092,1.74433838,1.56205078
81.55000305,1.75628662,1.55638428
81.55999756,1.76829590,1.55067383
81.56999969,1.78038086,1.54490967
81.58000183,1.79253662,1.53909424
81.58999634,1.80475098,1.53323486
81.59999847,1.81704346,1.52731934
81.61000061,1.82941162,1.52134766
81.62000275,1.93213867,1.51532227
81.62999725,1.91622559,1.50925049
81.63999939,1.90043457,1.50312012
81.65000153,1.88477051,1.49693848
81.66000366,1.89228271,1.49070313
81.66999817,1.90505615,1.49562988
81.68000031,1.91790771,1.50301270
81.69000244,1.93082764,1.51035400
81.69999695,1.94380859,1.51765137
81.70999908,1.95686523,1.52491211
81.72000122,1.96999268,1.53213623
81.73000336,1.97049072,1.53932373
81.73999786,1.95548828,1.53426514
81.75000000,1.94059570,1.52771240
81.76000214,1.92736572,1.52110107
81.76999664,1.94062988,1.51443848
81.77999878,1.95397217,1.50771484
81.79000092,1.96738281,1.50093262
81.80000305,1.98085449,1.49409668
81.80999756,1.99438965,1.48719971
81.81999969,2.00799072,1.48024658
81.83000183,2.02166504,1.47322998
81.83999634,2.03538818,1.46615967
81.84999847,2.04918213,1.45902344
81.86000061,2.06303955,1.45183105
81.87000275,2.07138428,1.44458252
81.87999725,2.05733887,1.44317139
81.88999939,2.04339111,1.45026367
81.90000153,2.02954834,1.45732666
81.91000366,2.03467041,1.46436279
81.91999817,2.04869141,1.47136475
81.93000031,2.06278320,1.47834473
81.94000244,2.07410400,1.48529785
81.94999695,2.06060303,1.48378418
81.95999908,2.04719482,1.47618896
81.97000122,2.03388428,1.46853516
81.98000336,2.02067383,1.46082031
81.98999786,2.00756836,1.45305420
82.00000000,1.99455078,1.44521973
82.01000214,1.98162842,1.43732666
82.01999664,1.99088379,1.42937500
82.02999878,2.00515869,1.42135254
82.04000092,2.01948486,1.41326904
82.05000305,2.02783447,1.40512939
82.05999756,2.01521484,1.39693115
82.06999969,2.00267334,1.38866699
82.08000183,1.99022217,1.38725098
82.08999634,1.97786865,1.39419434
82.09999847,1.96559326,1.40112305
82.11000061,1.95340088,1.40802979
82.12000275,1.94129883,1.41491943
82.12999725,1.94537354,1.42178955
82.13999939,1.95981934,1.42864746
82.15000153,1.97430664,1.42333984
82.16000366,1.98884033,1.41470459
82.16999817,1.97717041,1.40601563
82.18000031,1.96540771,1.39726074
82.19000244,1.95372803,1.38844238
82.19999695,1.94212646,1.37956543
82.20999908,1.93059570,1.38155029
82.22000122,1.91914307,1.38842041
82.23000336,1.90776611,1.39527100
82.23999786,1.89743652,1.40210449
82.25000000,1.91198242,1.40893311
82.26000214,1.92656494,1.41574951
82.26999664,1.94116943,1.42071289
82.27999878,1.94573486,1.41150635
82.29000092,1.93467041,1.40223877
82.30000305,1.92366943,1.39290039
82.30999756,1.91274902,1.38351318
82.31999969,1.90188965,1.37405518
82.33000183,1.89109863,1.36453857
82.33999634,1.88037842,1.35496338
82.34999847,1.86971924,1.34531738
82.36000061,1.85912354,1.33561279
82.37000275,1.84858887,1.32584229
82.37999725,1.83812744,1.31602051
82.38999939,1.82772217,1.30613037
82.40000153,1.81737549,1.29617432
82.41000366,1.80708984,1.28615967
82.41999817,1.79687500,1.27609619
82.43000031,1.78670898,1.26595703
82.44000244,1.77660156,1.25576172
82.44999695,1.76656250,1.24551514
82.45999908,1.75656982,1.23519775
82.47000122,1.74663574,1.22482178
82.48000336,1.73675781,1.21439209
82.48999786,1.72694092,1.20390381
82.50000000,1.71717285,1.21081299
82.51000214,1.70745605,1.21781738
82.51999664,1.69779541,1.22480957
82.52999878,1.68818359,1.23180176
82.54000092,1.67862793,1.23878662
82.55000305,1.66911621,1.24577148
82.55999756,1.65966553,1.23837158
82.56999969,1.65025391,1.22754883
82.58000183,1.64089355,1.21667480
82.58999634,1.63158447,1.20574463
82.59999847,1.62231934,1.19475342
82.61000061,1.61309570,1.19694824
82.62000275,1.60392334,1.20398193
82.62999725,1.59479736,1.21101318
82.63999939,1.58571533,1.21804443
82.65000153,1.57667480,1.22507568
82.66000366,1.56767822,1.23210449
82.66999817,1.55873047,1.22716797
82.68000031,1.54981689,1.21584717
82.69000244,1.54094727,1.20447510
82.69999695,1.53212402,1.19305664
82.70999908,1.52333496,1.18157959
82.72000122,1.51458496,1.18434082
82.73000336,1.50587158,1.19143799
82.73999786,1.49720947,1.19852783
82.75000000,1.48857178,1.20562988
82.76000214,1.47997803,1.21272705
82.76999664,1.47142334,1.21982422
82.77999878,1.46289795,1.21183594
82.79000092,1.45440674,1.20004395
82.80000305,1.44594727,1.18820313
82.80999756,1.43753174,1.17632813
82.81999969,1.42914063,1.16591064
82.83000183,1.42078125,1.17308105
82.83999634,1.41246338,1.18024414
82.84999847,1.40416992,1.18742188
82.86000061,1.39590576,1.19460449
82.87000275,1.38766846,1.20179199
82.87999725,1.39022461,1.20897705
82.88999939,1.40396240,1.21617432
82.90000153,1.41769531,1.22337891
82.91000366,1.43142090,1.23059082
82.91999817,1.43607422,1.23780518
82.93000031,1.42798096,1.24502930
82.94000244,1.41991699,1.24424316
82.94999695,1.41188477,1.23188965
82.95999908,1.40386963,1.21948486
82.97000122,1.39588135,1.20704102
82.98000336,1.38791748,1.19455811
82.98999786,1.37998291,1.19959717
83.00000000,1.37206787,1.20690918
83.01000214,1.36417969,1.21422607
83.01999664,1.35632080,1.22154541
83.02999878,1.34848145,1.22887939
83.04000092,1.34066162,1.23257568
83.05000305,1.33286377,1.21988525
83.05999756,1.32509277,1.20717041
83.06999969,1.31733643,1.19441162
83.08000183,1.32100342,1.18161865
83.08999634,1.33431152,1.18432373
83.09999847,1.34760986,1.19175049
83.11000061,1.36088379,1.19918945
83.12000275,1.36763184,1.20664063
83.12999725,1.35999023,1.21409912
83.13999939,1.35236572,1.22157715
83.15000153,1.34475586,1.22906738
83.16000366,1.33716797,1.23657227
83.16999817,1.32959717,1.24408936
83.18000031,1.32203857,1.25162842
83.19000244,1.31449707,1.25918213
83.19999695,1.30697754,1.25372803
83.20999908,1.29947021,1.24059326
83.22000122,1.29197754,1.22743408
83.23000336,1.28450195,1.21425293
83.23999786,1.27704590,1.20841309
83.25000000,1.26959961,1.21605713
83.26000214,1.26216309,1.22372559
83.26999664,1.25474854,1.23140381
83.27999878,1.24733887,1.23910400
83.29000092,1.25372070,1.24682373
83.30000305,1.26646973,1.25456299
83.30999756,1.27918457,1.26231689
83.31999969,1.29186768,1.27009766
83.33000183,1.29936279,1.27790039
83.33999634,1.29205078,1.28571289
83.34999847,1.28474121,1.28173828
83.36000061,1.27744385,1.26826416
83.37000275,1.27016113,1.25477539
83.37999725,1.26288818,1.24127930
83.38999939,1.25562012,1.23616943
83.40000153,1.24836670,1.24410400
83.41000366,1.24111816,1.25206787
83.41999817,1.23388428,1.26004883
83.43000031,1.22665771,1.26805664
83.44000244,1.21943359,1.27313721
83.44999695,1.22706787,1.25951904
83.45999908,1.23929932,1.24587646
83.47000122,1.25148193,1.23223145
83.48000336,1.26361572,1.21924561
83.48999786,1.27273682,1.22737793
83.50000000,1.26559326,1.23554443
83.51000214,1.25845947,1.24373779
83.51999664,1.25133301,1.25195557
83.52999878,1.24421143,1.26020508
83.54000092,1.23708984,1.26849121
83.55000305,1.23494141,1.27680420
83.55999756,1.24676758,1.28514404
83.56999969,1.25854980,1.29352051
83.58000183,1.27028320,1.30193359
83.58999634,1.28195068,1.31036865
83.59999847,1.28426025,1.31884766
83.61000061,1.27722412,1.32735840
83.62000275,1.27019287,1.33590576
83.62999725,1.26316650,1.34448730
83.63999939,1.25614258,1.33449463
83.65000153,1.24912109,1.32057373
83.66000366,1.25097900,1.30666260
83.66999817,1.26231689,1.29276367
83.68000031,1.27361084,1.29776611
83.69000244,1.28484131,1.30652100
83.69999695,1.29600586,1.31531006
83.70999908,1.29745117,1.32414795
83.72000122,1.29051025,1.33302490
83.73000336,1.28357178,1.34194580
83.73999786,1.27663818,1.35090576
83.75000000,1.26970215,1.35991455
83.76000214,1.26276855,1.36896729
83.76999664,1.25583740,1.37805908
83.77999878,1.24889893,1.38720947
83.79000092,1.24196533,1.39640381
83.80000305,1.23503174,1.40564697
83.80999756,1.22810059,1.41493164
83.81999969,1.22116211,1.41308594
83.83000183,1.21756836,1.39897217
83.83999634,1.22813232,1.38489258
83.84999847,1.23864258,1.37081787
83.86000061,1.24908691,1.37059326
83.87000275,1.25946777,1.38011230
83.87999725,1.26977783,1.38968262
83.88999939,1.26438965,1.39930664
83.90000153,1.25752686,1.40899414
83.91000366,1.25066162,1.41873779
83.91999817,1.24379639,1.42853271
83.93000031,1.23692383,1.43839844
83.94000244,1.23004395,1.44832520
83.94999695,1.23289795,1.45830811
83.95999908,1.24282227,1.46835693
83.97000122,1.25267578,1.47847168
83.98000336,1.26246094,1.48865234
83.98999786,1.27216797,1.49889160
84.00000000,1.28172607,1.50920898
84.01000214,1.27492920,1.51959717
84.01999664,1.26813477,1.53005127
84.02999878,1.26132813,1.54058594
84.04000092,1.25451660,1.53030273
84.05000305,1.24769775,1.51604248
84.05999756,1.24087891,1.50182129
84.06999969,1.24228516,1.48955322
84.08000183,1.25153320,1.50033691
84.08999634,1.26070068,1.51119141
84.09999847,1.26980469,1.52213623
84.11000061,1.27883057,1.53315918
84.12000275,1.28778320,1.54427002
84.12999725,1.28765137,1.55545410
84.13999939,1.28091064,1.56673828
84.15000153,1.27416016,1.57810791
84.16000366,1.26740234,1.58957031
84.16999817,1.26064209,1.60111572
84.18000031,1.25386475,1.61276123
84.19000244,1.24708008,1.62450195
84.19999695,1.25420166,1.63633301
84.20999908,1.26267090,1.64826660
84.22000122,1.27106445,1.66030273
84.23000336,1.27938232,1.67243896
84.23999786,1.28762451,1.68467773
84.25000000,1.29579834,1.69703125
84.26000214,1.29619629,1.70948975
84.26999664,1.28949951,1.71667236
84.27999878,1.28278076,1.70229248
84.29000092,1.27604980,1.68796631
84.30000305,1.26930420,1.67369141
84.30999756,1.26254639,1.67549316
84.31999969,1.25576416,1.68843018
84.33000183,1.25880127,1.70148438
84.33999634,1.26651611,1.71464844
84.34999847,1.27416016,1.72794189
84.36000061,1.28172852,1.74135742
84.37000275,1.28922363,1.75489502
84.37999725,1.29664063,1.76854980
84.38999939,1.30399658,1.78235107
84.40000153,1.31127930,1.79628174
84.41000366,1.31848877,1.81034424
84.41999817,1.32562256,1.82453125
84.43000031,1.33268311,1.83886963
84.44000244,1.33967285,1.85334717
84.44999695,1.34659424,1.86796143
84.45999908,1.35344727,1.88273193
84.47000122,1.35482666,1.89764648
84.48000336,1.34819580,1.91271484
84.48999786,1.34154785,1.92791992
84.50000000,1.33486328,1.94330078
84.51000214,1.32815674,1.95883545
84.51999664,1.32143066,1.94677734
84.52999878,1.31467529,1.93255859
84.54000092,1.31076416,1.91840332
84.55000305,1.31721924,1.91875000
84.55999756,1.32360107,1.93481201
84.56999969,1.32991943,1.95105713
84.58000183,1.33617432,1.96748047
84.58999634,1.34236084,1.98406250
84.59999847,1.34848389,2.00083740
84.61000061,1.35453857,2.01779541
84.62000275,1.35847412,2.03494141
84.62999725,1.35171387,2.05227051
84.63999939,1.34491455,2.06980225
84.65000153,1.33808105,2.08752686
84.66000366,1.33121094,2.10544922
84.66999817,1.32431152,2.12356201
84.68000031,1.31736084,2.14190186
84.69000244,1.31036865,2.16044678
84.69999695,1.31471191,2.15927246
84.70999908,1.32034668,2.14532471
84.72000122,1.32592041,2.13146729
84.73000336,1.33143799,2.12684326
84.73999786,1.33688477,2.14610107
84.75000000,1.34227539,2.16559570
84.76000214,1.34760254,2.18532227
84.76999664,1.35286621,2.20527100
84.77999878,1.35807861,2.22548096
84.79000092,1.36322998,2.21581543
84.80000305,1.36832275,2.20222168
84.80999756,1.37335205,2.18873047
84.81999969,1.37832275,2.19510986
84.83000183,1.38323730,2.21614014
84.83999634,1.38809570,2.23742187
84.84999847,1.39290039,2.25898682
84.86000061,1.39764893,2.28081787
84.87000275,1.40233643,2.28523926
84.87999725,1.40093506,2.27197998
84.88999939,1.39380127,2.25880859
84.90000153,1.38660889,2.25350342
84.91000366,1.37935791,2.27626465
84.91999817,1.37205078,2.29930176
84.93000031,1.36466553,2.29366699
84.94000244,1.35721436,2.28077148
84.94999695,1.35166016,2.26798828
84.95999908,1.35605713,2.25529053
84.97000122,1.36040039,2.24269531
84.98000336,1.36468994,2.23019775
84.98999786,1.36892090,2.22501709
85.00000000,1.37310547,2.24949707
85.01000214,1.37723633,2.27431641
85.01999664,1.38131104,2.26604004
85.02999878,1.38533447,2.25385254
85.04000092,1.38930664,2.24176514
85.05000305,1.39322754,2.22978027
85.05999756,1.39709717,2.21790527
85.06999969,1.40091309,2.20612793
85.08000183,1.40467773,2.20247559
85.08999634,1.40839355,2.22884766
85.09999847,1.41206055,2.25475342
85.11000061,1.41567871,2.24320312
85.12000275,1.41925049,2.23175293
85.12999725,1.42276611,2.22041992
85.13999939,1.42623535,2.20918457
85.15000153,1.42965576,2.19805420
85.16000366,1.43302734,2.18702637
85.16999817,1.43635254,2.17610840
85.18000031,1.43962891,2.16529053
85.19000244,1.44285889,2.15457520
85.19999695,1.44604248,2.14397217
85.20999908,1.44918213,2.13346680
85.22000122,1.45227783,2.12306396
85.23000336,1.45532959,2.11275879
85.23999786,1.45832764,2.10256836
85.25000000,1.46128418,2.09247314
85.26000214,1.46419922,2.08247803
85.26999664,1.46707520,2.07259033
85.27999878,1.46990723,2.06279785
85.29000092,1.47270264,2.05310303
85.30000305,1.47545410,2.04351318
85.30999756,1.47816406,2.03402832
85.31999969,1.48083496,2.02463379
85.33000183,1.48346680,1.93582031
85.33999634,1.48605713,1.92678223
85.34999847,1.48860840,1.91783691
85.36000061,1.49112793,1.90898438
85.37000275,1.49360840,1.90022705
85.37999725,1.49604980,1.89157471
85.38999939,1.49846191,1.88300537
85.40000153,1.50083496,1.87453369
85.41000366,1.50317383,1.86615234
85.41999817,1.50141602,1.85787354
85.43000031,1.49192383,1.84968262
85.44000244,1.48228271,1.84158447
85.44999695,1.47249756,1.83358398
85.45999908,1.46254150,1.82567139
85.47000122,1.45242432,1.81784668
85.48000336,1.44211670,1.81010986
85.48999786,1.44339844,1.80247070
85.50000000,1.44557617,1.79491455
85.51000214,1.44772217,1.78744629
85.51999664,1.44983398,1.78007324
85.52999878,1.45191650,1.77278564
85.54000092,1.45396973,1.76558350
85.55000305,1.45599121,1.75846924
85.55999756,1.45798584,1.75144531
85.56999969,1.45995117,1.74450195
85.58000183,1.46189209,1.73764404
85.58999634,1.46379883,1.73087646
85.59999847,1.46567871,1.72418701
85.61000061,1.46753174,1.71758545
85.62000275,1.46935791,1.71106445
85.62999725,1.47115723,1.70463135
85.63999939,1.47293457,1.69827148
85.65000153,1.47468262,1.69199707
85.66000366,1.47640625,1.68580322
85.66999817,1.47810791,1.67969482
85.68000031,1.47978271,1.67365723
85.69000244,1.48143555,1.66770264
85.69999695,1.48306152,1.66182861
85.70999908,1.48466553,1.65603271
85.72000122,1.48624756,1.65031494
85.73000336,1.48780518,1.64467041
85.73999786,1.48934326,1.63910889
85.75000000,1.49085693,1.55922607
85.76000214,1.49235352,1.55390381
85.76999664,1.49382568,1.54865967
85.77999878,1.49527832,1.54348389
85.79000092,1.49671143,1.53837891
85.80000305,1.49812012,1.53334961
85.80999756,1.49950684,1.52839600
85.81999969,1.50087891,1.52351074
85.83000183,1.50223145,1.51869141
85.83999634,1.50356201,1.51394775
85.84999847,1.50487549,1.50926758
85.86000061,1.50616943,1.50465820
85.87000275,1.50744873,1.50011475
85.87999725,1.50870605,1.49564453
85.88999939,1.50994629,1.49123779
85.90000153,1.51116699,1.48689941
85.91000366,1.51237305,1.48262695
85.91999817,1.51355957,1.47842529
85.93000031,1.51473145,1.47427979
85.94000244,1.51588379,1.47020264
85.94999695,1.51702148,1.46619141
85.95999908,1.51814209,1.46224121
85.97000122,1.51924805,1.45835205
85.98000336,1.52033691,1.45452637
85.98999786,1.52141113,1.45076416
86.00000000,1.52246826,1.44706299
86.01000214,1.52351074,1.44342285
86.01999664,1.52453613,1.43984619
86.02999878,1.52554932,1.43632813
86.04000092,1.52654541,1.43286621
86.05000305,1.52752930,1.42946289
86.05999756,1.52849854,1.42612305
86.06999969,1.52945068,1.42283691
86.08000183,1.53039307,1.41960693
86.08999634,1.53131836,1.41643799
86.09999847,1.53223145,1.41332031
86.11000061,1.53313232,1.41026123
86.12000275,1.53401367,1.40725830
86.12999725,1.53488525,1.40431152
86.13999939,1.53574219,1.40141846
86.15000153,1.53658447,1.39857910
86.16000366,1.53741699,1.39579102
86.16999817,1.53823486,1.39305908
86.18000031,1.53903809,1.39037842
86.19000244,1.53983154,1.38774658
86.19999695,1.54060791,1.38517090
86.20999908,1.54137451,1.38264404
86.22000122,1.54212646,1.38016602
86.23000336,1.54286621,1.37773682
86.23999786,1.54359375,1.30416748
86.25000000,1.54430908,1.30187988
86.26000214,1.54500977,1.29963867
86.26999664,1.54569580,1.29744629
86.27999878,1.54637207,1.29530029
86.29000092,1.54703369,1.29319824
86.30000305,1.54768066,1.29114258
86.30999756,1.54831787,1.28913574
86.31999969,1.54894287,1.28716797
86.33000183,1.54955566,1.28524658
86.33999634,1.55015381,1.28336914
86.34999847,1.55074219,1.28153564
86.36000061,1.55131592,1.27974365
86.37000275,1.55187744,1.27799561
86.37999725,1.55242676,1.27628906
86.38999939,1.55296143,1.27462646
86.40000153,1.55348389,1.27300293
86.41000366,1.55399414,1.27142334
86.41999817,1.55448975,1.26988281
86.43000031,1.55497559,1.26838379
86.44000244,1.55544678,1.26692383
86.44999695,1.55590576,1.26550293
86.45999908,1.55635254,1.26412109
86.47000122,1.55678711,1.26277832
86.48000336,1.55720947,1.26147217
86.48999786,1.55761719,1.26020508
86.50000000,1.55801514,1.25897461
86.51000214,1.55839844,1.25778320
86.51999664,1.55876953,1.25662842
86.52999878,1.55912842,1.25550781
86.54000092,1.55947510,1.25442627
86.55000305,1.55980957,1.25337646
86.55999756,1.56013184,1.25236572
86.56999969,1.56043945,1.25138916
86.58000183,1.56073486,1.25044678
86.58999634,1.56101563,1.24954102
86.59999847,1.56128662,1.24866943
86.61000061,1.56154297,1.24782959
86.62000275,1.56178955,1.24702393
86.62999725,1.56202148,1.24625244
86.63999939,1.56224121,1.24551270
86.65000153,1.56244629,1.24480469
86.66000366,1.56264160,1.24413086
86.66999817,1.56282471,1.24348877
86.68000031,1.56299316,1.24287598
86.69000244,1.56314941,1.24229492
86.69999695,1.56329346,1.24174561
86.70999908,1.56342529,1.24122803
86.72000122,1.56354248,1.24073975
86.73000336,1.56364990,1.24028076
86.73999786,1.56374268,1.23985352
86.75000000,1.56382324,1.23945313
86.76000214,1.56389160,1.23908447
86.76999664,1.56394531,1.23874268
86.77999878,1.56398926,1.23843018
86.79000092,1.56401855,1.23814697
86.80000305,1.56403564,1.23789063
86.80999756,1.56404053,1.16761963
86.81999969,1.56403320,1.16742432
86.83000183,1.56401367,1.16725830
86.83999634,1.56397949,1.16711670
86.84999847,1.56393311,1.16700195
86.86000061,1.56387451,1.16691162
86.87000275,1.49378662,1.16685059
86.87999725,1.49370605,1.16681396
86.88999939,1.49361328,1.16680176
86.90000153,1.49350586,1.16681641
86.91000366,1.49338623,1.16685547
86.91999817,1.49325195,1.16691895
86.93000031,1.49310791,1.16700928
86.94000244,1.49294922,1.16712158
86.94999695,1.49277832,1.16725830
86.95999908,1.49259277,1.16741943
86.97000122,1.49239502,1.16760498
86.98000336,1.49218506,1.16781250
86.98999786,1.49196289,1.16804443
87.00000000,1.49172607,1.16829834
87.01000214,1.49147705,1.16857666
87.01999664,1.49121582,1.16887695
87.02999878,1.49093994,1.16919922
87.04000092,1.49065186,1.16954346
87.05000305,1.49035156,1.16990967
87.05999756,1.49003906,1.17030029
87.06999969,1.48971436,1.17071045
87.08000183,1.48937500,1.17114258
87.08999634,1.48902344,1.17159424
87.09999847,1.48865967,1.17206787
87.11000061,1.48828369,1.17256348
87.12000275,1.48789307,1.17307861
87.12999725,1.48749268,1.17361572
87.13999939,1.48707764,1.17416992
87.15000153,1.48665039,1.17474609
87.16000366,1.48620850,1.17534424
87.16999817,1.48575684,1.17595947
87.18000031,1.48529297,1.17659424
87.19000244,1.48481445,1.17725098
87.19999695,1.48432373,1.17792480
87.20999908,1.48382080,1.17861816
87.22000122,1.48330566,1.17933105
87.23000336,1.48277832,1.18006104
87.23999786,1.48223633,1.18081055
87.25000000,1.48168457,1.18157715
87.26000214,1.48112061,1.18236328
87.26999664,1.48054443,1.18316650
87.27999878,1.47995361,1.18398926
87.29000092,1.47935059,1.18482666
87.30000305,1.47873779,1.18568604
87.30999756,1.47811035,1.18655762
87.31999969,1.47747314,1.18745117
87.33000183,1.47682129,1.18835938
87.33999634,1.47615723,1.18928467
87.34999847,1.47548340,1.19022705
87.36000061,1.47479492,1.19118652
87.37000275,1.47409668,1.19216064
87.37999725,1.47338379,1.17470459
87.38999939,1.47266113,1.12398193
87.40000153,1.47192383,1.12499756
87.41000366,1.47117676,1.12603027
87.41999817,1.47041748,1.12707764
87.43000031,1.46964600,1.12814209
87.44000244,1.49115967,1.12922119
87.44999695,1.53829346,1.13031494
87.45999908,1.53749512,1.13142334
87.47000122,1.53668213,1.13254639
87.48000336,1.53585938,1.13368652
87.48999786,1.53502686,1.13483887
87.50000000,1.53418213,1.13600586
87.51000214,1.53332520,1.13718994
87.51999664,1.53245605,1.13838623
87.52999878,1.53157471,1.13959717
87.54000092,1.58604248,1.14082275
87.55000305,1.60009277,1.14206055
87.55999756,1.59918701,1.14331299
87.56999969,1.59827148,1.14457764
87.58000183,1.59734131,1.14585693
87.58999634,1.59640137,1.14715088
87.59999847,1.59545166,1.14845703
87.61000061,1.59448975,1.14977783
87.62000275,1.59351563,1.15111084
87.62999725,1.59253174,1.15245361
87.63999939,1.59153564,1.15381348
87.65000153,1.59052979,1.15518555
87.66000366,1.58951172,1.15656738
87.66999817,1.58848389,1.15796387
87.68000031,1.58744629,1.15937012
87.69000244,1.58639648,1.16079102
87.69999695,1.58533691,1.16222168
87.70999908,1.58426514,1.16366699
87.72000122,1.61222412,1.16512207
87.73000336,1.65256836,1.16659180
87.73999786,1.65147217,1.16807129
87.75000000,1.65036865,1.16956299
87.76000214,1.64925293,1.17106445
87.76999664,1.64812744,1.17257813
87.77999878,1.64698975,1.17410400
87.79000092,1.64584473,1.17563965
87.80000305,1.64468506,1.17718750
87.80999756,1.64351807,1.17874512
87.81999969,1.69933350,1.18031250
87.83000183,1.71172607,1.18189209
87.83999634,1.71053711,1.18348389
87.84999847,1.70933838,1.18508545
87.86000061,1.70812744,1.18669678
87.87000275,1.70690674,1.18831787
87.87999725,1.70567871,1.18994873
87.88999939,1.70443848,1.19158936
87.90000153,1.70318848,1.19324219
87.91000366,1.72267334,1.19490479
87.91999817,1.77132324,1.19657471
87.93000031,1.77005127,1.19825684
87.94000244,1.76877197,1.19994629
87.94999695,1.76748291,1.20164551
87.95999908,1.76618408,1.20335449
87.97000122,1.76487305,1.20507324
87.98000336,1.76355469,1.20680176
87.98999786,1.76222412,1.20853760
88.00000000,1.76088623,1.21028564
88.01000214,1.80706299,1.21204102
88.01999664,1.82894043,1.21380371
88.02999878,1.82758301,1.21557617
88.04000092,1.82621338,1.21735840
88.05000305,1.82483643,1.21914795
88.05999756,1.82345215,1.18677490
88.06999969,1.82205566,1.15194336
88.08000183,1.82064941,1.15375000
88.08999634,1.81923828,1.15556152
88.09999847,1.83583984,1.15738281
88.11000061,1.88722900,1.15921387
88.12000275,1.88579590,1.16105225
88.12999725,1.88435303,1.16289795
88.13999939,1.88290283,1.16475098
88.15000153,1.88144287,1.16661133
88.16000366,1.87997314,1.16848145
88.16999817,1.87849609,1.17035889
88.18000031,1.87700928,1.17224121
88.19000244,1.87551025,1.17413574
88.19999695,1.92020264,1.17603271
88.20999908,1.94343506,1.17793945
88.22000122,1.94192139,1.17985107
88.23000336,1.94040039,1.18177246
88.23999786,1.93886963,1.18369629
88.25000000,1.93733154,1.18562988
88.26000214,1.93578125,1.18757080
88.26999664,1.93422607,1.18951904
88.27999878,1.93266113,1.19147217
88.29000092,1.95416016,1.19343262
88.30000305,2.00052490,1.19540039
88.30999756,1.99894287,1.19737305
88.31999969,1.99735352,1.19935547
88.33000183,1.99575439,1.20134033
88.33999634,1.99414795,1.20333252
88.34999847,1.99253174,1.20533203
88.36000061,1.99090820,1.20733643
88.37000275,1.98927734,1.20934570
88.37999725,1.99136230,1.21135986
88.38999939,2.04012939,1.21338135
88.40000153,2.05543945,1.21541016
88.41000366,2.05378418,1.21744629
88.41999817,2.05212158,1.21948242
88.43000031,2.05044922,1.22152832
88.44000244,2.04876953,1.22357666
88.44999695,2.04708496,1.22563232
88.45999908,2.04538818,1.22769287
88.47000122,2.04368652,1.22975830
88.48000336,2.07932617,1.23182861
88.48999786,2.11143555,1.23390381
88.50000000,2.10971680,1.23598389
88.51000214,2.10799072,1.23807129
88.51999664,2.10625732,1.24015869
88.52999878,2.10451416,1.24225586
88.54000092,2.10276611,1.24435547
88.55000305,2.10100830,1.24646240
88.55999756,2.09924805,1.24856934
88.56999969,2.12167725,1.25068359
88.58000183,2.16694336,1.25280273
88.58999634,2.16516357,1.25492432
88.59999847,2.16337891,1.25705078
88.61000061,2.16158447,1.25918213
88.62000275,2.15978516,1.26131592
88.62999725,2.15798096,1.26345459
88.63999939,2.15616455,1.26559814
88.65000153,2.15434326,1.26774414
88.66000366,2.16712891,1.26989502
88.66999817,2.21313477,1.27204834
88.68000031,2.22015381,1.27420654
88.69000244,2.21831055,1.27636719
88.69999695,2.21646240,1.27853271
88.70999908,2.21460449,1.28070068
88.72000122,2.21274170,1.28287354
88.73000336,2.21087158,1.28504883
88.73999786,2.20899902,1.28722412
88.75000000,2.21557861,1.28940674
88.76000214,2.26113770,1.29159180
88.76999664,2.27469971,1.28371582
88.77999878,2.27280518,1.23094238
88.79000092,2.27090088,1.22678223
88.80000305,2.26899170,1.22897461
88.80999756,2.26707764,1.23116699
88.81999969,2.26515625,1.23336426
88.83000183,2.26322510,1.23556396
88.83999634,2.26718994,1.23776611
88.84999847,2.31240479,1.23997070
88.86000061,2.35751221,1.24217773
88.87000275,2.39830322,1.24438965
88.87999725,2.39635498,1.24659912
88.88999939,2.39439941,1.24881592
88.90000153,2.39243896,1.25103271
88.91000366,2.39047119,1.25325195
88.91999817,2.38850098,1.25547119
88.93000031,2.38652100,1.25769531
88.94000244,2.38453857,1.25991943
88.94999695,2.38254883,1.26214600
88.95999908,2.38055420,1.26437500
88.97000122,2.37854980,1.26660645
88.98000336,2.37654297,1.26884033
88.98999786,2.37453125,1.27107178
89.00000000,2.37251221,1.27330811
89.01000214,2.37048828,1.27554688
89.01999664,2.38025635,1.27778564
89.02999878,2.42511719,1.28002686
89.04000092,2.43588623,1.28226807
89.05000305,2.43384521,1.28451172
89.05999756,2.43179932,1.28675537
89.06999969,2.42974609,1.28900146
89.08000183,2.42768799,1.29125000
89.08999634,2.42562744,1.29349365
89.09999847,2.42355957,1.29574463
89.11000061,2.42148682,1.29799316
89.12000275,2.41940674,1.30024658
89.12999725,2.41732666,1.30249756
89.13999939,2.41523682,1.30475098
89.15000153,2.41314209,1.30700439
89.16000366,2.41104492,1.30925781
89.16999817,2.40894531,1.31151123
89.18000031,2.41762207,1.31376465
89.19000244,2.46267090,1.31602051
89.19999695,2.47416748,1.31827637
89.20999908,2.47204834,1.32053223
89.22000122,2.46992432,1.32279053
89.23000336,2.46779785,1.32504883
89.23999786,2.46566406,1.32730469
89.25000000,2.46353027,1.32956055
89.26000214,2.46138916,1.33181641
89.26999664,2.45924805,1.33407227
89.27999878,2.45709717,1.33632813
89.29000092,2.45494385,1.33858643
89.30000305,2.45278564,1.34084229
89.30999756,2.45062744,1.34309570
89.31999969,2.44846191,1.34535400
89.33000183,2.44629150,1.34760986
89.33999634,2.44411865,1.34986328
89.34999847,2.44194336,1.35211670
89.36000061,2.43976074,1.35437256
89.37000275,2.43757568,1.35662598
89.37999725,2.43538818,1.35887695
89.38999939,2.43319580,1.36112793
89.40000153,2.43100098,1.36337891
89.41000366,2.45505127,1.36562988
89.41999817,2.49819336,1.36787842
89.43000031,2.49598877,1.37012695
89.44000244,2.49377930,1.37237305
89.44999695,2.49156982,1.37461914
89.45999908,2.48935303,1.37686279
89.47000122,2.48713379,1.37910645
89.48000336,2.48491211,1.38135010
89.48999786,2.48269043,1.38358887
89.50000000,2.48046143,1.38582764
89.51000214,2.47822998,1.38806641
89.51999664,2.47599854,1.36906250
89.52999878,2.47376221,1.32263916
89.54000092,2.47152100,1.32317139
89.55000305,2.46927734,1.32540283
89.55999756,2.46703369,1.32763184
89.56999969,2.46478516,1.32986084
89.58000183,2.46253418,1.33208740
89.58999634,2.46028076,1.33431152
89.59999847,2.45802490,1.33653320
89.61000061,2.45576660,1.33875488
89.62000275,2.45350830,1.34097412
89.62999725,2.45124512,1.34318848
89.63999939,2.44897949,1.34540527
89.65000153,2.44671143,1.34761719
89.66000366,2.44444092,1.34982666
89.66999817,2.44217041,1.35203125
89.68000031,2.43989746,1.35423828
89.69000244,2.43761963,1.35644043
89.69999695,2.43534424,1.35864014
89.70999908,2.43306396,1.36083740
89.72000122,2.43078125,1.36303223
89.73000336,2.42849854,1.36522461
89.73999786,2.42621582,1.36741211
89.75000000,2.42392822,1.36960205
89.76000214,2.42877930,1.37178467
89.76999664,2.47710449,1.37396484
89.77999878,2.48863037,1.37614258
89.79000092,2.48633545,1.37831787
89.80000305,2.48404053,1.38049072
89.80999756,2.48174316,1.38265869
89.81999969,2.47944580,1.38482422
89.83000183,2.47714600,1.38698486
89.83999634,2.47484619,1.38914307
89.84999847,2.47254395,1.39129883
89.86000061,2.47024170,1.39345215
89.87000275,2.46793701,1.39560303
89.87999725,2.46563477,1.39774658
89.88999939,2.46333008,1.39988770
89.90000153,2.46102295,1.40202881
89.91000366,2.45871826,1.40416260
89.91999817,2.45641357,1.40629395
89.93000031,2.45410645,1.40842041
89.94000244,2.45179932,1.41054688
89.94999695,2.44949219,1.41266602
89.95999908,2.44718750,1.41478027
89.97000122,2.44487793,1.41689453
89.98000336,2.44257324,1.41900391
89.98999786,2.44026855,1.42110596
90.00000000,2.43796143,1.42320801
90.01000214,2.43565674,1.42530273
90.01999664,2.43335205,1.42739502
90.02999878,2.43104736,1.42948486
90.04000092,2.42874268,1.43156982
90.05000305,2.42644043,1.43364990
90.05999756,2.42413818,1.43572266
90.06999969,2.42183838,1.43779541
90.08000183,2.41953613,1.43986328
90.08999634,2.41723877,1.44192383
90.09999847,2.42866455,1.44398438
90.11000061,2.48097168,1.44603760
90.12000275,2.48179932,1.44808594
90.12999725,2.47950195,1.45013184
90.13999939,2.47720703,1.45217041
90.15000153,2.47490967,1.45420654
90.16000366,2.47261475,1.45623779
90.16999817,2.47032715,1.45826172
90.18000031,2.46803467,1.46028320
90.19000244,2.46574707,1.46229980
90.19999695,2.46346191,1.46431152
90.20999908,2.46117676,1.46631592
90.22000122,2.45889648,1.46831787
90.23000336,2.45661621,1.47031494
90.23999786,2.45433838,1.47230713
90.25000000,2.45206543,1.47429199
90.26000214,2.44979248,1.47627441
90.26999664,2.44752441,1.47824951
90.27999878,2.44525879,1.48021973
90.29000092,2.44299316,1.48218506
90.30000305,2.44073242,1.48414551
90.30999756,2.43847656,1.47336182
90.31999969,2.43622070,1.42570801
90.33000183,2.43396729,1.41864990
90.33999634,2.43171875,1.42059326
90.34999847,2.42947510,1.42253174
90.36000061,2.42723389,1.42446533
90.37000275,2.42499268,1.42639404
90.37999725,2.42276123,1.42831299
90.38999939,2.42052979,1.43022949
90.40000153,2.41830322,1.43214111
90.41000366,2.41607910,1.43404541
90.41999817,2.41386230,1.43594238
90.43000031,2.41164551,1.43783691
90.44000244,2.40943604,1.43972412
90.44999695,2.40723145,1.44160400
90.45999908,2.40502686,1.44347900
90.47000122,2.40282959,1.44534912
90.48000336,2.40063721,1.44721191
90.48999786,2.39844727,1.44906738
90.50000000,2.39626465,1.45091797
90.51000214,2.39408447,1.45276367
90.51999664,2.39191162,1.45459961
90.52999878,2.38974365,1.45643066
90.54000092,2.38757812,1.45825684
90.55000305,2.38541992,1.46007568
90.55999756,2.38326660,1.46188721
90.56999969,2.38111816,1.46369385
90.58000183,2.37897461,1.46549316
90.58999634,2.37683838,1.46728516
90.59999847,2.37470703,1.46906982
90.61000061,2.37258057,1.47084961
90.62000275,2.42814453,1.47262207
90.62999725,2.43950684,1.47438721
90.63999939,2.43739258,1.47614502
90.65000153,2.43528320,1.47789795
90.66000366,2.43318115,1.47964355
90.66999817,2.43108643,1.48137939
90.68000031,2.42899658,1.48311035
90.69000244,2.42691406,1.48483398
90.69999695,2.42483643,1.48654785
90.70999908,2.42276611,1.48825928
90.72000122,2.42070312,1.48995850
90.73000336,2.41864746,1.49165283
90.73999786,2.41659912,1.49333984
90.75000000,2.41455566,1.49501953
90.76000214,2.41251953,1.49669189
90.76999664,2.41049072,1.49835449
90.77999878,2.40846924,1.50001221
90.79000092,2.40645508,1.50166016
90.80000305,2.40444824,1.50330322
90.80999756,2.43034180,1.50493408
90.81999969,2.47149658,1.50656006
90.83000183,2.46950439,1.50817871
90.83999634,2.46752197,1.50979004
90.84999847,2.46554687,1.51139160
90.86000061,2.46357910,1.51298828
90.87000275,2.46161865,1.51457520
90.87999725,2.45966797,1.51615479
90.88999939,2.45771973,1.51772949
90.90000153,2.45578369,1.51929443
90.91000366,2.45385254,1.52085205
90.91999817,2.45193115,1.52240234
90.93000031,2.45001709,1.52394775
90.94000244,2.44810791,1.52548340
90.94999695,2.44620850,1.52701172
90.95999908,2.44431396,1.52853516
90.97000122,2.44242920,1.53004883
90.98000336,2.44055176,1.53155762
90.98999786,2.43868408,1.53305664
91.00000000,2.44700928,1.53454834
91.01000214,2.50587891,1.53603516
91.01999664,2.50402588,1.53751221
91.02999878,2.50218018,1.53898438
91.04000092,2.50034180,1.54044922
91.05000305,2.49851318,1.54190674
91.05999756,2.49669189,1.54335693
91.06999969,2.49487549,1.52596680
91.08000183,2.49306885,1.47537109
91.08999634,2.49126953,1.47680664
91.09999847,2.48947754,1.47823730
91.11000061,2.48769287,1.47965820
91.12000275,2.48591553,1.48107666
91.12999725,2.48414795,1.48248291
91.13999939,2.48238770,1.48388672
91.15000153,2.48063232,1.48528076
91.16000366,2.47888672,1.48667236
91.16999817,2.47715088,1.48805176
91.18000031,2.47541992,1.48942871
91.19000244,2.47667725,1.49079834
91.19999695,2.54276855,1.49216064
91.20999908,2.54105469,1.49351563
91.22000122,2.53935059,1.49486572
91.23000336,2.53765137,1.49620850
91.23999786,2.53596191,1.49754395
91.25000000,2.53427979,1.49887207
91.26000214,2.54132324,1.50019531
91.26999664,2.60168213,1.50151367
91.27999878,2.60001709,1.50282227
91.29000092,2.59835693,1.50412842
91.30000305,2.59670654,1.50542725
91.30999756,2.59506592,1.50671631
91.31999969,2.59343018,1.50800293
91.33000183,2.59180176,1.50928223
91.33999634,2.59018555,1.51055420
91.34999847,2.58857422,1.51182129
91.36000061,2.58696777,1.51308105
91.37000275,2.58537354,1.51433594
91.37999725,2.58378418,1.51558350
91.38999939,2.60030762,1.51682617
91.40000153,2.65129883,1.51806396
91.41000366,2.64972656,1.51929443
91.41999817,2.64816406,1.52051758
91.43000031,2.64660645,1.52173828
91.44000244,2.64505859,1.52295166
91.44999695,2.64351807,1.52415771
91.45999908,2.64198486,1.52535889
91.47000122,2.64045898,1.52655273
91.48000336,2.63894043,1.52774414
91.48999786,2.63743164,1.52892578
91.50000000,2.63593018,1.53010498
91.51000214,2.63443359,1.53127686
91.51999664,2.66651855,1.53244385
91.52999878,2.70206055,1.53360352
91.54000092,2.70058350,1.53476074
91.55000305,2.69911377,1.53590820
91.55999756,2.69765381,1.53705322
91.56999969,2.69619873,1.53819092
91.58000183,2.69475098,1.53932617
91.58999634,2.69331299,1.54045166
91.59999847,2.69187988,1.54157471
91.61000061,2.69045410,1.54269043
91.62000275,2.68903809,1.54380371
91.62999725,2.68762939,1.54490967
91.63999939,2.68622803,1.54601074
91.65000153,2.73898193,1.54710449
91.66000366,2.75397217,1.54819580
91.66999817,2.75258789,1.54927979
91.68000031,2.75121094,1.55036133
91.69000244,2.74984131,1.55143555
91.69999695,2.74848145,1.55250244
91.70999908,2.74712646,1.55356689
91.72000122,2.74577881,1.55462646
91.73000336,2.74443848,1.55568115
91.73999786,2.74310791,1.55672852
91.75000000,2.74178223,1.55777344
91.76000214,2.74046387,1.55881348
91.76999664,2.73915527,1.55984619
91.77999878,2.73785156,1.56087646
91.79000092,2.73655518,1.56189941
91.80000305,2.73526611,1.56291992
91.80999756,2.73398437,1.56393311
91.81999969,2.73271240,1.56494385
91.83000183,2.73144531,1.56594971
91.83999634,2.80062988,1.56694824
91.84999847,2.79937256,1.56794434
91.86000061,2.79812256,1.56893311
91.87000275,2.79687988,1.56991943
91.87999725,2.79564697,1.57090088
91.88999939,2.79441650,1.57187744
91.90000153,2.79319580,1.57284912
91.91000366,2.86239502,1.57381592
91.91999817,2.86118408,1.53474854
91.93000031,2.85998047,1.50532715
91.94000244,2.85878174,1.50628418
91.94999695,2.85759033,1.50723633
91.95999908,2.85640625,1.50818359
91.97000122,2.85522949,1.50912842
91.98000336,2.85405762,1.51006592
91.98999786,2.85289307,1.51100098
92.00000000,2.85173584,1.51193115
92.01000214,2.85058594,1.51285645
92.01999664,2.84944092,1.51377686
92.02999878,2.86344971,1.51469238
92.04000092,2.91753906,1.51560547
92.05000305,2.91641357,1.51651123
92.05999756,2.91529053,1.51741455
92.06999969,2.91417725,1.51831299
92.08000183,2.91306885,1.51920898
92.08999634,2.91196533,1.52009766
92.09999847,2.95682617,1.52098389
92.11000061,2.98012451,1.52186768
92.12000275,2.97903809,1.52274414
92.12999725,2.97795898,1.52361816
92.13999939,2.97688477,1.52448730
92.15000153,2.97581543,1.52535156
92.16000366,2.97475342,1.52621338
92.16999817,2.97369873,1.52706787
92.18000031,2.97264893,1.52792236
92.19000244,2.97160645,1.52876953
92.19999695,2.97057129,1.52961426
92.20999908,2.96953857,1.53045410
92.22000122,2.96851562,1.53129150
92.23000336,3.00000000,1.53212402
92.23999786,3.00000000,1.53295166
92.25000000,3.00000000,1.53377686
92.26000214,3.00000000,1.53459717
92.26999664,3.00000000,1.53541504
92.27999878,3.00000000,1.53622803
92.29000092,2.96150635,1.53703613
92.30000305,2.96052734,1.53784180
92.30999756,2.95955322,1.53864258
92.31999969,2.95858643,1.53944092
92.33000183,2.95762451,1.54023438
92.33999634,2.95666992,1.54102539
92.34999847,2.95572021,1.54181152
92.36000061,2.95477539,1.54259521
92.37000275,2.95383545,1.54337402
92.37999725,2.95290039,1.54415039
92.38999939,2.95197266,1.54492188
92.40000153,2.95104980,1.54569092
92.41000366,2.95013184,1.54645508
92.41999817,2.94921875,1.54721680
92.43000031,2.94831055,1.54797607
92.44000244,2.94740723,1.54873047
92.44999695,2.94651123,1.54947998
92.45999908,2.94562012,1.55022949
92.47000122,2.87448486,1.55097412
92.48000336,2.87360596,1.55171387
92.48999786,2.87273193,1.55245117
92.50000000,2.87186035,1.55318604
92.51000214,2.87099609,1.55391602
92.51999664,2.87013672,1.55464600
92.52999878,2.86927979,1.55536865
92.54000092,2.86843018,1.55609131
92.55000305,2.86758301,1.55680908
92.55999756,2.86674316,1.55752441
92.56999969,2.86590576,1.55823730
92.58000183,2.86507568,1.55894531
92.58999634,2.86424805,1.55965088
92.59999847,2.86342529,1.56035400
92.61000061,2.86260742,1.56105225
92.62000275,2.86179443,1.56175049
92.62999725,2.86098389,1.56244385
92.63999939,2.86018066,1.56313477
92.65000153,2.85937988,1.56382324
92.66000366,2.78837646,1.56450684
92.66999817,2.78758789,1.56518799
92.68000031,2.78680176,1.56586914
92.69000244,2.78601807,1.56654541
92.69999695,2.78524170,1.56721680
92.70999908,2.78447021,1.56788818
92.72000122,2.78370117,1.56855713
92.73000336,2.78293701,1.56922119
92.73999786,2.78217529,1.56988525
92.75000000,2.78141846,1.50035156
92.76000214,2.78066650,1.50101074
92.76999664,2.77991699,1.50166748
92.77999878,2.70898437,1.50232178
92.79000092,2.70824463,1.50297119
92.80000305,2.70750732,1.50362061
92.80999756,2.70677490,1.50426758
92.81999969,2.70604736,1.50490967
92.83000183,2.70532227,1.50555176
92.83999634,2.70460205,1.50619141
92.84999847,2.70388428,1.50682617
92.86000061,2.70316895,1.50746094
92.87000275,2.70245850,1.50809326
92.87999725,2.70175049,1.50872314
92.88999939,2.70104736,1.50935059
92.90000153,2.70034668,1.50997559
92.91000366,2.62947998,1.51059570
92.91999817,2.62878906,1.51121582
92.93000031,2.62809814,1.51183594
92.94000244,2.62741211,1.51245117
92.94999695,2.62673096,1.51306396
92.95999908,2.62605225,1.51367676
92.97000122,2.55521240,1.51428711
92.98000336,2.55454102,1.51489502
92.98999786,2.55387207,1.51550049
93.00000000,2.55320557,1.51610596
93.01000214,2.55254395,1.51670654
93.01999664,2.55188232,1.51730713
93.02999878,2.48106934,1.51790527
93.04000092,2.48041504,1.51850098
93.05000305,2.47976562,1.51909668
93.05999756,2.47911865,1.51968750
93.06999969,2.47847412,1.52027832
93.08000183,2.47783203,1.52086914
93.08999634,2.40704102,1.52145508
93.09999847,2.40640381,1.52204102
93.11000061,2.40577148,1.52262695
93.12000275,2.40513916,1.52320801
93.12999725,2.40451172,1.52378906
93.13999939,2.40388672,1.52437012
93.15000153,2.40326172,1.52494629
93.16000366,2.33249512,1.52552490
93.16999817,2.33187744,1.52609863
93.18000031,2.33126221,1.52667236
93.19000244,2.33064941,1.52724609
93.19999695,2.33003906,1.52781494
93.20999908,2.18914551,1.52838623
93.22000122,2.18854004,1.52895264
93.23000336,2.18793701,1.52952148
93.23999786,2.18733643,1.53008545
93.25000000,2.18673828,1.53064941
93.26000214,2.18614014,1.53121338
93.26999664,2.18554687,1.53177490
93.27999878,2.18495117,1.53233643
93.29000092,2.18436035,1.53289795
93.30000305,2.18377197,1.53345459
93.30999756,2.18318359,1.53401367
93.31999969,2.18260010,1.53457031
93.33000183,2.18201416,1.53512695
93.33999634,2.18143311,1.53568115
93.34999847,2.11071777,1.53623535
93.36000061,2.11013916,1.53678955
93.37000275,2.10956299,1.53734131
93.37999725,2.10898682,1.53789307
93.38999939,2.10841553,1.53844238
93.40000153,2.10784180,1.53899414
93.41000366,2.03713867,1.53954346
93.41999817,2.03656982,1.54009277
93.43000031,2.03600342,1.54063965
93.44000244,2.03543701,1.54118652
93.44999695,2.03487305,1.54173340
93.45999908,2.03430908,1.54228027
93.47000122,2.03374512,1.54282715
93.48000336,2.03318359,1.54337158
93.48999786,2.03262451,1.54391602
93.50000000,2.03206543,1.54446045
93.51000214,2.03150635,1.54500488
93.51999664,2.03094971,1.54554932
93.52999878,2.03039551,1.54609131
93.54000092,1.95971191,1.50089111
93.55000305,1.95915771,1.47705078
93.55999756,1.95860596,1.47759521
93.56999969,1.95805420,1.47813721
93.58000183,1.95750244,1.47867920
93.58999634,1.95695313,1.47922119
93.59999847,1.95640137,1.47976563
93.61000061,1.95585449,1.48030762
93.62000275,1.95530518,1.48084961
93.62999725,1.95475830,1.48139160
93.63999939,1.95421143,1.48193359
93.65000153,1.95366455,1.48247559
93.66000366,1.95312012,1.48301758
93.66999817,1.95257568,1.48355957
93.68000031,1.88190674,1.48410156
93.69000244,1.88136230,1.48464600
93.69999695,1.88081787,1.48518799
93.70999908,1.88027588,1.48572998
93.72000122,1.87973145,1.48627441
93.73000336,1.87918945,1.48681885
93.73999786,1.80852295,1.48736328
93.75000000,1.80798096,1.48790771
93.76000214,1.80743896,1.48845215
93.76999664,1.80689697,1.48899658
93.77999878,1.80635498,1.48954346
93.79000092,1.80581299,1.49009033
93.80000305,1.80527100,1.49063721
93.80999756,1.80473145,1.49118652
93.81999969,1.80418945,1.49173584
93.83000183,1.80364746,1.49228516
93.83999634,1.80310547,1.49283447
93.84999847,1.80256348,1.49338379
93.86000061,1.80202148,1.49393555
93.87000275,1.80147949,1.49448975
93.87999725,1.73081055,1.49504150
93.88999939,1.73026855,1.49559570
93.90000153,1.72972412,1.49614990
93.91000366,1.72918213,1.49670654
93.91999817,1.72863770,1.49726318
93.93000031,1.72809570,1.49781982
93.94000244,1.72755127,1.49837891
93.94999695,1.65687744,1.49894043
93.95999908,1.65633057,1.49949951
93.97000122,1.65578613,1.50006348
93.98000336,1.65523926,1.50062500
93.98999786,1.65469238,1.50118896
94.00000000,1.65414551,1.50175537
94.01000214,1.58346436,1.50232178
94.01999664,1.58291504,1.50289063
94.02999878,1.58236572,1.50346191
94.04000092,1.58181396,1.50403320
94.05000305,1.58126221,1.50460449
94.05999756,1.58071045,1.50518066
94.06999969,1.58015625,1.50575439
94.08000183,1.57960205,1.50633301
94.08999634,1.57904541,1.50691162
94.09999847,1.57848877,1.50749268
94.11000061,1.57793213,1.50807373
94.12000275,1.57737305,1.50865723
94.12999725,1.57681396,1.50924316
94.13999939,1.57625488,1.50983154
94.15000153,1.57569336,1.51041992
94.16000366,1.57513184,1.51101074
94.16999817,1.57456787,1.51160156
94.18000031,1.57400146,1.51219727
94.19000244,1.57343506,1.51279297
94.19999695,1.57286865,1.51339111
94.20999908,1.57229980,1.51399170
94.22000122,1.57173096,1.51459473
94.23000336,1.57115967,1.51520020
94.23999786,1.57058594,1.44565918
94.25000000,1.57001221,1.44626709
94.26000214,1.56943604,1.44687744
94.26999664,1.56885986,1.44749023
94.27999878,1.56828125,1.44810547
94.29000092,1.56770020,1.44872070
94.30000305,1.56711670,1.44934082
94.30999756,1.56653564,1.44996338
94.31999969,1.56594971,1.45058594
94.33000183,1.56536377,1.45121338
94.33999634,1.56477539,1.45184082
94.34999847,1.56418457,1.45247070
94.36000061,1.56359375,1.45310547
94.37000275,1.56300049,1.45374268
94.37999725,1.56240479,1.45437988
94.38999939,1.56180664,1.45502197
94.40000153,1.56120850,1.45566406
94.41000366,1.56060791,1.45631104
94.41999817,1.56000488,1.45696045
94.43000031,1.55939941,1.45761230
94.44000244,1.55879395,1.45826904
94.44999695,1.55818359,1.45892578
94.45999908,1.55757324,1.45958740
94.47000122,1.55696045,1.46024902
94.48000336,1.55634521,1.46091553
94.48999786,1.55572754,1.46158447
94.50000000,1.55510742,1.46225830
94.51000214,1.48431396,1.46293457
94.51999664,1.48368896,1.46361084
94.52999878,1.48306152,1.46429443
94.54000092,1.48243164,1.46497803
94.55000305,1.48179932,1.46566650
94.55999756,1.48116699,1.46635742
94.56999969,1.48052979,1.46705078
94.58000183,1.47989014,1.46774902
94.58999634,1.47924805,1.46844971
94.59999847,1.47860352,1.46915527
94.61000061,1.47795898,1.46986328
94.62000275,1.47730957,1.47057373
94.62999725,1.47665771,1.47128662
94.63999939,1.47600342,1.47200684
94.65000153,1.47534668,1.47272705
94.66000366,1.47468750,1.47345215
94.66999817,1.47402344,1.47418213
94.68000031,1.47335938,1.47491455
94.69000244,1.47269043,1.47564941
94.69999695,1.47202148,1.47638916
94.70999908,1.47134766,1.47713379
94.72000122,1.47067139,1.47788086
94.73000336,1.46999268,1.47863281
94.73999786,1.46931152,1.47938721
94.75000000,1.46862793,1.48014404
94.76000214,1.46793945,1.48090820
94.76999664,1.46724854,1.48167480
94.77999878,1.46655518,1.48244629
94.79000092,1.46585938,1.48322021
94.80000305,1.46515869,1.48399902
94.80999756,1.46445801,1.48478271
94.81999969,1.46375244,1.48556885
94.83000183,1.46304199,1.48635986
94.83999634,1.46233154,1.48715332
94.84999847,1.46161621,1.48795410
94.86000061,1.46089844,1.48875732
94.87000275,1.46017578,1.48956543
94.87999725,1.45945313,1.49037842
94.88999939,1.45872314,1.49119385
94.90000153,1.45799316,1.49201660
94.91000366,1.45725830,1.49284180
94.91999817,1.45652100,1.49367188
94.93000031,1.45577881,1.49450684
94.94000244,1.45503418,1.49534668
94.94999695,1.45428711,1.49618896
94.95999908,1.45353516,1.49703613
94.97000122,1.45278076,1.49789063
94.98000336,1.45202148,1.44253174
94.98999786,1.45125977,1.42935059
95.00000000,1.45049316,1.43021484
95.01000214,1.44972412,1.43108398
95.01999664,1.44895020,1.43195801
95.02999878,1.44817383,1.43283691
95.04000092,1.44739258,1.43372314
95.05000305,1.44660889,1.43461182
95.05999756,1.44582275,1.43550293
95.06999969,1.44503174,1.43640137
95.08000183,1.44423584,1.43730713
95.08999634,1.44343750,1.43821289
95.09999847,1.44263428,1.43912842
95.11000061,1.44182617,1.44004639
95.12000275,1.44101807,1.44096924
95.12999725,1.44020264,1.44189941
95.13999939,1.43938477,1.44283203
95.15000153,1.43856201,1.44377197
95.16000366,1.43773682,1.44471680
95.16999817,1.43690674,1.44566650
95.18000031,1.43607178,1.44662109
95.19000244,1.43523438,1.44758301
95.19999695,1.43439209,1.44854736
95.20999908,1.43354492,1.44951904
95.22000122,1.43269531,1.45049561
95.23000336,1.43183838,1.45147949
95.23999786,1.43098145,1.45246582
95.25000000,1.43011719,1.45345947
95.26000214,1.42925049,1.45445801
95.26999664,1.42837891,1.45546143
95.27999878,1.42750244,1.45647217
95.29000092,1.42662354,1.45748779
95.30000305,1.42573975,1.45851074
95.30999756,1.42485107,1.45953613
95.31999969,1.42395752,1.46056885
95.33000183,1.42305908,1.46160889
95.33999634,1.42215820,1.46265381
95.34999847,1.42125244,1.46370361
95.36000061,1.42034180,1.46476074
95.37000275,1.41942627,1.46582275
95.37999725,1.41850586,1.46688965
95.38999939,1.41758057,1.46796631
95.40000153,1.41665283,1.46904541
95.41000366,1.41571777,1.47013184
95.41999817,1.41478271,1.47122314
95.43000031,1.41383789,1.47232422
95.44000244,1.41289307,1.47342773
95.44999695,1.41194092,1.47453857
95.45999908,1.41098389,1.47565674
95.47000122,1.41002197,1.47677979
95.48000336,1.40905762,1.47791016
95.48999786,1.40808594,1.47904541
95.50000000,1.40710938,1.48018799
95.51000214,1.40613037,1.48133789
95.51999664,1.40514404,1.48249023
95.52999878,1.40415527,1.48365234
95.54000092,1.40315918,1.48482178
95.55000305,1.40216064,1.48599609
95.55999756,1.40115479,1.48717529
95.56999969,1.40014648,1.48836426
95.58000183,1.39913086,1.48955811
95.58999634,1.39811279,1.49075928
95.59999847,1.39708984,1.49196533
95.61000061,1.39605957,1.49318115
95.62000275,1.39502441,1.49440186
95.62999725,1.39398682,1.49562988
95.63999939,1.39294189,1.49686523
95.65000153,1.39189209,1.49810547
95.66000366,1.39083740,1.49935547
95.66999817,1.38977783,1.50061035
95.68000031,1.38871338,1.50187256
95.69000244,1.38764160,1.50314209
95.69999695,1.38656738,1.46831543
95.70999908,1.38548828,1.43518555
95.72000122,1.38440186,1.43647217
95.73000336,1.38331055,1.43776367
95.73999786,1.38221680,1.43906250
95.75000000,1.38111572,1.44037109
95.76000214,1.38000732,1.44168457
95.76999664,1.37889648,1.44300537
95.77999878,1.37778076,1.44433350
95.79000092,1.37665771,1.44567139
95.80000305,1.37553223,1.44701172
95.80999756,1.37439941,1.44836182
95.81999969,1.37326172,1.44972168
95.83000183,1.37211670,1.45108643
95.83999634,1.37096924,1.45245850
95.84999847,1.36981445,1.45384033
95.86000061,1.36865479,1.45522705
95.87000275,1.36749023,1.45662354
95.87999725,1.36632080,1.45802490
95.88999939,1.36514648,1.45943604
95.90000153,1.36396484,1.46085449
95.91000366,1.36277588,1.46228027
95.91999817,1.36158447,1.46371338
95.93000031,1.36038818,1.46515625
95.94000244,1.35918457,1.46660400
95.94999695,1.35797607,1.46806152
95.95999908,1.35676270,1.46952637
95.97000122,1.35554199,1.47100098
95.98000336,1.35431641,1.47248047
95.98999786,1.35308594,1.47396973
96.00000000,1.35185059,1.47546631
96.01000214,1.35060791,1.47697266
96.01999664,1.34936035,1.47848389
96.02999878,1.34810791,1.48000488
96.04000092,1.34684814,1.48153564
96.05000305,1.34558350,1.48307373
96.05999756,1.34431396,1.48461914
96.06999969,1.34303955,1.48617188
96.08000183,1.34175781,1.48773682
96.08999634,1.34047119,1.48930664
96.09999847,1.33917725,1.49088623
96.11000061,1.33787842,1.49247314
96.12000275,1.33657471,1.49406982
96.12999725,1.33526611,1.49567383
96.13999939,1.33395020,1.49728760
96.15000153,1.33262695,1.49890869
96.16000366,1.33129883,1.50053955
96.16999817,1.32996582,1.50218018
96.18000031,1.32862793,1.50382813
96.19000244,1.32728271,1.50548340
96.19999695,1.32593262,1.50714844
96.20999908,1.32457520,1.50882324
96.22000122,1.32321533,1.51050781
96.23000336,1.32184570,1.51219971
96.23999786,1.32047363,1.51389893
96.25000000,1.31909424,1.51561035
96.26000214,1.31770752,1.51733154
96.26999664,1.31631592,1.51905762
96.27999878,1.31491943,1.52079590
96.29000092,1.31351563,1.52254150
96.30000305,1.31210693,1.52429688
96.30999756,1.31069336,1.52606201
96.31999969,1.30927246,1.52783447
96.33000183,1.30784424,1.52961914
96.33999634,1.30641357,1.53141113
96.34999847,1.30497559,1.53321289
96.36000061,1.30353027,1.53502441
96.37000275,1.30208008,1.53684570
96.37999725,1.30062500,1.53867432
96.38999939,1.29916260,1.54051514
96.40000153,1.29769531,1.51419434
96.41000366,1.29622070,1.47321533
96.41999817,1.29474121,1.47507080
96.43000031,1.29325439,1.47694092
96.44000244,1.29176270,1.47882080
96.44999695,1.29026611,1.48070801
96.45999908,1.28876221,1.48260498
96.47000122,1.28725098,1.48451416
96.48000336,1.28573486,1.48643311
96.48999786,1.28421387,1.48835938
96.50000000,1.28268555,1.49029785
96.51000214,1.28115234,1.49224365
96.51999664,1.27961426,1.49420166
96.52999878,1.27806641,1.49616943
96.54000092,1.27651367,1.49814941
96.55000305,1.27495605,1.50013916
96.55999756,1.27339111,1.50213623
96.56999969,1.27182129,1.50414551
96.58000183,1.27024414,1.50616699
96.58999634,1.26866211,1.50819580
96.59999847,1.26707031,1.51023926
96.61000061,1.26547607,1.51229004
96.62000275,1.26387207,1.51435547
96.62999725,1.26226318,1.51642822
96.63999939,1.26064697,1.51851563
96.65000153,1.25902344,1.52061279
96.66000366,1.25739502,1.52272217
96.66999817,1.25575928,1.52484131
96.68000031,1.25411621,1.52697510
96.69000244,1.25246582,1.52911621
96.69999695,1.25081055,1.53127197
96.70999908,1.24914795,1.53343994
96.72000122,1.24747559,1.53562012
96.73000336,1.24579834,1.53781006
96.73999786,1.24411621,1.54001221
96.75000000,1.24242432,1.54222900
96.76000214,1.24072754,1.54445557
96.76999664,1.26006592,1.54669434
96.77999878,1.30326904,1.54894775
96.79000092,1.30704590,1.55121338
96.80000305,1.30533447,1.55348877
96.80999756,1.30361572,1.55577881
96.81999969,1.30188721,1.55808350
96.83000183,1.30015381,1.56040039
96.83999634,1.29841309,1.56273193
96.84999847,1.29666260,1.56507568
96.86000061,1.29490479,1.56743164
96.87000275,1.29314209,1.56980469
96.87999725,1.29136963,1.57218750
96.88999939,1.28958984,1.57458496
96.90000153,1.28780273,1.57699707
96.91000366,1.28600830,1.57942383
96.91999817,1.28420898,1.58186279
96.93000031,1.28239746,1.58431641
96.94000244,1.28058105,1.58678467
96.94999695,1.27875732,1.58926758
96.95999908,1.27692383,1.59176514
96.97000122,1.27508301,1.59427734
96.98000336,1.27323486,1.59680420
96.98999786,1.27137939,1.59934326
97.00000000,1.26951660,1.60189941
97.01000214,1.26764160,1.60447510
97.01999664,1.27644531,1.60706055
97.02999878,1.31392090,1.60966309
97.04000092,1.33383301,1.61228271
97.05000305,1.33194336,1.61491943
97.05999756,1.33005127,1.61756836
97.06999969,1.32814697,1.59616211
97.08000183,1.32623535,1.55098633
97.08999634,1.32431641,1.55366455
97.09999847,1.32239014,1.55635986
97.11000061,1.32045410,1.55906982
97.12000275,1.31851074,1.56179932
97.12999725,1.31656006,1.56454102
97.13999939,1.31459717,1.56730469
97.15000153,1.31262939,1.57008301
97.16000366,1.31064941,1.57287842
97.16999817,1.30866455,1.57569092
97.18000031,1.30666992,1.57852051
97.19000244,1.30466553,1.58136963
97.19999695,1.30265381,1.58423096
97.20999908,1.30063232,1.58711670
97.22000122,1.29860352,1.59001709
97.23000336,1.29656494,1.59293701
97.23999786,1.29451660,1.59587402
97.25000000,1.29246094,1.59883057
97.26000214,1.29039551,1.55964111
97.26999664,1.28832031,1.53246826
97.27999878,1.30010498,1.53545898
97.29000092,1.33217773,1.53846680
97.30000305,1.35444092,1.54149414
97.30999756,1.35235352,1.54453857
97.31999969,1.35025879,1.54760254
97.33000183,1.34815186,1.51700195
97.33999634,1.34604004,1.48129639
97.34999847,1.34391602,1.48439697
97.36000061,1.34178223,1.48751709
97.37000275,1.33963867,1.49065674
97.37999725,1.33749023,1.49381348
97.38999939,1.33532959,1.49699463
97.40000153,1.33316162,1.50019531
97.41000366,1.33098145,1.50341553
97.41999817,1.32879639,1.50665283
97.43000031,1.32659912,1.50991455
97.44000244,1.32439209,1.51319824
97.44999695,1.32217773,1.51649902
97.45999908,1.31995361,1.47835693
97.47000122,1.34662109,1.45032959
97.48000336,1.37492676,1.45367188
97.48999786,1.38612305,1.45703125
97.50000000,1.38388672,1.46041748
97.51000214,1.38164063,1.46382568
97.51999664,1.37938721,1.46725342
97.52999878,1.37712402,1.47070557
97.54000092,1.37485107,1.47417969
97.55000305,1.37256836,1.47767822
97.55999756,1.37027832,1.48119873
97.56999969,1.36797607,1.48474365
97.58000183,1.36566162,1.48038330
97.58999634,1.36334229,1.44060303
97.59999847,1.36101074,1.42227295
97.61000061,1.35866699,1.42588135
97.62000275,1.35631592,1.42951416
97.62999725,1.35395508,1.43316650
97.63999939,1.35158203,1.43684570
97.65000153,1.34920166,1.44055176
97.66000366,1.34680908,1.44428223
97.66999817,1.34440674,1.44803711
97.68000031,1.34199219,1.45181885
97.69000244,1.33956543,1.45562500
97.69999695,1.33713135,1.45945801
97.70999908,1.33468506,1.46331787
97.72000122,1.33223145,1.46720215
97.73000336,1.32976318,1.47111572
97.73999786,1.32728760,1.47505127
97.75000000,1.32479980,1.47901855
97.76000214,1.32229980,1.48301270
97.76999664,1.31979004,1.48703125
97.77999878,1.31727051,1.49108154
97.79000092,1.31473877,1.49515869
97.80000305,1.31219482,1.49926758
97.80999756,1.30964111,1.50339844
97.81999969,1.30707520,1.50756592
97.83000183,1.30449707,1.51176025
97.83999634,1.30190918,1.51598145
97.84999847,1.29930664,1.52023438
97.86000061,1.29669678,1.52451660
97.87000275,1.29406982,1.52883301
97.87999725,1.29143799,1.53317627
97.88999939,1.28878906,1.53755371
97.90000153,1.28613037,1.54196045
97.91000366,1.28345947,1.54639893
97.91999817,1.28077637,1.53897461
97.93000031,1.27808105,1.50425049
97.94000244,1.27537354,1.48529541
97.94999695,1.27265381,1.48981445
97.95999908,1.26992432,1.49436523
97.97000122,1.26718018,1.49895264
97.98000336,1.26442383,1.50357178
97.98999786,1.26461670,1.50822021
98.00000000,1.28501465,1.51291016
98.01000214,1.30517090,1.51763184
98.01999664,1.32509033,1.52238770
98.02999878,1.32551758,1.52717773
98.04000092,1.32273926,1.53200439
98.05000305,1.31994629,1.53686768
98.05999756,1.31714355,1.54176270
98.06999969,1.31432617,1.54669922
98.08000183,1.31149658,1.55167236
98.08999634,1.30865479,1.55480713
98.09999847,1.30579834,1.52245361
98.11000061,1.30755859,1.49129150
98.12000275,1.32610596,1.49635498
98.12999725,1.34443115,1.50145508
98.13999939,1.36254639,1.50659668
98.15000153,1.36708252,1.51177734
98.16000366,1.36420898,1.51699707
98.16999817,1.36132324,1.52225342
98.18000031,1.35842529,1.52755371
98.19000244,1.35551270,1.53289307
98.19999695,1.35258789,1.53827148
98.20999908,1.34964844,1.54369385
98.22000122,1.34669678,1.54916016
98.23000336,1.34372803,1.55467041
98.23999786,1.34074951,1.56021729
98.25000000,1.33775391,1.56581299
98.26000214,1.33474854,1.56443848
98.26999664,1.33172852,1.53434082
98.27999878,1.32869385,1.50623779
98.29000092,1.32564453,1.51193848
98.30000305,1.32258301,1.51768311
98.30999756,1.31950684,1.52347168
98.31999969,1.31641357,1.52930908
98.33000183,1.33136230,1.53519287
98.33999634,1.34705322,1.54111816
98.34999847,1.36255859,1.54709473
98.36000061,1.37787842,1.55312256
98.37000275,1.37803223,1.55919434
98.37999725,1.37493408,1.56531250
98.38999939,1.37181641,1.57148682
98.40000153,1.36868652,1.57770752
98.41000366,1.36554199,1.58398193
98.41999817,1.36238770,1.59030029
98.43000031,1.35921143,1.56981445
98.44000244,1.35602295,1.54183594
98.44999695,1.35281982,1.53162598
98.45999908,1.34959961,1.53807373
98.47000122,1.34636230,1.54457764
98.48000336,1.34311279,1.55113037
98.48999786,1.33984863,1.55773438
98.50000000,1.33656982,1.56439697
98.51000214,1.33327148,1.57111816
98.51999664,1.32996094,1.57789063
98.52999878,1.32663086,1.58472168
98.54000092,1.32328369,1.58088623
98.55000305,1.33140137,1.55419434
98.55999756,1.34465332,1.52776855
98.56999969,1.35775635,1.53355713
98.58000183,1.37068848,1.54058350
98.58999634,1.38345947,1.54766357
98.59999847,1.38224121,1.55480957
98.61000061,1.37887939,1.54688965
98.62000275,1.37550293,1.52117920
98.62999725,1.37211182,1.49691895
98.63999939,1.36870117,1.50420898
98.65000153,1.36527100,1.51156250
98.66000366,1.36182617,1.51897705
98.66999817,1.35836670,1.52645020
98.68000031,1.35489014,1.53399414
98.69000244,1.35139404,1.54160400
98.69999695,1.34788086,1.54927979
98.70999908,1.34434814,1.55702393
98.72000122,1.34079590,1.56483887
98.73000336,1.33722900,1.57271729
98.73999786,1.33364502,1.58066406
98.75000000,1.33003662,1.58868896
98.76000214,1.32640869,1.59678711
98.76999664,1.32276855,1.57525635
98.77999878,1.31910156,1.55125244
98.79000092,1.31541992,1.53992676
98.80000305,1.31171631,1.54819092
98.80999756,1.30799316,1.55652344
98.81999969,1.30424805,1.56493408
98.83000183,1.30048096,1.57342529
98.83999634,1.29669922,1.58198242
98.84999847,1.29289063,1.59062744
98.86000061,1.28906006,1.59935547
98.87000275,1.28683594,1.60805664
98.87999725,1.29726807,1.58503418
98.88999939,1.30757813,1.56220703
98.90000153,1.31776367,1.55196289
98.91000366,1.32781250,1.56094971
98.91999817,1.33773438,1.57001709
98.93000031,1.34519775,1.57917236
98.94000244,1.34134277,1.57883789
98.94999695,1.33746582,1.55669922
98.95999908,1.33356689,1.53475342
98.97000122,1.32964355,1.53249756
98.98000336,1.32569824,1.54193359
98.98999786,1.32173096,1.55145752
99.00000000,1.31773926,1.56107666
99.01000214,1.31372070,1.55189941
99.01999664,1.30968750,1.53063232
99.02999878,1.30562012,1.50953857
99.04000092,1.30153076,1.51512695
99.05000305,1.29741699,1.52504395
99.05999756,1.29328125,1.53504883
99.06999969,1.28911133,1.54516113
99.08000183,1.28492188,1.52728271
99.08999634,1.28070557,1.50684326
99.09999847,1.27645996,1.48964355
99.11000061,1.27218506,1.49997070
99.12000275,1.27494141,1.51039551
99.12999725,1.28346680,1.52092285
99.13999939,1.29188721,1.53155762
99.15000153,1.30020752,1.54230225
99.16000366,1.30842041,1.55314941
99.16999817,1.31652832,1.56410400
99.18000031,1.32453613,1.56205566
99.19000244,1.32518311,1.54248779
99.19999695,1.32085693,1.52312256
99.20999908,1.31649902,1.52039795
99.22000122,1.31210693,1.53171143
99.23000336,1.30769043,1.54313721
99.23999786,1.30324219,1.55467529
99.25000000,1.29876221,1.56634033
99.26000214,1.29425293,1.57812256
99.26999664,1.28970947,1.59002197
99.27999878,1.28829102,1.60205078
99.29000092,1.29567871,1.61420410
99.30000305,1.30298096,1.62648926
99.30999756,1.31018311,1.63889404
99.31999969,1.31729492,1.63191162
99.33000183,1.32432861,1.61349121
99.33999634,1.33125977,1.59526123
99.34999847,1.33811035,1.59792236
99.36000061,1.33948730,1.61075684
99.37000275,1.33485107,1.62372070
99.37999725,1.33018799,1.63073975
99.38999939,1.32548584,1.61293701
99.40000153,1.32073975,1.59529297
99.41000366,1.31596191,1.58345947
99.41999817,1.31114990,1.59685547
99.43000031,1.30629639,1.61040283
99.44000244,1.30140137,1.62410645
99.44999695,1.29807617,1.63794678
99.45999908,1.30441650,1.65194824
99.47000122,1.31068359,1.66610352
99.48000336,1.31687012,1.66578369
99.48999786,1.32297607,1.64886719
99.50000000,1.32902100,1.63209229
99.51000214,1.33499023,1.62782959
99.51999664,1.34087891,1.64246094
99.52999878,1.34669922,1.65726807
99.54000092,1.34753906,1.66726807
99.55000305,1.34248535,1.65093018
99.55999756,1.33739014,1.63476807
99.56999969,1.33224365,1.61874756
99.58000183,1.32705078,1.60288330
99.58999634,1.32181396,1.58718506
99.59999847,1.31652344,1.57162842
99.61000061,1.31118408,1.58227295
99.62000275,1.30579102,1.59794189
99.62999725,1.30357422,1.61377441
99.63999939,1.30899170,1.60815186
99.65000153,1.31434570,1.59301025
99.66000366,1.31963867,1.57802002
99.66999817,1.32486572,1.57703369
99.68000031,1.33003418,1.59343506
99.69000244,1.33514404,1.61003174
99.69999695,1.34019287,1.61484863
99.70999908,1.34518311,1.60027100
99.72000122,1.35011230,1.58583984
99.73000336,1.34715332,1.57401855
99.73999786,1.34147949,1.59117920
99.75000000,1.33574219,1.60855469
99.76000214,1.32994141,1.62304688
99.76999664,1.32407715,1.60903320
99.77999878,1.31815430,1.59514893
99.79000092,1.31216309,1.58140625
99.80000305,1.30610596,1.59127686
99.80999756,1.29999268,1.60947021
99.81999969,1.29379883,1.62790039
99.83000183,1.28753418,1.61931396
99.83999634,1.28120850,1.60598633
99.84999847,1.27480225,1.59277832
99.86000061,1.26832031,1.59378906
99.87000275,1.26176514,1.61288330
99.87999725,1.25513672,1.63219971
99.88999939,1.24842773,1.63118652
99.90000153,1.25035645,1.61837402
99.91000366,1.25481689,1.60569824
99.91999817,1.25922607,1.59315430
99.93000031,1.26358643,1.58073486
99.94000244,1.26789795,1.56843750
99.94999695,1.27215820,1.55627686
99.95999908,1.27637695,1.56531006
99.97000122,1.28054199,1.58582520
99.98000336,1.28466797,1.60660400
99.98999786,1.28874023,1.59626709
100.00000000,1.28641113,1.58447754
100.01000214,1.27920410,1.57281006
100.01999664,1.27191162,1.56127441
100.02999878,1.26452148,1.54985107
100.04000092,1.25702881,1.53854004
100.05000305,1.24943848,1.52735107
100.05999756,1.24176025,1.51628662
100.06999969,1.23412109,1.50533203
100.08000183,1.23802246,1.49448730
100.08999634,1.24187256,1.48489746
100.09999847,1.24568604,1.50720947
100.11000061,1.24945313,1.52981934
100.12000275,1.25317871,1.53680908
100.12999725,1.25685791,1.52633545
100.13999939,1.26050049,1.51596436
100.15000153,1.26409668,1.50570068
100.16000366,1.26765381,1.51988281
100.16999817,1.27116943,1.54364990
100.18000031,1.26993408,1.55892090
100.19000244,1.26147949,1.54889648
100.19999695,1.25290771,1.53899170
100.20999908,1.24420410,1.52918457
100.22000122,1.23537354,1.51948486
100.23000336,1.22640869,1.50988770
100.23999786,1.21731934,1.50040283
100.25000000,1.21588867,1.49101563
100.26000214,1.21924561,1.50283203
100.26999664,1.22256104,1.52850830
100.27999878,1.22584229,1.54495850
100.29000092,1.22908447,1.53580322
100.30000305,1.23229004,1.52674805
100.30999756,1.23545654,1.51779785
100.31999969,1.23858887,1.50894287
100.33000183,1.24168457,1.50018555
100.33999634,1.24474609,1.49153564
100.34999847,1.24777100,1.48297363
100.36000061,1.24050049,1.47450684
100.37000275,1.23035400,1.46613770
100.37999725,1.22004395,1.45786865
100.38999939,1.20956787,1.44968750
100.40000153,1.19891846,1.45577393
100.41000366,1.18810059,1.48429199
100.41999817,1.18875488,1.50493164
100.43000031,1.19166260,1.49696533
100.44000244,1.19453613,1.48909180
100.44999695,1.19737061,1.48131592
100.45999908,1.20017822,1.47362061
100.47000122,1.20294922,1.46601563
100.48000336,1.20569336,1.45849609
100.48999786,1.20840088,1.45107178
100.50000000,1.21108154,1.44372559
100.51000214,1.21373291,1.43646240
100.51999664,1.21635010,1.42929199
100.52999878,1.20483398,1.42219482
100.54000092,1.19260254,1.41518311
100.55000305,1.18014893,1.40824951
100.55999756,1.16748291,1.40140137
100.56999969,1.15459717,1.39462646
100.58000183,1.15443604,1.38793213
100.58999634,1.15697998,1.40511963
100.59999847,1.15950195,1.43831787
100.61000061,1.16199463,1.44500000
100.62000275,1.16446045,1.43849365
100.62999725,1.16689453,1.43207031
100.63999939,1.16930420,1.42571777
100.65000153,1.17168701,1.41944092
100.66000366,1.17404297,1.41323975
100.66999817,1.17637207,1.40711426
100.68000031,1.17795410,1.40105713
100.69000244,1.16344482,1.39507080
100.69999695,1.14868652,1.38916260
100.70999908,1.13362305,1.38332031
100.72000122,1.11826416,1.37754883
100.73000336,1.11448975,1.37184082
100.73999786,1.11674805,1.36621338
100.75000000,1.11898438,1.36064697
100.76000214,1.12119629,1.35514648
100.76999664,1.12338379,1.34971680
100.77999878,1.12554688,1.35354248
100.79000092,1.12768799,1.39269287
100.80000305,1.12980225,1.40846924
100.80999756,1.13189209,1.40321045
100.81999969,1.13395996,1.39801514
100.83000183,1.13600586,1.39288086
100.83999634,1.13802734,1.38781494
100.84999847,1.14002930,1.38281006
100.86000061,1.14200684,1.37786377
100.87000275,1.14396484,1.37298340
100.87999725,1.14589844,1.36816650
100.88999939,1.14781494,1.36340576
100.90000153,1.14970703,1.35870605
100.91000366,1.15157959,1.35406494
100.91999817,1.15342773,1.34949219
100.93000031,1.15525635,1.34497314
100.94000244,1.15060059,1.34051514
100.94999695,1.13076660,1.33611572
100.95999908,1.11046143,1.33177246
100.97000122,1.08968262,1.32748291
100.98000336,1.09093262,1.34036133
100.98999786,1.09270996,1.38847168
101.00000000,1.09446777,1.38797607
101.01000214,1.09620605,1.38384277
101.01999664,1.09791992,1.37976807
101.02999878,1.09961914,1.37574707
101.04000092,1.10129150,1.37178223
101.05000305,1.10294434,1.36787109
101.05999756,1.10457764,1.36401855
101.06999969,1.10619385,1.36021484
101.08000183,1.10778809,1.35646484
101.08999634,1.10936035,1.35277100
101.09999847,1.11091553,1.34912842
101.11000061,1.11245361,1.34553467
101.12000275,1.11396973,1.34199463
101.12999725,1.11546875,1.33850586
101.13999939,1.11694580,1.33506836
101.15000153,1.11840332,1.33168213
101.16000366,1.11984375,1.32834717
101.16999817,1.12126221,1.32506592
101.18000031,1.12266357,1.32182861
101.19000244,1.12404541,1.31864014
101.19999695,1.12541016,1.31550537
101.20999908,1.12675537,1.31241455
101.22000122,1.12808594,1.30937256
101.23000336,1.12939453,1.30637939
101.23999786,1.13068604,1.30343506
101.25000000,1.13195801,1.30053467
101.26000214,1.13321045,1.29768555
101.26999664,1.13444336,1.29488525
101.27999878,1.13566162,1.32318359
101.29000092,1.13686035,1.36077637
101.30000305,1.13803955,1.35806885
101.30999756,1.13920166,1.35540771
101.31999969,1.14034668,1.35279053
101.33000183,1.14147461,1.35021973
101.33999634,1.14258301,1.34769531
101.34999847,1.14367432,1.34521484
101.36000061,1.14474854,1.34278076
101.37000275,1.14580322,1.34039307
101.37999725,1.14683838,1.33805176
101.38999939,1.14785645,1.33575195
101.40000153,1.14885986,1.33349609
101.41000366,1.14984375,1.33128418
101.41999817,1.15081055,1.32911865
101.43000031,1.15176025,1.32699219
101.44000244,1.15269287,1.32490967
101.44999695,1.15360596,1.32287354
101.45999908,1.15450195,1.32087891
101.47000122,1.15537842,1.31892822
101.48000336,1.15623779,1.31701904
101.48999786,1.15708008,1.31515381
101.50000000,1.15790283,1.31332764
101.51000214,1.15871094,1.31154541
101.51999664,1.15950195,1.30980469
101.52999878,1.16027588,1.30810303
101.54000092,1.16103027,1.30644287
101.55000305,1.16177002,1.30482422
101.55999756,1.16248779,1.30325195
101.56999969,1.16318848,1.30171631
101.58000183,1.16387451,1.30022217
101.58999634,1.16453857,1.29877197
101.59999847,1.16518799,1.29736084
101.61000061,1.16582031,1.29598877
101.62000275,1.16643311,1.29465576
101.62999725,1.16703125,1.29336426
101.63999939,1.16761230,1.29211182
101.65000153,1.16817627,1.29090088
101.66000366,1.16871826,1.28973145
101.66999817,1.16924561,1.28860352
101.68000031,1.16975342,1.28751221
101.69000244,1.17024414,1.28646240
101.69999695,1.17071777,1.28545410
101.70999908,1.17117676,1.28448242
101.72000122,1.17161621,1.28354980
101.73000336,1.17203857,1.28265869
101.73999786,1.17244629,1.28180420
101.75000000,1.17283447,1.28099121
101.76000214,1.17320313,1.28021973
101.76999664,1.17355469,1.27948975
101.77999878,1.17388916,1.27879639
101.79000092,1.17420654,1.27814209
101.80000305,1.17450684,1.27752930
101.80999756,1.17479004,1.27695557
101.81999969,1.17505859,1.27641846
101.83000183,1.24534180,1.27592285
101.83999634,1.24556885,1.20543701
101.84999847,1.24577637,1.20502441
101.86000061,1.24596924,1.20465576
101.87000275,1.24614258,1.20432373
101.87999725,1.24630127,1.20403076
101.88999939,1.24644287,1.20377686
101.90000153,1.24656738,1.20356201
101.91000366,1.24667725,1.20338623
101.91999817,1.24677002,1.20324951
101.93000031,1.24684814,1.20315186
101.94000244,1.24690674,1.20309326
101.94999695,1.24695313,1.20307617
101.95999908,1.24697998,1.20309814
101.97000122,1.24698730,1.20315918
101.98000336,1.24697998,1.20326172
101.98999786,1.24695801,1.20340576
102.00000000,1.24691895,1.20358643
102.01000214,1.24686279,1.20380859
102.01999664,1.24679199,1.20406982
102.02999878,1.24670410,1.20437256
102.04000092,1.24660156,1.20471436
102.05000305,1.31566895,1.20509766
102.05999756,1.31640137,1.20552002
102.06999969,1.31625488,1.20598633
102.08000183,1.31609375,1.20649658
102.08999634,1.31592041,1.20704590
102.09999847,1.31572998,1.20763428
102.11000061,1.31552490,1.20826660
102.12000275,1.31530273,1.20894043
102.12999725,1.31506836,1.20965576
102.13999939,1.31481689,1.21041504
102.15000153,1.31455078,1.21121338
102.16000366,1.31427246,1.21205566
102.16999817,1.31397461,1.21294189
102.18000031,1.31366211,1.21387207
102.19000244,1.31333496,1.21484619
102.19999695,1.31299316,1.21586426
102.20999908,1.31263672,1.21692627
102.22000122,1.31226563,1.21803223
102.23000336,1.31187988,1.21918213
102.23999786,1.31147705,1.16958984
102.25000000,1.31106201,1.15126465
102.26000214,1.31063232,1.15252441
102.26999664,1.31018799,1.15383057
102.27999878,1.30973145,1.15518066
102.29000092,1.30925781,1.15657715
102.30000305,1.34512939,1.15802246
102.30999756,1.37877197,1.15951172
102.31999969,1.37828369,1.16104980
102.33000183,1.37778076,1.16263428
102.33999634,1.37726563,1.16426514
102.34999847,1.37673828,1.16594482
102.36000061,1.37619629,1.16767090
102.37000275,1.37564453,1.16944580
102.37999725,1.37507568,1.17126953
102.38999939,1.37449707,1.17314209
102.40000153,1.37390625,1.17506348
102.41000366,1.37330078,1.17703857
102.41999817,1.37268555,1.17905762
102.43000031,1.37205566,1.18113525
102.44000244,1.37414307,1.18326416
102.44999695,1.40448975,1.18544434
102.45999908,1.43347900,1.18767578
102.47000122,1.46119629,1.18996338
102.48000336,1.48766846,1.19230469
102.48999786,1.51038330,1.19469482
102.50000000,1.50976318,1.19714355
102.51000214,1.50913574,1.19964844
102.51999664,1.50850098,1.20220703
102.52999878,1.50785400,1.20482422
102.54000092,1.50720215,1.20750000
102.55000305,1.50653809,1.21023193
102.55999756,1.50586914,1.21302002
102.56999969,1.50519043,1.21586914
102.58000183,1.50450195,1.21877930
102.58999634,1.50380615,1.22174805
102.59999847,1.50310303,1.22478271
102.61000061,1.50239014,1.22787842
102.62000275,1.50167236,1.23103760
102.62999725,1.50094727,1.23426025
102.63999939,1.50021484,1.23754883
102.65000153,1.50671875,1.24090088
102.66000366,1.52337158,1.24432129
102.66999817,1.53936523,1.24780518
102.68000031,1.55477051,1.25135986
102.69000244,1.56885986,1.25498291
102.69999695,1.56816650,1.25867432
102.70999908,1.56746826,1.26243896
102.72000122,1.56676758,1.26627441
102.73000336,1.56606445,1.27018555
102.73999786,1.56535889,1.27416504
102.75000000,1.56465088,1.27822266
102.76000214,1.56393555,1.28235596
102.76999664,1.56321777,1.28656250
102.77999878,1.56250000,1.29084961
102.79000092,1.56177734,1.29521484
102.80000305,1.56104980,1.29966064
102.80999756,1.56031982,1.29598145
102.81999969,1.55958984,1.24759521
102.83000183,1.55885498,1.23983887
102.83999634,1.55812012,1.24450928
102.84999847,1.55738281,1.24926514
102.86000061,1.55664063,1.25410645
102.87000275,1.55589844,1.25903076
102.87999725,1.55515137,1.26404053
102.88999939,1.56304688,1.26914063
102.90000153,1.57213623,1.27433105
102.91000366,1.58091797,1.27960938
102.91999817,1.58940430,1.28498047
102.93000031,1.59761719,1.29044678
102.94000244,1.60556152,1.29600586
102.94999695,1.61320801,1.30165771
102.95999908,1.62061279,1.30740967
102.97000122,1.62367920,1.31325928
102.98000336,1.62305420,1.31921143
102.98999786,1.62242920,1.32525879
103.00000000,1.62180176,1.28880127
103.01000214,1.62118164,1.26180420
103.01999664,1.62055908,1.26801758
103.02999878,1.61993896,1.27434082
103.04000092,1.61931885,1.28077148
103.05000305,1.61869873,1.28730957
103.05999756,1.61807861,1.29395264
103.06999969,1.61745850,1.30071045
103.08000183,1.61683838,1.30758301
103.08999634,1.61622070,1.31456543
103.09999847,1.61560303,1.32166992
103.11000061,1.61498779,1.32889160
103.12000275,1.61437012,1.33623047
103.12999725,1.61375488,1.34368652
103.13999939,1.61313965,1.35127197
103.15000153,1.61252197,1.35898438
103.16000366,1.61190674,1.36682617
103.16999817,1.61129150,1.35133545
103.18000031,1.61067139,1.31870361
103.19000244,1.61005127,1.31215088
103.19999695,1.60943115,1.32031494
103.20999908,1.60880615,1.32861816
103.22000122,1.60818115,1.33705811
103.23000336,1.60755859,1.34563477
103.23999786,1.60736572,1.35434326
103.25000000,1.61139404,1.36320313
103.26000214,1.61530029,1.36341064
103.26999664,1.61909180,1.33362061
103.27999878,1.62278076,1.30971924
103.29000092,1.62636963,1.31894287
103.30000305,1.62985352,1.32831787
103.30999756,1.63324219,1.33783691
103.31999969,1.63653809,1.32750977
103.33000183,1.63972900,1.29979248
103.33999634,1.64282959,1.28492188
103.34999847,1.64584229,1.29482422
103.36000061,1.64877930,1.30489014
103.37000275,1.65163086,1.31512451
103.37999725,1.65439941,1.32552002
103.38999939,1.65709717,1.33609375
103.40000153,1.65970703,1.34684082
103.41000366,1.66225098,1.34628418
103.41999817,1.66472412,1.32089844
103.43000031,1.66713135,1.29594727
103.44000244,1.66947510,1.30632813
103.44999695,1.67174316,1.31766602
103.45999908,1.67395508,1.32919922
103.47000122,1.67610596,1.34092529
103.48000336,1.67679688,1.35284912
103.48999786,1.67631104,1.36495850
103.50000000,1.67581543,1.37728027
103.51000214,1.67530518,1.38980957
103.51999664,1.67478516,1.40253662
103.52999878,1.67425537,1.41548340
103.54000092,1.67371338,1.42864502
103.55000305,1.67316162,1.44202637
103.55999756,1.67259033,1.45561768
103.56999969,1.67200439,1.43685791
103.58000183,1.67140625,1.41479004
103.58999634,1.67079102,1.40726074
103.59999847,1.67015137,1.42139893
103.61000061,1.66949219,1.43577637
103.62000275,1.66881592,1.45039551
103.62999725,1.66811523,1.46525146
103.63999939,1.66739502,1.48036377
103.65000153,1.66664795,1.48317139
103.66000366,1.66588379,1.46266113
103.66999817,1.66509766,1.44251709
103.68000031,1.66428467,1.44906006
103.69000244,1.66344482,1.46503418
103.69999695,1.66257324,1.48127197
103.70999908,1.66167725,1.46783691
103.72000122,1.66074707,1.44875000
103.73000336,1.65978516,1.43498535
103.73999786,1.65878906,1.45185791
103.75000000,1.65776123,1.46902832
103.76000214,1.65670166,1.48649658
103.76999664,1.65561035,1.50424316
103.77999878,1.65448486,1.52230225
103.79000092,1.65332275,1.52022461
103.80000305,1.65213623,1.50252930
103.80999756,1.65090332,1.48514648
103.81999969,1.64962158,1.49617432
103.83000183,1.64831055,1.51524658
103.83999634,1.64695557,1.53041992
103.84999847,1.64556641,1.51368896
103.86000061,1.64412842,1.49723145
103.87000275,1.64265625,1.49038574
103.87999725,1.64113525,1.51050293
103.88999939,1.63956787,1.53097412
103.90000153,1.63795166,1.55179932
103.91000366,1.63628906,1.57298340
103.91999817,1.63677734,1.59451416
103.93000031,1.63772217,1.61642578
103.94000244,1.63864502,1.63871094
103.94999695,1.63955322,1.63371826
103.95999908,1.64043945,1.61860840
103.97000122,1.64131104,1.60375244
103.98000336,1.64216309,1.61992676
103.98999786,1.64298340,1.64343994
104.00000000,1.64378906,1.66738281
104.01000214,1.64458008,1.69173584
104.01999664,1.64535645,1.70969238
104.02999878,1.64612061,1.69554688
104.04000092,1.64686523,1.68163574
104.05000305,1.64759766,1.67616211
104.05999756,1.64831543,1.70186279
104.06999969,1.64901855,1.72785889
104.08000183,1.64970459,1.71452148
104.08999634,1.65038086,1.70141602
104.09999847,1.65104248,1.68851563
104.11000061,1.65170166,1.71491699
104.12000275,1.65234863,1.74254639
104.12999725,1.65298584,1.77064941
104.13999939,1.65361572,1.79927490
104.15000153,1.65423096,1.79541504
104.16000366,1.65484131,1.78317383
104.16999817,1.65543945,1.77114746
104.18000031,1.65603027,1.78980713
104.19000244,1.65661133,1.82005371
104.19999695,1.65719238,1.81899414
104.20999908,1.65776611,1.80747070
104.22000122,1.65833252,1.79613770
104.23000336,1.65889648,1.78500000
104.23999786,1.65945801,1.77405029
104.25000000,1.66001221,1.76327637
104.26000214,1.66055908,1.77206299
104.26999664,1.66110107,1.80463867
104.27999878,1.66164063,1.83783936
104.29000092,1.66199707,1.87166016
104.30000305,1.65817383,1.87275879
104.30999756,1.65424561,1.86259277
104.31999969,1.65018311,1.85258545
104.33000183,1.64598389,1.86691406
104.33999634,1.64164307,1.90265625
104.34999847,1.63715576,1.90286377
104.36000061,1.63253662,1.89331543
104.37000275,1.62775635,1.88392822
104.37999725,1.62283447,1.87470703
104.38999939,1.61774658,1.86563477
104.40000153,1.61248535,1.85671387
104.41000366,1.60706055,1.85773193
104.41999817,1.60145996,1.89628662
104.43000031,1.59567139,1.90864746
104.44000244,1.59244385,1.90014648
104.44999695,1.59313721,1.89179688
104.45999908,1.59383301,1.89298828
104.47000122,1.59452637,1.93385010
104.48000336,1.59521484,1.94452637
104.48999786,1.59590088,1.93657959
104.50000000,1.59658936,1.92876465
104.51000214,1.59727295,1.92108398
104.51999664,1.59795898,1.91354248
104.52999878,1.59864258,1.90612549
104.54000092,1.59932617,1.89883545
104.55000305,1.60001221,1.89167725
104.55999756,1.60069336,1.88464844
104.56999969,1.60137695,1.87773682
104.58000183,1.60206055,1.87094727
104.58999634,1.60274658,1.86427979
104.59999847,1.60343018,1.85772217
104.61000061,1.60411377,1.85128662
104.62000275,1.60480225,1.84496338
104.62999725,1.60548828,1.83875732
104.63999939,1.60617432,1.83265869
104.65000153,1.60685791,1.82666748
104.66000366,1.60754639,1.82078369
104.66999817,1.60823242,1.81501465
104.68000031,1.60892090,1.80934082
104.69000244,1.60960938,1.80626465
104.69999695,1.61029785,1.85635986
104.70999908,1.61098633,1.86693359
104.72000122,1.61167969,1.86156250
104.73000336,1.61237061,1.85628662
104.73999786,1.61306396,1.85111328
104.75000000,1.61375488,1.84603271
104.76000214,1.61444824,1.84104248
104.76999664,1.61513916,1.83614746
104.77999878,1.61583008,1.83133789
104.79000092,1.61652100,1.82661865
104.80000305,1.61721436,1.82198730
104.80999756,1.61790527,1.81744385
104.81999969,1.61859619,1.81298096
104.83000183,1.61928711,1.80860352
104.83999634,1.60688721,1.80430908
104.84999847,1.59158203,1.80009277
104.86000061,1.57573730,1.79595459
104.87000275,1.55932373,1.79189453
104.87999725,1.55015625,1.78791504
104.88999939,1.55090820,1.78400635
104.90000153,1.55165771,1.78017090
104.91000366,1.55240234,1.77640869
104.91999817,1.55314453,1.77271973
104.93000031,1.55388428,1.76909912
104.94000244,1.55461914,1.76554932
104.94999695,1.55534912,1.76206787
104.95999908,1.55607666,1.75865234
104.97000122,1.55679932,1.75530029
104.98000336,1.55751709,1.75201416
104.98999786,1.55823242,1.74879639
105.00000000,1.55894531,1.74563477
105.01000214,1.55965332,1.74253662
105.01999664,1.56035400,1.73950195
105.02999878,1.56105225,1.73652344
105.04000092,1.56174316,1.73360596
105.05000305,1.56243164,1.73074463
105.05999756,1.56311279,1.72794189
105.06999969,1.56379150,1.72519287
105.08000183,1.56446533,1.72250000
105.08999634,1.56513184,1.71986328
105.09999847,1.56579346,1.71727539
105.11000061,1.56645020,1.71474121
105.12000275,1.56710205,1.71225830
105.12999725,1.56774658,1.70982666
105.13999939,1.56838623,1.70744385
105.15000153,1.55117188,1.70510986
105.16000366,1.51936279,1.70282471
105.16999817,1.49916260,1.70058838
105.18000031,1.49981201,1.69839844
105.19000244,1.50045654,1.69625244
105.19999695,1.50109131,1.69415283
105.20999908,1.50171875,1.69209717
105.22000122,1.50233887,1.69008545
105.23000336,1.50295410,1.68811523
105.23999786,1.50355957,1.68618896
105.25000000,1.50415771,1.68430420
105.26000214,1.50474854,1.68246094
105.26999664,1.50533203,1.68065918
105.27999878,1.50540283,1.67889648
105.29000092,1.46208984,1.67716797
105.30000305,1.43631104,1.67548340
105.30999756,1.43688721,1.67383789
105.31999969,1.43745361,1.67222656
105.33000183,1.43801270,1.67065186
105.33999634,1.43856201,1.66911621
105.34999847,1.43910400,1.66761230
105.36000061,1.43963623,1.66614502
105.37000275,1.44016113,1.66471191
105.37999725,1.44067627,1.66331543
105.38999939,1.44118164,1.66194824
105.40000153,1.44156006,1.66061523
105.41000366,1.38342529,1.65931641
105.41999817,1.37217773,1.65804932
105.43000031,1.37266846,1.65680908
105.44000244,1.37314697,1.65560547
105.44999695,1.37361572,1.65442871
105.45999908,1.37407471,1.65328369
105.47000122,1.37452637,1.65216553
105.48000336,1.37496826,1.65107666
105.48999786,1.37540039,1.65001953
105.50000000,1.37582275,1.64898926
105.51000214,1.37623535,1.64798584
105.51999664,1.37663818,1.64701172
105.52999878,1.37703125,1.64606201
105.54000092,1.37741699,1.64513916
105.55000305,1.37779053,1.64424561
105.55999756,1.37815674,1.64337402
105.56999969,1.37851318,1.64252930
105.58000183,1.37885986,1.71195313
105.58999634,1.37919678,1.71114746
105.59999847,1.37952637,1.71036621
105.61000061,1.37984619,1.70960693
105.62000275,1.38015381,1.70887451
105.62999725,1.38045654,1.70816162
105.63999939,1.38074707,1.70747314
105.65000153,1.38102783,1.70680908
105.66000366,1.38129883,1.70616699
105.66999817,1.38156250,1.70554688
105.68000031,1.38181396,1.70494873
105.69000244,1.38206055,1.70437012
105.69999695,1.32150391,1.70381348
105.70999908,1.31239014,1.70327881
105.72000122,1.31261230,1.70276367
105.73000336,1.31282715,1.70226807
105.73999786,1.31303467,1.70179199
105.75000000,1.31322998,1.70133545
105.76000214,1.31341553,1.70089600
105.76999664,1.31359375,1.70047852
105.77999878,1.31376221,1.70008057
105.79000092,1.31392090,1.69969971
105.80000305,1.31406982,1.69933594
105.80999756,1.31421143,1.69899170
105.81999969,1.31434326,1.69866211
105.83000183,1.31446533,1.69835205
105.83999634,1.31458008,1.69805908
105.84999847,1.31468506,1.69778076
105.86000061,1.31478027,1.69752197
105.87000275,1.31486816,1.69727539
105.87999725,1.24490234,1.69704590
105.88999939,1.24497559,1.69683594
105.90000153,1.24503906,1.69663818
105.91000366,1.24509277,1.69645752
105.91999817,1.24514160,1.69628906
105.93000031,1.24517822,1.69613770
105.94000244,1.24520996,1.69600098
105.94999695,1.24522949,1.69587646
105.95999908,1.24524414,1.69576660
105.97000122,1.24524658,1.69567139
105.98000336,1.24524170,1.69559082
105.98999786,1.24523193,1.69552246
106.00000000,1.24520996,1.69546875
106.01000214,1.24518066,1.69542725
106.01999664,1.24514160,1.69539795
106.02999878,1.24509766,1.69538086
106.04000092,1.24504395,1.69537842
106.05000305,1.17497559,1.69538574
106.05999756,1.17490723,1.69540771
106.06999969,1.17483154,1.69543701
106.08000183,1.17474609,1.69548096
106.08999634,1.17465576,1.69553711
106.09999847,1.17455566,1.69560547
106.11000061,1.17444824,1.69568115
106.12000275,1.17433350,1.69577148
106.12999725,1.10420898,1.69587158
106.13999939,1.10407959,1.69598145
106.15000153,1.10394287,1.69610107
106.16000366,1.10379883,1.69623047
106.16999817,1.10364746,1.69637207
106.18000031,1.10348877,1.69652100
106.19000244,1.10332031,1.69668213
106.19999695,1.10314697,1.69685303
106.20999908,1.10296631,1.69703125
106.22000122,1.10277832,1.69721924
106.23000336,1.10258301,1.69741699
106.23999786,1.10238281,1.69762451
106.25000000,1.10217529,1.69783936
106.26000214,1.10195801,1.69806152
106.26999664,1.10173828,1.69829102
106.27999878,1.03150879,1.69853271
106.29000092,1.03127197,1.69878174
106.30000305,1.03103027,1.69903809
106.30999756,1.03078369,1.69930176
106.31999969,1.03052979,1.69957520
106.33000183,1.03026855,1.62985107
106.33999634,1.03000000,1.63013672
106.34999847,1.02972900,1.63042969
106.36000061,1.02944824,1.63072998
106.37000275,1.02916260,1.63103760
106.37999725,1.02887207,1.63135254
106.38999939,1.02857422,1.63167236
106.40000153,1.02827148,1.63199951
106.41000366,1.02796387,1.63233398
106.41999817,1.02764893,1.63267334
106.43000031,1.02733154,1.63302002
106.44000244,1.02700684,1.63337158
106.44999695,1.02667725,1.63372803
106.45999908,1.02634033,1.63409424
106.47000122,1.02599854,1.63446289
106.48000336,1.02565186,1.63483643
106.48999786,1.02530273,1.63521729
106.50000000,1.02494629,1.63560303
106.51000214,0.95456787,1.63599365
106.51999664,0.95420166,1.63638672
106.52999878,0.95383057,1.63678955
106.54000092,0.95345703,1.63719238
106.55000305,0.95307373,1.63760254
106.55999756,0.95269043,1.63801758
106.56999969,0.95229980,1.63843506
106.58000183,0.95190674,1.63885742
106.58999634,0.95150879,1.63928467
106.59999847,0.95110596,1.63971680
106.61000061,0.95069824,1.64015137
106.62000275,0.95028809,1.64059082
106.62999725,0.94987549,1.64103027
106.63999939,0.94945557,1.64147949
106.65000153,0.87900879,1.64192871
106.66000366,0.87858154,1.64238037
106.66999817,0.87815186,1.64283691
106.68000031,0.87771973,1.64329834
106.69000244,0.87728271,1.64375977
106.69999695,0.87684082,1.64422607
106.70999908,0.87639893,1.64469482
106.72000122,0.87595215,1.64516357
106.73000336,0.87550293,1.64563965
106.73999786,0.87505127,1.64611572
106.75000000,0.87459473,1.64659424
106.76000214,0.87413574,1.64707520
106.76999664,0.87367676,1.64755859
106.77999878,0.87321289,1.64804688
106.79000092,0.87274658,1.57849854
106.80000305,0.87227783,1.57898682
106.80999756,0.87180664,1.57947754
106.81999969,0.87133301,1.57997070
106.83000183,0.87085693,1.58046631
106.83999634,0.87038086,1.58096436
106.84999847,0.86990234,1.58145996
106.86000061,0.86941895,1.58196045
106.87000275,0.86893799,1.58246338
106.87999725,0.86845215,1.58296387
106.88999939,0.86796631,1.58346680
106.90000153,0.86747803,1.58397217
106.91000366,0.86698730,1.58447754
106.91999817,0.86649902,1.58498291
106.93000031,0.86600586,1.58549072
106.94000244,0.86551270,1.58599854
106.94999695,0.86501953,1.58650635
106.95999908,0.86452393,1.58701660
106.97000122,0.86402588,1.58752441
106.98000336,0.86353027,1.58803467
106.98999786,0.86303223,1.58854492
107.00000000,0.86253418,1.58905273
107.01000214,0.86203613,1.58956543
107.01999664,0.86153809,1.59007324
107.02999878,0.86103760,1.59058350
107.04000092,0.86053711,1.59109375
107.05000305,0.86003662,1.59160400
107.05999756,0.85953857,1.59211182
107.06999969,0.85903809,1.59261963
107.08000183,0.85854004,1.59312744
107.08999634,0.85803955,1.59363525
107.09999847,0.85754150,1.59414307
107.11000061,0.85704102,1.59464844
107.12000275,0.85654541,1.59515137
107.12999725,0.85604736,1.59565674
107.13999939,0.85554932,1.59615967
107.15000153,0.85505615,1.59666016
107.16000366,0.85456055,1.59716064
107.16999817,0.85406494,1.59765869
107.18000031,0.85357422,1.59815674
107.19000244,0.85308105,1.59864990
107.19999695,0.85259277,1.59914307
107.20999908,0.85210449,1.59963623
107.22000122,0.85161621,1.60012695
107.23000336,0.85113037,1.60061523
107.23999786,0.85064697,1.60110107
107.25000000,0.85016602,1.60158691
107.26000214,0.84968506,1.60206787
107.26999664,0.84920898,1.53249756
107.27999878,0.84873291,1.53297363
107.29000092,0.84825928,1.53344727
107.30000305,0.84778809,1.53392090
107.30999756,0.84732178,1.53438721
107.31999969,0.84685547,1.53485596
107.33000183,0.84639160,1.53531738
107.33999634,0.84593262,1.53577881
107.34999847,0.84547363,1.53623535
107.36000061,0.84501953,1.53668945
107.37000275,0.84456787,1.53714111
107.37999725,0.84412109,1.53758789
107.38999939,0.84367676,1.53802979
107.40000153,0.84323486,1.53847168
107.41000366,0.84279785,1.53890625
107.41999817,0.84236328,1.53933838
107.43000031,0.91198242,1.53976807
107.44000244,0.91155762,1.54019287
107.44999695,0.91113525,1.54061279
107.45999908,0.91071777,1.54103027
107.47000122,0.91030273,1.54144287
107.48000336,0.90989258,1.54185059
107.48999786,0.90948730,1.54225342
107.50000000,0.90908691,1.54265137
107.51000214,0.90869141,1.54304443
107.51999664,0.90830078,1.54343262
107.52999878,0.90791260,1.54381836
107.54000092,0.90752930,1.54419922
107.55000305,0.90715332,1.54457520
107.55999756,0.90677734,1.54494629
107.56999969,0.83635986,1.54531494
107.58000183,0.83599365,1.54567871
107.58999634,0.83563232,1.54603760
107.59999847,0.83527344,1.54639404
107.61000061,0.83491943,1.54674316
107.62000275,0.83457031,1.54709229
107.62999725,0.83422363,1.54743652
107.63999939,0.83388184,1.54777588
107.65000153,0.83354248,1.54811279
107.66000366,0.83320801,1.54844482
107.66999817,0.83287598,1.54877441
107.68000031,0.83254883,1.54910156
107.69000244,0.83222412,1.54942383
107.69999695,0.83190186,1.54974365
107.70999908,0.83158447,1.55006104
107.72000122,0.83126953,1.55037598
107.73000336,0.83095947,1.55068359
107.73999786,0.83064941,1.55099121
107.75000000,0.83034424,1.55129639
107.76000214,0.83004150,1.55159912
107.76999664,0.82974365,1.55189697
107.77999878,0.82944580,1.55219482
107.79000092,0.82915039,1.55249023
107.80000305,0.82885986,1.55278076
107.80999756,0.82856934,1.55307129
107.81999969,0.82828369,1.55335693
107.83000183,0.82799805,1.48359375
107.83999634,0.82771729,1.48387695
107.84999847,0.82743652,1.48416016
107.86000061,0.82715820,1.48443848
107.87000275,0.82688477,1.48471436
107.87999725,0.82661133,1.48499023
107.88999939,0.82634033,1.48526367
107.90000153,0.82606934,1.48553467
107.91000366,0.82580322,1.48580566
107.91999817,0.82553711,1.48607422
107.93000031,0.82527344,1.48634033
107.94000244,0.82500977,1.48660889
107.94999695,0.82474854,1.48687256
107.95999908,0.82448975,1.48713867
107.97000122,0.82423096,1.48739990
107.98000336,0.82397217,1.48766357
107.98999786,0.82371826,1.48792480
108.00000000,0.82346191,1.48818359
108.01000214,0.82321045,1.48844482
108.01999664,0.82295654,1.48870361
108.02999878,0.82270508,1.48896240
108.04000092,0.82245361,1.48922119
108.05000305,0.82220215,1.48947998
108.05999756,0.82195313,1.48973633
108.06999969,0.82170410,1.48999512
108.08000183,0.82145508,1.49025391
108.08999634,0.82120850,1.49051270
108.09999847,0.82095947,1.49076904
108.11000061,0.82071289,1.49102783
108.12000275,0.82046387,1.49128662
108.12999725,0.82021729,1.49154541
108.13999939,0.81997070,1.49180664
108.15000153,0.81972168,1.49206787
108.16000366,0.81947510,1.49232910
108.16999817,0.81922607,1.49259033
108.18000031,0.81897949,1.49285400
108.19000244,0.81873047,1.49311768
108.19999695,0.81848145,1.49338379
108.20999908,0.81822998,1.49364990
108.22000122,0.81798096,1.49391846
108.23000336,0.81772949,1.49418701
108.23999786,0.81747803,1.49445801
108.25000000,0.81722412,1.49473145
108.26000214,0.81697021,1.49500488
108.26999664,0.81671387,1.49528320
108.27999878,0.81645752,1.49556152
108.29000092,0.81620117,1.49584229
108.30000305,0.81594238,1.49612549
108.30999756,0.81568115,1.49641113
108.31999969,0.81541992,1.42663330
108.33000183,0.81515625,1.42692139
108.33999634,0.81489014,1.42721436
108.34999847,0.81462402,1.42750977
108.36000061,0.81435303,1.42780762
108.37000275,0.81408203,1.42810791
108.37999725,0.81381104,1.42841064
108.38999939,0.81353516,1.42871826
108.40000153,0.81325684,1.42902832
108.41000366,0.81297852,1.42934082
108.41999817,0.81269531,1.42965820
108.43000031,0.81241211,1.42997803
108.44000244,0.81212402,1.43030518
108.44999695,0.81183350,1.43063232
108.45999908,0.81154053,1.43096680
108.47000122,0.81124512,1.43130371
108.48000336,0.81094727,1.43164551
108.48999786,0.81064697,1.43198975
108.50000000,0.81034180,1.43233887
108.51000214,0.81003418,1.43269531
108.51999664,0.80972412,1.43305420
108.52999878,0.80940918,1.43341797
108.54000092,0.80909180,1.43378662
108.55000305,0.80876953,1.43416260
108.55999756,0.80844482,1.43454102
108.56999969,0.80811768,1.43492676
108.58000183,0.80778564,1.43531738
108.58999634,0.80744873,1.43571533
108.59999847,0.80710693,1.43611572
108.61000061,0.80676270,1.43652588
108.62000275,0.80641357,1.43694092
108.62999725,0.81681396,1.43736084
108.63999939,0.87581055,1.43778809
108.65000153,0.87545166,1.43822021
108.66000366,0.87508789,1.43865967
108.66999817,0.87471924,1.43910645
108.68000031,0.87434570,1.43956055
108.69000244,0.87396729,1.44002197
108.69999695,0.87358398,1.44048828
108.70999908,0.87319580,1.44096191
108.72000122,0.87280273,1.44144531
108.73000336,0.87240479,1.44193359
108.73999786,0.87200195,1.44243164
108.75000000,0.87159180,1.44293701
108.76000214,0.87117676,1.44344971
108.76999664,0.87075928,1.44397217
108.77999878,0.87033203,1.37435547
108.79000092,0.86990234,1.37489014
108.80000305,0.86946533,1.37543213
108.80999756,0.86902100,1.37598389
108.81999969,0.86857178,1.37654541
108.83000183,0.86811768,1.37711426
108.83999634,0.86765869,1.37769287
108.84999847,0.86718994,1.37828125
108.86000061,0.86671631,1.37887695
108.87000275,0.86623779,1.37948486
108.87999725,0.86574951,1.38010010
108.88999939,0.86525635,1.38072510
108.90000153,0.86475830,1.38135986
108.91000366,0.86425049,1.38200684
108.91999817,0.86373779,1.38266357
108.93000031,0.86321533,1.38333008
108.94000244,0.86269043,1.38400635
108.94999695,0.86215332,1.38469482
108.95999908,0.86161133,1.38539307
108.97000122,0.86106201,1.38610352
108.98000336,0.86050537,1.38682617
108.98999786,0.85994141,1.38755615
109.00000000,0.85937012,1.38830078
109.01000214,0.85878906,1.38905518
109.01999664,0.85820313,1.38982178
109.02999878,0.85760742,1.39060303
109.04000092,0.85700439,1.39139404
109.05000305,0.85639160,1.39219727
109.05999756,0.85577148,1.39301514
109.06999969,0.85514160,1.39384277
109.08000183,0.85450684,1.39468506
109.08999634,0.92415771,1.37470703
109.09999847,0.92351074,1.32610596
109.11000061,0.92285400,1.32698242
109.12000275,0.92218994,1.32786865
109.12999725,0.92151611,1.32877197
109.13999939,0.92083496,1.32968506
109.15000153,0.92014404,1.33061523
109.16000366,0.91944580,1.33155762
109.16999817,0.91873535,1.33251465
109.18000031,0.91801758,1.33348633
109.19000244,0.91729248,1.33447266
109.19999695,0.91655518,1.33547363
109.20999908,0.91581055,1.33648926
109.22000122,0.91505371,1.33752197
109.23000336,0.91428711,1.33856689
109.23999786,0.91351318,1.33962891
109.25000000,0.91272949,1.34070557
109.26000214,0.91193359,1.34179932
109.26999664,0.91113037,1.34290771
109.27999878,0.91031494,1.34403320
109.29000092,0.90948975,1.34517334
109.30000305,0.90865479,1.34633057
109.30999756,0.90781006,1.34750488
109.31999969,0.90695557,1.34869629
109.33000183,0.90608643,1.34990479
109.33999634,0.90520996,1.35113037
109.34999847,0.90432373,1.35237305
109.36000061,0.90342529,1.35363281
109.37000275,0.90251465,1.35491211
109.37999725,0.90159424,1.35620850
109.38999939,0.90066162,1.35752197
109.40000153,0.89971924,1.30359375
109.41000366,0.89876465,1.28961426
109.41999817,0.89780029,1.29096924
109.43000031,0.89682129,1.29234619
109.44000244,0.89583252,1.29374023
109.44999695,0.89483154,1.29515381
109.45999908,0.89382080,1.29658691
109.47000122,0.89279541,1.29803955
109.48000336,0.89175781,1.29951172
109.48999786,0.89071045,1.30100342
109.50000000,0.88965088,1.30251465
109.51000214,0.88857666,1.30404785
109.51999664,0.88749023,1.30559814
109.52999878,0.88639160,1.30717041
109.54000092,0.88528076,1.30876465
109.55000305,0.88415771,1.31037842
109.55999756,0.88302246,1.31201172
109.56999969,0.88187012,1.31366943
109.58000183,0.88070801,1.31534668
109.58999634,0.87953125,1.31704346
109.59999847,0.87834229,1.31876465
109.61000061,0.87713867,1.32050537
109.62000275,0.87592285,1.32226807
109.62999725,0.87469238,1.32405273
109.63999939,0.87344727,1.28314453
109.65000153,0.91988281,1.25672607
109.66000366,0.94189941,1.25855957
109.66999817,0.94063232,1.26041504
109.68000031,0.93935059,1.26229492
109.69000244,0.93805420,1.26419434
109.69999695,0.93674561,1.26611572
109.70999908,0.93542236,1.26806152
109.72000122,0.93408203,1.27003174
109.73000336,0.93272705,1.27202637
109.73999786,0.93135742,1.27404053
109.75000000,0.92997559,1.27608154
109.76000214,0.92857422,1.27814453
109.76999664,0.92716064,1.28023193
109.77999878,0.92573242,1.28234131
109.79000092,0.92428711,1.28447754
109.80000305,0.92282471,1.28663818
109.80999756,0.92135010,1.28882080
109.81999969,0.93430664,1.29103027
109.83000183,0.97734375,1.29326416
109.83999634,0.98818848,1.29552002
109.84999847,0.98667236,1.29780518
109.86000061,0.98513672,1.30011475
109.87000275,0.98358643,1.30244873
109.87999725,0.98201904,1.25233398
109.88999939,0.98043701,1.23570068
109.90000153,0.97883789,1.23808594
109.91000366,0.97722168,1.24049561
109.91999817,0.97559082,1.24292969
109.93000031,0.97394043,1.24539063
109.94000244,0.97227295,1.24787842
109.94999695,0.97058838,1.25038818
109.95999908,0.96888428,1.25292969
109.97000122,0.96716553,1.25549316
109.98000336,0.96542725,1.25808594
109.98999786,0.96367188,1.26070068
110.00000000,0.97294434,1.26334473
110.01000214,1.00940186,1.26601807
110.01999664,1.03013428,1.26871338
110.02999878,1.02833496,1.27143555
110.04000092,1.02651611,1.27418701
110.05000305,1.02467773,1.27696533
110.05999756,1.02282471,1.23488525
110.06999969,1.02094971,1.21061523
110.08000183,1.01905518,1.21344727
110.08999634,1.01714355,1.21630127
110.09999847,1.01521240,1.21918457
110.11000061,1.01326172,1.22209717
110.12000275,1.01128906,1.22503662
110.12999725,1.00929932,1.22800049
110.13999939,1.00728760,1.23099609
110.15000153,1.00525879,1.23401855
110.16000366,1.00320557,1.23707031
110.16999817,1.00113770,1.24014648
110.18000031,0.99904541,1.24325195
110.19000244,1.02669922,1.24638672
110.19999695,1.05783203,1.24954834
110.20999908,1.06507813,1.25273926
110.22000122,1.06293457,1.25595947
110.23000336,1.06077393,1.25920654
110.23999786,1.05859131,1.26248047
110.25000000,1.05638672,1.26578613
110.26000214,1.05416016,1.26912109
110.26999664,1.05191406,1.27248047
110.27999878,1.04964355,1.27586914
110.29000092,1.04735107,1.26900146
110.30000305,1.04503906,1.22585205
110.30999756,1.04270508,1.21343506
110.31999969,1.04034668,1.21690430
110.33000183,1.03796875,1.22040283
110.33999634,1.03556641,1.22392822
110.34999847,1.03314209,1.22748291
110.36000061,1.03069580,1.23106689
110.37000275,1.02822266,1.23468262
110.37999725,1.02573242,1.23832275
110.38999939,1.02321533,1.24199463
110.40000153,1.02067139,1.24569580
110.41000366,1.01810791,1.24942627
110.41999817,1.01552246,1.25318359
110.43000031,1.01291016,1.25697021
110.44000244,1.01027344,1.26078857
110.44999695,1.01184570,1.26463379
110.45999908,1.03832031,1.26851074
110.47000122,1.06449463,1.27030029
110.48000336,1.07290039,1.23203857
110.48999786,1.07018555,1.20685303
110.50000000,1.06744385,1.21080566
110.51000214,1.06467529,1.21478760
110.51999664,1.06188721,1.21879150
110.52999878,1.05907471,1.22282715
110.54000092,1.05623779,1.22688965
110.55000305,1.05337402,1.20029785
110.55999756,1.06509277,1.16428467
110.56999969,1.08980225,1.16546875
110.58000183,1.11426514,1.16959961
110.58999634,1.11554932,1.17375244
110.59999847,1.11261475,1.17793213
110.61000061,1.10965332,1.18214111
110.62000275,1.10667236,1.18637207
110.62999725,1.10366943,1.19062744
110.63999939,1.10064209,1.19490967
110.65000153,1.09759277,1.19921631
110.66000366,1.09452148,1.20354492
110.66999817,1.09143066,1.20789795
110.68000031,1.08831299,1.21227783
110.69000244,1.08517334,1.21667969
110.69999695,1.08201660,1.22110107
110.70999908,1.07883545,1.22554932
110.72000122,1.07563232,1.23001953
110.73000336,1.07240479,1.23451416
110.73999786,1.06916016,1.23902588
110.75000000,1.08887451,1.24356445
110.76000214,1.11150146,1.24812256
110.76999664,1.13387451,1.25270020
110.77999878,1.13058105,1.25730225
110.79000092,1.12726807,1.23657715
110.80000305,1.12393311,1.20508545
110.80999756,1.12058105,1.19648438
110.81999969,1.11720215,1.20112793
110.83000183,1.11380371,1.20579102
110.83999634,1.11038574,1.21047119
110.84999847,1.10694824,1.21517090
110.86000061,1.10348633,1.21989014
110.87000275,1.10000488,1.22463135
110.87999725,1.09650391,1.22938721
110.88999939,1.09298340,1.23416016
110.90000153,1.08944092,1.23895264
110.91000366,1.08587646,1.24376465
110.91999817,1.08229492,1.23216309
110.93000031,1.09014893,1.20277100
110.94000244,1.11149658,1.18303223
110.94999695,1.13269043,1.18786865
110.95999908,1.14310791,1.19272461
110.97000122,1.13946533,1.19759521
110.98000336,1.13579834,1.20248535
110.98999786,1.13211670,1.20738281
111.00000000,1.12841309,1.21230225
111.01000214,1.12468750,1.21723877
111.01999664,1.12094482,1.22218262
111.02999878,1.11718018,1.22714355
111.04000092,1.11339600,1.23212158
111.05000305,1.10959229,1.23711182
111.05999756,1.10577393,1.24211182
111.06999969,1.10193115,1.24713135
111.08000183,1.09806885,1.25216064
111.08999634,1.09419189,1.25719971
111.09999847,1.09029053,1.26225586
111.11000061,1.09553711,1.25406494
111.12000275,1.11601318,1.22717041
111.12999725,1.13639404,1.20148438
111.13999939,1.15054199,1.20655029
111.15000153,1.14658203,1.21162598
111.16000366,1.14260498,1.21671143
111.16999817,1.13861328,1.22180420
111.18000031,1.13459961,1.22691162
111.19000244,1.13056641,1.23202637
111.19999695,1.12651611,1.23715088
111.20999908,1.12244629,1.24228516
111.22000122,1.11835693,1.24742920
111.23000336,1.11424805,1.25258301
111.23999786,1.11012695,1.25773926
111.25000000,1.10597900,1.26291016
111.26000214,1.10181885,1.26808594
111.26999664,1.09764404,1.27326416
111.27999878,1.09344727,1.27845459
111.29000092,1.10656982,1.28365234
111.30000305,1.12657227,1.28885498
111.30999756,1.14649170,1.26572754
111.31999969,1.15312256,1.24099121
111.33000183,1.14886963,1.22782471
111.33999634,1.14459961,1.23301514
111.34999847,1.14031006,1.23821533
111.36000061,1.13600342,1.24342041
111.37000275,1.13167725,1.24863037
111.37999725,1.12733887,1.25384033
111.38999939,1.13457275,1.25905762
111.40000153,1.15441162,1.26427734
111.41000366,1.17422607,1.26950195
111.41999817,1.18672607,1.27472168
111.43000031,1.18232666,1.27995117
111.44000244,1.17790771,1.28518311
111.44999695,1.17347656,1.29041260
111.45999908,1.16902588,1.29564697
111.47000122,1.16455811,1.30088379
111.48000336,1.16007324,1.30611816
111.48999786,1.16451172,1.31135254
111.50000000,1.18431396,1.31658691
111.51000214,1.20409668,1.29540039
111.51999664,1.21914551,1.27239502
111.52999878,1.21460205,1.25511719
111.54000092,1.21004395,1.26033203
111.55000305,1.20547119,1.26554688
111.55999756,1.20088623,1.27075684
111.56999969,1.19628174,1.27597412
111.58000183,1.19166260,1.28118408
111.58999634,1.18703369,1.27916016
111.59999847,1.18238525,1.25674072
111.61000061,1.17772461,1.23441895
111.62000275,1.17304932,1.22466064
111.62999725,1.16836426,1.22984375
111.63999939,1.16365967,1.23502686
111.65000153,1.15894043,1.24020996
111.66000366,1.17177734,1.24538574
111.66999817,1.19175049,1.25055664
111.68000031,1.21174561,1.24417969
111.69000244,1.21739502,1.22235352
111.69999695,1.21262695,1.20061279
111.70999908,1.20784668,1.19374756
111.72000122,1.20305420,1.19889160
111.73000336,1.19824951,1.20403320
111.73999786,1.19343506,1.20916504
111.75000000,1.18860352,1.21429932
111.76000214,1.18375977,1.21942627
111.76999664,1.17890869,1.22454590
111.77999878,1.17404297,1.22966553
111.79000092,1.16916748,1.23477783
111.80000305,1.16428223,1.23988525
111.80999756,1.15938965,1.24498047
111.81999969,1.15448242,1.25007324
111.83000183,1.14956543,1.25516113
111.83999634,1.14464355,1.26023926
111.84999847,1.13970703,1.26531250
111.86000061,1.13476074,1.27038086
111.87000275,1.12980713,1.27543945
111.87999725,1.12806396,1.28048828
111.88999939,1.14860107,1.28501465
111.90000153,1.16916748,1.26420410
111.91000366,1.18749756,1.24343506
111.91999817,1.18250244,1.22302002
111.93000031,1.17749756,1.22802979
111.94000244,1.17248291,1.23303223
111.94999695,1.16746582,1.23802002
111.95999908,1.16243896,1.24300537
111.97000122,1.15740234,1.24797852
111.98000336,1.17267822,1.25294434
111.98999786,1.19354736,1.25789551
112.00000000,1.21447998,1.26284180
112.01000214,1.21477051,1.26778076
112.01999664,1.20969971,1.27270264
112.02999878,1.20461914,1.27761963
112.04000092,1.19952881,1.28252441
112.05000305,1.19443604,1.28741943
112.05999756,1.18933838,1.29229980
112.06999969,1.19975342,1.29716797
112.08000183,1.22104980,1.30202637
112.08999634,1.24239746,1.30687256
112.09999847,1.24640869,1.31170898
112.11000061,1.24127441,1.31653320
112.12000275,1.23613281,1.32134521
112.12999725,1.23099609,1.32613770
112.13999939,1.22584717,1.33092041
112.15000153,1.22069336,1.33569336
112.16000366,1.23020020,1.34045166
112.16999817,1.25197754,1.34519287
112.18000031,1.27384033,1.34661377
112.19000244,1.27746338,1.32673340
112.19999695,1.27228271,1.30687744
112.20999908,1.26709473,1.28701416
112.22000122,1.26190674,1.29132568
112.23000336,1.25671143,1.29600098
112.23999786,1.25152100,1.30065674
112.25000000,1.24632324,1.30529785
112.26000214,1.24112305,1.30992920
112.26999664,1.23592529,1.31453857
112.27999878,1.23072021,1.31326660
112.29000092,1.22551758,1.29355469
112.30000305,1.22031006,1.27382324
112.30999756,1.23426025,1.25562500
112.31999969,1.25704102,1.26017578
112.33000183,1.27993164,1.26471680
112.33999634,1.30290527,1.26923584
112.34999847,1.32601807,1.27374268
112.36000061,1.34328613,1.27823242
112.37000275,1.33803711,1.28270508
112.37999725,1.33278809,1.28715820
112.38999939,1.32753906,1.29159668
112.40000153,1.32229004,1.29601563
112.41000366,1.31704346,1.30041748
112.41999817,1.32254150,1.30479980
112.43000031,1.34635986,1.30916992
112.44000244,1.37030518,1.31351807
112.44999695,1.37294922,1.31430664
112.45999908,1.36768311,1.29476563
112.47000122,1.36241455,1.27518311
112.48000336,1.35715332,1.25557861
112.48999786,1.35189453,1.25821289
112.50000000,1.34663818,1.26247803
112.51000214,1.37073975,1.26672607
112.51999664,1.39551025,1.27094971
112.52999878,1.40753418,1.27516113
112.54000092,1.40225830,1.27934814
112.55000305,1.39698730,1.28351807
112.55999756,1.39172119,1.27021484
112.56999969,1.38645752,1.25058350
112.58000183,1.38119873,1.23090576
112.58999634,1.39964844,1.22353760
112.59999847,1.42542480,1.22763672
112.61000061,1.44184326,1.23172119
112.62000275,1.43656982,1.23578125
112.62999725,1.43130615,1.23981934
112.63999939,1.42604492,1.24384033
112.65000153,1.42079102,1.24783936
112.66000366,1.41553955,1.25181885
112.66999817,1.43374512,1.25577148
112.68000031,1.46065674,1.25970703
112.69000244,1.47593750,1.26362061
112.69999695,1.47068359,1.26750977
112.70999908,1.46543213,1.27137939
112.72000122,1.46018799,1.27522949
112.73000336,1.45495605,1.27905518
112.73999786,1.44973145,1.28285645
112.75000000,1.47379395,1.28663818
112.76000214,1.50202637,1.29039795
112.76999664,1.50989258,1.29413086
112.77999878,1.50465820,1.29784668
112.79000092,1.49943604,1.30153809
112.80000305,1.49422363,1.30520508
112.80999756,1.48902344,1.30884766
112.81999969,1.48383057,1.31247070
112.83000183,1.47864746,1.31606689
112.83999634,1.47348145,1.31963867
112.84999847,1.46832031,1.32318848
112.86000061,1.46317139,1.32671631
112.87000275,1.45803711,1.33021729
112.87999725,1.48298828,1.33369385
112.88999939,1.51361572,1.33714844
112.90000153,1.51792969,1.32306396
112.91000366,1.51279785,1.30304199
112.91999817,1.50768555,1.28291992
112.93000031,1.50258301,1.27563232
112.94000244,1.49749268,1.27901367
112.94999695,1.49241699,1.28236572
112.95999908,1.48735352,1.28569824
112.97000122,1.48230713,1.28900391
112.98000336,1.47727539,1.29228516
112.98999786,1.47226318,1.29553711
113.00000000,1.47498535,1.29876953
113.01000214,1.50829590,1.30197754
113.01999664,1.53197021,1.30515381
113.02999878,1.52697021,1.30831055
113.04000092,1.52198730,1.31143799
113.05000305,1.51702148,1.31454590
113.05999756,1.51207520,1.31762451
113.06999969,1.50714355,1.32067871
113.08000183,1.50222900,1.32371094
113.08999634,1.49733887,1.32671143
113.09999847,1.49246582,1.32968994
113.11000061,1.48760986,1.33264160
113.12000275,1.48277344,1.33556885
113.12999725,1.51715088,1.33846924
113.13999939,1.54722900,1.34134521
113.15000153,1.54240234,1.34419678
113.16000366,1.53759766,1.34701904
113.16999817,1.53281982,1.34981445
113.18000031,1.52805664,1.35258545
113.19000244,1.52331787,1.34078125
113.19999695,1.51860107,1.31944824
113.20999908,1.51390625,1.29788818
113.22000122,1.50923340,1.28975586
113.23000336,1.50458496,1.29245117
113.23999786,1.50323242,1.29511719
113.25000000,1.54432617,1.29776123
113.26000214,1.56423828,1.30037842
113.26999664,1.55964111,1.30296387
113.27999878,1.55506348,1.30552979
113.29000092,1.55051514,1.30806885
113.30000305,1.54599121,1.31058350
113.30999756,1.54149658,1.31306885
113.31999969,1.53702881,1.31553223
113.33000183,1.53258545,1.31797119
113.33999634,1.52817383,1.32038330
113.34999847,1.52379150,1.32277100
113.36000061,1.54858887,1.32513184
113.37000275,1.58800049,1.32746826
113.37999725,1.58365967,1.32977783
113.38999939,1.57934326,1.33206299
113.40000153,1.57506104,1.33432617
113.41000366,1.57081055,1.33656250
113.41999817,1.56659180,1.33877441
113.43000031,1.56240479,1.34096436
113.44000244,1.55824951,1.34312744
113.44999695,1.55412842,1.34526611
113.45999908,1.55003906,1.34738037
113.47000122,1.54598633,1.34947021
113.48000336,1.54196777,1.35153320
113.48999786,1.53798828,1.35357178
113.50000000,1.53403809,1.35558838
113.51000214,1.53012451,1.35622803
113.51999664,1.52625000,1.33087646
113.52999878,1.52240723,1.30501465
113.54000092,1.51860352,1.29136475
113.55000305,1.51483887,1.29330566
113.55999756,1.51111084,1.29522217
113.56999969,1.55454834,1.29711426
113.58000183,1.57563477,1.29898438
113.58999634,1.57197998,1.30082764
113.59999847,1.56835938,1.30264648
113.61000061,1.56478027,1.30444580
113.62000275,1.56124023,1.30621582
113.62999725,1.55774658,1.30796143
113.63999939,1.55428955,1.30968262
113.65000153,1.55087402,1.31138428
113.66000366,1.54749756,1.31305908
113.66999817,1.54947021,1.31470947
113.68000031,1.61230957,1.31633545
113.69000244,1.60902100,1.31793701
113.69999695,1.60577881,1.31951416
113.70999908,1.60257813,1.32106689
113.72000122,1.59942139,1.32260010
113.73000336,1.59630859,1.32410400
113.73999786,1.59324463,1.32558350
113.75000000,1.59022461,1.32704102
113.76000214,1.58724609,1.32847412
113.76999664,1.58431885,1.32988037
113.77999878,1.58143555,1.33126465
113.79000092,1.57859863,1.33262451
113.80000305,1.57580811,1.33395996
113.80999756,1.57306885,1.33526855
113.81999969,1.57037354,1.33655273
113.83000183,1.56772949,1.33781250
113.83999634,1.56513428,1.33904541
113.84999847,1.56258301,1.34025635
113.86000061,1.56008301,1.34144287
113.87000275,1.58700684,1.34260498
113.87999725,1.62593750,1.34374023
113.88999939,1.62355469,1.34485107
113.90000153,1.62122314,1.34593750
113.91000366,1.61894287,1.34699951
113.91999817,1.61671387,1.34803467
113.93000031,1.61453857,1.34904541
113.94000244,1.61241211,1.35003174
113.94999695,1.61033936,1.35099121
113.95999908,1.60831543,1.35192627
113.97000122,1.60634766,1.35283447
113.98000336,1.60442871,1.35372070
113.98999786,1.60256836,1.35457520
114.00000000,1.60075928,1.35540527
114.01000214,1.59900635,1.35620850
114.01999664,1.59730713,1.35698486
114.02999878,1.59566162,1.35773682
114.04000092,1.59407227,1.35846191
114.05000305,1.59253418,1.35915771
114.05999756,1.59105469,1.35983154
114.06999969,1.58962891,1.36047607
114.08000183,1.58825684,1.36109131
114.08999634,1.58694336,1.36168213
114.09999847,1.58568604,1.36224609
114.11000061,1.58448242,1.36278320
114.12000275,1.58333740,1.36329102
114.12999725,1.58224854,1.36377197
114.13999939,1.58121582,1.36422363
114.15000153,1.58024170,1.36464600
114.16000366,1.57932617,1.36504150
114.16999817,1.57846924,1.36540771
114.18000031,1.57766846,1.36574463
114.19000244,1.57692627,1.36605469
114.19999695,1.57624268,1.36633301
114.20999908,1.57561768,1.36658447
114.22000122,1.57505127,1.36680664
114.23000336,1.57454346,1.36699951
114.23999786,1.57409424,1.36716309
114.25000000,1.57370117,1.36729492
114.26000214,1.57336914,1.36740234
114.26999664,1.57309326,1.36747803
114.27999878,1.57287598,1.36752686
114.29000092,1.57271729,1.36754639
114.30000305,1.64261963,1.36753906
114.30999756,1.64257568,1.36750000
114.31999969,1.64258789,1.36743408
114.33000183,1.64265625,1.36734131
114.33999634,1.64278320,1.36722168
114.34999847,1.64296631,1.36707520
114.36000061,1.64320557,1.36690186
114.37000275,1.64350098,1.36670166
114.37999725,1.64385254,1.36647461
114.38999939,1.57425049,1.36622070
114.40000153,1.57470703,1.36594238
114.41000366,1.57522217,1.36563477
114.41999817,1.57578857,1.36530518
114.43000031,1.57640869,1.36494873
114.44000244,1.57708252,1.36456543
114.44999695,1.57781250,1.36415771
114.45999908,1.57859375,1.36372314
114.47000122,1.57943115,1.36326172
114.48000336,1.58031982,1.36277588
114.48999786,1.58125977,1.36226563
114.50000000,1.58225098,1.36173096
114.51000214,1.58329590,1.36117188
114.51999664,1.58438965,1.36058838
114.52999878,1.58553467,1.35998047
114.54000092,1.58673096,1.35935059
114.55000305,1.58797852,1.35869385
114.55999756,1.58927246,1.35801514
114.56999969,1.59062012,1.35731201
114.58000183,1.59201416,1.35658447
114.58999634,1.59345947,1.35583252
114.59999847,1.59495361,1.35505859
114.61000061,1.59649414,1.35426025
114.62000275,1.59808350,1.35343994
114.62999725,1.59972168,1.35259277
114.63999939,1.60140869,1.35172363
114.65000153,1.60313965,1.35083252
114.66000366,1.60492188,1.34991699
114.66999817,1.60674561,1.34897949
114.68000031,1.60861816,1.34802002
114.69000244,1.61053467,1.34703613
114.69999695,1.61249512,1.34603027
114.70999908,1.61450439,1.34500244
114.72000122,1.61655518,1.34395020
114.73000336,1.61865234,1.34287598
114.73999786,1.62079102,1.34178223
114.75000000,1.62297363,1.34066406
114.76000214,1.62520264,1.33952148
114.76999664,1.62746826,1.33835938
114.77999878,1.62978027,1.33717285
114.79000092,1.63213379,1.33596680
114.80000305,1.63453125,1.33473633
114.80999756,1.63696533,1.33348389
114.81999969,1.63944336,1.33220947
114.83000183,1.64196045,1.33091064
114.83999634,1.64451904,1.32959229
114.84999847,1.64711670,1.32824951
114.86000061,1.64975342,1.32688721
114.87000275,1.65243164,1.32550049
114.87999725,1.65514404,1.32409424
114.88999939,1.65789795,1.32266357
114.90000153,1.66068848,1.32121094
114.91000366,1.64152832,1.31973877
114.91999817,1.59531494,1.31824463
114.93000031,1.59818359,1.31672363
114.94000244,1.60108887,1.31518555
114.94999695,1.60402344,1.31362305
114.95999908,1.60699707,1.31203857
114.97000122,1.61000488,1.31043457
114.98000336,1.61304688,1.30880859
114.98999786,1.61612305,1.30715820
115.00000000,1.61923096,1.30548340
115.01000214,1.62237305,1.30378906
115.01999664,1.57641113,1.30207275
115.02999878,1.55730957,1.30033691
115.04000092,1.56051025,1.29857422
115.05000305,1.56374268,1.29679199
115.05999756,1.56700439,1.29498535
115.06999969,1.57029541,1.29315918
115.08000183,1.57361816,1.29130615
115.08999634,1.57696777,1.28943604
115.09999847,1.58034668,1.28754395
115.11000061,1.58375244,1.28562744
115.12000275,1.58718994,1.28368652
115.12999725,1.59065186,1.28172607
115.13999939,1.59414307,1.27974121
115.15000153,1.59765869,1.27773193
115.16000366,1.60120117,1.27570313
115.16999817,1.60476563,1.27365234
115.18000031,1.60835693,1.27157959
115.19000244,1.61197510,1.26948242
115.19999695,1.61561523,1.26736328
115.20999908,1.61928223,1.26521973
115.22000122,1.62297119,1.26305420
115.23000336,1.58870117,1.27570801
115.23999786,1.55818604,1.30421631
115.25000000,1.56190430,1.32868896
115.26000214,1.56564209,1.32647217
115.26999664,1.56939697,1.32423340
115.27999878,1.57318115,1.32197021
115.29000092,1.57698242,1.31968506
115.30000305,1.58080566,1.31737549
115.30999756,1.58464355,1.31504639
115.31999969,1.58850342,1.31269287
115.33000183,1.59238281,1.31031738
115.33999634,1.59307129,1.30792480
115.34999847,1.54662354,1.30550293
115.36000061,1.53145020,1.30305908
115.37000275,1.53536621,1.30059570
115.37999725,1.53929688,1.29811035
115.38999939,1.54324463,1.29560303
115.40000153,1.54720947,1.29307373
115.41000366,1.55119141,1.29052246
115.41999817,1.55518799,1.28794922
115.43000031,1.55920166,1.28535400
115.44000244,1.56323242,1.28273682
115.44999695,1.56727295,1.28010010
115.45999908,1.57132813,1.27743896
115.47000122,1.57540039,1.27475830
115.48000336,1.57948730,1.27205322
115.48999786,1.58358643,1.26933105
115.50000000,1.58769775,1.26658447
115.51000214,1.59182373,1.26381836
115.51999664,1.56652344,1.28256348
115.52999878,1.52691895,1.30822510
115.54000092,1.53094727,1.32871826
115.55000305,1.53509033,1.32590332
115.55999756,1.53923828,1.32306885
115.56999969,1.54340088,1.32020996
115.58000183,1.54757568,1.31733154
115.58999634,1.55175537,1.31443359
115.59999847,1.55594971,1.31151611
115.61000061,1.56015625,1.30857666
115.62000275,1.56437012,1.30561523
115.62999725,1.56859131,1.30263672
115.63999939,1.57113281,1.29963623
115.65000153,1.53481445,1.29661865
115.66000366,1.50759766,1.29357666
115.66999817,1.51182129,1.29052002
115.68000031,1.51605713,1.28744141
115.69000244,1.52029785,1.28434326
115.69999695,1.52454590,1.28122803
115.70999908,1.52880371,1.27809082
115.72000122,1.53306641,1.27493652
115.73000336,1.53733887,1.27176025
115.73999786,1.54161377,1.26856934
115.75000000,1.54589600,1.26535889
115.76000214,1.55018799,1.26212646
115.76999664,1.55447754,1.25888184
115.77999878,1.52237061,1.25561523
115.79000092,1.48920898,1.25232910
115.80000305,1.49327881,1.24902832
115.80999756,1.49756104,1.24571045
115.81999969,1.50185303,1.24237305
115.83000183,1.50614990,1.23901611
115.83999634,1.51044678,1.23564697
115.84999847,1.51475098,1.23225830
115.86000061,1.51906006,1.24944824
115.87000275,1.52336914,1.27411133
115.87999725,1.52767822,1.29630615
115.88999939,1.53199463,1.29287354
115.90000153,1.53631104,1.28942383
115.91000366,1.52535645,1.28595703
115.91999817,1.49440430,1.28247803
115.93000031,1.47484619,1.27897705
115.94000244,1.47914795,1.27546387
115.94999695,1.48344971,1.27193604
115.95999908,1.48775391,1.26838867
115.97000122,1.49206055,1.26482910
115.98000336,1.49636963,1.26125000
115.98999786,1.48685791,1.25766113
116.00000000,1.45706543,1.25405273
116.01000214,1.43469971,1.25043213
116.01999664,1.43898682,1.24679688
116.02999878,1.44327637,1.24314697
116.04000092,1.44756348,1.23947998
116.05000305,1.45185059,1.23580078
116.05999756,1.45613525,1.23210938
116.06999969,1.46041992,1.22840088
116.08000183,1.46470215,1.22468262
116.08999634,1.46898193,1.22095215
116.09999847,1.47326172,1.22950928
116.11000061,1.47753906,1.25426270
116.12000275,1.48181396,1.27900635
116.12999725,1.48281738,1.28066650
116.13999939,1.45464844,1.27688232
116.15000153,1.42660645,1.27308350
116.16000366,1.42406738,1.26927490
116.16999817,1.42831299,1.26545410
116.18000031,1.43255615,1.26162354
116.19000244,1.43679688,1.25777832
116.19999695,1.44103027,1.25392334
116.20999908,1.44526367,1.25005371
116.22000122,1.44949219,1.24617432
116.23000336,1.45371826,1.24228271
116.23999786,1.45793213,1.23838379
116.25000000,1.46214600,1.23447266
116.26000214,1.46635498,1.23054932
116.26999664,1.47055420,1.22662109
116.27999878,1.46507568,1.22267822
116.29000092,1.43825195,1.21872314
116.30000305,1.41153076,1.21476074
116.30999756,1.41235840,1.21079346
116.31999969,1.41652588,1.20681152
116.33000183,1.42068848,1.20281982
116.33999634,1.42483887,1.19882568
116.34999847,1.42898926,1.19481689
116.36000061,1.43312988,1.19080078
116.37000275,1.43726318,1.18677979
116.37999725,1.44138672,1.18275146
116.38999939,1.44550537,1.17871094
116.40000153,1.44961670,1.19554443
116.41000366,1.45372314,1.22120850
116.41999817,1.45781494,1.24153076
116.43000031,1.46143311,1.23746338
116.44000244,1.43561279,1.23338623
116.44999695,1.40986328,1.22930908
116.45999908,1.39912842,1.22521729
116.47000122,1.40318115,1.22112305
116.48000336,1.40722412,1.21702148
116.48999786,1.41125732,1.21291748
116.50000000,1.41528320,1.20880615
116.51000214,1.41929932,1.20468506
116.51999664,1.42330322,1.20056396
116.52999878,1.40102051,1.19643311
116.54000092,1.37570068,1.19229980
116.55000305,1.36030762,1.18816162
116.55999756,1.36427490,1.18402344
116.56999969,1.36823486,1.17987549
116.58000183,1.37218506,1.17572266
116.58999634,1.37612305,1.17156982
116.59999847,1.38005127,1.16740967
116.61000061,1.38396973,1.16324707
116.62000275,1.37055420,1.18489014
116.62999725,1.34555420,1.21177734
116.63999939,1.32076416,1.22563477
116.65000153,1.32464600,1.22145020
116.66000366,1.32851807,1.21726318
116.66999817,1.33237305,1.21307617
116.68000031,1.33621826,1.20888672
116.69000244,1.34005127,1.20469727
116.69999695,1.34386963,1.20050781
116.70999908,1.34385742,1.19631348
116.72000122,1.31906250,1.19211670
116.73000336,1.29426758,1.18791748
116.73999786,1.28424072,1.18372314
116.75000000,1.28801514,1.17952393
116.76000214,1.29177490,1.17532227
116.76999664,1.29552002,1.20038330
116.77999878,1.29925293,1.22851807
116.79000092,1.30297363,1.23744141
116.80000305,1.30668213,1.23322510
116.80999756,1.31037354,1.22901367
116.81999969,1.31405273,1.22479980
116.83000183,1.31771729,1.22058838
116.83999634,1.32136475,1.21637939
116.84999847,1.32500000,1.22729980
116.86000061,1.32862305,1.25625732
116.87000275,1.33222900,1.27834473
116.87999725,1.32539551,1.27412354
116.88999939,1.30077148,1.26990234
116.90000153,1.27610840,1.26568115
116.91000366,1.27200195,1.26146484
116.91999817,1.27555176,1.25725342
116.93000031,1.27908691,1.25304443
116.94000244,1.28260986,1.24883545
116.94999695,1.28611572,1.24463379
116.95999908,1.28960693,1.24042969
116.97000122,1.29308350,1.23623291
116.98000336,1.29654297,1.23204102
116.98999786,1.29998291,1.23339355
117.00000000,1.30341064,1.26404297
117.01000214,1.30682373,1.29379395
117.01999664,1.31021729,1.28959717
117.02999878,1.31359863,1.28540283
117.04000092,1.31695801,1.28121582
117.05000305,1.32024414,1.27703369
117.05999756,1.29551025,1.27286133
117.06999969,1.27068115,1.26868896
117.08000183,1.25609863,1.26452393
117.08999634,1.25939941,1.26037109
117.09999847,1.26268555,1.25621582
117.11000061,1.26595459,1.25207031
117.12000275,1.26920410,1.24793213
117.12999725,1.27243896,1.25246094
117.13999939,1.27565430,1.28530273
117.15000153,1.27885254,1.30951660
117.16000366,1.26048096,1.30538330
117.16999817,1.23529541,1.30125977
117.18000031,1.21447021,1.29714111
117.19000244,1.21762451,1.29303223
117.19999695,1.22076172,1.28893311
117.20999908,1.22387939,1.30181396
117.22000122,1.22698242,1.33626221
117.23000336,1.23006836,1.35041504
117.23999786,1.23313477,1.34632813
117.25000000,1.23618164,1.34224854
117.26000214,1.22795654,1.33818115
117.26999664,1.20219482,1.33412598
117.27999878,1.17626221,1.33007813
117.29000092,1.17464355,1.32604492
117.30000305,1.17763184,1.32201904
117.30999756,1.18060059,1.31801025
117.31999969,1.18355225,1.31401123
117.33000183,1.18648682,1.31002441
117.33999634,1.18939941,1.31120850
117.34999847,1.19229980,1.34847412
117.36000061,1.19517822,1.37148193
117.37000275,1.19803955,1.36751953
117.37999725,1.20087891,1.36357178
117.38999939,1.20370117,1.35963867
117.40000153,1.20650879,1.35571533
117.41000366,1.20929443,1.35180908
117.41999817,1.21206543,1.37950928
117.43000031,1.21481445,1.41715576
117.44000244,1.21754395,1.41326416
117.44999695,1.19506348,1.40939209
117.45999908,1.16763428,1.40553223
117.47000122,1.15264160,1.40168945
117.48000336,1.15532959,1.39786377
117.48999786,1.15799805,1.39405518
117.50000000,1.16064941,1.39026367
117.51000214,1.16327881,1.38649170
117.51999664,1.16589111,1.38273682
117.52999878,1.16848389,1.37900146
117.54000092,1.17105713,1.37528076
117.55000305,1.17361328,1.41654297
117.55999756,1.17614746,1.44058838
117.56999969,1.17866455,1.43689697
117.58000183,1.18116211,1.43322021
117.58999634,1.18363770,1.42956787
117.59999847,1.18609619,1.42593262
117.61000061,1.18853516,1.42231934
117.62000275,1.19095459,1.41872559
117.62999725,1.19335449,1.41515381
117.63999939,1.19573486,1.41160156
117.65000153,1.19809570,1.40807373
117.66000366,1.20043701,1.40456543
117.66999817,1.20275391,1.42534180
117.68000031,1.20505615,1.46991455
117.69000244,1.20733643,1.46644287
117.69999695,1.20959473,1.46299561
117.70999908,1.21183594,1.45956787
117.72000122,1.20474609,1.45616455
117.73000336,1.17338623,1.45278320
117.73999786,1.14633545,1.48508789
117.75000000,1.14852539,1.51817139
117.76000214,1.15069824,1.51483154
117.76999664,1.15284912,1.51152100
117.77999878,1.15498047,1.50822998
117.79000092,1.15709229,1.50496582
117.80000305,1.15918213,1.50172607
117.80999756,1.16125000,1.49851563
117.81999969,1.16329834,1.49532715
117.83000183,1.16532471,1.49216797
117.83999634,1.16733154,1.48903564
117.84999847,1.16931641,1.48592773
117.86000061,1.17128174,1.52110352
117.87000275,1.17322754,1.55149658
117.87999725,1.17514648,1.54844482
117.88999939,1.17704834,1.54541748
117.90000153,1.17892822,1.54241699
117.91000366,1.18078613,1.53944580
117.91999817,1.15368164,1.53650635
117.93000031,1.11676514,1.53359375
117.94000244,1.11473145,1.53071045
117.94999695,1.11653076,1.52785400
117.95999908,1.11830811,1.52503174
117.97000122,1.12006592,1.52223389
117.98000336,1.12179932,1.57729248
117.98999786,1.12351074,1.58809326
118.00000000,1.12520020,1.58536133
118.01000214,1.12686523,1.58265869
118.01999664,1.12851074,1.57999023
118.02999878,1.13013184,1.57735107
118.04000092,1.13173096,1.61491699
118.05000305,1.13330566,1.64336670
118.05999756,1.13485840,1.64079834
118.06999969,1.13638916,1.63826172
118.08000183,1.13789551,1.63575684
118.08999634,1.13937988,1.63328613
118.09999847,1.14083984,1.63084717
118.11000061,1.14227539,1.62844238
118.12000275,1.14368896,1.62607178
118.12999725,1.14507813,1.62373535
118.13999939,1.14644287,1.62143311
118.15000153,1.14778564,1.63385254
118.16000366,1.14910400,1.68785156
118.16999817,1.15039795,1.68562744
118.18000031,1.15166992,1.68343750
118.19000244,1.15291992,1.68128174
118.19999695,1.14168213,1.67916260
118.20999908,1.09139404,1.69244385
118.22000122,1.08573486,1.74580811
118.23000336,1.08691406,1.74376709
118.23999786,1.08806885,1.74176270
118.25000000,1.08920166,1.73978760
118.26000214,1.09031250,1.73784912
118.26999664,1.09140137,1.76354736
118.27999878,1.09246826,1.80473877
118.29000092,1.09351074,1.80288086
118.30000305,1.09453369,1.80105713
118.30999756,1.09553467,1.79926758
118.31999969,1.09651367,1.79751221
118.33000183,1.09747070,1.85051758
118.33999634,1.09840820,1.86465088
118.34999847,1.09932129,1.86297852
118.36000061,1.10021484,1.86134033
118.37000275,1.10108887,1.85973389
118.37999725,1.10194092,1.85816162
118.38999939,1.10277344,1.92708496
118.40000153,1.10358398,1.92556396
118.41000366,1.10437500,1.92407471
118.41999817,1.10514648,1.92262207
118.43000031,1.10589600,1.92119873
118.44000244,1.10662842,1.95519287
118.44999695,1.10733887,1.98882568
118.45999908,1.10802979,1.98748779
118.47000122,1.10870117,1.98618408
118.48000336,1.10935547,1.98491211
118.48999786,1.10998779,1.98367432
118.50000000,1.11060059,1.98247070
118.51000214,1.11119629,1.98129639
118.51999664,1.11177246,1.98015869
118.52999878,1.11232910,1.97905029
118.54000092,1.11286865,1.97797607
118.55000305,1.11338623,1.97693359
118.55999756,1.11388672,1.97592285
118.56999969,1.11437256,1.97494385
118.58000183,1.11483643,1.97399658
118.58999634,1.11528320,1.90289063
118.59999847,1.11571289,1.90201660
118.61000061,1.11612305,1.90117432
118.62000275,1.11651367,1.90036377
118.62999725,1.11688965,1.89958252
118.63999939,1.11724854,1.82869141
118.65000153,1.11758789,1.82798096
118.66000366,1.11791016,1.82729980
118.66999817,1.11821533,1.82664795
118.68000031,1.11850342,1.82602783
118.69000244,1.11877441,1.82543457
118.69999695,1.11903076,1.82487305
118.70999908,1.11926758,1.82433838
118.72000122,1.11948730,1.82383545
118.73000336,1.11968994,1.82335938
118.73999786,1.11987793,1.75284912
118.75000000,1.12004883,1.75243652
118.76000214,1.12020264,1.75205322
118.76999664,1.12033936,1.75169678
118.77999878,1.12046143,1.75136963
118.79000092,1.12056641,1.68102783
118.80000305,1.12065674,1.68076172
118.80999756,1.12072998,1.68052002
118.81999969,1.12078613,1.68030518
118.83000183,1.12082764,1.68011963
118.83999634,1.12085205,1.67995850
118.84999847,1.12086426,1.67982422
118.86000061,1.12085693,1.67971680
118.87000275,1.12083740,1.67963379
118.87999725,1.12080078,1.67957764
118.88999939,1.12074707,1.67954834
118.90000153,1.12068115,1.60953857
118.91000366,1.12059814,1.60956055
118.91999817,1.12050049,1.60960693
118.93000031,1.12038818,1.60968018
118.94000244,1.12025879,1.60977539
118.94999695,1.12011719,1.53989746
118.95999908,1.11995850,1.54004150
118.97000122,1.11978760,1.54020996
118.98000336,1.11959961,1.54040283
118.98999786,1.11939697,1.54062012
119.00000000,1.11917969,1.47085938
119.01000214,1.11894775,1.47112061
119.01999664,1.11870117,1.47140625
119.02999878,1.11843994,1.47171387
119.04000092,1.11816650,1.47204346
119.05000305,1.11787598,1.47239502
119.05999756,1.11757324,1.47276855
119.06999969,1.11725342,1.47316406
119.08000183,1.11692139,1.47358154
119.08999634,1.11657471,1.47401855
119.09999847,1.11621338,1.47447998
119.11000061,1.11583984,1.47496094
119.12000275,1.11545166,1.40543701
119.12999725,1.11504883,1.40595703
119.13999939,1.11463135,1.40649658
119.15000153,1.11419922,1.40705811
119.16000366,1.11375488,1.40763672
119.16999817,1.11329834,1.35294434
119.18000031,1.11282471,1.33880859
119.19000244,1.11233887,1.33944336
119.19999695,1.11184082,1.34009766
119.20999908,1.11132568,1.34077148
119.22000122,1.11079834,1.34146240
119.23000336,1.11025635,1.34217285
119.23999786,1.10970459,1.34290039
119.25000000,1.10913818,1.34364746
119.26000214,1.10855713,1.34441162
119.26999664,1.10796143,1.34519531
119.27999878,1.17745117,1.34599609
119.29000092,1.17683838,1.27671143
119.30000305,1.17620850,1.27754150
119.30999756,1.17556885,1.27838867
119.31999969,1.17491455,1.27925293
119.33000183,1.17424805,1.28013428
119.33999634,1.17356689,1.28103027
119.34999847,1.17287598,1.28194580
119.36000061,1.17217041,1.28287598
119.37000275,1.17145264,1.28382324
119.37999725,1.17072021,1.28478516
119.38999939,1.16997803,1.28576416
119.40000153,1.16922119,1.28675781
119.41000366,1.16845215,1.23472900
119.41999817,1.16767334,1.21860840
119.43000031,1.16687988,1.21964111
119.44000244,1.16607178,1.22069092
119.44999695,1.16525635,1.22175293
119.45999908,1.16442627,1.22283203
119.47000122,1.16358398,1.22392578
119.48000336,1.16272949,1.22503174
119.48999786,1.16186279,1.22615234
119.50000000,1.16098389,1.22729004
119.51000214,1.16009277,1.22843750
119.51999664,1.15918945,1.22960205
119.52999878,1.15827393,1.23077881
119.54000092,1.15734863,1.16169434
119.55000305,1.15641113,1.16289063
119.55999756,1.15546143,1.16409912
119.56999969,1.15450195,1.16532227
119.58000183,1.15352783,1.16655762
119.58999634,1.15254395,1.16780273
119.59999847,1.15154785,1.16906494
119.61000061,1.15053955,1.17033691
119.62000275,1.21985840,1.17162354
119.62999725,1.21883789,1.17291992
119.63999939,1.21780518,1.17422852
119.65000153,1.21676025,1.17554932
119.66000366,1.21570313,1.17688477
119.66999817,1.21463867,1.17822754
119.68000031,1.21356201,1.17958496
119.69000244,1.21247314,1.18095215
119.69999695,1.21137451,1.18232910
119.70999908,1.21026367,1.18371826
119.72000122,1.20914307,1.18511963
119.73000336,1.20801025,1.11610352
119.73999786,1.20687012,1.11751709
119.75000000,1.20571777,1.11894043
119.76000214,1.20455322,1.12037598
119.76999664,1.20338135,1.12181885
119.77999878,1.21394775,1.12327393
119.79000092,1.27147949,1.12473877
119.80000305,1.27028320,1.12621338
119.80999756,1.26907715,1.12769775
119.81999969,1.26786133,1.12919189
119.83000183,1.26663330,1.13069580
119.83999634,1.26539795,1.13220703
119.84999847,1.26415283,1.13372803
119.86000061,1.26289551,1.06596436
119.87000275,1.26162842,1.06625732
119.87999725,1.26035156,1.06779785
119.88999939,1.25906738,1.06934570
119.90000153,1.25777100,1.07090576
119.91000366,1.25646729,1.07247070
119.91999817,1.25515381,1.07404297
119.93000031,1.25383057,1.07562744
119.94000244,1.25249512,1.07721680
119.94999695,1.25115479,1.07881592
119.95999908,1.24980469,1.08041992
119.97000122,1.24844238,1.08203613
119.98000336,1.24707275,1.08365723
119.98999786,1.24569580,1.08528320
120.00000000,1.24430664,1.08692139
120.01000214,1.24291016,1.08856445
120.01999664,1.24150635,1.09021240
120.02999878,1.24009033,1.09187012
120.04000092,1.23866943,1.09353516
120.05000305,1.23723633,1.09520508
120.05999756,1.23579834,1.09687988
120.06999969,1.23435059,1.09856445
120.08000183,1.23289307,1.10025391
120.08999634,1.23143066,1.10194824
120.09999847,1.24305664,1.10364990
120.11000061,1.29919678,1.10535889
120.12000275,1.29771484,1.07433838
120.12999725,1.29622559,1.03805664
120.13999939,1.29472656,1.03977295
120.15000153,1.29322021,1.04149658
120.16000366,1.29170654,1.04322754
120.16999817,1.29018555,1.04496094
120.18000031,1.28865723,1.04669922
120.19000244,1.32295410,1.04844482
120.19999695,1.35635498,1.05019287
120.20999908,1.35480957,1.05194824
120.22000122,1.35325439,1.05370605
120.23000336,1.35169434,1.05546875
120.23999786,1.35012695,1.05723633
120.25000000,1.34854980,1.05900879
120.26000214,1.34696777,1.06078613
120.26999664,1.34538086,1.06256348
120.27999878,1.34378418,1.06434814
120.29000092,1.34218262,1.06613525
120.30000305,1.34057129,1.06792725
120.30999756,1.33895508,1.06972168
120.31999969,1.33733398,1.07151855
120.33000183,1.33570313,1.01292236
120.33999634,1.33406982,1.00426514
120.34999847,1.36809814,1.00606934
120.36000061,1.40164551,1.00787598
120.37000275,1.39999512,1.00968750
120.37999725,1.39833984,1.01149658
120.38999939,1.39667480,1.01331299
120.40000153,1.39500488,1.01513184
120.41000366,1.39333252,1.01695068
120.41999817,1.39165283,1.01877197
120.43000031,1.38996582,1.02059814
120.44000244,1.38827393,1.02242432
120.44999695,1.38657715,1.02425293
120.45999908,1.38487305,1.02608398
120.47000122,1.38316406,1.02791748
120.48000336,1.38145020,1.02975342
120.48999786,1.37973145,1.03158936
120.50000000,1.37800537,1.03342773
120.51000214,1.37627686,1.03526611
120.51999664,1.37454346,1.03710449
120.52999878,1.37280518,1.03894775
120.54000092,1.37106201,1.04078857
120.55000305,1.36931152,1.04263184
120.55999756,1.36755859,1.04447510
120.56999969,1.36580078,1.04632080
120.58000183,1.36404053,1.04816650
120.58999634,1.36227295,1.05001221
120.59999847,1.36050293,1.05185791
120.61000061,1.35872559,1.05370605
120.62000275,1.35694580,1.05555664
120.62999725,1.35516357,1.05740234
120.63999939,1.35337402,1.05925049
120.65000153,1.35158447,1.06109619
120.66000366,1.34979004,1.06294434
120.66999817,1.34799072,1.06479004
120.68000031,1.34618896,1.06663574
120.69000244,1.34438477,1.06848145
120.69999695,1.34257813,1.07032471
120.70999908,1.34076660,1.07217041
120.72000122,1.33895264,1.07401123
120.73000336,1.33713379,1.07585449
120.73999786,1.33531250,1.07769531
120.75000000,1.33348877,1.07953613
120.76000214,1.33166260,1.08137451
120.76999664,1.32983643,1.08321045
120.77999878,1.32800537,1.08504639
120.79000092,1.32617188,1.08687988
120.80000305,1.32433594,1.08871094
120.80999756,1.32249756,1.09054199
120.81999969,1.32065918,1.09236816
120.83000183,1.31881592,1.09419678
120.83999634,1.31697266,1.09601807
120.84999847,1.31512939,1.09783936
120.86000061,1.31327881,1.09966064
120.87000275,1.31143066,1.10147705
120.87999725,1.30958252,1.10329102
120.88999939,1.30772949,1.10510254
120.90000153,1.30587646,1.10691162
120.91000366,1.30402344,1.10871826
120.91999817,1.30216797,1.11052002
120.93000031,1.30031250,1.11231934
120.94000244,1.29845703,1.11411621
120.94999695,1.29659912,1.11590820
120.95999908,1.29474365,1.11769775
120.97000122,1.29288330,1.11948486
120.98000336,1.29102295,1.12126953
120.98999786,1.28916504,1.12304688
121.00000000,1.28730713,1.12482178
121.01000214,1.28544678,1.12659424
121.01999664,1.28358887,1.12835938
121.02999878,1.28173096,1.13012207
121.04000092,1.27987305,1.13188232
121.05000305,1.27801270,1.13363525
121.05999756,1.27615723,1.13538574
121.06999969,1.27429932,1.13713135
121.08000183,1.27244385,1.13887207
121.08999634,1.27059082,1.14060791
121.09999847,1.26873535,1.14233887
121.11000061,1.26688232,1.14406738
121.12000275,1.26502930,1.14578857
121.12999725,1.26318115,1.14750488
121.13999939,1.26133057,1.14921631
121.15000153,1.25948242,1.15092285
121.16000366,1.25763916,1.15262207
121.16999817,1.25579590,1.15431641
121.18000031,1.25395264,1.15600830
121.19000244,1.25211182,1.15769043
121.19999695,1.25027588,1.15937012
121.20999908,1.24843994,1.16104004
121.22000122,1.24660889,1.16270752
121.23000336,1.24477783,1.16436768
121.23999786,1.24295166,1.16602051
121.25000000,1.24112549,1.16766846
121.26000214,1.23930420,1.16930908
121.26999664,1.23748779,1.17094482
121.27999878,1.23567139,1.17257324
121.29000092,1.23385986,1.17419434
121.30000305,1.23204834,1.17581055
121.30999756,1.23024414,1.17741943
121.31999969,1.22844238,1.17902100
121.33000183,1.22664551,1.18061279
121.33999634,1.22485352,1.18219971
121.34999847,1.22306396,1.18378174
121.36000061,1.22127930,1.18535400
121.37000275,1.21949463,1.18692139
121.37999725,1.21771973,1.18847900
121.38999939,1.21594727,1.19002930
121.40000153,1.21417969,1.19157471
121.41000366,1.21241699,1.19311035
121.41999817,1.21065918,1.19463623
121.43000031,1.20890625,1.19615723
121.44000244,1.20715820,1.19766846
121.44999695,1.20541992,1.19917236
121.45999908,1.20368164,1.20066895
121.47000122,1.20195068,1.20215576
121.48000336,1.20022461,1.20363525
121.48999786,1.19850830,1.20510498
121.50000000,1.19679443,1.20656738
121.51000214,1.12440918,1.20802246
121.51999664,1.12271729,1.20946533
121.52999878,1.12103027,1.21090332
121.54000092,1.11935059,1.21233154
121.55000305,1.11767578,1.21375244
121.55999756,1.11601074,1.21516113
121.56999969,1.11435303,1.21656250
121.58000183,1.11270020,1.21795654
121.58999634,1.11105713,1.21933838
121.59999847,1.10942139,1.22071289
121.61000061,1.10779053,1.22207764
121.62000275,1.10616943,1.22343506
121.62999725,1.10455811,1.22478027
121.63999939,1.10295166,1.22611572
121.65000153,1.10135498,1.22744385
121.66000366,1.09976807,1.22876221
121.66999817,1.09818848,1.23007080
121.68000031,1.09661865,1.23136719
121.69000244,1.09505615,1.23265625
121.69999695,1.09350586,1.23393555
121.70999908,1.09196289,1.23520508
121.72000122,1.09042725,1.23646484
121.73000336,1.08890381,1.23771240
121.73999786,1.08739014,1.23895020
121.75000000,1.08588379,1.24018066
121.76000214,1.08438721,1.24140137
121.76999664,1.08290527,1.24260742
121.77999878,1.08143066,1.24380615
121.79000092,1.07996826,1.24499268
121.80000305,1.07851318,1.24616943
121.80999756,1.07707275,1.24733643
121.81999969,1.07563965,1.24849121
121.83000183,1.07421875,1.24963623
121.83999634,1.07281250,1.25076904
121.84999847,1.07141357,1.25189453
121.86000061,1.07002686,1.25300781
121.87000275,1.06864990,1.25411133
121.87999725,1.06728760,1.25520020
121.88999939,1.06593750,1.25627930
121.90000153,1.06459717,1.25734863
121.91000366,1.06327393,1.25840576
121.91999817,1.06195801,1.25945068
121.93000031,1.06065674,1.26048584
121.94000244,0.98903809,1.26150879
121.94999695,0.98777100,1.26252197
121.95999908,0.98651611,1.26352051
121.97000122,0.98527344,1.26450928
121.98000336,0.98404785,1.26548584
121.98999786,0.98283203,1.26645020
122.00000000,0.98163086,1.26740234
122.01000214,0.98044434,1.26834473
122.01999664,0.97927246,1.26927246
122.02999878,0.97811279,1.27018799
122.04000092,0.97696777,1.27109375
122.05000305,0.97583496,1.27198730
122.05999756,0.97472168,1.27286621
122.06999969,0.97361816,1.27373291
122.08000183,0.97253174,1.27458984
122.08999634,0.97145996,1.27543213
122.09999847,0.97040527,1.27626221
122.11000061,0.96936523,1.27707764
122.12000275,0.96833740,1.27788330
122.12999725,0.96732910,1.27867432
122.13999939,0.96633545,1.27945313
122.15000153,0.96535645,1.28021973
122.16000366,0.96439209,1.28097168
122.16999817,0.96344727,1.28171143
122.18000031,0.96251709,1.28243652
122.19000244,0.96160400,1.28314941
122.19999695,0.96070801,1.28384766
122.20999908,0.95982666,1.28453369
122.22000122,0.95896484,1.28520508
122.23000336,0.95812012,1.28586426
122.23999786,0.95729004,1.28650879
122.25000000,0.95647949,1.28714111
122.26000214,0.95568604,1.28775879
122.26999664,0.95490967,1.28836182
122.27999878,0.95415283,1.28895020
122.29000092,0.95341309,1.28952637
122.30000305,0.95269043,1.29008545
122.30999756,0.95198730,1.29063232
122.31999969,0.95130127,1.29116455
122.33000183,0.95063477,1.29168213
122.33999634,0.94999023,1.29218262
122.34999847,0.94936035,1.29267090
122.36000061,0.94875000,1.29314453
122.37000275,0.94816162,1.29360107
122.37999725,0.94759033,1.29404297
122.38999939,0.94703857,1.29447021
122.40000153,0.94650635,1.29488281
122.41000366,0.94599609,1.29528076
122.41999817,0.94550537,1.29566162
122.43000031,0.94503418,1.29602783
122.44000244,0.94458496,1.29637695
122.44999695,0.94415527,1.29670898
122.45999908,0.94374512,1.29702881
122.47000122,0.94335693,1.29733154
122.48000336,0.94298828,1.29761719
122.48999786,0.94264404,1.29788574
122.50000000,0.94231689,1.29813965
122.51000214,0.94201416,1.29837646
122.51999664,0.94173340,1.29859619
122.52999878,0.94147217,1.29880127
122.54000092,0.94123291,1.29898926
122.55000305,0.94101563,1.29916260
122.55999756,0.87081543,1.29931641
122.56999969,0.87063965,1.29945557
122.58000183,0.87048828,1.29957764
122.58999634,0.87035889,1.29968506
122.59999847,0.87024902,1.29977539
122.61000061,0.87016113,1.29984863
122.62000275,0.87009277,1.29990723
122.62999725,0.87004883,1.29994873
122.63999939,0.87002441,1.29997559
122.65000153,0.87001953,1.29998779
122.66000366,0.87003906,1.29998047
122.66999817,0.87007813,1.29996094
122.68000031,0.87013916,1.29992188
122.69000244,0.87022217,1.29986816
122.69999695,0.87032471,1.29979980
122.70999908,0.87044922,1.29971436
122.72000122,0.87059570,1.29961670
122.73000336,0.87076172,1.29949951
122.73999786,0.87094971,1.29937012
122.75000000,0.87115723,1.29922363
122.76000214,0.87138672,1.29906250
122.76999664,0.87163574,1.29888672
122.77999878,0.87190674,1.29869385
122.79000092,0.87219971,1.29848633
122.80000305,0.87251221,1.29826416
122.80999756,0.87284424,1.29802734
122.81999969,0.87319824,1.29777344
122.83000183,0.87357422,1.29750732
122.83999634,0.87396973,1.29722412
122.84999847,0.87438721,1.29692627
122.86000061,0.87482178,1.29661377
122.87000275,0.87528076,1.29628662
122.87999725,0.87575928,1.29594482
122.88999939,0.87625732,1.29558594
122.90000153,0.87677490,1.29521484
122.91000366,0.87731689,1.29482666
122.91999817,0.87787598,1.29442627
122.93000031,0.87845703,1.29400879
122.94000244,0.87906006,1.29357666
122.94999695,0.87968018,1.29313232
122.95999908,0.88032227,1.31409424
122.97000122,0.88098389,1.36229980
122.98000336,0.88166504,1.36181641
122.98999786,0.88236816,1.36131836
123.00000000,0.88309082,1.36080566
123.01000214,0.88383301,1.36028076
123.01999664,0.88459473,1.35974121
123.02999878,0.88537598,1.35918701
123.04000092,0.88617920,1.35861816
123.05000305,0.88699951,1.35803467
123.05999756,0.88784180,1.35743896
123.06999969,0.88870361,1.35682861
123.08000183,0.88958496,1.35620361
123.08999634,0.89048584,1.35556396
123.09999847,0.89140381,1.35491211
123.11000061,0.89234619,1.35424561
123.12000275,0.89330566,1.35356445
123.12999725,0.89428223,1.35286865
123.13999939,0.89528076,1.35216064
123.15000153,0.89630127,1.35143799
123.16000366,0.89733887,1.35070068
123.16999817,0.83215332,1.34995117
123.18000031,0.82919922,1.34918457
123.19000244,0.83028564,1.34840576
123.19999695,0.83138916,1.34761475
123.20999908,0.83251221,1.34680908
123.22000122,0.83365479,1.34598877
123.23000336,0.83481445,1.34515625
123.23999786,0.83599121,1.34430908
123.25000000,0.83718994,1.34344971
123.26000214,0.83840576,1.34257568
123.26999664,0.83963867,1.34168701
123.27999878,0.84089355,1.34078613
123.29000092,0.84216309,1.33987061
123.30000305,0.84345459,1.33894287
123.30999756,0.84476074,1.33800049
123.31999969,0.84608887,1.33704346
123.33000183,0.84743408,1.33607178
123.33999634,0.84879639,1.33508789
123.34999847,0.85017578,1.33409180
123.36000061,0.85157471,1.33308105
123.37000275,0.85299072,1.33205566
123.37999725,0.85442383,1.33101807
123.38999939,0.85587646,1.32996826
123.40000153,0.85734619,1.32890381
123.41000366,0.85883301,1.32782471
123.41999817,0.86033447,1.32673340
123.43000031,0.86185791,1.32562744
123.44000244,0.86339844,1.32450684
123.44999695,0.86495361,1.32337646
123.45999908,0.86652588,1.32222900
123.47000122,0.86811768,1.32106934
123.48000336,0.86972656,1.31989502
123.48999786,0.87135010,1.31871094
123.50000000,0.87299072,1.36225342
123.51000214,0.87465088,1.38697021
123.51999664,0.87632324,1.38575928
123.52999878,0.87801758,1.38453125
123.54000092,0.87500732,1.38329102
123.55000305,0.81071777,1.38203613
123.55999756,0.81244629,1.38076904
123.56999969,0.81418945,1.37948975
123.58000183,0.81594971,1.37819580
123.58999634,0.81772461,1.37688965
123.59999847,0.81951660,1.37556885
123.61000061,0.82132324,1.37423584
123.62000275,0.82314941,1.37288818
123.62999725,0.82498779,1.37153076
123.63999939,0.82684326,1.37015625
123.65000153,0.82871582,1.36876953
123.66000366,0.83060303,1.36736816
123.66999817,0.83250244,1.36595703
123.68000031,0.83442139,1.36453125
123.69000244,0.83635498,1.36309082
123.69999695,0.83830322,1.36164063
123.70999908,0.84026855,1.36017334
123.72000122,0.84224854,1.35869385
123.73000336,0.84424561,1.35720215
123.73999786,0.84625488,1.35569580
123.75000000,0.84827881,1.35417725
123.76000214,0.85031982,1.35264648
123.76999664,0.85237549,1.35110352
123.77999878,0.85444580,1.34954590
123.79000092,0.85652832,1.34797607
123.80000305,0.83530518,1.34639160
123.80999756,0.78959473,1.34479492
123.81999969,0.79170898,1.34318604
123.83000183,0.79383545,1.34156250
123.83999634,0.79597412,1.33993164
123.84999847,0.79812744,1.33828125
123.86000061,0.80029785,1.33662109
123.87000275,0.80248291,1.33494629
123.87999725,0.80467773,1.33326172
123.88999939,0.80688965,1.33156250
123.90000153,0.80911621,1.32985107
123.91000366,0.81135498,1.32812500
123.91999817,0.81360596,1.32638916
123.93000031,0.81587402,1.32463867
123.94000244,0.81815430,1.32287598
123.94999695,0.82044678,1.32110107
123.95999908,0.82275391,1.31931152
123.97000122,0.82507568,1.31750977
123.98000336,0.82740967,1.31569580
123.98999786,0.82975830,1.31387207
124.00000000,0.80407715,1.31203369
124.01000214,0.76300293,1.31709717
124.01999664,0.76537354,1.35751709
124.02999878,0.76775391,1.37796631
124.04000092,0.77014893,1.37609619
124.05000305,0.77255859,1.37421143
124.05999756,0.77497803,1.37231689
124.06999969,0.77741211,1.37041016
124.08000183,0.77986084,1.36848877
124.08999634,0.78231689,1.36655762
124.09999847,0.78478760,1.36461182
124.11000061,0.78727295,1.36265381
124.12000275,0.78976807,1.36068604
124.12999725,0.79227539,1.35870605
124.13999939,0.79479492,1.35671143
124.15000153,0.79732910,1.35470459
124.16000366,0.79987305,1.35268799
124.16999817,0.80242676,1.35065918
124.18000031,0.80499512,1.34861816
124.19000244,0.80757568,1.34656494
124.19999695,0.81016602,1.34449951
124.20999908,0.81276855,1.34242432
124.22000122,0.81538574,1.34033447
124.23000336,0.81801025,1.33823242
124.23999786,0.82064697,1.33612061
124.25000000,0.82329590,1.33399658
124.26000214,0.82236328,1.33185791
124.26999664,0.77681885,1.32971191
124.27999878,0.75934814,1.32755371
124.29000092,0.76202637,1.32538086
124.30000305,0.76471436,1.32319580
124.30999756,0.76741211,1.32100342
124.31999969,0.77011963,1.31879639
124.33000183,0.77284180,1.31657959
124.33999634,0.77557129,1.31434814
124.34999847,0.77831299,1.31210938
124.36000061,0.78106445,1.30985596
124.37000275,0.78382813,1.30759277
124.37999725,0.78659912,1.30531982
124.38999939,0.78937988,1.30303223
124.40000153,0.79217285,1.30073730
124.41000366,0.79497803,1.29842773
124.41999817,0.79779053,1.29610840
124.43000031,0.80061279,1.32319824
124.44000244,0.80344727,1.35754150
124.44999695,0.80628906,1.36133789
124.45999908,0.80914307,1.35899170
124.47000122,0.81200684,1.35663330
124.48000336,0.81488037,1.35426270
124.48999786,0.81776123,1.35188477
124.50000000,0.82065186,1.34949219
124.51000214,0.82355225,1.34709229
124.51999664,0.82646240,1.34468262
124.52999878,0.81597412,1.34225830
124.54000092,0.77556641,1.33982422
124.55000305,0.76282471,1.33738037
124.55999756,0.76575439,1.33492676
124.56999969,0.76869385,1.33246094
124.58000183,0.77164307,1.32998291
124.58999634,0.77459961,1.32749756
124.59999847,0.77756592,1.32500244
124.61000061,0.78054199,1.32249268
124.62000275,0.78352539,1.31997559
124.62999725,0.78651367,1.31744873
124.63999939,0.78951416,1.31490967
124.65000153,0.79252441,1.31236084
124.66000366,0.79554443,1.30980225
124.66999817,0.79856689,1.30723389
124.68000031,0.80160156,1.30465576
124.69000244,0.80464355,1.30206299
124.69999695,0.80769287,1.29946777
124.70999908,0.81075195,1.29685547
124.72000122,0.81381836,1.29423584
124.73000336,0.81689453,1.29160645
124.73999786,0.81997314,1.28896973
124.75000000,0.82306396,1.28632080
124.76000214,0.82615967,1.28366211
124.76999664,0.82926270,1.28099609
124.77999878,0.83237549,1.27831787
124.79000092,0.83549561,1.27562988
124.80000305,0.82927979,1.27293213
124.80999756,0.79251221,1.27022705
124.81999969,0.77205322,1.26751221
124.83000183,0.77518799,1.26478760
124.83999634,0.77832764,1.26205322
124.84999847,0.78147461,1.25931152
124.86000061,0.78463135,1.25655762
124.87000275,0.78779297,1.25379639
124.87999725,0.79095703,1.25102783
124.88999939,0.79413330,1.24824707
124.90000153,0.79731689,1.24545654
124.91000366,0.80050537,1.24265869
124.91999817,0.80369629,1.23985352
124.93000031,0.80689941,1.23703613
124.94000244,0.81010742,1.23421143
124.94999695,0.81331787,1.23137939
124.95999908,0.81653809,1.22853760
124.97000122,0.81976807,1.22568604
124.98000336,0.82300049,1.22282715
124.98999786,0.82623535,1.21996094
125.00000000,0.82947998,1.21708496
125.01000214,0.83273193,1.21419922
125.01999664,0.83598633,1.21130859
125.02999878,0.83924805,1.20840820
125.04000092,0.84251465,1.20549805
125.05000305,0.84578613,1.20258057
125.05999756,0.84906250,1.19965576
125.06999969,0.85234619,1.19672363
125.08000183,0.82330811,1.19378174
125.08999634,0.78927490,1.19083496
125.09999847,0.78900879,1.18787598
125.11000061,0.79230225,1.18498535
125.12000275,0.79560059,1.21533936
125.12999725,0.79890137,1.24557129
125.13999939,0.80220947,1.24923584
125.15000153,0.80552246,1.24625000
125.16000366,0.80884033,1.24325684
125.16999817,0.81216064,1.24025879
125.18000031,0.81548584,1.23725098
125.19000244,0.81881836,1.23423584
125.19999695,0.82215088,1.23121826
125.20999908,0.82549316,1.22818848
125.22000122,0.82883789,1.22515137
125.23000336,0.83218994,1.22210693
125.23999786,0.83553955,1.21905762
125.25000000,0.83889893,1.21599609
125.26000214,0.84226074,1.21293213
125.26999664,0.84562744,1.20986084
125.27999878,0.84899902,1.20677979
125.29000092,0.85237061,1.20369385
125.30000305,0.85574951,1.20060059
125.30999756,0.85912842,1.19750488
125.31999969,0.86251465,1.19439697
125.33000183,0.86590332,1.19128418
125.33999634,0.86929688,1.18816406
125.34999847,0.87269287,1.18503906
125.36000061,0.87609375,1.18190430
125.37000275,0.87949707,1.17876465
125.37999725,0.88290283,1.17562256
125.38999939,0.88631104,1.17247070
125.40000153,0.88972412,1.16931152
125.41000366,0.89314209,1.16614746
125.41999817,0.86977539,1.16297852
125.43000031,0.83790039,1.15980225
125.44000244,0.82983398,1.15661865
125.44999695,0.83324951,1.15343262
125.45999908,0.83667480,1.15023926
125.47000122,0.84009766,1.14703857
125.48000336,0.84352539,1.14383301
125.48999786,0.84695313,1.16087646
125.50000000,0.85039063,1.19030762
125.51000214,0.85382568,1.20781250
125.51999664,0.85726074,1.20459473
125.52999878,0.86070068,1.20136963
125.54000092,0.86414551,1.19813721
125.55000305,0.86759033,1.19489990
125.55999756,0.87103516,1.19166016
125.56999969,0.87448486,1.18841309
125.58000183,0.87793945,1.18515869
125.58999634,0.88138916,1.18190430
125.59999847,0.88484375,1.17864258
125.61000061,0.88830322,1.17537354
125.62000275,0.89176270,1.17209961
125.62999725,0.88695801,1.16882324
125.63999939,0.85605957,1.16554199
125.65000153,0.82842041,1.16225586
125.66000366,0.83188232,1.15896240
125.66999817,0.83533936,1.15566895
125.68000031,0.83880371,1.15236816
125.69000244,0.84226807,1.14906250
125.69999695,0.84573242,1.14575195
125.70999908,0.84919922,1.14243652
125.72000122,0.85266846,1.16333984
125.73000336,0.85614014,1.19254395
125.73999786,0.85960693,1.20625000
125.75000000,0.86308105,1.20292236
125.76000214,0.86655273,1.19959229
125.76999664,0.87002441,1.19626221
125.77999878,0.87350098,1.19292236
125.79000092,0.87697510,1.18957764
125.80000305,0.88045410,1.18623047
125.80999756,0.88392822,1.18288330
125.81999969,0.88740723,1.17952637
125.83000183,0.89088867,1.17616455
125.83999634,0.89436279,1.17280762
125.84999847,0.88023193,1.16944092
125.86000061,0.85008789,1.16606934
125.87000275,0.83096680,1.16269775
125.87999725,0.83444336,1.15932129
125.88999939,0.83791992,1.15594238
125.90000153,0.84139893,1.15255859
125.91000366,0.84487549,1.14917236
125.91999817,0.84835205,1.14578369
125.93000031,0.85183105,1.14239258
125.94000244,0.85531006,1.14423584
125.94999695,0.85878418,1.17341553
125.95999908,0.86226318,1.20262451
125.97000122,0.86574219,1.20266357
125.98000336,0.86922119,1.19925781
125.98999786,0.87269775,1.19585205
126.00000000,0.87617432,1.19244141
126.01000214,0.87965332,1.18902832
126.01999664,0.88312744,1.18561523
126.02999878,0.88660645,1.18219238
126.04000092,0.89008057,1.17877197
126.05000305,0.89355713,1.17534912
126.05999756,0.89702881,1.17192383
126.06999969,0.90050293,1.16849365
126.08000183,0.90397461,1.16506592
126.08999634,0.90744629,1.16163330
126.09999847,0.91091797,1.15819824
126.11000061,0.91438965,1.15476074
126.12000275,0.91785889,1.15132080
126.12999725,0.92096436,1.14788086
126.13999939,0.89138672,1.14443604
126.15000153,0.86183838,1.14099121
126.16000366,0.85782471,1.13754150
126.16999817,0.86128418,1.16177002
126.18000031,0.86474609,1.19118164
126.19000244,0.86820801,1.20109619
126.19999695,0.87166504,1.19764404
126.20999908,0.87512451,1.19418945
126.22000122,0.87857910,1.19073242
126.23000336,0.88203613,1.18727295
126.23999786,0.88548584,1.18381836
126.25000000,0.88893799,1.18035400
126.26000214,0.89239014,1.17689209
126.26999664,0.89583740,1.17343018
126.27999878,0.89928467,1.16996582
126.29000092,0.90272949,1.16649902
126.30000305,0.90617432,1.16302979
126.30999756,0.90961426,1.15956299
126.31999969,0.91305420,1.15609619
126.33000183,0.91649170,1.15262451
126.33999634,0.91992432,1.14915527
126.34999847,0.92335938,1.14568604
126.36000061,0.92679199,1.14221191
126.37000275,0.93021973,1.13873779
126.37999725,0.93364502,1.13526611
126.38999939,0.93707031,1.15725830
126.40000153,0.94049316,1.18705811
126.41000366,0.94391113,1.19872803
126.41999817,0.94732910,1.19525146
126.43000031,0.95074463,1.19177246
126.44000244,0.95415527,1.18829590
126.44999695,0.95756348,1.18481934
126.45999908,0.96096924,1.18134033
126.47000122,0.96437744,1.17785889
126.48000336,0.96777832,1.17437988
126.48999786,0.97117432,1.17090332
126.50000000,0.97457275,1.16742432
126.51000214,0.97796631,1.16394531
126.51999664,0.98135498,1.16047119
126.52999878,0.98474365,1.15699219
126.54000092,0.98812744,1.15351318
126.55000305,0.99151123,1.15003662
126.55999756,0.99488770,1.14656494
126.56999969,0.99826416,1.14309082
126.58000183,1.00164063,1.13961670
126.58999634,1.00500977,1.13614502
126.59999847,1.00837891,1.13267334
126.61000061,1.01174561,1.15972412
126.62000275,1.01510986,1.19003906
126.62999725,1.01846924,1.19608643
126.63999939,1.02182617,1.19261719
126.65000153,1.02518066,1.18915039
126.66000366,1.02853516,1.18568359
126.66999817,1.03188232,1.18222168
126.68000031,1.03523193,1.17875732
126.69000244,1.02906982,1.17530029
126.69999695,0.99966553,1.17184570
126.70999908,0.97146484,1.16838867
126.72000122,0.97480469,1.16493408
126.73000336,0.97814453,1.16148438
126.73999786,0.98147949,1.15803711
126.75000000,0.98481201,1.15459229
126.76000214,0.98814209,1.15114990
126.76999664,0.99146973,1.14770996
126.77999878,0.99479492,1.14427246
126.79000092,0.99811768,1.14083984
126.80000305,1.00143799,1.13740723
126.80999756,1.00475586,1.13398193
126.81999969,1.00806885,1.13560547
126.83000183,1.01138184,1.16627686
126.83999634,1.01468994,1.19693359
126.84999847,1.01800049,1.19404297
126.86000061,1.02130371,1.19062744
126.87000275,1.02460938,1.18721680
126.87999725,1.02790771,1.18381348
126.88999939,1.03120605,1.18041260
126.90000153,1.03450195,1.17701172
126.91000366,1.03779785,1.17361816
126.91999817,1.01465332,1.17023193
126.93000031,0.98475830,1.16684326
126.94000244,0.97395996,1.16346191
126.94999695,0.97724365,1.16008789
126.95999908,0.98052979,1.15671387
126.97000122,0.98381348,1.15334717
126.98000336,0.98709473,1.14998291
126.98999786,0.99037354,1.14662598
127.00000000,0.99364990,1.14327148
127.01000214,0.99692627,1.13992188
127.01999664,1.00019531,1.13658203
127.02999878,1.00346680,1.13324219
127.04000092,1.00673584,1.14109619
127.05000305,1.01000000,1.17184814
127.05999756,1.01326416,1.19693359
127.06999969,1.01652832,1.19361328
127.08000183,1.01979004,1.19029785
127.08999634,1.02304688,1.18699219
127.09999847,1.02630371,1.18368652
127.11000061,1.02956055,1.18038818
127.12000275,1.03281250,1.17709717
127.12999725,1.03606201,1.17381348
127.13999939,1.02447510,1.17053467
127.15000153,0.99404541,1.16726074
127.16000366,0.97214844,1.16399414
127.16999817,0.97539307,1.16073486
127.18000031,0.97863770,1.15748047
127.19000244,0.98188232,1.15423096
127.19999695,0.98512207,1.15099121
127.20999908,0.98835938,1.14775635
127.22000122,0.99159912,1.14452637
127.23000336,0.99483887,1.14130127
127.23999786,0.99807129,1.13808838
127.25000000,1.00130371,1.13488037
127.26000214,1.00453857,1.14060547
127.26999664,1.00776855,1.17098389
127.27999878,1.01099854,1.19896240
127.29000092,1.01422852,1.19578125
127.30000305,1.01745850,1.19260742
127.30999756,1.02068359,1.18944580
127.31999969,1.02390869,1.18629150
127.33000183,1.02713623,1.18314209
127.33999634,1.03035889,1.18000244
127.34999847,1.03358154,1.17686768
127.36000061,1.03680420,1.17374268
127.37000275,1.04002930,1.17062500
127.37999725,1.04324707,1.16751709
127.38999939,1.04646973,1.16441650
127.40000153,1.04969238,1.16132080
127.41000366,1.05291260,1.15823486
127.41999817,1.05613037,1.17379883
127.43000031,1.02968018,1.20351318
127.44000244,0.99855225,1.22275391
127.44999695,0.99206543,1.21970947
127.45999908,0.99528076,1.21667236
127.47000122,0.99849365,1.21364746
127.48000336,1.00170898,1.21062744
127.48999786,1.00492432,1.20761963
127.50000000,1.00813721,1.20462158
127.51000214,1.01135498,1.20162842
127.51999664,1.01457275,1.19864746
127.52999878,1.01779053,1.19567139
127.54000092,1.02101318,1.19270508
127.55000305,1.02423828,1.18974609
127.55999756,1.02746338,1.18679688
127.56999969,1.03069580,1.18385254
127.58000183,1.03393066,1.19725830
127.58999634,1.03716797,1.22579834
127.59999847,1.04041260,1.24891602
127.61000061,1.04366211,1.24601318
127.62000275,1.04691650,1.24311523
127.62999725,1.05017578,1.24022461
127.63999939,1.03642578,1.23734375
127.65000153,1.00505615,1.23446533
127.66000366,0.98607422,1.23159424
127.66999817,0.98934570,1.22873047
127.68000031,0.99262695,1.22587402
127.69000244,0.99592041,1.22302002
127.69999695,0.99921631,1.22017334
127.70999908,1.00252197,1.21733398
127.72000122,1.00583740,1.21449951
127.73000336,1.00916260,1.21166992
127.73999786,1.01249512,1.20884766
127.75000000,1.01584229,1.23398193
127.76000214,1.01919922,1.26066650
127.76999664,1.02256836,1.27450195
127.77999878,1.02594971,1.27171631
127.79000092,0.99781494,1.26893311
127.80000305,0.96662842,1.26615479
127.80999756,0.96198975,1.26338623
127.81999969,0.96540527,1.26061768
127.83000183,0.96883057,1.25785645
127.83999634,0.97227051,1.25727051
127.84999847,0.97572754,1.28269531
127.86000061,0.97919678,1.30790527
127.87000275,0.98268555,1.32116699
127.87999725,0.98618652,1.31845459
127.88999939,0.98970703,1.31574219
127.90000153,0.99324707,1.31303467
127.91000366,0.99680176,1.31033447
127.91999817,1.00037354,1.30763916
127.93000031,0.98070068,1.30494385
127.94000244,0.94991455,1.30225586
127.94999695,0.93667236,1.29957275
127.95999908,0.94029541,1.29689209
127.97000122,0.94394043,1.29421387
127.98000336,0.94760742,1.29154053
127.98999786,0.95129395,1.28887451
128.00000000,0.95500488,1.28620850
128.00999451,0.95873779,1.28354736
128.02000427,0.96250244,1.28119873
128.02999878,0.96628174,1.30360107
128.03999329,0.97008301,1.32572266
128.05000305,0.97392090,1.34762207
128.05999756,0.97778076,1.34523193
128.07000732,0.95389648,1.34263428
128.08000183,0.92383545,1.34003906
128.08999634,0.91446533,1.33745117
128.10000610,0.91840088,1.33486328
128.11000061,0.92235596,1.33228760
128.11999512,0.92634521,1.32971191
128.13000488,0.93036865,1.32713867
128.13999939,0.93441895,1.32457520
128.14999390,0.93849854,1.32201904
128.16000366,0.94261963,1.31945801
128.16999817,0.94677002,1.31690674
128.17999268,0.95095703,1.31435547
128.19000244,0.95518311,1.31180908
128.19999695,0.94762939,1.30927002
128.21000671,0.91840088,1.30673340
128.22000122,0.89233398,1.30978027
128.22999573,0.89664795,1.32817871
128.24000549,0.90100342,1.34628174
128.25000000,0.90539307,1.36406982
128.25999451,0.90982666,1.37013184
128.27000427,0.91430420,1.36769287
128.27999878,0.89799316,1.36526123
128.28999329,0.86968018,1.36283447
128.30000305,0.85171631,1.36041504
128.30999756,0.85629883,1.35800049
128.32000732,0.86093018,1.35559570
128.33000183,0.86560059,1.35319824
128.33999634,0.87032227,1.35081055
128.35000610,0.87510010,1.34842041
128.36000061,0.87992188,1.34604248
128.36999512,0.88479248,1.34367676
128.38000488,0.88972168,1.34131348
128.38999939,0.89469971,1.33895996
128.39999390,0.89973389,1.33661377
128.41000366,0.88025879,1.33427246
128.41999817,0.85325684,1.33194092
128.42999268,0.83779053,1.32961670
128.44000244,0.84297363,1.32729736
128.44999695,0.84820068,1.33295654
128.46000671,0.85349854,1.34639648
128.47000122,0.85885254,1.35953613
128.47999573,0.86427246,1.37238770
128.49000549,0.86976807,1.38497803
128.50000000,0.87531982,1.39176758
128.50999451,0.88094238,1.38963379
128.52000427,0.88664551,1.38750732
128.52999878,0.89241455,1.38539551
128.53999329,0.89825684,1.38329590
128.55000305,0.90418457,1.38120605
128.55999756,0.91018066,1.37913086
128.57000732,0.91626709,1.37706543
128.58000183,0.90604248,1.37501221
128.58999634,0.88078857,1.37297607
128.60000610,0.85579102,1.37094482
128.61000061,0.86175537,1.36893066
128.61999512,0.86810547,1.36692627
128.63000488,0.87455322,1.36493408
128.63999939,0.88108398,1.36295654
128.64999390,0.88770264,1.36098877
128.66000366,0.89442627,1.35903076
128.66999817,0.90123535,1.35708984
128.67999268,0.90814697,1.35516113
128.69000244,0.91516602,1.35324463
128.69999695,0.89822266,1.35134277
128.71000671,0.87453125,1.34944336
128.72000122,0.85526611,1.34755859
128.72999573,0.86251221,1.34568848
128.74000549,0.86987793,1.34584961
128.75000000,0.87734131,1.35384277
128.75999451,0.88491943,1.36163086
128.77000427,0.87052734,1.36922119
128.77999878,0.84805908,1.37660156
128.78999329,0.82589355,1.38379639
128.80000305,0.83312500,1.39081055
128.80999756,0.84107666,1.39764893
128.82000732,0.84916260,1.40431152
128.83000183,0.85736572,1.41078125
128.83999634,0.86569824,1.41002441
128.85000610,0.87417725,1.40851318
128.86000061,0.88277832,1.40702148
128.86999512,0.89151611,1.40553711
128.88000488,0.88394287,1.40406006
128.88999939,0.86299561,1.40259277
128.89999390,0.84234619,1.40113525
128.91000366,0.84177002,1.39968506
128.91999817,0.85096680,1.39824951
128.92999268,0.86031250,1.39681885
128.94000244,0.86983154,1.39539551
128.94999695,0.86014893,1.39398682
128.96000671,0.84041504,1.39258301
128.97000122,0.82099609,1.39118652
128.97999573,0.82107666,1.38980225
128.99000549,0.83110352,1.38840576
129.00000000,0.84129150,1.38701660
129.00999451,0.85165771,1.38870850
129.02000427,0.83954102,1.39320068
129.02999878,0.82103271,1.39756104
129.03999329,0.80279785,1.40180664
129.05000305,0.80402588,1.40594971
129.05999756,0.81495361,1.40997314
129.07000732,0.82609863,1.41389160
129.08000183,0.83743164,1.41769775
129.08999634,0.84897461,1.42139648
129.10000610,0.86074951,1.42499512
129.11000061,0.87272705,1.42849365
129.11999512,0.88493408,1.43189453
129.13000488,0.89739258,1.43520264
129.13999939,0.91007324,1.43841064
129.14999390,0.92299561,1.44153076
129.16000366,0.91130615,1.44454834
129.16999817,0.89455811,1.44748047
129.17999268,0.87806396,1.45032959
129.19000244,0.87982910,1.45310547
129.19999695,0.89352539,1.45579346
129.21000671,0.90751953,1.45647949
129.22000122,0.92176025,1.45559570
129.22999573,0.93629883,1.45471924
129.24000549,0.95114990,1.45382568
129.25000000,0.96400635,1.45293701
129.25999451,0.94838867,1.45205566
129.27000427,0.93299072,1.45116211
129.27999878,0.91785889,1.45026367
129.28999329,0.92673340,1.44936768
129.30000305,0.94288086,1.44844971
129.30999756,0.95934082,1.44753418
129.32000732,0.97617920,1.44659668
129.33000183,0.99335205,1.44566895
129.33999634,1.01090332,1.44472412
129.35000610,1.02885498,1.44377441
129.36000061,1.04718262,1.44280518
129.36999512,1.06590088,1.44182373
129.38000488,1.05191162,1.44082275
129.38999939,1.03796143,1.43980957
129.39999390,1.02424316,1.43879639
129.41000366,1.03285400,1.43775146
129.41999817,1.05291992,1.43669189
129.42999268,1.07345947,1.43561523
129.44000244,1.09450928,1.43450684
129.44999695,1.11600342,1.43337402
129.46000671,1.12151367,1.43222412
129.47000122,1.10857422,1.43105225
129.47999573,1.09586670,1.42985107
129.49000549,1.08743896,1.42862793
129.50000000,1.11056885,1.42738037
129.50999451,1.13426758,1.42610352
129.52000427,1.15858154,1.42478760
129.52999878,1.18346436,1.42344727
129.53999329,1.19301270,1.42346680
129.55000305,1.18111084,1.42441650
129.55999756,1.16944824,1.42531494
129.57000732,1.16054443,1.42617188
129.58000183,1.18746094,1.42697266
129.58999634,1.21507813,1.42773193
129.60000610,1.24344482,1.42844238
129.61000061,1.27251953,1.42911133
129.61999512,1.26743896,1.42973389
129.63000488,1.25662842,1.43031494
129.63999939,1.24605225,1.43085205
129.64999390,1.25677979,1.43134277
129.66000366,1.28845703,1.43178955
129.66999817,1.32098633,1.43220215
129.67999268,1.35441162,1.43257324
129.69000244,1.35562500,1.43290527
129.69999695,1.34574463,1.43319092
129.71000671,1.33605713,1.43343262
129.72000122,1.34609131,1.43364014
129.72999573,1.38271973,1.43381348
129.74000549,1.42049072,1.43395752
129.75000000,1.45933838,1.43406494
129.75999451,1.49936279,1.43414551
129.77000427,1.51502441,1.43419678
129.77999878,1.50601563,1.43421875
129.78999329,1.49720703,1.43421143
129.80000305,1.50340576,1.43417725
129.80999756,1.54767334,1.43411621
129.82000732,1.59344971,1.43403564
129.83000183,1.61638916,1.43393311
129.83999634,1.60810791,1.43381104
129.85000610,1.60000488,1.43367188
129.86000061,1.60739502,1.43351074
129.86999512,1.65838623,1.43333252
129.88000488,1.71125732,1.43313477
129.88999939,1.71961670,1.43292236
129.89999390,1.71207275,1.43269531
129.91000366,1.70469727,1.43245850
129.91999817,1.73835449,1.43220947
129.92999268,1.76486328,1.43194092
129.94000244,1.75785889,1.43166260
129.94999695,1.75104736,1.43137695
129.96000671,1.77169922,1.43108154
129.97000122,1.83711426,1.43077637
129.97999573,1.87871094,1.43046387
129.99000549,1.87227539,1.43014160
130.00000000,1.86602539,1.42980957
130.00999451,1.88474609,1.42947266
130.02000427,1.92698486,1.42913086
130.02999878,1.92110596,1.42878418
130.03999329,1.91539551,1.42843262
130.05000305,1.94318115,1.42807373
130.05999756,1.97691650,1.42771240
130.07000732,1.97157471,1.42734863
130.08000183,1.96641113,1.42698242
130.08999634,2.01493408,1.42661377
130.10000610,2.02853271,1.42624268
130.11000061,2.02374023,1.42587158
130.11999512,2.01910889,1.42549805
130.13000488,2.10474854,1.42512451
130.13999939,2.15344727,1.42475098
130.14999390,2.14909912,1.42437744
130.16000366,2.14490967,1.42400146
130.16999817,2.21868652,1.42362549
130.17999268,2.27942871,1.42325195
130.19000244,2.27554687,1.42287598
130.19999695,2.27183350,1.42250244
130.21000671,2.33924072,1.42212891
130.22000122,2.33576904,1.42175781
130.22999573,2.33245361,1.42138916
130.24000549,2.39157715,1.42102051
130.25000000,2.46768555,1.42065430
130.25999451,2.46471680,1.42028809
130.27000427,2.46190430,1.41992676
130.27999878,2.52977295,1.41956543
130.28999329,2.52722656,1.41920654
130.30000305,2.52483154,1.41884766
130.30999756,2.59297363,1.41849365
130.32000732,2.59084717,1.41813721
130.33000183,2.58887939,1.41778564
130.33999634,2.65732178,1.41743652
130.35000610,2.65562500,1.41708740
130.36000061,2.65408447,1.41674072
130.36999512,2.72285400,1.41639648
130.38000488,2.72159180,1.41605225
130.38999939,2.72048828,1.41570801
130.39999390,2.71953857,1.41536621
130.41000366,2.71874023,1.41502441
130.41999817,2.78813965,1.41468506
130.42999268,2.78762939,1.41434570
130.44000244,2.78726807,1.41400879
130.44999695,2.85707275,1.41367188
130.46000671,2.85700928,1.41333740
130.47000122,2.86478271,1.41300293
130.47999573,2.92733154,1.41266846
130.49000549,2.92771729,1.41233643
130.50000000,2.92825684,1.41200195
130.50999451,2.92894531,1.41166992
130.52000427,2.92978516,1.41133545
130.52999878,3.00000000,1.41100342
130.53999329,3.00000000,1.41066895
130.55000305,3.00000000,1.41033447
130.55999756,3.00000000,1.40999756
130.57000732,3.00000000,1.40965820
130.58000183,3.00000000,1.40931641
130.58999634,3.00000000,1.40897461
130.60000610,3.00000000,1.40862793
130.61000061,3.00000000,1.40828369
130.61999512,3.00000000,1.40793457
130.63000488,3.00000000,1.40758057
130.63999939,3.00000000,1.40722900
130.64999390,3.00000000,1.40687012
130.66000366,3.00000000,1.33612793
130.66999817,3.00000000,1.33572021
130.67999268,3.00000000,1.33530762
130.69000244,3.00000000,1.33488525
130.69999695,3.00000000,1.33445557
130.71000671,3.00000000,1.33401611
130.72000122,3.00000000,1.33356689
130.72999573,3.00000000,1.33311279
130.74000549,3.00000000,1.33264893
130.75000000,3.00000000,1.33217773
130.75999451,3.00000000,1.33169922
130.77000427,3.00000000,1.33121094
130.77999878,3.00000000,1.33071045
130.78999329,3.00000000,1.33020020
130.80000305,3.00000000,1.32968262
130.80999756,3.00000000,1.32915283
130.82000732,3.00000000,1.32861328
130.83000183,3.00000000,1.32806396
130.83999634,3.00000000,1.32750488
130.85000610,3.00000000,1.32693359
130.86000061,3.00000000,1.32635010
130.86999512,3.00000000,1.32575195
130.88000488,3.00000000,1.32514404
130.88999939,3.00000000,1.32452393
130.89999390,3.00000000,1.32389404
130.91000366,3.00000000,1.32325195
130.91999817,3.00000000,1.32260010
130.92999268,3.00000000,1.32192871
130.94000244,3.00000000,1.32124512
130.94999695,3.00000000,1.32054932
130.96000671,3.00000000,1.31984131
130.97000122,3.00000000,1.31911621
130.97999573,3.00000000,1.31838135
130.99000549,3.00000000,1.31762695
131.00000000,3.00000000,1.31685791
131.00999451,3.00000000,1.31607422
131.02000427,3.00000000,1.31527344
131.02999878,3.00000000,1.31445801
131.03999329,3.00000000,1.31362549
131.05000305,3.00000000,1.31277344
131.05999756,3.00000000,1.31190918
131.07000732,3.00000000,1.31102295
131.08000183,3.00000000,1.31012695
131.08999634,3.00000000,1.30920654
131.10000610,3.00000000,1.30827148
131.11000061,3.00000000,1.30731689
131.11999512,3.00000000,1.30634521
131.13000488,3.00000000,1.30534912
131.13999939,3.00000000,1.30434082
131.14999390,3.00000000,1.30330811
131.16000366,3.00000000,1.30225098
131.16999817,3.00000000,1.30116943
131.17999268,3.00000000,1.30007080
131.19000244,3.00000000,1.29894775
131.19999695,3.00000000,1.29780518
131.21000671,3.00000000,1.29663574
131.22000122,3.00000000,1.29544434
131.22999573,3.00000000,1.29423340
131.24000549,3.00000000,1.29299316
131.25000000,3.00000000,1.29173096
131.25999451,3.00000000,1.29044189
131.27000427,3.00000000,1.28912842
131.27999878,3.00000000,1.28778809
131.28999329,3.00000000,1.28641846
131.30000305,3.00000000,1.28501709
131.30999756,3.00000000,1.28359619
131.32000732,3.00000000,1.28214111
131.33000183,3.00000000,1.28065918
131.33999634,3.00000000,1.27914795
131.35000610,3.00000000,1.27759766
131.36000061,3.00000000,1.27601807
131.36999512,3.00000000,1.27439941
131.38000488,3.00000000,1.27274902
131.38999939,3.00000000,1.27105957
131.39999390,3.00000000,1.26934082
131.41000366,3.00000000,1.26758789
131.41999817,3.00000000,1.26580078
131.42999268,3.00000000,1.26397705
131.44000244,3.00000000,1.26210938
131.44999695,3.00000000,1.26020508
131.46000671,3.00000000,1.25825928
131.47000122,3.00000000,1.25627686
131.47999573,3.00000000,1.25424805
131.49000549,3.00000000,1.25217529
131.50000000,3.00000000,1.25006348
131.50999451,3.00000000,1.24790771
131.52000427,3.00000000,1.24570557
131.52999878,3.00000000,1.24345703
131.53999329,3.00000000,1.24116455
131.55000305,3.00000000,1.23881836
131.55999756,3.00000000,1.23643799
131.57000732,3.00000000,1.23400146
131.58000183,3.00000000,1.23152100
131.58999634,3.00000000,1.22898682
131.60000610,3.00000000,1.22640869
131.61000061,3.00000000,1.22377686
131.61999512,3.00000000,1.22109375
131.63000488,3.00000000,1.21836182
131.63999939,3.00000000,1.21557617
131.64999390,3.00000000,1.21274414
131.66000366,3.00000000,1.20985596
131.66999817,3.00000000,1.20690918
131.67999268,3.00000000,1.20390625
131.69000244,3.00000000,1.20084229
131.69999695,3.00000000,1.19773193
131.71000671,3.00000000,1.19456055
131.72000122,3.00000000,1.19133301
131.72999573,3.00000000,1.18804932
131.74000549,3.00000000,1.18468994
131.75000000,3.00000000,1.18128418
131.75999451,3.00000000,1.17780762
131.77000427,3.00000000,1.17426758
131.77999878,3.00000000,1.17067627
131.78999329,3.00000000,1.16702148
131.80000305,3.00000000,1.16328857
131.80999756,3.00000000,1.15949951
131.82000732,3.00000000,1.15563965
131.83000183,3.00000000,1.15172119
131.83999634,3.00000000,1.14772217
131.85000610,3.00000000,1.14364746
131.86000061,3.00000000,1.13950928
131.86999512,3.00000000,1.13530029
131.88000488,3.00000000,1.13101563
131.88999939,3.00000000,1.12664795
131.89999390,3.00000000,1.12220703
131.91000366,3.00000000,1.11768066
131.91999817,3.00000000,1.11308350
131.92999268,3.00000000,1.10841309
131.94000244,3.00000000,1.10365479
131.94999695,2.97697510,1.09881592
131.96000671,2.95252930,1.09389160
131.97000122,2.92850586,1.08888916
131.97999573,2.90485840,1.08380127
131.99000549,2.88155762,1.07861816
132.00000000,2.85865967,1.07334961
132.00999451,2.83611816,1.06799072
132.02000427,2.81389160,1.06613525
132.02999878,2.79204102,1.07056152
132.03999329,2.77052490,1.07493164
132.05000305,2.74932373,1.07923828
132.05999756,2.72848145,1.08348633
132.07000732,2.70792236,1.08768555
132.08000183,2.68770508,1.09182617
132.08999634,2.66780029,1.09592041
132.10000610,2.64816406,1.09997070
132.11000061,2.62885254,1.10396729
132.11999512,2.60984619,1.10790771
132.13000488,2.59109375,1.10307129
132.13999939,2.57265137,1.09697021
132.14999390,2.55447998,1.09075928
132.16000366,2.53656738,1.08444336
132.16999817,2.51894287,1.07802490
132.17999268,2.50158203,1.07148682
132.19000244,2.48444580,1.06482178
132.19999695,2.46760010,1.05806152
132.21000671,2.45097168,1.05160645
132.22000122,2.43460937,1.05544434
132.22999573,2.41850342,1.05923584
132.24000549,2.40260010,1.06299316
132.25000000,2.38695068,1.06670654
132.25999451,2.37152344,1.07038330
132.27000427,2.35631348,1.07402344
132.27999878,2.34134277,1.07762207
132.28999329,2.32659180,1.08117432
132.30000305,2.31202881,1.08470215
132.30999756,2.29770020,1.08819580
132.32000732,2.28356201,1.09165039
132.33000183,2.26964355,1.09507324
132.33999634,2.25592285,1.09846436
132.35000610,2.24238281,1.10182129
132.36000061,2.22905029,1.10514648
132.36999512,2.21591553,1.10843262
132.38000488,2.20294434,1.11170166
132.38999939,2.19018311,1.11492920
132.39999390,2.17760010,1.11812988
132.41000366,2.16517822,1.12131836
132.41999817,2.15295654,1.12446777
132.42999268,2.14090088,1.11972656
132.44000244,2.12900391,1.11106445
132.44999695,2.11729004,1.10223877
132.46000671,2.10572754,1.09324463
132.47000122,2.09434326,1.08408691
132.47999573,2.08312012,1.07477051
132.49000549,2.07203369,1.06525635
132.50000000,2.06111572,1.06647217
132.50999451,2.05035400,1.06960449
132.52000427,2.03971680,1.07271973
132.52999878,2.02925049,1.07580078
132.53999329,2.01892090,1.07885986
132.55000305,2.00872559,1.08189697
132.55999756,1.99868408,1.08491211
132.57000732,1.98876709,1.08790283
132.58000183,1.97899414,1.09086914
132.58999634,1.96935791,1.09380859
132.60000610,1.95983643,1.09673584
132.61000061,1.95046143,1.09963379
132.61999512,1.94120850,1.10251465
132.63000488,1.93207275,1.10537598
132.63999939,1.92306641,1.10821289
132.64999390,1.91418701,1.11103027
132.66000366,1.90541016,1.11383301
132.66999817,1.89676025,1.11660889
132.67999268,1.88823486,1.11936279
132.69000244,1.87980225,1.12210449
132.69999695,1.87149902,1.12399902
132.71000671,1.86329102,1.11194336
132.72000122,1.85520264,1.09969482
132.72999573,1.84721924,1.08719727
132.74000549,1.83933105,1.07445557
132.75000000,1.83155273,1.06147705
132.75999451,1.82387939,1.06274170
132.77000427,1.81629150,1.06547119
132.77999878,1.80881348,1.06817627
132.78999329,1.80143555,1.07086426
132.80000305,1.79413574,1.07353760
132.80999756,1.78694580,1.07618652
132.82000732,1.77983398,1.07882568
132.83000183,1.77282715,1.08144043
132.83999634,1.76590332,1.08403809
132.85000610,1.75906006,1.08662354
132.86000061,1.75231445,1.08918945
132.86999512,1.74565674,1.09173584
132.88000488,1.73906738,1.09427246
132.88999939,1.73257324,1.09678223
132.89999390,1.72615723,1.09928223
132.91000366,1.71981445,1.10176514
132.91999817,1.71355957,1.10423096
132.92999268,1.70738281,1.10667969
132.94000244,1.70126953,1.10911865
132.94999695,1.69524658,1.11153564
132.96000671,1.68928467,1.11394287
132.97000122,1.68340576,1.11633057
132.97999573,1.67760254,1.11870361
132.99000549,1.67185791,1.12106445
133.00000000,1.66619141,1.12340820
133.00999451,1.66059814,1.12573486
133.02000427,1.65506348,1.12804932
133.02999878,1.64960205,1.13034668
133.03999329,1.64421143,1.13262695
133.05000305,1.63887207,1.13490234
133.05999756,1.63360352,1.13716064
133.07000732,1.62839355,1.13940674
133.08000183,1.62325195,1.14163574
133.08999634,1.61817383,1.14385010
133.10000610,1.61314453,1.14605469
133.11000061,1.60818604,1.14823975
133.11999512,1.60328613,1.15041748
133.13000488,1.59843750,1.15257813
133.13999939,1.59364990,1.15472412
133.14999390,1.58891846,1.15686279
133.16000366,1.58423828,1.15898682
133.16999817,1.57961670,1.16109619
133.17999268,1.57505371,1.16319092
133.19000244,1.57053223,1.16527588
133.19999695,1.56607422,1.16734375
133.21000671,1.56165771,1.16940674
133.22000122,1.55729980,1.17144775
133.22999573,1.55299316,1.17348145
133.24000549,1.54872559,1.17550537
133.25000000,1.54451904,1.17751221
133.25999451,1.54035645,1.17950684
133.27000427,1.53623779,1.18149170
133.27999878,1.53217285,1.18346191
133.28999329,1.52814941,1.18542236
133.30000305,1.52416992,1.18737061
133.30999756,1.52024170,1.18930420
133.32000732,1.51634766,1.19123047
133.33000183,1.51250732,1.19313965
133.33999634,1.50870850,1.19504150
133.35000610,1.50494873,1.19692871
133.36000061,1.50123291,1.19880371
133.36999512,1.49755859,1.20067139
133.38000488,1.49392334,1.20252441
133.38999939,1.49033447,1.20436279
133.39999390,1.48678223,1.20619385
133.41000366,1.48326416,1.20801270
133.41999817,1.47979004,1.20981689
133.42999268,1.47635498,1.21161133
133.44000244,1.47295166,1.21340088
133.44999695,1.46959229,1.21517090
133.46000671,1.46626221,1.21693359
133.47000122,1.46297363,1.21868408
133.47999573,1.45972168,1.22042480
133.49000549,1.45649902,1.22215576
133.50000000,1.45332031,1.22386719
133.50999451,1.45017578,1.22557129
133.52000427,1.44705811,1.22726563
133.52999878,1.44397949,1.22894775
133.53999329,1.44093018,1.23062012
133.55000305,1.43791504,1.23228271
133.55999756,1.43493408,1.23393066
133.57000732,1.43198242,1.23557129
133.58000183,1.42906250,1.23720215
133.58999634,1.42617432,1.23881836
133.60000610,1.42331299,1.24042969
133.61000061,1.42048584,1.24202881
133.61999512,1.41769043,1.24361328
133.63000488,1.41492188,1.24519043
133.63999939,1.41218506,1.24675293
133.64999390,1.40947998,1.24830566
133.66000366,1.40679932,1.24985107
133.66999817,1.40414795,1.25138428
133.67999268,1.40152344,1.25290771
133.69000244,1.39892334,1.25442383
133.69999695,1.39635498,1.25592529
133.71000671,1.39381104,1.25742188
133.72000122,1.39129395,1.25890381
133.72999573,1.38880371,1.26037842
133.74000549,1.38633789,1.26184326
133.75000000,1.38389893,1.26329590
133.75999451,1.38148438,1.26474121
133.77000427,1.37909668,1.26617432
133.77999878,1.37673340,1.26759766
133.78999329,1.37439697,1.26900879
133.80000305,1.37207764,1.27041504
133.80999756,1.36979004,1.27180908
133.82000732,1.36751953,1.27319580
133.83000183,1.36527588,1.27457031
133.83999634,1.36305664,1.27593262
133.85000610,1.36085693,1.27729004
133.86000061,1.35868164,1.27863525
133.86999512,1.35653076,1.27997070
133.88000488,1.35439697,1.28129883
133.88999939,1.35229248,1.28261475
133.89999390,1.35020508,1.28392090
133.91000366,1.34813965,1.28521973
133.91999817,1.34609863,1.28650635
133.92999268,1.34407471,1.28778564
133.94000244,1.34206787,1.28906006
133.94999695,1.34008789,1.29031982
133.96000671,1.33812256,1.29157471
133.97000122,1.33618164,1.29281738
133.97999573,1.33426025,1.29405029
133.99000549,1.33235840,1.29527588
134.00000000,1.33047363,1.29649170
134.00999451,1.32861084,1.29770020
134.02000427,1.32676270,1.29890137
134.02999878,1.32493652,1.30009033
134.03999329,1.32312988,1.30127197
134.05000305,1.32133789,1.30244629
134.05999756,1.31956543,1.30361084
134.07000732,1.31781006,1.30476807
134.08000183,1.31607422,1.30591309
134.08999634,1.31435547,1.30705322
134.10000610,1.31265137,1.30818604
134.11000061,1.31096924,1.30930664
134.11999512,1.30930420,1.31041992
134.13000488,1.30765137,1.31152588
134.13999939,1.30601807,1.31262451
134.14999390,1.30439941,1.31371338
134.16000366,1.30279785,1.31479492
134.16999817,1.30121094,1.31586914
134.17999268,1.29964111,1.31693359
134.19000244,1.29808838,1.31799072
134.19999695,1.29655029,1.31904053
134.21000671,1.29502441,1.32008301
134.22000122,1.29351807,1.32111816
134.22999573,1.29202637,1.32214355
134.24000549,1.29054443,1.32316406
134.25000000,1.28908203,1.32417725
134.25999451,1.28763428,1.32518066
134.27000427,1.28619873,1.32617676
134.27999878,1.28477783,1.32716553
134.28999329,1.28337158,1.32814941
134.30000305,1.28197754,1.32912354
134.30999756,1.28060059,1.33009033
134.32000732,1.27923340,1.33104980
134.33000183,1.27788330,1.33200439
134.33999634,1.27654541,1.33294678
134.35000610,1.27522217,1.33388672
134.36000061,1.27391357,1.33481445
134.36999512,1.27261719,1.33573486
134.38000488,1.27133545,1.33665039
134.38999939,1.27006592,1.33755615
134.39999390,1.26881104,1.33845459
134.41000366,1.26756592,1.33934814
134.41999817,1.26633789,1.34022949
134.42999268,1.26512207,1.34110596
134.44000244,1.26391602,1.34197754
134.44999695,1.26272705,1.34283691
134.46000671,1.26154785,1.34369141
134.47000122,1.26038330,1.34453613
134.47999573,1.25923096,1.34537598
134.49000549,1.25809082,1.34620605
134.50000000,1.25696533,1.34702881
134.50999451,1.25585205,1.34784424
134.52000427,1.25474854,1.34865234
134.52999878,1.25365967,1.34945068
134.53999329,1.25258545,1.35024170
134.55000305,1.25152100,1.35102539
134.55999756,1.25046875,1.35180420
134.57000732,1.24942871,1.35257080
134.58000183,1.24840088,1.35333252
134.58999634,1.24738770,1.35408447
134.60000610,1.24638428,1.35482910
134.61000061,1.24539307,1.35556641
134.61999512,1.24441406,1.35629639
134.63000488,1.24344727,1.35701904
134.63999939,1.24249268,1.35773193
134.64999390,1.24154785,1.35843750
134.66000366,1.24061523,1.35913818
134.66999817,1.23969727,1.35982910
134.67999268,1.23878906,1.36051025
134.69000244,1.23789063,1.36118652
134.69999695,1.23700439,1.36185303
134.71000671,1.23613037,1.36251465
134.72000122,1.23526855,1.36316650
134.72999573,1.23441895,1.36381104
134.74000549,1.23357910,1.36444580
134.75000000,1.23274902,1.36507568
134.75999451,1.23193359,1.36569580
134.77000427,1.23112793,1.36630859
134.77999878,1.23033203,1.36691406
134.78999329,1.22955078,1.36751221
134.80000305,1.22877686,1.36810303
134.80999756,1.22801514,1.36868408
134.82000732,1.22726318,1.36925781
134.83000183,1.22652588,1.36982422
134.83999634,1.22579834,1.37038330
134.85000610,1.22507813,1.37093262
134.86000061,1.22437256,1.37147705
134.86999512,1.22367676,1.37201172
134.88000488,1.22299072,1.37253906
134.88999939,1.22231689,1.37305908
134.89999390,1.22165039,1.37357422
134.91000366,1.22099609,1.37407959
134.91999817,1.22035645,1.37457520
134.92999268,1.21972168,1.37506348
134.94000244,1.21909912,1.37554688
134.94999695,1.21848633,1.37602051
134.96000671,1.21788574,1.37648926
134.97000122,1.21729248,1.37694824
134.97999573,1.21671143,1.37739990
134.99000549,1.21614014,1.37784424
135.00000000,1.21557861,1.37827881
135.00999451,1.21502930,1.37870850
135.02000427,1.21448730,1.37912842
135.02999878,1.21395752,1.37954346
135.03999329,1.21343750,1.37994873
135.05000305,1.21292236,1.38034912
135.05999756,1.21242188,1.38073975
135.07000732,1.21193115,1.38112549
135.08000183,1.21145020,1.38150146
135.08999634,1.21097656,1.38187012
135.10000610,1.21051514,1.38223389
135.11000061,1.21006348,1.38258545
135.11999512,1.20961914,1.38293213
135.13000488,1.20918457,1.38327393
135.13999939,1.20876221,1.38360596
135.14999390,1.20834717,1.38393066
135.16000366,1.20794189,1.38424805
135.16999817,1.20754639,1.38455811
135.17999268,1.20715820,1.38486084
135.19000244,1.20678223,1.38515869
135.19999695,1.20641113,1.38544678
135.21000671,1.20605469,1.38572754
135.22000122,1.20570557,1.38600098
135.22999573,1.20536377,1.38626953
135.24000549,1.20503174,1.38652832
135.25000000,1.20470947,1.38678223
135.25999451,1.20439453,1.38702881
135.27000427,1.20409180,1.38726563
135.27999878,1.20379395,1.38749756
135.28999329,1.20350830,1.38772217
135.30000305,1.20322998,1.38793945
135.30999756,1.20296143,1.38815186
135.32000732,1.20270020,1.38835449
135.33000183,1.20244873,1.38855225
135.33999634,1.20220459,1.38874268
135.35000610,1.20197021,1.38892578
135.36000061,1.20174316,1.38910156
135.36999512,1.20152588,1.38927002
135.38000488,1.20131592,1.38943115
135.38999939,1.20111572,1.38958740
135.39999390,1.20092285,1.38973633
135.41000366,1.20073730,1.38988037
135.41999817,1.20056152,1.39001465
135.42999268,1.20039307,1.39014404
135.44000244,1.20023438,1.39026611
135.44999695,1.20008301,1.39038086
135.46000671,1.19993896,1.39049072
135.47000122,1.19980469,1.39059326
135.47999573,1.19967529,1.39068848
135.49000549,1.19955811,1.39077881
135.50000000,1.19944580,1.39086182
135.50999451,1.19934326,1.39093750
135.52000427,1.19924561,1.39100830
135.52999878,1.19915771,1.39107178
135.53999329,1.19907715,1.39112793
135.55000305,1.19900635,1.39117920
135.55999756,1.19894043,1.39122314
135.57000732,1.19888428,1.39126221
135.58000183,1.19883301,1.39129150
135.58999634,1.19879150,1.39131836
135.60000610,1.19875732,1.39133789
135.61000061,1.19873047,1.39135010
135.61999512,1.19870850,1.39135742
135.63000488,1.19869629,1.39135986
135.63999939,1.19869141,1.39135254
135.64999390,1.19869141,1.39134277
135.66000366,1.19870117,1.39132568
135.66999817,1.19871826,1.39130127
135.67999268,1.19874023,1.39127197
135.69000244,1.19877197,1.39123535
135.69999695,1.19880859,1.39119629
135.71000671,1.19885254,1.39114990
135.72000122,1.19890381,1.39109619
135.72999573,1.19896240,1.39103760
135.74000549,1.19902588,1.39097168
135.75000000,1.19909668,1.39090088
135.75999451,1.19917480,1.39082520
135.77000427,1.19926025,1.39074219
135.77999878,1.19935303,1.39065430
135.78999329,1.19944824,1.39056152
135.80000305,1.19955566,1.39046143
135.80999756,1.19966553,1.39035645
135.82000732,1.19978271,1.39024658
135.83000183,1.19990723,1.39013184
135.83999634,1.20003662,1.39000977
135.85000610,1.20017334,1.38988281
135.86000061,1.20031494,1.38975098
135.86999512,1.20046387,1.38961426
135.88000488,1.20061768,1.38947021
135.88999939,1.20077881,1.38932129
135.89999390,1.20094727,1.38916748
135.91000366,1.20112061,1.38900879
135.91999817,1.20129883,1.38884521
135.92999268,1.20148438,1.38867676
135.94000244,1.20167480,1.38850098
135.94999695,1.20187012,1.38832031
135.96000671,1.20207275,1.38813477
135.97000122,1.20228027,1.38794678
135.97999573,1.20249268,1.38775146
135.99000549,1.20271240,1.38755127
136.00000000,1.20293701,1.38734619
136.00999451,1.20316650,1.38713379
136.02000427,1.20340088,1.38691895
136.02999878,1.20364258,1.38669922
136.03999329,1.20388916,1.38647461
136.05000305,1.20414063,1.38624512
136.05999756,1.20439697,1.38601074
136.07000732,1.20465820,1.38577148
136.08000183,1.20492432,1.38552734
136.08999634,1.20519775,1.38527832
136.10000610,1.20547363,1.38502441
136.11000061,1.20575684,1.38476563
136.11999512,1.20604248,1.38450439
136.13000488,1.20633545,1.38423584
136.13999939,1.20663330,1.38396484
136.14999390,1.20693359,1.38368896
136.16000366,1.20723877,1.38340820
136.16999817,1.20755127,1.38312256
136.17999268,1.20786621,1.38283203
136.19000244,1.20818604,1.38253906
136.19999695,1.20850830,1.38224121
136.21000671,1.20884033,1.38193848
136.22000122,1.20917236,1.38163330
136.22999573,1.20950928,1.38132080
136.24000549,1.20985352,1.38100586
136.25000000,1.21019775,1.38068604
136.25999451,1.21054932,1.38036377
136.27000427,1.21090332,1.38003662
136.27999878,1.21126221,1.37970459
136.28999329,1.21162354,1.37937012
136.30000305,1.21199219,1.37903076
136.30999756,1.21236328,1.37868896
136.32000732,1.21273682,1.37833984
136.33000183,1.21311523,1.37799072
136.33999634,1.21349854,1.37763672
136.35000610,1.21388428,1.37727783
136.36000061,1.21427490,1.37691650
136.36999512,1.21466797,1.37655029
136.38000488,1.21506592,1.37617920
136.38999939,1.21546387,1.37580811
136.39999390,1.21586914,1.37543213
136.41000366,1.21627686,1.37505127
136.41999817,1.21668701,1.37466797
136.42999268,1.21710205,1.37427979
136.44000244,1.21752197,1.37388916
136.44999695,1.21794189,1.37349609
136.46000671,1.21836426,1.37310059
136.47000122,1.21879150,1.37269775
136.47999573,1.21922363,1.37229492
136.49000549,1.21965576,1.37188965
136.50000000,1.22009277,1.37147949
136.50999451,1.22052979,1.37106689
136.52000427,1.22097168,1.37065186
136.52999878,1.22141602,1.37023193
136.53999329,1.22186523,1.36981201
136.55000305,1.22231445,1.36938477
136.55999756,1.22276855,1.36895752
136.57000732,1.22322510,1.36852539
136.58000183,1.22368164,1.36809326
136.58999634,1.22414307,1.36765625
136.60000610,1.22460693,1.36721680
136.61000061,1.22507080,1.36677490
136.61999512,1.22554199,1.36633301
136.63000488,1.22601807,1.36589111
136.63999939,1.22649658,1.36544922
136.64999390,1.22697754,1.36500488
136.66000366,1.22745850,1.36455811
136.66999817,1.22794434,1.36410645
136.67999268,1.22843262,1.36365723
136.69000244,1.22892090,1.36320068
136.69999695,1.22941162,1.36274414
136.71000671,1.22990479,1.36228516
136.72000122,1.23040039,1.36182373
136.72999573,1.23089600,1.36136230
136.74000549,1.23139648,1.36089600
136.75000000,1.23189941,1.36042725
136.75999451,1.23239990,1.35995850
136.77000427,1.23290527,1.35948486
136.77999878,1.23341064,1.35901123
136.78999329,1.23391602,1.35853516
136.80000305,1.23442627,1.35805908
136.80999756,1.23493652,1.35757813
136.82000732,1.23544678,1.35709717
136.83000183,1.23595947,1.35661621
136.83999634,1.23647461,1.35613037
136.85000610,1.23698975,1.35564453
136.86000061,1.23750488,1.35515625
136.86999512,1.23802246,1.35466797
136.88000488,1.23854248,1.35417725
136.88999939,1.23906006,1.35368652
136.89999390,1.23958008,1.35319092
136.91000366,1.24010254,1.35269775
136.91999817,1.24062256,1.35220215
136.92999268,1.24114502,1.35170410
136.94000244,1.24166992,1.35120361
136.94999695,1.24219482,1.35070557
136.96000671,1.24271973,1.35020264
136.97000122,1.24324463,1.34970215
136.97999573,1.24376953,1.34919922
136.99000549,1.24429688,1.34869385
137.00000000,1.24482422,1.34818848
137.00999451,1.24535156,1.34768311
137.02000427,1.24587891,1.34717773
137.02999878,1.24640625,1.34666992
137.03999329,1.24693359,1.34616211
137.05000305,1.24746338,1.34565186
137.05999756,1.24799072,1.34514160
137.07000732,1.24852051,1.34463135
137.08000183,1.24904785,1.34412109
137.08999634,1.24957764,1.34361084
137.10000610,1.25010742,1.34309814
137.11000061,1.25063477,1.34258545
137.11999512,1.25116211,1.34207275
137.13000488,1.25169189,1.34156006
137.13999939,1.25221924,1.34104492
137.14999390,1.25274658,1.34053223
137.16000366,1.25327637,1.34001709
137.16999817,1.25380127,1.33950439
137.17999268,1.25432861,1.33899170
137.19000244,1.25485352,1.33847656
137.19999695,1.25538086,1.33796143
137.21000671,1.25590576,1.33744629
137.22000122,1.25643066,1.33693359
137.22999573,1.25695313,1.33642090
137.24000549,1.25747803,1.33590576
137.25000000,1.25799805,1.33539307
137.25999451,1.25852051,1.33488037
137.27000427,1.25904297,1.33436523
137.27999878,1.25956299,1.33385254
137.28999329,1.26008057,1.33334229
137.30000305,1.26059814,1.33282959
137.30999756,1.26111572,1.33231934
137.32000732,1.26163330,1.33180908
137.33000183,1.26214600,1.33129883
137.33999634,1.26266113,1.33078857
137.35000610,1.26317383,1.33028076
137.36000061,1.26368408,1.32977295
137.36999512,1.26419189,1.32926758
137.38000488,1.26469971,1.32876221
137.38999939,1.26520752,1.32825684
137.39999390,1.26571045,1.32775391
137.41000366,1.26621338,1.32725342
137.41999817,1.26671631,1.32675049
137.42999268,1.26721680,1.32625000
137.44000244,1.26771484,1.32575195
137.44999695,1.26821289,1.32525391
137.46000671,1.26870850,1.32475830
137.47000122,1.26920166,1.32426025
137.47999573,1.26969238,1.32376709
137.49000549,1.27018311,1.32327393
137.50000000,1.27067139,1.32278320
137.50999451,1.27115967,1.32229248
137.52000427,1.27164307,1.32180420
137.52999878,1.27212402,1.32131836
137.53999329,1.27260498,1.32083496
137.55000305,1.27308350,1.32035156
137.55999756,1.27355957,1.31987061
137.57000732,1.27403320,1.31938965
137.58000183,1.27450195,1.31891357
137.58999634,1.27497070,1.31843750
137.60000610,1.27543701,1.31796631
137.61000061,1.27590088,1.31749512
