-1.75826657,0.73641968
-1.74819434,0.73642093
-1.73812258,0.73641986
-1.72805083,0.73642015
-1.71797943,0.73641944
-1.70654857,0.74891949
-1.69647658,0.74892026
-1.68640482,0.74892122
-1.67633355,0.74892008
-1.66626215,0.74892032
-1.65619123,0.74892104
-1.64612067,0.74891949
-1.63605022,0.74892086
-1.62598014,0.74892020
-1.61591029,0.74892110
-1.60584092,0.74892014
-1.59440422,0.76141942
-1.58433461,0.76142055
-1.57426560,0.76142091
-1.56419683,0.76142067
-1.55412853,0.76141977
-1.54269028,0.77392036
-1.53262222,0.77392060
-1.52255464,0.77392042
-1.51248729,0.77392083
-1.50242066,0.77392083
-1.49098194,0.78642094
-1.48091590,0.78641993
-1.47085011,0.78642094
-1.46078503,0.78642029
-1.45072043,0.78641939
-1.43928254,0.79891980
-1.42921865,0.79892057
-1.41778147,0.81142032
-1.40909255,0.79892015
-1.39903033,0.79892021
-1.38896859,0.79892129
-1.37753344,0.81142008
-1.36747277,0.81142074
-1.35741305,0.81142020
-1.34735382,0.81141949
-1.33729506,0.81142110
-1.32586324,0.82392073
-1.31580615,0.82391989
-1.30574954,0.82392031
-1.29569376,0.82392073
-1.28563869,0.82392007
-1.27421129,0.83641988
-1.26415801,0.83641940
-1.25273275,0.84891957
-1.24268126,0.84891951
-1.23263037,0.84891957
-1.22258031,0.84892106
-1.21253121,0.84892040
-1.20111227,0.86141962
-1.19106531,0.86141962
-1.18101895,0.86142111
-1.17097366,0.86142057
-1.15956056,0.87392020
-1.14951766,0.87392050
-1.13947558,0.87392008
-1.12806749,0.88642001
-1.11802804,0.88641948
-1.10798967,0.88641936
-1.09931707,0.87391961
-1.08791554,0.88641959
-1.07788002,0.88642001
-1.06784558,0.88641983
-1.05645013,0.89892083
-1.04641867,0.89891964
-1.03638804,0.89892042
-1.02635872,0.89891946
-1.01497197,0.91142017
-1.00494552,0.91142088
-0.99492031,0.91141999
-0.98354089,0.92392111
-0.97351915,0.92391962
-0.96349829,0.92392021
-0.95347881,0.92392051
-0.94210947,0.93641979
-0.93209350,0.93641973
-0.92207867,0.93642068
-0.91071779,0.94891983
-0.90070677,0.94892055
-0.89204204,0.93642133
-0.88203245,0.93642050
-0.87202400,0.93642074
-0.86067599,0.94892007
-0.85067153,0.94892043
-0.83933032,0.96142018
-0.82932997,0.96142066
-0.81933105,0.96142000
-0.80933362,0.96141952
-0.79933751,0.96142030
-0.78801203,0.97392017
-0.77802038,0.97392017
-0.76670253,0.98641962
-0.75671536,0.98642027
-0.74540532,0.99892074
-0.73542303,0.99891955
-0.72544211,0.99891996
-0.71546400,0.99891961
-0.70548743,0.99892074
-0.69419718,1.01142037
-0.68422610,1.01142013
-0.67294514,1.02392006
-0.66297948,1.02391970
-0.65301538,1.02391994
-0.64305317,1.02392042
-0.63309270,1.02392042
-0.62183237,1.03642058
-0.61317718,1.02391970
-0.60322183,1.02392018
-0.59197301,1.03642035
-0.58202338,1.03641999
-0.57207537,1.03642035
-0.56212920,1.03642011
-0.55089825,1.04891920
-0.54095745,1.04892075
-0.53101832,1.04892051
-0.51980144,1.06142068
-0.50986820,1.06141996
-0.49993661,1.06142008
-0.49000657,1.06141984
-0.48007804,1.06142056
-0.46888402,1.07391918
-0.45896125,1.07392073
-0.44777766,1.08642066
-0.43786067,1.08642077
-0.42794541,1.08641958
-0.41803163,1.08641934
-0.40811926,1.08642018
-0.39695904,1.09891963
-0.38818884,1.08752680
-0.37839150,1.08642077
-0.36848527,1.08642006
-0.35858056,1.08642054
-0.34744126,1.09891975
-0.33754209,1.09892035
-0.32641375,1.11142039
-0.31652027,1.11142027
-0.30662817,1.11142027
-0.29673746,1.11142015
-0.28684813,1.11142027
-0.27574342,1.12392008
-0.26585957,1.12392080
-0.25597706,1.12392056
-0.24609587,1.12392044
-0.23621596,1.12392056
-0.22513528,1.13641942
-0.21526067,1.13642037
-0.20538737,1.13642049
-0.19551530,1.13642085
-0.18564445,1.13642037
-0.17458722,1.14892137
-0.16472179,1.14891946
-0.15485723,1.14892054
-0.14499384,1.14891946
-0.13513151,1.14892018
-0.12409791,1.16142035
-0.11424079,1.16141987
-0.10438464,1.16141999
-0.09336627,1.17392027
-0.08351514,1.17392063
-0.07366502,1.17392027
-0.06496981,1.16141999
-0.05511831,1.16142070
-0.04411997,1.17392075
-0.03427339,1.17392063
-0.02442743,1.17392123
-0.01458254,1.17392015
-0.01470195,1.06422496
-0.00734961,1.03642058
0.00252747,1.03641999
0.01240398,1.03642023
0.02227984,1.03642011
0.03215516,1.03642094
0.04202979,1.03642023
0.05190391,1.03642035
0.06177750,1.03642023
0.07165054,1.03641999
0.08152307,1.03641939
0.09139547,1.03642106
0.10126695,1.03642023
0.11113799,1.03641927
0.12100886,1.03642046
0.13087921,1.03642046
0.14074925,1.03642035
0.15061893,1.03642023
0.16048832,1.03641999
0.17035744,1.03641987
0.18022633,1.03641963
0.19009510,1.03642082
0.19889711,1.02391970
0.20876849,1.02391958
0.21863972,1.02392066
0.22956768,1.03641999
0.23838165,1.02392089
0.24825253,1.02392125
0.22836724,0.66890687
0.23351231,0.61131060
0.24245229,0.59892064
0.25242722,0.59891951
0.26144466,0.58736277
0.26721478,0.53641981
0.27720425,0.53641969
0.28719357,0.53642112
0.29451323,0.50381225
0.30411056,0.49892023
0.31410816,0.49891931
0.32243338,0.47831124
0.33208010,0.47392029
0.34208292,0.47391927
0.35034779,0.45230967
0.36008334,0.44892082
0.37009126,0.44891948
0.37910250,0.43641987
0.38911289,0.43642062
0.39912283,0.43642002
0.40814477,0.42392033
0.41815707,0.42392036
0.42816913,0.42392015
0.43622255,0.39892054
0.44623983,0.39891928
0.45528328,0.38642013
0.46433195,0.37392011
0.47435409,0.37392089
0.48437580,0.37391996
0.49439725,0.37391976
0.50441849,0.37392023
0.51348215,0.36142007
0.52350551,0.36142033
0.53352863,0.36142114
0.54260212,0.34892058
0.55262727,0.34891975
0.56222367,0.34324703
0.57173538,0.33642054
0.58176237,0.33642069
0.59085268,0.32391953
0.60088140,0.32392010
0.61090982,0.32391965
0.62093800,0.32392064
0.63096595,0.32392061
0.64065516,0.31934330
0.65009910,0.31141931
0.66012859,0.31141934
0.66924071,0.29892123
0.67927176,0.29892102
0.68930262,0.29892075
0.69933319,0.29892036
0.70936328,0.29891983
0.71810693,0.28116903
0.72761559,0.27391988
0.73764926,0.27391958
0.74768251,0.27392021
0.75771534,0.27392045
0.76774800,0.27392030
0.77778041,0.27392095
0.78781241,0.27391994
0.79695475,0.26142070
0.80698812,0.26142088
0.81702095,0.26142058
0.82705349,0.26142082
0.83708596,0.26142037
0.84685123,0.25763100
0.85627145,0.24892013
0.86630452,0.24892102
0.87633705,0.24891989
0.88636935,0.24892032
0.89640135,0.24891987
0.90643305,0.24892092
0.91646427,0.24891980
0.92649519,0.24892007
0.93652582,0.24892050
0.94655621,0.24891989
0.95658624,0.24892053
0.96661597,0.24892001
0.97578561,0.23641972
0.98581606,0.23642032
0.99584609,0.23642084
1.00587595,0.23642123
1.01590514,0.23642029
1.02593410,0.23642033
1.03596270,0.23642018
1.04599106,0.23641977
1.05601907,0.23642024
1.06519759,0.22391990
1.07522595,0.22391960
1.08525407,0.22392006
1.09528172,0.22392009
1.10530913,0.22392084
1.11533606,0.22392103
1.12536275,0.22391939
1.13538933,0.22392085
1.14541531,0.22392039
1.15544105,0.22392046
1.16546643,0.22391978
1.17549145,0.22391957
1.18551636,0.22391973
1.19554079,0.22392026
1.20472491,0.21142001
1.21474934,0.21141991
1.22477329,0.21142001
1.23479700,0.21142036
1.24482048,0.21142086
1.25484335,0.21142033
1.26486611,0.21142103
1.27488852,0.21142060
1.28407145,0.19892019
1.29409325,0.19891974
1.30411470,0.19892041
1.31413579,0.19892098
1.32415664,0.19892021
1.33417714,0.19891921
1.34419739,0.19892043
1.35421729,0.19892018
1.36423695,0.19892085
1.37425637,0.19891995
1.38343334,0.18642008
1.39345169,0.18642087
1.40346980,0.18642120
1.41348755,0.18642098
1.42350495,0.18642023
1.43352222,0.18642133
1.44353890,0.18641941
1.45440280,0.19891988
1.46442020,0.19892015
1.47443736,0.19891970
1.48445451,0.19892091
1.49447119,0.19892007
1.50533986,0.21141991
1.51535761,0.21141969
1.52537525,0.21142094
1.53539288,0.21142121
1.54541039,0.21142046
1.55714309,0.23641968
1.56716335,0.23642021
1.57890403,0.26142031
1.58892727,0.26142076
1.59722400,0.23642096
1.60724425,0.23642038
1.61726463,0.23642088
1.62554967,0.21142042
1.63556695,0.21142088
1.64558423,0.21141991
1.65472925,0.19891979
1.66474485,0.19891967
1.67388475,0.18642057
1.68389869,0.18642108
1.69391251,0.18642123
1.70304513,0.17392024
1.71305704,0.17391959
1.72306907,0.17391971
1.73219442,0.16142136
1.74220455,0.16142042
1.75221479,0.16142134
1.76133180,0.14892046
1.77133965,0.14892013
1.78134763,0.14892033
1.79135561,0.14891970
1.80046225,0.13642018
1.81046796,0.13642047
1.82047367,0.13641992
1.83047974,0.13641959
1.84048533,0.13642076
1.85049093,0.13641970
1.86049664,0.13642000
1.87050235,0.13642044
1.88050818,0.13641976
1.89051414,0.13642034
1.90051985,0.13642095
1.91052568,0.13641907
1.92053163,0.13641958
1.93053758,0.13641998
1.94054377,0.13642022
1.95054984,0.13642026
1.96055615,0.13642010
1.97056246,0.13641967
1.98056889,0.13642016
1.99057555,0.13642028
2.00058246,0.13642003
2.01058936,0.13642058
2.02059650,0.13642068
2.03060365,0.13642025
2.04061103,0.13642052
2.05061841,0.13642022
2.06062603,0.13642050
2.06966448,0.12391983
2.07967019,0.12392018
2.08967543,0.12392104
2.09968090,0.12391991
2.10968661,0.12391917
2.11969280,0.12392128
2.12969875,0.12392002
2.13950825,0.12143052
2.14871979,0.11141982
2.15872383,0.11142077
2.16872787,0.11141945
2.17873240,0.11141949
2.18873739,0.11142083
2.19874239,0.11141980
2.20874786,0.11141996
2.21875310,0.11142017
2.22875929,0.11142030
2.23876500,0.11141910
2.24877167,0.11142018
2.25877810,0.11142111
2.26878548,0.11142057
2.27879238,0.11141983
2.28880024,0.11142117
2.29880810,0.11142099
2.30881643,0.11142041
2.31778049,0.09892028
2.32778692,0.09892031
2.33779263,0.09891991
2.34779978,0.09892137
2.35780597,0.09892001
2.36781359,0.09892058
2.37782073,0.09891957
2.38782907,0.09892054
2.39783692,0.09891998
2.40784597,0.09892026
2.41785479,0.09892026
2.42786431,0.09891994
2.43787432,0.09892061
2.44718075,0.09081433
2.45680666,0.08642096
2.46681404,0.08642007
2.47682285,0.08642020
2.48573256,0.07392082
2.49573874,0.07392100
2.50574517,0.07391991
2.51575255,0.07392117
2.52575946,0.07392001
2.53576779,0.07392122
2.54577613,0.07392007
2.55578518,0.07392015
2.56579423,0.07392035
2.57580423,0.07392064
2.58581448,0.07391983
2.59582496,0.07391919
2.60583639,0.07391995
2.61584830,0.07391968
2.62586045,0.07391970
2.63587332,0.07391989
2.64588642,0.07392044
2.65590024,0.07392004
2.66591430,0.07392001
2.67592955,0.07392026
2.68478084,0.06142014
2.69479346,0.06142030
2.70480728,0.06142088
2.71482086,0.06141955
2.72483540,0.06141989
2.73485041,0.06141957
2.74486613,0.06142094
2.75488162,0.06142054
2.76489878,0.06142062
2.77491570,0.06142017
2.78493404,0.06142030
2.79495215,0.06141996
2.80497098,0.06142028
2.81499052,0.06142012
2.82501078,0.06142067
2.83503151,0.06142080
2.84505320,0.06142044
2.85501337,0.06078922
2.86387730,0.04892074
2.87389708,0.04891964
2.88391829,0.04891938
2.89393902,0.04892014
2.90396118,0.04892058
2.91398335,0.04892085
2.92400622,0.04891961
2.93403006,0.04891944
2.94405484,0.04892024
2.95407987,0.04891972
2.96410537,0.04892033
2.97413182,0.04892081
2.98415804,0.04892011
2.99418592,0.04892050
3.00421357,0.04891973
3.01424217,0.04892014
3.02427101,0.04891945
3.03430128,0.04892115
3.04433155,0.04892061
3.05436277,0.04892135
3.06439376,0.04891983
3.07442641,0.04891970
3.08445907,0.04892099
3.09449244,0.04892002
3.10452604,0.04891938
3.11327076,0.03642065
3.12330341,0.03642079
3.13333702,0.03642001
3.14337087,0.03642084
3.15210557,0.02391984
3.16213822,0.02392050
3.17217183,0.02392028
3.18220615,0.02392057
3.19224119,0.02392008
3.20227647,0.02392012
3.21231174,0.02391951
3.22234869,0.02391943
3.23238564,0.02391995
3.24242377,0.02391977
3.25246167,0.02392033
3.26250124,0.02392026
3.27254033,0.02392096
3.28258085,0.02392107
3.29262137,0.02391955
3.30266309,0.02392115
3.31270480,0.02392120
3.32274747,0.02391952
3.33279061,0.02391999
3.34160280,0.01244298
3.35153556,0.01142099
3.36157894,0.01141939
3.37162232,0.01142001
3.38166690,0.01142033
3.39171124,0.01141930
3.40175676,0.01142045
3.41180253,0.01142023
3.42184901,0.01142107
3.43189573,0.01142067
3.44194317,0.01142010
3.45199108,0.01142070
3.46203923,0.01142006
3.47208858,0.01142062
3.48213792,0.01141999
3.49218798,0.01142057
3.50223827,0.01142010
3.51228929,0.01141965
3.52097082,-0.00108026
3.53102136,-0.00107905
3.54107213,-0.00108007
3.54975033,-0.01358015
3.55980086,-0.01357936
3.56985188,-0.01357958
3.57990336,-0.01357950
3.58995581,-0.01358037
3.60000801,-0.01357962
3.61006117,-0.01357979
3.62011433,-0.01357951
3.63016820,-0.01358008
3.64022207,-0.01357896
3.65027690,-0.01357983
3.66033173,-0.01358018
3.67038751,-0.01357883
3.68044305,-0.01357932
3.69049907,-0.01358048
3.70055604,-0.01357986
3.71061301,-0.01357979
3.72067046,-0.01358031
3.73072791,-0.01358011
3.73939633,-0.02607909
3.74945402,-0.02607981
3.75951266,-0.02607986
3.76957083,-0.02608022
3.77962995,-0.02607984
3.78968883,-0.02607976
3.79974866,-0.02607889
3.80980825,-0.02607951
3.81986880,-0.02607926
3.82992935,-0.02607926
3.83999062,-0.02607956
3.84865808,-0.03857947
3.85871959,-0.03858013
3.86878133,-0.03857969
3.87884378,-0.03857946
3.88890576,-0.03858049
3.89896870,-0.03857924
3.90903139,-0.03858042
3.91909504,-0.03858046
3.92915821,-0.03857920
3.93922210,-0.03857924
3.94928646,-0.03858041
3.95935082,-0.03857905
3.96941519,-0.03858004
3.97947979,-0.03857962
3.98954463,-0.03858030
3.99960971,-0.03857953
4.00967550,-0.03857985
4.01974058,-0.03857981
4.02980661,-0.03857960
4.03987217,-0.03857903
4.04993868,-0.03857936
4.06000376,-0.03857930
4.06868696,-0.05107946
4.07875395,-0.05107990
4.08882189,-0.05108001
4.09888935,-0.05107963
4.10895729,-0.05107999
4.11902475,-0.05107977
4.12909317,-0.05108028
4.13916111,-0.05108016
4.14922905,-0.05107946
4.15929747,-0.05107934
4.16936636,-0.05107985
4.17943430,-0.05107959
4.18950272,-0.05107985
4.19820499,-0.06357946
4.20827532,-0.06357959
4.21834564,-0.06357902
4.22841597,-0.06357995
4.23848629,-0.06357887
4.24855614,-0.06357927
4.25862646,-0.06358007
4.26869678,-0.06357870
4.27876711,-0.06358001
4.28883696,-0.06357907
4.29890728,-0.06357959
4.30897713,-0.06358025
4.31904745,-0.06357866
4.32911682,-0.06357951
4.33918667,-0.06358054
4.34925604,-0.06357910
4.35932589,-0.06358017
4.36939478,-0.06358002
4.37946463,-0.06357985
4.38953304,-0.06357955
4.39960146,-0.06357922
4.40967035,-0.06357872
4.41973829,-0.06357934
4.42980576,-0.06357967
4.43947649,-0.06737634
4.44863844,-0.07607926
4.45870829,-0.07607926
4.46818113,-0.08183794
4.47755575,-0.08858009
4.48762941,-0.08857960
4.49770164,-0.08857988
4.50777483,-0.08857976
4.51784754,-0.08857920
4.52791977,-0.08857943
4.53799105,-0.08857910
4.54806280,-0.08857957
4.55813408,-0.08857938
4.56820536,-0.08857995
4.57827568,-0.08857982
4.58834648,-0.08857913
4.59841633,-0.08857891
4.60848570,-0.08857925
4.61855507,-0.08857885
4.62862349,-0.08857895
4.63869143,-0.08857944
4.64875937,-0.08857916
4.65808249,-0.09622253
4.66768217,-0.10108072
4.67775249,-0.10108040
4.68782425,-0.10107896
4.69789457,-0.10107987
4.70796394,-0.10108059
4.71803379,-0.10107987
4.72810268,-0.10107998
4.73817110,-0.10107968
4.74823856,-0.10107995
4.75830603,-0.10108087
4.76837254,-0.10107975
4.77843857,-0.10107899
4.78850365,-0.10107966
4.79856873,-0.10107934
4.80863333,-0.10107905
4.81869698,-0.10107989
4.82875919,-0.10107931
4.83882189,-0.10107975
4.84888363,-0.10107979
4.85894442,-0.10108062
4.86900425,-0.10108080
4.87906361,-0.10107914
4.88804007,-0.11357999
4.89810514,-0.11357973
4.90816879,-0.11357967
4.91823244,-0.11357979
4.92724085,-0.12607953
4.93731070,-0.12607902
4.94737911,-0.12607959
4.95744705,-0.12607986
4.96751451,-0.12607980
4.97758055,-0.12607922
4.98764658,-0.12607934
4.99771166,-0.12607996
5.00777578,-0.12607989
5.01783991,-0.12607887
5.02790260,-0.12608059
5.03796482,-0.12608001
5.04802656,-0.12607951
5.05808783,-0.12608014
5.06814766,-0.12607944
5.07820654,-0.12608084
5.08826542,-0.12607953
5.09832239,-0.12608014
5.10837984,-0.12607904
5.11843538,-0.12608090
5.12849140,-0.12607959
5.13854551,-0.12607980
5.14859867,-0.12608035
5.15865183,-0.12607983
5.16870403,-0.12607940
5.17875481,-0.12608011
5.18880463,-0.12607948
5.19885445,-0.12607989
5.20808506,-0.13858007
5.21814251,-0.13858034
5.22819901,-0.13858001
5.23825502,-0.13858037
5.24831009,-0.13857874
5.25836420,-0.13857999
5.26841784,-0.13857903
5.27847052,-0.13858078
5.28852224,-0.13857895
5.29857349,-0.13857959
5.30862379,-0.13858013
5.31796837,-0.15107894
5.32802820,-0.15107961
5.33808661,-0.15107994
5.34814501,-0.15107976
5.35820246,-0.15108027
5.36890888,-0.13857988
5.37895346,-0.13857959
5.38899755,-0.13857964
5.39842510,-0.15107939
5.40847921,-0.15107912
5.41853285,-0.15107898
5.42858505,-0.15108003
5.43863773,-0.15107976
5.44868851,-0.15107927
5.45819473,-0.16358005
5.46825743,-0.16357942
5.47831821,-0.16357952
5.48837996,-0.16357903
5.49844027,-0.16358031
5.50898361,-0.15108041
5.51903057,-0.15107958
5.52861929,-0.16358048
5.53867769,-0.16357939
5.54916763,-0.15107973
5.55921221,-0.15107952
5.56925631,-0.15107924
5.57929945,-0.15107876
5.58934212,-0.15107927
5.59901905,-0.16358016
5.60907459,-0.16357908
5.61912918,-0.16357987
5.62918425,-0.16358006
5.63923836,-0.16357951
5.64929247,-0.16358066
5.65934563,-0.16357967
5.66939926,-0.16357894
5.67945242,-0.16357958
5.68950558,-0.16357914
5.69955921,-0.16357987
5.70961142,-0.16357929
5.71966362,-0.16357976
5.72971535,-0.16357994
5.73976755,-0.16357981
5.74981976,-0.16357924
5.75987148,-0.16357937
5.76992273,-0.16358012
5.77997494,-0.16358021
5.78993464,-0.17607918
5.80000210,-0.17608021
5.81006908,-0.17608026
5.82013655,-0.17607930
5.83020306,-0.17607968
5.84025764,-0.18858008
5.85034084,-0.18858044
5.86042500,-0.18858066
5.87050962,-0.18858065
5.88059473,-0.18858032
5.89067984,-0.18857960
5.90076542,-0.18857966
5.91085196,-0.18857914
5.92093897,-0.18857925
5.93102646,-0.18857986
5.94111490,-0.18857968
5.95120382,-0.18857987
5.96129322,-0.18858033
5.97138405,-0.18857978
5.98147488,-0.18857940
5.99156761,-0.18858026
6.00166035,-0.18857990
6.01175451,-0.18857943
6.02184868,-0.18857881
6.03194523,-0.18857914
6.04204178,-0.18857917
6.05214071,-0.18857881
6.06223965,-0.18858042
6.07234049,-0.18858027
6.08244181,-0.18857954
6.09254503,-0.18857931
6.10308075,-0.20107946
6.11320543,-0.20107946
6.12333155,-0.20107976
6.13345957,-0.20108025
6.14358807,-0.20107971
6.15371943,-0.20107922
6.16385269,-0.20107998
6.17398787,-0.20107943
6.18412447,-0.20107998
6.19426394,-0.20107912
6.20502615,-0.21357964
6.21518946,-0.21358080
6.22535419,-0.21357913
6.23552227,-0.21358056
6.24569225,-0.21358022
6.25586462,-0.21357919
6.26603889,-0.21357997
6.27621746,-0.21357988
6.28639793,-0.21358016
6.29658175,-0.21357952
6.30676746,-0.21357916
6.31695795,-0.21358009
6.32715082,-0.21357974
6.33734703,-0.21357922
6.34754562,-0.21357991
6.35774803,-0.21358047
6.36795425,-0.21357960
6.37816429,-0.21358089
6.38837624,-0.21357952
6.39859343,-0.21358007
6.40881443,-0.21358022
6.41903877,-0.21357982
6.42926741,-0.21358012
6.43950033,-0.21357968
6.44973707,-0.21357974
6.45997906,-0.21358025
6.47022486,-0.21357988
6.48166895,-0.22608039
6.49194670,-0.22608081
6.50223017,-0.22608009
6.51251793,-0.22607945
6.52280998,-0.22608006
6.53310823,-0.22607929
6.54341173,-0.22607960
6.55372047,-0.22607970
6.56403399,-0.22608082
6.57435465,-0.22607897
6.58468056,-0.22608040
6.59501266,-0.22608009
6.60535002,-0.22607930
6.61569500,-0.22608013
6.62604618,-0.22608033
6.63640451,-0.22607966
6.64676762,-0.22607943
6.65713978,-0.22607976
6.66751814,-0.22608034
6.67790365,-0.22607972
6.68829632,-0.22607927
6.69869709,-0.22607987
6.70910549,-0.22608036
6.71952200,-0.22607945
6.72994566,-0.22607952
6.74037743,-0.22607933
6.75266838,-0.23858035
6.76314592,-0.23857860
6.77363157,-0.23857991
6.78412628,-0.23857932
6.79463100,-0.23857999
6.80514479,-0.23857960
6.81566906,-0.23858017
6.82620239,-0.23858061
6.83674574,-0.23857918
6.84729958,-0.23857947
6.85786533,-0.23858021
6.86844015,-0.23857956
6.87902784,-0.23857976
6.88962650,-0.23857953
6.90023708,-0.23857985
6.91085815,-0.23857954
6.92149162,-0.23857915
6.93213892,-0.23857972
6.94279861,-0.23857996
6.95347023,-0.23857972
6.96415520,-0.23857972
6.97733545,-0.25107878
6.99059486,-0.26357940
7.00138855,-0.26358011
7.01219606,-0.26357999
7.02280951,-0.26256979
7.03121281,-0.25108078
7.04203463,-0.25107962
7.05287218,-0.25108010
7.06372595,-0.25107929
7.07459736,-0.25107920
7.08548546,-0.25107977
7.09639025,-0.25107944
7.10731506,-0.25107977
7.11825752,-0.25107959
7.12921858,-0.25107983
7.14019918,-0.25108007
7.15119982,-0.25107971
7.16222048,-0.25107977
7.17638302,-0.26358044
7.18748379,-0.26358014
7.19860792,-0.26357937
7.20975351,-0.26357949
7.22092295,-0.26357996
7.23211432,-0.26357952
7.24333096,-0.26357946
7.25457239,-0.26357970
7.26583958,-0.26358071
7.27521610,-0.25670809
7.28492260,-0.25107899
7.29622555,-0.25107929
7.30755472,-0.25108004
7.32256889,-0.26357916
7.33399773,-0.26357996
7.34545755,-0.26358002
7.35694647,-0.26357910
7.36846781,-0.26358050
7.38001966,-0.26357976
7.39160395,-0.26357925
7.40322256,-0.26357991
7.41487551,-0.26358086
7.42656040,-0.26357970
7.43828249,-0.26357970
7.45004129,-0.26358023
7.46183634,-0.26357970
7.47221470,-0.25932559
7.48121738,-0.25107950
7.49307823,-0.25107971
7.50497818,-0.25107974
7.52139950,-0.26357964
7.53343630,-0.26357973
7.54551792,-0.26357949
7.55764484,-0.26358062
7.56981659,-0.26357952
7.58203363,-0.26357931
7.59429979,-0.26357991
7.60585785,-0.26163906
7.61451387,-0.25225973
7.62640238,-0.25107911
7.63880873,-0.25108033
7.65126610,-0.25108030
7.66377640,-0.25107941
7.67633820,-0.25107932
7.68895721,-0.25107884
7.70163345,-0.25107956
7.71609926,-0.25507578
7.72167349,-0.23858027
7.74000835,-0.25107935
7.75292015,-0.25108004
7.76589346,-0.25107971
7.77892971,-0.25108078
7.79203129,-0.25107992
7.80519962,-0.25107983
7.81681490,-0.24768142
7.82656622,-0.24035451
7.83901405,-0.23858044
7.85238695,-0.23858051
7.86583328,-0.23858023
7.87878513,-0.23745579
7.88889790,-0.23065796
7.90015507,-0.22607960
7.91383028,-0.22607918
7.92758560,-0.22608007
7.94142008,-0.22607899
7.95311880,-0.22198245
7.96370316,-0.21579568
7.97649717,-0.21357928
7.99059296,-0.21357901
8.00477886,-0.21357982
8.01905727,-0.21358007
8.03039837,-0.20836982
8.04150200,-0.20271535
8.05501556,-0.20107935
8.06959152,-0.20108037
8.08426762,-0.20108019
8.09904480,-0.20108047
8.11093998,-0.19628595
8.12262249,-0.19109495
8.13604546,-0.18857987
8.15116310,-0.18857934
8.16639709,-0.18858032
8.18174648,-0.18857963
8.19510937,-0.18542926
8.20359898,-0.17496482
8.21132469,-0.16344565
8.22378254,-0.15884754
8.23635578,-0.15433955
8.24986935,-0.15107924
8.25753117,-0.13954289
8.27279949,-0.13858017
8.28878689,-0.13843359
8.29502392,-0.12495649
8.30359936,-0.11471734
8.31189156,-0.10414796
8.31684303,-0.08928165
8.33243084,-0.08825254
8.33553219,-0.07117160
8.34602356,-0.06358021
8.35359859,-0.05234544
8.35523415,-0.03387709
8.36609936,-0.02684887
8.36609936,-0.00674644
8.37520599,0.00228871
8.37859917,0.01800911
8.37859917,0.03749542
8.38541698,0.04891982
8.39540386,0.05669154
8.39845371,0.07224436
8.40152168,0.08761363
8.40714931,0.10002987
8.41609955,0.10876992
8.41609859,0.12706381
8.41609859,0.14513244
8.41609955,0.16297847
8.41609955,0.18061127
8.41609955,0.19803438
8.42139721,0.20992111
8.43011570,0.21832655
8.43315125,0.23232473
8.43621635,0.24616945
8.43931007,0.25986576
8.44109917,0.27468058
8.44109917,0.29102671
8.44109821,0.30719322
8.44109917,0.32318085
8.44109917,0.33899486
8.44109917,0.35464147
8.44109917,0.37012029
8.44109917,0.38543567
8.44109917,0.40059051
8.44278240,0.41415939
8.44886208,0.42391986
8.46162605,0.42811197
8.46486378,0.44021922
8.46609879,0.45386690
8.46609879,0.46838471
8.46609879,0.48276320
8.46609879,0.49700463
8.46609974,0.51111031
8.46609974,0.52508783
8.46609974,0.53893620
8.46609879,0.55266011
8.46609879,0.56625986
8.46609879,0.57974130
8.46609879,0.59310514
8.46609974,0.60635334
8.46609974,0.61948895
8.46609974,0.63251597
8.46609879,0.64543557
8.46797371,0.65699756
8.47150707,0.66739410
8.47511101,0.67770672
8.47859859,0.68805820
8.47859955,0.70058304
8.47859859,0.71301329
8.48949528,0.71862853
8.49109840,0.72999024
8.49109936,0.74225247
8.49109840,0.75442755
8.49109840,0.76651746
8.49109936,0.77852488
8.49109936,0.79045105
8.49109936,0.80229843
8.49109840,0.81406796
8.49109840,0.82576287
8.49109936,0.83738464
8.49109936,0.84893435
8.49110031,0.86041236
8.49109840,0.87182504
8.49401951,0.88169014
8.49849701,0.89075625
8.50309658,0.89976341
8.50359917,0.91076291
8.50359917,0.92194784
8.50359917,0.93307406
8.50359917,0.94414121
8.50359917,0.95515347
8.50359821,0.96611077
8.50359917,0.97701424
8.51609898,0.98242521
8.51609898,0.99331254
8.51609898,1.00414979
8.51609898,1.01493859
8.51609802,1.02567959
8.51609898,1.03637314
8.51609898,1.04702401
8.51609993,1.05763137
8.51609993,1.06819618
8.51877499,1.07771528
8.52501011,1.08591568
8.52859879,1.09511685
8.52859879,1.10560322
8.52859879,1.11605155
8.52859783,1.12646568
8.52859974,1.13684452
8.52859974,1.14718974
8.52859879,1.15750182
8.52859879,1.16778266
8.52859879,1.17803276
8.54109955,1.18440771
8.54109955,1.19467139
8.54109955,1.20490801
8.54109859,1.21511745
8.54109955,1.22530019
8.54109955,1.23545671
8.54109955,1.24558985
8.54868793,1.25366986
8.55360031,1.26251161
8.55360031,1.27264404
8.55359936,1.28275323
8.55359936,1.29284263
8.55359840,1.30291152
8.55359840,1.31296015
8.55359936,1.32298946
8.55359936,1.33300161
8.55359936,1.34299624
8.55360031,1.35297370
8.55359936,1.36293507
8.55359840,1.37288189
8.56151581,1.38124549
8.56609917,1.39031911
8.56609917,1.40028536
8.56609917,1.41023946
8.56609917,1.42018116
8.56609917,1.43011093
8.56609917,1.44002759
8.56609821,1.44993436
8.56609917,1.45983112
8.56609821,1.46971786
8.56610012,1.47959459
8.56609821,1.48946357
8.57859802,1.49757028
8.57859898,1.50747967
8.57859898,1.51738203
8.57859898,1.52727568
8.57859898,1.53716385
8.57859802,1.54704571
8.57859993,1.55692077
8.57859898,1.56678963
8.59110069,1.57534182
8.59109974,1.58525479
8.59109974,1.59516251
8.59109879,1.60506582
8.59109879,1.61496556
8.59109974,1.62486112
8.59109974,1.63475370
8.59109974,1.64464283
8.59109974,1.65452957
8.59109974,1.66441393
8.59109783,1.67429638
8.59109879,1.68417561
8.59109974,1.69405437
8.59109974,1.70393193
8.59110069,1.71380818
8.59109974,1.72368252
8.59109879,1.73355794
8.59109879,1.74343252
8.59109879,1.75330758
8.60359859,1.76281607
8.60359859,1.77273750
8.60359955,1.78266025
8.60359859,1.79258370
8.60359859,1.80250776
8.60359859,1.81243181
8.61609936,1.82226443
8.61609840,1.83223689
8.61609936,1.84221089
8.61609840,1.85218596
8.61609840,1.86216378
8.61609936,1.87214363
8.61609936,1.88212562
8.61609936,1.89210951
8.61609840,1.90209651
8.61609936,1.91208661
8.61610031,1.92207968
8.61609936,1.93207514
8.61609840,1.94207489
8.61609840,1.95207810
8.61609840,1.96208560
8.61609936,1.97209573
8.61609840,1.98211086
8.61609936,1.99213076
8.61609936,2.00215507
8.61609840,2.01218343
8.62859821,2.02297115
8.62859917,2.03304982
8.62859917,2.04313397
8.62859917,2.05322337
8.62859917,2.06331706
8.62859917,2.07341743
8.62859821,2.08352327
8.62859821,2.09363437
8.62859917,2.10375118
8.62859917,2.11387444
8.62859821,2.12400484
8.62859821,2.13414168
8.62859917,2.14428425
8.62859917,2.15443444
8.62859821,2.16459203
8.62859917,2.17475724
8.62859917,2.18492889
8.62859821,2.19510913
8.62859917,2.20529747
8.62859821,2.21549320
8.62859917,2.22569704
8.62859821,2.23591042
8.62859821,2.24613285
8.62859821,2.25636363
8.62859821,2.26660419
8.62859917,2.27685261
8.62859821,2.28711176
8.62859917,2.29738116
8.62859917,2.30766129
8.62859821,2.31795025
8.62859917,2.32825112
8.62859821,2.33856225
8.62859917,2.34888554
8.62859821,2.35921907
8.62859917,2.36956525
8.62859821,2.37992406
8.64052677,2.39240909
8.62859821,2.40067744
8.62859917,2.41107488
8.62859917,2.42148495
8.62859917,2.43190908
8.62860012,2.44234610
8.62860012,2.45279860
8.62859917,2.46326613
8.62859917,2.47374868
8.62859917,2.48424697
8.62860012,2.49476218
8.62859917,2.50529361
8.61616611,2.51311111
8.61609936,2.52361608
8.61609936,2.53415275
8.61609936,2.54470873
8.61609936,2.55528307
8.61609936,2.56587696
8.61609840,2.57648993
8.61610031,2.58712459
8.60704803,2.59551191
8.60359955,2.60527444
8.60359955,2.61592269
8.60359859,2.62659335
8.60359859,2.63728809
8.59231758,2.64494514
8.59109879,2.65530229
8.59109974,2.66601729
8.59109879,2.67675734
8.60359859,2.69113612
8.59355164,2.69903636
8.59109879,2.70913792
8.59109879,2.71998858
8.59109879,2.73086977
8.59109879,2.74178100
8.58539009,2.75091457
8.57634449,2.75894952
8.56764221,2.76703906
8.56609917,2.77745366
8.56610012,2.78840685
8.56609821,2.79939651
8.56609917,2.81042361
8.56609917,2.82148814
8.56609917,2.83259082
8.56609821,2.84373641
8.56609821,2.85492325
8.57859993,2.87085819
8.57859898,2.88220334
8.59109879,2.89845181
8.59109879,2.90997005
8.60359859,2.92654657
8.60359955,2.93824530
8.60359955,2.94999933
8.60359955,2.96181035
8.60359955,2.97367954
8.60359859,2.98560524
8.60359859,2.99759412
8.61609936,3.01522827
8.61609936,3.02743244
8.61609936,3.03970194
8.61610031,3.05204177
8.61609936,3.06445265
8.61609936,3.07693887
8.61609936,3.08949971
8.62860012,3.10835648
8.62859917,3.12116933
8.62860012,3.13406610
8.64109898,3.15356207
8.64109898,3.16673207
8.64109993,3.17999554
8.64109898,3.19335222
8.64109898,3.20680690
8.64109802,3.22035909
8.64109898,3.23401713
8.64109898,3.24778056
8.64109993,3.26165342
8.64109898,3.27563572
8.65359974,3.29732656
8.65359974,3.31166196
8.65359879,3.32612085
8.65359783,3.34070706
8.65359879,3.35542631
8.66609955,3.37847471
8.66609955,3.39359522
8.66571045,3.40859771
8.66243172,3.42176342
8.65926456,3.43509316
8.65620613,3.44859076
8.65359879,3.46251059
8.66609859,3.48755813
8.66609955,3.50380683
8.66609859,3.52023792
8.66609859,3.53685689
8.66609859,3.55367017
8.67859936,3.58052897
8.87859821,3.75785422
8.89109993,3.78809118
8.89109898,3.80859947
8.87942028,3.81960583
8.89109898,3.85047174
8.89109802,3.87185144
8.88917446,3.89185119
8.69022083,3.73641968
8.65489006,3.72391963
8.63393402,3.72392035
8.61332798,3.72392035
8.59305763,3.72392011
8.57473183,3.72547865
8.55691719,3.72727275
8.55190277,3.74156523
8.53439140,3.74335885
8.51712322,3.74515247
8.50009632,3.74694848
8.48330402,3.74874806
8.46674156,3.75055194
8.45040035,3.75236058
8.44109917,3.76179528
8.42937183,3.76849866
8.41348934,3.77033186
8.39781094,3.77217650
8.38223553,3.77392006
8.36541176,3.77392030
8.34881973,3.77392054
8.33244705,3.77392030
8.31629181,3.77392030
8.30867004,3.78474998
8.29405117,3.78642058
8.27835083,3.78642106
8.26284218,3.78642035
8.24752426,3.78642058
8.23239422,3.78642011
8.21744347,3.78642035
8.20266628,3.78642035
8.18805790,3.78641987
8.18177986,3.79891944
8.16734600,3.79892063
8.15306759,3.79892063
8.13894272,3.79891992
8.12496758,3.79892111
8.11113453,3.79892039
8.09780025,3.79953599
8.08529758,3.80139685
8.07291508,3.80331016
8.06065369,3.80528641
8.05359936,3.81681132
8.04304504,3.82193232
8.03088570,3.82392025
8.01779938,3.82392025
8.00482464,3.82391953
7.99196148,3.82392001
7.97920418,3.82392001
7.96655178,3.82391930
7.95400000,3.82391977
7.94154644,3.82392001
7.92918682,3.82391953
7.91691971,3.82392025
7.90485144,3.82419443
7.89765978,3.83641982
7.88552570,3.83642077
7.87347269,3.83641982
7.86149549,3.83642006
7.84959412,3.83642030
7.83776569,3.83642054
7.82600641,3.83642125
7.81431437,3.83642054
7.80268431,3.83642006
7.79111528,3.83641934
7.77960587,3.83641982
7.76815414,3.83642006
7.75770378,3.83970785
7.75104237,3.85654879
7.74082947,3.86121440
7.72941256,3.86142039
7.71798658,3.86142063
7.70660257,3.86141992
7.69526005,3.86141992
7.68395758,3.86141968
7.67268944,3.86141944
7.66145658,3.86142015
7.65025616,3.86142135
7.63908815,3.86141992
7.62794781,3.86142039
7.61683273,3.86141920
7.60788107,3.87392116
7.59671545,3.87391949
7.58557081,3.87392044
7.57444668,3.87392044
7.56334162,3.87392044
7.55225229,3.87391996
7.54118204,3.87392020
7.53012323,3.87392044
7.51907635,3.87391996
7.50804043,3.87391973
7.49701643,3.87391996
7.48599958,3.87392020
7.47498989,3.87392020
7.46488905,3.88642073
7.45380068,3.88641953
7.44271612,3.88642049
7.43163395,3.88641977
7.42055416,3.88642073
7.40947723,3.88642049
7.39839840,3.88642120
7.38703251,3.87392116
7.37603712,3.87392044
7.36503935,3.87391996
7.35403681,3.87391925
7.34302950,3.87392020
7.33201742,3.87391901
7.32078362,3.88642025
7.30967712,3.88642073
7.29856348,3.88642049
7.28744221,3.88641930
7.27631378,3.88642025
7.26517773,3.88641977
7.25403214,3.88642025
7.24287701,3.88641906
7.23086309,3.89892006
7.21961355,3.89892030
7.20835352,3.89892054
7.19781685,3.89040422
7.18695593,3.88642073
7.17574120,3.88642073
7.16451454,3.88642049
7.15327644,3.88642049
7.15422773,3.78055334
7.14588118,3.76142049
7.13531113,3.76142001
7.12472343,3.76141977
7.11583614,3.74892068
7.10528040,3.74892092
7.09841347,3.72392058
7.08795118,3.72392035
7.07945585,3.71142006
7.06902027,3.71142030
7.05856276,3.71142054
7.05026245,3.69892025
7.03982735,3.69892001
7.02937174,3.69892001
7.01889706,3.69892049
7.01082230,3.68642020
7.00036621,3.68642020
6.98988819,3.68642116
6.97994089,3.68378210
6.97152853,3.67391968
6.96104956,3.67391896
6.95055056,3.67392039
6.94179964,3.66606879
6.93236160,3.66142106
6.92185926,3.66141963
6.91133833,3.66142011
6.90296268,3.65245581
6.89330673,3.64892030
6.88278055,3.64892006
6.87223768,3.64892030
6.86344194,3.64203477
6.85434771,3.63642073
6.84379959,3.63642001
6.83323574,3.63641953
6.82265663,3.63642049
6.81206322,3.63641953
6.80292988,3.63107777
6.79432344,3.62392116
6.78372669,3.62391973
6.77311611,3.62392020
6.76249123,3.62392044
6.75549316,3.61142087
6.74496508,3.61113000
6.73796177,3.59892011
6.72735786,3.59892011
6.71674156,3.59892106
6.70611429,3.59891987
6.69851255,3.58901405
6.68868876,3.58642030
6.67805958,3.58641982
6.66742039,3.58642006
6.65677309,3.58642030
6.65008259,3.57392120
6.63944292,3.57391953
6.62879372,3.57392049
6.62131262,3.56410003
6.61240435,3.55875230
6.60497332,3.54892063
6.59433937,3.54892015
6.58369875,3.54891992
6.57305050,3.54892087
6.56419230,3.54352880
6.55591965,3.53642011
6.54527092,3.53642082
6.53461885,3.53642035
6.52396107,3.53641939
6.51329851,3.53641987
6.50263214,3.53642011
6.49314737,3.53296018
6.48841715,3.51567125
6.47922754,3.51142001
6.46857500,3.51141953
6.45792007,3.51141930
6.44725990,3.51142049
6.43659925,3.51141930
6.42593622,3.51141977
6.41964865,3.49892020
6.40970039,3.49690437
6.40273046,3.48642063
6.39208078,3.48641992
6.38143158,3.48642015
6.37077951,3.48642039
6.36012840,3.48642039
6.35359907,3.47479367
6.34770346,3.46142077
6.33706474,3.46142030
6.32642603,3.46141958
6.31578779,3.46141982
6.30550241,3.46043205
6.29897642,3.44891977
6.28834391,3.44892049
6.27893162,3.44551396
6.27155590,3.43642068
6.26093340,3.43642044
6.25031090,3.43641973
6.23969030,3.43642116
6.23058701,3.43219399
6.22293663,3.42392039
6.21232510,3.42391944
6.20311499,3.42001343
6.19558716,3.41142035
6.18498468,3.41142058
6.17820263,3.40075684
6.16826248,3.39892006
6.15766716,3.39892077
6.14707708,3.39891934
6.13648987,3.39892030
6.12810040,3.39277840
6.11978912,3.38642001
6.10921144,3.38642025
6.10219240,3.37644649
6.09252024,3.37391973
6.08195019,3.37391996
6.07582951,3.36142039
6.06526470,3.36142015
6.05470467,3.36142063
6.04857922,3.34891987
6.03802252,3.34892011
6.02747202,3.34892058
6.01692581,3.34892011
6.00770617,3.34517097
6.00024843,3.33642030
5.98971272,3.33641982
5.97918034,3.33642054
5.97227716,3.32608366
5.96250677,3.32392001
5.95635223,3.31141949
5.94582653,3.31142020
5.93530607,3.31141996
5.92479134,3.31142020
5.91861963,3.29891992
5.90810776,3.29892063
5.89760160,3.29892087
5.88859081,3.29460502
5.88091183,3.28642082
5.87041426,3.28642011
5.86420822,3.27392030
5.85371256,3.27391982
5.84322214,3.27392006
5.83273792,3.27392054
5.82225847,3.27391934
5.81609917,3.26120353
5.80978107,3.24892020
5.79930115,3.24891949
5.78882551,3.24891925
5.77835417,3.24892092
5.77029419,3.24175429
5.76161575,3.23642015
5.75115299,3.23641944
5.74069548,3.23642111
5.73317146,3.22760916
5.72394180,3.22392011
5.71349096,3.22391963
5.70304537,3.22392106
5.69671869,3.21142006
5.68627548,3.21141982
5.67896080,3.20187497
5.66948414,3.19892073
5.65904570,3.19892025
5.64861393,3.19892025
5.63818598,3.19891977
5.63016748,3.19148231
5.62137651,3.18642044
5.61095285,3.18642116
5.60106611,3.18476391
5.59412146,3.17391944
5.58483791,3.17037058
5.57726955,3.16142011
5.56685209,3.16142035
5.55643892,3.16142106
5.54674101,3.15917635
5.53956509,3.14891934
5.53308010,3.13641977
5.52266598,3.13641977
5.51225996,3.13642049
5.50185728,3.13642001
5.49239397,3.13340592
5.48493433,3.12392044
5.47453403,3.12391973
5.46694422,3.11480856
5.45758724,3.11142063
5.44719172,3.11142063
5.43680191,3.11141992
5.42641544,3.11141968
5.41603231,3.11142063
5.40898418,3.10043335
5.39918613,3.09849691
5.39244556,3.08642125
5.38206100,3.08641934
5.37167788,3.08642030
5.36129999,3.08642006
5.35465670,3.07392049
5.34427595,3.07391977
5.33390093,3.07392049
5.32640171,3.06421399
5.31685162,3.06141996
5.30647755,3.06142020
5.29610777,3.06142044
5.28574133,3.06141996
5.27701855,3.05581689
5.26866579,3.04892015
5.25831032,3.04888844
5.25156879,3.03641963
5.24120092,3.03642011
5.23083639,3.03642035
5.22289801,3.02801156
5.21371174,3.02391982
5.20693636,3.01142001
5.19656801,3.01142025
5.18620253,3.01142025
5.17583942,3.01142049
5.16548014,3.01141977
5.15512180,3.01142001
5.14553595,3.00870514
5.13892174,2.99547577
5.13111734,2.98642015
5.12075901,2.98642063
5.11040115,2.98642039
5.10004520,2.98642063
5.08969164,2.98641992
5.08283377,2.97391987
5.07247829,2.97391963
5.06560469,2.96142077
5.05524731,2.96142006
5.04489279,2.96142054
5.03453922,2.96141958
5.02418852,2.96141982
5.01609945,2.95323634
5.01038408,2.93642068
5.00002718,2.93642044
4.98967361,2.93642068
4.97932053,2.93641925
4.96897078,2.93642020
4.95862103,2.93642068
4.94827414,2.93641973
4.94122267,2.92434001
4.93439293,2.91142082
4.92404079,2.91141963
4.91368961,2.91142058
4.90333986,2.91142011
4.89449072,2.90589404
4.88603067,2.89892101
4.87568283,2.89892006
4.86533546,2.89892101
4.85836029,2.88641977
4.84801245,2.88641953
4.84102774,2.87392044
4.83067703,2.87391996
4.82032824,2.87392020
4.80998325,2.87392116
4.79963732,2.87391973
4.79226875,2.86280298
4.78563452,2.84892035
4.77528477,2.84891939
4.76493645,2.84892011
4.75459051,2.84891987
4.74522018,2.84525418
4.73722935,2.83642077
4.72688341,2.83641934
4.71653652,2.83642054
4.70951414,2.82392001
4.69916677,2.82392025
4.69213724,2.81142044
4.68179035,2.81142020
4.67144346,2.81142020
4.66109848,2.81141996
4.65075541,2.81142020
4.64249992,2.80351806
4.63667393,2.78642130
4.62632608,2.78642011
4.61597919,2.78641987
4.60563421,2.78641987
4.59528923,2.78641939
4.58824015,2.77392030
4.57789564,2.77392077
4.56755018,2.77392054
4.56049442,2.76142001
4.55014896,2.76142073
4.54289675,2.74965358
4.53274250,2.74892044
4.52239656,2.74891996
4.51205158,2.74892068
4.50170851,2.74892044
4.49136400,2.74892116
4.48429585,2.73641992
4.47395039,2.73642015
4.46687651,2.72391939
4.45653152,2.72392035
4.44618702,2.72392035
4.44022751,2.70713091
4.43202305,2.69891953
4.42167711,2.69892073
4.41132975,2.69892073
4.40098238,2.69892120
4.39274359,2.69082212
4.38354301,2.68642020
4.37319613,2.68642020
4.36397505,2.68209124
4.35574865,2.67392015
4.34555292,2.67334199
4.33829403,2.66141963
4.32794476,2.66142035
4.31782436,2.66053510
4.31047773,2.64891982
4.30012751,2.64892077
4.29074383,2.64517283
4.28264904,2.63642049
4.27229977,2.63641977
4.26516199,2.62392020
4.25480747,2.62391973
4.24445438,2.62391996
4.24031734,2.59964561
4.23014402,2.59892130
4.21978521,2.59892011
4.21261454,2.58642077
4.20225286,2.58641958
4.19189215,2.58642054
4.18620396,2.56800532
4.17750359,2.56141973
4.16949940,2.55206203
4.16191387,2.54101229
4.15269136,2.53641963
4.14230967,2.53642011
4.13452435,2.52607727
4.12780952,2.51142073
4.12053823,2.49892092
4.11033106,2.49814034
4.10540628,2.47611165
4.09863424,2.46142077
4.08820772,2.46142054
4.07859898,2.45809817
4.07638359,2.42470884
4.06919050,2.41142011
4.05872345,2.41141939
4.04927397,2.40723562
4.04442739,2.38408160
4.03789997,2.36770177
4.02890539,2.36141992
4.02046967,2.35275459
4.01385212,2.33642077
4.00330210,2.33642101
3.99275041,2.33641934
3.98219156,2.33642030
3.97163033,2.33642054
3.96106410,2.33642030
3.95341444,2.32391953
3.94282675,2.32392025
3.93223524,2.32392025
3.92164016,2.32392049
3.91104269,2.32392025
3.90043926,2.32392001
3.89266109,2.31141949
3.88203287,2.31142020
3.87139940,2.31141949
3.86076164,2.31141973
3.85011840,2.31142092
3.83947182,2.31142020
3.83154392,2.29891992
3.81816769,2.31142068
3.80750823,2.31141925
3.79684424,2.31142044
3.78617644,2.31141925
3.77550483,2.31141949
3.76483059,2.31141949
3.75415158,2.31142044
3.74346828,2.31141996
3.73530293,2.29892015
3.72458649,2.29892039
3.71386743,2.29892015
3.70314407,2.29892087
3.69241834,2.29892015
3.68168736,2.29892087
3.67095160,2.29891968
3.66021228,2.29891992
3.64947248,2.29892039
3.63872743,2.29891968
3.62797904,2.29891920
3.61722922,2.29891968
3.60647488,2.29891992
3.59358668,2.31141996
3.58286190,2.31141925
3.57213569,2.31142020
3.56141043,2.31142020
3.55068350,2.31142044
3.53995442,2.31141996
3.52922416,2.31141925
3.51849341,2.31141996
3.50776267,2.31142020
3.49703097,2.31142044
3.48629928,2.31142068
3.47556663,2.31141996
3.46648860,2.29892063
3.45571280,2.29891968
3.44493675,2.29892063
3.43416119,2.29892063
3.42192245,2.31141949
3.41119647,2.31142068
3.40047240,2.31141973
3.38975239,2.31141973
3.37903738,2.31142116
3.36832213,2.31141996
3.35761023,2.31142068
3.34580064,2.32391977
3.33515072,2.32391977
3.32450557,2.32391977
3.31386662,2.32392001
3.30323148,2.32392025
3.29260445,2.32392097
3.28198075,2.32392025
3.27136278,2.32391977
3.26074886,2.32392049
3.25014091,2.32392025
3.23953867,2.32392025
3.22894073,2.32392073
3.21834826,2.32392049
3.20776105,2.32391930
3.19717932,2.32391953
3.18660164,2.32392001
3.17602801,2.32392073
3.16539693,2.33642077
3.15489864,2.33642030
3.14440465,2.33642101
3.13391423,2.33641958
3.12342787,2.33641934
3.11294627,2.33641911
3.10246730,2.33642077
3.09198904,2.33642006
3.08151245,2.33642030
3.07160497,2.34892106
3.06120491,2.34891987
3.05080462,2.34891963
3.04119301,2.36142015
3.03086996,2.36141968
3.02054453,2.36142039
3.01021719,2.36142015
2.99988866,2.36141992
2.98955750,2.36142063
2.97922158,2.36142039
2.96888185,2.36141992
2.95853758,2.36141968
2.94966555,2.37392020
2.93939018,2.37391925
2.92910504,2.37391973
2.91881227,2.37391996
2.90850997,2.37392092
2.89819837,2.37392020
2.88787508,2.37392020
2.87753844,2.37391949
2.86932182,2.38642097
2.85904384,2.38641977
2.84874821,2.38642001
2.83843708,2.38642073
2.82810736,2.38642001
2.81845808,2.38983941
2.80993009,2.39843011
2.79972935,2.39892054
2.78940225,2.39892006
2.77905369,2.39891982
2.76867819,2.39892030
2.75827527,2.39892054
2.75102067,2.41141963
2.74065185,2.41142035
2.73135281,2.41552138
2.72260356,2.42151070
2.71289420,2.42392063
2.70248294,2.42391992
2.69203854,2.42392039
2.68155217,2.42392039
2.67102623,2.42392111
2.66045785,2.42392015
2.64984775,2.42392063
2.63919282,2.42392015
2.62954187,2.42697883
2.62037325,2.43141127
2.61565590,2.44815946
2.60527110,2.44891977
2.59456038,2.44892049
2.58379459,2.44891953
2.57297444,2.44891977
2.56209326,2.44891930
2.55115342,2.44892025
2.54015088,2.44892025
2.52908802,2.44892001
2.51889706,2.45109558
2.50927448,2.45462847
2.49959612,2.45806313
2.48986387,2.46140385
2.47856879,2.46141958
2.46719503,2.46141934
2.45574737,2.46142077
2.44422245,2.46142006
2.43262434,2.46142030
2.42094612,2.46142125
2.40918541,2.46141934
2.39741683,2.46156025
2.38715291,2.46466994
2.37004423,2.45521832
2.35954595,2.45821214
2.34898424,2.46115661
2.33124638,2.45155168
2.30599189,2.42940378
2.29109883,2.42573643
2.29109907,2.44733143
2.27928853,2.44892001
2.27614069,2.46473193
2.26905274,2.47391939
2.26020145,2.48021245
2.25131297,2.48642039
2.24413061,2.49523950
2.23361373,2.49891973
2.22859931,2.51088476
2.21854377,2.51524901
2.20737529,2.51803923
2.20359921,2.53151608
2.19365740,2.53607106
2.18067503,2.53641987
2.17487431,2.54681802
2.16305161,2.54891992
2.14958525,2.54892039
2.13599467,2.54891968
2.12228155,2.54892111
2.11609912,2.55882454
2.10854650,2.56689644
2.09693241,2.56980634
2.08524656,2.57271457
2.07348609,2.57562518
2.06164908,2.57853627
2.04973793,2.58145142
2.03775454,2.58437371
2.02569556,2.58730125
2.01609945,2.59318399
2.01222944,2.60567880
2.00007606,2.60863113
1.98769295,2.61141944
1.97271669,2.61142015
1.95759976,2.61141968
1.94519770,2.61453104
1.93854165,2.62391973
1.92487848,2.62579536
1.91609907,2.63293815
1.91173124,2.64469218
1.89919972,2.64791441
1.89109969,2.65576053
1.88626909,2.66691279
1.87366688,2.67018962
1.86609900,2.67855287
1.86097944,2.68930864
1.85359955,2.69779682
1.84854531,2.70851374
1.84109950,2.71687770
1.83637595,2.72781157
1.82859993,2.73581171
1.82447791,2.74721098
1.81609952,2.75460482
1.81287038,2.76672006
1.80359888,2.77326298
1.80359924,2.78817940
1.80359936,2.80297208
1.80359864,2.81764841
1.80359960,2.83221221
1.79421902,2.83846879
1.79109871,2.85016942
1.79109979,2.86449170
1.79109907,2.87870908
1.79109907,2.89282703
1.79109883,2.90684891
1.79109883,2.92077684
1.79109919,2.93461704
1.79109883,2.94837046
1.79109991,2.96204209
1.79109943,2.97563100
1.80359876,2.99925923
1.80359888,3.01263285
1.81609893,3.03593349
1.81609941,3.04910874
1.81609952,3.06222272
1.81609893,3.07527423
1.81609917,3.08826637
1.81609976,3.10120225
1.81609988,3.11408353
1.81609929,3.12691212
1.81609833,3.13969040
1.81609869,3.15242052
1.81609929,3.16510892
1.82859933,3.18721938
1.82859898,3.19978547
1.84109879,3.22170615
1.84109867,3.23416781
1.84109843,3.24659920
1.84109831,3.25900292
1.84109867,3.27138066
1.84109914,3.28373384
1.84109914,3.29606652
1.84109914,3.30838108
1.84109890,3.32067800
1.84109890,3.33296251
1.84109974,3.34523392
1.85359943,3.36661887
1.85359931,3.37885880
1.86609948,3.40019083
1.86609864,3.41241503
1.86609900,3.42464185
1.86609995,3.43687415
1.86609888,3.44911051
1.86609995,3.46135569
1.86609936,3.47360826
1.86609864,3.48587370
1.86609948,3.49815202
1.86609888,3.51044655
1.86609864,3.52275801
1.86609852,3.53508973
1.86609852,3.54744077
1.86609864,3.55981469
1.86609912,3.57221389
1.86609936,3.58463883
1.86609864,3.59709263
1.87859929,3.61873150
1.87859917,3.63126373
1.87859952,3.64383101
1.87859833,3.65643334
1.87859893,3.66907454
1.89109838,3.69101644
1.89109886,3.70376444
1.89109910,3.71655822
1.89109945,3.72939610
1.89109886,3.74228382
1.89109945,3.75522423
1.88967395,3.76714039
1.89540696,3.78452325
1.89109921,3.79436255
1.89109945,3.80752158
1.89109886,3.82073927
1.89109886,3.83401608
1.90359950,3.85701180
1.90359902,3.87046432
1.90359938,3.88398504
1.90359879,3.89757752
1.90359879,3.91124153
1.90359926,3.92498159
1.91609943,3.94872022
1.91609859,3.96266627
1.91609907,3.97669458
1.91282833,3.98817611
1.90702724,3.99766588
1.90359974,4.00912952
1.90359938,4.02346277
1.90011036,4.03501463
1.89109898,4.04205322
1.89109921,4.05661726
1.89109945,4.07127762
1.89109969,4.08604527
1.89109969,4.10091972
1.89005136,4.11500835
1.89732420,4.13635731
1.89217830,4.14715099
1.89109933,4.16155052
1.91609943,4.19894886
1.91609907,4.21467972
1.92269957,4.23642063
1.90479445,4.23642063
1.88871872,4.23798132
1.87569225,4.24224567
1.86609924,4.24962521
1.86325121,4.26324606
1.85019457,4.26748276
1.83716702,4.27171183
1.82204032,4.27392006
1.80466318,4.27392006
1.78739369,4.27392006
1.77287424,4.27647400
1.76001227,4.28057623
1.75359857,4.29097986
1.74463761,4.29892015
1.72771478,4.29892015
1.71091080,4.29892015
1.69606102,4.30079746
1.68333018,4.30476522
1.67064011,4.30872822
1.65678120,4.31141996
1.64044154,4.31142044
1.62421715,4.31141949
1.60811317,4.31141996
1.60359943,4.32387304
1.59437776,4.33128071
1.58191490,4.33511305
1.56724358,4.33642006
1.55151057,4.33642054
1.53589475,4.33642054
1.52039754,4.33642054
1.50501859,4.33642006
1.48976076,4.33642054
1.47462189,4.33642006
1.46652532,4.34474325
1.45750368,4.35197878
1.44549370,4.35555840
1.43354166,4.35914516
1.42059815,4.36142063
1.40593684,4.36141920
1.39139259,4.36142015
1.37696385,4.36142015
1.36264694,4.36141968
1.35061550,4.36430693
1.33909523,4.36779642
1.32859886,4.37261200
1.32465589,4.38642025
1.31068063,4.38642073
1.29681432,4.38642025
1.28306079,4.38642025
1.26941144,4.38642025
1.25586808,4.38642025
1.24243128,4.38642025
1.22909915,4.38642025
1.21587217,4.38642073
1.20274711,4.38642025
1.18972349,4.38641977
1.17788935,4.38814783
1.16713583,4.39149904
1.16410029,4.40738058
1.15335870,4.41079807
1.14099038,4.41141987
1.12834001,4.41142035
1.11578381,4.41141939
1.10332215,4.41142082
1.09095061,4.41142082
1.07867062,4.41141987
1.06647849,4.41141939
1.05437446,4.41142082
1.04235518,4.41141987
1.03042126,4.41142130
1.01857018,4.41142035
1.00680172,4.41142082
1.00131059,4.42392015
0.99024558,4.42523813
0.98026395,4.42870140
0.97033769,4.43223572
0.96046269,4.43584347
0.94922429,4.43641949
0.93779320,4.43641996
0.92643410,4.43641949
0.91514474,4.43641996
0.90392458,4.43641949
0.89277375,4.43641996
0.88168752,4.43641996
0.87066561,4.43642092
0.85970724,4.43642044
0.84881228,4.43642044
0.83797675,4.43642044
0.83181131,4.44891977
0.82099652,4.44891977
0.81024164,4.44891977
0.79954106,4.44891977
0.78889310,4.44892025
0.77829808,4.44891930
0.76775557,4.44892025
0.75726110,4.44891930
0.74681604,4.44892025
0.73641777,4.44891930
0.72606820,4.44892025
0.71576083,4.44892073
0.70549637,4.44892025
0.69527364,4.44892073
0.68509120,4.44892120
0.67494583,4.44891977
0.66484010,4.44892073
0.65779895,4.46142006
0.64767480,4.46142054
0.63758749,4.46142101
0.62753117,4.46141958
0.61750525,4.46142054
0.60751122,4.46142054
0.59788764,4.46313143
0.58927411,4.47006893
0.58001637,4.47391987
0.57004339,4.47391939
0.56009763,4.47391987
0.55017334,4.47392035
0.54027098,4.47391939
0.53038973,4.47391939
0.52052760,4.47391939
0.51068443,4.47391987
0.50086004,4.47392035
0.49105239,4.47392035
0.48126149,4.47392035
0.47148371,4.47392035
0.46171880,4.47392082
0.45196685,4.47391987
0.44222611,4.47392035
0.43249467,4.47392035
0.42277336,4.47391939
0.41305983,4.47392035
0.40335315,4.47392082
0.39365542,4.47391987
0.38459271,4.48642063
0.37482074,4.48642015
0.36505300,4.48642015
0.35528597,4.48641968
0.34552181,4.48642111
0.33575693,4.48642063
0.32599267,4.48641968
0.31622857,4.48642015
0.30646038,4.48642015
0.29668859,4.48642015
0.28691351,4.48642063
0.27713370,4.48642015
0.26701725,4.49891996
0.25714517,4.49892044
0.24726626,4.49891949
0.23738101,4.49891996
0.22748506,4.49891949
0.21757844,4.49891996
0.20766115,4.49891996
0.19773367,4.49892092
0.18779302,4.49891996
0.17783983,4.49891949
0.16676840,4.51142025
0.15671046,4.51141977
0.14663859,4.51141977
0.13654782,4.51141977
0.12644087,4.51142025
0.11483499,4.52391958
0.10461804,4.52391958
0.09438159,4.52392006
0.08423773,4.52310753
0.07563018,4.51141977
0.06765476,4.49627399
0.05901831,4.48641968
0.05098454,4.47337818
0.04289959,4.46142006
0.03422514,4.45357275
0.02504886,4.44892073
0.01733905,4.43641949
0.00738306,4.43642139
0.00042465,4.42089510
-0.00759841,4.41141939
-0.01662276,4.40718794
-0.02477429,4.39891958
-0.03377181,4.39483500
-0.03955457,4.37639141
-0.04817055,4.37111998
-0.05572429,4.36142111
-0.06552614,4.36142063
-0.07536023,4.36142063
-0.08272754,4.35143900
-0.09193224,4.34892082
-0.10017724,4.34270811
-0.10837147,4.33642006
-0.11824481,4.33642006
-0.12815388,4.33642006
-0.13543333,4.32699394
-0.14447796,4.32391930
-0.15443178,4.32392120
-0.16442196,4.32392073
-0.17118147,4.31316328
-0.18065406,4.31142139
-0.18924665,4.30681658
-0.19677892,4.29892015
-0.20683363,4.29891968
-0.21548510,4.29454994
-0.22159018,4.28257990
-0.22874126,4.27392101
-0.23882961,4.27392149
-0.24895698,4.27391958
-0.25841507,4.27191162
-0.26484630,4.26142073
-0.27503720,4.26142073
-0.28526771,4.26142025
-0.29553831,4.26142073
-0.30112460,4.24891996
-0.31142023,4.24892044
-0.32175648,4.24891949
-0.33213475,4.24891949
-0.33434758,4.22822523
-0.34298664,4.22391987
-0.35138202,4.21900702
-0.35867766,4.21142054
-0.36909279,4.21142006
-0.37955120,4.21142006
-0.39004973,4.21141958
-0.39525181,4.19891930
-0.40477321,4.19658804
-0.40890086,4.18181038
-0.41597399,4.17392063
-0.42651886,4.17392111
-0.43710622,4.17392063
-0.44622964,4.17058468
-0.44741058,4.14975643
-0.45764074,4.14892054
-0.46829012,4.14891958
-0.47897905,4.14891958
-0.48644838,4.14197826
-0.49456006,4.13641977
-0.50531751,4.13642025
-0.50890040,4.12139368
-0.51486015,4.11142015
-0.52564687,4.11142063
-0.53647023,4.11142015
-0.54635608,4.10944939
-0.54785776,4.09054708
-0.55665922,4.08642101
-0.56530106,4.08195734
-0.57214540,4.07392073
-0.58306336,4.07391977
-0.59401548,4.07392120
-0.60500014,4.07392025
-0.60890090,4.06015635
-0.61407226,4.04891968
-0.62508500,4.04891920
-0.63612771,4.04891968
-0.64720237,4.04892015
-0.65328872,4.03944683
-0.66278958,4.03642082
-0.67021626,4.02949047
-0.67310864,4.01411915
-0.68279201,4.01142073
-0.69395226,4.01142073
-0.70513737,4.01141977
-0.71634763,4.01141977
-0.72140056,4.00012159
-0.72640729,3.98877549
-0.73634976,3.98642039
-0.74761033,3.98642039
-0.75889200,3.98641920
-0.76494288,3.97697687
-0.77454817,3.97392106
-0.78221643,3.96738815
-0.78564680,3.95329905
-0.79451853,3.94891930
-0.80586642,3.94891953
-0.81254441,3.94062495
-0.82153630,3.93642020
-0.82943660,3.93028331
-0.83721012,3.92392015
-0.84861171,3.92392087
-0.85777229,3.91996789
-0.86010474,3.90406704
-0.86858350,3.89892054
-0.88002163,3.89891958
-0.89147294,3.89892054
-0.90252095,3.89819884
-0.90797812,3.88775992
-0.91412413,3.87852097
-0.92294616,3.87392020
-0.92976600,3.86584640
-0.93728650,3.85898018
-0.94321781,3.84936881
-0.95446295,3.84891963
-0.96597725,3.84892035
-0.97547591,3.84543610
-0.98176539,3.83641982
-0.99038649,3.83141780
-0.99756175,3.82391977
-1.00910044,3.82391953
-1.02035213,3.82341743
-1.02140117,3.80536556
-1.02920210,3.79892015
-1.04075515,3.79892039
-1.05006897,3.79506564
-1.05660057,3.78642035
-1.06530929,3.78151083
-1.07246518,3.77392125
-1.08403015,3.77392030
-1.09483814,3.77261424
-1.09640062,3.75536394
-1.10423803,3.74891973
-1.11581159,3.74892068
-1.12621403,3.74690175
-1.13220310,3.73725176
-1.13898659,3.72895765
-1.14765584,3.72392058
-1.15922844,3.72392082
-1.16807938,3.71919799
-1.17300487,3.70763826
-1.17957330,3.69892025
-1.19114661,3.69892049
-1.20271087,3.69892025
-1.21322536,3.69709039
-1.21869767,3.68642044
-1.22762430,3.68179941
-1.23470247,3.67392087
-1.24017131,3.66318798
-1.25072765,3.66142011
-1.26227641,3.66141987
-1.27381599,3.66142130
-1.28279722,3.65688872
-1.28470731,3.63974524
-1.29438424,3.63642025
-1.30591440,3.63642073
-1.31295049,3.62836838
-1.32199669,3.62391996
-1.33156586,3.62041140
-1.33810329,3.61141920
-1.34960628,3.61142015
-1.35691738,3.60380793
-1.36572969,3.59891987
-1.37721360,3.59892011
-1.38390052,3.59013391
-1.38745987,3.57555676
-1.39805448,3.57391977
-1.40562212,3.56668615
-1.41425586,3.56142068
-1.42571604,3.56142068
-1.43715918,3.56141973
-1.44439459,3.55353856
-1.44891012,3.54049540
-1.45819306,3.53641987
-1.46961844,3.53641987
-1.47617900,3.52716422
-1.48589396,3.52392030
-1.49527299,3.52003527
-1.50220227,3.51142001
-1.51358914,3.51142025
-1.51895773,3.49972463
-1.52992296,3.49892068
-1.54104209,3.49845076
-1.54628980,3.48642039
-1.55349898,3.47820854
-1.56269372,3.47391963
-1.57403243,3.47392011
-1.58341694,3.47002888
-1.59046614,3.46142030
-1.60177290,3.46141958
-1.61305964,3.46142030
-1.62432444,3.46141982
-1.63162196,3.45327711
-1.63846517,3.44415498
-1.64600277,3.43641973
-1.65182817,3.42505980
-1.66253889,3.42391992
-1.67377210,3.42392015
-1.68498349,3.42392015
-1.69488692,3.42116189
-1.69859707,3.40505981
-1.70696294,3.39892030
-1.71498525,3.39200091
-1.72363198,3.38642025
-1.73481274,3.38641930
-1.74597251,3.38642025
-1.75710964,3.38642025
-1.76267457,3.37392068
-1.77380085,3.37392020
-1.78490496,3.37392020
-1.79250157,3.36592007
-1.79874957,3.35473728
-1.80734324,3.34892011
-1.81842875,3.34891963
-1.82949066,3.34892082
-1.84053028,3.34892058
-1.84633172,3.33642030
-1.85458386,3.32970691
-1.86323237,3.32392001
-1.87425470,3.32391953
-1.88157654,3.31483412
-1.89121091,3.31141949
-1.90220475,3.31142116
-1.91317368,3.31141996
-1.92308438,3.30877900
-1.93018222,3.29892087
-1.94111931,3.29891992
-1.95066130,3.29532504
-1.95818973,3.28641963
-1.96440244,3.27392006
-1.97533000,3.27391982
-1.98623502,3.27391958
-1.99711847,3.27392054
-2.00465894,3.26477170
-2.01432133,3.26142001
-2.02517605,3.26142001
-2.03600955,3.26142049
-2.04544210,3.25747395
-2.05033588,3.24040365
-2.05980706,3.23642063
-2.07063627,3.23642015
-2.08144307,3.23641992
-2.09222794,3.23641992
-2.10203981,3.23353863
-2.10965657,3.22392011
-2.11957359,3.22129941
-2.12717199,3.21142006
-2.13793421,3.21141934
-2.14477491,3.19892049
-2.15553927,3.19892025
-2.16628361,3.19891977
-2.17700434,3.19892001
-2.18770742,3.19892073
-2.19839120,3.19891977
-2.20541120,3.18642020
-2.21609688,3.18642116
-2.22553301,3.18209505
-2.23389769,3.17392015
-2.24109960,3.16142082
-2.25179601,3.16142011
-2.26247191,3.16142035
-2.27313089,3.16142082
-2.28377128,3.16141987
-2.29439402,3.16142035
-2.30178928,3.14892006
-2.31241870,3.14892054
-2.32303071,3.14892077
-2.33243537,3.14408994
-2.33813381,3.12391996
-2.34878039,3.12391925
-2.35941172,3.12391996
-2.37002540,3.12392020
-2.38062239,3.12391949
-2.39120507,3.12391996
-2.39900136,3.11142039
-2.40959406,3.11142063
-2.42017102,3.11142015
-2.43073320,3.11142039
-2.43766022,3.09398341
-2.44671082,3.08642125
-2.45731592,3.08642006
-2.46790767,3.08642006
-2.47606325,3.07392049
-2.48667073,3.07391977
-2.49726486,3.07392144
-2.50784278,3.07392049
-2.51840949,3.07392073
-2.52768993,3.06669521
-2.53734493,3.06142020
-2.54688334,3.05532193
-2.55640244,3.04892063
-2.56699467,3.04892087
-2.57757449,3.04892087
-2.58814001,3.04891968
-2.59869814,3.04891992
-2.60924482,3.04892015
-2.62159681,3.06141973
-2.63207984,3.06142068
-2.64255071,3.06142020
-2.65301251,3.06141949
-2.66346526,3.06141996
-2.67390585,3.06142020
-2.68434048,3.06142116
-2.69476509,3.06142116
-2.70370865,3.04892039
-2.71416044,3.04892087
-2.72460365,3.04892039
-2.73503923,3.04891992
-2.74546552,3.04892039
-2.75462246,3.03642035
-2.76507497,3.03642011
-2.77552342,3.03642106
-2.78596401,3.03641987
-2.79530430,3.02392077
-2.80577588,3.02392054
-2.81421876,2.99892068
-2.82476163,2.99891949
-2.83622575,3.01141953
-2.84671283,3.01141977
-2.85804248,3.02392030
-2.86848068,3.02391958
-2.87967610,3.03642082
-2.89006352,3.03641915
-2.90044689,3.03642058
-2.91146445,3.04892039
-2.92120337,3.03642058
-2.93157530,3.03642011
-2.94194651,3.03641915
-2.95231462,3.03642058
-2.96268010,3.03641963
-2.97304177,3.03641939
-2.98340106,3.03641987
-2.99375892,3.03641963
-3.00411510,3.03642058
-3.01447034,3.03642011
-3.02482104,3.03642058
-3.03517246,3.03642011
-3.04552388,3.03642035
-3.05587506,3.03641939
-3.06622434,3.03642035
-3.07657385,3.03641987
-3.08692408,3.03641987
-3.09727311,3.03642058
-3.10762000,3.03641963
-3.11796999,3.03642011
-3.12852263,3.02392054
-3.13891268,3.02392054
-3.14930415,3.02392006
-3.15969586,3.02391958
-3.17008996,3.02392006
-3.18048406,3.02392030
-3.19087887,3.02392054
-3.20080781,3.03641939
-3.21117020,3.03641987
-3.22153568,3.03642058
-3.23190236,3.03641963
-3.24227238,3.03641963
-3.25264454,3.03641987
-3.26232409,3.04891968
-3.27266431,3.04892063
-3.28300691,3.04892039
-3.29335356,3.04892111
-3.30286121,3.06142092
-3.31317830,3.06142020
-3.32350039,3.06142068
-3.33382535,3.06141996
-3.34415531,3.06142020
-3.35448837,3.06142116
-3.36376357,3.07392001
-3.37407160,3.07392049
-3.38438320,3.07391930
-3.39470053,3.07392073
-3.40502119,3.07392049
-3.41534805,3.07392001
-3.42313409,3.09892035
-3.43340135,3.09892058
-3.44367290,3.09891987
-3.45395184,3.09892058
-3.46423697,3.09892106
-3.47452760,3.09891987
-3.48405290,3.10543752
-3.49361444,3.11141920
-3.50389075,3.11142063
-3.51417208,3.11141992
-3.52446079,3.11141944
-3.53475404,3.11142087
-3.54505634,3.11142087
-3.55536580,3.11142015
-3.56568193,3.11141992
-3.57422686,3.12391996
-3.58452511,3.12392020
-3.59483051,3.12392068
-3.60514307,3.12391949
-3.61546111,3.12391996
-3.62578797,3.12391996
-3.63612223,3.12392044
-3.64446187,3.13642097
-3.65274668,3.14891982
-3.66304016,3.14892030
-3.67334366,3.14891958
-3.68365431,3.14891958
-3.69396996,3.14891982
-3.70429707,3.14892125
-3.71463227,3.14892030
-3.72497392,3.14892054
-3.73449230,3.15349340
-3.74337769,3.16141963
-3.75371528,3.16142058
-3.76333833,3.16523743
-3.77202082,3.17392063
-3.78235340,3.17392039
-3.79269505,3.17392039
-3.80304599,3.17392063
-3.81340599,3.17392135
-3.82123780,3.18642092
-3.83158612,3.18642020
-3.84194303,3.18642044
-3.85230899,3.18641996
-3.86268210,3.18641973
-3.87306571,3.18642020
-3.88345838,3.18641973
-3.89112878,3.19892001
-3.90151334,3.19892025
-3.90912175,3.21142030
-3.91949701,3.21142030
-3.92988086,3.21142101
-3.94027328,3.21142101
-3.95067668,3.21142030
-3.96108818,3.21142006
-3.97150993,3.21142006
-3.97942972,3.22198534
-3.98938489,3.22391939
-3.99980903,3.22391963
-4.00903559,3.22886705
-4.01761103,3.23642039
-4.02803564,3.23641992
-4.03847218,3.23642015
-4.04891825,3.23642063
-4.05937433,3.23642015
-4.06827259,3.24254060
-4.07708979,3.24892020
-4.08754969,3.24892068
-4.09801912,3.24892020
-4.10849619,3.24891973
-4.11691332,3.25671887
-4.12613821,3.26141930
-4.13325548,3.27392006
-4.14372444,3.27392054
-4.15420485,3.27391934
-4.16469431,3.27391934
-4.17519379,3.27391958
-4.18228817,3.28615689
-4.18983364,3.29667282
-4.19968510,3.29892111
-4.21017647,3.29892015
-4.22067881,3.29891896
-4.23119020,3.29892063
-4.24171162,3.29891992
-4.25224352,3.29892111
-4.26278543,3.29892063
-4.26964331,3.31142068
-4.27774620,3.31961775
-4.28699636,3.32391953
-4.29753256,3.32392049
-4.30808067,3.32392120
-4.31863928,3.32392097
-4.32920742,3.32392025
-4.33978558,3.32391977
-4.35037231,3.32392049
-4.35708094,3.33642006
-4.36543608,3.34354806
-4.37433052,3.34892011
-4.38491535,3.34892035
-4.39551163,3.34892011
-4.40611792,3.34892011
-4.41673422,3.34892035
-4.42649031,3.35160804
-4.43393326,3.36142039
-4.44047642,3.37392068
-4.45109272,3.37391996
-4.46171713,3.37392020
-4.47235203,3.37392044
-4.48299742,3.37392092
-4.48950100,3.38631439
-4.50011206,3.38642001
-4.50653696,3.39891982
-4.51718283,3.39891911
-4.52783918,3.39891982
-4.53850698,3.39892006
-4.54636288,3.40709758
-4.55553961,3.41142106
-4.56621790,3.41141987
-4.57253313,3.42391992
-4.58321047,3.42392015
-4.59389973,3.42392015
-4.60460043,3.42392015
-4.61531258,3.42392015
-4.62603426,3.42392063
-4.63369799,3.43245363
-4.63847971,3.44892001
-4.64919424,3.44892025
-4.65991783,3.44892073
-4.67065382,3.44892073
-4.68139935,3.44892073
-4.69036865,3.45376229
-4.69827747,3.46145010
-4.70439148,3.47392058
-4.71514225,3.47391987
-4.72590399,3.47392058
-4.73667717,3.47392058
-4.74640083,3.47671509
-4.74874449,3.49891949
-4.75950956,3.49892116
-4.77028799,3.49891901
-4.78107691,3.49892020
-4.79187727,3.49892044
-4.80268860,3.49892044
-4.80890083,3.51074123
-4.81455517,3.52391934
-4.82536173,3.52392030
-4.83617973,3.52391958
-4.84700918,3.52392006
-4.85784912,3.52392030
-4.86606932,3.53051329
-4.87380219,3.53829241
-4.88037729,3.54892087
-4.89122248,3.54892087
-4.90208340,3.54891968
-4.91295576,3.54892039
-4.92140055,3.55488467
-4.92447376,3.57392097
-4.93534231,3.57392025
-4.94622231,3.57391930
-4.95711327,3.57392025
-4.96801662,3.57391953
-4.97893000,3.57392025
-4.98390055,3.58810687
-4.99026060,3.59892058
-5.00117445,3.59892082
-5.01209974,3.59892011
-5.02303696,3.59892058
-5.03243017,3.60256052
-5.03622866,3.61922908
-5.04514647,3.62392020
-5.05609512,3.62392020
-5.06705713,3.62391925
-5.07616043,3.62821317
-5.08354998,3.63642025
-5.09259987,3.64081621
-5.10001326,3.64892054
-5.11099911,3.64891982
-5.11983061,3.65379524
-5.12416601,3.66876268
-5.13285398,3.67391944
-5.14385080,3.67392039
-5.15486145,3.67391992
-5.16344833,3.67931223
-5.17125225,3.68642020
-5.18052673,3.69027948
-5.18761683,3.69891977
-5.19864988,3.69892097
-5.20701599,3.70475626
-5.21499443,3.71142030
-5.22605085,3.71142030
-5.23690081,3.71189785
-5.24310350,3.72235942
-5.25054121,3.73013973
-5.25867128,3.73641968
-5.26975536,3.73642015
-5.28085518,3.73641992
-5.29196835,3.73642063
-5.29640102,3.75047469
-5.30228710,3.76142049
-5.31340170,3.76141953
-5.32452965,3.76141977
-5.33567142,3.76141977
-5.34353638,3.76820874
-5.34985971,3.77815700
-5.35698652,3.78641987
-5.36814451,3.78642035
-5.37931728,3.78641963
-5.38707018,3.79339194
-5.39552736,3.79892111
-5.40616512,3.80004740
-5.41241884,3.81000328
-5.42291451,3.81142020
-5.43059063,3.81849480
-5.43743658,3.82720399
-5.44401217,3.83642077
-5.45523310,3.83642030
-5.46646881,3.83642006
-5.47771931,3.83642054
-5.48898363,3.83642006
-5.49640083,3.84395909
-5.49995613,3.85900378
-5.50998306,3.86141968
-5.52126646,3.86142015
-5.53256321,3.86141968
-5.54016113,3.86856294
-5.54868126,3.87392068
-5.55618811,3.88121319
-5.56477785,3.88642001
-5.57610750,3.88641977
-5.58376646,3.89340234
-5.58727884,3.90820479
-5.59691191,3.91142011
-5.60826159,3.91142106
-5.61962461,3.91142058
-5.62741184,3.91812301
-5.63568163,3.92391992
-5.64339161,3.93074346
-5.65171671,3.93642068
-5.66311312,3.93642020
-5.67110682,3.94271231
-5.67914343,3.94891977
-5.69056463,3.94891977
-5.69943857,3.95359612
-5.70658588,3.96142030
-5.71486712,3.96716428
-5.72258902,3.97392011
-5.73404264,3.97392011
-5.74281883,3.97877288
-5.74845123,3.98927879
-5.75474691,3.99856615
-5.76602125,3.99891996
-5.77750683,3.99891996
-5.78390121,4.00800419
-5.78643942,4.02391958
-5.79793262,4.02391958
-5.80943871,4.02392006
-5.82095671,4.02392054
-5.83079052,4.02690697
-5.83477831,4.04016304
-5.84131241,4.04892015
-5.85189819,4.05058336
-5.85722733,4.06141996
-5.86877346,4.06141996
-5.88033342,4.06141996
-5.89030123,4.06419563
-5.89640045,4.07366753
-5.90137339,4.08505964
-5.91216230,4.08642054
-5.92064428,4.09175539
-5.92254639,4.10836172
-5.93234491,4.11142015
-5.94393921,4.11142063
-5.95554590,4.11142063
-5.96716499,4.11141968
-5.97140074,4.12396765
-5.97567511,4.13641977
-5.98729801,4.13641977
-5.99892998,4.13642073
-6.00596809,4.14418077
-6.01149464,4.15447521
-6.01900578,4.16142035
-6.03065586,4.16142035
-6.04231834,4.16141939
-6.05398750,4.16141987
-6.06370258,4.16469717
-6.06985092,4.17392015
-6.07826996,4.17934799
-6.08513451,4.18735981
-6.09063387,4.19762659
-6.10154438,4.19892025
-6.10797882,4.20762587
-6.11738014,4.21142101
-6.12908506,4.21142054
-6.13570881,4.21979856
-6.14491415,4.22391939
-6.15619898,4.22463179
-6.15890121,4.23943233
-6.16483402,4.24891996
-6.17655516,4.24891996
-6.18657875,4.25170851
-6.19236612,4.26141977
-6.20267582,4.26374245
-6.20877409,4.27293205
-6.21990776,4.27391958
-6.23164940,4.27392054
-6.23390007,4.28936100
-6.23975945,4.29892063
-6.25150442,4.29892015
-6.25890112,4.30598021
-6.26087427,4.32182598
-6.27132988,4.32392025
-6.28308010,4.32392025
-6.29483557,4.32391977
-6.30551767,4.32565975
-6.30890036,4.33919573
-6.31463861,4.34891939
-6.32639647,4.34891987
-6.33335447,4.35666943
-6.34217024,4.36142015
-6.35393047,4.36142063
-6.35890007,4.37237024
-6.36194420,4.38641977
-6.37370586,4.38642073
-6.38384914,4.38902998
-6.38975668,4.39846373
-6.40123653,4.39892006
-6.40786028,4.40719604
-6.41215086,4.41922426
-6.42099810,4.42391968
-6.43029213,4.42789221
-6.43675947,4.43642044
-6.44851828,4.43642044
-6.45859671,4.43912506
-6.45890093,4.45758677
-6.46827984,4.46142006
-6.48003244,4.46142054
-6.48649597,4.46995020
-6.49578714,4.47392035
-6.50593901,4.47649908
-6.51195240,4.48576403
-6.52328825,4.48641968
-6.53242016,4.49063826
-6.53483248,4.50574303
-6.54306793,4.51141977
-6.55424643,4.51231527
-6.55890083,4.52380466
-6.56392050,4.53471041
-6.57459641,4.53642035
-6.58159113,4.54411983
-6.58707857,4.55428314
-6.59442472,4.56141996
-6.60613966,4.56141996
-6.61784410,4.56141996
-6.62678623,4.56593513
-6.63361311,4.57391977
-6.64138508,4.58035898
-6.64821434,4.58835220
-6.65369892,4.59857130
-6.66490412,4.59935617
-6.67112637,4.60837126
-6.67500210,4.62128782
-6.68508530,4.62391996
-6.69674873,4.62392044
-6.70840120,4.62392044
-6.71984100,4.62425089
-6.72140121,4.64108753
-6.72836208,4.64892054
-6.73999310,4.64891958
-6.74640036,4.65768814
-6.74893236,4.67300653
-6.76001263,4.67392015
-6.76892519,4.67848825
-6.77307653,4.69114017
-6.78011131,4.69891930
-6.78980637,4.70216846
-6.79598856,4.71142006
-6.80375862,4.71796846
-6.81187916,4.72392082
-6.82345390,4.72392035
-6.83346176,4.72660303
-6.83935022,4.73642015
-6.85089540,4.73642111
-6.85890102,4.74256849
-6.85965157,4.76142025
-6.87118864,4.76141977
-6.88190413,4.76283598
-6.88408375,4.77930212
-6.89158440,4.78641987
-6.90309381,4.78642035
-6.91458654,4.78641987
-6.92494726,4.78840923
-6.93055344,4.79892111
-6.94104385,4.80066824
-6.94640112,4.81167555
-6.95109940,4.82392025
-6.96254969,4.82392025
-6.97140026,4.82863998
-6.97245455,4.84767008
-6.98321486,4.84892035
-6.99297619,4.85199261
-6.99930954,4.86142015
-7.01071739,4.86142063
-7.01996899,4.86541843
-7.02346230,4.88023901
-7.03157711,4.88641930
-7.04019785,4.89164972
-7.04775190,4.89891958
-7.05581045,4.90524817
-7.06042910,4.91819477
-7.06516695,4.93098927
-7.07374287,4.93641949
-7.08510971,4.93641949
-7.09177017,4.94558811
-7.09640074,4.95878458
-7.09640074,4.98121023
-7.09940863,4.99784184
-7.06011534,5.09891987
-7.07175064,5.09892035
-7.07899189,5.10772991
-7.08878326,5.11142111
-7.10039091,5.11141968
-7.11197805,5.11142063
-7.12354612,5.11142063
-7.13509464,5.11141968
-7.14600754,5.11269617
-7.14701223,5.13462877
-7.15770292,5.13642025
-7.16923046,5.13641977
-7.18073893,5.13642025
-7.19222689,5.13641977
-7.20369482,5.13642073
-7.21407413,5.13872147
-7.22106981,5.14834976
-7.23224545,5.14891958
-7.24366236,5.14892006
-7.25505781,5.14892006
-7.26643085,5.14891958
-7.27778292,5.14892054
-7.28793573,5.15157461
-7.29490614,5.16141939
-7.30078268,5.17383146
-7.31207991,5.17391968
-7.32339525,5.17392015
-7.33468866,5.17391968
-7.34595871,5.17392015
-7.35720968,5.17391968
-7.36844015,5.17392015
-7.37964916,5.17392015
-7.38952875,5.17705917
-7.39683104,5.18642044
-7.40801239,5.18642092
-7.41917181,5.18642044
-7.43030787,5.18642044
-7.44142580,5.18641996
-7.45252323,5.18642044
-7.46287489,5.18824577
-7.46975279,5.19887304
-7.48080349,5.19891977
-7.49185276,5.19892025
-7.50288200,5.19892025
-7.51310921,5.20096302
-7.52013445,5.21142101
-7.53113890,5.21142006
-7.54212189,5.21142054
-7.55308533,5.21142006
-7.56402874,5.21142101
-7.57102489,5.22219086
-7.58133316,5.22392035
-7.59225225,5.22391939
-7.60314894,5.22392035
-7.61402798,5.22392082
-7.62488842,5.22391987
-7.63573027,5.22392035
-7.64361191,5.23246717
-7.65309238,5.23641968
-7.66391277,5.23642063
-7.67471552,5.23642015
-7.68549728,5.23642063
-7.69626236,5.23642015
-7.70700788,5.23641920
-7.71773577,5.23642063
-7.72844648,5.23641968
-7.73913765,5.23642015
-7.74981117,5.23642015
-7.76046658,5.23642063
-7.77110577,5.23641968
-7.78172493,5.23642015
-7.79232740,5.23642015
-7.80291367,5.23642063
-7.81327343,5.23712301
-7.82036209,5.24892044
-7.83093548,5.24891949
-7.84149075,5.24892044
-7.85203075,5.24891996
-7.86255169,5.24892044
-7.87305975,5.24891996
-7.88355207,5.24891996
-7.89402914,5.24892044
-7.90448999,5.24891949
-7.91493607,5.24892044
-7.92536736,5.24892092
-7.93578434,5.24891949
-7.94618416,5.24892044
-7.95515490,5.25445843
-7.96378422,5.26142025
-7.97418022,5.26142025
-7.98456049,5.26141977
-7.99492788,5.26142073
-8.00226498,5.27392054
-8.01264095,5.27392054
-8.02300453,5.27392101
-8.03335381,5.27392101
-8.04369068,5.27392054
-8.05401611,5.27392054
-8.06432819,5.27392054
-8.07462978,5.27392006
-8.08491802,5.27391958
-8.09519482,5.27391958
-8.10545921,5.27392101
-8.11570835,5.27391958
-8.12595081,5.27391958
-8.13617992,5.27392054
-8.14640045,5.27392054
-8.15660858,5.27392054
-8.16680717,5.27391958
-8.17699432,5.27392006
-8.18717098,5.27392006
-8.19499397,5.28642035
-8.20518684,5.28641987
-8.21537018,5.28641987
-8.22330475,5.29892063
-8.23350143,5.29892063
-8.24369144,5.29891968
-8.25387192,5.29892063
-8.26404285,5.29892063
-8.27420521,5.29892063
-8.28435707,5.29892015
-8.29450417,5.29892015
-8.30464172,5.29892015
-8.31477165,5.29892063
-8.32489395,5.29891968
-8.33500767,5.29892063
-8.34511471,5.29892015
-8.35521603,5.29891968
-8.36530781,5.29891968
-8.37539291,5.29892015
-8.38547230,5.29892063
-8.39554501,5.29892015
-8.40561199,5.29892063
-8.41567230,5.29891968
-8.42415714,5.31142044
-8.43423557,5.31142092
-8.44430923,5.31142092
-8.45294094,5.32363510
-8.46300220,5.32392025
-8.47309208,5.32392073
-8.48317719,5.32392025
-8.49325371,5.32392025
-8.50332928,5.32392025
-8.51339626,5.32392073
-8.52346325,5.32391930
-8.53352165,5.32392073
-8.54358006,5.32391977
-8.55363083,5.32392025
-8.56368160,5.32392073
-8.57372284,5.32392073
-8.58376026,5.32391977
-8.59379864,5.32391930
-8.60382843,5.32392073
-8.61385918,5.32392025
-8.62388039,5.32392073
-8.63390541,5.32392073
-8.64392185,5.32391977
-8.65310097,5.33641958
-8.66314697,5.33642054
-8.67318630,5.33641958
-8.68322849,5.33642006
-8.69326401,5.33641958
-8.70329857,5.33641958
-8.71332741,5.33642101
-8.72335720,5.33641958
-8.73338413,5.33641911
-8.74340916,5.33641911
-8.75343418,5.33642054
-8.76345539,5.33642006
-8.77347755,5.33642054
-8.78349495,5.33642101
-8.79311943,5.34892082
-8.80316734,5.34891987
-8.81321621,5.34891987
-8.82326126,5.34892035
-8.83330250,5.34891939
-8.84335041,5.34892035
-8.85339165,5.34892035
-8.86343861,5.34891939
-8.87347889,5.34891987
-8.88352394,5.34892035
-8.89356709,5.34892035
-8.90360737,5.34891987
-8.91363811,5.36142015
-8.92371178,5.36142111
-8.93374252,5.34891987
-8.94370365,5.33642006
-8.95383263,5.34892082
-8.96387863,5.34892035
-8.97374916,5.33642101
-8.98376179,5.33642054
-8.99377441,5.33642101
-9.00379467,5.33642149
-9.01350117,5.32392025
-9.02348900,5.32391977
-9.03347492,5.32391977
-9.04305267,5.31141996
-9.05300617,5.31142092
-9.06296635,5.31142092
-9.07343769,5.32392073
-9.08288002,5.31141996
-9.09284782,5.31141996
-9.10281086,5.31141949
-9.11408997,5.33642054
-9.12412834,5.33642054
-9.13417435,5.33642054
-9.14574432,5.36142015
-9.15586567,5.36142111
-9.16599274,5.36142111
-9.17699623,5.37391996
-9.18716812,5.37391996
-9.19829082,5.38642073
-9.20949841,5.39892006
-9.21976280,5.39891958
-9.23003483,5.39891958
-9.24031162,5.39892006
-9.25059414,5.39892054
-9.26088715,5.39892006
-9.27118683,5.39892054
-9.28275681,5.41141987
-9.29311085,5.41142082
-9.30347729,5.41141987
-9.31384754,5.41142035
-9.32423592,5.41141987
-9.33462715,5.41142035
-9.34502888,5.41142082
-9.35544491,5.41142035
-9.36587048,5.41141987
-9.37631226,5.41141987
-9.38845730,5.42392015
-9.39896870,5.42391968
-9.40948963,5.42391920
-9.42002869,5.42392063
-9.43058395,5.42392063
-9.44115162,5.42392015
-9.45174122,5.42392063
-9.46234322,5.42391968
-9.47296524,5.42392015
-9.48360348,5.42391968
-9.49426174,5.42392015
-9.50268555,5.41141987
-9.51332664,5.41141987
-9.52399158,5.41142082
-9.53467464,5.41141939
-9.54538059,5.41142082
-9.55610752,5.41142082
-9.56685829,5.41141987
-9.57763481,5.41141939
-9.58807755,5.40975857
-9.59648609,5.39892054
-9.60727501,5.39891911
-9.61809635,5.39892054
-9.62893963,5.39891958
-9.63981533,5.39892006
-9.64804649,5.38817930
-9.65847588,5.38642073
-9.66937065,5.38642073
-9.68029499,5.38641977
-9.69125938,5.38641977
-9.70174313,5.38458633
-9.71017647,5.37546873
-9.71866989,5.36684704
-9.73093605,5.37118101
-9.73586178,5.35096645
-9.74618244,5.34891939
-9.76109982,5.36141920
-9.77219296,5.36142015
-9.78332996,5.36141920
-9.79450607,5.36142111
-9.80572796,5.36142015
-9.81505013,5.35587978
-9.82432556,5.35029364
-9.83367443,5.34500837
-9.84310055,5.34000015
-9.85259819,5.33527327
-9.86217499,5.33080149
-9.87183666,5.32658005
-9.88157654,5.32260370
-9.88627815,5.30634880
-9.89608383,5.30280876
-9.90597916,5.29947186
-9.91707897,5.29892063
-9.92847157,5.29892015
-9.93992996,5.29891968
-9.95144463,5.29892015
-9.96302605,5.29891968
-9.97466946,5.29892063
-9.98638439,5.29892063
-9.99816227,5.29892015
-10.01002026,5.29892015
-10.02194977,5.29891968
-10.03348923,5.29801846
-10.04457188,5.29613638
-10.04898930,5.28187847
-10.06018448,5.28024340
-10.07149792,5.27872705
-10.08293915,5.27731848
-10.09450245,5.27602005
-10.10620308,5.27482557
-10.11803436,5.27372742
-10.12232113,5.26022673
-10.13430405,5.25931787
-10.14642620,5.25849628
-10.15870380,5.25776052
-10.17113209,5.25710583
-10.18372345,5.25652504
-10.18793297,5.24351978
-10.20070457,5.24308872
-10.21365166,5.24272394
-10.22140026,5.23496628
-10.23091984,5.22968626
-10.24425125,5.22950697
-10.25778008,5.22938633
-10.26184464,5.21682024
-10.27560520,5.21680164
-10.28390121,5.20974588
-10.29357529,5.20441055
-10.30780411,5.20453167
-10.31171513,5.19219732
-10.32622051,5.19239950
-10.33390045,5.18455648
-10.34483719,5.18040991
-10.34857178,5.16821384
-10.35890007,5.16335535
-10.36734200,5.15641546
-10.37140083,5.14487839
-10.37422657,5.13221836
-10.38390160,5.12668371
-10.38389969,5.11146784
-10.39624500,5.10858774
-10.39640141,5.09385824
-10.40207386,5.08458662
-10.40890026,5.07644796
-10.40890026,5.06212616
-10.40961170,5.04868460
-10.42140102,5.04514122
-10.42140102,5.03132391
-10.43044758,5.02535295
-10.43390083,5.01468754
-10.43390083,5.00131321
-10.43390083,4.98814487
-10.43704128,4.97762775
-10.44640064,4.97197819
-10.44639969,4.95918846
-10.44640160,4.94657469
-10.44640064,4.93413258
-10.44640064,4.92185450
-10.45890045,4.91846132
-10.45890141,4.90632296
-10.45890045,4.89434052
-10.45890045,4.88250780
-10.45890141,4.87080956
-10.45890045,4.85925198
-10.47140121,4.85556459
-10.47140026,4.84410810
-10.47140121,4.83277845
-10.47140026,4.82157183
-10.47140121,4.81048250
-10.47140121,4.79950476
-10.47107887,4.78846502
-10.47036743,4.77732658
-10.46965981,4.76631212
-10.48070049,4.76142025
-10.48074818,4.75088167
-10.48005390,4.74006605
-10.47937012,4.72936440
-10.47869873,4.71877098
-10.47803974,4.70827579
-10.47740364,4.69788551
-10.47678757,4.68759060
-10.47620106,4.67739534
-10.47565079,4.66728878
-10.47513866,4.65727615
-10.47466278,4.64734745
-10.47424507,4.63750887
-10.47387409,4.62775087
-10.47356415,4.61807108
-10.48161507,4.61142015
-10.48567009,4.60327578
-10.48559189,4.59370947
-10.48560905,4.58421230
-10.48573780,4.57478666
-10.48598576,4.56542921
-10.48635101,4.55613375
-10.48685837,4.54690456
-10.48751545,4.53773403
-10.48834324,4.52862501
-10.48935986,4.51956987
-10.49057484,4.51057529
-10.49201393,4.50162840
-10.49369621,4.49273777
-10.49565220,4.48389435
-10.49639988,4.47476006
-10.49640179,4.46546841
-10.49639988,4.45618010
-10.49640083,4.44690132
-10.49640179,4.43762779
-10.50890064,4.43065929
-10.50889969,4.42129374
-10.50890160,4.41193771
-10.50890064,4.40258217
-10.50890064,4.39322233
-10.50890064,4.38386583
-10.50890160,4.37449932
-10.50890064,4.36513376
-10.50890064,4.35576200
-10.50890064,4.34638596
-10.50890064,4.33700180
-10.50889969,4.32760572
-10.50890064,4.31820393
-10.50889969,4.30878973
-10.50889969,4.29936981
-10.50890064,4.28993464
-10.50890064,4.28048992
-10.50890064,4.27103138
-10.50890064,4.26156139
-10.50890064,4.25207758
-10.52140141,4.24310398
-10.52140141,4.23350811
-10.52140141,4.22389460
-10.52140045,4.21426821
-10.52140141,4.20462275
-10.52140045,4.19496393
-10.52140141,4.18528175
-10.52140045,4.17558432
-10.52140141,4.16587162
-10.52140045,4.15613699
-10.52140045,4.14638615
-10.52140141,4.13661051
-10.52140045,4.12682199
-10.52140045,4.11700821
-10.52140141,4.10717821
-10.53390026,4.09671545
-10.53390217,4.08677292
-10.53390121,4.07681179
-10.53390121,4.06682730
-10.53390121,4.05682707
-10.53390121,4.04680014
-10.53390121,4.03675842
-10.54640102,4.02559757
-10.54640198,4.01544905
-10.54640102,4.00528193
-10.54640102,3.99508858
-10.54640198,3.98488259
-10.54640198,3.97465205
-10.54640102,3.96440697
-10.54640007,3.95413637
-10.54640102,3.94385195
-10.55889988,3.93188095
-10.55890179,3.92150140
-10.55890083,3.91110134
-10.55890083,3.90068126
-10.55890083,3.89024806
-10.55889988,3.87979460
-10.55889988,3.86932969
-10.55890083,3.85884333
-10.55890179,3.84834743
-10.55890179,3.83783770
-10.55890179,3.82731128
-10.55889988,3.81677198
-10.58390045,3.80156374
-10.58390141,3.79089999
-10.58390141,3.78022099
-10.58390141,3.76953363
-10.58390045,3.75883007
-10.58389950,3.74812198
-10.58390236,3.73740387
-10.58390141,3.72666860
-10.58390045,3.71592951
-10.58390045,3.70517564
-10.59640026,3.69162965
-10.59640121,3.68081546
-10.59640026,3.66999412
-10.59640121,3.65915895
-10.59640026,3.64831972
-10.59640121,3.63746953
-10.59640026,3.62660623
-10.59640121,3.61573982
-10.59640121,3.60486054
-10.59640121,3.59397292
-10.59640121,3.58307314
-10.59640121,3.57216859
-10.60890198,3.55800104
-10.60890102,3.54703569
-10.60890102,3.53606558
-10.62140083,3.52172041
-10.62139988,3.51069760
-10.62140083,3.49966145
-10.62140179,3.48862076
-10.62140179,3.47756219
-10.62139988,3.46649861
-10.62140179,3.45542455
-10.62140083,3.44433641
-10.62140083,3.43324184
-10.62140083,3.42213202
-10.62140083,3.41101456
-10.62140179,3.39988112
-10.62140083,3.38874006
-10.62140083,3.37758136
-10.62140083,3.36641455
-10.62140179,3.35523462
-10.62140083,3.34403682
-10.62140179,3.33282852
-10.62140083,3.32160139
-10.62140179,3.31036305
-10.62140083,3.29910564
-10.62140179,3.28783607
-10.62140179,3.27655363
-10.62140083,3.26524973
-10.62140179,3.25393224
-10.62139988,3.24259305
-10.62140179,3.23124290
-10.60890198,3.22413564
-10.60890102,3.21278191
-10.60890102,3.20140481
-10.60890102,3.19001603
-10.60890102,3.17860699
-10.60890102,3.16717672
-10.62140083,3.15126109
-10.62140083,3.13975525
-10.62140083,3.12823105
-10.60890198,3.12125659
-10.60890102,3.10972595
-10.60890102,3.09817123
-10.60384655,3.08848834
-10.59640217,3.07971454
-10.59640026,3.06813121
-10.59640121,3.05652618
-10.59640121,3.04489493
-10.59640217,3.03324628
-10.59640121,3.02156639
-10.59017658,3.01232171
-10.58390141,3.00311041
-10.58390141,2.99139500
-10.58390236,2.97965503
-10.57841301,2.97011518
-10.57140160,2.96121025
-10.57140064,2.94942594
-10.57140064,2.93761897
-10.57140160,2.92577934
-10.56199360,2.91788244
-10.55890083,2.90733361
-10.55395794,2.89756107
-10.54640102,2.88892055
-10.54640007,2.87701225
-10.54640102,2.86508060
-10.54345131,2.85441232
-10.52886009,2.84890342
-10.52140141,2.84026647
-10.52140141,2.82828927
-10.52093410,2.81648993
-10.51166534,2.80868125
-10.50890064,2.79791164
-10.49640083,2.79163790
-10.49640179,2.77957749
-10.48992062,2.77052641
-10.48390102,2.76127243
-10.47140026,2.75512171
-10.47140121,2.74300027
-10.45990944,2.73642015
-10.44755745,2.73030162
-10.44311523,2.72034478
-10.43389988,2.71274376
-10.43390083,2.70057082
-10.42690659,2.69187164
-10.41618443,2.68508410
-10.40029812,2.68097258
-10.39640045,2.67076731
-10.39083099,2.66142011
-10.37374401,2.65808725
-10.36597919,2.64994121
-10.34640026,2.64807343
-10.34640026,2.63586259
-10.33816624,2.62803602
-10.33390141,2.61808228
-10.32359314,2.61142063
-10.30890083,2.60720611
-10.30889988,2.59492064
-10.29604912,2.58976841
-10.28272533,2.58494782
-10.27565765,2.57663488
-10.25883389,2.57392049
-10.24932098,2.56708765
-10.23785305,2.56141996
-10.22336197,2.55757856
-10.22140026,2.54642487
-10.20754337,2.54231000
-10.19640064,2.53663874
-10.19326496,2.52619410
-10.17664051,2.52392030
-10.16806412,2.51682043
-10.15678310,2.51142001
-10.13690186,2.51141977
-10.12465191,2.50677609
-10.12030411,2.49719834
-10.10681629,2.49342871
-10.09640121,2.48776150
-10.09554482,2.47596359
-10.07963562,2.47391987
-10.06077957,2.47392058
-10.05331326,2.46651745
-10.04240513,2.46142006
-10.02399826,2.46142054
-10.01172066,2.45739651
-10.00607300,2.44891977
-9.98809719,2.44891977
-9.97074318,2.44862103
-9.96554375,2.43995476
-9.95304108,2.43641973
-9.93566513,2.43642020
-9.92532063,2.43151736
-9.91982460,2.42317557
-9.90773392,2.41961384
-9.89640045,2.41557193
-9.89640045,2.40323234
-9.88551044,2.39891982
-9.86893463,2.39892054
-9.85836506,2.39450693
-9.85270119,2.38642025
-9.83647060,2.38642001
-9.82040501,2.38642073
-9.80448818,2.38642049
-9.77278042,2.39892006
-9.75728416,2.39892054
-9.74193859,2.39891958
-9.72673130,2.39892030
-9.71535683,2.39593482
-9.70890141,2.38901305
-9.70890045,2.37679267
-9.69751263,2.37392020
-9.68274975,2.37391973
-9.67400265,2.36898565
-9.66840172,2.36142039
-9.65391159,2.36141968
-9.64895153,2.35334682
-9.63975716,2.34892035
-9.62825966,2.34654260
-9.62421322,2.33768678
-9.62140179,2.32770967
-9.61678505,2.31929159
-9.60890007,2.31378961
-9.60890102,2.30117273
-9.60563564,2.29143620
-9.60166073,2.28231359
-9.59771347,2.27312851
-9.59379292,2.26388431
-9.58261204,2.26142001
-9.55568695,2.27392030
-9.54389000,2.27227855
-9.53429890,2.26859355
-9.52478218,2.26487541
-9.51503372,2.26142001
-9.50181103,2.26142001
-9.48867989,2.26142073
-9.47564411,2.26142049
-9.46579933,2.25830722
-9.45890045,2.25226426
-9.45890141,2.23919487
-9.44876099,2.23642039
-9.44040680,2.23185301
-9.43530178,2.22391939
-9.42366982,2.22280478
-9.42140102,2.21187282
-9.41777897,2.20230961
-9.40833473,2.19892049
-9.40447521,2.18955541
-9.40069008,2.18005943
-9.39377880,2.17392039
-9.38453579,2.17035031
-9.38390160,2.15726042
-9.38390064,2.14336419
-9.38056946,2.13309145
-9.37678051,2.12328148
-9.37300301,2.11339808
-9.37140083,2.10096097
-9.38390064,2.07212853
-9.38389969,2.05752254
-9.38390064,2.04279995
-9.38390064,2.02795100
-9.38390064,2.01298380
-9.38390064,1.99788761
-9.38390064,1.98267341
-9.38284588,1.96860814
-9.37894344,1.95790350
-9.37505150,1.94713020
-9.37140083,1.93598878
-9.37140083,1.92023361
-9.37140083,1.90434361
-9.37140083,1.88832510
-9.37140179,1.87216854
-9.37137985,1.85591030
-9.36740398,1.84461212
-9.36342907,1.83323503
-9.35946083,1.82178485
-9.35890102,1.80578732
-9.35890102,1.78892910
-9.35890007,1.77192521
-9.35890007,1.75478697
-9.35890102,1.73750067
-9.35890102,1.72008860
-9.35198116,1.71196759
-9.34268951,1.70707095
-9.33858204,1.69504368
-9.33447647,1.68293369
-9.33390141,1.66582119
-9.33390141,1.64775872
-9.33390141,1.62956238
-9.33390045,1.61122286
-9.33203983,1.59539139
-9.32333469,1.58932090
-9.31916428,1.57667327
-9.31491947,1.56407309
-9.31067371,1.55138803
-9.30890179,1.53499389
-9.30890083,1.51584208
-9.30150795,1.50759101
-9.29640102,1.49588335
-9.29355145,1.48069763
-9.28510666,1.47391975
-9.27240944,1.47363496
-9.27083302,1.45634091
-9.26231384,1.44964516
-9.25890064,1.43501627
-9.25316525,1.42392027
-9.24176693,1.42168355
-9.23547649,1.41141999
-9.22360611,1.40997231
-9.22140121,1.39314103
-9.21472359,1.38337481
-9.20641518,1.37622142
-9.19510746,1.37392008
-9.18891716,1.36331606
-9.17739487,1.36142027
-9.16862679,1.35502136
-9.15968132,1.34892082
-9.15363693,1.33796835
-9.14196587,1.33641970
-9.13110828,1.33354640
-9.12305260,1.32596052
-9.11502934,1.31829643
-9.10654163,1.31142032
-9.09406185,1.31142020
-9.08685112,1.30234420
-9.07794952,1.29619265
-9.07005310,1.28827250
-9.05870533,1.28642011
-9.04632759,1.28642035
-9.03405285,1.28631163
-9.02627754,1.27820814
-9.01637077,1.27392089
-9.00410271,1.27391994
-8.99763012,1.26344299
-8.98982143,1.25536788
-8.98110771,1.24891973
-8.96889687,1.24891973
-8.95671749,1.24892068
-8.94681454,1.24473882
-8.93912697,1.23641980
-8.92700386,1.23642027
-8.91491890,1.23641980
-8.90422153,1.23382449
-8.89676380,1.22507858
-8.88533211,1.22392094
-8.87531853,1.22007430
-8.86845589,1.21012199
-8.86105824,1.20118141
-8.85023308,1.19892001
-8.83827305,1.19892037
-8.82634258,1.19892013
-8.81443691,1.19892073
-8.80256462,1.19892001
-8.79211235,1.19610095
-8.78486347,1.18684375
-8.77324295,1.18642020
-8.76143932,1.18642092
-8.75073433,1.18421948
-8.74356270,1.17475879
-8.73220825,1.17392027
-8.72046757,1.17392123
-8.70875931,1.17392051
-8.69706821,1.17392051
-8.68540478,1.17392027
-8.67592716,1.16932225
-8.66799450,1.16142094
-8.65637207,1.16142094
-8.64476871,1.16142023
-8.63319206,1.16141987
-8.62714958,1.14940023
-8.61580563,1.14892030
-8.60766220,1.14142954
-8.59838772,1.13642049
-8.58685875,1.13642049
-8.57534885,1.13642013
-8.56386185,1.13642025
-8.55239201,1.13642001
-8.54116917,1.13591731
-8.53430462,1.12550879
-8.52356911,1.12392044
-8.51215172,1.12392056
-8.50075912,1.12391949
-8.48938370,1.12391984
-8.47802353,1.12392008
-8.46668625,1.12392080
-8.45536423,1.12391984
-8.44406223,1.12392044
-8.43568516,1.11698794
-8.42673111,1.11142075
-8.41546154,1.11142027
-8.40420341,1.11142099
-8.39299488,1.11135375
-8.38685513,1.09892011
-8.37563038,1.09892058
-8.36441708,1.09892070
-8.35322380,1.09892035
-8.34204292,1.09891975
-8.33088493,1.09892094
-8.31974316,1.09891963
-8.30861187,1.09892011
-8.29750061,1.09892046
-8.28640366,1.09892046
-8.27849960,1.09073901
-8.26908493,1.08642113
-8.25801468,1.08641958
-8.24695206,1.08642018
-8.23591232,1.08642042
-8.22488594,1.08642006
-8.21387386,1.08641958
-8.20402527,1.08335209
-8.19654369,1.07392049
-8.18555450,1.07392061
-8.17457485,1.07392037
-8.16361332,1.07392037
-8.15266895,1.07392013
-8.14173126,1.07391942
-8.13081360,1.07392097
-8.11990356,1.07392061
-8.10901260,1.07392001
-8.09813309,1.07391989
-8.08726883,1.07392049
-8.07641506,1.07392001
-8.06557655,1.07392013
-8.05475235,1.07392061
-8.04393864,1.07391989
-8.03313923,1.07392061
-8.02235031,1.07392001
-8.01157856,1.07391977
-8.00081635,1.07391930
-7.99006796,1.07391977
-7.97932816,1.07391989
-7.96860647,1.07392013
-7.95789671,1.07392085
-7.94719315,1.07392001
-7.93650913,1.07392085
-7.92583036,1.07392013
-7.91516781,1.07392001
-7.90495300,1.07254851
-7.89785767,1.06141996
-7.88720798,1.06142020
-7.87656593,1.06141925
-7.86593962,1.06141984
-7.85532045,1.06141949
-7.84471655,1.06142044
-7.83411980,1.06142020
-7.82353449,1.06142116
-7.81295967,1.06142080
-7.80239964,1.06142020
-7.79185009,1.06142056
-7.78130674,1.06142056
-7.77077866,1.06142032
-7.76025534,1.06142080
-7.74974632,1.06142080
-7.73924208,1.06142128
-7.72875309,1.06142008
-7.71826839,1.06141937
-7.70780134,1.06141996
-7.70062494,1.04987895
-7.69042301,1.04891980
-7.67996073,1.04891992
-7.66950321,1.04892015
-7.65906191,1.04892111
-7.65001965,1.04386508
-7.64162540,1.03641987
-7.63118935,1.03641999
-7.62075615,1.03642070
-7.61033964,1.03642046
-7.59992743,1.03642070
-7.58952713,1.03641987
-7.57913017,1.03641927
-7.56874561,1.03642082
-7.55836821,1.03641975
-7.54800272,1.03642058
-7.53764486,1.03642011
-7.52729321,1.03641987
-7.51695299,1.03642023
-7.50661612,1.03642011
-7.49629068,1.03641999
-7.48597097,1.03641999
-7.47566319,1.03642118
-7.46535730,1.03642035
-7.45506239,1.03642118
-7.44477797,1.03641939
-7.43454123,1.03623104
-7.42720699,1.02392018
-7.41692019,1.02392054
-7.40664482,1.02392018
-7.39637089,1.02392042
-7.38611031,1.02392030
-7.37585592,1.02392042
-7.36560392,1.02391994
-7.35536051,1.02392018
-7.34512281,1.02392030
-7.33489513,1.02391994
-7.32466793,1.02391958
-7.31445456,1.02392042
-7.30424213,1.02391994
-7.29403925,1.02391970
-7.28384447,1.02392066
-7.27365065,1.02391994
-7.26346636,1.02392030
-7.25328588,1.02392066
-7.24311447,1.02392077
-7.23294353,1.02392006
-7.22278500,1.02392077
-7.21509361,1.01194775
-7.20503378,1.01142049
-7.19487286,1.01142073
-7.18471289,1.01142097
-7.17456102,1.01142013
-7.16441298,1.01141977
-7.15427303,1.01141930
-7.14413309,1.01141965
-7.13400412,1.01142037
-7.12387943,1.01141989
-7.11375380,1.01142013
-7.10363960,1.01142025
-7.09352589,1.01141965
-7.08342266,1.01142001
-7.07331848,1.01141942
-7.06322193,1.01142025
-7.05312824,1.01142037
-7.04304266,1.01141930
-7.03295898,1.01141989
-7.02287817,1.01141977
-7.01280451,1.01142049
-7.00272989,1.01142085
-6.99266577,1.01142001
-6.98260069,1.01141977
-6.97425365,1.00147498
-6.96462059,0.99892068
-6.95455408,0.99892098
-6.94448996,0.99892080
-6.93442869,0.99892026
-6.92437363,0.99892110
-6.91431713,0.99891955
-6.90426970,0.99891961
-6.89422083,0.99892080
-6.88417912,0.99892050
-6.87414169,0.99891984
-6.86410379,0.99892008
-6.85407114,0.99892098
-6.84404039,0.99892074
-6.83401489,0.99891979
-6.82398748,0.99892050
-6.81397057,0.99891979
-6.80395079,0.99891937
-6.79393625,0.99892032
-6.78392696,0.99892014
-6.77391624,0.99892008
-6.76390982,0.99891984
-6.75390530,0.99892026
-6.74390602,0.99892038
-6.73390388,0.99891913
-6.72567558,0.98641968
-6.71566582,0.98642105
-6.70566130,0.98641938
-6.69566154,0.98641944
-6.68565893,0.98642033
-6.67566156,0.98642027
-6.66566133,0.98641962
-6.65566969,0.98641956
-6.64567614,0.98642004
-6.63568592,0.98642051
-6.62570143,0.98641980
-6.61571360,0.98641926
-6.60573101,0.98641980
-6.59574461,0.98642033
-6.58576727,0.98642105
-6.57578707,0.98642045
-6.56581116,0.98641938
-6.55583525,0.98642087
-6.54586506,0.98642057
-6.53589487,0.98642033
-6.52592087,0.98642087
-6.51595211,0.98641932
-6.50598383,0.98642004
-6.49601936,0.98641974
-6.48605204,0.98641998
-6.47608948,0.98641902
-6.46612644,0.98642004
-6.45757866,0.97391981
-6.44760895,0.97392011
-6.43763590,0.97392058
-6.42767048,0.97392106
-6.41770220,0.97392046
-6.40773821,0.97391933
-6.39777040,0.97391945
-6.38780689,0.97392011
-6.37784719,0.97392005
-6.36788464,0.97391987
-6.35792542,0.97392112
-6.34796333,0.97391963
-6.33800459,0.97392082
-6.32804346,0.97392029
-6.31808949,0.97392017
-6.30813217,0.97392064
-6.29817867,0.97391981
-6.28822565,0.97391981
-6.27826881,0.97392011
-6.26831961,0.97391933
-6.25836372,0.97391969
-6.24841452,0.97391993
-6.23846245,0.97392035
-6.22851419,0.97392011
-6.21856213,0.97391999
-6.20861435,0.97391915
-6.19866610,0.97392088
-6.18871450,0.97392005
-6.17988300,0.96142036
-6.16992569,0.96142018
-6.15997267,0.96142024
-6.15001583,0.96142101
-6.14006329,0.96142066
-6.13011122,0.96142006
-6.12015486,0.96142006
-6.11020279,0.96142107
-6.10024691,0.96142018
-6.09029531,0.96142024
-6.08033943,0.96141940
-6.06937504,0.97392118
-6.05942869,0.97392088
-6.04948616,0.97391993
-6.03954315,0.97391945
-6.02959728,0.97392011
-6.01965475,0.97392017
-6.00971174,0.97392023
-5.99977350,0.97391945
-5.98982763,0.97391945
-5.97988510,0.97391969
-5.96993971,0.97391951
-5.95999718,0.97392058
-5.95005560,0.97392029
-5.94010973,0.97392064
-5.93016863,0.97391963
-5.92022276,0.97392046
-5.91028166,0.97391975
-5.90033674,0.97391951
-5.89039564,0.97392017
-5.88171482,0.95566761
-5.87222195,0.94892013
-5.86226702,0.94892001
-5.85146713,0.96141982
-5.84151983,0.96142083
-5.83156967,0.96142066
-5.82162237,0.96142077
-5.81166887,0.96141940
-5.80171919,0.96141952
-5.79176950,0.96142089
-5.78181648,0.96141952
-5.77186823,0.96141934
-5.76191521,0.96142000
-5.75196743,0.96141940
-5.74201536,0.96142077
-5.73206425,0.96141922
-5.72210979,0.96142066
-5.71215916,0.96141940
-5.70220947,0.96141994
-5.69151592,0.97391981
-5.68156815,0.97392035
-5.67161751,0.97392005
-5.66167164,0.97392017
-5.65172148,0.97392052
-5.64106369,0.98642063
-5.63112068,0.98642051
-5.62047195,0.99892139
-5.61053467,0.99892050
-5.60059357,0.99892068
-5.59065294,0.99892074
-5.58070993,0.99892062
-5.57009268,1.01142037
-5.56015348,1.01142001
-5.55021858,1.01142061
-5.53961897,1.02392042
-5.52968168,1.02392018
-5.51909590,1.03642106
-5.50916004,1.03641999
-5.49922752,1.03641975
-5.48865366,1.04891968
-5.47872591,1.04892087
-5.46816111,1.06141996
-5.45823383,1.06141996
-5.44830704,1.06142032
-5.43837547,1.06141973
-5.42844439,1.06141949
-5.41911840,1.04892087
-5.40918255,1.04891992
-5.39924335,1.04892027
-5.38930416,1.04891956
-5.37936497,1.04892027
-5.36942148,1.04891968
-5.35948181,1.04892051
-5.34953451,1.04892004
-5.34017086,1.03642082
-5.33021927,1.03641999
-5.32027245,1.03642046
-5.31032133,1.03641951
-5.30036974,1.03642070
-5.29041862,1.03642046
-5.28046274,1.03641987
-5.27051115,1.03642035
-5.26111031,1.02392042
-5.25170326,1.01141977
-5.24173832,1.01141977
-5.23177671,1.01142061
-5.22181082,1.01141953
-5.21184492,1.01142049
-5.20187902,1.01142061
-5.19190931,1.01142013
-5.18247700,0.99891949
-5.17250109,0.99892092
-5.16252851,0.99892050
-5.15255165,0.99892038
-5.14257908,0.99892074
-5.13260651,0.99892020
-5.12262964,0.99892098
-5.11265326,0.99891955
-5.10318899,0.98642033
-5.09320974,0.98642039
-5.08322716,0.98642045
-5.07324791,0.98641938
-5.06326056,0.98642057
-5.05327702,0.98642063
-5.04329395,0.98642051
-5.03330612,0.98642021
-5.02382660,0.97392029
-5.01383734,0.97392076
-5.00434923,0.96142006
-4.99435472,0.96141982
-4.98436451,0.96142054
-4.97436953,0.96142077
-4.96437883,0.96141946
-4.95487976,0.94892013
-4.94488001,0.94891995
-4.93488407,0.94891942
-4.92488384,0.94892055
-4.91488791,0.94892114
-4.90488815,0.94891971
-4.89489126,0.94892013
-4.88489103,0.94892085
-4.87537718,0.93641925
-4.86537552,0.93642062
-4.85537100,0.93642098
-4.84536982,0.93642056
-4.83536434,0.93642020
-4.82536316,0.93642128
-4.81535387,0.93641990
-4.80534840,0.93641990
-4.79534292,0.93642116
-4.78533316,0.93641984
-4.77581549,0.92391956
-4.76580524,0.92392057
-4.75579882,0.92392033
-4.74578524,0.92391962
-4.73577499,0.92392004
-4.72576094,0.92392009
-4.71575022,0.92392111
-4.70622969,0.91142035
-4.69621563,0.91142052
-4.68620539,0.91142035
-4.67668295,0.89891940
-4.66666889,0.89891934
-4.65665102,0.89892095
-4.64663696,0.89892089
-4.63662243,0.89892006
-4.62660456,0.89891964
-4.61659002,0.89891982
-4.60657167,0.89892024
-4.59655714,0.89891994
-4.58653831,0.89892107
-4.57702494,0.88642043
-4.56700373,0.88641953
-4.55698538,0.88642019
-4.54696751,0.88641977
-4.53694582,0.88642049
-4.52692747,0.88642013
-4.51690578,0.88641971
-4.50688744,0.88642055
-4.49686527,0.88642001
-4.48684645,0.88642073
-4.47733593,0.87392050
-4.46731424,0.87392074
-4.45729303,0.87391943
-4.44726753,0.87392014
-4.43724632,0.87392062
-4.42774582,0.86142063
-4.41772604,0.86142033
-4.40770197,0.86141932
-4.39768171,0.86142051
-4.38766146,0.86142105
-4.37817192,0.84892005
-4.36815310,0.84892064
-4.35813046,0.84892029
-4.34810829,0.84892046
-4.33808184,0.84892088
-4.32805824,0.84892064
-4.31803131,0.84892052
-4.30800772,0.84892082
-4.29798412,0.84892017
-4.28795719,0.84891951
-4.27849150,0.83642066
-4.26846600,0.83642036
-4.25844431,0.83642030
-4.24841833,0.83642006
-4.23839664,0.83642000
-4.22837019,0.83642089
-4.21834755,0.83642054
-4.20832443,0.83642006
-4.19829750,0.83642036
-4.18827486,0.83642066
-4.17824745,0.83641922
-4.16822338,0.83642000
-4.15878630,0.82392079
-4.14876509,0.82392085
-4.13874340,0.82392049
-4.12871742,0.82392055
-4.11869526,0.82392031
-4.10866880,0.82392049
-4.09925461,0.81142026
-4.08922720,0.81142026
-4.07920694,0.81141979
-4.06918192,0.81141955
-4.05977869,0.79892051
-4.04975748,0.79891998
-4.03973484,0.79892087
-4.02971220,0.79892081
-4.01968575,0.79892069
-4.00966215,0.79892099
-3.99963498,0.79891998
-3.99025559,0.78641987
-3.98023105,0.78642029
-3.97021365,0.78641981
-3.96019197,0.78642029
-3.95016599,0.78642046
-3.94014740,0.78641963
-3.93012452,0.78642076
-3.92010498,0.78642070
-3.91008139,0.78642011
-3.90006089,0.78642058
-3.89072037,0.77392077
-3.88069892,0.77392042
-3.87068081,0.77391976
-3.86065817,0.77392077
-3.85063910,0.77392018
-3.84061575,0.77392006
-3.83059549,0.77392060
-3.82057095,0.77392030
-3.81054997,0.77392060
-3.80052829,0.77392012
-3.79121971,0.76141965
-3.78120065,0.76142013
-3.77117705,0.76142067
-3.76115680,0.76142043
-3.75113177,0.76142007
-3.74111080,0.76142019
-3.73108459,0.76142132
-3.72180676,0.74892056
-3.71179104,0.74892008
-3.70177126,0.74892068
-3.69175410,0.74892044
-3.68173265,0.74892002
-3.67171431,0.74892002
-3.66169167,0.74891990
-3.65167212,0.74891907
-3.64264131,0.73299938
-3.63318896,0.72392005
-3.62317443,0.72392035
-3.61315608,0.72392064
-3.60314083,0.72392029
-3.59391904,0.71141976
-3.58391023,0.71142060
-3.57389712,0.71142030
-3.56388712,0.71142066
-3.55387664,0.71142018
-3.54386139,0.71141994
-3.53384948,0.71142030
-3.52383280,0.71142095
-3.51381969,0.71141982
-3.50432706,0.70355564
-3.49462581,0.69892025
-3.48461056,0.69892079
-3.47459841,0.69892091
-3.46458554,0.69892043
-3.45456862,0.69892037
-3.44455814,0.69892013
-3.43454337,0.69892037
-3.42453146,0.69892031
-3.41451502,0.69892067
-3.40450191,0.69891965
-3.39448762,0.69892055
-3.38446903,0.69891953
-3.37534308,0.68642056
-3.36532736,0.68642020
-3.35531425,0.68641967
-3.34529710,0.68641979
-3.33528280,0.68641979
-3.32526374,0.68642038
-3.31524801,0.68642092
-3.30523539,0.68642026
-3.29521799,0.68642032
-3.28520393,0.68642044
-3.27518511,0.68641996
-3.26516914,0.68641967
-3.25514865,0.68642002
-3.24513125,0.68641943
-3.23510957,0.68642068
-3.22604299,0.67392063
-3.21602750,0.67391992
-3.20600724,0.67392004
-3.19599009,0.67392033
-3.18596864,0.67391914
-3.17594981,0.67392075
-3.16494966,0.68642050
-3.15492558,0.68642050
-3.14490056,0.68642062
-3.13487458,0.68642080
-3.12485170,0.68642133
-3.11582184,0.67392111
-3.10580158,0.67391992
-3.09577680,0.67392093
-3.08575511,0.67391992
-3.07572842,0.67392009
-3.06570482,0.67392075
-3.05568099,0.67391926
-3.04565215,0.67392015
-3.03562665,0.67392033
-3.02559638,0.67391938
-3.01556897,0.67392027
-3.00553703,0.67392117
-2.99550843,0.67392033
-2.98547482,0.67391956
-2.97544432,0.67392069
-2.96541715,0.67392021
-2.95538545,0.67391980
-2.94535661,0.67392027
-2.93532324,0.67392087
-2.92529297,0.67392105
-2.91418219,0.68642044
-2.90414667,0.68642020
-2.89411020,0.68642056
-2.88406944,0.68642002
-2.87294102,0.69892037
-2.86289501,0.69892079
-2.85285234,0.69891971
-2.84280491,0.69892019
-2.83386636,0.68642050
-2.82382131,0.68642026
-2.81377959,0.68641996
-2.80485344,0.67392015
-2.79480982,0.67392015
-2.78476954,0.67392009
-2.77585149,0.66141987
-2.76581693,0.66141975
-2.75577784,0.66142011
-2.74574232,0.66142058
-2.73570204,0.66142035
-2.72566485,0.66142023
-2.71562719,0.66141987
-2.70558476,0.66142124
-2.69554567,0.66142046
-2.68550205,0.66142023
-2.67546177,0.66142029
-2.66541648,0.66142100
-2.65537500,0.66141957
-2.64533257,0.66142046
-2.63528562,0.66141963
-2.62524223,0.66142035
-2.61519408,0.66142070
-2.60514927,0.66142011
-2.59510040,0.66141921
-2.58505416,0.66142112
-2.57619548,0.64892083
-2.56615162,0.64892071
-2.55610681,0.64892066
-2.54605746,0.64892036
-2.53480768,0.66142017
-2.52354813,0.67392039
-2.51349545,0.67392039
-2.50525570,0.65521926
-2.49582219,0.64892077
-2.48455596,0.66142017
-2.47450781,0.66141933
-2.46490121,0.65690053
-2.45563221,0.64892066
-2.44558525,0.64891976
-2.43553376,0.64892006
-2.42548609,0.64891994
-2.41419649,0.66142094
-2.40414524,0.66142017
-2.39409304,0.66142094
-2.38403678,0.66142052
-2.37398410,0.66142118
-2.36392689,0.66141933
-2.35387301,0.66142094
-2.34381509,0.66142017
-2.33376074,0.66142040
-2.32370186,0.66142088
-2.31364632,0.66142106
-2.30359077,0.66141951
-2.29353094,0.66142064
-2.28347468,0.66142040
-2.27341413,0.66142046
-2.26335669,0.66142040
-2.25329542,0.66142070
-2.24323773,0.66142094
-2.23317575,0.66142035
-2.22311735,0.66142094
-2.21305871,0.66142005
-2.20299578,0.66142064
-2.19293666,0.66142023
-2.18287325,0.66142017
-2.17281342,0.66142029
-2.16274953,0.66141975
-2.15268922,0.66142052
-2.14132929,0.67391974
-2.13126302,0.67391938
-2.12119985,0.67392063
-2.11113262,0.67392004
-2.10106945,0.67391956
-2.09100199,0.67391998
-2.08093810,0.67391938
-2.06955838,0.68642038
-2.05949259,0.68642074
-2.04942656,0.68642098
-2.03935695,0.68642086
-2.02929068,0.68641990
-2.01922035,0.68642098
-2.00915456,0.68642014
-1.99776018,0.69891977
-1.98769200,0.69892013
-1.97762024,0.69892019
-1.96755195,0.69892085
-1.95881438,0.68642020
-1.94741213,0.69892097
-1.93734396,0.69892097
-1.92727244,0.69891953
-1.91720438,0.69891995
-1.90713263,0.69892031
-1.89706481,0.69892013
-1.88699698,0.69892031
-1.87558389,0.71141934
-1.86551476,0.71142131
-1.85544205,0.71142071
-1.84537327,0.71142101
-1.83395422,0.72392106
-1.82388473,0.72392088
-1.81381166,0.72391951
-1.80374241,0.72392046
-1.79367352,0.72391927
-1.78360081,0.72391951
-1.77353227,0.72391957
-1.76210546,0.73642111
