s,left_width,right_width
0.00000000,1.38888916,1.05031006
0.01000000,1.39001465,1.04920654
0.02000000,1.39113770,1.04810303
0.03000000,1.39226318,1.04699707
0.04000000,1.39338867,1.04589111
0.05000000,1.41966309,1.04478271
0.06000000,1.42079102,1.04367188
0.07000000,1.42192139,1.04256104
0.08000000,1.42304932,1.04145020
0.09000000,1.44932861,1.06548584
0.10000000,1.45045898,1.06437012
0.11000000,1.45158936,1.06325684
0.12000000,1.45272217,1.06213867
0.13000000,1.45385498,1.06102295
0.14000000,1.45498779,1.05990234
0.15000001,1.45612061,1.05878418
0.16000000,1.48240234,1.05766357
0.17000000,1.48353760,1.05654053
0.18000001,1.48467285,1.05541748
0.19000000,1.48580811,1.05429443
0.20000000,1.48694336,1.05317139
0.20999999,1.51322998,1.05204590
0.22000000,1.51436523,1.05091797
0.23000000,1.51550049,1.04979004
0.23999999,1.51663818,1.04866211
0.25000000,1.51777588,1.04753418
0.25999999,1.54406250,1.04640381
0.27000001,1.54520020,1.04527588
0.28000000,1.54633789,1.04414307
0.28999999,1.54747559,1.04301270
0.30000001,1.54861084,1.04187988
0.31000000,1.57489990,1.04074707
0.31999999,1.57603760,1.03961182
0.33000001,1.60232666,1.03847900
0.34000000,1.60346436,1.06249512
0.34999999,1.60460205,1.06135986
0.36000001,1.60573975,1.06022217
0.37000000,1.63202637,1.05908691
0.38000000,1.63316406,1.05794922
0.38999999,1.63429932,1.05681152
0.40000001,1.63543701,1.05567627
0.41000000,1.63657471,1.05453613
0.41999999,1.66286133,1.05339844
0.43000001,1.66399658,1.05226074
0.44000000,1.66513184,1.05112061
0.44999999,1.66626709,1.04998047
0.46000001,1.66740234,1.04884277
0.47000000,1.69368652,1.04770264
0.47999999,1.69481934,1.04656250
0.49000001,1.72110352,1.04542236
0.50000000,1.72223633,1.04428223
0.50999999,1.72336914,1.04314209
0.51999998,1.72450195,1.04199951
0.52999997,1.72563232,1.04085938
0.54000002,1.75191162,1.03971924
0.55000001,1.75304199,1.03857910
0.56000000,1.75417236,1.03743652
0.56999999,1.75530029,1.03629639
0.57999998,1.78157715,1.03515625
0.58999997,1.78270508,1.03401611
0.60000002,1.78383057,1.03287598
0.61000001,1.81010498,1.03173584
0.62000000,1.81122803,1.03059570
0.63000000,1.81235107,1.02945557
0.63999999,1.81347412,1.05346436
0.64999998,1.83974365,1.05232422
0.66000003,1.84086426,1.05118408
0.67000002,1.84198486,1.05004639
0.68000001,1.86825195,1.04890625
0.69000000,1.86936768,1.04776855
0.69999999,1.87048584,1.04663086
0.70999998,1.87159912,1.04549316
0.72000003,1.89786133,1.04435547
0.73000002,1.89897461,1.04321777
0.74000001,1.90008545,1.04208252
0.75000000,1.92634277,1.04094482
0.75999999,1.92745117,1.03981201
0.76999998,1.92855957,1.03867676
0.77999997,1.92966553,1.03754150
0.79000002,1.95591553,1.03640869
0.80000001,1.95701904,1.03527588
0.81000000,1.95812256,1.03414307
0.81999999,1.98436768,1.03301270
0.82999998,1.98546631,1.03187988
0.83999997,1.98656494,1.05589355
0.85000002,1.98766113,1.05476563
0.86000001,1.98875488,1.05363525
0.87000000,2.01499023,1.05250732
0.88000000,2.01608398,1.05138184
0.88999999,2.04231445,1.05025391
0.89999998,2.04340332,1.04912842
0.91000003,2.04448975,1.04800537
0.92000002,2.04557373,1.04688232
0.93000001,2.04665771,1.04575928
0.94000000,2.07287842,1.04463623
0.94999999,2.07395752,1.04351563
0.95999998,2.10017578,1.04239746
0.97000003,2.10125244,1.04127930
0.98000002,2.12746582,1.04016113
0.99000001,2.12853516,1.03904541
1.00000000,2.12960449,1.03792969
1.00999999,2.13067139,1.03681641
1.01999998,2.13173828,1.03570313
1.02999997,2.15793945,1.03459229
1.03999996,2.15899902,1.03348145
1.04999995,2.18519531,1.03237305
1.05999994,2.18625000,1.03126465
1.07000005,2.18730469,1.03015869
1.08000004,2.18835693,1.02905273
1.09000003,2.18940674,1.02794922
1.10000002,2.21558838,1.02684570
1.11000001,2.21663330,1.05088135
1.12000000,2.21767578,1.04978027
1.13000000,2.24385010,1.04868164
1.13999999,2.24488770,1.04758545
1.14999998,2.24592529,1.04649170
1.15999997,2.24695801,1.04539795
1.16999996,2.27312012,1.04430664
1.17999995,2.27415039,1.04321533
1.19000006,2.27517578,1.04212646
1.20000005,2.30133057,1.04104004
1.21000004,2.30235107,1.03995605
1.22000003,2.30336914,1.03887207
1.23000002,2.30438477,1.03779053
1.24000001,2.30540039,1.03671143
1.25000000,2.33153809,1.03563477
1.25999999,2.33254883,1.03455811
1.26999998,2.35868164,1.03348389
1.27999997,2.35968506,1.03241211
1.28999996,2.36068359,1.03134277
1.29999995,2.36168213,1.03027588
1.30999994,2.36267822,1.02920898
1.32000005,2.38879639,1.02814697
1.33000004,2.38978516,1.04998291
1.34000003,2.39077393,1.05114746
1.35000002,2.39175781,1.05009033
1.36000001,2.39274170,1.04903564
1.37000000,2.41884277,1.04798340
1.38000000,2.41981934,1.04693115
1.38999999,2.44591553,1.04588379
1.39999998,2.44688477,1.04483643
1.40999997,2.44785400,1.04379395
1.41999996,2.44881836,1.04275146
1.42999995,2.44978271,1.04171387
1.44000006,2.47585937,1.04067627
1.45000005,2.47681641,1.03964111
1.46000004,2.47777100,1.03861084
1.47000003,2.47872070,1.03758057
1.48000002,2.47967041,1.03655518
1.49000001,2.50572998,1.03553223
1.50000000,2.50667236,1.03450928
1.50999999,2.50761230,1.03349121
1.51999998,2.50854980,1.03247559
1.52999997,2.50948242,1.03146240
1.53999996,2.53552734,1.03045166
1.54999995,2.53645264,1.02944580
1.55999994,2.53737793,1.02843994
1.57000005,2.53829834,1.02743896
1.58000004,2.53921875,1.02644043
1.59000003,2.56524414,1.02544434
1.60000002,2.56615479,1.02445068
1.61000001,2.56706299,1.02345947
1.62000000,2.59307861,1.02247314
1.63000000,2.59398193,1.02148926
1.63999999,2.59488037,1.02050781
1.64999998,2.59577637,1.04463623
1.65999997,2.59666992,1.04365967
1.66999996,2.62266602,1.04268799
1.67999995,2.62355225,1.04171875
1.69000006,2.62443604,1.04075195
1.70000005,2.62531494,1.03979004
1.71000004,2.40589844,1.03883057
1.72000003,2.35093994,1.03787354
1.73000002,2.35181641,1.03692139
1.74000001,2.35269043,1.03597168
1.75000000,2.35356201,1.03502686
1.75999999,2.35442871,1.03408203
1.76999998,2.35529297,1.03314453
1.77999997,2.35615234,1.03220703
1.78999996,2.35700928,1.03127441
1.79999995,2.35786377,1.03034668
1.80999994,2.35871338,1.02942139
1.82000005,2.35956299,1.02849854
1.83000004,2.36040527,1.02758057
1.84000003,2.36124512,1.02666748
1.85000002,2.36208252,1.02575439
1.86000001,2.36291748,1.02484863
1.87000000,2.36374756,1.02394531
1.88000000,2.36457275,1.02304443
1.88999999,2.36539551,1.02214844
1.89999998,2.36621582,1.02125732
1.90999997,2.36703125,1.02036865
1.91999996,2.36784424,1.01948242
1.92999995,2.34356201,1.01860352
1.94000006,2.34436768,1.01772705
1.95000005,2.34517090,1.01685303
1.96000004,2.37105713,1.01598389
1.97000003,2.37185303,1.04020752
1.98000002,2.37264404,1.03934570
1.99000001,1.66091309,1.03848877
2.00000000,1.54611816,1.03763672
2.00999999,1.52204834,1.03678711
2.01999998,1.52283936,1.03594238
2.02999997,1.50043457,1.03510010
2.03999996,1.39898926,1.03426514
2.04999995,1.39977295,1.03343262
2.05999994,1.40055420,1.03260254
2.06999993,1.33589600,1.03177979
2.07999992,1.32685303,1.03095947
2.08999991,1.32762207,1.03014404
2.09999990,1.28703613,1.02933105
2.10999990,1.27898926,1.02852295
2.11999989,1.27974854,1.02771973
2.13000011,1.23714600,1.02691895
2.14000010,1.23109863,1.02612061
2.15000010,1.23184814,1.02532959
2.16000009,1.20751709,1.02454102
2.17000008,1.20826172,1.02375488
2.18000007,1.20900146,1.02297363
2.19000006,1.18466064,1.02219482
2.20000005,1.18539551,1.02142090
2.21000004,1.18612793,1.02065186
2.22000003,1.13670166,1.01988281
2.23000002,1.13742676,1.01912109
2.24000001,1.13814941,1.04343506
2.25000000,1.11379395,1.04267822
2.25999999,1.11451172,1.04192383
2.26999998,1.11522461,1.04117432
2.27999997,1.11593506,1.04042725
2.28999996,1.11664307,1.03968262
2.29999995,1.09227539,1.03894287
2.30999994,1.09297852,1.03820557
2.31999993,1.09367920,1.03747070
2.32999992,1.06930420,1.03674072
2.33999991,1.06999756,1.03601318
2.34999990,1.05931152,1.03528809
2.35999990,1.04630859,1.03456543
2.36999989,1.04699707,1.03384766
2.38000011,1.02260986,1.03313232
2.39000010,1.02329346,1.03241943
2.40000010,1.02397217,1.03170898
2.41000009,1.02465088,1.03100098
2.42000008,1.02532471,1.03029541
2.43000007,1.01681885,1.02959473
2.44000006,1.00159912,1.02889648
2.45000005,1.00226807,1.02820068
2.46000004,0.97786865,1.02750488
2.47000003,0.97853271,1.02681396
2.48000002,0.97919434,1.02612549
2.49000001,0.97985352,1.02543945
2.50000000,0.98051025,1.02475586
2.50999999,0.97063721,1.04914063
2.51999998,0.95675537,1.04846191
2.52999997,0.95740723,1.04778564
2.53999996,0.95805664,1.04710938
2.54999995,0.95870605,1.04643799
2.55999994,0.95935303,1.04576904
2.56999993,0.95999756,1.04510010
2.57999992,0.96063965,1.04443604
2.58999991,0.93621826,1.04377197
2.59999990,0.93685791,1.04311035
2.60999990,0.93749512,1.04245117
2.61999989,0.93813232,1.04179443
2.63000011,0.93876709,1.04114014
2.64000010,0.93180176,1.04048584
2.65000010,0.91496826,1.03983398
2.66000009,0.91560059,1.03918457
2.67000008,0.91622803,1.03853760
2.68000007,0.91685547,1.03789063
2.69000006,0.91748291,1.03724854
2.70000005,0.91810791,1.03660400
2.71000004,0.91873047,1.03596436
2.72000003,0.91935303,1.03532471
2.73000002,0.91997559,1.03468750
2.74000001,0.92059570,1.03405273
2.75000000,0.92121582,1.03341797
2.75999999,0.92183350,1.03278564
2.76999998,0.89739014,1.03215332
2.77999997,0.89800781,1.03152344
2.78999996,0.89862305,1.03089355
2.79999995,0.89923828,1.03026611
2.80999994,0.89985107,1.02964111
2.81999993,0.90046387,1.02901611
2.82999992,0.90107666,1.02839355
2.83999991,0.90168701,1.02777100
2.84999990,0.90229736,1.02714844
2.85999990,0.90290771,1.05158691
2.86999989,0.90351563,1.05096680
2.88000011,0.90412598,1.05034912
2.89000010,0.90473389,1.04973145
2.90000010,0.90534180,1.04911377
2.91000009,0.90594971,1.04849854
2.92000008,0.90655518,1.04788574
2.93000007,0.90716309,1.04727051
2.94000006,0.90776855,1.04665771
2.95000005,0.90837402,1.04604492
2.96000004,0.90897949,1.04543457
2.97000003,0.90958496,1.04482422
2.98000002,0.91019043,1.04421387
2.99000001,0.91079590,1.04360352
3.00000000,0.88634521,1.04299561
3.00999999,0.88695068,1.04238770
3.01999998,0.88755615,1.04177979
3.02999997,0.88816162,1.04117188
3.03999996,0.88876709,1.04056396
3.04999995,0.88937256,1.03995850
3.05999994,0.88997803,1.03935059
3.06999993,0.89058350,1.03874512
3.07999992,0.86613281,1.03813965
3.08999991,0.86673828,1.03753418
3.09999990,0.86734619,1.03692871
3.10999990,0.86795410,1.03632324
3.11999989,0.86855957,1.03571777
3.13000011,0.86916748,1.03511475
3.14000010,0.86977783,1.03450928
3.15000010,0.87038574,1.03390381
3.16000009,0.87099609,1.03329834
3.17000008,0.87160400,1.03269287
3.18000007,0.87221436,1.05714355
3.19000006,0.87282715,1.05653809
3.20000005,0.87343994,1.05593262
3.21000004,0.87405273,1.05532715
3.22000003,0.87466553,1.05472168
3.23000002,0.87528076,1.05411377
3.24000001,0.87589355,1.05350830
3.25000000,0.90156738,1.05290039
3.25999999,0.90218506,1.05229248
3.26999998,0.90280273,1.05168457
3.27999997,0.90342285,1.05107422
3.28999996,0.90404297,1.05046631
3.29999995,0.92972168,1.04985596
3.30999994,0.93034424,1.04924561
3.31999993,0.93096924,1.04863281
3.32999992,0.93159424,1.04802002
3.33999991,0.93221924,1.04740723
3.34999990,0.98296387,1.04679443
3.35999990,0.98359375,1.04617920
3.36999989,1.03434326,1.04556396
3.38000011,1.03497559,1.04494629
3.39000010,0.98549072,1.04432861
3.40000010,0.98612549,1.04371094
3.41000009,0.98676270,1.04309082
3.42000008,0.93728027,1.04247070
3.43000007,0.93791992,1.04184814
3.44000006,0.93855957,1.04122559
3.45000005,0.91414063,1.04060059
3.46000004,0.91478516,1.03997559
3.47000003,0.89037109,1.03934814
3.48000002,0.89101807,1.03871826
3.49000001,0.89166748,1.03808838
3.50000000,0.86725586,1.03745850
3.50999999,0.86790771,1.03682617
3.51999998,0.86856201,1.03619141
3.52999997,0.84415771,1.03555420
3.53999996,0.84481445,1.03491699
3.54999995,0.84547607,1.03427734
3.55999994,0.84613770,1.05870117
3.56999993,0.84680176,1.05805908
3.57999992,0.84746826,1.05741455
3.58999991,0.84813721,1.05677002
3.59999990,0.82374268,1.05612061
3.60999990,0.82441650,1.05547119
3.61999989,0.82509277,1.05482178
3.63000011,0.82576904,1.05416748
3.64000010,0.82645020,1.05351074
3.65000010,0.82713135,1.05285400
3.66000009,0.82781738,1.05219482
3.67000008,0.82850586,1.05153320
3.68000007,0.82919434,1.05086914
3.69000006,0.82988770,1.05020264
3.70000005,0.83058350,1.04953369
3.71000004,0.83127930,1.04886475
3.72000003,0.83197998,1.04819092
3.73000002,0.83268311,1.04751465
3.74000001,0.83339111,1.04683838
3.75000000,0.83409912,1.04615723
3.75999999,0.83480957,1.04547363
3.76999998,0.83552490,1.04479004
3.77999997,0.83624268,1.04410156
3.78999996,0.83696289,1.04341064
3.79999995,0.83768555,1.04271729
3.80999994,0.83841309,1.04202148
3.81999993,0.83914307,1.04132324
3.82999992,0.83987549,1.04062256
3.83999991,0.84061035,1.03991699
3.84999990,0.84135010,1.03921143
3.85999990,0.84209229,1.03850098
3.86999989,0.81776123,1.03778809
3.88000011,0.81851074,1.03707275
3.89000010,0.81926270,1.03635254
3.90000010,0.82001709,1.03563232
3.91000009,0.82077393,1.03490723
3.92000008,0.82153809,1.03417725
3.93000007,0.82230225,1.03344727
3.94000006,0.82307129,1.03770752
3.95000005,0.82384277,1.05705322
3.96000004,0.82461914,1.05631104
3.97000003,0.82539795,1.05556885
3.98000002,0.82618164,1.05482178
3.99000001,0.82697021,1.05406982
4.00000000,0.82775879,1.05331543
4.01000023,0.82855469,1.05255859
4.01999998,0.82935303,1.05179688
4.03000021,0.83015381,1.05103027
4.03999996,0.83095947,1.05026367
4.05000019,0.83177002,1.04948975
4.05999994,0.83258545,1.04871338
4.07000017,0.83340332,1.04793457
4.07999992,0.83422363,1.04715088
4.09000015,0.83505127,1.04636230
4.09999990,0.83588135,1.04557129
4.11000013,0.83671631,1.04477783
4.11999989,0.81246582,1.04397705
4.13000011,0.81330811,1.04317383
4.13999987,0.81415527,1.04236816
4.15000010,0.81500732,1.04155518
4.15999985,0.81586182,1.04074219
4.17000008,0.81672119,1.03992188
4.17999983,0.81758301,1.03909912
4.19000006,0.81845215,1.03827148
4.19999981,0.81932373,1.03744141
4.21000004,0.82019775,1.03660400
4.21999979,0.82107910,1.03576660
4.23000002,0.82196289,1.03492432
4.23999977,0.82285156,1.03407715
4.25000000,0.82374268,1.04949951
4.26000023,0.82463867,1.05746582
4.26999998,0.82553711,1.05660889
4.28000021,0.82644043,1.05574707
4.28999996,0.80225342,1.05488281
4.30000019,0.80316406,1.05401367
4.30999994,0.80407715,1.05314209
4.32000017,0.80499756,1.05226563
4.32999992,0.80591797,1.05138672
4.34000015,0.80684570,1.05050293
4.34999990,0.80777344,1.04961670
4.36000013,0.80870850,1.04872803
4.36999989,0.80964355,1.04783203
4.38000011,0.81058594,1.04693604
4.38999987,0.81152832,1.04603516
4.40000010,0.81247559,1.04513184
4.40999985,0.81342773,1.04422363
4.42000008,0.81438232,1.04331299
4.42999983,0.81533936,1.04239746
4.44000006,0.81630127,1.04147949
4.44999981,0.81726807,1.04055908
4.46000004,0.81823486,1.03963379
4.46999979,0.81920654,1.03870605
4.48000002,0.82018311,1.03777588
4.48999977,0.79605225,1.03684082
4.50000000,0.79703369,1.03590332
4.51000023,0.79801758,1.03496094
4.51999998,0.79900391,1.03401855
4.53000021,0.79999512,1.03307129
4.53999996,0.80098877,1.03212158
4.55000019,0.80198730,1.03116699
4.55999994,0.80298584,1.03020996
4.57000017,0.80398926,1.02925049
4.57999992,0.80499512,1.02828857
4.59000015,0.80600342,1.02732178
4.59999990,0.80701660,1.02635498
4.61000013,0.80803223,1.02538330
4.61999989,0.80904785,1.02440674
4.63000011,0.81007080,1.02343018
4.63999987,0.81109375,1.02244873
4.65000010,0.81211914,1.02146484
4.65999985,0.81314941,1.02174805
4.67000008,0.81418213,1.04460938
4.67999983,0.81521484,1.04361816
4.69000006,0.81625244,1.04262451
4.69999981,0.81729248,1.04162598
4.71000004,0.81833740,1.04062744
4.71999979,0.81938232,1.03962402
4.73000002,0.82042969,1.03862061
4.73999977,0.82147949,1.03761230
4.75000000,0.82253418,1.03660156
4.76000023,0.82358887,1.03558838
4.76999998,0.82464844,1.03457275
4.78000021,0.82570801,1.03355225
4.78999996,0.82677002,1.03253174
4.80000019,0.82783691,1.03150879
4.80999994,0.82890381,1.03048340
4.82000017,0.82997314,1.02945313
4.82999992,0.83104492,1.02842285
4.84000015,0.83212158,1.02738770
4.84999990,0.83319824,1.02635254
4.86000013,0.83427734,1.02531250
4.86999989,0.83535645,1.02427246
4.88000011,0.83644043,1.02322998
4.88999987,0.83752686,1.02218262
4.90000010,0.83861328,1.02113525
4.90999985,0.83970215,1.02008545
4.92000008,0.84079590,1.04416504
4.92999983,0.84188965,1.04311035
4.94000006,0.84298340,1.04205322
4.94999981,0.84408203,1.04099365
4.96000004,0.82004639,1.03993408
4.96999979,0.82114746,1.03886963
4.98000002,0.82224854,1.03780273
4.98999977,0.82335449,1.03673584
5.00000000,0.82446045,1.03566650
5.01000023,0.82556885,1.03459473
5.01999998,0.82667725,1.03352051
5.03000021,0.82778809,1.03244385
5.03999996,0.82890137,1.03136475
5.05000019,0.83001709,1.03028564
5.05999994,0.83113281,1.02920166
5.07000017,0.83225098,1.02811768
5.07999992,0.83337158,1.02703125
5.09000015,0.83449219,1.02594238
5.09999990,0.83561279,1.02485352
5.11000013,0.83673828,1.02375977
5.11999989,0.83786377,1.02266602
5.13000011,0.83898926,1.02157227
5.13999987,0.84011719,1.02047363
5.15000010,0.84124756,1.04246094
5.15999985,0.84237793,1.04341553
5.17000008,0.84350830,1.04231445
5.17999983,0.84464355,1.04121094
5.19000006,0.84577637,1.04010254
5.19999981,0.84691162,1.03899658
5.21000004,0.84804932,1.03788574
5.21999979,0.84918701,1.03677490
5.23000002,0.85032715,1.03566162
5.23999977,0.85146729,1.03454834
5.25000000,0.85260742,1.03343262
5.26000023,0.85375000,1.03231445
5.26999998,0.85489258,1.03119629
5.28000021,0.85603760,1.03007568
5.28999996,0.85718262,1.02895508
5.30000019,0.85832764,1.02782959
5.30999994,0.85947510,1.02670654
5.32000017,0.86062256,1.02558105
5.32999992,0.83662109,1.02445313
5.34000015,0.83777100,1.02332275
5.34999990,0.83892090,1.02219482
5.36000013,0.84007080,1.04621338
5.36999989,0.84122314,1.04508057
5.38000011,0.84237549,1.04394775
5.38999987,0.84352783,1.04281250
5.40000010,0.84468018,1.04167725
5.40999985,0.84583496,1.04053955
5.42000008,0.84698975,1.03940186
5.42999983,0.84814453,1.03826172
5.44000006,0.84929932,1.03712158
5.44999981,0.85045654,1.03597900
5.46000004,0.85161133,1.03483643
5.46999979,0.85276855,1.03369385
5.48000002,0.85392822,1.03254883
5.48999977,0.85508545,1.03140381
5.50000000,0.85624268,1.03025879
5.51000023,0.85740234,1.02911133
5.51999998,0.85855957,1.02796143
5.53000021,0.85971924,1.02681396
5.53999996,0.86087891,1.02566406
5.55000019,0.83688477,1.02451172
5.55999994,0.83804443,1.02336182
5.57000017,0.83920410,1.02220947
5.57999992,0.84036377,1.02105713
5.59000015,0.84152344,1.01990234
5.59999990,0.84268311,1.01874756
5.61000013,0.84384521,1.01759277
5.61999989,0.84500488,1.01643799
5.63000011,0.84616455,1.01528076
5.63999987,0.84732422,1.01412354
5.65000010,0.84848389,1.01296631
5.65999985,0.84964355,1.03696289
5.67000008,0.85080322,1.03580566
5.67999983,0.85196289,1.03464600
5.69000006,0.85312256,1.03348633
5.69999981,0.85427979,1.03232666
5.71000004,0.85543945,1.03116455
5.71999979,0.85659668,1.03000488
5.73000002,0.85775391,1.02884277
5.73999977,0.85891357,1.02768066
5.75000000,0.86007080,1.02651855
5.76000023,0.86122559,1.02535645
5.76999998,0.86238281,1.02419189
5.78000021,0.86353760,1.02302979
5.78999996,0.86469238,1.02186523
5.80000019,0.86584717,1.02070313
5.80999994,0.86700195,1.01953857
5.82000017,0.86815430,1.01837402
5.82999992,0.86930664,1.01720947
5.84000015,0.87045898,1.01604492
5.84999990,0.87161133,1.01488037
5.86000013,0.87276123,1.01371582
5.86999989,0.87391113,1.01255127
5.88000011,0.84990723,1.01138672
5.88999987,0.85105469,1.01022217
5.90000010,0.85220215,1.00905762
5.90999985,0.85334961,1.00789307
5.92000008,0.85449463,1.00672852
5.92999983,0.85563965,1.00556396
5.94000006,0.85678223,1.00439941
5.94999981,0.85792480,1.00323486
5.96000004,0.85906738,1.00207031
5.96999979,0.86020752,1.00090576
5.98000002,0.86134766,0.99974365
5.98999977,0.86248535,0.99857910
6.00000000,0.86362305,0.99741699
6.01000023,0.86475830,1.02140137
6.01999998,0.86589355,1.02023926
6.03000021,0.86702637,1.01907471
6.03999996,0.86815674,1.01791260
6.05000019,0.86928955,1.01675049
6.05999994,0.87041748,1.01558838
6.07000017,0.87154541,1.01442871
6.07999992,0.87267334,1.01326660
6.09000015,0.87379639,1.01210693
6.09999990,0.87492188,1.01094727
6.11000013,0.87604248,1.00978760
6.11999989,0.87716309,1.00863037
6.13000011,0.87828369,1.00747070
6.13999987,0.87939941,1.00631348
6.15000010,0.88051514,1.00515869
6.15999985,0.88163086,1.00400146
6.17000008,0.88274170,1.00284668
6.17999983,0.88385254,1.00169189
6.19000006,0.88496094,1.00053711
6.19999981,0.88606934,0.99938477
6.21000004,0.88717529,0.99823242
6.21999979,0.88827881,0.99708008
6.23000002,0.88937988,0.99593018
6.23999977,0.89047852,0.99478027
6.25000000,0.89157715,1.00126709
6.26000023,0.89267334,1.01761963
6.26999998,0.89376709,1.01647217
6.28000021,0.88328125,1.01532715
6.28999996,0.87081543,1.01418213
6.30000019,0.87190430,1.01303711
6.30999994,0.87299072,1.01189453
6.32000017,0.87407471,1.01075195
6.32999992,0.87515869,1.00961182
6.34000015,0.87623779,1.00847168
6.34999990,0.87731689,1.00733398
6.36000013,0.87839111,1.00619629
6.36999989,0.87946533,1.00506104
6.38000011,0.88053711,1.00392822
6.38999987,0.88160645,1.00279541
6.40000010,0.88267334,1.00166260
6.40999985,0.88373779,1.00053223
6.42000008,0.88479980,0.99940430
6.42999983,0.88585938,0.99827637
6.44000006,0.88691650,0.99715088
6.44999981,0.88797119,0.99602783
6.46000004,0.88902344,0.99490479
6.46999979,0.89007324,1.00914307
6.48000002,0.89111816,1.01778320
6.48999977,0.89216309,1.01666504
6.50000000,0.89320557,1.01554688
6.51000023,0.89424316,1.01443359
6.51999998,0.89527832,1.01332275
6.53000021,0.89631104,1.01221191
6.53999996,0.89734131,1.01110596
6.55000019,0.89836670,1.01000000
6.55999994,0.89938965,1.00889893
6.57000017,0.90040771,1.00780029
6.57999992,0.90142334,1.00670166
6.59000015,0.90243652,1.00560791
6.59999990,0.90344482,1.00451904
6.61000013,0.90444824,1.00343018
6.61999989,0.90544922,1.00234619
6.63000011,0.90644531,1.00126709
6.63999987,0.90743652,1.00018799
6.65000010,0.90842529,0.99911621
6.65999985,0.90940674,0.99804443
6.67000008,0.91038574,0.99697998
6.67999983,0.91135986,0.99591797
6.69000006,0.91233154,0.99485840
6.69999981,0.88820068,0.99380371
6.71000004,0.88916260,0.99275391
6.71999979,0.89011963,0.99170898
6.73000002,0.89107178,0.99066895
6.73999977,0.89201660,1.01471924
6.75000000,0.89295898,1.01368652
6.76000023,0.89389404,1.01265869
6.76999998,0.89482422,1.01163574
6.78000021,0.89574951,1.01061768
6.78999996,0.89666992,1.00960449
6.80000019,0.89758301,1.00859619
6.80999994,0.89849121,1.00759521
6.82000017,0.89939209,1.00659668
6.82999992,0.90029053,1.00560547
6.84000015,0.90117920,1.00462158
6.84999990,0.90206299,1.00364014
6.86000013,0.90294189,1.00266602
6.86999989,0.90381348,1.00169922
6.88000011,0.90468018,1.00073730
6.88999987,0.90553711,0.99978271
6.90000010,0.90639160,0.99883301
6.90999985,0.90723633,0.99789063
6.92000008,0.90807617,0.99695313
6.92999983,0.90890625,0.99602539
6.94000006,0.90973389,0.99510254
6.94999981,0.91055176,0.99418701
6.96000004,0.91136230,0.99327881
6.96999979,0.91216553,0.99237549
6.98000002,0.91296387,0.99148193
6.98999977,0.91375244,0.99059570
7.00000000,0.91453613,0.98971680
7.01000023,0.91531006,0.98884521
7.01999998,0.91607666,1.01303467
7.03000021,0.91683594,1.01217773
7.03999996,0.91758789,1.01132813
7.05000019,0.91833252,1.01048828
7.05999994,0.91906982,1.00965332
7.07000017,0.91979736,1.00883057
7.07999992,0.92051758,1.00801270
7.09000015,0.92122803,1.00720703
7.09999990,0.92193359,1.00640625
7.11000013,0.92262939,1.00561768
7.11999989,0.92331543,1.00483643
7.13000011,0.89895508,1.00406250
7.13999987,0.89962646,1.00330078
7.15000010,0.90028809,1.00254639
7.15999985,0.90094238,1.00180176
7.17000008,0.90158691,1.00106689
7.17999983,0.92725830,1.00034180
7.19000006,0.92788330,0.99962402
7.19999981,0.92850098,0.99891846
7.21000004,0.90407959,0.99822266
7.21999979,0.90468018,0.99753662
7.23000002,0.90527100,0.99686035
7.23999977,0.90585205,0.99619629
7.25000000,0.90642334,0.99553955
7.26000023,0.90698730,0.99489502
7.26999998,0.90753906,1.01928467
7.28000021,0.90808350,1.01865967
7.28999996,0.90861816,1.01804688
7.30000019,0.90914307,1.01744385
7.30999994,0.90965576,1.01685303
7.32000017,0.91016113,0.99125488
7.32999992,0.91065674,0.99068604
7.34000015,0.91114014,1.01514648
7.34999990,0.91161621,1.01459961
7.36000013,0.91208008,0.98905029
7.36999989,0.91253418,0.98852783
7.38000011,0.91297852,0.98801758
7.38999987,0.91341309,0.98751953
7.40000010,0.91383545,0.98703369
7.40999985,0.91424805,1.01157227
7.42000008,0.91465088,1.01110840
7.42999983,0.91504150,1.01065918
7.44000006,0.91542236,1.01022217
7.44999981,0.91579346,1.00979736
7.46000004,0.91615234,1.00938721
7.46999979,0.91650146,1.00898682
7.48000002,0.91684082,1.00860107
7.48999977,0.91716797,1.00822998
7.50000000,0.91748291,1.00786865
7.51000023,0.91778809,1.00752441
7.51999998,0.91808105,1.00718994
7.53000021,0.91836426,1.00687256
7.53999996,0.91863525,1.00656738
7.55000019,0.91889404,1.00627441
7.55999994,0.91914307,1.00599609
7.57000017,0.91937988,1.00573242
7.57999992,0.91960449,1.00548340
7.59000015,0.91981934,1.00524902
7.59999990,0.89502197,1.00502686
7.61000013,0.89521240,1.00482178
7.61999989,0.89539063,1.00462891
7.63000011,0.92055908,1.02945068
7.63999987,0.92071533,1.02928955
7.65000010,0.89585693,1.02914063
7.65999985,0.89598877,1.02900879
7.67000008,0.89610840,1.02889160
7.67999983,0.89621582,1.02878906
7.69000006,0.89631104,1.02870117
7.69999981,0.89639648,1.02863037
7.71000004,0.89646729,1.02857422
7.71999979,0.89652588,1.02853271
7.73000002,0.89657227,1.02850830
7.73999977,0.89660645,1.02850098
7.75000000,0.89662842,1.02850830
7.76000023,0.89663574,1.02853027
7.76999998,0.89663330,1.02857178
7.78000021,0.89661865,1.02862793
7.78999996,0.89658936,1.02869873
7.80000019,0.89654785,1.02878906
7.80999994,0.89649414,1.02889404
7.82000017,0.89642822,1.02901611
7.82999992,0.89635010,1.02915527
7.84000015,0.89625732,1.02931152
7.84999990,0.89615234,1.02948486
7.86000013,0.89603516,1.02967529
7.86999989,0.89590332,1.02988525
7.88000011,0.89575928,1.03010986
7.88999987,0.89560303,1.03035156
7.90000010,0.89543457,1.03061279
7.90999985,0.87023682,1.03089111
7.92000008,0.87003906,1.03118652
7.92999983,0.86982910,1.03150146
7.94000006,0.86960449,1.03183350
7.94999981,0.86936768,1.03218262
7.96000004,0.86911865,1.03255127
7.96999979,0.86885498,1.03293945
7.98000002,0.86857910,1.03334473
7.98999977,0.86828857,1.03376953
8.00000000,0.86798584,1.03421143
8.01000023,0.86766846,1.05970459
8.02000046,0.86733643,1.06018799
8.02999973,0.86699463,1.06068848
8.03999996,0.86663574,1.06121094
8.05000019,0.86626465,1.06175049
8.06000042,0.86588135,1.06230957
8.06999969,0.86548340,1.06289063
8.07999992,0.86507080,1.06348877
8.09000015,0.86464600,1.06410889
8.10000038,0.86420654,1.06474609
8.10999966,0.86375488,1.06540527
8.11999989,0.86328857,1.06608643
8.13000011,0.86280762,1.06678467
8.14000034,0.86231445,1.06750488
8.14999962,0.86180664,1.06824707
8.15999985,0.86128418,1.06900879
8.17000008,0.86074951,1.06979004
8.18000031,0.86020020,1.07059570
8.18999958,0.85963867,1.07141846
8.19999981,0.85906250,1.07226563
8.21000004,0.85847168,1.07313232
8.22000027,0.85786865,1.07402100
8.22999954,0.85725098,1.07493164
8.23999977,0.85661865,1.07586182
8.25000000,0.85597412,1.07681641
8.26000023,0.85531494,1.07779297
8.27000046,0.85464111,1.07878906
8.27999973,0.85395508,1.10492432
8.28999996,0.85325439,1.10597168
8.30000019,0.85254150,1.10704102
8.31000042,0.85181396,1.10813232
8.31999969,0.85107178,1.10924805
8.32999992,0.85031738,1.11038574
8.34000015,0.84954834,1.11154785
8.35000038,0.84876709,1.11273438
8.35999966,0.84796875,1.11394287
8.36999989,0.84716064,1.11517334
8.38000011,0.84633545,1.11643066
8.39000034,0.84549805,1.11770996
8.39999962,0.84464844,1.11901367
8.40999985,0.84378418,1.12034424
8.42000008,0.84290527,1.12169678
8.43000031,0.84201416,1.12307373
8.43999958,0.84111084,1.12447754
8.44999981,0.84019043,1.12590576
8.46000004,0.83925781,1.12736084
8.47000027,0.83831299,1.12884033
8.47999954,0.83735352,1.13034424
8.48999977,0.83637939,1.13187500
8.50000000,0.83539307,1.13343262
8.51000023,0.83439453,1.13501465
8.52000046,0.83338135,1.13662354
8.52999973,0.83235596,1.13825928
8.53999996,0.83131592,1.16519531
8.55000019,0.83026611,1.16689209
8.56000042,0.82919922,1.16861816
8.56999969,0.82812256,1.17037109
8.57999992,0.82703125,1.17215332
8.59000015,0.82592773,1.17396240
8.60000038,0.82480957,1.17580078
8.60999966,0.82367920,1.17766846
8.61999989,0.82253662,1.17956299
8.63000011,0.82137939,1.18148926
8.64000034,0.82020752,1.18344727
8.64999962,0.81902344,1.18543457
8.65999985,0.81782471,1.18745361
8.67000008,0.81661377,1.18950439
8.68000031,0.81538818,1.19158691
8.68999958,0.81415039,1.19370117
8.69999981,0.81289795,1.19584717
8.71000004,0.81163086,1.19802734
8.72000027,0.81035156,1.20024170
8.72999954,0.80905762,1.20248779
8.73999977,0.80775146,1.20477051
8.75000000,0.80643066,1.23257324
8.76000023,0.77959473,1.23493896
8.77000046,0.77823242,1.23734131
8.77999973,0.77685547,1.23977783
8.78999996,0.77752930,1.24225342
8.80000019,0.79961182,1.24476807
8.81000042,0.79820557,1.24731934
8.81999969,0.79678467,1.24991211
8.82999992,0.79534912,1.25254150
8.84000015,0.79389893,1.25521240
8.85000038,0.79243408,1.25792480
8.85999966,0.79095703,1.26067871
8.86999989,0.78946289,1.26347412
8.88000011,0.78795410,1.26631104
8.89000034,0.78643311,1.26919434
8.89999962,0.78489502,1.27211914
8.90999985,0.78334473,1.27509033
8.92000008,0.78177734,1.27810547
8.93000031,0.78019531,1.30693604
8.93999958,0.77859863,1.31006348
8.94999981,0.77698730,1.31324219
8.96000004,0.77535889,1.31646973
8.97000027,0.77371338,1.31974609
8.97999954,0.77205566,1.32307373
8.98999977,0.77038330,1.32645508
9.00000000,0.76869385,1.32988770
9.01000023,0.76698730,1.33337402
9.02000046,0.77953613,1.33691406
9.02999973,0.78950928,1.34050781
9.03999996,0.78778076,1.34416016
9.05000019,0.78603760,1.34787109
9.06000042,0.78427979,1.37768555
9.06999969,0.78250488,1.38153809
9.07999992,0.78071533,1.38545166
9.09000015,0.77891113,1.38942627
9.10000038,0.77708740,1.39346924
9.10999966,0.77525146,1.39757568
9.11999989,0.77339844,1.40174805
9.13000011,0.77152832,1.40598877
9.14000034,0.76964111,1.41029785
9.14999962,0.76774170,1.41467529
9.15999985,0.76582275,1.41912354
9.17000008,0.76388916,1.42364746
9.18000031,0.76193848,1.42824219
9.18999958,0.76896484,1.43291504
9.19999981,0.78444336,1.43766357
9.21000004,0.78247559,1.44249023
9.22000027,0.78049316,1.44739746
9.22999954,0.77849609,1.47894531
9.23999977,0.77647949,1.48405273
9.25000000,0.77444824,1.48924805
9.26000023,0.77239990,1.49453369
9.27000046,0.77033447,1.49990723
9.27999973,0.76825195,1.50537354
9.28999996,0.76614990,1.51093262
9.30000019,0.76819580,1.51658447
9.31000042,0.78623047,1.52233398
9.31999969,0.78665527,1.52817871
9.32999992,0.78452393,1.53412598
9.34000015,0.78237549,1.54017334
9.35000038,0.78020996,1.54632324
9.35999966,0.77802490,1.55257813
9.36999989,0.77582031,1.55894043
9.38000011,0.77359619,1.56541504
9.39000034,0.78950195,1.59885986
9.39999962,0.79638672,1.57869629
9.40999985,0.79415527,1.61286133
9.42000008,0.79190186,1.61984619
9.43000031,0.78962891,1.62695068
9.43999958,0.78733398,1.63417969
9.44999981,0.78501953,1.64153320
9.46000004,0.78268066,1.64901367
9.47000027,0.78784912,1.65662598
9.47999954,0.80174805,1.66436768
9.48999977,0.80334229,1.67224854
9.50000000,0.80097412,1.68026611
9.51000023,0.79858154,1.68842529
9.52000046,0.79868408,1.69672852
9.52999973,0.81151855,1.70517822
9.53999996,0.81940430,1.71377686
9.55000019,0.81698242,1.72252686
9.56000042,0.81453369,1.73143311
9.56999969,0.81206055,1.74049316
9.57999992,0.81888184,1.74971924
9.59000015,0.83049072,1.75910645
9.60000038,0.83306641,1.76865967
9.60999966,0.83056152,1.77838379
9.61999989,0.82802734,1.78828369
9.63000011,0.82546387,1.79835938
9.64000034,0.83492432,1.80861572
9.64999962,0.84545654,1.81905518
9.65999985,0.84668457,1.82968262
9.67000008,0.84408691,1.84050537
9.68000031,0.84145752,1.85152100
9.68999958,0.83879639,1.86273682
9.69999981,0.84739990,1.87415527
9.71000004,0.85697998,1.88578125
9.72000027,0.86026123,1.89762207
9.72999954,0.85756104,1.90967529
9.73999977,0.85482178,1.92195068
9.75000000,0.85204834,1.93445068
9.76000023,0.85681396,1.94718018
9.77000046,0.86555420,1.94644531
9.77999973,0.87410400,1.94305664
9.78999996,0.88246826,1.95639160
9.80000019,0.89065430,1.96997070
9.81000042,0.89582520,1.98380127
9.81999969,0.89299561,1.96950439
9.82999992,0.89012451,1.98136475
9.84000015,0.88720947,1.99549561
9.85000038,0.88704590,1.97949707
9.85999966,0.89453857,1.97929443
9.86999989,0.90187256,1.97821777
9.88000011,0.90660645,1.96381104
9.89000034,0.90358643,1.97671143
9.89999962,0.90051514,1.94904785
9.90999985,0.89739014,1.94554443
9.92000008,0.89638428,1.93498779
9.93000031,0.90310791,1.91360352
9.93999958,0.90968750,1.92163574
9.94999981,0.91613037,1.89569580
9.96000004,0.92243896,1.89844971
9.97000027,0.92861084,1.88364502
9.97999954,0.93465332,1.85874268
9.98999977,0.93668457,1.85111328
10.00000000,0.93334961,1.84795654
10.01000023,0.92994873,1.82405518
10.02000046,0.92648193,1.80055908
10.02999973,0.92595215,1.78798340
10.03999996,0.93149414,1.79156494
10.05000019,0.93692139,1.76902100
10.06000042,0.94222900,1.74686279
10.06999969,0.94742188,1.72509033
10.07999992,0.95250244,1.70368896
10.09000015,0.95747314,1.68265625
10.10000038,0.96233643,1.67701660
10.10999966,0.96281006,1.67693604
10.11999989,0.95896973,1.65677734
10.13000011,0.95504395,1.63697266
10.14000034,0.95103027,1.61750977
10.14999962,0.95061279,1.59839355
10.15999985,0.95504639,1.57961182
10.17000008,0.95937988,1.56115967
10.18000031,0.96361328,1.54303711
10.18999958,0.96775146,1.52523926
10.19999981,0.97179199,1.50775391
10.21000004,0.97573730,1.49058594
10.22000027,0.97958740,1.47372803
10.22999954,0.98334473,1.45717773
10.23999977,0.98259033,1.44092529
10.25000000,0.97795654,1.43262207
10.26000023,0.97320557,1.44179932
10.27000046,0.96833252,1.42627441
10.27999973,0.96860596,1.41103516
10.28999996,0.97198486,1.39607666
10.30000019,0.97527832,1.38139404
10.31000042,0.97849121,1.36698730
10.31999969,0.98162109,1.35285156
10.32999992,0.98467285,1.33897705
10.34000015,0.98764648,1.32536621
10.35000038,0.99054443,1.31200684
10.35999966,0.99336914,1.29890381
10.36999989,0.99612061,1.28604736
10.38000011,0.99879639,1.27343994
10.39000034,1.00140137,1.26107422
10.39999962,1.00393799,1.24894531
10.40999985,1.00640869,1.23704834
10.42000008,1.00881592,1.22537842
10.43000031,1.00665283,1.21393555
10.43999958,1.00048584,1.20271240
10.44999981,0.99415771,1.19170654
10.46000004,0.98811523,1.18091553
10.47000027,0.99033447,1.17033447
10.47999954,0.99249756,1.15996094
10.48999977,0.99460205,1.17539795
10.50000000,0.99665283,1.16908936
10.51000023,0.99864502,1.15921631
10.52000046,1.00058350,1.14953857
10.52999973,1.00247314,1.14005615
10.53999996,1.00430908,1.13076172
10.55000019,1.00609863,1.12165527
10.56000042,1.00784180,1.11273193
10.56999969,1.00953613,1.10398682
10.57999992,1.01118408,1.09541992
10.59000015,1.01279053,1.08702881
10.60000038,1.01435303,1.07880859
10.60999966,1.01587158,1.07075928
10.61999989,1.01735352,1.06287354
10.63000011,1.01224365,1.05515137
10.64000034,1.00365723,1.04759277
10.64999962,0.99481445,1.04019043
10.65999985,0.99510254,1.03294434
10.67000008,0.99646973,1.02585449
10.68000031,0.99779785,1.01891357
10.68999958,0.99909180,1.01212402
10.69999981,1.00035156,1.00547852
10.71000004,1.00157715,0.99897461
10.72000027,1.00276855,0.99261475
10.72999954,1.00392822,1.01365723
10.73999977,1.00505859,1.00750244
10.75000000,1.00615723,1.00148438
10.76000023,1.00722656,0.99559814
10.77000046,1.00826660,0.98984619
10.77999973,1.00927734,0.98422363
10.78999996,1.01026123,0.97872559
10.80000019,1.01121826,0.97335449
10.81000042,1.01214844,0.96810547
10.81999969,1.00733887,0.96297852
10.82999992,0.99493652,0.95796875
10.84000015,0.98820068,0.95307861
10.85000038,0.98908447,0.94830322
10.85999966,0.98994629,0.94364258
10.86999989,0.99078369,0.93909180
10.88000011,0.99159668,0.93465332
10.89000034,0.99238770,0.93032227
10.89999962,0.99315674,0.92609619
10.90999985,0.99390381,0.92197754
10.92000008,0.99462891,0.91796143
10.93000031,0.99533447,0.94020508
10.93999958,0.99601807,0.93635010
10.94999981,0.99668213,0.93259033
10.96000004,0.99732666,0.92893066
10.97000027,0.99795166,0.92536865
10.97999954,0.99855713,0.92190186
10.98999977,0.99914551,0.91852783
11.00000000,0.98400635,0.91524658
11.01000023,0.97442383,0.91205566
11.02000046,0.97499268,0.90895508
11.02999973,0.97554199,0.90593994
11.03999996,0.97607422,0.90301514
11.05000019,0.97658936,0.90017334
11.06000042,0.97708496,0.89741699
11.06999969,0.97756348,0.89474365
11.07999992,0.97802490,0.89215088
11.09000015,0.97847168,0.88963867
11.10000038,0.97889893,0.88720703
11.10999966,0.97931152,0.88485107
11.11999989,0.97970703,0.88257324
11.13000011,0.98008789,0.89651367
11.14000034,0.98045166,0.90370605
11.14999962,0.98079834,0.90162842
11.15999985,0.98113037,0.89962402
11.17000008,0.98144775,0.89769287
11.18000031,0.98174805,0.89583008
11.18999958,0.98203369,0.89404053
11.19999981,0.98230469,0.89231689
11.21000004,0.98255859,0.89066406
11.22000027,0.98279785,0.88907471
11.22999954,0.98302002,0.88755371
11.23999977,0.98322998,0.88609619
11.25000000,0.95817871,0.88470215
11.26000023,0.95837158,0.88337402
11.27000046,0.95854980,0.88210449
11.27999973,0.95870850,0.88089844
11.28999996,0.95885254,0.87975586
11.30000019,0.95897949,0.87866943
11.31000042,0.95908936,0.87764404
11.31999969,0.95918457,0.87667236
11.32999992,0.95926270,0.90089844
11.34000015,0.95932617,0.90002930
11.35000038,0.95937012,0.89921631
11.35999966,0.95940186,0.89845703
11.36999989,0.95941406,0.89775391
11.38000011,0.95940918,0.89710449
11.39000034,0.95938965,0.89650635
11.39999962,0.95935303,0.89595947
11.40999985,0.95929932,0.89546143
11.42000008,0.95923096,0.89501709
11.43000031,0.95914551,0.89461914
11.43999958,0.95904053,0.89427490
11.44999981,0.95891602,0.89397949
11.46000004,0.95877686,0.89373047
11.47000027,0.95862061,0.89353027
11.47999954,0.95844727,0.89337402
11.48999977,0.95825928,0.89326416
11.50000000,0.95805176,0.89320068
11.51000023,0.95782959,0.89318115
11.52000046,0.95759033,0.91821777
11.52999973,0.95733154,0.91828369
11.53999996,0.95705811,0.91839355
11.55000019,0.95676758,0.91854492
11.56000042,0.95645996,0.91874023
11.56999969,0.95613281,0.91898193
11.57999992,0.93078613,0.91926270
11.59000015,0.93042725,0.91958496
11.60000038,0.93004883,0.91994873
11.60999966,0.92965332,0.92035156
11.61999989,0.92924316,0.92079590
11.63000011,0.92881348,0.92127930
11.64000034,0.92836670,0.92180176
11.64999962,0.92790527,0.92236084
11.65999985,0.92742432,0.92295898
11.67000008,0.92692627,0.92359863
11.68000031,0.92640869,0.92427490
11.68999958,0.92587646,0.92499023
11.69999981,0.92532471,0.92573975
11.71000004,0.92475830,0.92652832
11.72000027,0.92417480,0.92735352
11.72999954,0.92357422,0.92821533
11.73999977,0.92295898,0.92910889
11.75000000,0.92232422,0.93004150
11.76000023,0.92167480,0.93100830
11.77000046,0.92100830,0.93201172
11.77999973,0.92032227,0.95809814
11.78999996,0.91962158,0.95917725
11.80000019,0.91890381,0.96029297
11.81000042,0.91817139,0.96144287
11.81999969,0.91742188,0.96262451
11.82999992,0.91666016,0.96384277
11.84000015,0.91587891,0.96509277
11.85000038,0.91508545,0.96637695
11.85999966,0.91427246,0.96770020
11.86999989,0.91344238,0.96905518
11.88000011,0.91260010,0.97044434
11.89000034,0.91174072,0.97186523
11.89999962,0.91086670,0.97332275
11.90999985,0.90997803,0.97480957
11.92000008,0.90907715,0.97633057
11.93000031,0.90816162,0.97788818
11.93999958,0.90722900,0.97947510
11.94999981,0.90628174,0.98110107
11.96000004,0.90531982,0.98275879
11.97000027,0.90434570,0.98444824
11.97999954,0.90335449,0.98617188
11.98999977,0.90235352,0.98792725
12.00000000,0.90134033,0.98971924
12.01000023,0.90031250,0.99154053
12.02000046,0.89927246,0.99339844
12.02999973,0.89821533,0.99529053
12.03999996,0.89714844,0.99721680
12.05000019,0.89606934,0.99917725
12.06000042,0.89497559,1.00117188
12.06999969,0.89387451,1.00319824
12.07999992,0.89276123,1.00526123
12.09000015,0.89163818,1.00735596
12.10000038,0.89050049,1.00948975
12.10999966,0.88935303,1.01165771
12.11999989,0.88819336,1.01386230
12.13000011,0.88702637,1.01610107
12.14000034,0.88701172,1.04376709
12.14999962,0.91006592,1.04609131
12.15999985,0.90888428,1.04845459
12.17000008,0.90769775,1.05085449
12.18000031,0.90649902,1.05329590
12.18999958,0.90529053,1.05577393
12.19999981,0.90407715,1.05829102
12.21000004,0.90285889,1.06084717
12.22000027,0.90163086,1.06344482
12.22999954,0.90039551,1.06608398
12.23999977,0.89915283,1.06876465
12.25000000,0.89790527,1.07148926
12.26000023,0.92210693,1.07426025
12.27000046,0.92100098,1.07707764
12.27999973,0.91975098,1.07993896
12.28999996,0.91849609,1.08284668
12.30000019,0.91723633,1.08580322
12.31000042,0.91597412,1.08881104
12.31999969,0.91470459,1.09186523
12.32999992,0.91342773,1.09497803
12.34000015,0.93081055,1.09814209
12.35000038,0.93666260,1.10136230
12.35999966,0.93540039,1.10463867
12.36999989,0.93413818,1.10797119
12.38000011,0.93287354,1.11136230
12.39000034,0.95498535,1.11481445
12.39999962,0.95626953,1.11832764
12.40999985,0.95502441,1.12190918
12.42000008,0.95378418,1.12555664
12.43000031,0.95254395,1.15529541
12.43999958,0.97224609,1.15910889
12.44999981,0.97615479,1.16299561
12.46000004,0.97495361,1.16695557
12.47000027,0.97375732,1.17099365
12.47999954,0.97256592,1.17511230
12.48999977,0.98335449,1.17931396
12.50000000,1.00119629,1.18359863
12.51000023,1.01837646,1.18796631
12.52000046,1.02053467,1.19242432
12.52999973,1.01945801,1.19697510
12.53999996,1.01839355,1.20161621
12.55000019,1.01733887,1.20635498
12.56000042,1.01629639,1.21119385
12.56999969,1.01526367,1.21613525
12.57999992,1.01424561,1.22118408
12.59000015,1.01324219,1.22633789
12.60000038,0.98553711,1.23160156
12.60999966,0.98450928,1.23697266
12.61999989,0.95667725,1.24246338
12.63000011,0.95562256,1.24807129
12.64000034,0.95457764,1.28073242
12.64999962,0.95354248,1.28664307
12.65999985,0.95251953,1.29268311
12.67000008,0.95151123,1.29885986
12.68000031,0.95051270,1.30516846
12.68999958,0.94952881,1.31161133
12.69999981,0.94855469,1.31819824
12.71000004,0.92021729,1.32493164
12.72000027,0.91920166,1.33181396
12.72999954,0.91819580,1.33884521
12.73999977,0.91720215,1.34603516
12.75000000,0.91621826,1.35338379
12.76000023,0.91524170,1.36090332
12.77000046,0.91427734,1.36858887
12.77999973,0.88539795,1.37644531
12.78999996,0.88436768,1.38447754
12.80000019,0.88334473,1.39269287
12.81000042,0.88233154,1.42928467
12.81999969,0.88132813,1.43797119
12.82999992,0.88032959,1.44685791
12.84000015,0.87933838,1.45594482
12.85000038,0.87835449,1.46524414
12.85999966,0.87737793,1.47475342
12.86999989,0.87640625,1.48448975
12.88000011,0.87544189,1.49445068
12.89000034,0.87447754,1.50464844
12.89999962,0.87352051,1.51508301
12.90999985,0.87256592,1.55501465
12.92000008,0.87161621,1.56607178
12.93000031,0.87067139,1.57739258
12.93999958,0.86973145,1.58898438
12.94999981,0.86879150,1.60085693
12.96000004,0.86785156,1.64290771
12.97000027,0.86691406,1.65549805
12.97999954,0.86691895,1.66839844
12.98999977,0.87393799,1.68161621
13.00000000,0.88076416,1.69516113
13.01000023,0.88739990,1.70904053
13.02000046,0.89300293,1.72326660
13.02999973,0.89221924,1.76879150
13.03999996,0.89143311,1.78391113
13.05000019,0.89064941,1.79941650
13.06000042,0.88986084,1.81531738
13.06999969,0.88906738,1.83162598
13.07999992,0.88827148,1.88017822
13.09000015,0.88746826,2.40972168
13.10000038,0.88665771,2.46286621
13.10999966,0.88583984,2.48455322
13.11999989,0.88501221,2.47635010
13.13000011,0.88416992,2.52968506
13.14000034,0.88331787,2.55316406
13.14999962,0.88756836,2.57727783
13.15999985,0.89262939,2.07482422
13.17000008,0.89755859,2.00697266
13.18000031,0.90236084,1.97731201
13.18999958,0.90704102,1.94826660
13.19999981,0.91160156,1.91981934
13.21000004,0.91155518,1.89196045
13.22000027,0.91079346,1.86468018
13.22999954,0.91000977,1.87339111
13.23999977,0.90918945,1.84695801
13.25000000,0.90833740,1.82108154
13.26000023,0.90744873,1.79575195
13.27000046,0.90652100,1.77095703
13.27999973,0.90555176,1.74669189
13.28999996,0.90453857,1.72294189
13.30000019,0.90347900,1.72015625
13.31000042,0.90236328,1.71026855
13.31999969,0.90119385,1.68778564
13.32999992,0.89996094,1.66579102
13.34000015,0.89895752,1.64427979
13.35000038,0.90242676,1.62325439
13.35999966,0.90579590,1.60270020
13.36999989,0.90906738,1.58260498
13.38000011,0.91224121,1.56296631
13.39000034,0.91531738,1.57109131
13.39999962,0.91829590,1.55635986
13.40999985,0.92117676,1.53785889
13.42000008,0.92395020,1.51980713
13.43000031,0.92662598,1.50218750
13.43999958,0.92920654,1.48499756
13.44999981,0.93168701,1.46822754
13.46000004,0.93407227,1.45187500
13.47000027,0.93635742,1.43593994
13.47999954,0.93853027,1.45029053
13.48999977,0.94060303,1.43502197
13.50000000,0.94257568,1.42015381
13.51000023,0.94445068,1.40568848
13.52000046,0.94621826,1.39162354
13.52999973,0.94786865,1.37797119
13.53999996,0.94798828,1.36470703
13.55000019,0.94515381,1.35183350
13.56000042,0.94213379,1.33933838
13.56999969,0.93890381,1.32723633
13.57999992,0.93545410,1.33704834
13.59000015,0.93179199,1.33240479
13.60000038,0.92834229,1.32128418
13.60999966,0.92928711,1.31052246
13.61999989,0.93011230,1.30012939
13.63000011,0.93083740,1.29008545
13.64000034,0.93147461,1.28038330
13.64999962,0.93201904,1.27101318
13.65999985,0.93246582,1.26198242
13.67000008,0.93281006,1.25328613
13.68000031,0.93307373,1.24490723
13.68999958,0.93325439,1.23684082
13.69999981,0.93335693,1.22967041
13.71000004,0.93336182,1.24856689
13.72000027,0.93328857,1.24132813
13.72999954,0.93314453,1.23437744
13.73999977,0.93292969,1.22771240
13.75000000,0.93264404,1.22132568
13.76000023,0.93227783,1.21523438
13.77000046,0.93184570,1.20940918
13.77999973,0.93135498,1.20384521
13.78999996,0.93080566,1.19853760
13.80000019,0.93020020,1.19348145
13.81000042,0.92952393,1.18868896
13.81999969,0.92879395,1.18413818
13.82999992,0.92116943,1.17982178
13.84000015,0.91134277,1.20169922
13.85000038,0.90083496,1.19778076
13.85999966,0.89954590,1.19408936
13.86999989,0.89862549,1.19062744
13.88000011,0.89766357,1.18737793
13.89000034,0.89666016,1.18433838
13.89999962,0.89561768,1.18150391
13.90999985,0.89453857,1.17886963
13.92000008,0.89342285,1.17643311
13.93000031,0.89226807,1.17418945
13.93999958,0.89107666,1.17214111
13.94999981,0.88985107,1.17027588
13.96000004,0.88859619,1.16858887
13.97000027,0.88730957,1.19244385
13.97999954,0.88599854,1.19107178
13.98999977,0.88465820,1.18987305
14.00000000,0.88329346,1.18884033
14.01000023,0.88190186,1.18796875
14.02000046,0.88048828,1.18725830
14.02999973,0.87904541,1.18671143
14.03999996,0.87757813,1.18631592
14.05000019,0.87609131,1.18606934
14.06000042,0.87458496,1.18597168
14.06999969,0.87305664,1.18601563
14.07999992,0.87150879,1.18620117
14.09000015,0.86994385,1.18652588
14.10000038,0.86835938,1.21205078
14.10999966,0.86675781,1.21262695
14.11999989,0.86513672,1.21333740
14.13000011,0.86350098,1.21417480
14.14000034,0.86184570,1.21513916
14.14999962,0.86017578,1.21622559
14.15999985,0.85848877,1.21743408
14.17000008,0.88179199,1.21875977
14.18000031,0.88007080,1.22020020
14.18999958,0.87833496,1.22175537
14.19999981,0.87658447,1.22342041
14.21000004,0.87481934,1.22519775
14.22000027,0.87303955,1.22707764
14.22999954,0.87124512,1.25406982
14.23999977,0.86943604,1.25616211
14.25000000,0.86761230,1.25835449
14.26000023,0.86577637,1.26064697
14.27000046,0.86392334,1.26303711
14.27999973,0.86205811,1.26552246
14.28999996,0.86017578,1.26810059
14.30000019,0.85828125,1.27076904
14.31000042,0.85636963,1.29858643
14.31999969,0.85444092,1.30144043
14.32999992,0.85250000,1.30438477
14.34000015,0.86763672,1.30740967
14.35000038,0.87367188,1.31051758
14.35999966,0.87169434,1.31370361
14.36999989,0.86970215,1.31697021
14.38000011,0.86769287,1.32031250
14.39000034,0.86566650,1.11059326
14.39999962,0.86362305,1.07539551
14.40999985,0.86156250,1.07878174
14.42000008,0.85948242,1.08222900
14.43000031,0.85738281,1.06050293
14.43999958,0.85526611,1.06405273
14.44999981,0.87840332,1.04238525
14.46000004,0.87626709,1.04602783
14.47000027,0.87410889,1.02440674
14.47999954,0.87193115,1.02813232
14.48999977,0.86973145,1.03190674
14.50000000,0.86750732,1.01035400
14.51000023,0.86526123,1.01420166
14.52000046,0.86299316,1.01809570
14.52999973,0.86069824,1.02202881
14.53999996,0.85837891,1.00053711
14.55000019,0.85603760,1.00452881
14.56000042,0.85366699,1.00855713
14.56999969,0.85127197,1.00722900
14.57999992,0.84885010,0.99115723
14.59000015,0.84640137,0.99526123
14.60000038,0.84392334,0.99939941
14.60999966,0.84141846,0.98746826
14.61999989,0.83888184,0.98211182
14.63000011,0.83631836,0.98630859
14.64000034,0.83372314,0.99053223
14.64999962,0.83110107,0.97633789
14.65999985,0.82844727,0.97331055
14.67000008,0.82576416,0.97757813
14.68000031,0.82305176,0.98186768
14.68999958,0.82031006,0.97196045
14.69999981,0.81753662,0.96467285
14.71000004,0.81473389,0.96899170
14.72000027,0.81189697,0.97332764
14.72999954,0.80902832,0.97768066
14.73999977,0.80613281,0.98204590
14.75000000,0.80320557,0.97534180
14.76000023,0.80024414,0.96485840
14.77000046,0.79725586,0.96923584
14.77999973,0.79423584,0.97362549
14.78999996,0.79118652,0.97802490
14.80000019,0.78810791,0.95639648
14.81000042,0.78560059,0.96079102
14.81999969,0.80792969,0.96519287
14.82999992,0.80477783,0.96960205
14.84000015,0.80159668,0.97401855
14.85000038,0.79838867,0.97843750
14.85999966,0.79515137,0.96214111
14.86999989,0.79188232,0.96112305
14.88000011,0.78858643,0.96553467
14.89000034,0.78526123,0.96995117
14.89999962,0.78190918,0.97437012
14.90999985,0.77853027,0.95256348
14.92000008,0.77512695,0.95696777
14.93000031,0.77169434,0.96137451
14.93999958,0.78887939,0.96578125
14.94999981,0.79104248,0.96457520
14.96000004,0.78754883,0.94829102
14.97000027,0.78403076,0.95268311
14.97999954,0.78048828,0.95707275
14.98999977,0.77692139,0.96146240
15.00000000,0.77333252,0.95448242
15.01000023,0.76972168,0.94386963
15.02000046,0.76608643,0.94823975
15.02999973,0.76243164,0.95260498
15.03999996,0.75875488,0.95696777
15.05000019,0.75505615,0.96132813
15.06000042,0.75133789,0.96568359
15.06999969,0.74760010,0.96271973
15.07999992,0.76128906,0.94794678
15.09000015,0.76651367,0.95228027
15.10000038,0.76272949,0.95660645
15.10999966,0.75892822,0.96092773
15.11999989,0.75510742,0.96524658
15.13000011,0.75127197,0.96955566
15.14000034,0.74741943,0.97385986
15.14999962,0.74355225,0.95166992
15.15999985,0.74394287,0.95595459
15.17000008,0.76227295,0.96023193
15.18000031,0.75836914,0.96450195
15.18999958,0.75445068,0.96876465
15.19999981,0.75051758,0.97302002
15.21000004,0.74657227,0.97726563
15.22000027,0.75319092,0.96740723
15.22999954,0.76517822,0.95920654
15.23999977,0.76120361,0.96342285
15.25000000,0.75721924,0.96763184
15.26000023,0.75322266,0.97183105
15.27000046,0.74921631,0.97392334
15.27999973,0.74520264,0.95365723
15.28999996,0.74117920,0.95782715
15.30000019,0.74438477,0.96198730
15.31000042,0.75966064,0.96613525
15.31999969,0.75561768,0.97027344
15.32999992,0.75156982,0.97440186
15.34000015,0.74751221,0.97852051
15.35000038,0.74345215,0.97364746
15.35999966,0.73938721,0.96016602
15.36999989,0.73531738,0.96424805
15.38000011,0.73954102,0.96832031
15.39000034,0.75372070,0.97238281
15.39999962,0.74963867,0.97643066
15.40999985,0.74555664,0.95781494
15.42000008,0.74147217,0.95793701
15.43000031,0.73738525,0.96195068
15.43999958,0.73330078,0.96594971
15.44999981,0.72921143,0.96993652
15.46000004,0.73816895,0.97391113
15.47000027,0.74758545,0.97787354
15.47999954,0.74349854,0.98182129
15.48999977,0.73941406,0.96457764
15.50000000,0.73533203,0.96313477
15.51000023,0.73125000,0.96704102
15.52000046,0.75370605,0.97093506
15.52999973,0.74963135,0.97481445
15.53999996,0.74555908,0.97867920
15.55000019,0.74149170,0.95600342
15.56000042,0.73742920,0.95984131
15.56999969,0.73337402,0.96366211
15.57999992,0.72932617,0.96746826
15.59000015,0.73323486,0.97125732
15.60000038,0.74775391,0.97503174
15.60999966,0.74372314,0.97878662
15.61999989,0.73969971,0.98252686
15.63000011,0.73568604,0.96434326
15.64000034,0.73168213,0.96346924
15.64999962,0.75416992,0.96716064
15.65999985,0.75018066,0.97083496
15.67000008,0.74620605,0.97449219
15.68000031,0.74224121,0.97812988
15.68999958,0.73828857,0.95528564
15.69999981,0.73434814,0.95889160
15.71000004,0.73042236,0.96247803
15.72000027,0.73563965,0.96604248
15.72999954,0.74905273,0.96958984
15.73999977,0.74516602,0.97311523
15.75000000,0.74129150,0.95019043
15.76000023,0.73743652,0.95368164
15.77000046,0.73359619,0.95714844
15.77999973,0.72977539,0.96059570
15.78999996,0.72597412,0.96401855
15.80000019,0.74659424,0.96496826
15.81000042,0.74481689,0.94440430
15.81999969,0.74106689,0.94776611
15.82999992,0.73733398,0.95110596
15.84000015,0.73361816,0.95442627
15.85000038,0.74504150,0.95772217
15.85999966,0.75261230,0.96099609
15.86999989,0.74895020,0.96424805
15.88000011,0.74530518,0.96748047
15.89000034,0.74168213,0.95211914
15.89999962,0.73807861,0.94753906
15.90999985,0.73449463,0.95071289
15.92000008,0.73092773,0.95386719
15.93000031,0.75370117,0.95699707
15.93999958,0.75017090,0.96010742
15.94999981,0.74665771,0.94311035
15.96000004,0.74316650,0.93997070
15.97000027,0.73969238,0.94302490
15.97999954,0.73624023,0.94606201
15.98999977,0.73280762,0.94907959
16.00000000,0.74502686,0.95207764
16.01000023,0.75226318,0.95505371
16.02000046,0.74888184,0.95801514
16.03000069,0.74552002,0.95747559
16.04000092,0.74217773,0.93762695
16.04999924,0.74630615,0.94053711
16.05999947,0.76178467,0.94342773
16.06999969,0.75849365,0.94630127
16.07999992,0.75521973,0.94915527
16.09000015,0.75196777,0.94728516
16.10000038,0.74873535,0.92860107
16.11000061,0.77172119,0.93140869
16.12000084,0.76852051,0.93420166
16.12999916,0.76533691,0.93697510
16.13999939,0.76217285,0.93973145
16.14999962,0.75902588,0.93615967
16.15999985,0.75589844,0.91902588
16.17000008,0.75279053,0.92174072
16.18000031,0.76876709,0.92444092
16.19000053,0.77277832,0.92712402
16.20000076,0.76971924,0.92979248
16.20999908,0.76667725,0.93244385
16.21999931,0.76365234,0.93508057
16.22999954,0.76064453,0.93770508
16.23999977,0.75765625,0.91735352
16.25000000,0.75556885,0.91679199
16.26000023,0.77783936,0.91937988
16.27000046,0.77489746,0.92195068
16.28000069,0.77197021,0.92451172
16.29000092,0.76906006,0.92705811
16.29999924,0.76616699,0.90350342
16.30999947,0.76329102,0.90603027
16.31999969,0.76042969,0.90854492
16.32999992,0.77782959,0.91104736
16.34000015,0.78082275,0.91353760
16.35000038,0.77800537,0.91601807
16.36000061,0.77520264,0.91848633
16.37000084,0.77241455,0.92094238
16.37999916,0.76964111,0.91171143
16.38999939,0.76688477,0.89978271
16.39999962,0.76420654,0.90221191
16.40999985,0.78744629,0.90463379
16.42000008,0.78472656,0.90704590
16.43000031,0.78202148,0.90944824
16.44000053,0.77932861,0.89433838
16.45000076,0.77665283,0.88821289
16.45999908,0.79999756,0.89059326
16.46999931,0.79734131,0.89296631
16.47999954,0.79469727,0.89532959
16.48999977,0.79206787,0.89768799
16.50000000,0.78945068,0.90003662
16.51000023,0.78684326,0.90237793
16.52000046,0.78424805,0.89906982
16.53000069,0.78882324,0.88106201
16.54000092,0.80506836,0.88338867
16.54999924,0.80250244,0.88570801
16.55999947,0.79994873,0.88802246
16.56999969,0.79740234,0.89032959
16.57999992,0.79486816,0.89263184
16.59000015,0.81830078,0.89492920
16.60000038,0.81578125,0.89722168
16.61000061,0.81326904,0.87355957
16.62000084,0.81076660,0.87584473
16.62999916,0.80827148,0.87812744
16.63999939,0.80578613,0.88040527
16.64999962,0.80330811,0.88268066
16.65999985,0.81189697,0.87903320
16.67000008,0.82430420,0.86128906
16.68000031,0.82184570,0.86355957
16.69000053,0.81939209,0.86582520
16.70000076,0.81694580,0.86808838
16.70999908,0.81450439,0.87035156
16.71999931,0.81206787,0.87261230
16.72999954,0.80963867,0.87487061
16.73999977,0.83225586,0.87712891
16.75000000,0.83070313,0.85347656
16.76000023,0.82828613,0.85573486
16.77000046,0.82587158,0.85799561
16.78000069,0.82346191,0.86025391
16.79000092,0.83250732,0.86251465
16.79999924,0.84455322,0.86477539
16.80999947,0.84215332,0.86703613
16.81999969,0.83975342,0.86929932
16.82999992,0.83735840,0.84566895
16.84000015,0.83496582,0.84793701
16.85000038,0.85846191,0.85020752
16.86000061,0.85606934,0.85247803
16.87000084,0.85367676,0.85475098
16.87999916,0.85128662,0.85702881
16.88999939,0.84889893,0.85930664
16.89999962,0.86952637,0.86158936
16.90999985,0.86999756,0.83799561
16.92000008,0.86760742,0.84028564
16.93000031,0.86521484,0.84258057
16.94000053,0.86282227,0.84487793
16.95000076,0.86801514,0.84718018
16.95999908,0.88390137,0.84948486
16.96999931,0.88150391,0.85179443
16.97999954,0.87910156,0.85411133
16.98999977,0.87669678,0.83056152
17.00000000,0.87428955,0.83288818
17.01000023,0.89774414,0.83521973
17.02000046,0.89532959,0.83755615
17.03000069,0.89291260,0.83989990
17.04000092,0.89049072,0.84224854
17.04999924,0.88806396,0.84460205
17.05999947,0.90197998,0.84696289
17.06999969,0.90905273,0.82347168
17.07999992,0.90661133,0.82584473
17.09000015,0.90416260,0.82822510
17.10000038,0.90170898,0.83061279
17.11000061,0.89925049,0.83300781
17.12000084,0.92263672,0.83541016
17.12999916,0.92016357,0.83781982
17.13999939,0.91768311,0.84023682
17.14999962,0.91519531,0.81680908
17.15999985,0.91270020,0.81924316
17.17000008,0.93452881,0.82168213
17.18000031,0.93353516,0.82413330
17.19000053,0.93101563,0.82658936
17.20000076,0.92848633,0.82905518
17.20999908,0.92594971,0.83152832
17.21999931,0.92340332,0.83401123
17.22999954,0.92084961,0.81065674
17.23999977,0.91828369,0.81315674
17.25000000,0.94155273,0.81566650
17.26000023,0.93896729,0.81818604
17.27000046,0.93637207,0.82071289
17.28000069,0.95960449,0.81438232
17.29000092,0.95698730,0.79995605
17.29999924,0.95435791,0.80251221
17.30999947,0.95171875,0.80507813
17.31999969,0.94906738,0.80765381
17.32999992,0.96314209,0.81023682
17.34000015,0.96956299,0.81282959
17.35000038,0.96687744,0.81543457
17.36000061,0.96417725,0.80910156
17.37000084,0.96146484,0.79484131
17.37999916,0.95993408,0.79747314
17.38999939,0.98182861,0.80011719
17.39999962,0.97907471,0.80277100
17.40999985,0.97813721,0.80543457
17.42000008,0.99935059,0.80810791
17.43000031,0.99655518,0.81079346
17.44000053,0.99374756,0.80574707
17.45000076,0.99092285,0.79037354
17.45999908,0.98808838,0.79308838
17.46999931,1.01104980,0.79581299
17.47999954,1.00818359,0.79854492
17.48999977,1.00530518,0.80128662
17.50000000,1.02822021,0.77972656
17.51000023,1.02531250,0.78098633
17.52000046,1.02239502,0.78374756
17.53000069,1.04526611,0.78651855
17.54000092,1.04232422,0.78929199
17.54999924,1.03937012,0.79207275
17.55999947,1.07440186,0.79485596
17.56999969,1.08500977,0.79764404
17.57999992,1.08201904,0.78113037
17.59000015,1.09532959,0.77744385
17.60000038,1.10178955,0.78024170
17.61000061,1.09876709,0.78304199
17.62000084,1.11706299,0.78584229
17.62999916,1.14424072,0.78864502
17.63999939,1.14118652,0.76567871
17.64999962,1.13973145,0.76848145
17.65999985,1.18206055,0.77128662
17.67000008,1.20924805,0.77408936
17.68000031,1.20614990,0.77688965
17.69000053,1.20648682,0.77628662
17.70000076,1.24979980,0.75673828
17.70999908,1.27403809,0.75953369
17.71999931,1.27090088,0.76232666
17.72999954,1.27636963,0.76511719
17.73999977,1.32087158,0.76790039
17.75000000,1.33861328,0.75788330
17.76000023,1.33543457,0.74773438
17.77000046,1.35007568,0.75050781
17.78000069,1.38047363,0.75327393
17.79000092,1.37726563,0.75603271
17.79999924,1.37405518,0.75878174
17.80999947,1.37083496,0.76152588
17.81999969,1.36761230,0.76426270
17.82999992,1.36438477,0.76698975
17.84000015,1.36115234,0.74403320
17.85000038,1.35791504,0.74674805
17.86000061,1.35467529,0.74945313
17.87000084,1.35143066,0.75214600
17.87999916,1.34818604,0.75482910
17.88999939,1.34493652,0.75750000
17.89999962,1.34168457,0.73452637
17.90999985,1.33843018,0.73718262
17.92000008,1.33517334,0.73982422
17.93000031,1.33191406,0.74245361
17.94000053,1.32865234,0.74507080
17.95000076,1.32539307,0.74767334
17.95999908,1.32213379,0.72467529
17.96999931,1.29329590,0.72725830
17.97999954,1.29004639,0.72982422
17.98999977,1.28679443,0.73237793
18.00000000,1.28354736,0.73491455
18.01000023,1.28030029,0.73743652
18.02000046,1.27705566,0.73994141
18.03000069,1.27381348,0.74243164
18.04000092,1.27057373,0.74490234
18.04999924,1.26734131,0.72185303
18.05999947,1.26411133,0.72429932
18.06999969,1.26088623,0.72672607
18.07999992,1.25766846,0.72913818
18.09000015,1.25445557,0.73152832
18.10000038,1.25125000,0.73390381
18.11000061,1.24805176,0.73625732
18.12000084,1.24486084,0.73859375
18.12999916,1.24167969,0.74091064
18.13999939,1.23850830,0.74320557
18.14999962,1.23534912,0.74548096
18.15999985,1.23219971,0.74773682
18.17000008,1.22906250,0.74997314
18.18000031,1.20057617,0.75218750
18.19000053,1.19747803,0.75438232
18.20000076,1.19439209,0.75655762
18.20999908,1.19132324,0.75871094
18.21999931,1.18827148,0.76084473
18.22999954,1.18523682,0.76295654
18.23999977,1.18222168,0.76504639
18.25000000,1.17922607,0.76711670
18.26000023,1.17625000,0.76916260
18.27000046,1.17329834,0.77119141
18.28000069,1.17036865,0.77319824
18.29000092,1.16746338,0.77518311
18.29999924,1.16458252,0.75193115
18.30999947,1.16173096,0.75388672
18.31999969,1.15890381,0.75582275
18.32999992,1.15610840,0.75773926
18.34000015,1.15334473,0.78480469
18.35000038,1.15061035,0.78666992
18.36000061,1.14791504,0.78851318
18.37000084,1.14525391,0.79033691
18.37999916,1.14262939,0.79214355
18.38999939,1.14004639,0.79393066
18.39999962,1.13750000,0.79570068
18.40999985,1.10989990,0.79745117
18.42000008,1.10744873,0.79918457
18.43000031,1.10504150,0.80090088
18.44000053,1.10268066,0.80260010
18.45000076,1.10036621,0.80428223
18.45999908,1.09810303,0.80594971
18.46999931,1.09588867,0.80759766
18.47999954,1.09372803,0.80923096
18.48999977,1.09161865,0.81084961
18.50000000,1.08956543,0.81244873
18.51000023,1.08757080,0.81403320
18.52000046,1.08563477,0.81560303
18.53000069,1.08375732,0.81715576
18.54000092,1.08194336,0.81869385
18.54999924,1.08019043,0.82021729
18.55999947,1.07850098,0.82172607
18.56999969,1.07687744,0.82322021
18.57999992,1.07532227,0.84969971
18.59000015,1.07383545,0.85116211
18.60000038,1.07241943,0.85261230
18.61000061,1.07107666,0.85404541
18.62000084,1.06980713,0.85546631
18.62999916,1.06861328,0.85687256
18.63999939,1.06749512,0.85826660
18.64999962,1.06645752,0.85964355
18.65999985,1.06549805,0.86100586
18.67000008,1.06462158,0.88738037
18.68000031,1.06383057,0.88871826
18.69000053,1.06312500,0.89004395
18.70000076,1.03745605,0.89135498
18.70999908,1.03691650,0.89264893
18.71999931,1.03646729,0.89393066
18.72999954,1.03610840,0.89519287
18.73999977,1.03584473,0.89644043
18.75000000,1.03567627,0.89767334
18.76000023,1.03560547,0.89888672
18.77000046,1.03563477,0.90008301
18.78000069,1.03576660,0.90126221
18.79000092,1.03600098,0.92759766
18.79999924,1.03634033,0.92875488
18.80999947,1.03678711,0.92989502
18.81999969,1.03734375,0.93101563
18.82999992,1.03801270,0.93211670
18.84000015,1.03879883,0.93319580
18.85000038,1.03969727,0.93425049
18.86000061,1.04071777,0.93528320
18.87000084,1.01649658,0.93629395
18.87999916,1.01773193,0.93727539
18.88999939,1.01909180,0.93823242
18.89999962,1.02057861,0.93916260
18.90999985,1.02219727,0.94006348
18.92000008,1.02395020,0.94791016
18.93000031,1.02583984,0.96631592
18.94000053,1.02786865,0.96815674
18.95000076,1.03003906,0.96896240
18.95999908,1.03235107,0.96973145
18.96999931,1.03480957,0.97046631
18.97999954,1.03741699,0.97116211
18.98999977,1.01438477,0.97181885
19.00000000,1.01725342,0.97243408
19.01000023,1.02028320,0.98150146
19.02000046,1.02346924,0.99447021
19.03000069,1.02682617,0.99999268
19.04000092,1.03035156,1.00046387
19.04999924,1.03404785,1.00088867
19.05999947,1.03791504,1.00125732
19.06999969,1.04196045,1.00157471
19.07999992,1.04618652,1.00183350
19.09000015,1.05059326,1.00203369
19.10000038,1.05518799,1.00217285
19.11000061,1.05998291,1.00870605
19.12000084,1.06497314,1.01811523
19.12999916,1.04359131,1.02710938
19.13999939,1.04891357,1.02864746
19.14999962,1.05443604,1.02849609
19.15999985,1.06016602,1.02826660
19.17000008,1.06610840,1.02795654
19.18000031,1.07227783,1.02755371
19.19000053,1.07866211,1.02706787
19.20000076,1.08526855,1.02649414
19.20999908,1.09209717,1.02583008
19.21999931,1.09915283,1.02981201
19.22999954,1.10644775,1.03668701
19.23999977,1.11398926,1.04328613
19.25000000,1.12176514,1.04962402
19.26000023,1.12978516,1.04857422
19.27000046,1.13804688,1.04738281
19.28000069,1.14655518,1.04608643
19.29000092,1.15533447,1.04465820
19.29999924,1.16436279,1.04311523
19.30999947,1.17364990,1.04145996
19.31999969,1.18319824,1.03968262
19.32999992,1.19300293,1.03810547
19.34000015,1.20307861,1.04313232
19.35000038,1.24186279,1.04794678
19.36000061,1.25256836,1.05257324
19.37000084,1.26353027,1.05701904
19.37999916,1.30351563,1.06129150
19.38999939,1.37285889,1.06539551
19.39999962,1.39996826,1.06932617
19.40999985,1.36855225,1.07310791
19.42000008,1.38069336,1.07371094
19.43000031,1.35633789,1.07085938
19.44000053,1.34754395,1.06789551
19.45000076,1.34568115,1.06482178
19.45999908,1.34415283,1.06162842
19.46999931,1.33652100,1.05832520
19.47999954,1.34127197,1.05491455
19.48999977,1.32871582,1.05385254
19.50000000,1.33885986,1.05702148
19.51000023,1.35299072,1.06009766
19.52000046,1.34126953,1.06307617
19.53000069,1.35137451,1.06596924
19.54000092,1.36609375,1.06288818
19.54999924,1.35535156,1.05884521
19.55999947,1.36520508,1.05469482
19.56999969,1.38048096,1.05043701
19.57999992,1.39598877,1.04606934
19.59000015,1.41172119,1.04159424
19.60000038,1.40913086,1.04348389
19.61000061,1.41213379,1.04620850
19.62000084,1.42839844,1.04888428
19.62999916,1.44488281,1.05151855
19.63999939,1.46158447,1.05411377
19.64999962,1.47850830,1.05667236
19.65999985,1.49564697,1.05919922
19.67000008,1.51299805,1.06170166
19.68000031,1.53056396,1.06417725
19.69000053,1.54056152,1.06663086
19.70000076,1.53319336,1.06906738
19.70999908,1.55122070,1.07148682
19.71999931,1.56945801,1.07342285
19.72999954,1.58789307,1.06781006
19.73999977,1.60652832,1.06207764
19.75000000,1.61691162,1.05622314
19.76000023,1.61027588,1.05024658
19.77000046,1.62932617,1.04928711
19.78000069,1.63767578,1.05187500
19.79000092,1.63337646,1.05446289
19.79999924,1.65280762,1.05705322
19.80999947,1.65954346,1.05964844
19.81999969,1.65709229,1.06225098
19.82999992,1.67687988,1.06486084
19.84000015,1.68246826,1.06748535
19.85000038,1.68131836,1.07012207
19.86000061,1.68667969,1.07277344
19.87000084,1.68570313,1.07543945
19.87999916,1.69154297,1.07812500
19.88999939,1.69000000,1.08083008
19.89999962,1.69702881,1.08355713
19.90999985,1.69417725,1.08630615
19.92000008,1.70311768,1.08908203
19.93000031,1.69818604,1.09188477
19.94000053,1.70979492,1.09471680
19.95000076,1.69651611,1.09758057
19.95999908,1.68349854,1.10047363
19.96999931,1.67073242,1.10339844
19.97999954,1.65820801,1.10635742
19.98999977,1.67083496,1.10934814
20.00000000,1.66695801,1.11237305
20.01000023,1.65502197,1.11543701
20.02000046,1.64331055,1.11853516
20.03000069,1.63181641,1.12167480
20.04000092,1.62053223,1.12485352
20.04999924,1.60945557,1.12807617
20.05999947,1.59857422,1.13134033
20.06999969,1.58788818,1.13464844
20.07999992,1.57738525,1.13800049
20.09000015,1.56706787,1.14139648
20.10000038,1.52476563,1.14483887
20.11000061,1.51488037,1.14833252
20.12000084,1.50516357,1.18388916
20.12999916,1.49561035,1.18741211
20.13999939,1.48621338,1.19098877
20.14999962,1.47697021,1.19461914
20.15999985,1.46787842,1.19830811
20.17000008,1.45893555,1.20205811
20.18000031,1.45014160,1.20587158
20.19000053,1.44148926,1.20974609
20.20000076,1.43297363,1.21368164
20.20999908,1.42459229,1.21768311
20.21999931,1.41633789,1.22175049
20.22999954,1.40821533,1.25724609
20.23999977,1.40022461,1.26141113
20.25000000,1.36108398,1.26564697
20.26000023,1.35337402,1.26995850
20.27000046,1.34577881,1.27434570
20.28000069,1.33829590,1.27881104
20.29000092,1.33093018,1.28336426
20.29999924,1.32367432,1.28800049
20.30999947,1.31652344,1.29271973
20.31999969,1.30947754,1.29752686
20.32999992,1.30252930,1.30241699
20.34000015,1.29568359,1.30740234
20.35000038,1.28893311,1.31247803
20.36000061,1.28227539,1.34859375
20.37000084,1.27570313,1.35383057
20.37999916,1.23829590,1.35916016
20.38999939,1.23190186,1.36458252
20.39999962,1.22558838,1.37010742
20.40999985,1.21934814,1.37572998
20.42000008,1.21318115,1.38144531
20.43000031,1.20707764,1.38725830
20.44000053,1.20104248,1.39316650
20.45000076,1.19507080,1.39917480
20.45999908,1.18916260,1.40528809
20.46999931,1.18331299,1.41150146
20.47999954,1.17751953,1.41781738
20.48999977,1.17177734,1.42423584
20.50000000,1.16608643,1.43075684
20.51000023,1.16044189,1.43738281
20.52000046,1.15484619,1.44412109
20.53000069,1.14929443,1.45096680
20.54000092,1.14378418,1.45791992
20.54999924,1.10732178,1.46498291
20.55999947,1.10186768,1.47215820
20.56999969,1.09644531,1.47944580
20.57999992,1.09105713,1.48684570
20.59000015,1.08569580,1.49436279
20.60000038,1.08036621,1.53311279
20.61000061,1.07506348,1.54090088
20.62000084,1.06978027,1.54881104
20.62999916,1.06452148,1.55684814
20.63999939,1.05928223,1.56500977
20.64999962,1.05406006,1.57330322
20.65999985,1.05242676,1.58172607
20.67000008,1.06421631,1.62163818
20.68000031,1.06989014,1.63037109
20.69000053,1.06477051,1.63924316
20.70000076,1.05966553,1.64825684
20.70999908,1.05457031,1.65741211
20.71999931,1.04948242,1.69830322
20.72999954,1.04440186,1.70781494
20.73999977,1.03932617,1.71748047
20.75000000,1.03425537,1.72730225
20.76000023,1.02918701,1.73728271
20.77000046,1.02412109,1.74742920
20.78000069,1.01905518,1.78965820
20.79000092,1.01398926,1.80020020
20.79999924,1.00892090,1.81091797
20.80999947,1.01224854,1.82181641
20.81999969,1.02212158,1.83289795
20.82999992,1.02592529,1.84416748
20.84000015,1.02089844,1.85562988
20.85000038,1.01586426,1.85824463
20.86000061,1.01082275,1.84667236
20.87000084,1.00576660,1.85865234
20.87999916,1.00070313,1.87083740
20.88999939,0.99562500,1.88323486
20.89999962,0.99053223,1.89584717
20.90999985,0.98818115,1.90867920
20.92000008,0.99685303,1.95471436
20.93000031,1.00536865,1.96809570
20.94000053,1.00314941,1.98172119
20.95000076,0.99805664,2.06211670
20.95999908,0.99294678,2.07643311
20.96999931,1.00022705,2.12109375
20.97999954,1.00810547,2.10093750
20.98999977,1.01117188,2.08088135
21.00000000,1.00608887,2.06093018
21.01000023,1.00098633,2.05033691
21.02000046,0.99586426,2.05820801
21.03000069,0.99072510,2.03843506
21.04000092,0.98556396,2.01877930
21.04999924,0.98624268,1.99925049
21.05999947,0.99323730,1.97984131
21.06999969,1.00009277,1.96055664
21.07999992,0.99946289,1.94139893
21.09000015,0.99432129,1.92237305
21.10000038,0.98915771,1.92146484
21.11000061,0.99063232,1.92021729
21.12000084,0.99695801,1.90144043
21.12999916,1.00314697,1.88280518
21.13999939,1.00394775,1.86430908
21.14999962,0.99882813,1.84595459
21.15999985,0.99368652,1.82773926
21.17000008,0.99202881,1.80967285
21.18000031,0.99772705,1.79175537
21.19000053,1.00330566,1.77398682
21.20000076,1.00875977,1.75637207
21.20999908,1.00449951,1.76317871
21.21999931,0.99939209,1.75544922
21.22999954,0.99425781,1.73815430
21.23999977,0.99587891,1.72102051
21.25000000,1.00091064,1.70404785
21.26000023,1.00583496,1.68723633
21.27000046,1.01064941,1.67058594
21.28000069,1.01536133,1.65410156
21.29000092,1.01996582,1.63778564
21.29999924,1.02447266,1.62164063
21.30999947,1.02887939,1.62732178
21.31999969,1.02526367,1.62224121
21.32999992,1.02028076,1.60646729
21.34000015,1.01526611,1.59086182
21.35000038,1.01359619,1.57543213
21.36000061,1.01768066,1.56017334
21.37000084,1.02167236,1.54508789
21.37999916,1.02558105,1.53017822
21.38999939,1.02940674,1.51543945
21.39999962,1.02592529,1.50087646
21.40999985,1.02092285,1.48648926
21.42000008,1.01587646,1.47552734
21.43000031,1.01302002,1.48913086
21.44000053,1.01658447,1.47514160
21.45000076,1.02007813,1.46132813
21.45999908,1.02349609,1.44769287
21.46999931,1.02684570,1.43423096
21.47999954,1.03012207,1.42094482
21.48999977,1.03333496,1.40783691
21.50000000,1.03647949,1.39490234
21.51000023,1.03956055,1.38214355
21.52000046,1.04258301,1.36956055
21.53000069,1.04554443,1.35715088
21.54000092,1.04436035,1.34491455
21.54999924,1.03933105,1.33285645
21.55999947,1.03423096,1.35028564
21.56999969,1.02905273,1.33845703
21.57999992,1.03038818,1.32680176
21.59000015,1.03312256,1.31531738
21.60000038,1.03580566,1.30400391
21.61000061,1.03843506,1.29286377
21.62000084,1.04101563,1.28189209
21.62999916,1.04354980,1.27109375
21.63999939,1.04603516,1.26046143
21.64999962,1.04847168,1.25000000
21.65999985,1.05086426,1.23970215
21.67000008,1.05321289,1.22957520
21.68000031,1.05551758,1.21961182
21.69000053,1.05778076,1.20981689
21.70000076,1.06000000,1.22808594
21.70999908,1.05924561,1.21853027
21.71999931,1.05371338,1.20913818
21.72999954,1.04803223,1.19991211
21.73999977,1.04219727,1.19084717
21.75000000,1.04303467,1.18194580
21.76000023,1.04510254,1.17320801
21.77000046,1.04713135,1.16462891
21.78000069,1.04912109,1.15621094
21.79000092,1.05107666,1.14795410
21.79999924,1.05299316,1.13985840
21.80999947,1.05487305,1.13191895
21.81999969,1.05671631,1.12413818
21.82999992,1.05852539,1.11651367
21.84000015,1.06029785,1.10904785
21.85000038,1.06203613,1.10173828
21.86000061,1.06374023,1.12123047
21.87000084,1.06540771,1.11416504
21.87999916,1.06704102,1.10725830
21.88999939,1.06863770,1.10050537
21.89999962,1.07020264,1.09390869
21.90999985,1.07173096,1.08746338
21.92000008,1.07322266,1.08117432
21.93000031,1.07468262,1.07503906
21.94000053,1.07610596,1.06905762
21.95000076,1.07749512,1.06322754
21.95999908,1.07884766,1.05755371
21.96999931,1.08016357,1.05202881
21.97999954,1.08144531,1.04665527
21.98999977,1.08268799,1.04143311
22.00000000,1.08389404,1.03636230
22.01000023,1.08506348,1.03144043
22.02000046,1.08618896,1.02667480
22.03000069,1.08727539,1.04778076
22.04000092,1.08832275,1.04327393
22.04999924,1.08932861,1.03891846
22.05999947,1.09029541,1.03471191
22.06999969,1.09122070,1.03065918
22.07999992,1.09210205,1.02675537
22.09000015,1.08945313,1.02300293
22.10000038,1.07612305,1.01939941
22.11000061,1.06906494,1.01594971
22.12000084,1.06980225,1.01264893
22.12999916,1.07049316,1.00950195
22.13999939,1.07113525,1.00650391
22.14999962,1.07172852,1.00365479
22.15999985,1.07226563,1.00096436
22.17000008,1.07275146,0.99842773
22.18000031,1.07318604,0.99604248
22.19000053,1.07356934,0.99380859
22.20000076,1.07390137,0.99172119
22.20999908,1.07418213,0.98978271
22.21999931,1.07441406,0.98799316
22.22999954,1.07459473,0.98634766
22.23999977,1.07472656,0.98484863
22.25000000,1.07480713,0.98349365
22.26000023,1.07483887,0.98228271
22.27000046,1.07481689,0.98122070
22.28000069,1.07474121,0.98030273
22.29000092,1.07461914,0.97952393
22.29999924,1.07444824,0.97888184
22.30999947,1.07422852,1.00341309
22.31999969,1.07396240,1.00303955
22.32999992,1.07364990,1.00280518
22.34000015,1.07328857,1.00270508
22.35000038,1.07288086,1.00274170
22.36000061,1.07242676,1.00291016
22.37000084,1.07192139,1.00321777
22.37999916,1.07136719,1.00365723
22.38999939,1.07076904,1.00422852
22.39999962,1.07012695,1.00492920
22.40999985,1.06943848,1.00575684
22.42000008,1.06870850,1.00671143
22.43000031,1.06793213,1.03280029
22.44000053,1.06711182,1.03400879
22.45000076,1.06625000,1.03534180
22.45999908,1.06534424,1.03679932
22.46999931,1.06439453,1.03838135
22.47999954,1.06339600,1.04008789
22.48999977,1.06235840,1.04191406
22.50000000,1.06127686,1.04385742
22.51000023,1.06015625,1.04591797
22.52000046,1.05899414,1.04809326
22.53000069,1.05779053,1.07548340
22.54000092,1.05654785,1.07790283
22.54999924,1.05526367,1.08043457
22.55999947,1.05394043,1.08308105
22.56999969,1.05257568,1.08583740
22.57999992,1.02599854,1.08870361
22.59000015,1.02453613,1.09168213
22.60000038,1.02302979,1.09477051
22.61000061,1.02148682,1.09632568
22.62000084,1.01990234,1.07601318
22.62999916,1.01827881,1.04877197
22.63999939,1.01661621,1.03229004
22.64999962,1.01491455,1.00941650
22.65999985,1.01317383,0.98878906
22.67000008,1.01139404,0.97655273
22.68000031,1.00957520,0.97087158
22.69000053,1.00771973,0.94930664
22.70000076,1.00582275,0.95322754
22.70999908,1.00388916,0.92560059
22.71999931,1.00191895,0.91033936
22.72999954,0.99990723,0.90582764
22.73999977,0.99785889,0.89313232
22.75000000,0.99577148,0.88904541
22.76000023,1.01419434,0.87614990
22.77000046,1.01712158,0.87481445
22.78000069,1.01494873,0.85937744
22.79000092,1.01273682,0.86391602
22.79999924,1.01048828,0.86853271
22.80999947,1.00820313,0.85264893
22.81999969,1.00587646,0.85219482
22.82999992,1.00351563,0.84416748
22.84000015,1.00111328,0.83602295
22.85000038,0.99867188,0.84094727
22.86000061,0.99619385,0.84594727
22.87000084,0.99367676,0.83142578
22.87999916,0.99112061,0.83013672
22.88999939,0.98852295,0.83531006
22.89999962,0.98588867,0.84054932
22.90999985,0.98321289,0.82336914
22.92000008,0.98049805,0.82506104
22.93000031,0.97774658,0.82080811
22.94000053,0.97495117,0.80967529
22.95000076,0.97211670,0.81516113
22.95999908,0.97844482,0.82070801
22.96999931,0.99268799,0.81821533
22.97999954,0.98976807,0.80557861
22.98999977,0.98680908,0.81126465
23.00000000,0.98381104,0.81700439
23.01000023,0.98076904,0.81854248
23.02000046,0.97768311,0.80209229
23.03000069,0.97455566,0.80795898
23.04000092,0.97138672,0.81387695
23.04999924,0.96817383,0.81984619
23.05999947,0.96491699,0.79913818
23.06999969,0.96161621,0.80516846
23.07999992,0.95827393,0.81124512
23.09000015,0.95488525,0.81737061
23.10000038,0.96908447,0.79665039
23.11000061,0.97490967,0.80282471
23.12000084,0.97142822,0.79843994
23.12999916,0.96790283,0.78828613
23.13999939,0.96433105,0.79454834
23.14999962,0.96071045,0.80085205
23.15999985,0.95704346,0.80719238
23.17000008,0.95333008,0.78638916
23.18000031,0.95464844,0.79276611
23.19000053,0.96907715,0.78517578
23.20000076,0.96920654,0.77832031
23.20999908,0.96534180,0.78476074
23.21999931,0.96143066,0.79123535
23.22999954,0.96478760,0.79774170
23.23999977,0.97908936,0.77681641
23.25000000,0.97690918,0.78334473
23.26000023,0.97284424,0.78989990
23.27000046,0.96873047,0.79648438
23.28000069,0.96456543,0.78775879
23.29000092,0.96035400,0.78207764
23.29999924,0.95609375,0.78870117
23.30999947,0.96126709,0.77149658
23.31999969,0.97519775,0.77425537
23.32999992,0.97083008,0.78091553
23.34000015,0.96641357,0.78759521
23.35000038,0.96195068,0.78990234
23.36000061,0.97613281,0.77310303
23.37000084,0.98082275,0.77980713
23.37999916,0.97625000,0.77653809
23.38999939,0.97162598,0.76525146
23.39999962,0.96695557,0.77197266
23.40999985,0.96223633,0.77871094
23.42000008,0.95747070,0.78546143
23.43000031,0.96669922,0.77527832
23.44000053,0.97597656,0.77083008
23.45000076,0.97110352,0.77758789
23.45999908,0.96618408,0.78435791
23.46999931,0.96121582,0.79113525
23.47999954,0.95620361,0.77648193
23.48999977,0.95114502,0.77640137
23.50000000,0.96176025,0.78317627
23.51000023,0.96927246,0.76770996
23.52000046,0.96410889,0.76834717
23.53000069,0.95890137,0.77511719
23.54000092,0.95365234,0.78188965
23.54999924,0.94835938,0.78866699
23.55999947,0.94583252,0.77249756
23.56999969,0.96079590,0.77371094
23.57999992,0.96077637,0.78047363
23.59000015,0.95534180,0.78723877
23.60000038,0.94986816,0.79400146
23.61000061,0.94435303,0.77915283
23.62000084,0.93879883,0.77890137
23.62999916,0.94818115,0.78564209
23.63999939,0.95625000,0.77375732
23.64999962,0.95060303,0.77043213
23.65999985,0.94491943,0.77714844
23.67000008,0.95825684,0.78386230
23.68000031,0.96217773,0.79057129
23.69000053,0.95640625,0.78316162
23.70000076,0.95059814,0.77520752
23.70999908,0.94475830,0.78188477
23.71999931,0.93888672,0.77945068
23.72999954,0.94992432,0.76641357
23.73999977,0.95585938,0.77305664
23.75000000,0.94990479,0.77968994
23.76000023,0.94391846,0.78631592
23.77000046,0.93790283,0.79126465
23.78000069,0.93185791,0.77376953
23.79000092,0.94402832,0.77726318
23.79999924,0.94856201,0.78383545
23.80999947,0.94244385,0.77174316
23.81999969,0.94193848,0.76805908
23.82999992,0.95798828,0.77458984
23.84000015,0.95283691,0.78110596
23.85000038,0.94662354,0.78760986
23.86000061,0.94038818,0.78604248
23.87000084,0.93413086,0.77166260
23.87999916,0.93942383,0.77811768
23.88999939,0.95047119,0.78455811
23.89999962,0.94415283,0.79098145
23.90999985,0.93897705,0.79739014
23.92000008,0.95552490,0.78491943
23.93000031,0.95400146,0.78123047
23.94000053,0.94760742,0.78758301
23.95000076,0.94119873,0.78500000
23.95999908,0.93477295,0.77131592
23.96999931,0.93968750,0.77761475
23.97999954,0.95078613,0.78389648
23.98999977,0.94431396,0.79015381
24.00000000,0.94084717,0.79639160
24.01000023,0.95796387,0.78634277
24.02000046,0.95371338,0.77990967
24.03000069,0.94718506,0.78608887
24.04000092,0.94064697,0.78757813
24.04999924,0.93410400,0.77142090
24.05999947,0.94478027,0.77561523
24.06999969,0.94984131,0.78170898
24.07999992,0.94326172,0.78777832
24.09000015,0.94757324,0.79382324
24.10000038,0.95891602,0.79111816
24.11000061,0.95230957,0.77701416
24.12000084,0.94569580,0.78299316
24.12999916,0.93908203,0.78894531
24.13999939,0.93667725,0.79487061
24.14999962,0.95461914,0.80077148
24.15999985,0.94798340,0.79600830
24.17000008,0.94134766,0.78373535
24.18000031,0.95938477,0.78956299
24.19000053,0.95679932,0.79536377
24.20000076,0.95015137,0.80113525
24.20999908,0.94350342,0.80687988
24.21999931,0.93686035,0.80219482
24.22999954,0.95125732,0.78961182
24.23999977,0.95222656,0.79528076
24.25000000,0.94557861,0.80092041
24.26000023,0.95736816,0.80652832
24.27000046,0.96089600,0.81210205
24.28000069,0.95424805,0.80962402
24.29000092,0.94760986,0.79459717
24.29999924,0.94097900,0.80009521
24.30999947,0.95172607,0.80556152
24.31999969,0.95624756,0.81099365
24.32999992,0.94962402,0.81639160
24.34000015,0.95954346,0.81828125
24.35000038,0.96485840,0.80237061
24.36000061,0.95825195,0.80396484
24.37000084,0.96809326,0.80924805
24.37999916,0.97345947,0.81449707
24.38999939,0.96687256,0.81970947
24.39999962,0.96030273,0.82488525
24.40999985,0.95374756,0.81217285
24.42000008,0.96627686,0.80683838
24.43000031,0.96895752,0.81192871
24.44000053,0.96243164,0.81698242
24.45000076,0.97682129,0.82199951
24.45999908,0.97763428,0.82697754
24.46999931,0.97114502,0.82316406
24.47999954,0.96467529,0.80867432
24.48999977,0.95822754,0.81356445
24.50000000,0.97809082,0.81841553
24.51000023,0.97346924,0.82322998
24.52000046,0.96811768,0.82800537
24.53000069,0.98870361,0.83274170
24.54000092,0.98231689,0.81904541
24.54999924,0.97595947,0.81412598
24.55999947,0.96962402,0.81877441
24.56999969,0.97200195,0.82338135
24.57999992,0.98491699,0.82795166
24.59000015,0.97863281,0.83248291
24.60000038,0.97237305,0.83697754
24.61000061,0.96614014,0.84143066
24.62000084,0.97803223,0.84584717
24.62999916,0.98151123,0.83964355
24.63999939,0.97533447,0.82683838
24.64999962,0.99435791,0.83116699
24.65999985,0.99073486,0.83545654
24.67000008,0.98461670,0.83970947
24.68000031,0.97852783,0.84392334
24.69000053,0.97855469,0.84809814
24.70000076,0.99399658,0.83821533
24.70999908,0.98797119,0.82880859
24.71999931,0.99719727,0.83289795
24.72999954,1.00348389,0.83695068
24.73999977,0.99752441,0.84096191
24.75000000,0.99159668,0.84493896
24.76000023,0.98570313,0.84887695
24.77000046,1.00719482,0.85277588
24.78000069,1.00134033,0.85663574
24.79000092,0.99552002,0.86045898
24.79999924,0.98973633,0.84679443
24.80999947,0.99854492,0.84075439
24.81999969,1.00547607,0.84449463
24.82999992,0.99976807,0.84819580
24.84000015,0.99409668,0.85186279
24.85000038,0.98846191,0.85549072
24.86000061,1.00995361,0.85908203
24.87000084,1.00436279,0.84810303
24.87999916,0.99881348,0.83912354
24.88999939,0.99330322,0.84263428
24.89999962,1.00743408,0.84610840
24.90999985,1.00933838,0.84954590
24.92000008,1.00391357,0.85294922
24.93000031,0.99853271,0.85631348
24.94000053,0.99886475,0.85964355
24.95000076,1.01471191,0.86293701
24.95999908,1.00942627,0.86619385
24.96999931,1.00417969,0.86171875
24.97999954,0.99897461,0.84586426
24.98999977,1.02052002,0.84904541
25.00000000,1.01537354,0.85218994
25.01000023,1.01026855,0.85529785
25.02000046,1.00520752,0.85837402
25.03000069,1.01965332,0.86141113
25.04000092,1.02178467,0.86441650
25.04999924,1.01682861,0.86738525
25.05999947,1.01191650,0.87031982
25.06999969,1.01541016,0.87322021
25.07999992,1.02868408,0.85806152
25.09000015,1.02388184,0.85249023
25.10000038,1.01912598,0.85531494
25.11000061,1.01441650,0.85810547
25.12000084,1.00975342,0.86086182
25.12999916,1.01120605,0.86358398
25.13999939,1.02686279,0.86627197
25.14999962,1.02231445,0.86341797
25.15999985,1.01781494,0.84530518
25.17000008,1.01336426,0.84791748
25.18000031,1.03514893,0.85049805
25.19000053,1.03076904,0.85304443
25.20000076,1.02643799,0.85555664
25.20999908,1.02215576,0.85803467
25.21999931,1.01792236,0.86048096
25.22999954,1.01374023,0.86289307
25.23999977,1.03564697,0.86527344
25.25000000,1.03153809,0.86761963
25.26000023,1.02748291,0.86093994
25.27000046,1.02347656,0.84624512
25.28000069,1.04546387,0.84851563
25.29000092,1.04153809,0.85075439
25.29999924,1.03766113,0.85295898
25.30999947,1.03383545,0.85513184
25.31999969,1.03006348,0.85727051
25.32999992,1.02634033,0.85937744
25.34000015,1.04848145,0.86145020
25.35000038,1.04484375,0.86349365
25.36000061,1.04125732,0.86550293
25.37000084,1.03772461,0.85752930
25.37999916,1.05997070,0.84369629
25.38999939,1.05652344,0.84562744
25.39999962,1.05312744,0.84752686
25.40999985,1.04978760,0.84939453
25.42000008,1.04650146,0.85122803
25.43000031,1.04326660,0.85302979
25.44000053,1.06569336,0.85479980
25.45000076,1.06254883,0.85653564
25.45999908,1.05946045,0.85823975
25.46999931,1.05642578,0.85991211
25.47999954,1.07897705,0.85146484
25.48999977,1.07603271,0.83764160
25.50000000,1.07314453,0.83923096
25.51000023,1.07031250,0.84079102
25.52000046,1.09299805,0.84231689
25.53000069,1.09025879,0.84380859
25.54000092,1.08757324,0.84527100
25.54999924,1.08494629,0.84669678
25.55999947,1.08237305,0.84809082
25.56999969,1.09453125,0.84945313
25.57999992,1.10276855,0.85078125
25.59000015,1.10034912,0.83970459
25.60000038,1.09798584,0.82799561
25.61000061,1.09567871,0.82923828
25.62000084,1.09342773,0.83044678
25.62999916,1.09123535,0.83162109
25.63999939,1.08909668,0.83276367
25.64999962,1.08701660,0.83387451
25.65999985,1.05972900,0.83494873
25.67000008,1.05777100,0.83599121
25.68000031,1.05587158,0.83699951
25.69000053,1.05402832,0.83797363
25.70000076,1.05223877,0.83891357
25.70999908,1.05050781,0.83982178
25.71999931,1.04883057,0.84069580
25.72999954,1.04721191,0.84153564
25.73999977,1.04564941,0.81716797
25.75000000,1.04414063,0.81794922
25.76000023,1.04269043,0.81869629
25.77000046,1.04129639,0.81940918
25.78000069,1.03995605,0.82008789
25.79000092,1.06380127,0.82073486
25.79999924,1.06256348,0.82134521
25.80999947,1.06138184,0.82192627
25.81999969,1.06025635,0.82247070
25.82999992,1.08427979,0.82298584
25.84000015,1.08325439,0.82346680
25.85000038,1.13244629,0.82391602
25.86000061,1.13151611,0.82433105
25.87000084,1.10557129,0.82471680
25.87999916,1.10475342,0.82507080
25.88999939,1.07893311,0.82539551
25.89999962,1.07822754,0.82568604
25.90999985,1.05252686,0.82594971
25.92000008,1.05193115,0.82617920
25.93000031,1.05138428,0.82638184
25.94000053,1.02585693,0.82655273
25.95000076,1.02541504,0.80166504
25.95999908,1.02502441,0.80177979
25.96999931,1.02468506,0.80186523
25.97999954,1.02439209,0.80192383
25.98999977,1.02415039,0.80195068
26.00000000,1.02395508,0.80194824
26.01000023,1.02380859,0.80191895
26.02000046,1.02371094,0.80186035
26.03000069,1.02365967,0.80177490
26.04000092,1.02365479,0.80165771
26.04999924,1.02369873,0.80151611
26.05999947,1.02378906,0.80134521
26.06999969,1.02392578,0.80114746
26.07999992,1.02410889,0.80092041
26.09000015,1.02433594,0.80066895
26.10000038,1.02460938,0.80038818
26.11000061,1.02492676,0.80008057
26.12000084,1.02529053,0.79974854
26.12999916,1.02569824,0.79938721
26.13999939,1.02614990,0.79900146
26.14999962,1.02664551,0.77358643
26.15999985,1.02718262,0.77314453
26.17000008,1.02776611,0.77267822
26.18000031,1.02839111,0.77218506
26.19000053,1.02905762,0.77166748
26.20000076,1.02976563,0.77112305
26.20999908,1.03051758,0.77055420
26.21999931,1.00629395,0.76995850
26.22999954,1.00712402,0.76933838
26.23999977,1.00799561,0.76869385
26.25000000,1.00890869,0.76802246
26.26000023,1.00986084,0.76732666
26.27000046,1.01085205,0.76660645
26.28000069,0.98684570,0.76586182
26.29000092,0.98791016,0.76509277
26.29999924,0.98901611,0.76429932
26.30999947,0.99015869,0.76348145
26.31999969,0.96628418,0.76263916
26.32999992,0.96750000,0.76177246
26.34000015,0.96875000,0.76088135
26.35000038,0.97003906,0.75996582
26.36000061,0.97136475,0.75902832
26.37000084,0.97272461,0.75806641
26.37999916,0.94903320,0.75708008
26.38999939,0.95045898,0.75606934
26.39999962,0.95192383,0.75503662
26.40999985,0.95342041,0.75398193
26.42000008,0.95495361,0.75290283
26.43000031,0.95652100,0.75179932
26.44000053,0.93299072,0.77580078
26.45000076,0.93461914,0.77466064
26.45999908,0.93628174,0.77349609
26.46999931,0.93797607,0.77230957
26.47999954,0.93970215,0.77109863
26.48999977,0.94146484,0.76986572
26.50000000,0.93013184,0.76861084
26.51000023,0.91989990,0.76733154
26.52000046,0.92174805,0.76603271
26.53000069,0.92362793,0.76470947
26.54000092,0.92553955,0.76336426
26.54999924,0.92748047,0.76199951
26.55999947,0.92945313,0.76061035
26.56999969,0.93145752,0.75919922
26.57999992,0.93349121,0.75776611
26.59000015,0.91030273,0.75631104
26.60000038,0.91238770,0.75483643
26.61000061,0.91449951,0.75333740
26.62000084,0.91664307,0.75181641
26.62999916,0.91881348,0.75027588
26.63999939,0.92101318,0.74871338
26.64999962,0.92323975,0.74712891
26.65999985,0.92549561,0.77084229
26.67000008,0.90245117,0.76922363
26.68000031,0.90475098,0.76758545
26.69000053,0.90708008,0.76592529
26.70000076,0.90943604,0.76424561
26.70999908,0.91181641,0.76254395
26.71999931,0.91422363,0.76082275
26.72999954,0.91666016,0.75907959
26.73999977,0.91911865,0.75731445
26.75000000,0.91230957,0.75552979
26.76000023,0.89869629,0.75372314
26.77000046,0.90122070,0.75189697
26.78000069,0.90377197,0.75781982
26.79000092,0.90634766,0.77363770
26.79999924,0.90894775,0.77176025
26.80999947,0.91157227,0.76986328
26.81999969,0.91422119,0.76794678
26.82999992,0.91689453,0.76601074
26.84000015,0.89408203,0.76405273
26.85000038,0.89679199,0.76207520
26.86000061,0.89952393,0.76007813
26.87000084,0.90228027,0.75806152
26.87999916,0.90505859,0.75602539
26.88999939,0.90785889,0.75396973
26.89999962,0.91068359,0.75189453
26.90999985,0.91353027,0.77539063
26.92000008,0.91639893,0.77328857
26.93000031,0.89367676,0.77116699
26.94000053,0.89657715,0.76902588
26.95000076,0.89949951,0.76686768
26.95999908,0.90244385,0.76468994
26.96999931,0.90541016,0.76249268
26.97999954,0.90839600,0.76027588
26.98999977,0.91140381,0.75804199
27.00000000,0.91443115,0.77750732
27.01000023,0.91748291,0.77922607
27.02000046,0.92055176,0.77694824
27.03000069,0.91345947,0.77465576
27.04000092,0.90100830,0.77234131
27.04999924,0.90412598,0.77000977
27.05999947,0.90726563,0.76766113
27.06999969,0.91042236,0.76529297
27.07999992,0.91360107,0.76290771
27.09000015,0.91679932,0.77314209
27.10000038,0.92001465,0.78390381
27.11000061,0.92324951,0.78147949
27.12000084,0.92650391,0.77903564
27.12999916,0.92977783,0.77657715
27.13999939,0.91693115,0.77410156
27.14999962,0.91050293,0.77160889
27.15999985,0.91381836,0.79499023
27.17000008,0.91715332,0.79247803
27.18000031,0.92050781,0.78994629
27.19000053,0.92387939,0.78739990
27.20000076,0.92726807,0.78483643
27.20999908,0.90526611,0.78225830
27.21999931,0.90813232,0.80096191
27.22999954,0.91156006,0.80303223
27.23999977,0.91500732,0.80041748
27.25000000,0.91847168,0.79778564
27.26000023,0.92195068,0.79514160
27.27000046,0.92544922,0.79248047
27.28000069,0.92896240,0.78980469
27.29000092,0.93249268,0.78711182
27.29999924,0.90997314,0.78440674
27.30999947,0.91352295,0.79878662
27.31999969,0.91709229,0.80503906
27.32999992,0.92067627,0.80230225
27.34000015,0.92427490,0.79954834
27.35000038,0.92789063,0.79677979
27.36000061,0.93152344,0.79399658
27.37000084,0.93517090,0.79119873
27.37999916,0.93883301,0.78838867
27.38999939,0.91632813,0.78556152
27.39999962,0.92000977,0.79766113
27.40999985,0.92370605,0.80607910
27.42000008,0.92741699,0.80322510
27.43000031,0.93114258,0.80035645
27.44000053,0.93488525,0.79747559
27.45000076,0.93864014,0.79458008
27.45999908,0.94241211,0.79732178
27.46999931,0.94619873,0.81503662
27.47999954,0.92370117,0.81211426
27.48999977,0.92750732,0.80917725
27.50000000,0.93132568,0.80622559
27.51000023,0.93516113,0.80326172
27.52000046,0.93901123,0.80028320
27.53000069,0.94287842,0.82343262
27.54000092,0.94676025,0.82066162
27.54999924,0.92426514,0.81765381
27.55999947,0.92816650,0.81463135
27.56999969,0.93208252,0.81159668
27.57999992,0.93601318,0.80854492
27.59000015,0.93996338,0.82278320
27.60000038,0.94392578,0.82886230
27.61000061,0.94790771,0.82578125
27.62000084,0.92541748,0.82268555
27.62999916,0.92941650,0.81957764
27.63999939,0.93343262,0.81645508
27.64999962,0.93746582,0.81331787
27.65999985,0.94151367,0.81016357
27.67000008,0.94557861,0.80699707
27.68000031,0.94966309,0.82195313
27.69000053,0.92718018,0.82719971
27.70000076,0.93128174,0.82400146
27.70999908,0.93540039,0.82079102
27.71999931,0.93953613,0.81756348
27.72999954,0.94368896,0.81432129
27.73999977,0.94785889,0.82138672
27.75000000,0.95198242,0.83445557
27.76000023,0.92957275,0.83118408
27.77000046,0.93378174,0.82789551
27.78000069,0.93800537,0.82459229
27.79000092,0.94224854,0.82127441
27.79999924,0.94332764,0.82073730
27.80999947,0.92404053,0.84134033
27.81999969,0.92832031,0.83799316
27.82999992,0.93262207,0.83462646
27.84000015,0.93693848,0.83124756
27.85000038,0.94127441,0.82785400
27.86000061,0.94562744,0.82444336
27.87000084,0.94634521,0.84273926
27.87999916,0.92754150,0.84442383
27.88999939,0.93193604,0.84098389
27.89999962,0.93634766,0.83752441
27.90999985,0.94077881,0.83405273
27.92000008,0.94522705,0.83056396
27.93000031,0.94969727,0.84125977
27.94000053,0.95014893,0.85047607
27.95000076,0.93173828,0.84695557
27.95999908,0.93624756,0.84342041
27.96999931,0.94077881,0.83986816
27.97999954,0.94532715,0.83630127
27.98999977,0.94385498,0.83956543
28.00000000,0.92745605,0.85614258
28.01000023,0.93204834,0.85254150
28.02000046,0.93666016,0.84892578
28.03000069,0.94128906,0.84529541
28.04000092,0.94593994,0.84164795
28.04999924,0.95060791,0.83798584
28.05999947,0.94900391,0.85878662
28.06999969,0.93287598,0.85774170
28.07999992,0.93759033,0.85404541
28.09000015,0.94232666,0.85033447
28.10000038,0.94708008,0.84660645
28.11000061,0.94393555,0.84286133
28.12000084,0.92944336,0.85609863
28.12999916,0.93424072,0.86254883
28.13999939,0.93906250,0.85877197
28.14999962,0.94390625,0.85497803
28.15999985,0.93940186,0.85116943
28.17000008,0.92636475,0.84734375
28.18000031,0.93125244,0.85310303
28.19000053,0.93616211,0.86696289
28.20000076,0.94109375,0.86310303
28.20999908,0.93537598,0.85922852
28.21999931,0.92364746,0.87141113
28.22999954,0.92862549,0.87880859
28.23999977,0.93362305,0.87489990
28.25000000,0.93864258,0.87097168
28.26000023,0.93185059,0.86702881
28.27000046,0.92129395,0.86306641
28.28000069,0.92636230,0.86756836
28.29000092,0.93145020,0.88257568
28.29999924,0.93655762,0.87858154
28.30999947,0.92884033,0.87456543
28.31999969,0.91930664,0.87053467
28.32999992,0.92446289,0.86648438
28.34000015,0.92964355,0.86347168
28.35000038,0.93484375,0.88247559
28.36000061,0.92633057,0.88183350
28.37000084,0.91768799,0.87772949
28.37999916,0.92293457,0.87360840
28.38999939,0.92820557,0.86946777
28.39999962,0.93349609,0.86531006
28.40999985,0.92432861,0.87778564
28.42000008,0.91643555,0.88464600
28.43000031,0.92177734,0.88044922
28.44000053,0.92713867,0.87623535
28.45000076,0.93252197,0.87200195
28.45999908,0.92283936,0.86775146
28.46999931,0.91555420,0.87290039
28.47999954,0.92098633,0.88700439
28.48999977,0.92643799,0.88271240
28.50000000,0.93191406,0.87840088
28.51000023,0.92186768,0.87407227
28.52000046,0.91504150,0.86972168
28.53000069,0.92056396,0.86786621
28.54000092,0.92610840,0.88572021
28.54999924,0.93167236,0.88449463
28.55999947,0.92143555,0.88008301
28.56999969,0.91489014,0.88300049
28.57999992,0.92050293,0.89919678
28.59000015,0.92613525,0.89474121
28.60000038,0.93179199,0.89026611
28.61000061,0.93746826,0.88577148
28.62000084,0.94316650,0.88125488
28.62999916,0.93273926,0.87751221
28.63999939,0.92652344,0.89483398
28.64999962,0.93226807,0.89570557
28.65999985,0.93803223,0.89112305
28.67000008,0.94382080,0.88652100
28.68000031,0.93352783,0.88189697
28.69000053,0.92726074,0.87725098
28.70000076,0.93309326,0.88904297
28.70999908,0.93894531,0.89612549
28.71999931,0.94481934,0.89143311
28.72999954,0.93492432,0.88671875
28.73999977,0.92834229,0.90299072
28.75000000,0.93426270,0.90552734
28.76000023,0.94020020,0.90076416
28.77000046,0.94615967,0.89597656
28.78000069,0.93693359,0.89116943
28.79000092,0.92976563,0.88633789
28.79999924,0.93576660,0.89698486
28.80999947,0.94178955,0.90502197
28.81999969,0.94783203,0.90013916
28.82999992,0.93957520,0.89523438
28.84000015,0.93151367,0.89030518
28.85000038,0.93760010,0.88535400
28.86000061,0.94370605,0.89104248
28.87000084,0.94983154,0.90390137
28.87999916,0.94286133,0.89889648
28.88999939,0.93358643,0.89386963
28.89999962,0.93975342,0.88881836
28.90999985,0.93484131,0.88374268
28.92000008,0.92353760,0.88518311
28.93000031,0.92974609,0.90133057
28.94000053,0.93597168,0.89701172
28.95000076,0.94221680,0.89185791
28.95999908,0.93930176,0.89834229
28.96999931,0.92606934,0.91016602
28.97999954,0.93235352,0.90495361
28.98999977,0.93865723,0.89971924
29.00000000,0.94497559,0.89445801
29.01000023,0.94444336,0.88917236
29.02000046,0.92889893,0.89247803
29.03000069,0.93525635,0.90731689
29.04000092,0.93780029,0.90197266
29.04999924,0.91920410,0.89660400
29.05999947,0.92559814,0.89120850
29.06999969,0.93201172,0.88578857
29.07999992,0.93843994,0.88675293
29.09000015,0.94416748,0.90245361
29.10000038,0.92559814,0.89827881
29.11000061,0.92891602,0.89277100
29.12000084,0.93539795,0.89958740
29.12999916,0.92003174,0.91062744
29.13999939,0.91944824,0.90505859
29.14999962,0.92596436,0.89946533
29.15999985,0.93249512,0.89384521
29.17000008,0.93904297,0.88819824
29.18000031,0.92794678,0.89399658
29.19000053,0.92314941,0.90586182
29.20000076,0.92972412,0.90015381
29.20999908,0.93631104,0.89442383
29.21999931,0.94291504,0.90671875
29.22999954,0.93660400,0.91197266
29.23999977,0.92705811,0.90617920
29.25000000,0.93368408,0.90036377
29.26000023,0.94032227,0.89452148
29.27000046,0.94697021,0.88865967
29.28000069,0.94598633,0.88277344
29.29000092,0.93113525,0.87686279
29.29999924,0.93779785,0.88359863
29.30999947,0.94228027,0.89416260
29.31999969,0.92498047,0.88819580
29.32999992,0.92864014,0.88220947
29.34000015,0.93532715,0.89654785
29.35000038,0.94202148,0.89939697
29.36000061,0.94872314,0.89335449
29.37000084,0.93582520,0.88729248
29.37999916,0.93288330,0.88120850
29.38999939,0.93958984,0.87677002
29.39999962,0.93307373,0.89208496
29.40999985,0.92373291,0.89212158
29.42000008,0.93044434,0.88596436
29.43000031,0.93062256,0.87978760
29.44000053,0.91456543,0.87359131
29.45000076,0.92127686,0.87282471
29.45999908,0.92799072,0.88815430
29.46999931,0.93470947,0.88422607
29.47999954,0.94142578,0.87796387
29.48999977,0.92662109,0.88641357
29.50000000,0.92550293,0.89473877
29.51000023,0.93221436,0.88842773
29.52000046,0.92506592,0.88482910
29.53000069,0.91625732,0.90020752
29.54000092,0.92295654,0.89876953
29.54999924,0.92965576,0.89239502
29.55999947,0.93635254,0.88600342
29.56999969,0.93895264,0.87959473
29.57999992,0.92281738,0.88218506
29.59000015,0.92701416,0.89613525
29.60000038,0.93368896,0.88968506
29.61000061,0.92212402,0.88321777
29.62000084,0.91760742,0.87673584
29.62999916,0.92426270,0.87024170
29.63999939,0.92171387,0.88030518
29.64999962,0.90813232,0.88662842
29.65999985,0.91476318,0.88009277
29.67000008,0.92138916,0.87968506
29.68000031,0.92800781,0.89532959
29.69000053,0.93461426,0.88982666
29.70000076,0.92173096,0.88323975
29.70999908,0.91837158,0.89501221
29.71999931,0.92494873,0.89945068
29.72999954,0.92216553,0.89282715
29.73999977,0.90864502,0.88618896
29.75000000,0.91519043,0.87954102
29.76000023,0.92172119,0.87924805
29.77000046,0.90736572,0.89515137
29.78000069,0.90532959,0.88894775
29.79000092,0.91182373,0.88225586
29.79999924,0.91830322,0.89562500
29.80999947,0.92476807,0.89824951
29.81999969,0.92515381,0.89152588
29.82999992,0.90979980,0.88479248
29.84000015,0.91468018,0.87805176
29.85000038,0.92108398,0.88121826
29.86000061,0.91143799,0.89392578
29.87000084,0.90447266,0.88715576
29.87999916,0.91083008,0.88248291
29.88999939,0.91336182,0.89887451
29.89999962,0.89815918,0.89616211
29.90999985,0.90045410,0.88936035
29.92000008,0.90674316,0.90062012
29.93000031,0.90043213,0.90506592
29.94000053,0.88994629,0.89823975
29.95000076,0.89618408,0.89141113
29.95999908,0.90239990,0.88458008
29.96999931,0.90859375,0.88832275
29.97999954,0.91476563,0.90018066
29.98999977,0.90584229,0.89333008
30.00000000,0.89779053,0.89099854
30.01000023,0.90390625,0.90804688
30.02000046,0.90897705,0.90199463
30.03000069,0.89397705,0.89512695
30.04000092,0.89290771,0.91130859
30.04999924,0.89893799,0.91057861
30.05999947,0.90494629,0.90370117
30.06999969,0.91092773,0.89682129
30.07999992,0.91611328,0.88994629
30.09000015,0.90117676,0.90143799
30.10000038,0.89960693,0.90531494
30.11000061,0.90550049,0.89843018
30.12000084,0.90519775,0.90578125
30.12999916,0.89026611,0.91374268
30.13999939,0.89396973,0.90685547
30.14999962,0.89977051,0.91058350
30.15999985,0.89458984,0.92211182
30.17000008,0.88229736,0.91522461
30.18000031,0.88802979,0.91587402
30.19000053,0.89373779,0.93042969
30.20000076,0.88425537,0.92354736
30.20999908,0.87614502,0.91667480
30.21999931,0.88178467,0.90980957
30.22999954,0.88739258,0.90915039
30.23999977,0.89297363,0.92496338
30.25000000,0.89852295,0.91811035
30.26000023,0.89431641,0.91571045
30.27000046,0.88074219,0.93322754
30.28000069,0.88622314,0.92638672
30.29000092,0.89167236,0.92281494
30.29999924,0.88472412,0.94147461
30.30999947,0.87377686,0.93465088
30.31999969,0.87915771,0.92784424
30.32999992,0.88450928,0.92105225
30.34000015,0.88982666,0.91883301
30.35000038,0.89511230,0.93613037
30.36000061,0.89637207,0.92936279
30.37000084,0.88119629,0.92736572
30.37999916,0.88224121,0.94442383
30.38999939,0.88742676,0.93768799
30.39999962,0.88737549,0.93652344
30.40999985,0.87207520,0.95273682
30.42000008,0.87433838,0.94603271
30.43000031,0.87941895,0.94633545
30.44000053,0.88446533,0.96108154
30.45000076,0.88947754,0.95441406
30.45999908,0.89445801,0.95683594
30.46999931,0.88509033,0.96946289
30.47999954,0.87603027,0.96283691
30.48999977,0.88093506,0.96806152
30.50000000,0.88580811,0.97789551
30.51000023,0.87636475,0.97131592
30.52000046,0.86726807,0.98003906
30.53000069,0.87206543,1.00231689
30.54000092,0.87683105,1.00799316
30.54999924,0.88156006,1.00146484
30.55999947,0.88625488,1.01555420
30.56999969,0.89076904,1.03852783
30.57999992,0.87482666,1.06173828
30.59000015,0.87213867,1.08519043
30.60000038,0.87672363,1.30485840
30.61000061,0.88127197,1.29816895
30.62000084,0.86611328,1.29150879
30.62999916,0.86237793,1.28488037
30.63999939,0.86685059,1.27827881
30.64999962,0.87128662,1.27171143
30.65999985,0.87568848,1.26517334
30.67000008,0.88005615,1.25866699
30.68000031,0.88155273,1.25219238
30.69000053,0.86493408,1.27347412
30.70000076,0.86524658,1.26704102
30.70999908,0.86949707,1.26064209
30.71999931,0.87370850,1.25427734
30.72999954,0.87788818,1.24794922
30.73999977,0.88202881,1.24165527
30.75000000,0.88106201,1.23539795
30.76000023,0.86393311,1.22917725
30.77000046,0.86673828,1.22299316
30.78000069,0.87076172,1.21684814
30.79000092,0.87474609,1.21073975
30.79999924,0.87869629,1.20467285
30.80999947,0.88260742,1.19864502
30.81999969,0.88067383,1.19265381
30.82999992,0.86299316,1.18670410
30.84000015,0.86681885,1.20790283
30.85000038,0.87061035,1.20220215
30.86000061,0.87436279,1.19635010
30.87000084,0.87807861,1.19053955
30.87999916,0.88175293,1.18477051
30.88999939,0.88539307,1.17904541
30.89999962,0.88899414,1.17336426
30.90999985,0.89255615,1.16772461
30.92000008,0.88927979,1.16213135
30.93000031,0.87251221,1.15658203
30.94000053,0.87598877,1.15107666
30.95000076,0.87942871,1.14561523
30.95999908,0.88282959,1.14020020
30.96999931,0.88619385,1.13482666
30.97999954,0.88952148,1.12949951
30.98999977,0.88888428,1.12421631
31.00000000,0.86929932,1.11897949
31.01000023,0.87244141,1.11378906
31.02000046,0.87564697,1.10864258
31.03000069,0.87881836,1.10354248
31.04000092,0.88195068,1.10285889
31.04999924,0.88504883,1.12021484
31.05999947,0.88811279,1.11522217
31.06999969,0.89114014,1.11027832
31.07999992,0.89413330,1.10537842
31.09000015,0.89708984,1.10052490
31.10000038,0.87708496,1.09571533
31.11000061,0.87631592,1.09095215
31.12000084,0.87919678,1.08623535
31.12999916,0.88203857,1.08156494
31.13999939,0.88484863,1.07694092
31.14999962,0.88762695,1.07236084
31.15999985,0.89037109,1.06782715
31.17000008,0.87500244,1.06333740
31.18000031,0.86934326,1.05889404
31.19000053,0.87200928,1.05449707
31.20000076,0.87464355,1.05014404
31.20999908,0.87724609,1.04583984
31.21999931,0.87981445,1.04157715
31.22999954,0.88235107,1.03736328
31.23999977,0.88485352,1.03319580
31.25000000,0.88732666,1.02907227
31.26000023,0.88976563,1.02499268
31.27000046,0.89217529,1.02096191
31.28000069,0.89455078,1.01697266
31.29000092,0.89689941,1.01302979
31.29999924,0.89921387,1.00913330
31.30999947,0.90149902,1.00528076
31.31999969,0.90375244,1.00147217
31.32999992,0.90451172,0.99770996
31.34000015,0.88211426,0.99398926
31.35000038,0.88430176,0.99031494
31.36000061,0.88645752,0.98668701
31.37000084,0.88858398,0.98310059
31.37999916,0.89068115,0.97956055
31.38999939,0.89274902,0.97606201
31.39999962,0.89478760,0.97260742
31.40999985,0.89679932,0.96919922
31.42000008,0.89878174,0.96583252
31.43000031,0.90073486,0.96250977
31.44000053,0.90266113,0.95923096
31.45000076,0.90456055,0.95599365
31.45999908,0.90643066,0.95280273
31.46999931,0.89684082,0.94965332
31.47999954,0.88430176,0.94654541
31.48999977,0.88610840,0.94348145
31.50000000,0.88788818,0.94046143
31.51000023,0.88964111,0.93748291
31.52000046,0.89136719,0.96026367
31.53000069,0.89306396,0.95735107
31.54000092,0.89473877,0.95448242
31.54999924,0.89638672,0.95165527
31.55999947,0.89800781,0.94886719
31.56999969,0.89960449,0.94612305
31.57999992,0.90117676,0.94342041
31.59000015,0.90272217,0.94075684
31.60000038,0.90424316,0.93813477
31.61000061,0.90573975,0.93555420
31.62000084,0.90720947,0.93301514
31.62999916,0.90865723,0.93051514
31.63999939,0.91008057,0.92805664
31.64999962,0.91147705,0.92563721
31.65999985,0.91285156,0.92325684
31.67000008,0.91420410,0.92091797
31.68000031,0.91553223,0.91861572
31.69000053,0.91683594,0.91635498
31.70000076,0.91811523,0.91413086
31.70999908,0.89393799,0.91194824
31.71999931,0.89518555,0.90980225
31.72999954,0.89641113,0.90769531
31.73999977,0.89760986,0.93102295
31.75000000,0.89878906,0.92897949
31.76000023,0.89994629,0.92697266
31.77000046,0.90107910,0.92500488
31.78000069,0.90218994,0.92307373
31.79000092,0.90327881,0.92117920
31.79999924,0.90434570,0.91932129
31.80999947,0.90539307,0.91750244
31.81999969,0.90641602,0.91571777
31.82999992,0.90741699,0.91396973
31.84000015,0.90839844,0.91225586
31.85000038,0.90935791,0.91058105
31.86000061,0.91029541,0.90893799
31.87000084,0.91121338,0.90733154
31.87999916,0.91210938,0.90576172
31.88999939,0.91298584,0.90422607
31.89999962,0.91384033,0.90272461
31.90999985,0.91467529,0.90125732
31.92000008,0.91548828,0.89982422
31.93000031,0.91628418,0.89842529
31.94000053,0.91705811,0.92225586
31.95000076,0.91781006,0.92091553
31.95999908,0.91854492,0.91960938
31.96999931,0.89466064,0.91833496
31.97999954,0.89479004,0.91709473
31.98999977,0.89547119,0.91588623
32.00000000,0.89613525,0.91470947
32.00999832,0.89677979,0.91356689
32.02000046,0.89740234,0.91245361
32.02999878,0.89800781,0.91137451
32.04000092,0.89859619,0.91032471
32.04999924,0.89916260,0.90930908
32.06000137,0.89971191,0.90832275
32.06999969,0.90024170,0.90736816
32.08000183,0.90075195,0.90644287
32.09000015,0.90124512,0.90554932
32.09999847,0.90172119,0.90468506
32.11000061,0.90217773,0.90385010
32.11999893,0.90261475,0.90304688
32.13000107,0.90303711,0.90227295
32.13999939,0.90343994,0.90152832
32.15000153,0.90382568,0.90081299
32.15999985,0.90419434,0.90012451
32.16999817,0.87948730,0.89946777
32.18000031,0.87982422,0.89884033
32.18999863,0.88014404,0.89823975
32.20000076,0.88044678,0.89767090
32.20999908,0.88073242,0.89712646
32.22000122,0.88100098,0.89661133
32.22999954,0.88125000,0.89612549
32.24000168,0.88148682,0.89566406
32.25000000,0.88170654,0.89523193
32.25999832,0.88190918,0.89482666
32.27000046,0.88209473,0.89445068
32.27999878,0.88226563,0.89409912
32.29000092,0.88241943,0.89377441
32.29999924,0.88255859,0.89347900
32.31000137,0.88268311,0.91822021
32.31999969,0.88279297,0.91797363
32.33000183,0.88288574,0.91775391
32.34000015,0.88296143,0.91756104
32.34999847,0.88302490,0.91739502
32.36000061,0.88307129,0.91725586
32.36999893,0.88310303,0.91714111
32.38000107,0.88312256,0.91705322
32.38999939,0.88312500,0.91698975
32.40000153,0.88311523,0.91695313
32.40999985,0.88309326,0.91694336
32.41999817,0.88305420,0.91695557
32.43000031,0.88300293,0.94199463
32.43999863,0.88293945,0.94206055
32.45000076,0.88286377,0.91714844
32.45999908,0.90777100,0.91726318
32.47000122,0.90766602,0.94240723
32.47999954,0.90755127,0.94257324
32.49000168,0.93242432,0.94276611
32.50000000,0.93228516,0.94298340
32.50999832,0.93213379,0.94322510
32.52000046,0.93197021,0.94349121
32.52999878,0.95680664,0.94378174
32.54000092,0.95662354,0.94409668
32.54999924,0.95643066,0.94443848
32.56000137,0.98124023,0.94480713
32.56999969,0.98102539,0.94520020
32.58000183,0.98080322,0.94561768
32.59000015,0.98057129,0.97108154
32.59999847,1.00535645,0.97155273
32.61000061,1.00510986,0.97204834
32.61999893,1.00485596,0.97256836
32.63000107,0.95452393,0.97311523
32.63999939,0.95424561,0.97368652
32.65000153,0.95395996,0.97428711
32.65999985,0.90357178,0.97491211
32.66999817,0.90325928,0.97556396
32.68000031,0.90293945,0.97624268
32.68999863,0.87755371,0.97694824
32.70000076,0.87721191,0.97768066
32.70999908,0.87686279,1.00351318
32.72000122,0.85143066,1.00430908
32.72999954,0.85105713,1.00513672
32.74000168,0.85067383,1.00599365
32.75000000,0.85028564,1.00688232
32.75999832,0.84988770,1.00780273
32.77000046,0.84948242,1.00875244
32.77999878,0.84906982,1.00973633
32.79000092,0.82352295,1.01075195
32.79999924,0.82308350,1.01180420
32.81000137,0.82263672,1.01289063
32.81999969,0.82218262,1.01401367
32.83000183,0.82172119,1.01517334
32.84000015,0.82125244,1.01636963
32.84999847,0.82077637,1.01760254
32.86000061,0.82029541,1.01887451
32.86999893,0.81980469,1.02018799
32.88000107,0.81930664,1.02154541
32.88999939,0.81880127,1.04817139
32.90000153,0.81829102,1.04962402
32.90999985,0.81777588,1.05112061
32.91999817,0.81725342,1.05266357
32.93000031,0.81672852,1.05425293
32.93999863,0.81619629,1.05589111
32.95000076,0.81565674,1.05758301
32.95999908,0.81511719,1.05932373
32.97000122,0.81457031,1.06111572
32.97999954,0.81402344,1.06296143
32.99000168,0.81347168,1.06486328
33.00000000,0.83832031,1.06681885
33.00999832,0.83778320,1.06883789
33.02000046,0.83724365,1.07092041
33.02999878,0.83670654,1.07306152
33.04000092,0.83616699,1.07526855
33.04999924,0.83562988,1.07753906
33.06000137,0.83509521,1.07987549
33.06999969,0.83456299,1.08228271
33.08000183,0.83742920,1.08476563
33.09000015,0.85910889,1.08732422
33.09999847,0.85861084,1.08995605
33.11000061,0.85811523,1.09266846
33.11999893,0.85762939,1.09545898
33.13000107,0.85715088,1.09833496
33.13999939,0.87881592,1.10129395
33.15000153,0.88201172,1.10434570
33.15999985,0.88158691,1.10748779
33.16999817,0.88117432,1.11072021
33.18000031,0.88077393,1.11405518
33.18999863,0.88419189,1.11748535
33.20000076,0.90277588,1.12101563
33.20999908,0.92040283,1.12464600
33.22000122,0.93715576,1.15446045
33.22999954,0.95303467,1.13223633
33.24000168,0.95712402,1.13620117
33.25000000,0.95695557,1.16649170
33.25999832,0.95680420,1.17073486
33.27000046,0.95667236,1.17509766
33.27999878,0.95655762,1.17958496
33.29000092,0.95646729,1.18419922
33.29999924,0.96813477,1.18894287
33.31000137,0.97997070,1.19382080
33.31999969,0.99124023,1.19884033
33.33000183,1.00199219,1.20399902
33.34000015,1.01221680,1.20929688
33.34999847,1.02197266,1.21474365
33.36000061,1.03126465,1.22034180
33.36999893,1.04010742,1.22609619
33.38000107,1.04854492,1.20499023
33.38999939,1.05658936,1.21098633
33.40000153,1.06426758,1.21715088
33.40999985,1.06594482,1.22348633
33.41999817,1.06645508,1.22999756
33.43000031,1.06699463,1.23668945
33.43999863,1.06756836,1.24356445
33.45000076,1.06817627,1.25062744
33.45999908,1.06881592,1.25788330
33.47000122,1.06949219,1.26534180
33.47999954,1.07020508,1.27300293
33.49000168,1.07095215,1.28087891
33.50000000,1.07173340,1.28896729
33.50999832,1.07458496,1.29728271
33.52000046,1.07971191,1.30583008
33.52999878,1.08462646,1.28617188
33.54000092,1.08933105,1.29508545
33.54999924,1.09383301,1.30424805
33.56000137,1.09815186,1.31366699
33.56999969,1.10228760,1.32334717
33.58000183,1.10625000,1.33330322
33.59000015,1.11005371,1.34353516
33.59999847,1.11369873,1.32471436
33.61000061,1.11719238,1.33539551
33.61999893,1.12054199,1.34637451
33.63000107,1.12375488,1.35767334
33.63999939,1.12683350,1.36929199
33.65000153,1.12979736,1.38125000
33.65999985,1.13263672,1.36326660
33.66999817,1.13535889,1.37575195
33.68000031,1.13797607,1.38860352
33.68999863,1.14048584,1.38344238
33.70000076,1.14290039,1.38444580
33.70999908,1.14522217,1.39826660
33.72000122,1.14744873,1.41250000
33.72999954,1.14958740,1.39556152
33.74000168,1.15164795,1.41044434
33.75000000,1.15362793,1.40761719
33.75999832,1.15553467,1.40932129
33.77000046,1.15736572,1.42536133
33.77999878,1.15912354,1.40918701
33.79000092,1.16081787,1.42598145
33.79999924,1.16244873,1.42182617
33.81000137,1.16401855,1.42767822
33.81999969,1.16552734,1.41208984
33.83000183,1.16697266,1.41640137
33.84000015,1.16835693,1.41526855
33.84999847,1.16968750,1.40161865
33.86000061,1.17096436,1.38482910
33.86999893,1.17218506,1.38799561
33.88000107,1.17335693,1.36398438
33.88999939,1.17447510,1.37508301
33.90000153,1.17554199,1.35239014
33.90999985,1.17656006,1.34543213
33.91999817,1.17752197,1.34192139
33.93000031,1.17843750,1.32021729
33.93999863,1.17929199,1.30099121
33.95000076,1.18009521,1.31171387
33.95999908,1.18084473,1.29139893
33.97000122,1.18154053,1.29527832
33.97999954,1.18218262,1.28480225
33.99000168,1.18277100,1.26580078
34.00000000,1.18330322,1.24731934
34.00999832,1.18376709,1.23732910
34.02000046,1.18416748,1.24340576
34.02999878,1.18450928,1.22620850
34.04000092,1.18478516,1.20949463
34.04999924,1.18500244,1.19326416
34.06000137,1.18515137,1.17750000
34.06999969,1.18521729,1.19271240
34.08000183,1.18520996,1.17770752
34.09000015,1.18513184,1.16316895
34.09999847,1.18497803,1.14908691
34.11000061,1.18474854,1.13544678
34.11999893,1.18443604,1.12226563
34.13000107,1.18402344,1.13894043
34.13999939,1.18353516,1.12648193
34.15000153,1.18295898,1.11445557
34.15999985,1.18230469,1.10285889
34.16999817,1.18155762,1.09169189
34.18000031,1.18070068,1.08095947
34.18999863,1.18049316,1.07063965
34.20000076,1.18107910,1.06071533
34.20999908,1.18156250,1.05118408
34.22000122,1.18195313,1.06842529
34.22999954,1.18222656,1.06123047
34.24000168,1.18239502,1.05271484
34.25000000,1.18246094,1.04455811
34.25999832,1.18242920,1.03675049
34.27000046,1.18229248,1.02927490
34.27999878,1.18204590,1.02213379
34.29000092,1.18167480,1.01532715
34.29999924,1.18118408,1.00883789
34.31000137,1.18055908,1.00264648
34.31999969,1.17980713,0.99675293
34.33000183,1.17893066,0.99114014
34.34000015,1.17789307,0.98581055
34.34999847,1.17671631,0.98074707
34.36000061,1.17536865,0.97595459
34.36999893,1.17382813,0.98900879
34.38000107,1.17210938,0.99359375
34.38999939,1.17019287,0.98947021
34.40000153,1.16806152,0.98558350
34.40999985,1.16567871,0.98192383
34.41999817,1.16303711,0.97848633
34.43000031,1.16014160,0.97526123
34.43999863,1.15694336,0.97224854
34.45000076,1.15343262,0.96943604
34.45999908,1.14956543,0.96681885
34.47000122,1.14530762,0.96439697
34.47999954,1.14064453,0.96216309
34.49000168,1.13552490,0.96010742
34.50000000,1.12991699,0.95822754
34.50999832,1.12375732,0.95651611
34.52000046,1.12008545,0.95496826
34.52999878,1.11795166,0.95358398
34.54000092,1.11582031,0.95235107
34.54999924,1.11369141,0.95127197
34.56000137,1.11156250,0.95033936
34.56999969,1.10944092,0.97496826
34.58000183,1.10732178,0.97428223
34.59000015,1.10520508,0.97373535
34.59999847,1.10309570,0.97331787
34.61000061,1.10099121,0.97303223
34.61999893,1.09889160,0.97287354
34.63000107,1.09679932,0.97283691
34.63999939,1.09471436,0.97291992
34.65000153,1.09263428,0.97311768
34.65999985,1.09056152,0.97343018
34.66999817,1.08849609,0.97385498
34.68000031,1.08643799,0.97438477
34.68999863,1.08438477,0.97502197
34.70000076,1.08234131,0.97575928
34.70999908,1.08030518,0.97659668
34.72000122,1.07827393,0.97753418
34.72999954,1.07624756,0.97856689
34.74000168,1.07423096,0.97969238
34.75000000,1.07222168,0.98090820
34.75999832,1.07021973,0.98221191
34.77000046,1.06822266,1.00862305
34.77999878,1.06623535,1.01009033
34.79000092,1.06425293,1.01164063
34.79999924,1.06227783,1.01326904
34.81000137,1.06031006,1.01498047
34.81999969,1.05834717,1.01676514
34.83000183,1.05638916,1.01862793
34.84000015,1.05444092,1.02056152
34.84999847,1.05249512,1.02256836
34.86000061,1.05055664,1.02464355
34.86999893,1.04862305,1.02678955
34.88000107,1.04668945,1.02900391
34.88999939,1.04476318,1.03128174
34.90000153,1.04283936,1.03362305
34.90999985,1.04092285,1.03602539
34.91999817,1.01397705,1.03848633
34.93000031,1.01205811,1.04100830
34.93999863,1.01014404,1.04358398
34.95000076,1.00822998,1.04621582
34.95999908,1.00632080,1.04890137
34.97000122,1.00440918,1.05164063
34.97999954,1.00249756,1.05442871
34.99000168,1.00058838,1.08236572
35.00000000,0.99867676,1.08526367
35.00999832,0.99676758,1.08820801
35.02000046,0.99485596,1.09119873
35.02999878,0.99294434,1.09423096
35.04000092,0.99103027,1.09730469
35.04999924,0.98911621,1.10041748
35.06000137,0.98719971,1.10357178
35.06999969,0.98527832,1.10676025
35.08000183,0.95813232,1.10998779
35.09000015,0.95618652,1.11324707
35.09999847,0.95423828,1.11653809
35.11000061,0.95228271,1.11985840
35.11999893,0.95032227,1.12320801
35.13000107,0.94835693,1.12658447
35.13999939,0.94638428,1.12998535
35.15000153,0.94440186,1.13341064
35.15999985,0.94241455,1.13685791
35.16999817,0.94041992,1.14032471
35.18000031,0.93841553,1.14380859
35.18999863,0.93640381,1.14730713
35.20000076,0.90895264,1.17625244
35.20999908,0.90690674,1.17980225
35.22000122,0.90485107,1.18336426
35.22999954,0.90278564,1.18693604
35.24000168,0.90071289,1.19052002
35.25000000,0.89863281,1.19411133
35.25999832,0.89654297,1.19771484
35.27000046,0.89444824,1.20132568
35.27999878,0.89234863,1.20494141
35.29000092,0.89023682,1.20856201
35.29999924,0.86250977,1.21218994
35.31000137,0.86037109,1.21582031
35.31999969,0.85822754,1.21945313
35.33000183,0.85607910,1.22309326
35.34000015,0.85393066,1.22673096
35.34999847,0.85177490,1.23037354
35.36000061,0.84961914,1.23401367
35.36999893,0.84746094,1.23765381
35.38000107,0.84530273,1.24129639
35.38999939,0.84314209,1.24493652
35.40000153,0.84098145,1.24857666
35.40999985,0.83882080,1.25221924
35.41999817,0.83666016,1.28169434
35.43000031,0.83449707,1.28535645
35.43999863,0.83233398,1.28902100
35.45000076,0.80427979,1.29269043
35.45999908,0.80209473,1.29635986
35.47000122,0.79990723,1.30003418
35.47999954,0.79771729,1.30371338
35.49000168,0.79552490,1.30739990
35.50000000,0.79333252,1.31108887
35.50999832,0.79113525,1.31478760
35.52000046,0.78893555,1.31849365
35.52999878,0.78673584,1.32220703
35.54000092,0.78453125,1.32593018
35.54999924,0.78232422,1.32966309
35.56000137,0.78011230,1.33340820
35.56999969,0.77790039,1.33716309
35.58000183,0.77568115,1.34093018
35.59000015,0.77345947,1.34471191
35.59999847,0.77123535,1.34850586
35.61000061,0.76900635,1.35231689
35.61999893,0.76677246,1.35614258
35.63000107,0.76453369,1.35998779
35.63999939,0.76229004,1.36384766
35.65000153,0.76004150,1.36772705
35.65999985,0.75778809,1.37162598
35.66999817,0.75552979,1.37554443
35.68000031,0.75326660,1.37948486
35.68999863,0.75099609,1.38344971
35.70000076,0.74872070,1.38743652
35.70999908,0.74643799,1.39144775
35.72000122,0.77056152,1.39548340
35.72999954,0.76828613,1.39954346
35.74000168,0.76600098,1.40363037
35.75000000,0.76371094,1.40774414
35.75999832,0.76141113,1.41188477
35.77000046,0.75910400,1.41605713
35.77999878,0.75678711,1.44680664
35.79000092,0.75446045,1.45106445
35.79999924,0.75212158,1.45535156
35.81000137,0.74977295,1.43305420
35.81999969,0.74741455,1.43738525
35.83000183,0.74504395,1.44175049
35.84000015,0.75345459,1.44614990
35.84999847,0.76698486,1.45058838
35.86000061,0.76460449,1.45506104
35.86999893,0.76220947,1.45957275
35.88000107,0.75980225,1.46412598
35.88999939,0.75738037,1.46871582
35.90000153,0.75494385,1.47334961
35.90999985,0.76587646,1.47802490
35.91999817,0.77692871,1.48274170
35.93000031,0.77447266,1.48750488
35.93999863,0.77200195,1.49231445
35.95000076,0.78136230,1.49716797
35.95999908,0.79402344,1.50207031
35.97000122,0.79152832,1.50702148
35.97999954,0.78901855,1.51202148
35.99000168,0.78648682,1.51707520
36.00000000,0.78393799,1.50175781
36.00999832,0.78137207,1.50017090
36.02000046,0.78953369,1.50535156
36.02999878,0.80339600,1.51058838
36.04000092,0.80079590,1.51588135
36.04999924,0.79817627,1.52123047
36.06000137,0.80197998,1.52664063
36.06999969,0.82021973,1.52107666
36.08000183,0.81756348,1.51025146
36.09000015,0.81488525,1.51580811
36.09999847,0.81321045,1.52143066
36.11000061,0.83086426,1.52711670
36.11999893,0.83422607,1.53286865
36.13000107,0.83148438,1.51113037
36.13999939,0.82871582,1.51698242
36.15000153,0.84024658,1.52290771
36.15999985,0.85076660,1.52889893
36.16999817,0.84795410,1.50725342
36.18000031,0.84510986,1.51335693
36.18999863,0.84847412,1.50022217
36.20000076,0.86459229,1.49796143
36.20999908,0.86427490,1.49692383
36.22000122,0.86135498,1.48271240
36.22999954,0.85840332,1.48912109
36.24000168,0.87107666,1.49561523
36.25000000,0.88043213,1.49048828
36.25999832,0.87742676,1.46145020
36.27000046,0.87438721,1.45935547
36.27999878,0.87645020,1.45868652
36.29000092,0.89112305,1.44472412
36.29999924,0.90556885,1.45159912
36.31000137,0.91847900,1.43027100
36.31999969,0.91535889,1.43728271
36.33000183,0.91219971,1.42568604
36.34000015,0.90900635,1.42315186
36.34999847,0.92234619,1.42347656
36.36000061,0.93104736,1.40921143
36.36999893,0.92779297,1.41660889
36.38000107,0.92449707,1.39466553
36.38999939,0.92385986,1.37432373
36.40000153,0.93674561,1.38192871
36.40999985,0.94941650,1.36692139
36.41999817,0.96188477,1.36859131
36.43000031,0.97415771,1.36561035
36.43999863,0.98622314,1.35546143
36.45000076,0.98734863,1.36348633
36.45999908,0.98388672,1.33938232
36.47000122,0.98038086,1.32159180
36.47999954,0.98415283,1.32983398
36.49000168,0.99553223,1.31424561
36.50000000,1.00672363,1.31734375
36.50999832,1.01772949,1.31397217
36.52000046,1.02855469,1.29021973
36.52999878,1.03919678,1.28425781
36.54000092,1.04322021,1.29041748
36.54999924,1.03951660,1.26729980
36.56000137,1.03576660,1.25146973
36.56999969,1.03400146,1.26044922
36.58000183,1.04404297,1.24547119
36.59000015,1.05391357,1.22326660
36.59999847,1.06361572,1.22817627
36.61000061,1.07316406,1.22476074
36.61999893,1.08254883,1.20316162
36.63000107,1.09177979,1.19618896
36.63999939,1.10084961,1.20514404
36.65000153,1.10976807,1.18414063
36.65999985,1.11853516,1.16446777
36.66999817,1.12715820,1.17427979
36.68000031,1.13562988,1.16621094
36.68999863,1.14395508,1.14607666
36.70000076,1.15214355,1.14306396
36.70999908,1.15764160,1.14936523
36.72000122,1.15344482,1.12979492
36.72999954,1.14918945,1.11207031
36.74000168,1.14487549,1.12249023
36.75000000,1.14914551,1.11454834
36.75999832,1.15675537,1.09578369
36.77000046,1.16424561,1.09191406
36.77999878,1.17161377,1.10029053
36.79000092,1.17886719,1.08204590
36.79999924,1.18600342,1.06405029
36.81000137,1.19302734,1.04628174
36.81999969,1.19994141,0.98822998
36.83000183,1.20674805,0.97111328
36.84000015,1.21344727,0.95422607
36.84999847,1.22004883,0.93755615
36.86000061,1.21705078,0.92109863
36.86999893,1.21234131,0.91562744
36.88000107,1.20757080,0.92689209
36.88999939,1.20624268,0.91222900
36.90000153,1.21254639,0.89642822
36.90999985,1.21875488,0.89618652
36.91999817,1.22487793,0.90415283
36.93000031,1.23091797,0.88878174
36.93999863,1.23687012,0.89839355
36.95000076,1.24274170,0.89683594
36.95999908,1.24853271,0.88912109
36.97000122,1.25424561,0.90116211
36.97999954,1.25666748,0.91333496
36.99000168,1.25154297,0.91327637
37.00000000,1.24635498,0.90447998
37.00999832,1.24110596,0.91694580
37.02000046,1.24462402,0.92955566
37.02999878,1.25006592,0.94229736
37.04000092,1.25544189,0.95517822
37.04999924,1.26075439,0.96819580
37.06000137,1.26600098,0.96136230
37.06999969,1.27119141,0.91110840
37.08000183,1.27156494,0.89753418
37.09000015,1.26601563,0.88412598
37.09999847,1.26039795,0.87087891
37.11000061,1.25556152,0.85779053
37.11999893,1.26061035,0.84486328
37.13000107,1.26560547,0.83208496
37.13999939,1.27054932,0.81946533
37.15000153,1.26665039,0.80698975
37.15999985,1.26073242,0.80087402
37.16999817,1.25473389,0.81444580
37.18000031,1.25491699,0.80536621
37.18999863,1.25974854,0.80606445
37.20000076,1.26453613,0.81614502
37.20999908,1.26619385,0.80428467
37.22000122,1.25994629,0.81171875
37.22999954,1.25362061,0.81529297
37.24000168,1.24905029,0.80371582
37.25000000,1.25374268,0.81782471
37.25999832,1.25839844,0.83225342
37.27000046,1.26301758,0.83753906
37.27999878,1.25795410,0.82626465
37.29000092,1.25127197,0.83910645
37.29999924,1.24450928,0.85397461
37.31000137,1.24768066,0.86899902
37.31999969,1.25222900,0.88416016
37.33000183,1.25674316,0.89947510
37.34000015,1.25463135,0.91493408
37.34999847,1.24757080,0.96875488
37.36000061,1.24041992,0.98467041
37.36999893,1.23317627,1.00073242
37.38000107,1.22583740,1.01695068
37.38999939,1.21840576,1.03331787
37.40000153,1.21087646,1.04984375
37.40999985,1.20325439,1.06651611
37.41999817,1.19884766,1.08334717
37.43000031,1.20334961,1.10033691
37.43999863,1.20782471,1.11747803
37.45000076,1.21152588,1.13477783
37.45999908,1.20355713,1.15223145
37.47000122,1.19548340,1.16984863
37.47999954,1.18730469,1.18761719
37.49000168,1.17901611,1.20555176
37.50000000,1.17069092,1.22363770
37.50999832,1.17515625,1.24188232
37.52000046,1.17960449,1.26029297
37.52999878,1.18402832,1.27885742
37.54000092,1.17719727,1.29759033
37.54999924,1.16841797,1.31647461
37.56000137,1.15952148,1.33552979
37.56999969,1.15051025,1.35473877
37.58000183,1.14137695,1.37411865
37.59000015,1.13213623,1.39364502
37.59999847,1.12277588,1.38993652
37.61000061,1.12589111,1.39075195
37.61999893,1.13034424,1.41058838
37.63000107,1.13477783,1.43059570
37.63999939,1.12707275,1.45075928
37.65000153,1.11726563,1.47108887
37.65999985,1.10734131,1.49156982
37.66999817,1.09729248,1.51221191
37.68000031,1.08710205,1.52652100
37.68999863,1.07679443,1.51691895
37.70000076,1.07422852,1.53108887
37.70999908,1.07870361,1.55218750
37.72000122,1.08316650,1.57346191
37.72999954,1.07881592,1.59488770
37.74000168,1.06803223,1.61648438
37.75000000,1.05712646,1.61166504
37.75999832,1.04608643,1.61504883
37.77000046,1.04523193,1.63695801
37.77999878,1.04969238,1.64403076
37.79000092,1.05413574,1.63561035
37.79999924,1.04643799,1.65573975
37.81000137,1.03491699,1.64675293
37.81999969,1.02326416,1.65655029
37.83000183,1.01237549,1.65870117
37.84000015,1.01682617,1.65520752
37.84999847,1.02125977,1.67077148
37.86000061,1.02225830,1.66207764
37.86999893,1.01012207,1.67662842
37.88000107,0.99784424,1.67436035
37.88999939,0.98543945,1.66584717
37.90000153,0.98446533,1.65739990
37.90999985,0.98888428,1.67389404
37.91999817,0.99328613,1.66999268
37.93000031,0.98270752,1.66170898
37.93999863,0.97285400,1.65349854
37.95000076,0.97724609,1.67088135
37.95999908,0.98161865,1.66636719
37.97000122,0.97929443,1.65830566
37.97999954,0.96603271,1.65031250
37.99000168,0.95262207,1.64237793
38.00000000,0.94106445,1.63450684
38.00999832,0.94542725,1.62669434
38.02000046,0.94977783,1.63989746
38.02999878,0.94781738,1.64007080
38.04000092,0.93390137,1.63239502
38.04999924,0.93396729,1.62477783
38.06000137,0.93828613,1.61721191
38.06999969,0.94233643,1.60970459
38.08000183,0.92805176,1.60224854
38.09000015,0.92252930,1.59484619
38.09999847,0.92681152,1.58749756
38.11000061,0.93108154,1.60411621
38.11999893,0.92153076,1.60145264
38.13000107,0.91109863,1.59422119
38.13999939,0.91535156,1.58703857
38.15000153,0.91958740,1.57990234
38.15999985,0.91431396,1.57281738
38.16999817,0.89966797,1.56578125
38.18000031,0.90388672,1.55878906
38.18999863,0.90808350,1.55184814
38.20000076,0.90640137,1.54494873
38.20999908,0.89083252,1.53810059
38.22000122,0.89239746,1.53129150
38.22999954,0.89655762,1.53319336
38.24000168,0.89777832,1.54593262
38.25000000,0.88181396,1.53923340
38.25999832,0.88086670,1.53257324
38.27000046,0.88498779,1.52595703
38.27999878,0.88908691,1.51938232
38.29000092,0.89317139,1.51284912
38.29999924,0.89723389,1.50636230
38.31000137,0.89498535,1.49991211
38.31999969,0.87836182,1.49350586
38.33000183,0.88145508,1.48713867
38.34000015,0.88547607,1.48081299
38.34999847,0.88458008,1.47452881
38.36000061,0.86753906,1.46828125
38.36999893,0.86966797,1.46207520
38.38000107,0.87364258,1.45590332
38.38999939,0.87759521,1.44977539
38.40000153,0.88153320,1.44368408
38.40999985,0.88545166,1.43763184
38.41999817,0.87918701,1.43161621
38.43000031,0.86562744,1.42563477
38.43999863,0.86951416,1.41969482
38.45000076,0.87338379,1.41379150
38.45999908,0.87723145,1.40792480
38.47000122,0.88106445,1.42854492
38.47999954,0.88487793,1.42378174
38.49000168,0.87221924,1.41799805
38.50000000,0.86501465,1.41225098
38.50999832,0.86879395,1.40653809
38.52000046,0.87255859,1.40086182
38.52999878,0.87630127,1.39521973
38.54000092,0.88002686,1.38961182
38.54999924,0.88263428,1.38404053
38.56000137,0.86359131,1.37850098
38.56999969,0.86381348,1.37299805
38.58000183,0.86748779,1.36752686
38.59000015,0.87114014,1.36209229
38.59999847,0.87477539,1.35668945
38.61000061,0.87839355,1.35131836
38.61999893,0.88199219,1.34598145
38.63000107,0.88557129,1.34067627
38.63999939,0.88913330,1.33540527
38.65000153,0.87764160,1.33016602
38.65999985,0.86911133,1.32496094
38.66999817,0.87263428,1.31978760
38.68000031,0.87614258,1.31464355
38.68999863,0.87962891,1.30967773
38.70000076,0.88309814,1.33146240
38.70999908,0.88654785,1.32639648
38.72000122,0.88998047,1.32135986
38.72999954,0.89339355,1.31635742
38.74000168,0.89678711,1.31138184
38.75000000,0.90016357,1.30644043
38.75999832,0.90351807,1.30153076
38.77000046,0.90685791,1.29664795
38.77999878,0.91017822,1.29179688
38.79000092,0.91348145,1.28697754
38.79999924,0.89921143,1.28218750
38.81000137,0.89322998,1.27742676
38.81999969,0.89649170,1.27270020
38.83000183,0.89973877,1.26799805
38.84000015,0.90296387,1.26332764
38.84999847,0.90617188,1.25868896
38.86000061,0.90936035,1.25407715
38.86999893,0.91253174,1.25604736
38.88000107,0.91568359,1.27161621
38.88999939,0.91881592,1.26707520
38.90000153,0.92193115,1.26256348
38.90999985,0.92502686,1.25808105
38.91999817,0.92810303,1.25362793
38.93000031,0.93116211,1.24920166
38.93999863,0.93420410,1.24480469
38.95000076,0.93722656,1.24043457
38.95999908,0.94022949,1.23609619
38.97000122,0.94321533,1.23178467
38.97999954,0.94618164,1.22750000
38.99000168,0.94913086,1.22324463
39.00000000,0.95206055,1.21901611
39.00999832,0.95497314,1.21481689
39.02000046,0.95786621,1.21064453
39.02999878,0.96074219,1.20649902
39.04000092,0.96360107,1.20238281
39.04999924,0.96643799,1.19829346
39.06000137,0.96925781,1.19423096
39.06999969,0.97206055,1.19019531
39.08000183,0.97484619,1.18618652
39.09000015,0.97761230,1.18220703
39.09999847,0.98035889,1.17825195
39.11000061,0.98308838,1.17432373
39.11999893,0.98580078,1.17042480
39.13000107,0.98849365,1.16655029
39.13999939,0.99116943,1.16270508
39.15000153,0.99382568,1.16176270
39.15999985,0.99646484,1.18132813
39.16999817,0.99908691,1.17754883
39.18000031,1.00168945,1.17379395
39.18999863,1.00427490,1.17006592
39.20000076,1.00684326,1.16636475
39.20999908,1.00939453,1.16269043
39.22000122,1.01192627,1.15904053
39.22999954,1.01444336,1.15541748
39.24000168,1.01694092,1.15182129
39.25000000,1.01941895,1.14825195
39.25999832,1.02188232,1.14470947
39.27000046,1.02432861,1.14119141
39.27999878,1.02675537,1.13770020
39.29000092,1.02916748,1.13423340
39.29999924,1.03156006,1.13079346
39.31000137,1.03393799,1.12737793
39.31999969,1.03629639,1.12399170
39.33000183,1.03863770,1.12062744
39.34000015,1.04096191,1.11729004
39.34999847,1.01927246,1.11397949
39.36000061,1.01958252,1.11069336
39.36999893,1.02186768,1.10743164
39.38000107,1.02413818,1.10419434
39.38999939,1.02639160,1.10098389
39.40000153,1.02862793,1.10828613
39.40999985,1.03084717,1.12055908
39.41999817,1.03304932,1.11740967
39.43000031,1.03523926,1.11428467
39.43999863,1.03740967,1.11118652
39.45000076,1.03956543,1.10811035
39.45999908,1.04170410,1.10506104
39.47000122,1.04382813,1.10203369
39.47999954,1.04593750,1.09902832
39.49000168,1.04802979,1.09604980
39.50000000,1.05010742,1.09309326
39.50999832,1.05216797,1.09016113
39.52000046,1.05421631,1.08725342
39.52999878,1.05624756,1.08436768
39.54000092,1.05826416,1.08150391
39.54999924,1.06026611,1.07866455
39.56000137,1.06225342,1.07584717
39.56999969,1.06422607,1.07305176
39.58000183,1.06618408,1.07028076
39.59000015,1.06812744,1.06752930
39.59999847,1.07005371,1.06480469
39.61000061,1.07197021,1.06248779
39.61999893,1.07386963,1.08511719
39.63000107,1.07575684,1.08244629
39.63999939,1.07762695,1.07979736
39.65000153,1.07948730,1.07717041
39.65999985,1.08133057,1.07456543
39.66999817,1.08316162,1.07198242
39.68000031,1.08497803,1.06941895
39.68999863,1.08678223,1.06687744
39.70000076,1.08857178,1.06435547
39.70999908,1.09034912,1.06185791
39.72000122,1.09211182,1.05937744
39.72999954,1.09386230,1.05691895
39.74000168,1.09560059,1.05448242
39.75000000,1.09732422,1.05206543
39.75999832,1.09903564,1.04966797
39.77000046,1.10073486,1.04729248
39.77999878,1.10241943,1.04493408
39.79000092,1.10409424,1.04259766
39.79999924,1.10575439,1.04028076
39.81000137,1.10740234,1.03798340
39.81999969,1.10903809,1.03570557
39.83000183,1.11066162,1.05789551
39.84000015,1.11227295,1.05672607
39.84999847,1.11387207,1.05449951
39.86000061,1.11545898,1.05229004
39.86999893,1.11703369,1.05010254
39.88000107,1.11859619,1.04793213
39.88999939,1.12014648,1.04578125
39.90000153,1.12168701,1.04364746
39.90999985,1.12321533,1.04153320
39.91999817,1.12473145,1.03943848
39.93000031,1.12623779,1.03736084
39.93999863,1.12772949,1.03530029
39.95000076,1.12921143,1.03325928
39.95999908,1.13068115,1.03123535
39.97000122,1.13214111,1.02923096
39.97999954,1.13359131,1.02724365
39.99000168,1.13502686,1.02527100
40.00000000,1.13645264,1.02332031
40.00999832,1.13786865,1.02138428
40.02000046,1.13927246,1.01946533
40.02999878,1.14066650,1.01756348
40.04000092,1.14205078,1.01567871
40.04999924,1.14342285,1.01381348
40.06000137,1.14478516,1.01196289
40.06999969,1.14613525,1.03031006
40.08000183,1.14747803,1.03367188
40.09000015,1.14880859,1.03186523
40.09999847,1.15012939,1.03007568
40.11000061,1.15143799,1.02830078
40.11999893,1.15273926,1.02654297
40.13000107,1.15402832,1.02480225
40.13999939,1.15530762,1.02307617
40.15000153,1.15657959,1.02136475
40.15999985,1.15783936,1.01967041
40.16999817,1.15908936,1.01799316
40.18000031,1.16032959,1.01632813
40.18999863,1.16156250,1.01468018
40.20000076,1.16278320,1.01304688
40.20999908,1.16399414,1.01143066
40.22000122,1.16519775,1.00982666
40.22999954,1.16638916,1.00823975
40.24000168,1.16757324,1.00666748
40.25000000,1.16874756,1.00510742
40.25999832,1.16991211,1.00356445
40.27000046,1.17106934,1.00203613
40.27999878,1.17221436,1.00052002
40.29000092,1.17335205,0.99901855
40.29999924,1.17448242,0.99753418
40.31000137,1.17560059,0.99606201
40.31999969,1.17671143,1.01985107
40.33000183,1.17781494,1.01840088
40.34000015,1.17890625,1.01696777
40.34999847,1.17999023,1.01554688
40.36000061,1.18106689,1.01413818
40.36999893,1.18213379,1.01274414
40.38000107,1.18319336,1.01136475
40.38999939,1.18424316,1.00999756
40.40000153,1.18528564,1.00864258
40.40999985,1.18631836,1.00729980
40.41999817,1.18734375,1.00597412
40.43000031,1.18835938,1.00465820
40.43999863,1.18936768,1.00335449
40.45000076,1.19036865,1.00206299
40.45999908,1.19136230,1.00078613
40.47000122,1.19234619,0.99952148
40.47999954,1.19332031,0.99826904
40.49000168,1.19428955,0.99702637
40.50000000,1.19524902,0.99579834
40.50999832,1.19620117,0.99458252
40.52000046,1.19714600,0.99337646
40.52999878,1.19808105,0.99218506
40.54000092,1.19901123,0.99100342
40.54999924,1.19993164,0.98983398
40.56000137,1.20084473,0.98867432
40.56999969,1.20175049,0.98752930
40.58000183,1.20264893,0.98639160
40.59000015,1.20354004,1.01042725
40.59999847,1.20442383,1.00931152
40.61000061,1.20530029,1.00820557
40.61999893,1.20616943,1.00711182
40.63000107,1.20703125,1.00603027
40.63999939,1.20788330,1.00495850
40.65000153,1.20873047,1.00389648
40.65999985,1.20957031,1.00284424
40.66999817,1.21040283,1.00180420
40.68000031,1.21122803,1.00077393
40.68999863,1.21204834,0.99975342
40.70000076,1.21285889,0.99874512
40.70999908,1.21366455,0.99774414
40.72000122,1.21446289,0.99675537
40.72999954,1.21525146,0.99577393
40.74000168,1.21603760,0.99480469
40.75000000,1.21681396,0.99384521
40.75999832,1.21758545,0.99289551
40.77000046,1.21834961,0.99195313
40.77999878,1.21910645,0.99102295
40.79000092,1.21985840,0.99010010
40.79999924,1.22060303,0.98918701
40.81000137,1.22134277,0.98828369
40.81999969,1.22207275,0.98738770
40.83000183,1.22280029,0.98650391
40.84000015,1.22351807,0.98562744
40.84999847,1.22423340,0.98475830
40.86000061,1.22493896,0.98389893
40.86999893,1.22563965,1.00814697
40.88000107,1.22633545,1.00730469
40.88999939,1.22702393,1.00646973
40.90000153,1.22770752,1.00564209
40.90999985,1.22838379,1.00482422
40.91999817,1.22905518,1.00401611
40.93000031,1.22971924,1.00321289
40.93999863,1.23038086,1.00241943
40.95000076,1.23103271,1.00163330
40.95999908,1.23168213,1.00085693
40.97000122,1.23232422,1.00008789
40.97999954,1.25804443,0.99932373
40.99000168,1.25867432,0.99856934
41.00000000,1.25929932,0.99782471
41.00999832,1.25991699,0.99708496
41.02000046,1.26053223,0.99635254
41.02999878,1.26114014,0.99562744
41.04000092,1.26174561,0.99491211
41.04999924,1.26234131,0.99420166
41.06000137,1.26293457,0.99349854
41.06999969,1.26352295,0.99280273
41.08000183,1.26410645,0.99211426
41.09000015,1.26468506,0.99143066
41.09999847,1.26525879,0.99075684
41.11000061,1.26582764,0.99008789
41.11999893,1.26638916,0.98942627
41.13000107,1.26694824,0.98876953
41.13999939,1.26750244,0.98812256
41.15000153,1.26805176,0.98748047
41.15999985,1.26859619,0.98684326
41.16999817,1.24407715,0.99774658
41.18000031,1.24461426,1.01064941
41.18999863,1.24514648,1.01003174
41.20000076,1.27072998,1.00941895
41.20999908,1.27125244,1.00881104
41.22000122,1.27177002,1.00821045
41.22999954,1.27228516,1.00761719
41.24000168,1.27279297,1.00702881
41.25000000,1.27329834,1.00644531
41.25999832,1.27380127,1.00586670
41.27000046,1.27429688,1.00529541
41.27999878,1.27479004,1.00472900
41.29000092,1.27528076,1.00416748
41.29999924,1.27576416,1.00361084
41.31000137,1.27624756,1.00305908
41.31999969,1.27672363,1.00251465
41.33000183,1.27719971,1.00197266
41.34000015,1.27766846,1.00143799
41.34999847,1.27813477,1.00090576
41.36000061,1.30364258,1.00038086
41.36999893,1.30410156,0.99985840
41.38000107,1.30455811,0.99934326
41.38999939,1.30500977,0.99883057
41.40000153,1.30545898,0.99832275
41.40999985,1.33094482,0.99781982
41.41999817,1.33138672,0.99732178
41.43000031,1.35686523,0.99682617
41.43999863,1.35729980,0.99633789
41.45000076,1.35773193,0.99585205
41.45999908,1.38319824,1.02040771
41.47000122,1.38362305,1.01992920
41.47999954,1.40908203,1.01945557
41.49000168,1.40949951,1.01898438
41.50000000,1.40991699,1.01851807
41.50999832,1.43536621,1.01805664
41.52000046,1.43577637,1.01759766
41.52999878,1.46121826,1.01714111
41.54000092,1.46162109,1.01668945
41.54999924,1.46202393,1.01624268
41.56000137,1.48745605,1.01579834
41.56999969,1.48785400,1.01535645
41.58000183,1.51327881,1.01491943
41.59000015,1.51366943,1.01448486
41.59999847,1.51406006,1.01405518
41.61000061,1.51444580,1.01362793
41.61999893,1.51482910,1.01320313
41.63000107,1.49018311,1.01278076
41.63999939,1.49056152,1.01236328
41.65000153,1.49093994,1.01194824
41.65999985,1.49131592,1.01153809
41.66999817,1.49168945,1.01112793
41.68000031,1.49206055,1.01072266
41.68999863,1.49243164,1.01031982
41.70000076,1.49279785,1.00991943
41.70999908,1.46813721,1.00952148
41.72000122,1.46850098,1.00912842
41.72999954,1.46886230,1.00873535
41.74000168,1.46922119,1.00834717
41.75000000,1.46958008,1.00795898
41.75999832,1.46993652,1.00757568
41.77000046,1.47029053,1.00719482
41.77999878,1.47064453,1.00681641
41.79000092,1.44596924,1.00643799
41.79999924,1.44631836,1.03108887
41.81000137,1.44666748,1.03071777
41.81999969,1.44701416,1.03034668
41.83000183,1.44735840,1.02998047
41.84000015,1.44770264,1.02961426
41.84999847,1.44804443,1.02925049
41.86000061,1.44838379,1.02888916
41.86999893,1.42369873,1.02853027
41.88000107,1.42403809,1.02817139
41.88999939,1.42437500,1.02781738
41.90000153,1.42470947,1.02746338
41.90999985,1.42504395,1.02711182
41.91999817,1.42537598,1.02676270
41.93000031,1.42570801,1.02641357
41.93999863,1.42603760,1.02606934
41.95000076,1.40134521,1.02572266
41.95999908,1.40167480,1.02538086
41.97000122,1.40200195,1.02503906
41.97999954,1.40232666,1.02469971
41.99000168,1.40265381,1.02436035
42.00000000,1.40297852,1.02402344
42.00999832,1.40330078,1.02368652
42.02000046,1.40362305,1.02335205
42.02999878,1.37892578,1.02302002
42.04000092,1.37924805,1.02268799
42.04999924,1.37956787,1.04737793
42.06000137,1.37988770,1.04704834
42.06999969,1.38020752,1.04671875
42.08000183,1.38052734,1.04639160
42.09000015,1.38084473,1.04606689
42.09999847,1.35614258,1.04573975
42.11000061,1.35645996,1.04541504
42.11999893,1.35677734,1.04509277
42.13000107,1.35709473,1.04476807
42.13999939,1.35741211,1.04444580
42.15000153,1.35772705,1.04412598
42.15999985,1.35804443,1.04380615
42.16999817,1.35835938,1.04348389
42.18000031,1.33365479,1.04316650
42.18999863,1.33397217,1.04284668
42.20000076,1.33428711,1.04252686
42.20999908,1.33460205,1.04220947
42.22000122,1.33491699,1.04189209
42.22999954,1.33523438,1.04157471
42.24000168,1.33554932,1.04125977
42.25000000,1.33586426,1.04094238
42.25999832,1.33618164,1.04062500
42.27000046,1.33649658,1.04031006
42.27999878,1.31179443,1.03999512
42.29000092,1.31211182,1.03967773
42.29999924,1.31242920,1.03936279
42.31000137,1.31274658,1.03904785
42.31999969,1.31306396,1.03873047
42.33000183,1.31338379,1.03841553
42.34000015,1.31370361,1.03809814
42.34999847,1.31402344,1.06280273
42.36000061,1.31434326,1.06248535
42.36999893,1.31466309,1.06216797
42.38000107,1.28996582,1.06185303
42.38999939,1.29028809,1.06153564
42.40000153,1.29061279,1.06121582
42.40999985,1.29093750,1.06089844
42.41999817,1.29126221,1.06058105
42.43000031,1.29158691,1.06026123
42.43999863,1.29191406,1.05994141
42.45000076,1.29224365,1.05962158
42.45999908,1.29257080,1.05929932
42.47000122,1.29290283,1.05897705
42.47999954,1.26821289,1.05865479
42.49000168,1.26854492,1.05833252
42.50000000,1.26887939,1.05800781
42.50999832,1.26921387,1.05768311
42.52000046,1.26955078,1.05735596
42.52999878,1.26988770,1.05702881
42.54000092,1.27022705,1.05670166
42.54999924,1.27056885,1.05637207
42.56000137,1.27091064,1.05604248
42.56999969,1.27125488,1.05571045
42.58000183,1.24657959,1.05537842
42.59000015,1.24692627,1.05504395
42.59999847,1.24727295,1.05470947
42.61000061,1.24762451,1.05437256
42.61999893,1.24797607,1.05403320
42.63000107,1.24833008,1.07871582
42.63999939,1.24868652,1.07837646
42.65000153,1.24904297,1.07803467
42.65999985,1.24940430,1.07769043
42.66999817,1.24976563,1.07734375
42.68000031,1.22510498,1.07699707
42.68999863,1.22547119,1.07664795
42.70000076,1.22583984,1.07629883
42.70999908,1.22620850,1.07594482
42.72000122,1.22658203,1.07559082
42.72999954,1.22695557,1.07523438
42.74000168,1.22733398,1.07487793
42.75000000,1.22771240,1.07451660
42.75999832,1.22809326,1.07415527
42.77000046,1.22847656,1.07379150
42.77999878,1.20384033,1.07342529
42.79000092,1.20422852,1.07305664
42.79999924,1.20461914,1.07268555
42.81000137,1.20501465,1.07231445
42.81999969,1.20541016,1.07193848
42.83000183,1.20581055,1.07156006
42.84000015,1.20621338,1.07118164
42.84999847,1.20661621,1.07079834
42.86000061,1.20702637,1.07041504
42.86999893,1.20743652,1.07002686
42.88000107,1.20784912,1.06963867
42.88999939,1.20826660,1.06924561
42.90000153,1.18365967,1.06885010
42.90999985,1.18408203,1.06845215
42.91999817,1.18450684,1.06805176
42.93000031,1.18493652,1.06764893
42.93999863,1.18536865,1.06724365
42.95000076,1.18580322,1.06683350
42.95999908,1.18624268,1.09145264
42.97000122,1.18668457,1.09103760
42.97999954,1.18712891,1.09062012
42.99000168,1.18757813,1.09020020
43.00000000,1.16300049,1.08977539
43.00999832,1.16345703,1.08935059
43.02000046,1.16391602,1.08891846
43.02999878,1.16437988,1.08848633
43.04000092,1.16484619,1.08804932
43.04999924,1.16531738,1.08760986
43.06000137,1.16579102,1.08716797
43.06999969,1.14123535,1.08672119
43.08000183,1.14171631,1.08626953
43.09000015,1.14220215,1.08581787
43.09999847,1.14269043,1.08535889
43.11000061,1.14318604,1.08489990
43.11999893,1.14368164,1.08443604
43.13000107,1.14418457,1.08396729
43.13999939,1.14468994,1.08349609
43.15000153,1.14519775,1.08302002
43.15999985,1.14571289,1.08254150
43.16999817,1.12119385,1.08205811
43.18000031,1.12171631,1.08157227
43.18999863,1.12224121,1.08108154
43.20000076,1.12277344,1.08058594
43.20999908,1.12330811,1.08008789
43.22000122,1.12384766,1.07958496
43.22999954,1.12439209,1.07907715
43.24000168,1.12494141,1.07856689
43.25000000,1.12549316,1.07804932
43.25999832,1.12605225,1.07753174
43.27000046,1.10157227,1.07700684
43.27999878,1.10213867,1.07647705
43.29000092,1.10271240,1.07594482
43.29999924,1.10328857,1.07540771
43.31000137,1.10386963,1.07486572
43.31999969,1.10445557,1.07431885
43.33000183,1.10504883,1.07376709
43.34000015,1.08060059,1.07321289
43.34999847,1.08120117,1.07265381
43.36000061,1.08180664,1.07208740
43.36999893,1.08241699,1.07151855
43.38000107,1.08303223,1.07094482
43.38999939,1.08365234,1.07036621
43.40000153,1.08427734,1.06978271
43.40999985,1.08490723,1.06919678
43.41999817,1.06049561,1.07545898
43.43000031,1.06113525,1.09305664
43.43999863,1.06177979,1.09245605
43.45000076,1.06242920,1.09185059
43.45999908,1.06308105,1.09124023
43.47000122,1.03868896,1.09062744
43.47999954,1.03935303,1.09000977
43.49000168,1.04001953,1.08938721
43.50000000,1.04069092,1.08875977
43.50999832,1.04136719,1.08812988
43.52000046,1.04204834,1.08749512
43.52999878,1.04273438,1.08685547
43.54000092,1.04342529,1.08621094
43.54999924,1.04411865,1.08556396
43.56000137,1.02905518,1.08491211
43.56999969,1.02046631,1.08425537
43.58000183,1.02117432,1.08359375
43.59000015,1.02188721,1.08292969
43.59999847,1.02260254,1.08226074
43.61000061,1.02332275,1.08158691
43.61999893,1.02404785,1.08091064
43.63000107,1.02477783,1.08022949
43.63999939,1.02551270,1.07954590
43.65000153,1.02625000,1.07885498
43.65999985,1.02699219,1.07816406
43.66999817,1.02773926,1.07746582
43.68000031,1.02848877,1.07676514
43.68999863,1.00418213,1.07605957
43.70000076,1.00494141,1.07535156
43.70999908,1.00570313,1.07463867
43.72000122,1.00646973,1.07392090
43.72999954,1.00724121,1.07320068
43.74000168,1.00801758,1.07247559
43.75000000,1.00879639,1.07174561
43.75999832,1.00958008,1.07101563
43.77000046,1.01036621,1.07027832
43.77999878,1.01115723,1.06953857
43.79000092,1.01195313,1.06879639
43.79999924,1.01275146,1.06804932
43.81000137,1.01355469,1.06729736
43.81999969,1.01436035,1.06654297
43.83000183,1.01517334,1.06578369
43.84000015,1.01598633,1.09009277
43.84999847,1.01680420,1.08932861
43.86000061,1.01762695,1.08855957
43.86999893,1.01845459,1.08778809
43.88000107,1.01928223,1.08701172
43.88999939,1.02011719,1.08623047
43.90000153,1.04603027,1.08544678
43.90999985,1.04687256,1.08466064
43.91999817,1.04771729,1.08386963
43.93000031,1.04856689,1.08307617
43.93999863,1.04941895,1.08227783
43.95000076,1.02519531,1.08147705
43.95999908,1.02605225,1.08067383
43.97000122,1.02691650,1.07986572
43.97999954,1.02778076,1.07905518
43.99000168,1.02864990,1.07823975
44.00000000,1.02952393,1.07742188
44.00999832,1.03039795,1.07660156
44.02000046,1.03127930,1.07577637
44.02999878,1.03216064,1.07494629
44.04000092,1.03304688,1.07411621
44.04999924,1.03393799,1.07328125
44.06000137,1.03483154,1.07244141
44.06999969,1.03572754,1.07160156
44.08000183,1.03662598,1.07075684
44.09000015,1.03752930,1.06990723
44.09999847,1.03843506,1.06905762
44.11000061,1.03934326,1.06820313
44.11999893,1.04025635,1.06734619
44.13000107,1.04117188,1.06648438
44.13999939,1.04208984,1.06562012
44.15000153,1.06810303,1.06475342
44.15999985,1.06902832,1.06388428
44.16999817,1.06995605,1.06301025
44.18000031,1.07088623,1.06213379
44.18999863,1.09691650,1.06125488
44.20000076,1.09785400,1.06037109
44.20999908,1.09879395,1.05948730
44.22000122,1.09973877,1.05859863
44.22999954,1.10068359,1.08280273
44.24000168,1.10163330,1.08190918
44.25000000,1.10258545,1.08101318
44.25999832,1.07843994,1.08011230
44.27000046,1.07939697,1.07920898
44.27999878,1.08035645,1.07830322
44.29000092,1.05621826,1.07739502
44.29999924,1.05718262,1.07648438
44.31000137,1.05814941,1.07556885
44.31999969,1.05911865,1.07465088
44.33000183,1.06009277,1.07373291
44.34000015,1.06106689,1.07281006
44.34999847,1.06204346,1.07188477
44.36000061,1.06302490,1.07095459
44.36999893,1.06400635,1.07002441
44.38000107,1.06499268,1.06909180
44.38999939,1.06597900,1.06815430
44.40000153,1.06697021,1.06721436
44.40999985,1.06796143,1.06627441
44.41999817,1.06895752,1.06532959
44.43000031,1.06995361,1.06438232
44.43999863,1.07095459,1.06343262
44.45000076,1.07195801,1.06248047
44.45999908,1.07296143,1.06152588
44.47000122,1.07396729,1.06056885
44.47999954,1.07497803,1.05960693
44.49000168,1.07598877,1.08375732
44.50000000,1.07700195,1.08279297
44.50999832,1.07801758,1.08182617
44.52000046,1.07903564,1.08085693
44.52999878,1.10517090,1.07988525
44.54000092,1.10619385,1.05379395
44.54999924,1.10721924,1.05281738
44.56000137,1.08312988,1.06429932
44.56999969,1.08415771,1.07597412
44.58000183,1.11030518,1.07499023
44.59000015,1.11133789,1.07400635
44.59999847,1.10329102,1.07301758
44.61000061,1.08829102,1.07202637
44.61999893,1.08932861,1.07103516
44.63000107,1.09036865,1.07003906
44.63999939,1.09141113,1.06904297
44.65000153,1.11757813,1.06804199
44.65999985,1.11862305,1.06704102
44.66999817,1.11967285,1.06603760
44.68000031,1.12072266,1.06503174
44.68999863,1.12177490,1.06402344
44.70000076,1.12282715,1.06301514
44.70999908,1.12388428,1.06200195
44.72000122,1.12494141,1.06098877
44.72999954,1.12599854,1.05997070
44.74000168,1.12706055,1.05895264
44.75000000,1.12812256,1.05793213
44.75999832,1.12918457,1.05691162
44.77000046,1.13025146,1.05588623
44.77999878,1.13131836,1.05486084
44.79000092,1.13238770,1.05383301
44.79999924,1.13345703,1.05280273
44.81000137,1.13452881,1.05177002
44.81999969,1.16073242,1.07586670
44.83000183,1.16180664,1.07483154
44.84000015,1.16288330,1.07379395
44.84999847,1.16395996,1.07275635
44.86000061,1.16504150,1.07171631
44.86999893,1.16612061,1.07067383
44.88000107,1.16720215,1.06962891
44.88999939,1.16828613,1.06858398
44.90000153,1.16937012,1.06753662
44.90999985,1.17045654,1.06648682
44.91999817,1.19667725,1.06543701
44.93000031,1.19776611,1.06438477
44.93999863,1.19885742,1.06333008
44.95000076,1.19994873,1.06227539
44.95999908,1.20104004,1.06121826
44.97000122,1.20213379,1.06015869
44.97999954,1.20322754,1.05909912
44.99000168,1.22946289,1.05803711
45.00000000,1.23055908,1.05697266
45.00999832,1.23165771,1.05590820
45.02000046,1.23275635,1.05484131
45.02999878,1.23385498,1.05377441
45.04000092,1.23495850,1.05270508
45.04999924,1.23605957,1.05163574
45.06000137,1.26230225,1.05056396
45.06999969,1.26340576,1.04948975
45.08000183,1.26451172,1.04841553
45.09000015,1.26561768,1.04733887
45.09999847,1.26672363,1.07140381
45.11000061,1.29297363,1.07032471
45.11999893,1.29408203,1.06924561
45.13000107,1.29519043,1.06816650
45.13999939,1.29630127,1.06708496
45.15000153,1.29741211,1.06600098
45.15999985,1.29852295,1.06491699
45.16999817,1.29963623,1.06383301
45.18000031,1.32589111,1.06274658
45.18999863,1.32700684,1.06165771
45.20000076,1.32812012,1.06056885
45.20999908,1.32923584,1.05947998
45.22000122,1.35549561,1.05838867
45.22999954,1.35661133,1.05729736
45.24000168,1.35772705,1.05620605
45.25000000,1.35884521,1.05511230
45.25999832,1.35996094,1.05401855
45.27000046,1.36107910,1.05292236
45.27999878,1.36219727,1.05182617
45.29000092,1.38846436,1.05072754
