s,left_x,left_y,right_x,right_y
0.00000000,7.45070080,17.55000130,8.34799071,20.14999924
0.01000000,7.43970993,17.55000098,8.33764439,20.14999851
0.02000000,7.42871629,17.55000100,8.32999972,20.15781487
0.03000000,7.41772490,17.55000201,8.32999994,20.18773433
0.04000000,7.40673443,17.55000189,8.32390014,20.19999755
0.05000000,7.39574107,17.55000243,8.31355943,20.19999952
0.06000000,7.38474994,17.55000030,8.30321230,20.19999900
0.07000000,7.35641525,17.50000114,8.29286513,20.19999865
0.08000000,7.34541231,17.50000257,8.28251455,20.19999855
0.09000000,7.33440945,17.50000316,8.27216142,20.19999844
0.10000000,7.32340852,17.50000238,8.26180476,20.19999862
0.11000000,7.31240755,17.50000306,8.25144463,20.19999878
0.12000000,7.30140654,17.50000110,8.24108287,20.19999927
0.13000000,7.29040749,17.50000281,8.23071849,20.19999979
0.14000000,7.26198227,17.45000154,8.22035041,20.19999794
0.15000001,7.25097264,17.45000011,8.20997972,20.19999866
0.16000000,7.23996480,17.45000080,8.19960634,20.19999790
0.17000000,7.22896017,17.45000098,8.18922844,20.19999921
0.18000001,7.21795274,17.45000015,8.17999936,20.20328717
0.19000000,7.20694999,17.45000157,8.17999975,20.23298378
0.20000000,7.19594594,17.45000065,8.17557532,20.24999965
0.20999999,7.18494656,17.45000012,8.16519730,20.24999889
0.22000000,7.17394524,17.45000181,8.15481778,20.24999998
0.23000000,7.16294535,17.45000064,8.14443569,20.24999976
0.23999999,7.15195085,17.45000128,8.13404737,20.24999991
0.25000000,7.14095626,17.45000176,8.12365807,20.25000022
0.25999999,7.11240200,17.40000196,8.11326619,20.25000037
0.27000001,7.10140238,17.40000103,8.10286920,20.24999981
0.28000000,7.09040542,17.40000278,8.09246828,20.24999909
0.28999999,7.07940719,17.40000256,8.08206642,20.24999887
0.30000001,7.06841358,17.40000251,8.07165980,20.24999919
0.31000000,7.05742157,17.40000230,8.06125197,20.25000023
0.31999999,7.04643493,17.40000100,8.05083706,20.24999951
0.33000001,7.03544732,17.40000253,8.04042295,20.25000088
0.34000000,7.00682150,17.35000087,8.03000339,20.25000080
0.34999999,6.99583341,17.35000178,8.02999951,20.27951553
0.36000001,6.98484741,17.35000147,8.02681288,20.29999872
0.37000000,6.97386133,17.35000107,8.01639487,20.29999959
0.38000000,6.96287905,17.35000085,8.00597116,20.29999863
0.38999999,6.95190172,17.35000120,7.99554465,20.29999853
0.40000001,6.94092769,17.34999993,7.98511367,20.29999921
0.41000000,6.91224989,17.30000078,7.97468004,20.29999807
0.41999999,6.90127485,17.30000175,7.96424328,20.30000012
0.43000001,6.89030323,17.30000130,7.95380191,20.29999822
0.44000000,6.87933681,17.30000107,7.94335659,20.29999955
0.44999999,6.86837247,17.30000222,7.93290854,20.29999897
0.46000001,6.85741278,17.30000140,7.92245636,20.29999926
0.47000000,6.84645959,17.30000064,7.91200019,20.29999821
0.47999999,6.83550799,17.30000125,7.90154185,20.29999984
0.49000001,6.80678443,17.25000210,7.89108017,20.29999971
0.50000000,6.79583585,17.25000107,7.88061256,20.29999846
0.50999999,6.78488999,17.25000175,7.87999905,20.32769618
0.51999998,6.77395228,17.25000172,7.87746874,20.34999891
0.52999997,6.76301590,17.25000273,7.86699960,20.34999943
0.54000002,6.75208724,17.25000123,7.85652554,20.34999925
0.55000001,6.74116309,17.25000264,7.84604689,20.34999741
0.56000000,6.73024355,17.25000275,7.83556713,20.34999891
0.56999999,6.71933080,17.25000196,7.82508098,20.34999883
0.57999998,6.70842414,17.25000201,7.81459187,20.34999753
0.58999997,6.69752155,17.25000302,7.80410015,20.34999723
0.60000002,6.68662312,17.25000150,7.79360378,20.34999733
0.61000001,6.65787167,17.20000112,7.78310409,20.34999877
0.62000000,6.64698230,17.20000190,7.77260048,20.34999919
0.63000000,6.63609843,17.20000033,7.76209221,20.34999812
0.63999999,6.62522097,17.20000058,7.75157926,20.34999747
0.64999998,6.61435047,17.20000138,7.74106460,20.34999846
0.66000003,6.60348487,17.20000060,7.73054545,20.34999814
0.67000002,6.59263075,17.20000020,7.73000014,20.37788107
0.68000001,6.58177867,17.20000120,7.72739488,20.40000040
0.69000000,6.57093708,17.20000147,7.71686846,20.39999943
0.69999999,6.56009881,17.20000000,7.70633859,20.39999894
0.70999998,6.54927364,17.20000181,7.69580407,20.40000029
0.72000003,6.53844993,17.19999998,7.68526647,20.39999963
0.73000002,6.52763701,17.19999992,7.67472392,20.39999869
0.74000001,6.51683039,17.20000186,7.66417855,20.40000029
0.75000000,6.50603384,17.20000079,7.65362714,20.39999934
0.75999999,6.49523886,17.20000108,7.64307425,20.39999847
0.76999998,6.48446020,17.20000082,7.63251537,20.39999995
0.77999997,6.45574300,17.15000072,7.62195348,20.39999930
0.79000002,6.44497321,17.15000179,7.61138738,20.40000008
0.80000001,6.43421014,17.15000078,7.60081792,20.39999958
0.81000000,6.42346128,17.15000237,7.59024250,20.39999865
0.81999999,6.41271749,17.15000231,7.57999961,20.40093144
0.82999998,6.40198075,17.15000174,7.58000003,20.43039823
0.83999997,6.39125946,17.15000138,7.57645365,20.44999799
0.85000002,6.38054250,17.15000138,7.56586524,20.44999838
0.86000001,6.36983732,17.15000234,7.55527223,20.44999807
0.87000000,6.35914162,17.15000254,7.54467545,20.44999909
0.88000000,6.34845178,17.15000141,7.53407639,20.44999898
0.88999999,6.33777194,17.15000111,7.52347179,20.44999762
0.89999998,6.32710553,17.15000057,7.51286184,20.44999770
0.91000003,6.31644769,17.15000090,7.50225032,20.44999948
0.92000002,6.30580064,17.15000187,7.49163230,20.44999773
0.93000001,6.29516401,17.15000184,7.48101194,20.44999958
0.94000000,6.28453521,17.15000111,7.47038585,20.44999801
0.94999999,6.25595033,17.10000025,7.45975759,20.44999807
0.95999998,6.24534644,17.10000117,7.44912335,20.44999934
0.97000003,6.23474915,17.10000030,7.43848702,20.44999951
0.98000002,6.22416777,17.09999960,7.42999963,20.45599395
0.99000001,6.21359809,17.10000110,7.42999998,20.48562922
1.00000000,6.20303740,17.10000039,7.42451235,20.49999906
1.00999999,6.19255175,17.10000145,7.41383279,20.49999945
1.01999998,6.18208287,17.10000155,7.40314773,20.49999952
1.02999997,6.17162432,17.09999983,7.39245775,20.50000044
1.03999996,6.16118255,17.10000128,7.38176353,20.49999905
1.04999995,6.15074880,17.10000151,7.37106690,20.50000053
1.05999994,6.14033188,17.09999965,7.36036418,20.49999991
1.07000005,6.12992658,17.10000051,7.34965759,20.50000007
1.08000004,6.11953168,17.10000121,7.33894848,20.49999912
1.09000003,6.10915327,17.10000081,7.32823397,20.50000001
1.10000002,6.09878969,17.10000094,7.31751507,20.50000034
1.11000001,6.08843562,17.10000055,7.30679349,20.49999963
1.12000000,6.06018553,17.05000122,7.29606793,20.50000025
1.13000000,6.04986420,17.05000209,7.28533819,20.49999963
1.13999999,6.03955729,17.05000033,7.27999919,20.51506978
1.14999998,6.03000012,17.05204973,7.27999961,20.54508218
1.15999997,6.08000043,17.22057285,7.27101397,20.54999967
1.16999996,6.08000026,17.24933350,7.26026033,20.54999853
1.17999995,6.08000056,17.27809911,7.24950629,20.55000015
1.19000006,6.08000044,17.30684724,7.23874718,20.54999890
1.20000005,6.08000044,17.33559014,7.22798485,20.54999857
1.21000004,6.07488997,17.35000065,7.21721848,20.54999809
1.22000003,6.06464122,17.35000148,7.20645033,20.55000011
1.23000002,6.05440441,17.35000173,7.19567906,20.54999930
1.24000001,6.04418291,17.34999957,7.18490236,20.54999813
1.25000000,6.03397196,17.35000163,7.17999988,20.56648930
1.25999999,6.02377397,17.35000128,7.17999982,20.59677636
1.26999998,6.01358244,17.34999989,7.17035491,20.59999855
1.27999997,6.00341005,17.35000004,7.15955616,20.59999848
1.28999996,5.99324262,17.35000092,7.14875802,20.59999847
1.29999995,5.98308633,17.35000129,7.13795608,20.59999784
1.30999994,5.98000058,17.36987792,7.12715158,20.59999803
1.32000005,5.98000097,17.39843731,7.11634491,20.59999763
1.33000004,5.97042471,17.40000249,7.10553470,20.59999802
1.34000003,5.96030144,17.40000081,7.09472337,20.59999929
1.35000002,5.95019104,17.40000269,7.08390776,20.59999724
1.36000001,5.94008953,17.40000261,7.07309284,20.59999873
1.37000000,5.93000002,17.40000541,7.06227330,20.59999833
1.38000000,5.93000019,17.42851386,7.05145315,20.59999718
1.38999999,5.93000060,17.45703495,7.04063187,20.59999888
1.39999998,5.98000094,17.62715197,7.02999959,20.60054306
1.40999997,5.98000072,17.65578819,7.02999994,20.63122206
1.41999996,6.03000016,17.82621988,7.02578556,20.64999901
1.42999995,6.03000044,17.85499486,7.01494563,20.64999896
1.44000006,6.08000095,18.02577210,7.00410369,20.65000035
1.45000005,6.08000049,18.05468037,6.99325950,20.64999997
1.46000004,6.08000064,18.08361274,6.98241346,20.64999843
1.47000003,6.08000055,18.11256127,6.97156638,20.65000032
1.48000002,6.08000071,18.14154108,6.96071757,20.65000034
1.49000001,6.08000056,18.17054253,6.94986761,20.64999875
1.50000000,6.08000056,18.19957061,6.93901615,20.64999832
1.50999999,6.08000038,18.22862768,6.92816475,20.64999841
1.51999998,6.08000054,18.25771439,6.91731431,20.64999927
1.52999997,6.08000065,18.28682719,6.90646000,20.64999880
1.53999996,6.08000070,18.31597168,6.89560587,20.64999870
1.54999995,6.08000048,18.34514319,6.88475141,20.64999971
1.55999994,6.08000048,18.37435396,6.87389673,20.64999843
1.57000005,6.08000022,18.40358906,6.86304095,20.64999859
1.58000004,6.08000074,18.43286114,6.85218514,20.64999949
1.59000003,6.07576628,18.45000181,6.84132838,20.65000033
1.60000002,6.06556701,18.44999991,6.83047201,20.64999959
1.61000001,6.05537307,18.44999976,6.82999943,20.67989041
1.62000000,6.04518512,18.45000121,6.82611385,20.69999911
1.63000000,6.03500212,18.45000130,6.81524079,20.69999819
1.63999999,6.03000061,18.46493726,6.80436746,20.69999835
1.64999998,6.03000030,18.49433864,6.79349487,20.69999856
1.65999997,6.03000069,18.52378565,6.78262545,20.69999918
1.66999996,6.02887229,18.55000130,6.77175243,20.69999847
1.67999995,6.01868193,18.55000029,6.76087985,20.69999801
1.69000006,6.00849415,18.55000176,6.75000870,20.69999769
1.70000005,5.99831339,18.55000224,6.73913839,20.69999836
1.71000004,5.98813696,18.55000259,6.72826740,20.69999778
1.72000003,5.98000101,18.55592837,6.71739721,20.69999905
1.73000002,5.98000097,18.58553111,6.70652878,20.69999883
1.74000001,5.98000058,18.61517581,6.69566025,20.69999884
1.75000000,5.98000064,18.64486831,6.68479325,20.69999960
1.75999999,5.97157135,18.65000279,6.68000004,20.71772876
1.76999998,5.96138613,18.65000146,6.67999996,20.74949304
1.77999997,5.95120477,18.65000182,6.66929086,20.74999914
1.78999996,5.94102656,18.65000212,6.65840990,20.74999968
1.79999995,5.93085275,18.65000199,6.64752924,20.75000080
1.80999994,5.93000060,18.67733865,6.63664953,20.74999978
1.82000005,5.92754081,18.70000140,6.62577224,20.74999875
1.83000004,5.91736092,18.70000134,6.61489622,20.75000097
1.84000003,5.90718304,18.70000191,6.60402057,20.74999901
1.85000002,5.89700919,18.70000160,6.59314574,20.74999960
1.86000001,5.88683879,18.70000155,6.58227255,20.75000093
1.87000000,5.88000031,18.70982909,6.57140199,20.74999972
1.88000000,5.87999992,18.73986694,6.56053269,20.75000069
1.88999999,5.87325297,18.75000312,6.54966387,20.75000039
1.89999998,5.86307889,18.75000326,6.53879545,20.75000070
1.90999997,5.85290417,18.75000200,6.52999977,20.75613050
1.91999996,5.84273509,18.75000115,6.52999942,20.78835402
1.92999995,5.83256781,18.75000237,6.52304636,20.79999911
1.94000006,5.83000085,18.77258297,6.51216810,20.79999855
1.95000005,5.82904563,18.80000089,6.50129404,20.80000006
1.96000004,5.81886985,18.80000145,6.49041939,20.79999834
1.97000003,5.80869446,18.80000169,6.47954806,20.79999795
1.98000002,5.79852160,18.80000080,6.46867985,20.79999832
1.99000001,5.78835390,18.80000212,6.45781238,20.79999980
2.00000000,5.78000002,18.80542680,6.44694669,20.79999863
2.00999999,5.78000049,18.83586832,6.43608375,20.79999937
2.01999998,5.77454199,18.85000179,6.42999975,20.81431093
2.02999997,5.76436499,18.85000046,6.43000006,20.84690705
2.03999996,5.75418849,18.85000031,6.42015670,20.84999723
2.04999995,5.74401502,18.85000020,6.40928471,20.84999795
2.05999994,5.73384167,18.85000099,6.39841662,20.84999815
2.06999993,5.72367299,18.84999995,6.38754975,20.84999746
2.07999992,5.71350407,18.85000172,6.37668616,20.84999817
2.08999991,5.70333759,18.84999960,6.36582421,20.84999777
2.09999990,5.69317288,18.85000052,6.35496604,20.84999936
2.10999990,5.68300875,18.85000013,6.34411035,20.84999884
2.11999989,5.68000044,18.87166494,6.33325721,20.84999871
2.13000011,5.67918079,18.90000249,6.32240651,20.84999874
2.14000010,5.66900519,18.90000217,6.31155785,20.84999911
2.15000010,5.65882966,18.90000079,6.30071300,20.84999715
2.16000009,5.64865635,18.90000206,6.28987054,20.84999757
2.17000008,5.63848475,18.90000251,6.27903257,20.84999858
2.18000007,5.62999999,18.90514410,6.26819658,20.84999937
2.19000006,5.63000026,18.93617337,6.25736267,20.84999832
2.20000005,5.62434802,18.95000106,6.24653236,20.84999763
2.21000004,5.61416222,18.95000116,6.23570647,20.84999902
2.22000003,5.60397884,18.95000083,6.22999981,20.86566238
2.23000002,5.59379541,18.95000024,6.23000010,20.89882132
2.24000001,5.58361354,18.95000044,6.21955061,20.90000031
2.25000000,5.57343216,18.95000157,6.20872044,20.89999986
2.25999999,5.56325258,18.95000092,6.19789123,20.90000014
2.26999998,5.55307234,18.95000159,6.18706722,20.89999964
2.27999997,5.54289228,18.95000174,6.17624797,20.89999955
2.28999996,5.53271380,18.95000179,6.16543036,20.89999921
2.29999995,5.53000002,18.97303461,6.15461624,20.89999835
2.30999994,5.52854786,19.00000324,6.14380698,20.90000052
2.31999993,5.51835149,19.00000218,6.13300083,20.89999928
2.32999992,5.50815747,19.00000200,6.12999957,20.92414018
2.33999991,5.49796336,19.00000278,6.12754081,20.94999748
2.34999990,5.48776996,19.00000237,6.11672952,20.94999892
2.35999990,5.47757544,19.00000325,6.10592284,20.94999967
2.36999989,5.46738262,19.00000264,6.09511802,20.94999865
2.38000011,5.45718777,19.00000292,6.08431787,20.94999885
2.39000010,5.44699243,19.00000200,6.07352182,20.94999855
2.40000010,5.43679799,19.00000212,6.06272882,20.94999866
2.41000009,5.43000030,19.01059506,6.05193996,20.94999835
2.42000008,5.43000062,19.04242817,6.04115681,20.94999774
2.43000007,5.42221523,19.05000125,6.03037695,20.94999828
2.44000006,5.41200326,19.05000090,6.01960156,20.94999890
2.45000005,5.40179061,19.05000169,6.00882914,20.94999907
2.46000004,5.39157728,19.05000116,5.99806080,20.94999892
2.47000003,5.38136394,19.05000232,5.98729800,20.94999865
2.48000002,5.38000000,19.07777850,5.97999998,20.96086573
2.49000001,5.37685144,19.10000056,5.97999996,20.99466041
2.50000000,5.36661980,19.09999959,5.97093445,20.99999918
2.50999999,5.35638993,19.10000167,5.96017237,20.99999890
2.51999998,5.34615676,19.10000028,5.94941643,20.99999963
2.52999997,5.33592205,19.10000029,5.93866513,20.99999970
2.53999996,5.32568832,19.10000116,5.92791679,20.99999966
2.54999995,5.31545163,19.10000116,5.91717366,20.99999892
2.55999994,5.30521389,19.09999959,5.90643495,20.99999970
2.56999993,5.29497590,19.10000171,5.89570102,20.99999991
2.57999992,5.28473541,19.10000055,5.88497189,20.99999958
2.58999991,5.28000020,19.11744574,5.87424689,20.99999871
2.59999990,5.28000019,19.14993518,5.86352572,20.99999950
2.60999990,5.26976273,19.15000095,5.85280962,20.99999870
2.61999989,5.25950326,19.15000109,5.84209916,21.00000003
2.63000011,5.24924358,19.15000231,5.83139179,20.99999881
2.64000010,5.23897977,19.15000262,5.82999995,21.02960460
2.65000010,5.22871498,19.15000182,5.82570414,21.04999996
2.66000009,5.21844849,19.15000151,5.81499966,21.04999910
2.67000008,5.20817808,19.15000080,5.80430173,21.04999952
2.68000007,5.19790733,19.15000121,5.79360760,21.04999975
2.69000006,5.18763481,19.15000226,5.78291764,21.04999857
2.70000005,5.17735916,19.15000266,5.77223322,21.04999901
2.71000004,5.16708004,19.15000275,5.76155579,21.04999839
2.72000003,5.15679879,19.15000078,5.75088176,21.04999915
2.73000002,5.14651542,19.15000062,5.74021300,21.04999910
2.74000001,5.13622964,19.15000103,5.72954853,21.05000017
2.75000000,5.12593989,19.15000107,5.71888957,21.04999800
2.75999999,5.11564957,19.15000201,5.70823515,21.04999984
2.76999998,5.10535388,19.15000056,5.69758768,21.04999817
2.77999997,5.09505605,19.15000218,5.68694447,21.04999988
2.78999996,5.08475568,19.15000245,5.67999942,21.06186588
2.79999995,5.07445162,19.15000253,5.67999983,21.09604359
2.80999994,5.06414379,19.15000128,5.67059447,21.09999818
2.81999993,5.05383154,19.15000098,5.65996214,21.09999764
2.82999992,5.04351761,19.15000250,5.64933678,21.09999880
2.83999991,5.03319837,19.15000106,5.63871734,21.09999862
2.84999990,5.02287665,19.15000072,5.62810145,21.09999770
2.85999990,5.01255065,19.15000248,5.61749340,21.09999744
2.86999989,5.00221987,19.15000059,5.60689075,21.09999809
2.88000011,4.99188604,19.15000180,5.59629035,21.09999755
2.89000010,4.98154864,19.15000280,5.58569759,21.09999854
2.90000010,4.95572164,19.09999990,5.57510963,21.09999844
2.91000009,4.94538009,19.10000003,5.56452813,21.09999882
2.92000008,4.93503435,19.09999944,5.55395135,21.09999820
2.93000007,4.93000023,19.11718779,5.54338195,21.09999796
2.94000006,4.93000011,19.15067745,5.53281658,21.09999937
2.95000005,4.93000075,19.18420768,5.52999931,21.12504556
2.96000004,4.92450694,19.20000057,5.52715542,21.15000050
2.97000003,4.91412953,19.20000056,5.51659987,21.14999942
2.98000002,4.90374454,19.20000094,5.50605333,21.14999852
2.99000001,4.89335377,19.20000032,5.49551244,21.14999836
3.00000000,4.88296005,19.20000134,5.48497742,21.14999950
3.00999999,4.88000004,19.22409901,5.47444668,21.14999939
3.01999998,4.87758714,19.25000279,5.46392298,21.14999945
3.02999997,4.86717426,19.25000256,5.45340534,21.14999829
3.03999996,4.85675619,19.25000132,5.44289426,21.15000027
3.04999995,4.84633359,19.25000154,5.43238754,21.14999829
3.05999994,4.83590553,19.25000310,5.42188629,21.14999948
3.06999993,4.83000056,19.26469097,5.41139294,21.14999897
3.07999992,4.83000037,19.29854773,5.40090325,21.14999919
3.08999991,4.82000234,19.30000137,5.39042082,21.15000030
3.09999990,4.80955015,19.30000088,5.37999941,21.15017927
3.10999990,4.79909330,19.30000180,5.37999921,21.18414146
3.11999989,4.78862994,19.30000226,5.37442486,21.19999969
3.13000011,4.77816118,19.30000159,5.36396440,21.19999898
3.14000010,4.76768608,19.30000054,5.35351255,21.19999854
3.15000010,4.75720496,19.30000125,5.34306667,21.19999862
3.16000009,4.74671834,19.30000116,5.33262631,21.19999949
3.17000008,4.73622482,19.30000074,5.32219312,21.19999834
3.18000007,4.73000062,19.31386153,5.31176477,21.19999758
3.19000006,4.73000061,19.34791323,5.30134334,21.19999795
3.20000005,4.72013342,19.35000034,5.29092793,21.19999821
3.21000004,4.70961694,19.35000129,5.28051924,21.19999902
3.22000003,4.69909582,19.35000135,5.27011609,21.19999850
3.23000002,4.68856712,19.35000043,5.25971779,21.19999821
3.24000001,4.67803171,19.34999968,5.24932725,21.19999871
3.25000000,4.66749040,19.34999961,5.23894082,21.19999934
3.25999999,4.65694226,19.34999969,5.22999992,21.20465439
3.26999998,4.64638798,19.35000126,5.23000011,21.23821649
3.27999997,4.63582459,19.34999988,5.22328009,21.25000072
3.28999996,4.62525742,19.34999976,5.21292180,21.24999999
3.29999995,4.61468456,19.35000165,5.20257012,21.24999981
3.30999994,4.60410119,19.35000088,5.19222509,21.24999935
3.31999993,4.59351352,19.35000110,5.18188446,21.24999970
3.32999992,4.58291846,19.35000117,5.17155116,21.25000053
3.33999991,4.58000054,19.37479122,5.16122131,21.24999965
3.34999990,4.57721199,19.40000149,5.15089959,21.24999884
3.35999990,4.56660372,19.40000215,5.14058258,21.24999868
3.36999989,4.55598751,19.40000224,5.13027258,21.25000090
3.38000011,4.54536516,19.40000178,5.11996593,21.24999944
3.39000010,4.53473554,19.40000237,5.10966464,21.25000034
3.40000010,4.52409926,19.40000080,5.09936947,21.25000004
3.41000009,4.51345632,19.40000265,5.08907884,21.24999979
3.42000008,4.50280412,19.40000198,5.07879558,21.24999939
3.43000007,4.49214719,19.40000218,5.06851436,21.25000021
3.44000006,4.48148214,19.40000270,5.05824059,21.24999894
3.45000005,4.47080966,19.40000188,5.04797095,21.25000031
3.46000004,4.46012935,19.40000109,5.03770725,21.24999997
3.47000003,4.44944136,19.40000166,5.02999965,21.25816737
3.48000002,4.43874631,19.40000201,5.02999944,21.29095506
3.49000001,4.43000012,19.40625508,5.02258966,21.29999792
3.50000000,4.43000007,19.44045065,5.01235820,21.30000017
3.50999999,4.42228587,19.45000034,5.00213097,21.29999856
3.51999998,4.41157236,19.45000164,4.99190968,21.29999900
3.52999997,4.40085208,19.45000166,4.98169272,21.29999978
3.53999996,4.39012475,19.45000157,4.97148062,21.29999907
3.54999995,4.37938883,19.45000057,4.96127263,21.29999838
3.55999994,4.36864618,19.45000136,4.95106994,21.29999820
3.56999993,4.35789523,19.45000197,4.94087332,21.29999819
3.57999992,4.34713621,19.45000208,4.93068141,21.29999873
3.58999991,4.33636721,19.45000127,4.92049408,21.29999858
3.59999990,4.32559151,19.45000013,4.91031128,21.29999973
3.60999990,4.31480987,19.45000001,4.90013016,21.29999920
3.61999989,4.30401736,19.45000038,4.88995622,21.29999835
3.63000011,4.29321752,19.45000035,4.87999935,21.30066604
3.64000010,4.28240840,19.45000165,4.87999958,21.33269176
3.65000010,4.27159105,19.45000021,4.87534995,21.34999725
3.66000009,4.26076735,19.45000065,4.86521123,21.34999758
3.67000008,4.24993423,19.45000045,4.85507640,21.34999798
3.68000007,4.23909041,19.45000018,4.84494766,21.34999791
3.69000006,4.22824142,19.45000148,4.83482236,21.34999897
3.70000005,4.21738121,19.45000019,4.82470096,21.34999752
3.71000004,4.20651226,19.45000103,4.81458571,21.34999817
3.72000003,4.19563509,19.45000101,4.80447347,21.34999935
3.73000002,4.18474937,19.45000096,4.79436524,21.34999872
3.74000001,4.18000065,19.46913035,4.78426133,21.34999817
3.75000000,4.17903652,19.50000289,4.77416132,21.34999790
3.75999999,4.16814451,19.50000230,4.76406454,21.34999779
3.76999998,4.15724433,19.50000120,4.75397238,21.34999794
3.77999997,4.14633736,19.50000147,4.74388213,21.34999882
3.78999996,4.13542192,19.50000173,4.73379544,21.34999802
3.79999995,4.12449605,19.50000141,4.72371362,21.34999914
3.80999994,4.11356325,19.50000253,4.71363279,21.34999873
3.81999993,4.10262322,19.50000277,4.70355410,21.34999912
3.82999992,4.09167338,19.50000291,4.69347932,21.34999725
3.83999991,4.08071576,19.50000222,4.68340684,21.34999855
3.84999990,4.06974901,19.50000130,4.67999972,21.37041793
3.85999990,4.05877408,19.50000172,4.67960862,21.40000055
3.86999989,4.04779115,19.50000143,4.66956718,21.40000051
3.88000011,4.03680056,19.50000288,4.65952798,21.39999878
3.89000010,4.03000015,19.51279438,4.64949240,21.39999986
3.90000010,4.02999999,19.54625067,4.63945841,21.39999947
3.91000009,4.02024270,19.55000161,4.62942531,21.39999889
3.92000008,4.00924332,19.55000028,4.61939656,21.39999890
3.93000007,3.99823935,19.55000183,4.60936751,21.40000006
3.94000006,3.98722536,19.55000090,4.59934123,21.39999922
3.95000005,3.97620461,19.55000101,4.58931498,21.39999909
3.96000004,3.96517478,19.55000072,4.57929089,21.39999962
3.97000003,3.95413949,19.55000180,4.56926709,21.39999909
3.98000002,3.94309314,19.55000200,4.55924589,21.40000046
3.99000001,3.93204124,19.55000111,4.54922334,21.39999867
4.00000000,3.92098141,19.55000228,4.53920391,21.39999985
4.01000023,3.90991386,19.55000216,4.52999947,21.40243748
4.01999998,3.89883802,19.55000112,4.52999928,21.43231383
4.03000021,3.88775420,19.55000151,4.52593857,21.44999771
4.03999996,3.88000032,19.55991901,4.51595037,21.44999781
4.05000019,3.88000019,19.59283058,4.50596145,21.44999883
4.05999994,3.87134150,19.60000028,4.49597162,21.44999864
4.07000017,3.86025681,19.59999972,4.48598319,21.44999872
4.07999992,3.84916637,19.60000003,4.47599314,21.44999768
4.09000015,3.83806790,19.59999988,4.46600439,21.44999766
4.09999990,3.82696241,19.60000062,4.45601536,21.44999804
4.11000013,3.81584889,19.60000088,4.44602746,21.44999952
4.11999989,3.80472914,19.60000172,4.43603750,21.44999948
4.13000011,3.79360288,19.60000166,4.42604615,21.44999873
4.13999987,3.78246791,19.60000042,4.41605512,21.44999827
4.15000010,3.77132602,19.60000051,4.40606393,21.44999874
4.15999985,3.76017806,19.60000160,4.39607086,21.44999822
4.17000008,3.74902323,19.60000139,4.38607663,21.44999901
4.17999983,3.73786110,19.60000031,4.37608179,21.44999841
4.19000006,3.73000041,19.60957434,4.36608603,21.44999881
4.19999981,3.73000044,19.64183223,4.35608717,21.44999816
4.21000004,3.72167842,19.65000284,4.34608790,21.44999852
4.21999979,3.71052120,19.65000266,4.33608648,21.44999751
4.23000002,3.69935721,19.65000163,4.33000016,21.46124524
4.23999977,3.68818509,19.65000195,4.32999949,21.48989747
4.25000000,3.67700951,19.65000250,4.32354839,21.49999897
4.26000023,3.66582531,19.65000179,4.31357231,21.49999980
4.26999998,3.65463575,19.65000157,4.30359341,21.49999956
4.28000021,3.64343932,19.65000283,4.29361416,21.50000038
4.28999996,3.63223795,19.65000229,4.28363138,21.50000096
4.30000019,3.62102698,19.65000102,4.27364717,21.49999945
4.30999994,3.60981249,19.65000220,4.26366014,21.49999964
4.32000017,3.59859150,19.65000203,4.25366956,21.49999923
4.32999992,3.58736534,19.65000243,4.24367691,21.50000012
4.34000015,3.58000057,19.66088728,4.23368134,21.50000026
4.34999990,3.58000007,19.69243075,4.22999942,21.51773563
4.36000013,3.57148454,19.70000118,4.22999957,21.54573497
4.36999989,3.56026810,19.70000055,4.22154892,21.54999884
4.38000011,3.54904372,19.70000114,4.21157524,21.54999791
4.38999987,3.53781575,19.70000172,4.20159763,21.54999898
4.40000010,3.52658000,19.70000160,4.19161853,21.54999890
4.40999985,3.51534067,19.70000149,4.18163456,21.54999854
4.42000008,3.50409511,19.70000131,4.17164568,21.54999952
4.42999983,3.49284338,19.70000023,4.16165540,21.54999963
4.44000006,3.48158700,19.70000134,4.15165995,21.54999886
4.44999981,3.47032543,19.70000095,4.12351698,21.49999965
4.46000004,3.45905731,19.70000076,4.11347942,21.49999932
4.46999979,3.44778636,19.70000116,4.10343824,21.49999906
4.48000002,3.43650850,19.70000178,4.09339255,21.50000000
4.48999977,3.43000091,19.71306122,4.08334325,21.50000042
4.50000000,3.43000095,19.74385187,4.07999935,21.51831937
4.51000023,3.42099425,19.75000276,4.08000015,21.54569402
4.51999998,3.40973038,19.75000237,4.07155112,21.54999923
4.53000021,3.39846357,19.75000209,4.06151549,21.54999851
4.53999996,3.38719174,19.75000257,4.05147789,21.54999929
4.55000019,3.37591515,19.75000319,4.04143429,21.54999993
4.55999994,3.36463217,19.75000181,4.03138661,21.54999952
4.57000017,3.35334509,19.75000249,4.02133281,21.54999860
4.57999992,3.34205313,19.75000129,4.01127590,21.54999962
4.59000015,3.33075855,19.75000153,4.00121007,21.54999847
4.59999990,3.31945961,19.75000248,3.99114236,21.54999899
4.61000013,3.30815632,19.75000289,3.98106741,21.54999936
4.61999989,3.29684859,19.75000150,3.97999956,21.57405828
4.63000011,3.28553564,19.75000240,3.97966454,21.59999842
4.63999987,3.28000032,19.76537795,3.96960760,21.59999817
4.65000010,3.28000009,19.79540822,3.95954485,21.59999789
4.65999985,3.27044039,19.80000083,3.94947640,21.59999727
4.67000008,3.25914764,19.80000115,3.93940341,21.59999898
4.67999983,3.24785115,19.80000059,3.92932262,21.59999793
4.69000006,3.23655006,19.80000050,3.91923817,21.59999887
4.69999981,3.22524747,19.80000187,3.90914579,21.59999779
4.71000004,3.21393978,19.80000059,3.89904812,21.59999879
4.71999979,3.20262964,19.80000113,3.88894299,21.59999744
4.73000002,3.19131663,19.80000145,3.87999980,21.60305492
4.73999977,3.17999943,19.80000111,3.87999936,21.62948929
4.75000000,3.16867985,19.80000033,3.87775578,21.64999906
4.76000023,3.15735703,19.80000160,3.86765954,21.65000046
4.76999998,3.14603299,19.80000237,3.85755591,21.65000031
4.78000021,3.13470394,19.80000096,3.84744630,21.65000032
4.78999996,3.13000038,19.81717488,3.83733032,21.65000046
4.80000019,3.13000027,19.84646150,3.82720453,21.64999898
4.80999994,3.12006623,19.84999947,3.81707446,21.65000028
4.82000017,3.10876134,19.85000075,3.80693617,21.64999982
4.82999992,3.09745397,19.85000118,3.79679038,21.64999972
4.84000015,3.08614437,19.85000168,3.78663811,21.64999827
4.84999990,3.07483175,19.85000168,3.77647983,21.64999913
4.86000013,3.06351799,19.85000032,3.76631132,21.64999930
4.86999989,3.05220370,19.85000105,3.75613761,21.64999991
4.88000011,3.04088476,19.85000116,3.74595493,21.64999838
4.88999987,3.03000053,19.85111012,3.73576737,21.65000034
4.90000010,3.03000012,19.87991725,3.72999975,21.66126937
4.90999985,3.02660236,19.90000057,3.72999973,21.68718092
4.92000008,3.01530887,19.90000095,3.72486272,21.69999902
4.92999983,3.00401592,19.90000140,3.71467508,21.69999910
4.94000006,2.99271899,19.90000090,3.70447822,21.69999967
4.94999981,2.98142436,19.90000168,3.69427241,21.69999768
4.96000004,2.97012641,19.90000225,3.68406047,21.69999840
4.96999979,2.95882819,19.90000210,3.67384036,21.69999851
4.98000002,2.94752784,19.90000061,3.66361083,21.69999945
4.98999977,2.93622907,19.90000100,3.65337322,21.69999785
5.00000000,2.92492704,19.90000099,3.64312962,21.69999912
5.01000023,2.91362672,19.90000224,3.63287615,21.69999771
5.01999998,2.90232624,19.90000206,3.62261387,21.69999785
5.03000021,2.89102495,19.90000150,3.61234524,21.69999920
5.03999996,2.88000019,19.90069078,3.60206763,21.69999958
5.05000019,2.88000046,19.92881436,3.59178075,21.69999929
5.05999994,2.87724280,19.95000020,3.58148665,21.69999899
5.07000017,2.86597064,19.95000189,3.57999949,21.72187675
5.07999992,2.85469808,19.95000017,3.57999962,21.74740221
5.09000015,2.84342527,19.95000019,3.57075600,21.75000039
5.09999990,2.83215480,19.95000097,3.56045380,21.74999949
5.11000013,2.82088227,19.95000084,3.55014349,21.74999953
5.11999989,2.80961316,19.95000171,3.53982436,21.74999999
5.13000011,2.79834323,19.94999981,3.52949695,21.75000009
5.13999987,2.78707621,19.95000042,3.51915916,21.74999985
5.15000010,2.78000027,19.96029259,3.50881283,21.74999899
5.15999985,2.78000036,19.98790849,3.49845920,21.75000039
5.17000008,2.77369401,20.00000317,3.48809475,21.74999979
5.17999983,2.76245569,20.00000156,3.47772257,21.75000054
5.19000006,2.75121900,20.00000137,3.46734049,21.74999887
5.19999981,2.73998600,20.00000194,3.45695084,21.74999989
5.21000004,2.72875307,20.00000116,3.44655126,21.75000046
5.21999979,2.71752381,20.00000121,3.43614204,21.74999904
5.23000002,2.70629598,20.00000206,3.42999931,21.76039774
5.23999977,2.69506900,20.00000138,3.42999942,21.78572047
5.25000000,2.68384589,20.00000174,3.42546342,21.79999977
5.26000023,2.67262577,20.00000277,3.41504069,21.79999962
5.26999998,2.66140889,20.00000236,3.40460957,21.79999963
5.28000021,2.65019281,20.00000198,3.39416789,21.79999915
5.28999996,2.63898168,20.00000307,3.38371863,21.79999948
5.30000019,2.63000042,20.00538359,3.37325852,21.79999943
5.30999994,2.63000036,20.03240471,3.36278834,21.79999811
5.32000017,2.62611352,20.05000228,3.35231024,21.79999893
5.32999992,2.61493650,20.05000243,3.34182257,21.79999842
5.34000015,2.60375957,20.05000088,3.33132601,21.79999964
5.34999990,2.59258982,20.05000136,3.32081891,21.79999947
5.36000013,2.58142269,20.05000026,3.31030257,21.79999991
5.36999989,2.57025930,20.05000038,3.29977831,21.79999815
5.38000011,2.55910155,20.05000203,3.28924366,21.79999911
5.38999987,2.54794802,20.05000171,3.27999926,21.80311211
5.40000010,2.53679734,20.05000200,3.27999932,21.82836050
5.40999985,2.53000065,20.06039936,3.27849698,21.84999759
5.42000008,2.53000082,20.08700466,3.26794119,21.84999730
5.42999983,2.52432089,20.10000047,3.25737711,21.84999910
5.44000006,2.51320709,20.09999966,3.24680127,21.84999799
5.44999981,2.50209809,20.10000143,3.23621763,21.84999911
5.46000004,2.49099370,20.10000073,3.22562279,21.84999908
5.46999979,2.47989455,20.10000081,3.21502188,21.84999915
5.48000002,2.46880193,20.09999995,3.20440733,21.84999861
5.48999977,2.45771502,20.10000136,3.19378474,21.84999809
5.50000000,2.44663235,20.10000043,3.18315291,21.84999827
5.51000023,2.43555494,20.09999950,3.17251194,21.84999901
5.51999998,2.42448733,20.09999965,3.16185963,21.84999904
5.53000021,2.41342398,20.10000066,3.15120034,21.84999937
5.53999996,2.40236915,20.10000077,3.14053082,21.84999859
5.55000019,2.39131918,20.10000102,3.12999939,21.85034436
5.55999994,2.38027591,20.09999983,3.12999915,21.87565866
5.57000017,2.38000010,20.12547036,3.12958834,21.89999895
5.57999992,2.37934424,20.15000127,3.11889125,21.89999990
5.59000015,2.36833368,20.15000222,3.10818406,21.89999974
5.59999990,2.35733004,20.15000238,3.09746753,21.90000050
5.61000013,2.34633382,20.15000221,3.08674138,21.90000007
5.61999989,2.33534428,20.15000158,3.07600696,21.90000011
5.63000011,2.32436283,20.15000198,3.06526126,21.89999896
5.63999987,2.31339058,20.15000157,3.05450674,21.89999909
5.65000010,2.30242520,20.15000091,3.04374434,21.89999989
5.65999985,2.29147082,20.15000119,3.03297182,21.89999999
5.67000008,2.28052211,20.15000072,3.02219015,21.90000040
5.67999983,2.28000036,20.17457435,3.01139908,21.89999971
5.69000006,2.27985192,20.20000187,3.00059887,21.89999956
5.69999981,2.26893528,20.20000167,2.98979061,21.89999861
5.71000004,2.25802779,20.20000203,2.97897136,21.89999863
5.71999979,2.24712946,20.20000199,2.96814545,21.89999969
5.73000002,2.23623729,20.20000116,2.95731029,21.89999851
5.73999977,2.22535704,20.20000069,2.94646547,21.89999887
5.75000000,2.21448659,20.20000180,2.93561352,21.90000023
5.76000023,2.20362447,20.20000135,2.92999990,21.91237256
5.76999998,2.19277217,20.20000026,2.93000000,21.93799518
5.78000021,2.18192816,20.20000013,2.92421354,21.94999792
5.78999996,2.17109665,20.20000075,2.91332682,21.94999802
5.80000019,2.16027412,20.20000054,2.90243297,21.94999903
5.80999994,2.14946283,20.20000112,2.89153011,21.94999853
5.82000017,2.13866045,20.20000002,2.88061834,21.94999888
5.82999992,2.13000062,20.20502354,2.86969827,21.94999817
5.84000015,2.13000002,20.23046128,2.85877077,21.94999763
5.84999990,2.12750708,20.25000287,2.84783565,21.94999760
5.86000013,2.11674412,20.25000261,2.83689322,21.94999911
5.86999989,2.10599036,20.25000100,2.82594268,21.94999867
5.88000011,2.09524862,20.25000194,2.81498347,21.94999894
5.88999987,2.08451822,20.25000153,2.80401692,21.94999771
5.90000010,2.07379819,20.25000240,2.79304500,21.94999909
5.90999985,2.06308966,20.25000135,2.78206425,21.94999927
5.92000008,2.05239464,20.25000301,2.77999999,21.97110900
5.92999983,2.04171031,20.25000279,2.77999933,21.99713772
5.94000006,2.03103643,20.25000099,2.77019593,21.99999902
5.94999981,2.03000026,20.27279529,2.75917608,21.99999881
5.96000004,2.03000060,20.29804298,2.74814859,21.99999882
5.96999979,2.02018051,20.30000173,2.73711554,21.99999972
5.98000002,2.00954552,20.30000098,2.72607170,21.99999911
5.98999977,1.99892362,20.30000150,2.71502380,21.99999904
6.00000000,1.98831225,20.30000238,2.70396804,21.99999893
6.01000023,1.97771449,20.30000125,2.69290516,22.00000009
6.01999998,1.96713038,20.30000091,2.68183651,21.99999969
6.03000021,1.95655818,20.30000043,2.67075948,21.99999942
6.03999996,1.94600046,20.30000035,2.65967694,22.00000000
6.05000019,1.93545462,20.30000039,2.64858645,22.00000094
6.05999994,1.92492263,20.30000152,2.63749175,21.99999974
6.07000017,1.91440394,20.30000232,2.62638880,21.99999909
6.07999992,1.90389947,20.30000114,2.61528106,21.99999905
6.09000015,1.89340896,20.30000203,2.60416617,21.99999927
6.09999990,1.88293318,20.30000103,2.59304693,21.99999984
6.11000013,1.88000053,20.31804218,2.58191975,22.00000076
6.11999989,1.88000007,20.34311465,2.57999935,22.02209675
6.13000011,1.87241713,20.35000082,2.57999959,22.04885983
6.13999987,1.86197884,20.35000044,2.56930941,22.04999835
6.15000010,1.85155511,20.34999958,2.55813802,22.04999909
6.15999985,1.84114588,20.35000163,2.54696179,22.04999979
6.17000008,1.83075180,20.35000154,2.53577919,22.04999918
6.17999983,1.82037270,20.35000096,2.52459017,22.04999867
6.19000006,1.81000760,20.35000080,2.51339659,22.04999807
6.19999981,1.79965825,20.35000045,2.50219816,22.05000003
6.21000004,1.78932512,20.34999946,2.49099110,22.04999806
6.21999979,1.77900763,20.35000107,2.47978133,22.04999807
6.23000002,1.76870577,20.35000054,2.46856660,22.04999852
6.23999977,1.75842125,20.35000107,2.45734524,22.04999910
6.25000000,1.74815175,20.34999966,2.44611985,22.04999978
6.26000023,1.73789813,20.35000052,2.43488975,22.05000013
6.26999998,1.72766279,20.35000047,2.42999937,22.06549788
6.28000021,1.71744316,20.34999995,2.42999943,22.09301768
6.28999996,1.70724261,20.35000162,2.42157840,22.09999840
6.30000019,1.69705852,20.35000011,2.41029735,22.09999865
6.30999994,1.68689210,20.35000101,2.39901284,22.09999885
6.32000017,1.68000038,20.35801657,2.38772028,22.09999723
6.32999992,1.68000052,20.38300891,2.37642679,22.09999730
6.34000015,1.67674582,20.40000089,2.36512647,22.09999769
6.34999990,1.66661851,20.40000199,2.35382185,22.09999829
6.36000013,1.65650607,20.40000097,2.34251349,22.09999860
6.36999989,1.64641171,20.40000150,2.33120106,22.09999797
6.38000011,1.63633722,20.40000116,2.31988249,22.09999831
6.38999987,1.62628034,20.40000110,2.30856192,22.09999803
6.40000010,1.61624244,20.40000203,2.29723509,22.09999763
6.40999985,1.60622422,20.40000248,2.28590604,22.09999930
6.42000008,1.59622156,20.40000078,2.27457304,22.09999800
6.42999983,1.58624198,20.40000238,2.26323624,22.09999918
6.44000006,1.57627909,20.40000151,2.25189509,22.09999748
6.44999981,1.56633837,20.40000159,2.24055019,22.09999816
6.46000004,1.55641597,20.40000152,2.22999965,22.10201161
6.46999979,1.54651181,20.40000078,2.22999935,22.13075645
6.48000002,1.53663139,20.40000136,2.22620051,22.14999963
6.48999977,1.52677049,20.40000100,2.21479911,22.14999956
6.50000000,1.51693057,20.40000198,2.20339294,22.14999915
6.51000023,1.50711087,20.40000194,2.19198236,22.14999842
6.51999998,1.49731287,20.40000166,2.18057118,22.14999961
6.53000021,1.48753542,20.40000233,2.16915509,22.14999992
6.53999996,1.48000084,20.40571699,2.15773694,22.15000036
6.55000019,1.48000052,20.43084982,2.14631438,22.14999954
6.55999994,1.47766433,20.45000184,2.13488780,22.14999911
6.57000017,1.46792327,20.45000012,2.12345982,22.14999966
6.57999992,1.45820746,20.45000184,2.11202826,22.15000024
6.59000015,1.44851007,20.45000090,2.10059383,22.14999961
6.59999990,1.43883765,20.45000119,2.08915648,22.14999882
6.61000013,1.42918591,20.45000071,2.07771678,22.14999925
6.61999989,1.41955608,20.45000179,2.06627445,22.14999851
6.63000011,1.40995004,20.45000179,2.05482973,22.14999971
6.63999987,1.40036744,20.45000118,2.04338323,22.15000018
6.65000010,1.39080731,20.45000166,2.03193295,22.14999962
6.65999985,1.38127171,20.45000199,2.02999995,22.17531171
6.67000008,1.37175797,20.45000133,2.02777219,22.19999914
6.67999983,1.36226861,20.45000154,2.01625803,22.19999866
6.69000006,1.35280355,20.45000081,2.00474069,22.19999757
6.69999981,1.34336171,20.44999985,1.99322323,22.19999759
6.71000004,1.33394725,20.44999999,1.98170191,22.19999770
6.71999979,1.33000081,20.46475688,1.97017907,22.19999866
6.73000002,1.33000082,20.49028029,1.95865255,22.19999831
6.73999977,1.32417437,20.50000146,1.94712361,22.19999787
6.75000000,1.31479563,20.50000252,1.93559374,22.19999818
6.76000023,1.30544399,20.50000209,1.92406004,22.19999797
6.76999998,1.29611620,20.50000138,1.91252601,22.19999866
6.78000021,1.28681458,20.50000214,1.90098942,22.19999827
6.78999996,1.27753984,20.50000213,1.88945108,22.19999966
6.80000019,1.26828840,20.50000169,1.87999949,22.20582235
6.80999994,1.25906519,20.50000280,1.87999940,22.23815122
6.82000017,1.24986670,20.50000136,1.87261996,22.24999956
6.82999992,1.24069751,20.50000162,1.86100643,22.24999997
6.84000015,1.23155302,20.50000120,1.84938938,22.24999908
6.84999990,1.22243799,20.50000199,1.83777013,22.24999943
6.86000013,1.21334815,20.50000107,1.82615004,22.24999884
6.86999989,1.20428721,20.50000126,1.81452738,22.24999946
6.88000011,1.19525551,20.50000315,1.80290170,22.24999922
6.88999987,1.18625169,20.50000283,1.79127559,22.25000057
6.90000010,1.18000045,20.50791803,1.77964748,22.25000073
6.90999985,1.18000037,20.53406539,1.76801735,22.24999953
6.92000008,1.17646473,20.55000091,1.75638566,22.24999952
6.92999983,1.16749854,20.55000076,1.74475242,22.24999929
6.94000006,1.15856050,20.55000240,1.73311690,22.24999966
6.94999981,1.14964988,20.55000048,1.73000003,22.27532370
6.96000004,1.14076988,20.55000029,1.72658097,22.30000007
6.96999979,1.13191850,20.55000093,1.71486060,22.29999869
6.98000002,1.12309864,20.55000126,1.70313672,22.29999918
6.98999977,1.11430792,20.55000222,1.69141086,22.29999854
7.00000000,1.10554678,20.55000056,1.67968207,22.29999900
7.01000023,1.09681750,20.55000036,1.66795262,22.29999911
7.01999998,1.08811692,20.55000051,1.65622176,22.29999983
7.03000021,1.07944891,20.55000124,1.64448789,22.30000005
7.03999996,1.07081267,20.55000254,1.63275189,22.29999907
7.05000019,1.06220858,20.55000215,1.62101401,22.29999984
7.05999994,1.05363478,20.55000040,1.60927491,22.29999910
7.07000017,1.04509437,20.55000196,1.59753390,22.29999986
7.07999992,1.03658592,20.55000251,1.58579158,22.29999956
7.09000015,1.02810960,20.55000185,1.57999943,22.31907917
7.09999990,1.01966702,20.55000239,1.57780522,22.34999848
7.11000013,1.01125800,20.55000173,1.56596214,22.34999884
7.11999989,1.00288326,20.55000037,1.55411629,22.34999874
7.13000011,0.99454185,20.55000063,1.54226778,22.34999747
7.13999987,0.98623543,20.55000231,1.53041738,22.34999749
7.15000010,0.98000020,20.55678679,1.51856470,22.34999918
7.15999985,0.98000070,20.58444913,1.50670880,22.34999721
7.17000008,0.97633485,20.60000068,1.49485133,22.34999716
7.17999983,0.96806560,20.60000070,1.48299144,22.34999838
7.19000006,0.95982974,20.60000031,1.47112746,22.34999832
7.19999981,0.95162880,20.60000086,1.45926283,22.34999752
7.21000004,0.94346289,20.59999969,1.44739588,22.34999857
7.21999979,0.93533352,20.60000057,1.43552593,22.34999829
7.23000002,0.92723720,20.60000010,1.42365477,22.34999890
7.23999977,0.91917952,20.60000006,1.41178020,22.34999919
7.25000000,0.91115665,20.60000151,1.39990348,22.34999850
7.26000023,0.90317072,20.60000121,1.38802470,22.34999902
7.26999998,0.89522151,20.60000055,1.37999982,22.36402728
7.28000021,0.88730960,20.60000010,1.37788785,22.39999982
7.28999996,0.87943623,20.59999984,1.36588774,22.39999888
7.30000019,0.87159966,20.60000094,1.35388383,22.39999885
7.30999994,0.86380062,20.60000174,1.34187761,22.40000006
7.32000017,0.85604069,20.60000039,1.32986681,22.39999899
7.32999992,0.84831984,20.60000076,1.31785276,22.39999871
7.34000015,0.84063726,20.60000155,1.30583536,22.40000006
7.34999990,0.83299312,20.60000064,1.29381440,22.39999821
7.36000013,0.83000061,20.61819140,1.28179003,22.39999983
7.36999989,0.83000055,20.64849471,1.26976108,22.39999839
7.38000011,0.82272901,20.65000110,1.25773019,22.39999863
7.38999987,0.81511914,20.65000211,1.24569538,22.39999990
7.40000010,0.80754759,20.65000272,1.23365712,22.40000051
7.40999985,0.80001568,20.65000059,1.22999987,22.43480313
7.42000008,0.79252377,20.65000222,1.22148435,22.44999758
7.42999983,0.78507177,20.65000158,1.20930444,22.44999845
7.44000006,0.77765817,20.65000154,1.19711977,22.44999824
7.44999981,0.77028701,20.65000229,1.18492963,22.44999769
7.46000004,0.76295496,20.65000095,1.17273486,22.44999800
7.46999979,0.75566671,20.65000206,1.16053385,22.44999940
7.48000002,0.74841572,20.65000172,1.14832954,22.44999820
7.48999977,0.74120955,20.65000181,1.13611889,22.44999801
7.50000000,0.73404310,20.65000191,1.12390402,22.44999919
7.51000023,0.72691944,20.65000176,1.11168274,22.44999962
7.51999998,0.71983723,20.65000158,1.09945669,22.44999846
7.53000021,0.71280038,20.65000178,1.08722361,22.44999949
7.53999996,0.70580507,20.65000068,1.07999983,22.47444155
7.55000019,0.69885267,20.65000243,1.07285101,22.49999888
7.55999994,0.69194418,20.65000175,1.06045441,22.49999885
7.57000017,0.68507740,20.65000236,1.04805047,22.49999908
7.57999992,0.67825536,20.65000086,1.03563941,22.49999881
7.59000015,0.67147661,20.65000159,1.02322092,22.49999921
7.59999990,0.66474165,20.65000125,1.01079577,22.49999863
7.61000013,0.65805091,20.65000168,0.99836255,22.49999913
7.61999989,0.65140515,20.65000291,0.98592205,22.50000001
7.63000011,0.64480205,20.65000159,0.97347393,22.49999964
7.63999987,0.63824460,20.65000265,0.96101891,22.50000049
7.65000010,0.63173185,20.65000162,0.94855449,22.50000004
7.65999985,0.63000038,20.67819528,0.93608379,22.50000041
7.67000008,0.62707701,20.70000196,0.92999976,22.53882603
7.67999983,0.62053390,20.70000178,0.91918781,22.54999801
7.69000006,0.61403465,20.70000074,0.90652525,22.55000009
7.69999981,0.60758057,20.70000157,0.89385269,22.55000003
7.71000004,0.60116748,20.70000138,0.88117176,22.54999832
7.71999979,0.59479903,20.70000193,0.86848097,22.54999954
7.73000002,0.58847189,20.70000104,0.85577978,22.54999798
7.73999977,0.58218641,20.70000100,0.84307255,22.54999961
7.75000000,0.57594334,20.70000003,0.83035396,22.54999839
7.76000023,0.56974154,20.70000059,0.81762846,22.55000021
7.76999998,0.56358135,20.70000210,0.80489377,22.54999905
7.78000021,0.55746179,20.69999986,0.79214993,22.54999980
7.78999996,0.55138265,20.70000105,0.77939876,22.54999878
7.80000019,0.54534438,20.70000176,0.76663770,22.54999940
7.80999994,0.53934685,20.70000120,0.75386824,22.55000003
7.82000017,0.53338624,20.70000201,0.74109122,22.54999980
7.82999992,0.52746616,20.70000050,0.72999990,22.56561123
7.84000015,0.52158443,20.70000101,0.72075177,22.59999835
7.84999990,0.51574271,20.70000007,0.70776057,22.59999712
7.86000013,0.50993739,20.70000018,0.69475974,22.59999941
7.86999989,0.50417323,20.70000206,0.68174730,22.59999845
7.88000011,0.49844595,20.70000151,0.66872505,22.59999881
7.88999987,0.49275410,20.70000156,0.65569438,22.59999779
7.90000010,0.48709785,20.69999991,0.64265364,22.59999788
7.90999985,0.48147950,20.70000209,0.62960264,22.59999878
7.92000008,0.47589543,20.70000166,0.61654137,22.59999849
7.92999983,0.47034708,20.70000144,0.60347094,22.59999933
7.94000006,0.46483313,20.70000198,0.59038939,22.59999865
7.94999981,0.45935243,20.70000121,0.58000006,22.64350630
7.96000004,0.45390661,20.70000015,0.56710032,22.64999881
7.96999979,0.44849516,20.70000088,0.55378612,22.64999977
7.98000002,0.44311568,20.70000033,0.54045958,22.64999883
7.98999977,0.43776951,20.70000059,0.52712181,22.65000034
8.00000000,0.43245574,20.70000205,0.51377118,22.64999925
8.01000023,0.42905028,20.75000233,0.50040940,22.64999824
8.02000046,0.42359104,20.75000336,0.48703417,22.64999915
8.02999973,0.41816104,20.75000171,0.47364869,22.64999986
8.03999996,0.41276156,20.75000318,0.46024799,22.64999829
8.05000019,0.40738953,20.75000332,0.44683443,22.64999911
8.06000042,0.40204672,20.75000177,0.43340736,22.64999931
8.06999969,0.39673304,20.75000207,0.42057949,22.69999780
8.07999992,0.39144447,20.75000202,0.40691054,22.69999925
8.09000015,0.38618383,20.75000205,0.39322615,22.69999903
8.10000038,0.38094898,20.75000293,0.37952757,22.69999758
8.10999966,0.37574081,20.75000331,0.36581327,22.69999750
8.11999989,0.37055723,20.75000221,0.35208259,22.69999770
8.13000011,0.36539794,20.75000121,0.33833665,22.69999891
8.14000034,0.36026401,20.75000295,0.32457417,22.69999856
8.14999962,0.35515393,20.75000233,0.31079690,22.69999837
8.15999985,0.35006806,20.75000279,0.29699892,22.69999851
8.17000008,0.34500264,20.75000245,0.28318556,22.69999953
8.18000031,0.33996079,20.75000192,0.26754325,22.74999991
8.18999958,0.33494110,20.75000128,0.25346838,22.75000026
8.19999981,0.32994154,20.75000279,0.23937349,22.74999905
8.21000004,0.32496372,20.75000289,0.22525938,22.74999954
8.22000027,0.32000658,20.75000180,0.21112456,22.74999907
8.22999954,0.31506970,20.75000170,0.19697007,22.74999928
8.23999977,0.31014979,20.75000146,0.18279384,22.75000094
8.25000000,0.30524962,20.75000325,0.16859650,22.75000080
8.26000023,0.30036808,20.75000300,0.15437614,22.74999908
8.27000046,0.29550379,20.75000280,0.14013453,22.74999986
8.27999973,0.29065630,20.75000131,0.12175147,22.79999821
8.28999996,0.28582307,20.75000130,0.10722827,22.80000010
8.30000019,0.28100827,20.75000259,0.09267890,22.79999794
8.31000042,0.27620706,20.75000314,0.07810517,22.79999954
8.31999969,0.27142123,20.75000134,0.06350868,22.80000009
8.32999992,0.26664931,20.75000234,0.04888362,22.79999914
8.34000015,0.26189017,20.75000314,0.03423196,22.79999842
8.35000038,0.25714454,20.75000208,0.01955350,22.79999802
8.35999966,0.25241121,20.75000203,0.00484903,22.79999825
8.36999989,0.24769049,20.75000304,-0.00988588,22.79999784
8.38000011,0.24297979,20.75000293,-0.03117623,22.84999775
8.39000034,0.23827943,20.75000229,-0.04621548,22.84999883
8.39999962,0.22656862,20.80000037,-0.06128193,22.84999715
8.40999985,0.22163784,20.80000184,-0.07638172,22.84999812
8.42000008,0.21671617,20.80000188,-0.09151472,22.84999870
8.43000031,0.21180247,20.80000054,-0.10668068,22.84999846
8.43999958,0.20689376,20.80000160,-0.12187675,22.84999939
8.44999981,0.20199052,20.80000222,-0.13710716,22.84999728
8.46000004,0.19709476,20.80000152,-0.15237354,22.84999774
8.47000027,0.19220244,20.80000022,-0.16767592,22.84999917
8.47999954,0.18731272,20.80000162,-0.18300872,22.84999811
8.48999977,0.18242679,20.80000069,-0.19838074,22.84999726
8.50000000,0.17754181,20.80000024,-0.21378914,22.84999747
8.51000023,0.17265985,20.80000217,-0.23903892,22.89999951
8.52000046,0.16777889,20.80000047,-0.25478225,22.89999841
8.52999973,0.16289743,20.80000094,-0.27056412,22.89999968
8.53999996,0.15801567,20.80000077,-0.28638686,22.89999966
8.55000019,0.15313470,20.80000184,-0.30225220,22.89999958
8.56000042,0.14825006,20.80000189,-0.31815658,22.89999813
8.56999969,0.14336566,20.80000049,-0.33410461,22.90000021
8.57999992,0.13847680,20.80000111,-0.35009750,22.89999961
8.59000015,0.13358465,20.80000246,-0.36613349,22.89999968
8.60000038,0.12868705,20.80000225,-0.39437802,22.94999956
8.60999966,0.12378501,20.80000024,-0.41076901,22.94999768
8.61999989,0.11887845,20.80000177,-0.42721150,22.94999751
8.63000011,0.11396523,20.80000092,-0.44370088,22.94999938
8.64000034,0.10904256,20.80000231,-0.46023616,22.94999866
8.64999962,0.10411326,20.80000164,-0.47682158,22.94999856
8.65999985,0.09917314,20.80000026,-0.49345747,22.94999914
8.67000008,0.09422621,20.80000142,-0.51014584,22.94999827
8.68000031,0.08926877,20.80000092,-0.54121534,22.99999968
8.68999958,0.08429927,20.80000151,-0.55828105,23.00000024
8.69999981,0.07931896,20.80000116,-0.57540274,22.99999884
8.71000004,0.07432451,20.80000249,-0.59257768,22.99999949
8.72000027,0.06931859,20.80000144,-0.60980900,22.99999877
8.72999954,0.06429791,20.80000065,-0.62709454,23.00000063
8.73999977,0.05926253,20.80000064,-0.64443980,23.00000077
8.75000000,0.05421166,20.80000154,-0.66184438,22.99999951
8.76000023,0.04914220,20.80000049,-0.67930465,23.00000092
8.77000046,0.04405791,20.80000152,-0.69682682,23.00000001
8.77999973,0.03895716,20.80000067,-0.71440808,22.99999974
8.78999996,0.03383522,20.80000168,-0.74945735,23.04999986
8.80000019,0.02869571,20.80000249,-0.76744943,23.04999939
8.81000042,0.02353561,20.80000225,-0.78550572,23.04999991
8.81999969,0.01835660,20.80000203,-0.80362642,23.04999877
8.82999992,0.01315221,20.80000152,-0.82181321,23.04999980
8.84000015,0.00792673,20.80000223,-0.84006742,23.04999965
8.85000038,0.00267719,20.80000098,-0.85838762,23.04999884
8.85999966,-0.02202109,20.85000104,-0.87677411,23.04999832
8.86999989,-0.02761169,20.85000051,-0.89523297,23.04999966
8.88000011,-0.03323031,20.85000090,-0.91375925,23.04999975
8.89000034,-0.03887505,20.84999960,-0.95266325,23.09999738
8.89999962,-0.04454920,20.85000004,-0.97162719,23.09999761
8.90999985,-0.05025268,20.85000007,-0.99066691,23.09999812
8.92000008,-0.05598571,20.85000029,-1.00978004,23.09999777
8.93000031,-0.06175163,20.85000043,-1.02896885,23.09999904
8.93999958,-0.06754768,20.85000151,-1.04823215,23.09999918
8.94999981,-0.07337771,20.85000028,-1.06757206,23.09999871
8.96000004,-0.07924091,20.85000135,-1.08699054,23.09999754
8.97000027,-0.08513955,20.85000137,-1.10648845,23.09999846
8.97999954,-0.09107278,20.85000005,-1.14905966,23.14999831
8.98999977,-0.09704363,20.85000109,-1.16902001,23.15000013
9.00000000,-0.10304948,20.85000088,-1.18906413,23.14999963
9.01000023,-0.10909423,20.85000019,-1.20918935,23.15000017
9.02000046,-0.11517836,20.85000073,-1.22939872,23.14999948
9.02999973,-0.12130097,20.85000132,-1.24969154,23.14999877
9.03999996,-0.12746723,20.85000125,-1.27007007,23.14999859
9.05000019,-0.13367303,20.84999954,-1.29053387,23.14999893
9.06000042,-0.13992194,20.84999998,-1.31108499,23.14999847
9.06999969,-0.14621438,20.85000132,-1.33172297,23.14999925
9.07999992,-0.15255072,20.85000054,-1.35245049,23.14999967
9.09000015,-0.15893124,20.84999962,-1.39966698,23.19999788
9.10000038,-0.16535909,20.85000067,-1.42088785,23.19999836
9.10999966,-0.17183494,20.85000055,-1.44219649,23.19999813
9.11999989,-0.17835831,20.84999996,-1.46360413,23.19999957
9.13000011,-0.18493145,20.85000062,-1.48510103,23.19999955
9.14000034,-0.19155345,20.85000009,-1.50669091,23.19999896
9.14999962,-0.19822573,20.84999959,-1.52837547,23.19999843
9.15999985,-0.20495195,20.85000105,-1.55016051,23.19999912
9.17000008,-0.21172790,20.85000046,-1.56999871,23.19647378
9.18000031,-0.21855861,20.85000087,-1.56999919,23.15896947
9.18999958,-0.22544211,20.84999954,-1.58649582,23.14999907
9.19999981,-0.23238290,20.84999969,-1.60834109,23.15000027
9.21000004,-0.23938167,20.85000070,-1.63028402,23.14999840
9.22000027,-0.24643677,20.85000145,-1.65232830,23.15000028
9.22999954,-0.25354852,20.85000026,-1.67446562,23.14999853
9.23999977,-0.26072047,20.85000109,-1.69670472,23.14999913
9.25000000,-0.26795310,20.85000103,-1.71904619,23.14999956
9.26000023,-0.27524780,20.85000047,-1.71999918,23.11629368
9.27000046,-0.28260349,20.85000121,-1.73182392,23.09999944
9.27999973,-0.29002291,20.85000143,-1.75413387,23.09999779
9.28999996,-0.29750596,20.85000056,-1.76999981,23.09003924
9.30000019,-0.30505455,20.85000043,-1.76999985,23.05622615
9.31000042,-0.31266763,20.85000108,-1.78814972,23.04999950
9.31999969,-0.32000123,20.84948827,-1.81053574,23.04999918
9.32999992,-0.32000014,20.83816240,-1.81999845,23.03096144
9.34000015,-0.32000016,20.82696051,-1.81999954,22.99844288
9.35000038,-0.32000124,20.81587659,-1.81999846,22.96640251
9.35999966,-0.32000124,20.80490497,-1.83067571,22.94999874
9.36999989,-0.32424083,20.80000083,-1.85290131,22.94999818
9.38000011,-0.33200539,20.80000053,-1.86999914,22.94271226
9.39000034,-0.33984253,20.80000055,-1.87000000,22.91182751
9.39999962,-0.34775320,20.80000195,-1.88361988,22.89999980
9.40999985,-0.35573675,20.80000043,-1.90591440,22.89999871
9.42000008,-0.36379891,20.80000213,-1.91999884,22.88884135
9.43000031,-0.37193658,20.80000072,-1.91999913,22.85901372
9.43999958,-0.38014893,20.80000146,-1.91999988,22.82958889
9.44999981,-0.38844358,20.80000202,-1.91999977,22.80055842
9.46000004,-0.39681532,20.80000108,-1.94170024,22.79999971
9.47000027,-0.40526959,20.80000166,-1.96392482,22.79999853
9.47999954,-0.41380147,20.80000046,-1.96999988,22.77932457
9.48999977,-0.42241944,20.80000104,-1.96999985,22.75122419
9.50000000,-0.43111599,20.80000048,-1.96999938,22.72347665
9.51000023,-0.43990148,20.80000142,-1.96999976,22.69608294
9.52000046,-0.44876868,20.80000047,-1.96999850,22.66902848
9.52999973,-0.45772326,20.80000126,-1.97630641,22.64999991
9.53999996,-0.46676544,20.80000153,-1.99820309,22.64999998
9.55000019,-0.47000122,20.79294285,-2.01999898,22.64975513
9.56000042,-0.47000135,20.78205011,-2.01999866,22.62350465
9.56999969,-0.46999990,20.77123205,-2.01999906,22.59756207
9.57999992,-0.47000082,20.76048621,-2.01999889,22.57192710
9.59000015,-0.47016853,20.75000213,-2.01999972,22.54659377
9.60000038,-0.47939792,20.75000201,-2.01999982,22.52154926
9.60999966,-0.48871766,20.75000134,-2.02280796,22.49999961
9.61999989,-0.49813380,20.75000176,-2.04445941,22.49999982
9.63000011,-0.50764376,20.75000236,-2.06620974,22.49999987
9.64000034,-0.51724620,20.75000163,-2.06999829,22.47988533
9.64999962,-0.52694539,20.75000108,-2.06999968,22.45578594
9.65999985,-0.53674071,20.75000168,-2.06999840,22.43194860
9.67000008,-0.54663457,20.75000271,-2.06999969,22.40836893
9.68000031,-0.55662535,20.75000119,-2.08384644,22.40000001
9.68999958,-0.56671355,20.75000226,-2.10547421,22.40000047
9.69999981,-0.57000084,20.74265814,-2.11999969,22.39233956
9.71000004,-0.57000110,20.73184520,-2.11999893,22.36934259
9.72000027,-0.57000020,20.72108496,-2.11999867,22.34658330
9.72999954,-0.57000040,20.71038064,-2.12000003,22.32405705
9.73999977,-0.57026548,20.70000017,-2.11999849,22.30174910
9.75000000,-0.58060476,20.70000127,-2.11999864,22.27966543
9.76000023,-0.59103928,20.70000049,-2.11999954,22.25779606
9.77000046,-0.60157919,20.70000103,-2.13370603,22.25000008
9.77999973,-0.61221799,20.70000059,-2.15515657,22.25000039
9.78999996,-0.62000124,20.69704944,-2.16999979,22.24330624
9.80000019,-0.62000034,20.68632649,-2.16999940,22.22190328
9.81000042,-0.62000084,20.67564967,-2.16999837,22.20069887
9.81999969,-0.62000133,20.66501979,-2.16999852,22.17968480
9.82999992,-0.62000058,20.65443165,-2.16999860,22.15886071
9.84000015,-0.62634269,20.65000098,-2.18221983,22.14999909
9.85000038,-0.63735300,20.65000100,-2.20366824,22.14999945
9.85999966,-0.64846794,20.65000160,-2.21999992,22.14504033
9.86999989,-0.65969065,20.65000195,-2.21999892,22.12461682
9.88000011,-0.67000097,20.64904995,-2.21999914,22.10437010
9.89000034,-0.67000024,20.63839172,-2.21999902,22.08428940
9.89999962,-0.67000085,20.62777685,-2.21999886,22.06437518
9.90999985,-0.67000137,20.61719901,-2.22583742,22.05000017
9.92000008,-0.67000111,20.60665811,-2.24728729,22.04999985
9.93000031,-0.67423110,20.59999958,-2.26883341,22.04999921
9.93999958,-0.68584357,20.59999951,-2.26999837,22.03148753
9.94999981,-0.69756120,20.60000040,-2.26999809,22.01207209
9.96000004,-0.70938754,20.59999953,-2.26999888,21.99280328
9.97000027,-0.72000072,20.59882894,-2.26999852,21.97368296
9.97999954,-0.72000015,20.58822533,-2.26999804,21.95470593
9.98999977,-0.72000058,20.57765395,-2.28612160,21.94999842
10.00000000,-0.72000105,20.56711490,-2.30768916,21.94999906
10.01000023,-0.72000015,20.55660795,-2.31999826,21.94189727
10.02000046,-0.72448908,20.55000026,-2.31999818,21.92320985
10.02999973,-0.73671872,20.55000024,-2.31999846,21.90465396
10.03999996,-0.74905771,20.55000101,-2.31999864,21.88622972
10.05000019,-0.76150531,20.55000137,-2.31999890,21.86792874
10.06000042,-0.77000141,20.54659028,-2.32029264,21.84999864
10.06999969,-0.77000112,20.53602636,-2.34189267,21.84999885
10.07999992,-0.77000072,20.52549416,-2.36360224,21.84999941
10.09000015,-0.77000078,20.51499040,-2.36999908,21.83725626
10.10000038,-0.77000025,20.50451957,-2.36999979,21.81931323
10.10999966,-0.77000004,20.49408062,-2.36999822,21.80148413
10.11999989,-0.77000012,20.48366834,-2.36999857,21.78376304
10.13000011,-0.77000050,20.47328859,-2.36999819,21.76614804
10.14000034,-0.77000110,20.46293650,-2.37169301,21.75000085
10.14999962,-0.77000088,20.45261449,-2.39348147,21.74999968
10.15999985,-0.77966680,20.45000121,-2.41538461,21.74999997
10.17000008,-0.79271062,20.45000121,-2.41999914,21.73624266
10.18000031,-0.80585925,20.45000078,-2.41999887,21.71891627
10.18999958,-0.81911461,20.45000053,-2.41999949,21.70168938
10.19999981,-0.82000118,20.44029987,-2.41999818,21.68455562
10.21000004,-0.82000154,20.42993314,-2.41999895,21.66751571
10.22000027,-0.82000039,20.41959300,-2.41999980,21.65056202
10.22999954,-0.82000066,20.40928544,-2.44129814,21.64999978
10.23999977,-0.82000146,20.39900380,-2.46345435,21.64999999
10.25000000,-0.82000165,20.38874952,-2.46999901,21.63808628
10.26000023,-0.82000043,20.37852275,-2.46999986,21.62127760
10.27000046,-0.81999997,20.36832281,-2.46999906,21.60455022
10.27999973,-0.82000068,20.35815384,-2.46999944,21.58790488
10.28999996,-0.82268431,20.34999963,-2.46999812,21.57133510
10.30000019,-0.83641837,20.35000071,-2.46999837,21.55484611
10.31000042,-0.85025434,20.35000066,-2.48576576,21.54999964
10.31999969,-0.86419892,20.35000027,-2.50823581,21.54999936
10.32999992,-0.87000039,20.34401175,-2.51999970,21.54213009
10.34000015,-0.87000127,20.33381597,-2.51999837,21.52574391
10.35000038,-0.87000114,20.32364799,-2.51999977,21.50943042
10.35999966,-0.87000179,20.31350970,-2.51999944,21.49318360
10.36999989,-0.87000094,20.30339677,-2.51999903,21.47700664
10.38000011,-0.87000161,20.29331304,-2.51999838,21.46089540
10.39000034,-0.87000171,20.28325721,-2.51999834,21.44484883
10.39999962,-0.87000186,20.27323135,-2.51999873,21.42886638
10.40999985,-0.87000094,20.26322945,-2.51999966,21.41294481
10.42000008,-0.87000005,20.25325704,-2.52420281,21.39999921
10.43000031,-0.87969867,20.25000166,-2.54713498,21.39999994
10.43999958,-0.89419890,20.25000143,-2.56999956,21.39985050
10.44999981,-0.90880706,20.25000106,-2.56999861,21.38399062
10.46000004,-0.92000150,20.24760590,-2.56999947,21.36818624
10.47000027,-0.92000166,20.23760140,-2.56999878,21.35243690
10.47999954,-0.91999992,20.22762315,-2.56999812,21.33674324
10.48999977,-0.92000112,20.21767708,-2.56999881,21.32110293
10.50000000,-0.92000060,20.20775824,-2.56999835,21.30551272
10.51000023,-0.92000155,20.19787088,-2.58513945,21.30000011
10.52000046,-0.92000135,20.18801158,-2.60873694,21.29999890
10.52999973,-0.92000004,20.17818146,-2.61999813,21.29180607
10.53999996,-0.92000003,20.16838221,-2.61999928,21.27624726
10.55000019,-0.92000156,20.15861181,-2.61999823,21.26073310
10.56000042,-0.92000032,20.14887199,-2.61999862,21.24526737
10.56999969,-0.92000105,20.13916195,-2.61999916,21.22984871
10.57999992,-0.92000173,20.12948276,-2.61999964,21.21447173
10.59000015,-0.92000073,20.11983394,-2.62135280,21.19999947
10.60000038,-0.92000094,20.11021480,-2.64556975,21.19999874
10.60999966,-0.92000143,20.10062774,-2.66997470,21.19999890
10.61999989,-0.92000008,20.09106983,-2.66999931,21.18464260
10.63000011,-0.92000051,20.08154452,-2.66999803,21.16930884
10.64000034,-0.92000131,20.07205239,-2.66999838,21.15401623
10.64999962,-0.91999990,20.06258978,-2.66999919,21.13876333
10.65999985,-0.92000017,20.05316225,-2.66999809,21.12354758
10.67000008,-0.93025306,20.05000038,-2.66999955,21.10836874
10.68000031,-0.94578637,20.05000080,-2.66999848,21.09322715
10.68999958,-0.96143461,20.05000125,-2.66999962,21.07812192
10.69999981,-0.97000013,20.04569126,-2.66999857,21.06304991
10.71000004,-0.97000072,20.03626264,-2.67333505,21.04999897
10.72000027,-0.97000046,20.02686510,-2.69870510,21.04999926
10.72999954,-0.97000084,20.01750189,-2.71999814,21.04746711
10.73999977,-0.97000160,20.00817394,-2.71999894,21.03236555
10.75000000,-0.97000101,19.99887999,-2.71999951,21.01729597
10.76000023,-0.97000044,19.98962029,-2.71999825,21.00225378
10.77000046,-0.97000106,19.98039555,-2.71999891,20.98724508
10.77999973,-0.97000186,19.97120923,-2.71999847,20.97226695
10.78999996,-0.97000097,19.96205235,-2.71999976,20.95731611
10.80000019,-0.97000028,19.95293387,-2.73344811,20.94999965
10.81000042,-0.97000132,19.94385242,-2.76002207,20.94999908
10.81999969,-0.97000008,19.93480616,-2.76999836,20.94057768
10.82999992,-0.97000177,19.92579925,-2.76999824,20.92557411
10.84000015,-0.97000120,19.91682557,-2.76999921,20.91059550
10.85000038,-0.97000181,19.90789165,-2.76999858,20.89564403
10.85999966,-0.97000089,19.89899499,-2.76999841,20.88071821
10.86999989,-0.97000051,19.89013529,-2.76999793,20.86581737
10.88000011,-0.97000164,19.88131495,-2.76999975,20.85094100
10.89000034,-0.97000016,19.87253307,-2.76999876,20.83608950
10.89999962,-0.97000017,19.86379055,-2.76999947,20.82126268
10.90999985,-0.97000002,19.85508700,-2.76999882,20.80645733
10.92000008,-0.97681374,19.84999985,-2.78585164,20.79999994
10.93000031,-0.99338664,19.84999987,-2.81424361,20.79999953
10.93999958,-1.01010300,19.85000008,-2.81999880,20.78809516
10.94999981,-1.02000160,19.84641691,-2.81999906,20.77320925
10.96000004,-1.02000073,19.83774207,-2.81999938,20.75834500
10.97000027,-1.02000144,19.82910902,-2.81999884,20.74349941
10.97999954,-1.02000036,19.82051494,-2.81999771,20.72867353
10.98999977,-1.02000050,19.81196303,-2.81999842,20.71387027
11.00000000,-1.02000192,19.80345311,-2.81999863,20.69908896
11.01000023,-1.02000191,19.79498372,-2.81999903,20.68432580
11.02000046,-1.02000133,19.78655582,-2.81999794,20.66958120
11.02999973,-1.02000092,19.77817134,-2.81999795,20.65485829
11.03999996,-1.02000081,19.76983154,-2.84035991,20.64999984
11.05000019,-1.02000028,19.76153233,-2.86999913,20.64946630
11.06000042,-1.02000132,19.75327675,-2.86999902,20.63461991
11.06999969,-1.02000091,19.74506584,-2.86999820,20.61979362
11.07999992,-1.02000034,19.73689719,-2.86999881,20.60498200
11.09000015,-1.02000135,19.72877251,-2.86999894,20.59018875
11.10000038,-1.02000207,19.72069322,-2.86999994,20.57541325
11.10999966,-1.02000136,19.71265842,-2.87000008,20.56065449
11.11999989,-1.02000130,19.70466689,-2.86999899,20.54591121
11.13000011,-1.02727315,19.70000017,-2.86999964,20.53118429
11.14000034,-1.04499213,19.70000006,-2.86999805,20.51647385
11.14999962,-1.06290700,19.69999987,-2.86999818,20.50178039
11.15999985,-1.07000124,19.69515009,-2.89931225,20.50000018
11.17000008,-1.07000085,19.68719637,-2.91999867,20.49425377
11.18000031,-1.07000117,19.67928994,-2.91999917,20.47942272
11.18999958,-1.07000035,19.67142781,-2.91999963,20.46460692
11.19999981,-1.07000054,19.66361216,-2.91999881,20.44980395
11.21000004,-1.07000002,19.65584087,-2.91999973,20.43501738
11.22000027,-1.07000208,19.64811458,-2.91999958,20.42024358
11.22999954,-1.07000203,19.64043564,-2.91999808,20.40548596
11.23999977,-1.07000044,19.63280070,-2.91999989,20.39074208
11.25000000,-1.07000105,19.62521119,-2.91999939,20.37601072
11.26000023,-1.07000159,19.61766853,-2.91999841,20.36129421
11.27000046,-1.07000050,19.61017184,-2.92855576,20.34999935
11.27999973,-1.07000094,19.60272098,-2.96590293,20.34999902
11.28999996,-1.08200516,19.59999996,-2.96999927,20.33674270
11.30000019,-1.10117674,19.59999960,-2.96999851,20.32188620
11.31000042,-1.12000194,19.59975834,-2.96999952,20.30704110
11.31999969,-1.12000076,19.59229157,-2.96999878,20.29221052
11.32999992,-1.12000028,19.58487085,-2.96999898,20.27739225
11.34000015,-1.12000073,19.57749553,-2.96999915,20.26258708
11.35000038,-1.12000198,19.57016411,-2.96999907,20.24779248
11.35999966,-1.12000146,19.56287697,-2.96999993,20.23301200
11.36999989,-1.12000207,19.55563848,-2.96999840,20.21824376
11.38000011,-1.12000117,19.54844264,-2.96999957,20.20348802
11.39000034,-1.12000066,19.54129246,-3.00215808,20.19999962
11.39999962,-1.12000022,19.53418652,-3.01999853,20.19130475
11.40999985,-1.12000034,19.52712669,-3.01999784,20.17637742
11.42000008,-1.12000099,19.52011350,-3.01999840,20.16146126
11.43000031,-1.12000145,19.51314389,-3.01999861,20.14655557
11.43999958,-1.12000020,19.50621820,-3.01999772,20.13166303
11.44999981,-1.12000152,19.49933768,-3.01999897,20.11678025
11.46000004,-1.12000036,19.49249970,-3.01999810,20.10190755
11.47000027,-1.12000162,19.48570645,-3.01999789,20.08704459
11.47999954,-1.12000015,19.47895842,-3.01999864,20.07219779
11.48999977,-1.12000149,19.47225261,-3.01999903,20.05735885
11.50000000,-1.12000076,19.46558788,-3.04459434,20.05000007
11.51000023,-1.12000207,19.45896842,-3.06999912,20.04268397
11.52000046,-1.12000078,19.45239003,-3.06999795,20.02766381
11.52999973,-1.12000158,19.44585343,-3.06999906,20.01265565
11.53999996,-1.12000027,19.43935775,-3.06999878,19.99765702
11.55000019,-1.12000091,19.43290339,-3.06999761,19.98266924
11.56000042,-1.12000145,19.42649010,-3.06999812,19.96769194
11.56999969,-1.12000200,19.42011746,-3.06999865,19.95272918
11.57999992,-1.12000231,19.41378189,-3.06999769,19.93777152
11.59000015,-1.12000206,19.40748840,-3.06999883,19.92282618
11.60000038,-1.12000110,19.40123552,-3.06999939,19.90788953
11.60999966,-1.12000132,19.39502432,-3.09755129,19.90000037
11.61999989,-1.12000129,19.38885019,-3.11999819,19.89059117
11.63000011,-1.12000003,19.38271458,-3.11999945,19.87545954
11.64000034,-1.12000093,19.37661799,-3.11999989,19.86033600
11.64999962,-1.12000095,19.37055902,-3.11999827,19.84522076
11.65999985,-1.12000002,19.36453739,-3.11999846,19.83011449
11.67000008,-1.12000039,19.35855342,-3.11999776,19.81501607
11.68000031,-1.12000171,19.35260758,-3.11999800,19.79992464
11.68999958,-1.12000198,19.34669688,-3.11999829,19.78484212
11.69999981,-1.12000140,19.34082305,-3.11999899,19.76976566
11.71000004,-1.12000155,19.33498479,-3.11999850,19.75469638
11.72000027,-1.12000011,19.32918437,-3.11999921,19.73963480
11.72999954,-1.12000079,19.32342236,-3.11999795,19.72457589
11.73999977,-1.12000045,19.31769542,-3.11999975,19.70952226
11.75000000,-1.12000035,19.31200321,-3.14889823,19.69999957
11.76000023,-1.12000118,19.30634527,-3.16999982,19.68875546
11.77000046,-1.12000199,19.30072366,-3.16999878,19.67348025
11.77999973,-1.12000018,19.29513516,-3.16999873,19.65820774
11.78999996,-1.12000173,19.28958285,-3.16999799,19.64293794
11.80000019,-1.12000093,19.28406263,-3.16999751,19.62766969
11.81000042,-1.12000217,19.27857608,-3.16999918,19.61240135
11.81999969,-1.12000077,19.27312406,-3.16999944,19.59713749
11.82999992,-1.12000149,19.26770441,-3.16999838,19.58187206
11.84000015,-1.12000183,19.26231948,-3.16999802,19.56660519
11.85000038,-1.12000172,19.25696903,-3.16999795,19.55133584
11.85999966,-1.12000069,19.25165013,-3.21999816,19.54300319
11.86999989,-1.12000170,19.24636653,-3.21999913,19.52748846
11.88000011,-1.12000209,19.24111253,-3.21999939,19.51196788
11.89000034,-1.12000144,19.23589150,-3.21999790,19.49644434
11.89999962,-1.12000005,19.23070270,-3.21999961,19.48091780
11.90999985,-1.12000007,19.22554489,-3.21999842,19.46538382
11.92000008,-1.12000129,19.22041947,-3.21999885,19.44984392
11.93000031,-1.12000142,19.21532368,-3.21999777,19.43429499
11.93999958,-1.12000047,19.21025992,-3.21999943,19.41874135
11.94999981,-1.12000051,19.20522789,-3.21999826,19.40317749
11.96000004,-1.12000168,19.20022817,-3.26999800,19.39206275
11.97000027,-1.17000059,19.19946579,-3.26999909,19.37622385
11.97999954,-1.17000026,19.19427235,-3.26999909,19.36037362
11.98999977,-1.17000199,19.18910886,-3.26999957,19.34451090
12.00000000,-1.17000108,19.18397469,-3.26999773,19.32863396
12.01000023,-1.17000009,19.17886904,-3.26999757,19.31274244
12.02000046,-1.17000125,19.17379069,-3.26999810,19.29683609
12.02999973,-1.17000216,19.16874102,-3.26999907,19.28091523
12.03999996,-1.17000020,19.16371817,-3.26999941,19.26497580
12.05000019,-1.17000051,19.15872272,-3.29282172,19.25000095
12.06000042,-1.17000078,19.15375391,-3.31999957,19.23493333
12.06999969,-1.17000058,19.14881263,-3.31999854,19.21867908
12.07999992,-1.17000027,19.14389682,-3.31999788,19.20239872
12.09000015,-1.17000222,19.13901037,-3.31999925,19.18609819
12.10000038,-1.17000149,19.13414746,-3.31999942,19.16977370
12.10999966,-1.17000042,19.12930876,-3.31999949,19.15342655
12.11999989,-1.17000220,19.12449679,-3.31999973,19.13705562
12.13000011,-1.17000121,19.11970778,-3.31999851,19.12065892
12.14000034,-1.17000045,19.11494123,-3.31999821,19.10423476
12.14999962,-1.17000212,19.11020009,-3.36999971,19.08726429
12.15999985,-1.17000167,19.10548231,-3.36999965,19.07051246
12.17000008,-1.17000152,19.10078879,-3.36999874,19.05373092
12.18000031,-1.17000173,19.09611653,-3.36999881,19.03691658
12.18999958,-1.17000003,19.09146661,-3.36999903,19.02006990
12.19999981,-1.17000170,19.08683860,-3.36999883,19.00318865
12.21000004,-1.17000147,19.08223431,-3.36999938,18.98627231
12.22000027,-1.17000217,19.07765022,-3.36999761,18.96931836
12.22999954,-1.17000161,19.07308912,-3.36999790,18.95232916
12.23999977,-1.17000017,19.06854904,-3.41999774,18.93226739
12.25000000,-1.17000217,19.06403073,-3.41999754,18.91490916
12.26000023,-1.17000134,19.05953347,-3.41999778,18.89750862
12.27000046,-1.17000003,19.05505743,-3.41999955,18.88006224
12.27999973,-1.17000095,19.05060018,-3.41999968,18.86257032
12.28999996,-1.17000177,19.04616388,-3.41999955,18.84503149
12.30000019,-1.17000024,19.04174686,-3.41999790,18.82744086
12.31000042,-1.17000192,19.03734886,-3.41999933,18.80979916
12.31999969,-1.17000171,19.03297092,-3.46999763,18.78675499
12.32999992,-1.17000028,19.02861135,-3.46999849,18.76870998
12.34000015,-1.17000027,19.02427105,-3.46999984,18.75060729
12.35000038,-1.17000190,19.01994919,-3.46999775,18.73244515
12.35999966,-1.17000097,19.01564939,-3.46999903,18.71422437
12.36999989,-1.17000005,19.01136334,-3.46999975,18.69593484
12.38000011,-1.17000205,19.00709739,-3.46999900,18.67758222
12.39000034,-1.17000032,19.00284999,-3.46999810,18.65916186
12.39999962,-1.17000176,18.99862110,-3.51999903,18.63289152
12.40999985,-1.17000141,18.99441163,-3.51999941,18.61401842
12.42000008,-1.17000191,18.99021850,-3.51999936,18.59506655
12.43000031,-1.17000044,18.98604282,-3.51999957,18.57603659
12.43999958,-1.17000227,18.98188549,-3.51999829,18.55692710
12.44999981,-1.16999997,18.97774759,-3.51999828,18.53773390
12.46000004,-1.16999995,18.97362539,-3.51999887,18.51845279
12.47000027,-1.17000085,18.96952112,-3.56999823,18.48907295
12.47999954,-1.17000122,18.96543514,-3.56999825,18.46928680
12.48999977,-1.17000153,18.96136697,-3.56999948,18.44940115
12.50000000,-1.17000119,18.95731751,-3.56999951,18.42941696
12.51000023,-1.17000087,18.95328431,-3.56999872,18.40932885
12.52000046,-1.16687035,18.94999946,-3.56999824,18.38913524
12.52999973,-1.15032243,18.94999924,-3.56999930,18.36883441
12.53999996,-1.13475410,18.94999966,-3.61999799,18.33606747
12.55000019,-1.12011686,18.94999957,-3.61999929,18.31519043
12.56000042,-1.12000023,18.94643423,-3.61999796,18.29419052
12.56999969,-1.12000145,18.94286004,-3.61999787,18.27306654
12.57999992,-1.12000010,18.93930736,-3.61999948,18.25180878
12.59000015,-1.12000211,18.93577555,-3.61999889,18.23041772
12.60000038,-1.12000178,18.93226603,-3.61999938,18.20889025
12.60999966,-1.12000219,18.92877973,-3.62000003,18.18722241
12.61999989,-1.12000195,18.92531602,-3.61999992,18.16540640
12.63000011,-1.12000197,18.92187354,-3.61999940,18.14343953
12.64000034,-1.12000093,18.91845546,-3.61999957,18.12131705
12.64999962,-1.12000092,18.91506250,-3.66999931,18.08270645
12.65999985,-1.12000165,18.91169520,-3.66999891,18.05987156
12.67000008,-1.12000214,18.90834967,-3.66999839,18.03686183
12.68000031,-1.12000072,18.90502943,-3.66999764,18.01367154
12.68999958,-1.12000092,18.90173624,-3.66999803,17.99030040
12.69999981,-1.11580184,18.90000048,-3.66999877,17.96673420
12.71000004,-1.10720344,18.90000015,-3.66999783,17.94297165
12.72000027,-1.09904495,18.90000043,-3.66999805,17.91900872
12.72999954,-1.09130324,18.89999968,-3.66999808,17.89483918
12.73999977,-1.08395371,18.89999996,-3.66999964,17.87045015
12.75000000,-1.07698285,18.90000013,-3.71999956,17.82551389
12.76000023,-1.07037797,18.89999991,-3.71999892,17.80025206
12.77000046,-1.06412409,18.90000020,-3.71999845,17.77474306
12.77999973,-1.05819933,18.90000013,-3.71999912,17.74899143
12.78999996,-1.05258903,18.89999960,-3.71999870,17.72298967
12.80000019,-1.04727027,18.90000011,-3.71999900,17.69673510
12.81000042,-1.04222906,18.90000026,-3.71999955,17.67021758
12.81999969,-1.03745754,18.89999965,-3.70598859,17.65000084
12.82999992,-1.03293773,18.90000015,-3.66999982,17.64026853
12.84000015,-1.02865676,18.90000028,-3.66999848,17.61340858
12.85000038,-1.02460766,18.89999947,-3.64234479,17.59999978
12.85999966,-1.02078286,18.90000015,-3.58869347,17.59999961
12.86999989,-1.01716707,18.89999958,-3.53650149,17.60000019
12.88000011,-1.01375134,18.90000035,-3.48572610,17.59999982
12.89000034,-1.01052356,18.89999971,-3.46999844,17.58194689
12.89999962,-1.00747207,18.90000044,-3.46999825,17.55533967
12.90999985,-1.00459172,18.89999961,-3.43123680,17.55000117
12.92000008,-1.00187380,18.89999972,-3.38394912,17.55000076
12.93000031,-0.99930816,18.90000026,-3.36999955,17.53145117
12.93999958,-0.99689234,18.90000000,-3.36999901,17.50469856
12.94999981,-0.99461471,18.90000023,-3.33264792,17.50000108
12.96000004,-0.99247771,18.89999978,-3.28840858,17.50000138
12.97000027,-0.99046939,18.90000012,-3.24524779,17.50000141
12.97999954,-0.98858206,18.89999967,-3.21999841,17.48933256
12.98999977,-0.98680707,18.90000025,-3.21999944,17.46266834
13.00000000,-0.98514111,18.89999990,-3.19814000,17.45000083
13.01000023,-0.98358369,18.89999948,-3.15756182,17.45000043
13.02000046,-0.98212227,18.89999986,-3.11790683,17.45000029
13.02999973,-0.98075703,18.89999922,-3.07915267,17.44999985
13.03999996,-0.97948421,18.90000033,-3.06999921,17.42978681
13.05000019,-0.97830030,18.89999961,-3.06999790,17.40290622
13.06000042,-0.97719447,18.89999951,-3.03659167,17.40000128
13.06999969,-0.97616795,18.90000034,-2.99993161,17.40000186
13.07999992,-0.97522021,18.89999956,-2.96404388,17.40000135
13.09000015,-0.97434333,18.89999953,-2.92891417,17.40000190
13.10000038,-0.97353139,18.90000028,-2.91999824,17.38009743
13.10999966,-0.97279076,18.89999958,-2.91999949,17.35297748
13.11999989,-0.97210579,18.89999983,-2.88965306,17.34999984
13.13000011,-0.97147928,18.90000022,-2.85623736,17.34999966
13.14000034,-0.97091272,18.89999951,-2.82347911,17.34999978
13.14999962,-0.97039801,18.89999962,-2.79136428,17.35000055
13.15999985,-0.96993351,18.89999909,-2.76999807,17.34122320
13.17000008,-0.96951152,18.90000044,-2.76999961,17.31384554
13.18000031,-0.96913912,18.90000023,-2.75442847,17.30000043
13.18999958,-0.96881259,18.89999992,-2.72372027,17.30000121
13.19999981,-0.96852649,18.89999893,-2.69357177,17.30000166
13.21000004,-0.96827462,18.89999998,-2.66396855,17.30000072
13.22000027,-0.96806070,18.90000020,-2.63489212,17.30000165
13.22999954,-0.96788254,18.89999970,-2.61999904,17.28665231
13.23999977,-0.96773769,18.89999994,-2.61999882,17.25853505
13.25000000,-0.96762312,18.89999893,-2.60014297,17.25000163
13.26000023,-0.96753290,18.90000036,-2.57217870,17.25000255
13.27000046,-0.96747353,18.89999949,-2.54468012,17.25000147
13.27999973,-0.96743826,18.89999963,-2.51999842,17.24748872
13.28999996,-0.96742802,18.89999909,-2.51999982,17.21863284
13.30000019,-0.96743769,18.90000037,-2.51023036,17.20000091
13.31000042,-0.96746893,18.89999872,-2.48368570,17.20000021
13.31999969,-0.96751906,18.89999935,-2.45755522,17.20000031
13.32999992,-0.96758494,18.89999898,-2.43182318,17.20000108
13.34000015,-0.96766655,18.89999953,-2.40648455,17.20000159
13.35000038,-0.96776397,18.89999870,-2.38152405,17.20000133
13.35999966,-0.96786740,18.90000010,-2.36999919,17.18401325
13.36999989,-0.96798888,18.89999928,-2.36999886,17.15354006
13.38000011,-0.96811756,18.89999984,-2.34824686,17.15000169
13.39000034,-0.96825529,18.89999911,-2.32400135,17.15000203
13.39999962,-0.96839820,18.89999879,-2.30009655,17.15000229
13.40999985,-0.96854287,18.90000042,-2.27651892,17.15000170
13.42000008,-0.96869387,18.90000001,-2.26999961,17.12719303
13.43000031,-0.96884836,18.89999921,-2.26634874,17.10000084
13.43999958,-0.96900540,18.89999875,-2.24305067,17.09999980
13.44999981,-0.96915789,18.89999961,-2.22005099,17.09999950
13.46000004,-0.96931132,18.89999886,-2.19734351,17.10000024
13.47000027,-0.96946327,18.90000022,-2.17491984,17.10000022
13.47999954,-0.96961133,18.89999989,-2.15277166,17.09999959
13.48999977,-0.96975568,18.89999870,-2.13089077,17.10000134
13.50000000,-0.96989384,18.90000021,-2.11999958,17.08305212
13.51000023,-0.97002772,18.89999961,-2.11895466,17.05000128
13.52000046,-0.97015124,18.89999892,-2.09724101,17.05000231
13.52999973,-0.97026917,18.89999960,-2.07577754,17.05000034
13.53999996,-0.97037697,18.89999998,-2.05454531,17.05000178
13.55000019,-0.97047342,18.89999921,-2.03354695,17.05000108
13.56000042,-0.97055925,18.89999873,-2.01999946,17.03717608
13.56999969,-0.97063166,18.89999958,-2.01983079,17.00000269
13.57999992,-0.97069079,18.89999974,-1.99893593,17.00000265
13.59000015,-0.97073631,18.89999981,-1.97825273,17.00000154
13.60000038,-0.97076285,18.89999924,-1.95777811,17.00000199
13.60999966,-0.97077016,18.89999897,-1.93750691,17.00000205
13.61999989,-0.97075892,18.89999994,-1.91742898,17.00000169
13.63000011,-0.97072914,18.89999852,-1.89753901,17.00000260
13.64000034,-0.97067754,18.89999979,-1.87783441,17.00000165
13.64999962,-0.97060611,18.89999940,-1.86999922,16.97497981
13.65999985,-0.97050947,18.89999928,-1.86181073,16.95000144
13.67000008,-0.97038930,18.89999939,-1.84212549,16.95000126
13.68000031,-0.97024565,18.89999975,-1.82261097,16.95000143
13.68999958,-0.97007548,18.89999971,-1.80326251,16.95000034
13.69999981,-0.96987583,18.90000033,-1.78407294,16.95000193
13.71000004,-0.96965189,18.89999934,-1.76503920,16.95000037
13.72000027,-0.96939679,18.89999908,-1.74615695,16.95000122
13.72999954,-0.96910773,18.89999915,-1.72742930,16.95000086
13.73999977,-0.96879064,18.89999985,-1.71999975,16.92059764
13.75000000,-0.96844094,18.89999878,-1.70890427,16.90000151
13.76000023,-0.96805822,18.89999921,-1.69013503,16.90000160
13.77000046,-0.96764180,18.89999980,-1.67150118,16.90000058
13.77999973,-0.96719112,18.89999820,-1.65300370,16.90000203
13.78999996,-0.96670411,18.89999976,-1.63463703,16.90000174
13.80000019,-0.96618054,18.89999841,-1.61639653,16.90000239
13.81000042,-0.96562198,18.89999888,-1.59827845,16.90000149
13.81999969,-0.96502586,18.89999926,-1.58028503,16.90000129
13.82999992,-0.96439128,18.89999924,-1.56999946,16.87460800
13.84000015,-0.96371318,18.89999852,-1.55916845,16.85000082
13.85000038,-0.96299651,18.89999977,-1.54109409,16.85000091
13.85999966,-0.96223661,18.89999905,-1.52313551,16.85000131
13.86999989,-0.96143523,18.89999821,-1.50528701,16.85000119
13.88000011,-0.96059104,18.89999873,-1.48754530,16.84999948
13.89000034,-0.95970091,18.89999947,-1.46990672,16.85000177
13.89999962,-0.95876576,18.89999834,-1.45237315,16.85000114
13.90999985,-0.95778487,18.89999952,-1.43493652,16.84999983
13.92000008,-0.95675738,18.90000012,-1.41759662,16.85000041
13.93000031,-0.95568336,18.89999865,-1.40034904,16.84999967
13.93999958,-0.95455813,18.89999893,-1.38319582,16.85000078
13.94999981,-0.95338316,18.89999823,-1.36613092,16.85000161
13.96000004,-0.95215519,18.89999943,-1.34915717,16.85000124
13.97000027,-0.95087514,18.90000007,-1.33226885,16.85000088
13.97999954,-0.94954206,18.89999869,-1.30653926,16.90000183
13.98999977,-0.94815463,18.89999998,-1.29018742,16.90000261
14.00000000,-0.94671225,18.90000038,-1.27391026,16.90000131
14.01000023,-0.94521346,18.89999818,-1.25770753,16.90000147
14.02000046,-0.94365778,18.89999827,-1.24157510,16.90000232
14.02999973,-0.94204318,18.90000006,-1.21842671,16.95000206
14.03999996,-0.94036945,18.89999900,-1.20279055,16.95000168
14.05000019,-0.93863374,18.90000042,-1.18721681,16.94999982
14.06000042,-0.93683809,18.89999926,-1.17170234,16.95000035
14.06999969,-0.93498170,18.90000002,-1.15624952,16.95000143
14.07999992,-0.93305976,18.90000022,-1.14085579,16.95000051
14.09000015,-0.93107050,18.89999813,-1.12551893,16.95000117
14.10000038,-0.92901673,18.89999986,-1.10558955,17.00000337
14.10999966,-0.92689658,18.89999952,-1.09069941,17.00000154
14.11999989,-0.92470842,18.89999859,-1.07585469,17.00000245
14.13000011,-0.92245273,18.89999936,-1.05741137,17.05000103
14.14000034,-0.92012688,18.89999956,-1.04298844,17.05000262
14.14999962,-0.91772963,18.89999905,-1.02860996,17.05000102
14.15999985,-0.91526164,18.89999880,-1.01427053,17.05000222
14.17000008,-0.91272296,18.89999926,-0.99997094,17.05000229
14.18000031,-0.91010794,18.89999990,-0.98571162,17.05000110
14.18999958,-0.90742057,18.89999918,-0.97149100,17.05000230
14.19999981,-0.90465626,18.90000006,-0.95730698,17.05000201
14.21000004,-0.90181660,18.89999909,-0.94315955,17.05000203
14.22000027,-0.89889910,18.89999878,-0.92904866,17.05000035
14.22999954,-0.89590416,18.90000009,-0.91497317,17.05000068
14.23999977,-0.89282735,18.90000042,-0.90093298,17.05000119
14.25000000,-0.88967110,18.89999956,-0.88692711,17.05000165
14.26000023,-0.88643503,18.89999993,-0.87295375,17.05000261
14.27000046,-0.88311713,18.89999930,-0.85901330,17.05000253
14.27999973,-0.87971661,18.89999899,-0.84510738,17.05000042
14.28999996,-0.87623224,18.89999972,-0.83123156,17.05000260
14.30000019,-0.87266520,18.89999815,-0.81738746,17.05000113
14.31000042,-0.86901271,18.90000033,-0.80357477,17.05000243
14.31999969,-0.86527402,18.89999858,-0.78979532,17.05000202
14.32999992,-0.86144912,18.89999847,-0.77604572,17.05000086
14.34000015,-0.85753561,18.89999939,-0.76232804,17.05000143
14.35000038,-0.85353292,18.90000010,-0.74864234,17.05000244
14.35999966,-0.84944171,18.89999839,-0.73498968,17.05000023
14.36999989,-0.84526132,18.90000005,-0.72136639,17.05000099
14.38000011,-0.84099057,18.89999965,-0.71137418,17.09999974
14.39000034,-0.83663018,18.89999900,-0.69806047,17.10000013
14.39999962,-0.83218279,18.89999983,-0.68477487,17.10000012
14.40999985,-0.82764505,18.89999841,-0.67151508,17.10000173
14.42000008,-0.82301726,18.89999878,-0.65828147,17.10000184
14.43000031,-0.81829914,18.89999816,-0.64507477,17.10000113
14.43999958,-0.81349093,18.90000024,-0.63189549,17.10000150
14.44999981,-0.80859186,18.89999929,-0.61874221,17.10000066
14.46000004,-0.80360414,18.89999949,-0.60561576,17.10000103
14.47000027,-0.79852399,18.89999926,-0.59251672,17.10000145
14.47999954,-0.79335477,18.89999994,-0.57944505,17.09999973
14.48999977,-0.78809457,18.89999892,-0.56640064,17.10000118
14.50000000,-0.78274221,18.89999938,-0.55338370,17.09999982
14.51000023,-0.77729922,18.90000015,-0.54039531,17.10000071
14.52000046,-0.77176684,18.89999854,-0.52743380,17.09999948
14.52999973,-0.76614034,18.89999992,-0.51450423,17.10000148
14.53999996,-0.76042381,18.90000037,-0.50160206,17.09999986
14.55000019,-0.75461430,18.89999958,-0.48872922,17.09999987
14.56000042,-0.74871275,18.89999885,-0.47588748,17.10000076
14.56999969,-0.74271887,18.89999910,-0.46307871,17.09999958
14.57999992,-0.73663171,18.89999876,-0.45030184,17.10000066
14.59000015,-0.73045098,18.89999882,-0.43755674,17.10000100
14.60000038,-0.72417942,18.89999848,-0.42484398,17.10000124
14.60999966,-0.71781467,18.89999949,-0.41216678,17.10000105
14.61999989,-0.71135309,18.90000007,-0.39952514,17.10000152
14.63000011,-0.70480115,18.89999836,-0.38691726,17.10000078
14.64000034,-0.69815252,18.89999853,-0.37434834,17.09999992
14.64999962,-0.69140731,18.89999977,-0.37000012,17.14467094
14.65999985,-0.68456623,18.90000002,-0.35864405,17.15000096
14.67000008,-0.67763125,18.90000011,-0.34634851,17.15000175
14.68000031,-0.67059883,18.89999925,-0.33409183,17.15000100
14.68999958,-0.66347170,18.89999969,-0.32187495,17.15000268
14.69999981,-0.65624800,18.89999936,-0.30969794,17.15000090
14.71000004,-0.64892604,18.90000019,-0.29756348,17.15000295
14.72000027,-0.64150692,18.89999845,-0.28547128,17.15000157
14.72999954,-0.63398957,18.89999908,-0.27342715,17.15000202
14.73999977,-0.62637472,18.90000027,-0.26142769,17.15000213
14.75000000,-0.61866184,18.89999988,-0.24947410,17.15000071
14.76000023,-0.61084859,18.89999868,-0.23757149,17.15000089
14.77000046,-0.60293166,18.90000022,-0.22572311,17.15000154
14.77999973,-0.59491963,18.89999993,-0.21392713,17.15000158
14.78999996,-0.58680825,18.90000046,-0.20218268,17.15000209
14.80000019,-0.57860199,18.89999962,-0.19048900,17.15000116
14.81000042,-0.57030115,18.89999985,-0.17884868,17.15000235
14.81999969,-0.56190693,18.90000025,-0.16726395,17.15000117
14.82999992,-0.55341978,18.90000000,-0.15573141,17.15000190
14.84000015,-0.54484147,18.89999829,-0.14425250,17.15000077
14.85000038,-0.53617184,18.89999857,-0.13282914,17.15000227
14.85999966,-0.52741231,18.89999823,-0.12146373,17.15000059
14.86999989,-0.51856142,18.89999996,-0.11015649,17.15000227
14.88000011,-0.50962346,18.89999967,-0.09890481,17.15000197
14.89000034,-0.50060243,18.89999833,-0.08770767,17.15000114
14.89999962,-0.49149928,18.89999879,-0.07656821,17.15000141
14.90999985,-0.48231317,18.90000021,-0.06548409,17.15000231
14.92000008,-0.47304490,18.89999859,-0.05445672,17.15000133
14.93000031,-0.46369871,18.89999988,-0.04348484,17.15000069
14.93999958,-0.45427660,18.89999836,-0.03257052,17.15000144
14.94999981,-0.44477829,18.89999814,-0.02171274,17.15000291
14.96000004,-0.43520079,18.89999828,-0.01091510,17.15000198
14.97000027,-0.42555228,18.89999895,-0.00017321,17.15000180
14.97999954,-0.41583216,18.89999887,0.01051142,17.15000279
14.98999977,-0.40604305,18.89999936,0.02114174,17.15000236
15.00000000,-0.39618654,18.89999828,0.03171699,17.15000084
15.01000023,-0.38626427,18.90000016,0.04223534,17.15000284
15.02000046,-0.37627885,18.89999996,0.05270082,17.15000213
15.02999973,-0.36623214,18.89999990,0.06311163,17.15000091
15.03999996,-0.35612128,18.90000031,0.07346661,17.15000091
15.05000019,-0.34595131,18.89999815,0.07999967,17.16535068
15.06000042,-0.33572650,18.90000000,0.08174053,17.20000032
15.06999969,-0.32544327,18.89999931,0.09193661,17.20000083
15.07999992,-0.31510306,18.89999878,0.10208284,17.20000038
15.09000015,-0.30471199,18.89999891,0.11218246,17.20000198
15.10000038,-0.29426863,18.89999828,0.12223262,17.20000059
15.10999966,-0.28377690,18.89999866,0.13223324,17.20000129
15.11999989,-0.27323756,18.89999913,0.14218967,17.20000000
15.13000011,-0.26265155,18.90000033,0.15209779,17.20000149
15.14000034,-0.25201938,18.89999946,0.16195934,17.20000121
15.14999962,-0.24134634,18.89999861,0.17177421,17.20000016
15.15999985,-0.23063026,18.89999999,0.18154452,17.20000066
15.17000008,-0.21987302,18.89999843,0.19127076,17.20000056
15.18000031,-0.20907722,18.89999915,0.20095317,17.20000106
15.18999958,-0.19824399,18.89999863,0.21058993,17.20000127
15.19999981,-0.18737382,18.90000005,0.22018637,17.20000065
15.21000004,-0.17646829,18.90000032,0.22973975,17.20000120
15.22000027,-0.16553002,18.89999931,0.23925273,17.20000150
15.22999954,-0.15455909,18.89999929,0.24872426,17.20000151
15.23999977,-0.14355498,18.89999830,0.25815417,17.20000162
15.25000000,-0.13252304,18.90000004,0.26754673,17.20000046
15.26000023,-0.12146215,18.89999968,0.27689983,17.20000037
15.27000046,-0.11037273,18.90000007,0.28621368,17.20000173
15.27999973,-0.09925826,18.89999850,0.29548999,17.20000104
15.28999996,-0.08811774,18.89999916,0.30473054,17.20000021
15.30000019,-0.07695149,18.90000010,0.31393368,17.20000209
15.31000042,-0.06576405,18.89999830,0.32310458,17.20000118
15.31999969,-0.05455417,18.89999977,0.33223596,17.20000178
15.32999992,-0.04332289,18.89999868,0.34133642,17.20000032
15.34000015,-0.03207235,18.89999956,0.35040400,17.20000179
15.35000038,-0.02080113,18.89999897,0.35943678,17.20000191
15.35999966,-0.00951446,18.89999827,0.36843814,17.20000187
15.36999989,0.00179012,18.89999898,0.37740965,17.20000061
15.38000011,0.01311115,18.89999957,0.37999974,17.22891974
15.39000034,0.02444770,18.89999918,0.38435244,17.25000109
15.39999962,0.03579754,18.89999943,0.39330482,17.25000236
15.40999985,0.04716189,18.89999842,0.40223014,17.25000161
15.42000008,0.05853804,18.90000042,0.41112938,17.25000184
15.43000031,0.06992653,18.89999827,0.42000156,17.25000306
15.43999958,0.08132419,18.89999834,0.42884732,17.25000280
15.44999981,0.09273148,18.89999905,0.43766957,17.25000227
15.46000004,0.10414851,18.89999868,0.44646798,17.25000275
15.47000027,0.11557463,18.89999841,0.45524111,17.25000265
15.47999954,0.12700668,18.90000015,0.46399088,17.25000258
15.48999977,0.13000050,18.94168973,0.47272175,17.25000220
15.50000000,0.13984715,18.94999892,0.48142882,17.25000180
15.51000023,0.15138295,18.94999897,0.49011472,17.25000176
15.52000046,0.16292418,18.94999925,0.49878259,17.25000199
15.52999973,0.17447004,18.94999867,0.50742813,17.25000319
15.53999996,0.18602182,18.94999898,0.51605500,17.25000273
15.55000019,0.19757584,18.94999916,0.52466430,17.25000320
15.56000042,0.20913243,18.94999923,0.53325640,17.25000225
15.56999969,0.22069209,18.94999787,0.54182959,17.25000323
15.57999992,0.23225455,18.94999928,0.55038705,17.25000107
15.59000015,0.24381977,18.94999812,0.55892669,17.25000262
15.60000038,0.25538618,18.94999840,0.56745193,17.25000301
15.60999966,0.26695198,18.94999820,0.57596094,17.25000283
15.61999989,0.27851954,18.94999856,0.58445589,17.25000310
15.63000011,0.29008723,18.94999917,0.59293697,17.25000172
15.64000034,0.30165673,18.94999806,0.60140159,17.25000322
15.64999962,0.31322365,18.94999749,0.60985387,17.25000158
15.65999985,0.32479167,18.94999878,0.61829143,17.25000228
15.67000008,0.33635853,18.94999875,0.62671733,17.25000287
15.68000031,0.34792567,18.94999761,0.63512948,17.25000315
15.68999958,0.35949230,18.94999777,0.64352776,17.25000321
15.69999981,0.37105602,18.94999872,0.65191670,17.25000136
15.71000004,0.38261997,18.94999841,0.66029342,17.25000205
15.72000027,0.39418302,18.94999884,0.66865763,17.25000236
15.72999954,0.40574076,18.94999792,0.67701304,17.25000181
15.73999977,0.41729923,18.94999977,0.67999989,17.28397032
15.75000000,0.42885467,18.94999896,0.68590177,17.30000124
15.76000023,0.44040763,18.94999911,0.69432117,17.30000046
15.77000046,0.45195869,18.94999783,0.70273058,17.30000038
15.77999973,0.46350479,18.94999821,0.71113175,17.30000227
15.78999996,0.47505033,18.94999910,0.71952512,17.30000207
15.80000019,0.48659145,18.94999781,0.72791055,17.30000260
15.81000042,0.49813044,18.94999885,0.73628846,17.30000081
15.81999969,0.50966419,18.94999969,0.74465788,17.30000171
15.82999992,0.52119653,18.94999749,0.75302108,17.30000237
15.84000015,0.53272363,18.94999788,0.76137834,17.30000173
15.85000038,0.54424869,18.94999776,0.76972748,17.30000084
15.85999966,0.55576781,18.94999923,0.77807121,17.30000258
15.86999989,0.56728335,18.94999796,0.78641214,17.30000028
15.88000011,0.57879641,18.94999856,0.79474601,17.30000039
15.89000034,0.59030434,18.94999788,0.80307538,17.30000033
15.89999962,0.60180693,18.94999888,0.81140015,17.30000063
15.90999985,0.61330544,18.94999903,0.81972136,17.30000149
15.92000008,0.62480023,18.94999817,0.82803770,17.30000202
15.93000031,0.63629093,18.94999899,0.83635109,17.30000067
15.93999958,0.64777450,18.94999781,0.84466239,17.30000160
15.94999981,0.65925527,18.94999808,0.85297015,17.30000233
15.96000004,0.67072958,18.94999930,0.86127721,17.30000111
15.97000027,0.68219959,18.94999890,0.86958178,17.30000184
15.97999954,0.69366224,18.94999964,0.87788338,17.30000049
15.98999977,0.70512077,18.94999873,0.88618446,17.30000126
16.00000000,0.71657451,18.94999853,0.89448476,17.30000182
16.01000023,0.72802161,18.94999902,0.90278394,17.30000227
16.02000046,0.73946482,18.94999919,0.91108482,17.30000157
16.03000069,0.75090256,18.94999776,0.91938414,17.30000067
16.04000092,0.76233265,18.94999943,0.92768446,17.30000223
16.04999924,0.77375366,18.94999880,0.93598454,17.30000094
16.05999947,0.78517118,18.94999798,0.94428654,17.30000094
16.06999969,0.79658448,18.94999750,0.95259135,17.30000032
16.07999992,0.80798971,18.94999960,0.96089844,17.30000181
16.09000015,0.81938899,18.94999856,0.96920817,17.30000172
16.10000038,0.83000032,18.95878158,0.97751977,17.30000110
16.11000061,0.83781336,19.00000012,0.98148122,17.35000029
16.12000084,0.84928476,18.99999913,0.98989212,17.35000031
16.12999916,0.86074717,18.99999974,0.99830421,17.35000104
16.13999939,0.87220371,18.99999992,1.00672215,17.35000071
16.14999962,0.88365281,18.99999938,1.01514424,17.35000100
16.15999985,0.89509367,18.99999986,1.02357138,17.35000159
16.17000008,0.90652724,18.99999955,1.03200298,17.35000047
16.18000031,0.91795199,19.00000091,1.04044054,17.35000009
16.19000053,0.92936925,18.99999856,1.04888345,17.34999993
16.20000076,0.94077778,18.99999975,1.05733268,17.35000004
16.20999908,0.95217612,18.99999982,1.06578628,17.35000022
16.21999931,0.96356733,19.00000055,1.07424901,17.35000011
16.22999954,0.97494931,18.99999950,1.08272026,17.34999970
16.23999977,0.98632215,19.00000032,1.09119850,17.34999992
16.25000000,0.99768654,19.00000090,1.09968431,17.35000107
16.26000023,1.00904160,19.00000040,1.10817855,17.34999988
16.27000046,1.02038675,19.00000021,1.11668195,17.35000017
16.28000069,1.03172275,19.00000100,1.12519389,17.34999987
16.29000092,1.04304756,18.99999962,1.13371662,17.35000111
16.29999924,1.05436086,18.99999871,1.14224706,17.35000125
16.30999947,1.06566449,19.00000021,1.15078695,17.34999969
16.31999969,1.07695638,19.00000029,1.15933859,17.34999999
16.32999992,1.08582362,19.04999779,1.16790160,17.35000047
16.34000015,1.09717549,19.04999885,1.17647560,17.35000165
16.35000038,1.10851376,19.04999783,1.18506353,17.35000167
16.36000061,1.11984067,19.04999876,1.19366273,17.35000172
16.37000084,1.13115472,19.04999913,1.20227476,17.35000183
16.37999916,1.14245407,19.04999965,1.21089783,17.34999994
16.38999939,1.15374517,19.04999982,1.21953330,17.35000036
16.39999962,1.16502439,19.04999970,1.22818080,17.35000059
16.40999985,1.17629176,19.04999934,1.23684034,17.35000058
16.42000008,1.18754742,19.05000011,1.24551202,17.35000170
16.43000031,1.19879313,19.04999836,1.25419428,17.34999998
16.44000053,1.21002716,19.04999843,1.26288856,17.34999977
16.45000076,1.22125032,19.04999988,1.27159400,17.35000044
16.45999908,1.23386739,19.00000099,1.28030966,17.35000018
16.46999931,1.24499632,18.99999941,1.28903748,17.35000121
16.47999954,1.25611532,18.99999896,1.29777670,17.34999999
16.48999977,1.26722503,18.99999967,1.30652623,17.35000134
16.50000000,1.27832469,19.00000014,1.31528691,17.35000149
16.51000023,1.28836531,19.04999813,1.32405781,17.35000172
16.52000046,1.29951627,19.05000009,1.33283922,17.34999949
16.53000069,1.31065744,19.04999833,1.34163079,17.34999971
16.54000092,1.32178809,19.04999782,1.35043350,17.34999986
16.54999924,1.33290783,19.04999808,1.35924365,17.35000178
16.55999947,1.34402330,19.04999910,1.36806631,17.35000059
16.56999969,1.35512732,19.04999898,1.37690063,17.35000170
16.57999992,1.36622182,19.04999978,1.38517114,17.40000114
16.59000015,1.37730845,19.04999900,1.39409025,17.40000137
16.60000038,1.38838730,19.04999924,1.40301770,17.40000057
16.61000061,1.39945592,19.04999848,1.41195254,17.40000184
16.62000084,1.41051533,19.04999868,1.42089737,17.40000213
16.62999916,1.42156660,19.05000004,1.42984851,17.40000126
16.63999939,1.43261095,19.04999860,1.43881185,17.40000288
16.64999962,1.44364732,19.05000013,1.44778160,17.40000290
16.65999985,1.45467682,19.04999900,1.45676043,17.40000282
16.67000008,1.46569709,19.04999908,1.46574595,17.40000153
16.68000031,1.47671180,19.04999895,1.47474022,17.40000257
16.69000053,1.48771839,19.04999812,1.48374225,17.40000293
16.70000076,1.49871698,19.04999907,1.49275214,17.40000257
16.70999908,1.50970740,19.04999943,1.50176653,17.40000142
16.71999931,1.52069292,19.04999966,1.51079028,17.40000251
16.72999954,1.53202915,19.09999747,1.51982312,17.40000228
16.73999977,1.54306075,19.09999859,1.52886117,17.40000171
16.75000000,1.55408456,19.09999903,1.53790443,17.40000280
16.76000023,1.56510069,19.09999705,1.54695625,17.40000105
16.77000046,1.57610850,19.09999743,1.55601435,17.40000145
16.78000069,1.58711334,19.09999729,1.56507755,17.40000091
16.79000092,1.59811074,19.09999764,1.57414625,17.40000056
16.79999924,1.60909958,19.09999758,1.58322259,17.40000162
16.80999947,1.62008480,19.09999749,1.59230497,17.40000233
16.81999969,1.63106417,19.09999751,1.60139276,17.40000254
16.82999992,1.64203769,19.09999760,1.61048596,17.40000230
16.84000015,1.65300744,19.09999834,1.61958665,17.40000210
16.85000038,1.66397271,19.09999915,1.62869246,17.40000146
16.86000061,1.67493143,19.09999768,1.63780140,17.40000270
16.87000084,1.68588502,19.09999877,1.64691632,17.40000100
16.87999916,1.69683142,19.09999817,1.65603696,17.40000168
16.88999939,1.70777645,19.09999822,1.66516094,17.40000240
16.89999962,1.71871786,19.09999886,1.67429077,17.40000075
16.90999985,1.72965374,19.09999738,1.68342474,17.40000085
16.92000008,1.74058633,19.09999713,1.69256497,17.40000146
16.93000031,1.75151544,19.09999704,1.70170795,17.40000152
16.94000053,1.76243949,19.09999727,1.71085539,17.40000087
16.95000076,1.77336065,19.09999921,1.72000622,17.40000132
16.95999908,1.78589980,19.14999949,1.72916018,17.40000117
16.96999931,1.79686758,19.14999835,1.73832020,17.40000085
16.97999954,1.80783276,19.14999838,1.74748404,17.40000104
16.98999977,1.81879247,19.14999915,1.75665050,17.40000110
17.00000000,1.82975058,19.14999876,1.76582012,17.40000157
17.01000023,1.84070731,19.14999901,1.77499311,17.40000201
17.02000046,1.85166271,19.14999814,1.78416954,17.40000282
17.03000069,1.86261420,19.14999855,1.79334835,17.40000158
17.04000092,1.87356488,19.14999964,1.80253110,17.40000271
17.04999924,1.88451093,19.14999962,1.81171395,17.40000175
17.05999947,1.89545710,19.14999832,1.82090000,17.40000128
17.06999969,1.90640300,19.14999828,1.83227073,17.45000009
17.07999992,1.91734798,19.14999950,1.84151329,17.45000066
17.09000015,1.92829225,19.14999949,1.85075651,17.45000163
17.10000038,1.94156535,19.19999833,1.86000271,17.45000099
17.11000061,1.95255814,19.19999897,1.86925035,17.45000079
17.12000084,1.96354861,19.19999838,1.87849872,17.45000093
17.12999916,1.97453972,19.19999941,1.88774567,17.45000205
17.13999939,1.98553142,19.19999933,1.89699783,17.45000097
17.14999962,1.99652314,19.19999831,1.90624968,17.45000095
17.15999985,2.00751690,19.19999848,1.91550318,17.45000127
17.17000008,2.01850988,19.19999789,1.92475716,17.45000006
17.18000031,2.02950465,19.19999897,1.93401428,17.45000219
17.19000053,2.04327792,19.24999969,1.94327127,17.44999988
17.20000076,2.05432460,19.24999875,1.95252810,17.45000148
17.20999908,2.06537061,19.24999949,1.96178373,17.45000151
17.21999931,2.07642098,19.24999915,1.97104146,17.45000018
17.22999954,2.08747322,19.24999988,1.98029895,17.45000165
17.23999977,2.09852644,19.25000024,1.98955866,17.45000215
17.25000000,2.10958516,19.25000010,1.99881654,17.45000178
17.26000023,2.12064413,19.24999899,2.00807412,17.44999995
17.27000046,2.13488429,19.29999855,2.01733196,17.45000157
17.28000069,2.14599996,19.30000007,2.02658791,17.44999983
17.29000092,2.15712033,19.29999989,2.03584474,17.45000106
17.29999924,2.16823986,19.29999980,2.04509837,17.45000182
17.30999947,2.17936856,19.29999893,2.05435375,17.45000183
17.31999969,2.19735860,19.39999888,2.06360900,17.45000036
17.32999992,2.20859713,19.39999899,2.07286234,17.45000051
17.34000015,2.21984220,19.39999811,2.08211408,17.44999993
17.35000038,2.23825245,19.50000090,2.09136506,17.45000029
17.36000061,2.24960924,19.50000074,2.10061324,17.45000045
17.37000084,2.26097208,19.49999951,2.10986092,17.44999983
17.37999916,2.27234180,19.49999895,2.11910503,17.45000041
17.38999939,2.28750785,19.54999901,2.12834930,17.45000124
17.39999962,2.29894411,19.55000016,2.13759224,17.45000075
17.40999985,2.31038681,19.55000007,2.14683314,17.45000194
17.42000008,2.32183964,19.54999825,2.15606925,17.45000020
17.43000031,2.33729841,19.59999779,2.16530468,17.45000108
17.44000053,2.34881884,19.59999946,2.17453730,17.45000076
17.45000076,2.36035069,19.59999747,2.18376853,17.45000040
17.45999908,2.37188715,19.59999893,2.19299498,17.45000174
17.46999931,2.38765001,19.65000006,2.20222014,17.45000060
17.47999954,2.39926651,19.64999913,2.21144186,17.45000193
17.48999977,2.41089425,19.64999885,2.22066100,17.45000021
17.50000000,2.42253028,19.64999965,2.23425561,17.50000238
17.51000023,2.43000002,19.60287184,2.24352417,17.50000308
17.52000046,2.44134859,19.59999724,2.25278957,17.50000309
17.53000069,2.45296504,19.59999826,2.26205264,17.50000128
17.54000092,2.46459321,19.59999745,2.27131270,17.50000120
17.54999924,2.47623224,19.59999725,2.28056657,17.50000119
17.55999947,2.48788829,19.59999809,2.28981807,17.50000181
17.56999969,2.49955675,19.59999900,2.29906673,17.50000195
17.57999992,2.51123833,19.59999814,2.30831147,17.50000209
17.59000015,2.52293553,19.59999811,2.31755269,17.50000292
17.60000038,2.53464858,19.59999839,2.32679016,17.50000146
17.61000061,2.54637371,19.59999903,2.33602274,17.50000253
17.62000084,2.55811535,19.59999744,2.34525239,17.50000134
17.62999916,2.56987364,19.59999856,2.35447292,17.50000104
17.63999939,2.57999986,19.58411843,2.36369433,17.50000328
17.64999962,2.58818928,19.55000016,2.37290963,17.50000339
17.65999985,2.59993407,19.54999847,2.38212012,17.50000185
17.67000008,2.61169573,19.54999913,2.39132645,17.50000302
17.68000031,2.62347149,19.54999784,2.40052974,17.50000251
17.69000053,2.63526484,19.54999870,2.40972707,17.50000234
17.70000076,2.64707890,19.54999884,2.41892009,17.50000270
17.70999908,2.65890898,19.54999969,2.42810753,17.50000199
17.71999931,2.67075535,19.55000004,2.43729204,17.50000166
17.72999954,2.68000003,19.52721297,2.44647069,17.50000199
17.73999977,2.68868461,19.50000046,2.45564529,17.50000124
17.75000000,2.70052093,19.49999983,2.46481430,17.50000100
17.76000023,2.71237979,19.50000046,2.47397873,17.50000145
17.77000046,2.72425654,19.50000083,2.48313815,17.50000290
17.78000069,2.73615470,19.50000079,2.49229150,17.50000131
17.79000092,2.74807166,19.50000036,2.50144106,17.50000314
17.79999924,2.76000675,19.50000044,2.51058310,17.50000274
17.80999947,2.77196548,19.50000004,2.51972158,17.50000168
17.81999969,2.77999987,19.46908208,2.52885388,17.50000185
17.82999992,2.78949541,19.44999924,2.53798039,17.50000292
17.84000015,2.80144845,19.44999931,2.54710111,17.50000104
17.85000038,2.81342204,19.44999801,2.55621604,17.50000300
17.86000061,2.82541783,19.44999778,2.56532408,17.50000147
17.87000084,2.83743645,19.44999779,2.57442808,17.50000334
17.87999916,2.84947628,19.44999859,2.58352350,17.50000179
17.88999939,2.86153940,19.44999809,2.59261551,17.50000224
17.89999962,2.87363028,19.44999753,2.60169993,17.50000206
17.90999985,2.88574905,19.44999916,2.61077670,17.50000128
17.92000008,2.89788901,19.44999835,2.61984926,17.50000141
17.93000031,2.91005726,19.44999779,2.62891308,17.50000217
17.94000053,2.92225225,19.44999827,2.63796976,17.50000124
17.95000076,2.92999991,19.41965313,2.64702271,17.50000248
17.95999908,2.93926758,19.39999991,2.65606536,17.50000137
17.96999931,2.95146287,19.39999861,2.66510381,17.50000178
17.97999954,2.96368993,19.39999876,2.67413277,17.50000255
17.98999977,2.97594497,19.39999958,2.68315442,17.50000249
18.00000000,2.98822844,19.39999963,2.69216897,17.50000257
18.01000023,3.00054347,19.39999818,2.70117578,17.50000312
18.02000046,3.01288924,19.39999923,2.71017512,17.50000297
18.03000069,3.02526399,19.39999847,2.71916760,17.50000255
18.04000092,3.03767455,19.39999997,2.72814992,17.50000296
18.04999924,3.05011442,19.39999902,2.73000046,17.45676283
18.05999947,3.06259353,19.39999924,2.73775835,17.44999981
18.06999969,3.07510914,19.39999831,2.74662147,17.45000180
18.07999992,3.07999991,19.35502172,2.75547294,17.45000031
18.09000015,3.09163806,19.34999907,2.76431431,17.45000216
18.10000038,3.10416560,19.34999821,2.77314538,17.44999983
18.11000061,3.11673182,19.34999751,2.78196630,17.45000111
18.12000084,3.12933761,19.34999923,2.79077484,17.45000120
18.12999916,3.14198122,19.34999933,2.79957131,17.45000111
18.13999939,3.15466750,19.34999804,2.80835831,17.45000204
18.14999962,3.16739545,19.34999868,2.81713194,17.45000013
18.15999985,3.18016913,19.34999721,2.82589289,17.45000021
18.17000008,3.19298992,19.34999820,2.83464119,17.44999989
18.18000031,3.20585570,19.34999906,2.84337675,17.45000158
18.19000053,3.21876985,19.34999895,2.85209686,17.45000081
18.20000076,3.22999980,19.34113018,2.86080376,17.45000034
18.20999908,3.23486724,19.30000011,2.86949685,17.44999990
18.21999931,3.24781379,19.29999846,2.87817583,17.44999982
18.22999954,3.26081417,19.29999898,2.88000020,17.41617055
18.23999977,3.27386712,19.29999906,2.88526111,17.40000158
18.25000000,3.28697471,19.29999857,2.89377420,17.40000170
18.26000023,3.30013814,19.29999867,2.90226900,17.40000118
18.27000046,3.31335913,19.29999842,2.91074360,17.40000281
18.28000069,3.32664039,19.29999808,2.91920091,17.40000227
18.29000092,3.33998430,19.29999800,2.92763667,17.40000218
18.29999924,3.35338690,19.29999797,2.93605064,17.40000174
18.30999947,3.36686030,19.29999962,2.94444700,17.40000271
18.31999969,3.37999983,19.29820793,2.95282036,17.40000261
18.32999992,3.38262349,19.25000023,2.96117181,17.40000136
18.34000015,3.39616530,19.25000097,2.96950038,17.40000234
18.35000038,3.40978003,19.24999920,2.97780551,17.40000222
18.36000061,3.42347004,19.25000070,2.98000022,17.37426020
18.37000084,3.43723624,19.25000058,2.98237108,17.35000109
18.37999916,3.45108073,19.24999912,2.99044761,17.35000051
18.38999939,3.46500655,19.24999900,2.99849742,17.35000160
18.39999962,3.47901819,19.25000102,3.00651477,17.35000103
18.40999985,3.48052366,19.19999850,3.01450134,17.35000179
18.42000008,3.49455112,19.19999818,3.02245649,17.34999970
18.43000031,3.50866568,19.19999756,3.03000016,17.34853348
18.44000053,3.52287572,19.19999944,3.03000041,17.31844150
18.45000076,3.53718030,19.19999839,3.03284996,17.30000224
18.45999908,3.55158009,19.19999919,3.04048630,17.30000108
18.46999931,3.56608574,19.19999850,3.04808429,17.30000182
18.47999954,3.58069603,19.19999759,3.05564238,17.30000242
18.48999977,3.59541634,19.19999793,3.06315650,17.30000075
18.50000000,3.61024707,19.19999868,3.07062786,17.30000237
18.51000023,3.62519385,19.19999969,3.07805270,17.30000140
18.52000046,3.62999974,19.16484153,3.08000014,17.28142222
18.53000069,3.64065253,19.14999828,3.08000034,17.25694455
18.54000092,3.65576302,19.14999969,3.08501065,17.25000222
18.54999924,3.67099687,19.14999998,3.09202257,17.25000332
18.55999947,3.68636148,19.14999988,3.09898100,17.25000139
18.56999969,3.70186030,19.15000047,3.10588203,17.25000225
18.57999992,3.71749444,19.15000016,3.11272517,17.25000173
18.59000015,3.73326848,19.14999964,3.11951282,17.25000100
18.60000038,3.74919073,19.14999898,3.12623806,17.25000254
18.61000061,3.76526837,19.14999964,3.13000046,17.24129784
18.62000084,3.78000006,19.14557437,3.13000027,17.22189774
18.62999916,3.78071951,19.09999781,3.13000004,17.20326180
18.63999939,3.79699520,19.09999723,3.13000047,17.18538610
18.64999962,3.81342770,19.09999725,3.13000059,17.16824548
18.65999985,3.83002051,19.09999773,3.13000015,17.15182256
18.67000008,3.84678078,19.09999812,3.13506376,17.15000107
18.68000031,3.86371362,19.09999791,3.14070352,17.15000093
18.69000053,3.88081629,19.09999846,3.14626571,17.15000114
18.70000076,3.89809260,19.09999776,3.15175433,17.15000275
18.70999908,3.91554022,19.09999937,3.15716450,17.15000121
18.71999931,3.92999994,19.09197974,3.16250092,17.15000073
18.72999954,3.93090273,19.04999984,3.16776274,17.15000157
18.73999977,3.94857265,19.05000021,3.17294633,17.15000084
18.75000000,3.96642982,19.04999876,3.17805255,17.15000158
18.76000023,3.98446748,19.04999958,3.18000040,17.14267833
18.77000046,4.00268357,19.04999955,3.18000040,17.13120936
18.78000069,4.02107913,19.04999947,3.18000110,17.12026380
18.79000092,4.03965544,19.04999908,3.18000094,17.10981838
18.79999924,4.05841315,19.04999947,3.18000051,17.09986109
18.80999947,4.07735690,19.04999847,3.18000046,17.09036727
18.81999969,4.08000005,19.01458481,3.18000074,17.08132197
18.82999992,4.09214024,18.99999946,3.18000094,17.07270737
18.84000015,4.11125632,18.99999921,3.18000048,17.06450338
18.85000038,4.13055728,18.99999985,3.18000066,17.05669903
18.86000061,4.15004779,19.00000066,3.18000038,17.04927187
18.87000084,4.16972808,18.99999960,3.18000083,17.04221919
18.87999916,4.18960065,18.99999942,3.18000107,17.03551787
18.88999939,4.20967221,19.00000037,3.18000096,17.02915191
18.89999962,4.22994619,18.99999964,3.18000115,17.02310877
18.90999985,4.25042713,18.99999904,3.18000049,17.01737932
18.92000008,4.27111919,19.00000016,3.18000041,17.01195796
18.93000031,4.27999955,18.97844954,3.18000084,17.00681711
18.94000053,4.28479153,18.94999782,3.18000078,17.00196312
18.95000076,4.30567269,18.94999891,3.18151367,17.00000124
18.95999908,4.32676767,18.94999767,3.18407518,17.00000201
18.96999931,4.34809936,18.94999975,3.18656672,17.00000241
18.97999954,4.36966096,18.94999873,3.18899688,17.00000282
18.98999977,4.39146229,18.94999773,3.19135997,17.00000295
19.00000000,4.41350773,18.94999911,3.19365716,17.00000113
19.01000023,4.43580376,18.94999917,3.19588956,17.00000128
19.02000046,4.45835816,18.94999886,3.19805813,17.00000225
19.03000069,4.48000014,18.94820782,3.20015553,17.00000202
19.04000092,4.47999988,18.91365914,3.20219353,17.00000143
19.04999924,4.49369341,18.89999977,3.20416174,17.00000097
19.05999947,4.51678995,18.90000015,3.20606785,17.00000284
19.06999969,4.54017302,18.89999971,3.20790665,17.00000162
19.07999992,4.56384847,18.89999890,3.20968151,17.00000179
19.09000015,4.57999918,18.88919412,3.21139310,17.00000237
19.10000038,4.57999914,18.85638412,3.21303536,17.00000134
19.11000061,4.59929756,18.84999932,3.21461504,17.00000232
19.12000084,4.62361729,18.84999867,3.21612834,17.00000180
19.12999916,4.64825490,18.84999778,3.21758212,17.00000278
19.13999939,4.67323679,18.84999804,3.21896425,17.00000225
19.14999962,4.69856339,18.84999903,3.22028847,17.00000219
19.15999985,4.72424517,18.84999886,3.22155031,17.00000277
19.17000008,4.75029848,18.84999843,3.22274644,17.00000278
19.18000031,4.77672686,18.84999832,3.22388083,17.00000190
19.19000053,4.80354999,18.84999847,3.22495591,17.00000273
19.20000076,4.83077223,18.84999845,3.22597230,17.00000144
19.20999908,4.85840217,18.84999769,3.22692982,17.00000266
19.21999931,4.92999957,18.89855774,3.22782527,17.00000103
19.22999954,4.92999998,18.86649385,3.22867031,17.00000219
19.23999977,4.92999870,18.83498047,3.22946009,17.00000267
19.25000000,4.92999914,18.80400512,3.23000105,16.99979456
19.26000023,4.95533338,18.79999988,3.23000105,16.99908454
19.27000046,4.97999876,18.79494565,3.23000100,16.99844486
19.28000069,4.97999903,18.76465946,3.23000084,16.99787383
19.29000092,4.99523526,18.74999949,3.23000182,16.99736822
19.29999924,5.02549872,18.74999998,3.23000140,16.99691744
19.30999947,5.02999954,18.72475510,3.23000132,16.99651944
19.31999969,5.03466810,18.69999867,3.23000089,16.99616488
19.32999992,5.06566268,18.69999911,3.23000035,16.99585431
19.34000015,5.07999858,18.68428655,3.23000023,16.99557793
19.35000038,5.08000000,18.65571450,3.23000157,16.99533592
19.36000061,5.10540041,18.65000009,3.23000079,16.99511296
19.37000084,5.13775892,18.64999977,3.23000059,16.99490897
19.37999916,5.17071766,18.64999967,3.23000127,16.99471858
19.38999939,5.17999996,18.62961506,3.23000066,16.99453968
19.39999962,5.17999914,18.60173938,3.23000095,16.99436097
19.40999985,5.21174607,18.59999871,3.23000111,16.99418143
19.42000008,5.24626514,18.59999928,3.23000112,16.99399340
19.43000031,5.27999894,18.59884856,3.23000204,16.99379375
19.44000053,5.27999988,18.57123627,3.23000108,16.99357230
19.45000076,5.28789915,18.54999959,3.23000178,16.99332928
19.45999908,5.32410659,18.54999888,3.23000165,16.99305592
19.46999931,5.32999846,18.52730167,3.23000042,16.99274277
19.47999954,5.32999828,18.50061147,3.23000143,16.99239241
19.48999977,5.36641114,18.50000054,3.23000182,16.99199444
19.50000000,5.40444603,18.50000088,3.23000164,16.99154516
19.51000023,5.42999862,18.49095353,3.23000079,16.99103325
19.52000046,5.42999930,18.46455534,3.23000028,16.99045967
19.53000069,5.44741741,18.44999847,3.23000131,16.98981705
19.54000092,5.47999870,18.44522524,3.23000051,16.98909967
19.54999924,5.47999996,18.41937369,3.23000166,16.98830427
19.55999947,5.48978448,18.40000008,3.23000200,16.98742286
19.56999969,5.52999807,18.39947043,3.23000104,16.98645052
19.57999992,5.52999871,18.37417161,3.23000169,16.98538337
19.59000015,5.53127916,18.34999908,3.23000103,16.98421664
19.60000038,5.57342074,18.34999860,3.23000158,16.98294394
19.61000061,5.57999907,18.32912651,3.23000022,16.98155731
19.62000084,5.57999971,18.30478777,3.23000059,16.98005914
19.62999916,5.57999926,18.28082450,3.23000161,16.97844014
19.63999939,5.57999923,18.25722023,3.23000197,16.97669392
19.64999962,5.60989552,18.25000005,3.23000054,16.97481898
19.65999985,5.62999897,18.23745315,3.23000028,16.97281147
19.67000008,5.62999958,18.21450989,3.23000179,16.97066684
19.68000031,5.62999905,18.19194404,3.23000028,16.96838470
19.69000053,5.62999934,18.16975845,3.23000089,16.96595561
19.70000076,5.62999776,18.14795335,3.23000025,16.96337964
19.70999908,5.62999819,18.12653288,3.23000213,16.96065379
19.71999931,5.62999946,18.10549068,3.23000033,16.95777393
19.72999954,5.62999798,18.08482922,3.23000176,16.95473726
19.73999977,5.62999853,18.06455767,3.23000095,16.95154360
19.75000000,5.62999867,18.04467237,3.23000173,16.94819183
19.76000023,5.62999830,18.02517775,3.23000133,16.94467443
19.77000046,5.57999834,17.98388471,3.23000085,16.94098252
19.78000069,5.57999961,17.96548229,3.23000171,16.93711023
19.79000092,5.57999866,17.94744245,3.23000131,16.93307050
19.79999924,5.58000002,17.92975916,3.23000088,16.92886615
19.80999947,5.58000001,17.91241646,3.23000119,16.92449701
19.81999969,5.57999918,17.89540726,3.23000019,16.91996634
19.82999992,5.57999983,17.87872756,3.23000042,16.91527804
19.84000015,5.57999999,17.86236534,3.23000211,16.91043371
19.85000038,5.57999857,17.84631407,3.23000243,16.90544227
19.86000061,5.58000010,17.83056186,3.23000224,16.90030182
19.87000084,5.52999941,17.79551921,3.23000086,16.89501587
19.87999916,5.52999912,17.78054840,3.23000101,16.88958367
19.88999939,5.52999858,17.76584157,3.23000203,16.88401070
19.89999962,5.52999822,17.75138922,3.23000089,16.87830025
19.90999985,5.52999838,17.73718112,3.23000117,16.87245728
19.92000008,5.52999943,17.72320546,3.23000097,16.86648871
19.93000031,5.52999775,17.70945834,3.23000055,16.86039916
19.94000053,5.52999833,17.69592803,3.23000031,16.85418831
19.95000076,5.52999845,17.68260987,3.18000156,16.82971533
19.95999908,5.52999906,17.66949818,3.18000101,16.82342237
19.96999931,5.47999982,17.63871431,3.18000060,16.81700762
19.97999954,5.47999890,17.62612011,3.18000220,16.81047835
19.98999977,5.48000000,17.61370150,3.18000147,16.80383923
20.00000000,5.47999812,17.60145238,3.18000155,16.79709204
20.01000023,5.48000025,17.58936858,3.18000121,16.79023697
20.02000046,5.47999878,17.57744150,3.18000017,16.78328358
20.03000069,5.47999847,17.56566384,3.18000126,16.77622780
20.04000092,5.47999908,17.55404043,3.18000118,16.76907702
20.04999924,5.47999797,17.54255677,3.18000187,16.76183120
20.05999947,5.47999849,17.53121318,3.18000096,16.75448881
20.06999969,5.47999965,17.52000281,3.18000237,16.74705534
20.07999992,5.42999828,17.49219574,3.18000161,16.73953167
20.09000015,5.42999799,17.48131541,3.18000060,16.73192271
20.10000038,5.42999960,17.47054847,3.18000091,16.72422501
20.11000061,5.42999882,17.45989711,3.18000116,16.71644532
20.12000084,5.42999974,17.44935361,3.18000046,16.70857977
20.12999916,5.43000000,17.43892066,3.18000024,16.70063467
20.13999939,5.42999904,17.42858645,3.18000045,16.69260269
20.14999962,5.42999956,17.41835518,3.18000117,16.68449397
20.15999985,5.42999817,17.40822633,3.18000234,16.67630381
20.17000008,5.42999811,17.39819144,3.18000066,16.66802835
20.18000031,5.42999917,17.38825429,3.18000139,16.65967526
20.19000053,5.42999843,17.37840532,3.13000216,16.63508184
20.20000076,5.42999912,17.36864880,3.13000043,16.62659651
20.20999908,5.37999802,17.34287567,3.13000036,16.61802963
20.21999931,5.37999881,17.33331516,3.13000149,16.60937651
20.22999954,5.37999846,17.32383716,3.13000091,16.60064077
20.23999977,5.37999861,17.31444397,3.13000149,16.59182092
20.25000000,5.37999770,17.30512840,3.13000229,16.58291516
20.26000023,5.37999867,17.29589188,3.13000216,16.57392138
20.27000046,5.37999769,17.28673482,3.13000189,16.56484235
20.28000069,5.37999852,17.27765615,3.13000045,16.55567465
20.29000092,5.37999745,17.26865340,3.13000183,16.54641701
20.29999924,5.37999917,17.25973308,3.13000212,16.53706988
20.30999947,5.37999811,17.25088987,3.13000210,16.52762502
20.31999969,5.37999918,17.24212764,3.13000138,16.51808699
20.32999992,5.37999929,17.23344188,3.13000193,16.50845197
20.34000015,5.37999826,17.22483582,3.08000026,16.48258249
20.35000038,5.37999913,17.21630784,3.08000096,16.47272039
20.36000061,5.32999939,17.19166007,3.08000189,16.46274756
20.37000084,5.32999815,17.18325549,3.08000037,16.45266592
20.37999916,5.32999882,17.17492848,3.08000153,16.44247430
20.38999939,5.32999892,17.16667928,3.08000129,16.43216222
20.39999962,5.32999971,17.15851407,3.08000215,16.42173408
20.40999985,5.32999836,17.15042598,3.08000088,16.41117819
20.42000008,5.32999959,17.14242673,3.08000110,16.40049619
20.43000031,5.32999941,17.13451226,3.08000035,16.38968040
20.44000053,5.33000015,17.12668595,3.08000052,16.37873094
20.45000076,5.32999864,17.11894940,3.08000113,16.36764346
20.45999908,5.32999959,17.11130419,3.08000038,16.35641129
20.46999931,5.32999979,17.10375296,3.03000127,16.32816914
20.47999954,5.32999824,17.09629811,3.03000074,16.31654181
20.48999977,5.32999793,17.08894483,3.03000063,16.30475079
20.50000000,5.32999797,17.08169202,3.03000167,16.29278698
20.51000023,5.32999983,17.07455004,3.03000094,16.28064792
20.52000046,5.32999824,17.06752499,3.03000211,16.26831100
20.53000069,5.32999878,17.06061442,3.03000127,16.25578398
20.54000092,5.32999798,17.05382032,3.03000193,16.24306171
20.54999924,5.32999823,17.04715041,3.03000204,16.23013522
20.55999947,5.32999919,17.04060463,3.03000075,16.21699644
20.56999969,5.32999882,17.03418429,3.03000063,16.20363477
20.57999992,5.32999837,17.02789862,2.98000071,16.17183389
20.59000015,5.32999940,17.02175032,2.98000057,16.15784618
20.60000038,5.33000013,17.01575201,2.98000132,16.14359655
20.61000061,5.32999870,17.00990795,2.98000232,16.12907596
20.62000084,5.32999986,17.00421485,2.98000245,16.11428700
20.62999916,5.33000008,16.99867817,2.93000146,16.08008406
20.63999939,5.32999932,16.99329792,2.93000217,16.06451833
20.64999962,5.32999857,16.98807928,2.93000045,16.04864675
20.65999985,5.32999935,16.98302924,2.93000072,16.03246250
20.67000008,5.32999801,16.97815482,2.93000113,16.01594354
20.68000031,5.32999803,16.97346779,2.88000137,15.97878369
20.69000053,5.32999968,16.96896107,2.88000081,15.96131648
20.70000076,5.32999984,16.96463192,2.88000070,15.94348929
20.70999908,5.33000017,16.96048784,2.88000033,15.92529704
20.71999931,5.32999873,16.95652742,2.88000081,15.90672861
20.72999954,5.32999840,16.95275266,2.88000183,15.88777563
20.73999977,5.33186899,16.94999974,2.88000021,15.86842826
20.75000000,5.33939311,16.94999968,2.88000160,15.84867395
20.76000023,5.34629021,16.94999899,2.88000087,15.82852968
20.77000046,5.35258794,16.94999944,2.88000076,15.80799716
20.78000069,5.35831782,16.94999931,2.88000005,15.78707435
20.79000092,5.36349405,16.94999913,2.88000085,15.76576791
20.79999924,5.36814885,16.94999942,2.88000007,15.74408397
20.80999947,5.37230784,16.94999971,2.88000083,15.72201573
20.81999969,5.37599475,16.94999928,2.88000205,15.69956803
20.82999992,5.37924327,16.94999923,2.88000030,15.67674373
20.84000015,5.37999884,16.94892563,2.88000134,15.65353733
20.85000038,5.37999832,16.94762454,2.88000044,15.62995038
20.86000061,5.37999900,16.94647674,2.88000127,15.60599102
20.87000084,5.37999966,16.94547034,2.83000144,15.55437536
20.87999916,5.37999876,16.94460298,2.73000170,15.47367669
20.88999939,5.37999770,16.94387211,2.73509779,15.45000041
20.89999962,5.37999835,16.94327214,2.78000138,15.44889062
20.90999985,5.37999774,16.94279943,2.78000033,15.42200968
20.92000008,5.37999911,16.94244751,2.78886930,15.40000094
20.93000031,5.37999940,16.94221061,2.83443211,15.40000017
20.94000053,5.37999935,16.94208347,2.87908476,15.40000077
20.95000076,5.37999856,16.94206108,2.92282850,15.40000033
20.95999908,5.37999930,16.94214002,2.96566782,15.40000100
20.96999931,5.37999828,16.94231605,2.98000048,15.38203106
20.97999954,5.37999902,16.94258091,2.98000161,15.35450918
20.98999977,5.37999927,16.94292895,3.01477866,15.35000117
21.00000000,5.37999905,16.94335816,3.05551698,15.35000005
21.01000023,5.37999821,16.94386460,3.09542512,15.35000001
21.02000046,5.37999942,16.94444317,3.13000071,15.34679544
21.03000069,5.37999936,16.94508623,3.13000001,15.31905768
21.04000092,5.37999906,16.94578810,3.14236051,15.29999991
21.04999924,5.37999827,16.94654721,3.18031192,15.30000066
21.05999947,5.37999977,16.94736057,3.21751054,15.30000047
21.06999969,5.37999829,16.94822023,3.25397304,15.30000006
21.07999992,5.37999907,16.94912468,3.28000172,15.29232985
21.09000015,5.37992072,16.94999964,3.28000134,15.26404834
21.10000038,5.37872880,16.94999958,3.29796446,15.25000160
21.11000061,5.37754381,16.94999927,3.33274063,15.25000200
21.12000084,5.37637219,16.94999866,3.36686391,15.25000101
21.12999916,5.37522098,16.94999857,3.40033671,15.25000108
21.13999939,5.37408799,16.94999933,3.43000171,15.24720095
21.14999962,5.37298607,16.94999923,3.43000091,15.21840306
21.15999985,5.37191720,16.94999824,3.44198707,15.20000169
21.17000008,5.37088213,16.94999858,3.47403910,15.20000029
21.18000031,5.36988932,16.94999814,3.50552185,15.20000032
21.19000053,5.36893553,16.94999859,3.53645688,15.20000079
21.20000076,5.36803008,16.94999930,3.56685646,15.20000102
21.20999908,5.36717195,16.94999827,3.59673129,15.20000067
21.21999931,5.36636386,16.94999943,3.62610916,15.20000191
21.22999954,5.36561327,16.94999945,3.63000099,15.17442555
21.23999977,5.36491696,16.94999948,3.63537358,15.15000154
21.25000000,5.36427558,16.94999857,3.66414855,15.15000081
21.26000023,5.36369524,16.94999939,3.69246752,15.15000112
21.27000046,5.36317338,16.94999926,3.72033695,15.15000060
21.28000069,5.36271288,16.94999846,3.73000088,15.13018982
21.29000092,5.36231500,16.94999921,3.73069528,15.10000057
21.29999924,5.36198093,16.94999807,3.75805054,15.10000008
21.30999947,5.36171252,16.94999966,3.78500250,15.10000149
21.31999969,5.36150820,16.94999922,3.81155613,15.10000069
21.32999992,5.36136693,16.94999828,3.83000094,15.09061953
21.34000015,5.36129337,16.94999809,3.83000056,15.05859279
21.35000038,5.36128847,16.94999931,3.84916696,15.05000157
21.36000061,5.36134798,16.94999965,3.87492527,15.05000044
21.37000084,5.36147818,16.94999867,3.90033281,15.05000034
21.37999916,5.36167518,16.94999883,3.92539248,15.05000138
21.38999939,5.36193788,16.94999964,3.93000131,15.02292280
21.39999962,5.36227248,16.94999915,3.93800802,15.00000093
21.40999985,5.36267068,16.94999931,3.96272443,15.00000077
21.42000008,5.36313718,16.94999889,3.98712430,15.00000123
21.43000031,5.36367221,16.94999952,4.01121739,15.00000085
21.44000053,5.36427537,16.94999924,4.03501318,15.00000209
21.45000076,5.36494632,16.94999873,4.05851499,15.00000076
21.45999908,5.36568332,16.94999878,4.08000096,14.99736845
21.46999931,5.36648860,16.94999949,4.08000090,14.96186261
21.47999954,5.36736012,16.94999870,4.09556500,14.95000028
21.48999977,5.36830110,16.94999856,4.11853407,14.95000174
21.50000000,5.36930774,16.94999855,4.14124324,14.95000131
21.51000023,5.37038253,16.94999836,4.16369297,14.95000055
21.52000046,5.37152324,16.94999973,4.18589592,14.95000177
21.53000069,5.37273140,16.94999884,4.20785401,14.95000115
21.54000092,5.37400472,16.94999771,4.22957542,14.95000104
21.54999924,5.37534717,16.94999814,4.23000075,14.91253527
21.55999947,5.37675654,16.94999768,4.24471472,14.90000198
21.56999969,5.37823164,16.94999881,4.26624776,14.90000180
21.57999992,5.37977562,16.94999809,4.28755787,14.90000195
21.59000015,5.37999919,16.94734638,4.30864877,14.90000062
21.60000038,5.37999900,16.94403218,4.32952849,14.90000229
21.61000061,5.37999917,16.94046284,4.33000114,14.85998863
21.62000084,5.37999920,16.93662645,4.34587935,14.85000183
21.62999916,5.37999933,16.93250584,4.36658742,14.85000185
21.63999939,5.37999933,16.92808983,4.38709391,14.85000036
21.64999962,5.37999901,16.92336372,4.40740124,14.85000025
21.65999985,5.37999957,16.91830855,4.42751263,14.85000106
21.67000008,5.37999906,16.91291204,4.44743196,14.85000136
21.68000031,5.37999973,16.90715462,4.46715793,14.85000145
21.69000053,5.37999914,16.90101482,4.48000067,14.83463100
21.70000076,5.37999933,16.89448276,4.48467370,14.80000070
21.70999908,5.37999970,16.88752804,4.50423617,14.80000133
21.71999931,5.37999973,16.88012891,4.52361441,14.80000166
21.72999954,5.37999903,16.87226571,4.54280639,14.80000150
21.73999977,5.37999917,16.86391305,4.56181314,14.80000155
21.75000000,5.37999982,16.85504533,4.58000080,14.79836548
21.76000023,5.37999940,16.84563293,4.58019602,14.75000121
21.77000046,5.37999926,16.83564351,4.59901642,14.75000278
21.78000069,5.37999909,16.82504609,4.61764448,14.75000210
21.79000092,5.37999929,16.81382579,4.63609045,14.75000063
21.79999924,5.37999964,16.80196274,4.65435596,14.75000113
21.80999947,5.38366850,16.79999982,4.67245130,14.75000286
21.81999969,5.38810237,16.79999816,4.68000029,14.71951415
21.82999992,5.39260782,16.79999894,4.69144003,14.70000063
21.84000015,5.39718385,16.79999975,4.70935692,14.70000198
21.85000038,5.40182932,16.79999988,4.72710768,14.70000093
21.86000061,5.40654330,16.79999927,4.74469762,14.70000225
21.87000084,5.41132442,16.79999825,4.76213400,14.70000216
21.87999916,5.41617427,16.79999939,4.77941222,14.70000251
21.88999939,5.42109216,16.79999857,4.79654056,14.70000031
21.89999962,5.42607635,16.79999796,4.81352700,14.70000219
21.90999985,5.42999984,16.79607281,4.83037235,14.70000075
21.92000008,5.42999949,16.77778757,4.84708295,14.70000142
21.93000031,5.42999950,16.75856094,4.86366092,14.70000262
21.94000053,5.43313962,16.74999982,4.88000042,14.69959130
21.95000076,5.43868966,16.74999873,4.88000036,14.63785214
21.95999908,5.44429153,16.75000044,4.88670897,14.60000036
21.96999931,5.44994607,16.74999932,4.90330846,14.60000171
21.97999954,5.45565030,16.74999868,4.91978537,14.60000057
21.98999977,5.46140224,16.75000077,4.93000044,14.57484621
22.00000000,5.46720391,16.75000033,4.94041978,14.54999978
22.01000023,5.47305288,16.74999973,4.95679525,14.55000059
22.02000046,5.47894695,16.74999958,4.97305733,14.55000042
22.03000069,5.48000001,16.72832278,4.98000040,14.50910302
22.04000092,5.47999986,16.70077361,4.99423182,14.50000191
22.04999924,5.48607579,16.69999790,5.01040669,14.50000104
22.05999947,5.49236346,16.69999810,5.02648554,14.50000093
22.06999969,5.49868864,16.69999809,5.03209628,14.45000226
22.07999992,5.50504894,16.69999775,5.04819929,14.45000151
22.09000015,5.51144240,16.69999785,5.06420867,14.45000209
22.10000038,5.51787219,16.69999858,5.08012568,14.45000069
22.11000061,5.52433381,16.69999832,5.09595308,14.45000039
22.12000084,5.53082759,16.69999793,5.11169731,14.45000173
22.12999916,5.53734987,16.69999762,5.12735425,14.45000147
22.13999939,5.54390658,16.69999797,5.13402354,14.40000231
22.14999962,5.55049150,16.69999899,5.14972674,14.40000029
22.15999985,5.55710585,16.69999809,5.16535028,14.40000066
22.17000008,5.56374767,16.69999817,5.18089953,14.40000094
22.18000031,5.57041620,16.69999829,5.19637383,14.40000215
22.19000053,5.57711191,16.69999925,5.21177957,14.40000026
22.20000076,5.58000003,16.67527393,5.22711660,14.40000088
22.20999908,5.58301112,16.64999879,5.24238498,14.40000158
22.21999931,5.58996643,16.65000050,5.25759122,14.40000129
22.22999954,5.59694217,16.64999835,5.27273660,14.40000121
22.23999977,5.60394155,16.64999851,5.28079406,14.35000063
22.25000000,5.61096223,16.65000007,5.29599731,14.35000099
22.26000023,5.61800298,16.64999864,5.31114383,14.35000006
22.27000046,5.62506350,16.64999909,5.32623172,14.34999992
22.28000069,5.62999987,16.63303883,5.34126671,14.35000111
22.29000092,5.63309247,16.59999899,5.35624576,14.35000156
22.29999924,5.64037962,16.59999769,5.37116995,14.35000087
22.30999947,5.64768749,16.59999818,5.38023004,14.30000117
22.31999969,5.65501143,16.59999875,5.39522123,14.30000025
22.32999992,5.66235364,16.59999768,5.41016288,14.30000067
22.34000015,5.66971196,16.59999759,5.42505779,14.30000187
22.35000038,5.67708509,16.59999875,5.43990515,14.30000078
22.36000061,5.68447543,16.59999885,5.45470844,14.30000178
22.37000084,5.69187974,16.59999922,5.46946874,14.30000017
22.37999916,5.69929694,16.59999876,5.48885941,14.35000144
22.38999939,5.70673117,16.59999786,5.50337558,14.35000146
22.39999962,5.71417987,16.59999822,5.53094276,14.50000124
22.40999985,5.72164324,16.59999933,5.54491803,14.50000293
22.42000008,5.72912386,16.59999928,5.55885752,14.50000099
22.43000031,5.73271611,16.55000007,5.57276213,14.50000290
22.44000053,5.74037574,16.54999779,5.59038529,14.55000140
22.45000076,5.74804835,16.54999793,5.60407583,14.54999994
22.45999908,5.75573233,16.54999927,5.61773703,14.55000082
22.46999931,5.76342902,16.54999843,5.63136958,14.55000051
22.47999954,5.77113908,16.54999892,5.64497620,14.55000215
22.48999977,5.77886214,16.54999814,5.65855563,14.54999996
22.50000000,5.78659716,16.54999892,5.67210934,14.55000162
22.51000023,5.79434430,16.54999800,5.68835146,14.60000049
22.52000046,5.80210557,16.54999937,5.70170628,14.60000169
22.53000069,5.80987750,16.54999838,5.71503657,14.60000111
22.54000092,5.81766318,16.54999849,5.72834468,14.60000198
22.54999924,5.82545888,16.54999882,5.74162608,14.60000074
22.55999947,5.83326719,16.54999957,5.75488847,14.60000196
22.56999969,5.84108748,16.54999840,5.76812842,14.60000053
22.57999992,5.84891928,16.54999930,5.78307923,14.65000202
22.59000015,5.85676450,16.54999841,5.79614046,14.65000101
22.60000038,5.86462308,16.54999830,5.80917923,14.65000135
22.61000061,5.87249265,16.54999956,5.82219615,14.65000107
22.62000084,5.88037501,16.54999939,5.83519597,14.65000179
22.62999916,5.88826778,16.54999937,5.84817356,14.65000242
22.63999939,5.89617396,16.54999868,5.86113678,14.65000179
22.64999962,5.90409290,16.54999823,5.87408137,14.65000091
22.65999985,5.91202225,16.54999978,5.88700785,14.65000088
22.67000008,5.91996480,16.54999941,5.89991732,14.65000021
22.68000031,5.92791857,16.55000018,5.91280978,14.65000173
22.69000053,5.93588668,16.54999832,5.92568472,14.65000131
22.70000076,5.94386751,16.54999965,5.93868173,14.70000215
22.70999908,5.95185759,16.54999911,5.95139142,14.70000167
22.71999931,5.95986256,16.54999863,5.96408976,14.70000104
22.72999954,5.96787817,16.54999977,5.97677171,14.70000164
22.73999977,5.97590785,16.54999782,5.98943990,14.70000083
22.75000000,5.98394898,16.54999914,6.00209264,14.70000257
22.76000023,5.99200316,16.54999895,6.01473166,14.70000185
22.77000046,6.00007055,16.54999932,6.02735721,14.70000039
22.78000069,6.00815005,16.54999996,6.03996548,14.70000247
22.79000092,6.01624324,16.54999936,6.05255825,14.70000181
22.79999924,6.02435009,16.54999781,6.06513373,14.70000048
22.80999947,6.03247151,16.54999915,6.07769645,14.70000255
22.81999969,6.04060801,16.54999965,6.08890372,14.75000294
22.82999992,6.04875817,16.54999995,6.10131785,14.75000301
22.84000015,6.05692284,16.54999958,6.11371929,14.75000189
22.85000038,6.06510094,16.54999826,6.12610515,14.75000145
22.86000061,6.07329657,16.54999803,6.13847710,14.75000103
22.87000084,6.08150550,16.54999801,6.15083433,14.75000203
22.87999916,6.08972826,16.54999829,6.16317326,14.75000196
22.88999939,6.09796790,16.55000001,6.17550122,14.75000155
22.89999962,6.10622325,16.54999788,6.18781338,14.75000283
22.90999985,6.11449578,16.54999899,6.20010914,14.75000250
22.92000008,6.12278461,16.54999981,6.21238997,14.75000224
22.93000031,6.12999998,16.57098211,6.22465604,14.75000074
22.94000053,6.13670541,16.59999871,6.23690677,14.75000279
22.95000076,6.14493628,16.59999771,6.24914382,14.75000063
22.95999908,6.15318337,16.59999837,6.26136237,14.75000180
22.96999931,6.16144941,16.59999819,6.27356721,14.75000151
22.97999954,6.16973467,16.59999904,6.28262113,14.80000028
22.98999977,6.17803878,16.59999943,6.29468960,14.80000088
23.00000000,6.18636054,16.59999748,6.30674312,14.80000004
23.01000023,6.19470134,16.59999779,6.31878297,14.80000181
23.02000046,6.20306148,16.59999748,6.33080706,14.80000099
23.03000069,6.21144123,16.59999727,6.34281645,14.80000010
23.04000092,6.21983985,16.59999775,6.35480954,14.80000207
23.04999924,6.22825652,16.59999804,6.36678572,14.80000103
23.05999947,6.23669306,16.59999773,6.37874825,14.80000122
23.06999969,6.24514924,16.59999897,6.38665094,14.85000003
23.07999992,6.25362513,16.59999898,6.39848411,14.85000035
23.09000015,6.26212282,16.59999934,6.41030326,14.85000192
23.10000038,6.27063898,16.59999917,6.42210537,14.85000132
23.11000061,6.27917638,16.59999714,6.43389248,14.85000178
23.12000084,6.28773327,16.59999876,6.44566389,14.85000130
23.12999916,6.29631024,16.59999879,6.45741766,14.85000164
23.13999939,6.30490865,16.59999782,6.46915718,14.85000083
23.14999962,6.31352897,16.59999782,6.48088301,14.85000076
23.15999985,6.32216857,16.59999852,6.49259152,14.85000084
23.17000008,6.33082992,16.59999859,6.50428324,14.85000185
23.18000031,6.33951162,16.59999720,6.51595799,14.85000033
23.19000053,6.34821470,16.59999877,6.52761611,14.85000049
23.20000076,6.35693827,16.59999710,6.53404850,14.90000136
23.20999908,6.36568175,16.59999770,6.54558886,14.90000106
23.21999931,6.37444845,16.59999816,6.55711595,14.90000124
23.22999954,6.38323644,16.59999825,6.56862626,14.90000125
23.23999977,6.39204621,16.59999893,6.58012023,14.90000205
23.25000000,6.40087878,16.59999793,6.59159824,14.90000106
23.26000023,6.40973245,16.59999782,6.60305853,14.90000056
23.27000046,6.41860741,16.59999855,6.61450289,14.90000059
23.28000069,6.42750403,16.59999934,6.62593056,14.90000248
23.29000092,6.43051405,16.64999825,6.63733860,14.90000247
23.29999924,6.43938162,16.64999986,6.64873018,14.90000179
23.30999947,6.44827244,16.64999942,6.66010489,14.90000023
23.31999969,6.45718893,16.64999861,6.67146206,14.90000145
23.32999992,6.46612702,16.64999891,6.67999992,14.92261749
23.34000015,6.47508831,16.64999989,6.68786239,14.95000202
23.35000038,6.48407378,16.64999976,6.69909955,14.95000213
23.36000061,6.49308150,16.64999846,6.71031892,14.95000154
23.37000084,6.50211390,16.64999892,6.72151910,14.95000215
23.37999916,6.51116669,16.64999988,6.73269992,14.95000090
23.38999939,6.52024478,16.64999992,6.74386586,14.95000111
23.39999962,6.52934783,16.64999938,6.75501418,14.95000240
23.40999985,6.53847581,16.64999888,6.76614368,14.95000033
23.42000008,6.54762451,16.64999908,6.77725621,14.95000101
23.43000031,6.55679952,16.64999813,6.78834808,14.95000137
23.44000053,6.56599505,16.64999952,6.79942178,14.95000088
23.45000076,6.57521499,16.65000037,6.81047382,14.95000045
23.45999908,6.58445704,16.64999996,6.82150594,14.95000221
23.46999931,6.59372469,16.64999890,6.83000017,14.96794808
23.47999954,6.60301654,16.64999983,6.83644224,15.00000126
23.48999977,6.61233006,16.65000019,6.84736857,15.00000112
23.50000000,6.62166796,16.65000011,6.85827552,15.00000096
23.51000023,6.62999990,16.65713919,6.86916330,15.00000203
23.52000046,6.63315472,16.69999904,6.88003233,15.00000200
23.53000069,6.64252062,16.69999874,6.89088144,15.00000066
23.54000092,6.65190862,16.69999881,6.90170995,15.00000196
23.54999924,6.66132227,16.69999853,6.91251719,15.00000226
23.55999947,6.67076181,16.69999969,6.92330690,15.00000114
23.56999969,6.68022653,16.69999827,6.93407433,15.00000120
23.57999992,6.68971424,16.69999882,6.94482175,15.00000267
23.59000015,6.69922658,16.69999806,6.95554887,15.00000206
23.60000038,6.70876416,16.69999744,6.96625245,15.00000221
23.61000061,6.71832584,16.69999934,6.97693656,15.00000169
23.62000084,6.72791252,16.69999888,6.98759815,15.00000194
23.62999916,6.73752135,16.69999789,6.99823390,15.00000257
23.63999939,6.74715522,16.69999803,7.00885301,15.00000093
23.64999962,6.75681503,16.69999786,7.01944811,15.00000178
23.65999985,6.76649792,16.69999815,7.03002078,15.00000139
23.67000008,6.77620686,16.69999815,7.04057006,15.00000098
23.68000031,6.78000032,16.73807241,7.05109766,15.00000074
23.69000053,6.78787291,16.74999901,7.06160079,15.00000054
23.70000076,6.79763378,16.75000000,7.07208106,15.00000059
23.70999908,6.80741545,16.74999980,7.08000015,15.01612240
23.71999931,6.81722536,16.74999858,7.08508786,15.05000059
23.72999954,6.82705992,16.75000010,7.09547844,15.05000095
23.73999977,6.83691912,16.74999970,7.10584534,15.05000156
23.75000000,6.84680505,16.74999863,7.11619149,15.05000165
23.76000023,6.85671486,16.75000037,7.12651328,15.05000199
23.77000046,6.86664933,16.74999916,7.13681037,15.05000156
23.78000069,6.87661030,16.74999997,7.14708456,15.05000016
23.79000092,6.88659568,16.75000020,7.15733380,15.05000034
23.79999924,6.89660246,16.74999937,7.16755520,15.05000161
23.80999947,6.90663545,16.75000032,7.17775492,15.05000200
23.81999969,6.91669292,16.74999986,7.18792893,15.05000031
23.82999992,6.92677478,16.75000066,7.19807794,15.05000204
23.84000015,6.93000020,16.79311889,7.20820160,15.05000159
23.85000038,6.93903449,16.79999904,7.21829982,15.05000048
23.86000061,6.94919097,16.79999900,7.22837091,15.05000170
23.87000084,6.95937403,16.79999904,7.23841826,15.04999980
23.87999916,6.96957898,16.79999959,7.24843513,15.05000013
23.88999939,6.97981205,16.79999937,7.25842715,15.05000099
23.89999962,6.99007097,16.79999965,7.26839297,15.05000156
23.90999985,7.00035493,16.79999794,7.27833154,15.05000186
23.92000008,7.01066390,16.79999818,7.28824270,15.05000081
23.93000031,7.02099711,16.79999788,7.29812592,15.05000084
23.94000053,7.03135410,16.79999937,7.30798093,15.05000198
23.95000076,7.04173757,16.79999880,7.31780902,15.05000028
23.95999908,7.05214307,16.79999812,7.32760668,15.05000009
23.96999931,7.06257568,16.79999924,7.32999988,15.09697645
23.97999954,7.07303217,16.80000008,7.33928622,15.10000152
23.98999977,7.08000031,16.82248449,7.34901859,15.10000137
24.00000000,7.08623024,16.84999748,7.35872416,15.10000165
24.01000023,7.09678258,16.84999942,7.36840376,15.10000139
24.02000046,7.10736166,16.84999805,7.37805330,15.10000166
24.03000069,7.11796659,16.84999873,7.38767574,15.10000133
24.04000092,7.12859491,16.84999717,7.39726751,15.10000085
24.04999924,7.13924639,16.84999906,7.40682867,15.10000119
24.05999947,7.14992690,16.84999716,7.41636405,15.09999991
24.06999969,7.16063138,16.84999760,7.42586983,15.10000098
24.07999992,7.17136169,16.84999800,7.43534646,15.10000191
24.09000015,7.18000040,16.86408743,7.44479226,15.10000188
24.10000038,7.18542603,16.89999987,7.45420828,15.10000092
24.11000061,7.19627013,16.90000011,7.46359494,15.10000137
24.12000084,7.20713834,16.89999907,7.47295145,15.10000103
24.12999916,7.21803079,16.89999990,7.48227353,15.10000015
24.13999939,7.22895163,16.89999935,7.49156785,15.10000091
24.14999962,7.23989730,16.89999893,7.50082969,15.10000227
24.15999985,7.25086738,16.89999970,7.51006197,15.10000123
24.17000008,7.26186442,16.89999955,7.51926345,15.10000229
24.18000031,7.27288546,16.89999813,7.52843268,15.10000091
24.19000053,7.28000020,16.92790505,7.53756807,15.10000069
24.20000076,7.28801269,16.94999881,7.54667472,15.10000081
24.20999908,7.29916398,16.94999812,7.55574628,15.10000145
24.21999931,7.31034452,16.94999862,7.56478675,15.10000207
24.22999954,7.32154991,16.94999787,7.57379631,15.10000126
24.23999977,7.33278158,16.94999744,7.57999988,15.12052669
24.25000000,7.34403902,16.94999973,7.58502233,15.15000244
24.26000023,7.35532398,16.94999748,7.59399614,15.15000248
24.27000046,7.36663231,16.94999932,7.60293846,15.15000249
24.28000069,7.37796943,16.94999878,7.61185012,15.15000032
24.29000092,7.38933020,16.94999886,7.62072983,15.15000224
24.29999924,7.40071430,16.94999806,7.62957553,15.15000181
24.30999947,7.41212593,16.94999745,7.63838891,15.15000242
24.31999969,7.42356308,16.94999906,7.64717165,15.15000201
24.32999992,7.43000033,16.99095779,7.65592300,15.15000065
24.34000015,7.44045550,16.99999944,7.66464088,15.15000079
24.35000038,7.45204503,16.99999943,7.67332616,15.15000034
24.36000061,7.46366273,16.99999877,7.68198175,15.15000178
24.37000084,7.47530423,17.00000080,7.69060428,15.15000139
24.37999916,7.48696964,16.99999923,7.69919389,15.15000094
24.38999939,7.49866036,16.99999903,7.70775318,15.15000033
24.39999962,7.51037591,16.99999853,7.71627983,15.15000087
24.40999985,7.52211411,16.99999975,7.72477755,15.15000050
24.42000008,7.53000008,17.03597959,7.73324330,15.15000233
24.43000031,7.54036601,17.04999916,7.74167923,15.15000210
24.44000053,7.55226654,17.04999863,7.75008544,15.15000033
24.45000076,7.56419145,17.04999794,7.75846109,15.15000164
24.45999908,7.57613654,17.05000021,7.76680477,15.15000222
24.46999931,7.58810705,17.04999845,7.77512121,15.15000039
24.47999954,7.60010190,17.04999812,7.78340542,15.15000149
24.48999977,7.61211742,17.04999810,7.79166337,15.15000068
24.50000000,7.62415589,17.04999912,7.79988961,15.15000077
24.51000023,7.63621652,17.04999823,7.80808958,15.15000226
24.52000046,7.64829774,17.04999782,7.81626041,15.15000036
24.53000069,7.66040220,17.04999855,7.82440247,15.15000036
24.54000092,7.67252423,17.04999873,7.83000004,15.17988387
24.54999924,7.68056020,17.09999782,7.83649768,15.20000190
24.55999947,7.69283227,17.09999799,7.84466503,15.20000261
24.56999969,7.70512559,17.09999871,7.85280538,15.20000180
24.57999992,7.71743911,17.09999871,7.86092277,15.20000107
24.59000015,7.72977220,17.09999847,7.86901398,15.20000102
24.60000038,7.74212467,17.09999889,7.87707965,15.20000044
24.61000061,7.75449684,17.09999850,7.88512187,15.20000109
24.62000084,7.76689019,17.09999811,7.89314024,15.20000089
24.62999916,7.77929834,17.09999766,7.90113292,15.20000090
24.63999939,7.79172992,17.09999815,7.90910306,15.20000188
24.64999962,7.80417679,17.09999885,7.91705167,15.20000147
24.65999985,7.81664489,17.09999874,7.92497610,15.20000106
24.67000008,7.82912962,17.09999865,7.93287725,15.20000195
24.68000031,7.84163231,17.09999744,7.94075657,15.20000075
24.69000053,7.85415392,17.09999785,7.94861476,15.20000067
24.70000076,7.86669065,17.09999776,7.95644984,15.20000248
24.70999908,7.87924324,17.09999898,7.96426354,15.20000088
24.71999931,7.89181528,17.09999708,7.97205810,15.20000141
24.72999954,7.90440379,17.09999928,7.97983086,15.20000176
24.73999977,7.91700875,17.09999803,7.98758415,15.20000216
24.75000000,7.92962963,17.09999802,7.99531861,15.20000041
24.76000023,7.94066665,17.14999857,8.00303129,15.20000198
24.77000046,7.95345011,17.15000043,8.01072583,15.20000164
24.78000069,7.96624915,17.14999910,8.01840074,15.20000058
24.79000092,7.97906539,17.14999876,8.02605756,15.20000088
24.79999924,7.99189520,17.14999919,8.03369537,15.20000034
24.80999947,8.00474407,17.15000033,8.04131774,15.20000147
24.81999969,8.01760848,17.15000011,8.04892100,15.20000253
24.82999992,8.03048755,17.14999850,8.05650802,15.20000115
24.84000015,8.04338444,17.15000007,8.06407994,15.20000249
24.85000038,8.05629612,17.14999806,8.07163454,15.20000223
24.86000061,8.06922180,17.14999907,8.07917285,15.20000244
24.87000084,8.08216516,17.15000044,8.08669751,15.20000091
24.87999916,8.09512017,17.15000033,8.09420520,15.20000056
24.88999939,8.10809249,17.14999850,8.10169865,15.20000164
24.89999962,8.12107945,17.15000025,8.10917885,15.20000233
24.90999985,8.13408142,17.15000004,8.11664419,15.20000224
24.92000008,8.14709812,17.14999823,8.12409714,15.20000205
24.93000031,8.16012848,17.14999971,8.13153741,15.20000177
24.94000053,8.17317478,17.14999940,8.13896532,15.20000158
24.95000076,8.18623498,17.14999962,8.14637962,15.20000158
24.95999908,8.19930737,17.15000030,8.15378228,15.20000183
24.96999931,8.21239483,17.14999988,8.16117330,15.20000111
24.97999954,8.22549672,17.15000019,8.16855378,15.20000139
24.98999977,8.24022024,17.19999975,8.17592439,15.20000028
25.00000000,8.25349854,17.19999866,8.18503942,15.25000132
25.01000023,8.26679100,17.19999940,8.19253771,15.25000159
25.02000046,8.28009862,17.19999920,8.20002860,15.25000181
25.03000069,8.29342021,17.19999869,8.20750982,15.25000052
25.04000092,8.30675657,17.19999831,8.21498497,15.25000074
25.04999924,8.32010443,17.19999843,8.22245054,15.25000065
25.05999947,8.33347048,17.19999842,8.22991040,15.25000220
25.06999969,8.34685064,17.19999873,8.23736487,15.25000106
25.07999992,8.36024408,17.19999924,8.24481215,15.25000216
25.09000015,8.37365281,17.19999742,8.25225433,15.25000065
25.10000038,8.38707560,17.19999802,8.25969184,15.25000142
25.11000061,8.40051107,17.19999904,8.26712305,15.25000261
25.12000084,8.41396158,17.19999738,8.27455131,15.25000127
25.12999916,8.42742392,17.19999886,8.28197406,15.25000092
25.13999939,8.44090293,17.19999803,8.28939449,15.25000099
25.14999962,8.45439731,17.19999955,8.29681287,15.25000156
25.15999985,8.46790298,17.19999843,8.30422604,15.25000264
25.17000008,8.48142246,17.19999770,8.31163810,15.25000219
25.18000031,8.49495707,17.19999945,8.31904751,15.25000280
25.19000053,8.50850543,17.19999947,8.32645757,15.25000237
25.20000076,8.52206754,17.19999892,8.33386530,15.25000233
25.20999908,8.53564171,17.19999877,8.34127159,15.25000127
25.21999931,8.54923327,17.19999880,8.34868014,15.25000166
25.22999954,8.56283671,17.19999839,8.35608711,15.25000292
25.23999977,8.57645356,17.19999824,8.36349562,15.25000289
25.25000000,8.59008518,17.19999844,8.37090589,15.25000229
25.26000023,8.60372901,17.19999915,8.37831732,15.25000085
25.27000046,8.61738957,17.19999888,8.38573192,15.25000257
25.28000069,8.63106379,17.19999935,8.39314840,15.25000147
25.29000092,8.64474982,17.19999947,8.40056851,15.25000124
25.29999924,8.65844771,17.19999945,8.40799022,15.25000248
25.30999947,8.67216325,17.19999738,8.41541804,15.25000068
25.31999969,8.67999955,17.15631594,8.42285039,15.25000251
25.32999992,8.69272897,17.14999873,8.43028801,15.25000114
25.34000015,8.70632190,17.14999902,8.43772912,15.25000067
25.35000038,8.71992935,17.14999923,8.44517718,15.25000111
25.36000061,8.73355162,17.14999909,8.45263112,15.25000248
25.37000084,8.74718511,17.14999912,8.46009243,15.25000177
25.37999916,8.76082929,17.14999870,8.46755765,15.25000165
25.38999939,8.77449300,17.14999940,8.47503229,15.25000167
25.39999962,8.78816836,17.15000000,8.48251672,15.25000160
25.40999985,8.80185423,17.14999902,8.49000790,15.25000058
25.42000008,8.81555881,17.14999918,8.49750753,15.25000232
25.43000031,8.82927300,17.15000044,8.50501803,15.25000247
25.44000053,8.84300151,17.14999963,8.51253634,15.25000137
25.45000076,8.85674254,17.15000016,8.52006759,15.25000135
25.45999908,8.87049535,17.15000027,8.52760663,15.25000173
25.46999931,8.88426222,17.14999827,8.53515625,15.25000261
25.47999954,8.89804393,17.14999985,8.54271997,15.25000242
25.48999977,8.91183679,17.15000003,8.55029249,15.25000094
25.50000000,8.92564435,17.14999842,8.55788010,15.25000227
25.51000023,8.93946442,17.14999827,8.56547960,15.25000235
25.52000046,8.95329869,17.14999985,8.57309287,15.25000159
25.53000069,8.96714500,17.14999899,8.58072109,15.25000252
25.54000092,8.98100541,17.14999858,8.58836116,15.25000137
25.54999924,8.99487551,17.14999986,8.59601696,15.25000262
25.55999947,9.00876121,17.14999986,8.60368774,15.25000247
25.56999969,9.02265798,17.14999928,8.61137453,15.25000257
25.57999992,9.03000006,17.12010135,8.61907637,15.25000165
25.59000015,9.03934339,17.09999862,8.62679444,15.25000270
25.60000038,9.05311531,17.09999858,8.63453026,15.25000236
25.61000061,9.06690018,17.09999923,8.64228178,15.25000074
25.62000084,9.08000007,17.09700226,8.65005223,15.25000224
25.62999916,9.08270062,17.04999995,8.65783772,15.25000115
25.63999939,9.09636011,17.04999871,8.66564172,15.25000140
25.64999962,9.11002898,17.05000018,8.67346490,15.25000225
25.65999985,9.12371162,17.04999814,8.68130779,15.25000126
25.67000008,9.13740614,17.04999814,8.68917223,15.25000237
25.68000031,9.15111252,17.04999940,8.69705427,15.25000114
25.69000053,9.16483153,17.04999982,8.70495785,15.25000186
25.70000076,9.17856114,17.04999962,8.71288262,15.25000176
25.70999908,9.19230025,17.04999801,8.72082609,15.25000272
25.71999931,9.20605291,17.04999891,8.72879257,15.25000106
25.72999954,9.21981704,17.04999903,8.73678212,15.25000267
25.73999977,9.22999965,17.03677183,8.74479295,15.25000070
25.75000000,9.23364098,17.00000020,8.75282624,15.25000228
25.76000023,9.24727836,16.99999946,8.76088391,15.25000092
25.77000046,9.26092718,17.00000094,8.76896425,15.25000245
25.78000069,9.27458307,16.99999921,8.77706795,15.25000243
25.79000092,9.28825051,17.00000089,8.78519519,15.25000093
25.79999924,9.30192703,16.99999909,8.79334795,15.25000229
25.80999947,9.31561532,16.99999908,8.80152425,15.25000278
25.81999969,9.32931361,17.00000072,8.80972719,15.25000068
25.82999992,9.34302028,17.00000068,8.81795538,15.25000273
25.84000015,9.35673621,16.99999913,8.82620797,15.25000157
25.85000038,9.37046183,17.00000097,8.83448725,15.25000150
25.86000061,9.38419651,16.99999911,8.84279406,15.25000236
25.87000084,9.39794394,17.00000094,8.85112616,15.25000059
25.87999916,9.41169646,16.99999881,8.85948358,15.25000113
25.88999939,9.42546003,16.99999978,8.86786773,15.25000209
25.89999962,9.42999911,16.97129498,8.87627995,15.25000122
25.90999985,9.43677747,16.94999956,8.88471850,15.25000120
25.92000008,9.45041813,16.94999915,8.89318525,15.25000155
25.93000031,9.46406728,16.94999918,8.90167925,15.25000281
25.94000053,9.47772431,16.94999780,8.91019872,15.25000054
25.95000076,9.49139150,16.94999909,8.91874593,15.25000118
25.95999908,9.50506518,16.94999931,8.92731770,15.25000088
25.96999931,9.51875006,16.94999811,8.93592205,15.25000279
25.97999954,9.53000000,16.94292990,8.94455312,15.25000240
25.98999977,9.53000001,16.90369998,8.95321274,15.25000274
26.00000000,9.54227287,16.90000009,8.96189851,15.25000118
26.01000023,9.55584845,16.89999978,8.97061308,15.25000131
26.02000046,9.56942988,16.89999843,8.97935695,15.25000196
26.03000069,9.58000021,16.89161204,8.98813058,15.25000135
26.04000092,9.58000013,16.85425552,8.99693116,15.25000244
26.04999924,9.59191487,16.84999840,9.00575821,15.25000107
26.05999947,9.60539169,16.84999933,9.01461747,15.25000161
26.06999969,9.61887500,16.84999735,9.02350592,15.25000264
26.07999992,9.63236699,16.84999797,9.03000089,15.24354998
26.09000015,9.64586985,16.84999815,9.03000034,15.21991970
26.10000038,9.65938109,16.84999742,9.03130706,15.20000077
26.11000061,9.67290039,16.84999868,9.04016971,15.20000130
26.12000084,9.67999957,16.83335664,9.04906036,15.20000066
26.12999916,9.68050692,16.80000005,9.05798041,15.20000168
26.13999939,9.69391167,16.80000015,9.06693392,15.20000225
26.14999962,9.70732585,16.79999827,9.07591639,15.20000111
26.15999985,9.72074747,16.79999957,9.08492889,15.20000229
26.17000008,9.72999930,16.78955624,9.09397086,15.20000092
26.18000031,9.72999977,16.75626984,9.10304482,15.20000059
26.19000053,9.74078262,16.75000013,9.11214787,15.20000037
26.20000076,9.75410109,16.75000029,9.12128089,15.20000093
26.20999908,9.76742397,16.74999936,9.13044242,15.20000027
26.21999931,9.78075772,16.74999939,9.13963754,15.20000072
26.22999954,9.79409993,16.75000026,9.14886304,15.20000224
26.23999977,9.80744873,16.74999880,9.15811848,15.20000097
26.25000000,9.82080524,16.75000065,9.16740357,15.20000049
26.26000023,9.82999992,16.74017550,9.17672205,15.20000204
26.27000046,9.83000019,16.70890797,9.18000057,15.18578483
26.28000069,9.83944319,16.69999757,9.18000066,15.16402902
26.29000092,9.85269905,16.69999952,9.18325815,15.15000041
26.29999924,9.86595589,16.69999918,9.19256725,15.15000208
26.30999947,9.87922265,16.69999819,9.20190904,15.15000155
26.31999969,9.87999889,16.67156333,9.21128356,15.15000110
26.32999992,9.88367721,16.64999830,9.22068959,15.15000119
26.34000015,9.89683663,16.64999908,9.23012533,15.15000211
26.35000038,9.91000422,16.64999845,9.23959086,15.15000227
26.36000061,9.92318046,16.65000049,9.24908700,15.15000030
26.37000084,9.93635972,16.64999831,9.25861246,15.15000023
26.37999916,9.94954598,16.64999877,9.26816956,15.15000192
26.38999939,9.96274462,16.65000033,9.27775748,15.15000085
26.39999962,9.97594731,16.64999952,9.28000087,15.13393947
26.40999985,9.97999938,16.63014913,9.28000048,15.11311882
26.42000008,9.97999923,16.60175169,9.28350424,15.10000165
26.43000031,9.99229467,16.59999788,9.29308898,15.10000091
26.44000053,10.00541323,16.59999887,9.30270367,15.10000084
26.45000076,10.01853897,16.59999855,9.31234745,15.10000125
26.45999908,10.03167083,16.59999754,9.32201665,15.10000112
26.46999931,10.04481674,16.59999821,9.33000079,15.09638912
26.47999954,10.05796730,16.59999766,9.33000078,15.07604084
26.48999977,10.07112975,16.59999818,9.33000135,15.05582724
26.50000000,10.07999986,16.59107859,9.33687618,15.04999982
26.51000023,10.07999998,16.56391193,9.34657566,15.05000116
26.52000046,10.08633806,16.54999936,9.35630058,15.05000074
26.53000069,10.09942712,16.54999962,9.36605539,15.05000033
26.54000092,10.11252633,16.54999941,9.37583570,15.05000057
26.54999924,10.12563508,16.54999857,9.38564157,15.05000106
26.55999947,10.13875593,16.54999999,9.39547528,15.05000180
26.56999969,10.15188508,16.54999829,9.40533592,15.05000138
26.57999992,10.16502902,16.54999846,9.41522125,15.05000081
26.59000015,10.17818241,16.54999812,9.42513161,15.05000035
26.60000038,10.17999903,16.52748540,9.43000025,15.03994506
26.61000061,10.17999907,16.50155166,9.43000035,15.02031072
26.62000084,10.19229521,16.49999940,9.43000011,15.00079641
26.62999916,10.20538995,16.50000038,9.43950051,15.00000105
26.63999939,10.21849825,16.49999941,9.44943305,15.00000152
26.64999962,10.22999891,16.49684878,9.45938808,15.00000264
26.65999985,10.22999998,16.47145643,9.46936738,15.00000256
26.67000008,10.23195107,16.44999866,9.47937048,15.00000189
26.68000031,10.24500860,16.44999894,9.48000013,14.98196877
26.69000053,10.25807978,16.44999975,9.48000064,14.96283089
26.70000076,10.27116466,16.44999845,9.48325785,14.95000058
26.70999908,10.28426471,16.44999959,9.49325159,14.95000056
26.71999931,10.29738028,16.44999895,9.50326891,14.95000231
26.72999954,10.31051110,16.44999849,9.51330957,14.95000213
26.73999977,10.32365541,16.44999771,9.52337229,14.95000209
26.75000000,10.33000004,16.43726713,9.53000125,14.94354761
26.76000023,10.33000029,16.41279934,9.53000131,14.92476805
26.77000046,10.33621158,16.40000013,9.53000053,14.90609182
26.78000069,10.34932023,16.39999900,9.53676452,14.90000149
26.79000092,10.36244607,16.39999896,9.54683636,14.90000054
26.79999924,10.37558884,16.40000046,9.55692860,14.90000139
26.80999947,10.38874968,16.39999988,9.56704446,14.90000173
26.81999969,10.40192916,16.39999965,9.57718112,14.90000043
26.82999992,10.41512583,16.39999971,9.58733904,14.90000213
26.84000015,10.42833981,16.39999896,9.59751537,14.90000126
26.85000038,10.44157442,16.40000038,9.60771340,14.90000131
26.86000061,10.45482724,16.39999859,9.61793275,14.90000099
26.87000084,10.46809903,16.39999882,9.62817169,14.90000155
26.87999916,10.47999973,16.39752856,9.63000002,14.88500560
26.88999939,10.47999973,16.37393641,9.63000062,14.86683732
26.89999962,10.47999937,16.35047554,9.63069985,14.84999994
26.90999985,10.49297977,16.34999874,9.64091716,14.85000094
26.92000008,10.50625142,16.34999861,9.65115140,14.85000176
26.93000031,10.51954359,16.34999740,9.66140392,14.85000171
26.94000053,10.53285689,16.34999741,9.67167518,14.85000056
26.95000076,10.54619513,16.34999799,9.68000031,14.84658686
26.95999908,10.55955084,16.34999736,9.68000014,14.82876999
26.96999931,10.57293440,16.34999792,9.68000036,14.81104251
26.97999954,10.57999923,16.33911079,9.68383713,14.80000139
26.98999977,10.57999921,16.31616658,9.69409814,14.79999992
27.00000000,10.58390190,16.29999950,9.70437830,14.80000109
27.01000023,10.59727683,16.29999904,9.71467675,14.80000117
27.02000046,10.61067726,16.30000023,9.72499268,14.80000104
27.03000069,10.62410008,16.29999869,9.73000096,14.79101521
27.04000092,10.62999924,16.28729921,9.73000052,14.77363817
27.04999924,10.62999905,16.26475967,9.73000093,14.75635537
27.05999947,10.63459120,16.24999964,9.73649031,14.75000103
27.06999969,10.64801468,16.24999910,9.74678712,14.75000245
27.07999992,10.66146680,16.25000032,9.75709984,14.75000115
27.09000015,10.67494634,16.25000090,9.76743057,14.75000105
27.10000038,10.68845176,16.25000042,9.77777730,14.75000228
27.11000061,10.70198690,16.24999962,9.78000082,14.73664152
27.12000084,10.71555209,16.25000046,9.78000061,14.71970903
27.12999916,10.72914187,16.24999976,9.78000035,14.70287227
27.13999939,10.72999879,16.22926385,9.78854401,14.70000190
27.14999962,10.72999894,16.20723292,9.79886550,14.70000229
27.15999985,10.73910650,16.19999973,9.80920139,14.70000204
27.17000008,10.75271415,16.19999915,9.81955237,14.70000078
27.18000031,10.76635355,16.19999899,9.82992104,14.70000210
27.19000053,10.77999981,16.19996054,9.83000110,14.68355721
27.20000076,10.77999994,16.17816161,9.83000098,14.66707357
27.20999908,10.77999948,16.15646787,9.83000147,14.65068518
27.21999931,10.78957632,16.14999920,9.83988569,14.65000073
27.22999954,10.80327142,16.14999989,9.85022052,14.65000198
27.23999977,10.81699638,16.14999936,9.86056611,14.65000206
27.25000000,10.83075784,16.14999983,9.87092836,14.65000111
27.26000023,10.84455428,16.14999938,9.88130537,14.65000018
27.27000046,10.85838544,16.14999919,9.89169963,14.65000204
27.28000069,10.87225400,16.15000040,9.90210943,14.65000132
27.29000092,10.87999964,16.14051269,9.91253528,14.65000025
27.29999924,10.87999879,16.11915027,9.92297555,14.65000047
27.30999947,10.88138030,16.09999885,9.93000054,14.64474804
27.31999969,10.89527389,16.09999921,9.93000099,14.62880177
27.32999992,10.90920125,16.09999849,9.93000039,14.61294414
27.34000015,10.92316772,16.09999885,9.93186909,14.60000136
27.35000038,10.92999965,16.08919028,9.94227687,14.60000127
27.36000061,10.92999964,16.06814040,9.95270160,14.60000014
27.37000084,10.93187778,16.04999881,9.96314535,14.60000085
27.37999916,10.94586778,16.04999984,9.97360488,14.59999995
27.38999939,10.95989466,16.04999910,9.98000134,14.59393108
27.39999962,10.97396092,16.04999999,9.98000019,14.57840615
27.40999985,10.97999965,16.03810369,9.98000073,14.56296969
27.42000008,10.97999963,16.01736750,9.98162206,14.55000069
27.43000031,10.98223538,16.00000018,9.99205433,14.55000089
27.44000053,10.99632378,16.00000036,10.00250336,14.55000015
27.45000076,11.01045265,16.00000076,10.01297508,14.55000044
27.45999908,11.02461482,15.99999971,10.02346511,14.55000092
27.46999931,11.03881873,15.99999917,10.03000111,14.54426435
27.47999954,11.05306142,16.00000078,10.03000149,14.52914359
27.48999977,11.06734089,15.99999939,10.03000155,14.51410581
27.50000000,11.07999958,15.99763154,10.03059889,14.50000107
27.51000023,11.07999929,15.97722343,10.04106438,14.50000194
27.52000046,11.08000037,15.95691171,10.05155250,14.50000153
27.53000069,11.08942802,15.94999951,10.06206051,14.50000126
27.54000092,11.10377018,15.94999863,10.07258856,14.50000128
27.54999924,11.11815326,15.94999922,10.08313834,14.50000206
27.55999947,11.12999893,15.94639837,10.09371343,14.50000217
27.56999969,11.12999841,15.92629784,10.10430855,14.50000146
27.57999992,11.12999893,15.90629237,10.11492815,14.50000151
27.59000015,11.13986476,15.89999882,10.12556995,14.50000110
27.60000038,11.15431510,15.89999929,10.13000107,14.49142703
27.61000061,11.16880456,15.89999969,10.13000004,14.47681363
27.62000084,11.17999958,15.89544379,10.13000008,14.46227273
27.62999916,11.17999919,15.87564662,10.13161222,14.45000202
27.63999939,11.17999959,15.85594079,10.14223873,14.45000214
27.64999962,11.19012926,15.84999828,10.15288822,14.45000030
27.65999985,11.20468746,15.84999834,10.16356637,14.45000088
27.67000008,11.21928650,15.84999955,10.17426861,14.45000091
27.68000031,11.22999898,15.84475528,10.18000082,14.44333209
27.69000053,11.22999931,15.82525188,10.17999996,14.42905576
27.70000076,11.22999939,15.80583891,10.18000086,14.41485396
27.70999908,11.24021266,15.79999854,10.18000107,14.40072548
27.71999931,11.25488076,15.79999828,10.19014487,14.40000041
27.72999954,11.26959097,15.79999936,10.20086409,14.40000066
27.73999977,11.27999937,15.79432984,10.21161060,14.40000146
27.75000000,11.27999933,15.77511820,10.22238311,14.40000195
27.76000023,11.27999891,15.75599128,10.23000019,14.39587767
27.77000046,11.29010914,15.74999991,10.23000059,14.38191852
27.78000069,11.30488706,15.74999978,10.23000067,14.36802811
27.79000092,11.31970755,15.74999904,10.23000115,14.35420517
27.79999924,11.33000010,15.74416625,10.23748615,14.35000110
27.80999947,11.33000016,15.72523523,10.24828341,14.35000087
27.81999969,11.33000003,15.70638817,10.25910912,14.35000111
27.82999992,11.33980313,15.69999836,10.26996495,14.35000047
27.84000015,11.35469534,15.69999875,10.28085181,14.35000107
27.85000038,11.36963328,15.69999986,10.29177144,14.35000152
27.86000061,11.37999940,15.69424389,10.30271760,14.34999995
27.87000084,11.37999847,15.67558749,10.31369865,14.35000042
27.87999916,11.37999892,15.65702184,10.32470972,14.35000030
27.88999939,11.38928952,15.64999993,10.33000117,14.34289727
27.89999962,11.40429254,15.65000003,10.33000080,14.32930127
27.90999985,11.41933754,15.65000008,10.33000198,14.31577044
27.92000008,11.42999888,15.64459940,10.33000057,14.30228946
27.93000031,11.42999870,15.62622397,10.33915494,14.30000067
27.94000053,11.42999916,15.60793403,10.35022052,14.30000139
27.95000076,11.43850971,15.59999819,10.36131929,14.29999998
27.95999908,11.45361138,15.59999874,10.37245324,14.30000063
27.96999931,11.46875895,15.59999961,10.38000039,14.29565681
27.97999954,11.47999996,15.59529016,10.38000064,14.28229266
27.98999977,11.47999892,15.57719447,10.38000081,14.26898029
28.00000000,11.47999957,15.55918267,10.38000021,14.25571939
28.01000023,11.48740592,15.54999878,10.38634365,14.25000135
28.02000046,11.50260587,15.54999882,10.39755222,14.25000065
28.03000069,11.51784278,15.54999904,10.40879774,14.25000064
28.04000092,11.53000000,15.54635308,10.42008544,14.25000111
28.04999924,11.52999878,15.52854146,10.43000135,14.24836298
28.05999947,11.52999897,15.51080860,10.43000043,14.23518604
28.06999969,11.53592204,15.49999867,10.43000053,14.22205631
28.07999992,11.55120508,15.49999890,10.43000106,14.20897180
28.09000015,11.56652639,15.49999916,10.43354693,14.20000107
28.10000038,11.57999956,15.49784134,10.44492680,14.20000127
28.11000061,11.58000027,15.48030518,10.45634760,14.20000094
28.12000084,11.57999964,15.46284575,10.46781345,14.20000115
28.12999916,11.58400243,15.44999865,10.47931892,14.20000092
28.13999939,11.59936082,15.44999909,10.49087181,14.20000195
28.14999962,11.61475347,15.44999941,10.50246456,14.20000107
28.15999985,11.62999922,15.44979289,10.51410353,14.20000075
28.17000008,11.62999809,15.43252932,10.52578921,14.20000112
28.18000031,11.62999816,15.41534658,10.53000156,14.19164141
28.19000053,11.62999885,15.39823914,10.53000097,14.17861545
28.20000076,11.62999845,15.38120508,10.53000082,14.16562478
28.20999908,11.62999804,15.36424892,10.53000093,14.15267166
28.21999931,11.63239741,15.34999876,10.53933835,14.15000107
28.22999954,11.64776839,15.34999922,10.55114588,14.15000072
28.23999977,11.66317143,15.34999899,10.56300088,14.15000139
28.25000000,11.67860650,15.34999973,10.57490291,14.15000133
28.26000023,11.69407161,15.34999821,10.58000166,14.14257717
28.27000046,11.70957102,15.34999954,10.58000055,14.12963738
28.28000069,11.72509726,15.34999935,10.58000087,14.11673169
28.29000092,11.72999849,15.33855916,10.58000075,14.10385181
28.29999924,11.72999862,15.32191611,10.58840714,14.10000036
28.30999947,11.73000003,15.30534375,10.60045150,14.10000089
28.31999969,11.74049061,15.29999932,10.61254641,14.10000125
28.32999992,11.75601538,15.29999885,10.62469077,14.10000090
28.34000015,11.77156661,15.29999798,10.63000103,14.09272311
28.35000038,11.77999960,15.29246463,10.63000098,14.07983364
28.36000061,11.77999933,15.27608154,10.63000111,14.06696889
28.37000084,11.78000016,15.25976995,10.63000051,14.05412463
28.37999916,11.78619137,15.25000036,10.63831928,14.05000026
28.38999939,11.80172587,15.25000037,10.65062431,14.05000035
28.39999962,11.81728309,15.25000004,10.66298083,14.05000078
28.40999985,11.82999873,15.24703211,10.67538797,14.05000126
28.42000008,11.82999997,15.23091379,10.68000000,14.04188973
28.43000031,11.82999943,15.21486154,10.68000033,14.02901438
28.44000053,11.83109307,15.19999945,10.68000056,14.01615336
28.45000076,11.84662019,15.20000015,10.68000080,14.00330642
28.45999908,11.86216051,15.20000007,10.68931187,14.00000137
28.46999931,11.87772024,15.19999916,10.70190029,14.00000119
28.47999954,11.87999800,15.18646502,10.71453836,14.00000099
28.48999977,11.87999885,15.17066919,10.72722981,14.00000197
28.50000000,11.87999821,15.15493574,10.73997057,14.00000134
28.51000023,11.89061962,15.14999860,10.75276467,14.00000165
28.52000046,11.90612675,15.14999857,10.76560864,14.00000063
28.53000069,11.92164455,15.15000011,10.77850383,14.00000166
28.54000092,11.92999956,15.14280147,10.78000160,13.98851242
28.54999924,11.92999938,15.12726039,10.78000120,13.97552650
28.55999947,11.92999942,15.11177550,10.78000094,13.96254460
28.56999969,11.93366094,15.09999853,10.78043586,13.95000163
28.57999992,11.94911584,15.09999945,10.79347007,13.95000067
28.59000015,11.96457515,15.09999938,10.80655427,13.95000029
28.60000038,11.98004172,15.09999879,10.81968853,13.95000046
28.61000061,11.99551105,15.09999895,10.83000173,13.94716488
28.62000084,12.01098466,15.09999924,10.83000066,13.93411051
28.62999916,12.02645651,15.09999823,10.83000194,13.92106676
28.63999939,12.02999960,15.08825979,10.83000095,13.90801807
28.64999962,12.03000000,15.07308396,10.83000138,13.89497046
28.65999985,12.02999846,15.05795949,10.83000053,13.88192314
28.67000008,12.03726591,15.04999936,10.83000216,13.86887683
28.68000031,12.05265321,15.04999848,10.83000201,13.85582767
28.69000053,12.06804303,15.04999861,10.83741251,13.85000097
28.70000076,12.07999934,15.04666142,10.85083194,13.85000048
28.70999908,12.07999952,15.03171865,10.86429654,13.85000080
28.71999931,12.07999969,15.01682269,10.87780860,13.85000056
28.72999954,12.08000014,15.00197685,10.89136409,13.85000017
28.73999977,12.09324924,15.00000036,10.90496211,13.85000056
28.75000000,12.10853059,14.99999960,10.91860502,13.85000119
28.76000023,12.12380433,15.00000039,10.93000032,13.84779393
28.77000046,12.12999957,14.99125658,10.92999991,13.83456480
28.78000069,12.12999872,14.97657982,10.93000030,13.82133310
28.79000092,12.12999869,14.96194989,10.93000129,13.80809646
28.79999924,12.13273884,14.94999866,10.93000056,13.79485033
28.80999947,12.14790168,14.94999996,10.93000062,13.78159401
28.81999969,12.16304941,14.94999882,10.93000023,13.76832775
28.82999992,12.17818620,14.95000003,10.93000055,13.75505219
28.84000015,12.17999887,14.93727169,10.93861426,13.75000213
28.85000038,12.17999976,14.92285147,10.95253950,13.75000163
28.86000061,12.17999942,14.90847400,10.96650370,13.75000210
28.87000084,12.18614641,14.89999894,10.98000123,13.74952222
28.87999916,12.20115332,14.89999991,10.98000129,13.73614541
28.88999939,12.21614023,14.89999915,10.98000163,13.72275294
28.89999962,12.22999980,14.89894228,10.98000072,13.70934545
28.90999985,12.22999848,14.88472447,10.98428675,13.70000035
28.92000008,12.22999900,14.87054957,10.99842965,13.70000144
28.93000031,12.22999980,14.85641007,11.01260500,13.70000056
28.94000053,12.23810375,14.84999927,11.02681572,13.70000066
28.95000076,12.25293145,14.84999895,11.03000187,13.68950855
28.95999908,12.26773145,14.84999981,11.03000079,13.67597736
28.96999931,12.27999906,14.84761792,11.03000160,13.66242554
28.97999954,12.27999916,14.83363748,11.03121440,13.65000139
28.98999977,12.27999896,14.81969293,11.04555783,13.65000022
29.00000000,12.27999862,14.80578036,11.05993404,13.65000014
29.01000023,12.28854572,14.79999944,11.07433709,13.65000098
29.02000046,12.30316893,14.79999971,11.08000158,13.64169766
29.03000069,12.31775919,14.79999852,11.08000214,13.62800924
29.04000092,12.33232039,14.79999907,11.08000175,13.61429633
29.04999924,12.34684571,14.79999893,11.08000168,13.60056199
29.05999947,12.36133657,14.79999893,11.09394186,13.60000028
29.06999969,12.37579248,14.79999814,11.10850089,13.60000077
29.07999992,12.37999852,14.79032473,11.12308459,13.60000137
29.09000015,12.37999828,14.77669819,11.13000072,13.59271632
29.10000038,12.37999819,14.76310216,11.12999978,13.57885499
29.11000061,12.38048813,14.75000040,11.13000049,13.56496685
29.12000084,12.39476913,14.75000020,11.13000028,13.55104949
29.12999916,12.40900332,14.74999935,11.12999977,13.53710722
29.13999939,12.42320441,14.75000049,11.13000042,13.52313131
29.14999962,12.42999890,14.74301405,11.13000139,13.50912379
29.15999985,12.42999979,14.72960966,11.13518092,13.50000175
29.17000008,12.42999822,14.71622925,11.14999006,13.50000180
29.18000031,12.42999809,14.70287664,11.16481819,13.50000089
29.19000053,12.44098156,14.69999871,11.17966194,13.50000053
29.20000076,12.45494666,14.69999950,11.19452334,13.50000155
29.20999908,12.46886414,14.70000005,11.20939621,13.50000083
29.21999931,12.47999889,14.69739235,11.22428475,13.50000102
29.22999954,12.47999878,14.68420152,11.23000172,13.49123707
29.23999977,12.47999889,14.67103089,11.23000067,13.47698248
29.25000000,12.47999869,14.65788661,11.23000018,13.46269351
29.26000023,12.48547253,14.64999909,11.23000048,13.44836418
29.27000046,12.49914052,14.64999908,11.23000054,13.43399893
29.28000069,12.51276299,14.64999931,11.23000032,13.41959095
29.29000092,12.52633469,14.65000004,11.23000136,13.40514407
29.29999924,12.52999863,14.64053026,11.23000119,13.39066091
29.30999947,12.52999972,14.62755590,11.23000157,13.37613082
29.31999969,12.52999868,14.61459848,11.23000014,13.36155852
29.32999992,12.52999928,14.60165378,11.23317038,13.35000130
29.34000015,12.54166046,14.59999840,11.24833398,13.35000158
29.35000038,12.55498757,14.59999851,11.26349914,13.35000106
29.36000061,12.56826458,14.59999968,11.27866798,13.35000028
29.37000084,12.57999926,14.59855682,11.28000061,13.33656966
29.37999916,12.57999953,14.58575077,11.28000044,13.32180202
29.38999939,12.57999941,14.57295440,11.28000160,13.30698792
29.39999962,12.57999943,14.56016615,11.28807361,13.30000012
29.40999985,12.58266990,14.54999892,11.30331858,13.30000141
29.42000008,12.59571412,14.54999837,11.31855923,13.30000006
29.43000031,12.60870636,14.54999901,11.33000179,13.29627977
29.44000053,12.62164290,14.54999862,11.33000090,13.28131617
29.45000076,12.62999853,14.54553879,11.33000205,13.26630169
29.45999908,12.62999905,14.53288214,11.33000160,13.25124224
29.46999931,12.62999937,14.52022475,11.34404629,13.25000060
29.47999954,12.62999963,14.50757134,11.35933844,13.25000054
29.48999977,12.63511946,14.49999896,11.37462052,13.25000075
29.50000000,12.64784098,14.49999894,11.38000059,13.24017318
29.51000023,12.66050887,14.49999983,11.38000040,13.22495844
29.52000046,12.67312497,14.49999970,11.37999986,13.20969370
29.53000069,12.67999971,14.49431141,11.38562301,13.20000039
29.54000092,12.67999854,14.48175843,11.40095055,13.20000064
29.54999924,12.67999863,14.46920891,11.41625839,13.20000052
29.55999947,12.67999943,14.45665481,11.43000110,13.19844008
29.56999969,12.67999809,14.44409358,11.43000090,13.18302291
29.57999992,12.67999840,14.43152733,11.43000138,13.16755343
29.59000015,12.67999820,14.41895411,11.43000062,13.15202965
29.60000038,12.67999940,14.40637468,11.43000105,13.13645164
29.61000061,12.68610065,14.39999995,11.43000103,13.12081943
29.62000084,12.69842489,14.39999948,11.43000149,13.10513157
29.62999916,12.71069980,14.39999849,11.44037076,13.09999988
29.63999939,12.72292607,14.39999880,11.45575237,13.10000125
29.64999962,12.73510473,14.39999944,11.47111030,13.10000051
29.65999985,12.74722860,14.39999848,11.48000021,13.09335612
29.67000008,12.75930409,14.39999837,11.48000065,13.07751054
29.68000031,12.77132994,14.39999899,11.48000054,13.06160582
29.69000053,12.77999973,14.39656167,11.48419580,13.05000004
29.70000076,12.77999912,14.38412550,11.49956381,13.05000112
29.70999908,12.77999940,14.37167703,11.51490462,13.05000127
29.71999931,12.77999939,14.35920795,11.53000085,13.04976951
29.72999954,12.78311568,14.34999825,11.53000144,13.03370777
29.73999977,12.79497663,14.34999880,11.53000110,13.01758443
29.75000000,12.80678837,14.34999818,11.53000090,13.00140102
29.76000023,12.81855448,14.34999964,11.54401591,13.00000188
29.77000046,12.82999897,14.34971121,11.55932700,13.00000076
29.78000069,12.82999904,14.33728016,11.57461152,13.00000086
29.79000092,12.82999986,14.32482711,11.58000149,12.98945990
29.79999924,12.82999955,14.31235523,11.58000188,12.97312076
29.80999947,12.83013288,14.29999886,11.58000194,12.95671339
29.81999969,12.84175086,14.29999867,11.58905581,12.95000079
29.82999992,12.85332320,14.29999883,11.60432483,12.95000071
29.84000015,12.86485224,14.29999886,11.61956662,12.95000095
29.85000038,12.87633535,14.29999850,11.63000009,12.94481008
29.86000061,12.87999826,14.29151816,11.63000098,12.92824402
29.87000084,12.87999875,14.27902716,11.63000037,12.91160979
29.87999916,12.87999910,14.26651348,11.62999978,12.89491555
29.88999939,12.87999843,14.25396466,11.63000121,12.87815299
29.89999962,12.88779862,14.24999921,11.63000049,12.86132163
29.90999985,12.89915865,14.24999880,11.63503785,12.85000134
29.92000008,12.91048017,14.25000054,11.65029338,12.85000008
29.93000031,12.92175580,14.25000022,11.66551678,12.84999995
29.94000053,12.92999883,14.24665682,11.68000019,12.84921472
29.95000076,12.92999832,14.23409055,11.68000025,12.83221574
29.95999908,12.92999897,14.22149563,11.67999991,12.81515354
29.96999931,12.92999873,14.20886127,11.68175626,12.80000058
29.97999954,12.93336141,14.19999855,11.69694618,12.80000147
29.98999977,12.94453573,14.19999860,11.71209765,12.80000025
30.00000000,12.95567232,14.19999912,11.72721456,12.79999990
30.01000023,12.96676888,14.19999996,11.74229415,12.80000048
30.02000046,12.97782991,14.19999975,11.75734088,12.80000109
30.03000069,12.98885071,14.19999897,11.77234719,12.80000113
30.04000092,12.99983485,14.19999972,11.78000055,12.79155335
30.04999924,13.01077909,14.19999931,11.78000084,12.77423081
30.05999947,13.02168898,14.19999997,11.78000143,12.75683428
30.06999969,13.02999881,14.19701007,11.78000150,12.73936730
30.07999992,13.02999878,14.18431785,11.78000152,12.72182525
30.09000015,13.03000003,14.17158577,11.78000094,12.70421318
30.10000038,13.02999881,14.15880634,11.79143983,12.70000135
30.11000061,13.02999868,14.14598393,11.80642813,12.70000133
30.12000084,13.02999903,14.13311184,11.82137828,12.70000046
30.12999916,13.02999904,14.12019748,11.83000049,12.69251937
30.13999939,13.03000002,14.10723319,11.83000101,12.67473973
30.14999962,13.03482372,14.09999977,11.83000095,12.65688769
30.15999985,13.04567565,14.09999830,11.83918735,12.65000144
30.17000008,13.05649700,14.09999874,11.85408567,12.65000188
30.18000031,13.06728690,14.09999887,11.86894202,12.65000150
30.19000053,13.07804639,14.09999985,11.88375859,12.65000074
30.20000076,13.08877227,14.09999800,11.89853719,12.65000108
30.20999908,13.09946935,14.09999881,11.91327300,12.65000033
30.21999931,13.11013862,14.09999884,11.92797401,12.65000164
30.22999954,13.12077813,14.09999889,11.93000035,12.63445142
30.23999977,13.12999870,14.09828653,11.92999999,12.61634291
30.25000000,13.12999840,14.08516839,11.93148813,12.59999993
30.26000023,13.12999841,14.07199693,11.94616983,12.60000002
30.27000046,13.12999878,14.05877071,11.96081148,12.60000033
30.28000069,13.13360245,14.04999898,11.97541696,12.60000097
30.29000092,13.14420810,14.04999854,11.98000117,12.58746244
30.29999924,13.15478317,14.04999803,11.98000062,12.56911343
30.30999947,13.16533098,14.04999832,11.98000142,12.55068347
30.31999969,13.17585566,14.04999823,11.98000012,12.53217489
30.32999992,13.17999872,14.04190597,11.98000135,12.51358960
30.34000015,13.17999852,14.02849770,11.98000146,12.49492645
30.35000038,13.17999971,14.01502869,11.98000134,12.47618255
30.36000061,13.17999954,14.00150144,11.98000044,12.45735907
30.37000084,13.18936033,13.99999892,11.98893958,12.45000060
30.37999916,13.19986183,13.99999978,12.00355576,12.45000184
30.38999939,13.21034047,14.00000052,12.01813366,12.45000034
30.39999962,13.22079485,13.99999912,12.03000066,12.44651004
30.40999985,13.22999985,13.99839645,12.03000103,12.42751425
30.42000008,13.22999979,13.98472074,12.03000040,12.40843535
30.43000031,13.22999966,13.97098110,12.03000156,12.38927932
30.44000053,13.22999914,13.95717744,12.03000155,12.37004230
30.45000076,13.23503647,13.94999841,12.03000101,12.35072338
30.45999908,13.24548020,13.95000015,12.04402228,12.35000145
30.46999931,13.25590099,13.94999998,12.05855170,12.35000013
30.47999954,13.26629898,13.94999982,12.07304300,12.35000152
30.48999977,13.27667729,13.94999833,12.08000180,12.33991733
30.50000000,13.27999960,13.94050348,12.08000086,12.32042123
30.51000023,13.27999905,13.92646618,12.08000077,12.30084228
30.52000046,13.27999920,13.91236519,12.09384387,12.30000104
30.53000069,13.28132157,13.89999893,12.10827109,12.30000164
30.54000092,13.29172185,13.90000011,12.12266022,12.29999996
30.54999924,13.30209680,13.89999951,12.12999975,12.29037369
30.55999947,13.31245397,13.89999988,12.13000082,12.27061964
30.56999969,13.32278997,13.89999916,12.13000046,12.25077529
30.57999992,13.32999982,13.89569121,12.14380697,12.25000063
30.59000015,13.32999993,13.88134623,12.15813795,12.25000125
30.60000038,13.32999992,13.86693345,12.17243290,12.25000246
30.61000061,13.32999981,13.85245441,12.18669032,12.25000050
30.62000084,13.32999964,13.83790135,12.20091629,12.25000099
30.62999916,13.32999906,13.82328494,12.21510488,12.25000079
30.63999939,13.32999963,13.80859554,12.22926216,12.25000138
30.64999962,13.33433655,13.79999972,12.23000138,12.23098677
30.65999985,13.34472282,13.79999942,12.23000112,12.21083614
30.67000008,13.35508780,13.79999962,12.23657613,12.20000067
30.68000031,13.36543174,13.79999920,12.25071987,12.20000117
30.69000053,13.37575513,13.79999876,12.26483041,12.20000163
30.70000076,13.37999844,13.79124524,12.27891007,12.20000166
30.70999908,13.37999850,13.77631055,12.29295285,12.20000074
30.71999931,13.37999936,13.76130489,12.30696860,12.20000125
30.72999954,13.38258260,13.75000039,12.32095326,12.20000107
30.73999977,13.39291153,13.74999881,12.33490555,12.20000061
30.75000000,13.40322212,13.74999975,12.34882903,12.20000049
30.76000023,13.41351012,13.75000031,12.36272348,12.20000127
30.77000046,13.42377710,13.75000000,12.37658800,12.20000117
30.78000069,13.42999950,13.74402781,12.38000014,12.18452236
30.79000092,13.42999928,13.72877331,12.38000083,12.16389583
30.79999924,13.42999929,13.71344874,12.38456624,12.15000036
30.80999947,13.43129910,13.69999993,12.39842912,12.15000141
30.81999969,13.44157065,13.69999887,12.41226461,12.15000183
30.82999992,13.45182008,13.69999930,12.42606965,12.15000014
30.84000015,13.46204667,13.69999919,12.43984837,12.15000017
30.85000038,13.47224979,13.69999971,12.45359904,12.15000070
30.86000061,13.47999929,13.69628602,12.46732135,12.15000113
30.87000084,13.47999965,13.68070944,12.48101762,12.15000122
30.87999916,13.47999958,13.66506177,12.49468508,12.15000129
30.88999939,13.48043011,13.64999984,12.50832776,12.15000029
30.89999962,13.49063127,13.64999810,12.52194582,12.15000082
30.90999985,13.50081061,13.64999863,12.53000044,12.14139907
30.92000008,13.51096833,13.64999952,12.53000127,12.12021597
30.93000031,13.52110144,13.64999924,12.53069162,12.10000033
30.94000053,13.53121055,13.64999950,12.54431919,12.10000064
30.95000076,13.54129541,13.64999917,12.55792107,12.10000105
30.95999908,13.55135803,13.64999905,12.57149735,12.10000105
30.96999931,13.56139672,13.65000004,12.58505036,12.10000139
30.97999954,13.57141215,13.64999820,12.59858010,12.10000183
30.98999977,13.57999973,13.64775097,12.61208479,12.10000079
31.00000000,13.57999936,13.63174766,12.62556473,12.09999990
31.01000023,13.57999984,13.61566549,12.63000034,12.08546896
31.02000046,13.58030592,13.59999856,12.63000005,12.06369903
31.03000069,13.59031230,13.59999835,12.63505171,12.05000155
31.04000092,13.60029482,13.59999880,12.64855315,12.05000137
31.04999924,13.61025227,13.59999896,12.66203101,12.05000013
31.05999947,13.62018547,13.59999900,12.67548896,12.05000172
31.06999969,13.66045457,13.64999988,12.68892231,12.05000132
31.07999992,13.67022215,13.64999980,12.70233304,12.05000010
31.09000015,13.67996381,13.64999862,12.71572338,12.05000035
31.10000038,13.67999931,13.63387049,12.72909291,12.05000011
31.11000061,13.67999953,13.61760568,12.74243980,12.05000116
31.12000084,13.67999971,13.60126084,12.75576459,12.05000134
31.12999916,13.68900107,13.59999982,12.76906637,12.05000065
31.13999939,13.69872634,13.59999868,12.78000057,12.04602861
31.14999962,13.70842654,13.59999837,12.78000115,12.02349501
31.15999985,13.71810001,13.59999925,12.78000041,12.00081782
31.17000008,13.72774623,13.59999888,12.79285754,12.00000135
31.18000031,13.73736605,13.59999842,12.80617338,12.00000189
31.19000053,13.74695679,13.59999962,12.81946914,12.00000256
31.20000076,13.75652007,13.59999858,12.83274409,12.00000058
31.20999908,13.76605525,13.59999937,12.84599920,12.00000233
31.21999931,13.77556285,13.59999970,12.85923573,12.00000190
31.22999954,13.78000003,13.59116130,12.87245419,12.00000241
31.23999977,13.77999950,13.57448655,12.88565247,12.00000207
31.25000000,13.77999999,13.55772549,12.89883376,12.00000246
31.26000023,13.78513897,13.54999968,12.91199447,12.00000259
31.27000046,13.79462117,13.54999927,12.92513633,12.00000069
31.28000069,13.80407214,13.54999944,12.93000060,11.98521314
31.29000092,13.81349317,13.54999845,12.93000006,11.96158796
31.29999924,13.82288301,13.54999945,12.93675819,11.95000161
31.30999947,13.83224336,13.54999868,12.94994465,11.95000062
31.31999969,13.84157286,13.54999809,12.96311388,11.95000229
31.32999992,13.85087449,13.54999909,12.97626675,11.95000076
31.34000015,13.86014347,13.54999890,12.98940110,11.95000032
31.35000038,13.86938053,13.54999790,13.00251836,11.95000104
31.36000061,13.87858627,13.54999818,13.01561732,11.95000032
31.37000084,13.87999937,13.53554099,13.02870134,11.95000061
31.37999916,13.87999912,13.51837031,13.04176623,11.95000170
31.38999939,13.87999858,13.50109548,13.05481451,11.95000054
31.39999962,13.88861526,13.49999910,13.06784712,11.95000162
31.40999985,13.89778265,13.49999880,13.08000099,11.94836827
31.42000008,13.90691934,13.49999978,13.08000052,11.92357678
31.43000031,13.91602123,13.49999979,13.08074100,11.90000074
31.44000053,13.92508996,13.49999890,13.09383372,11.90000170
31.45000076,13.93412507,13.49999909,13.10690943,11.90000036
31.45999908,13.94312304,13.49999908,13.11996616,11.90000031
31.46999931,13.95208898,13.49999912,13.13300998,11.90000130
31.47999954,13.96102044,13.49999924,13.14603816,11.90000108
31.48999977,13.96991684,13.49999968,13.15905211,11.90000157
31.50000000,13.97877929,13.49999999,13.17205136,11.90000090
31.51000023,13.97999941,13.48483889,13.18000090,11.88996807
31.52000046,13.97999957,13.46714613,13.18000009,11.86392492
31.53000069,13.98032641,13.44999976,13.18613552,11.85000183
31.54000092,13.98917504,13.44999960,13.19920506,11.85000160
31.54999924,13.99798519,13.44999895,13.21225786,11.85000181
31.55999947,14.00675999,13.44999829,13.22529728,11.85000034
31.56999969,14.01549728,13.44999859,13.23832508,11.85000194
31.57999992,14.02419711,13.44999839,13.25133718,11.85000162
31.59000015,14.03286103,13.45000018,13.26433751,11.85000127
31.60000038,14.04148625,13.44999983,13.27732195,11.85000013
31.61000061,14.05007312,13.45000020,13.29029471,11.85000203
31.62000084,14.05862131,13.45000016,13.30325372,11.85000166
31.62999916,14.06712721,13.45000015,13.31619575,11.85000200
31.63999939,14.07559535,13.44999843,13.32912572,11.85000145
31.64999962,14.08402465,13.44999831,13.33000141,11.82403350
31.65999985,14.09241376,13.44999812,13.33190166,11.80000187
31.67000008,14.10076283,13.45000007,13.34493323,11.80000168
31.68000031,14.10907138,13.45000004,13.35795311,11.79999995
31.69000053,14.11733866,13.44999984,13.37096111,11.80000136
31.70000076,14.12556297,13.44999842,13.38395713,11.80000161
31.70999908,14.12999881,13.44160892,13.39693816,11.80000154
31.71999931,14.12999890,13.42320306,13.40990914,11.80000164
31.72999954,14.12999875,13.40464666,13.42286758,11.80000178
31.73999977,14.13615365,13.39999832,13.43000070,11.78672169
31.75000000,14.14431465,13.39999830,13.42999987,11.75687798
31.76000023,14.15243277,13.39999857,13.44008257,11.75000067
31.77000046,14.16050848,13.39999866,13.45314415,11.75000058
31.78000069,14.16854033,13.39999848,13.46619469,11.75000175
31.79000092,14.17652921,13.39999792,13.47923404,11.75000192
31.79999924,14.17999973,13.38933925,13.49226117,11.75000263
31.80999947,14.17999970,13.37028814,13.50527948,11.75000225
31.81999969,14.17999935,13.35105512,13.51828707,11.75000185
31.82999992,14.18753057,13.34999898,13.53128284,11.75000137
31.84000015,14.19545553,13.34999952,13.54426879,11.75000184
31.85000038,14.20333275,13.34999929,13.55724454,11.75000257
31.86000061,14.21116537,13.34999917,13.57020734,11.75000222
31.87000084,14.21895253,13.34999937,13.58000123,11.74205212
31.87999916,14.22669476,13.34999804,13.58000128,11.70915143
31.88999939,14.23439211,13.34999823,13.58949232,11.70000242
31.89999962,14.24204313,13.34999935,13.60257972,11.70000193
31.90999985,14.24964557,13.34999902,13.61565687,11.70000083
31.92000008,14.25720311,13.34999770,13.62872586,11.70000030
31.93000031,14.26471316,13.34999758,13.64178668,11.70000254
31.94000053,14.27217630,13.34999933,13.65483617,11.70000171
31.95000076,14.27959087,13.34999964,13.66787653,11.70000132
31.95999908,14.28000000,13.33106062,13.68090810,11.70000229
31.96999931,14.27999992,13.31076828,13.69393079,11.70000245
31.97999954,14.28352633,13.29999782,13.70694539,11.70000191
31.98999977,14.29092225,13.29999853,13.71994961,11.70000144
32.00000000,14.29827249,13.29999835,13.73000031,11.69166130
32.00999832,14.30557246,13.29999789,13.73000016,11.65445150
32.02000046,14.31282693,13.29999925,13.74160399,11.65000031
32.02999878,14.32002898,13.29999898,13.75475323,11.65000206
32.04000092,14.32718642,13.29999916,13.76789900,11.65000182
32.04999924,14.32999974,13.28719917,13.78103204,11.65000040
32.06000137,14.33000041,13.26577714,13.79416329,11.65000236
32.06999969,14.33195922,13.25000048,13.80728118,11.65000095
32.08000183,14.33910573,13.24999830,13.82039964,11.65000070
32.09000015,14.34620093,13.24999880,13.83350630,11.65000020
32.09999847,14.35324637,13.24999925,13.84660520,11.65000185
32.11000061,14.36024537,13.25000019,13.85970032,11.65000109
32.11999893,14.36719486,13.25000027,13.87278677,11.65000028
32.13000107,14.37409372,13.24999989,13.88000026,11.63076688
32.13999939,14.38094165,13.24999928,13.88387559,11.60000007
32.15000153,14.38774460,13.24999871,13.89714172,11.60000190
32.15999985,14.39449227,13.24999956,13.91039460,11.60000087
32.16999817,14.40119402,13.25000007,13.92364492,11.60000013
32.18000031,14.40784535,13.24999865,13.93689233,11.60000051
32.18999863,14.41444701,13.24999969,13.95013211,11.60000053
32.20000076,14.42100259,13.25000037,13.96337305,11.60000171
32.20999908,14.42750126,13.24999880,13.97660043,11.60000126
32.22000122,14.43395550,13.24999927,13.98982946,11.60000065
32.22999954,14.44035813,13.25000041,14.00304848,11.60000070
32.24000168,14.44671096,13.25000052,14.01626632,11.60000053
32.25000000,14.45301229,13.24999884,14.02947405,11.60000210
32.25999832,14.45926619,13.24999859,14.03005273,11.55000054
32.27000046,14.46547318,13.24999913,14.04347024,11.55000041
32.27999878,14.47163014,13.24999884,14.05688018,11.55000021
32.29000092,14.47773693,13.24999981,14.07028832,11.55000131
32.29999924,14.48379441,13.24999864,14.08368840,11.55000026
32.31000137,14.48980533,13.24999983,14.09709067,11.54999999
32.31999969,14.49576537,13.24999923,14.11048494,11.55000145
32.33000183,14.50168026,13.24999821,14.12388116,11.55000020
32.34000015,14.50754871,13.24999990,14.12999989,11.51661950
32.34999847,14.51336738,13.25000044,14.13998722,11.50000218
32.36000061,14.51914394,13.24999923,14.15359631,11.50000158
32.36999893,14.52486825,13.24999969,14.16719618,11.50000268
32.38000107,14.53000018,13.24723677,14.18079949,11.50000109
32.38999939,14.52999989,13.21832398,14.19439431,11.50000227
32.40000153,14.53224208,13.19999791,14.20799111,11.50000286
32.40999985,14.53802152,13.19999963,14.22158170,11.50000090
32.41999817,14.54375880,13.19999957,14.23517214,11.50000180
32.43000031,14.54945571,13.19999960,14.24876450,11.50000083
32.43999863,14.55510780,13.19999958,14.26234806,11.50000178
32.45000076,14.56072387,13.20000023,14.27593445,11.50000061
32.45999908,14.56629656,13.19999840,14.28951536,11.50000232
32.47000122,14.57183182,13.19999836,14.30309687,11.50000212
32.47999954,14.57732493,13.19999799,14.31667128,11.50000109
32.49000168,14.58278058,13.19999906,14.33000059,11.49832735
32.50000000,14.58819545,13.19999853,14.33663323,11.45000130
32.50999832,14.59357291,13.19999940,14.35044428,11.45000116
32.52000046,14.59891434,13.19999860,14.36426092,11.45000146
32.52999878,14.60421734,13.19999883,14.37807280,11.45000181
32.54000092,14.60948460,13.19999849,14.39188837,11.45000047
32.54999924,14.61471388,13.20000006,14.40570068,11.45000117
32.56000137,14.61990950,13.19999985,14.41951695,11.45000041
32.56999969,14.62507015,13.19999995,14.42999992,11.41958519
32.58000183,14.63019501,13.19999934,14.44192232,11.40000195
32.59000015,14.63528729,13.20000020,14.45598896,11.40000187
32.59999847,14.64034488,13.19999899,14.47005867,11.40000128
32.61000061,14.64537165,13.19999979,14.48413821,11.40000195
32.61999893,14.65036425,13.19999859,14.49821686,11.40000148
32.63000107,14.65532779,13.19999977,14.51230468,11.40000158
32.63999939,14.66025783,13.19999805,14.52639348,11.40000063
32.65000153,14.66515881,13.19999810,14.54049176,11.40000093
32.65999985,14.67002442,13.20000002,14.55458845,11.40000139
32.66999817,14.67486143,13.19999868,14.56869291,11.40000195
32.68000031,14.67967041,13.19999944,14.58011713,11.35000033
32.68999863,14.68444930,13.19999839,14.59449644,11.35000134
32.70000076,14.68920276,13.19999789,14.60888942,11.35000216
32.70999908,14.69392477,13.19999991,14.62328502,11.35000050
32.72000122,14.69862210,13.19999979,14.63769673,11.35000181
32.72999954,14.70329213,13.19999823,14.65211209,11.35000052
32.74000168,14.70793506,13.19999894,14.66654322,11.35000053
32.75000000,14.71254918,13.19999887,14.68097901,11.35000218
32.75999832,14.71713921,13.19999967,14.69542747,11.35000009
32.77000046,14.72170686,13.19999985,14.70989586,11.35000094
32.77999878,14.72624918,13.19999856,14.72437074,11.35000189
32.79000092,14.73098563,13.14999819,14.73908257,11.30000130
32.79999924,14.73575182,13.14999797,14.75385841,11.30000118
32.81000137,14.74049549,13.14999902,14.76865427,11.30000089
32.81999969,14.74521643,13.14999892,14.78346130,11.30000114
32.83000183,14.74991649,13.14999783,14.79829059,11.30000034
32.84000015,14.75459532,13.14999894,14.81313327,11.30000204
32.84999847,14.75925548,13.14999980,14.82799835,11.30000218
32.86000061,14.76389668,13.14999819,14.84288620,11.30000161
32.86999893,14.76851807,13.14999832,14.85778864,11.29999996
32.88000107,14.77312200,13.14999860,14.87271806,11.30000180
32.88999939,14.77770992,13.14999867,14.88766470,11.30000168
32.90000153,14.78228285,13.14999789,14.90264250,11.30000029
32.90999985,14.78683712,13.14999960,14.91763837,11.30000120
32.91999817,14.79137555,13.14999778,14.93647630,11.25000051
32.93000031,14.79590132,13.14999863,14.95181382,11.25000066
32.93999863,14.80040826,13.14999999,14.96717006,11.25000194
32.95000076,14.80490670,13.14999977,14.98256235,11.25000127
32.95999908,14.80938846,13.14999814,14.99797819,11.25000122
32.97000122,14.81385855,13.14999932,15.01343150,11.25000272
32.97999954,14.81831287,13.14999980,15.02890703,11.25000182
32.99000168,14.82275798,13.14999969,15.05025677,11.20000047
33.00000000,14.82718887,13.14999963,15.06609082,11.20000186
33.00999832,14.83161034,13.14999807,15.08196272,11.20000227
33.02000046,14.83602313,13.15000004,15.09787845,11.20000048
33.02999878,14.84042388,13.14999865,15.11382313,11.20000145
33.04000092,14.84481886,13.14999969,15.12981388,11.20000050
33.04999924,14.84920511,13.14999878,15.14583894,11.20000257
33.06000137,14.85358621,13.14999829,15.16191039,11.20000203
33.06999969,14.85795586,13.14999908,15.17801694,11.20000209
33.08000183,14.86232262,13.14999987,15.19417696,11.20000136
33.09000015,14.86668241,13.14999899,15.21037610,11.20000224
33.09999847,14.87103349,13.14999872,15.22661746,11.20000083
33.11000061,14.87538269,13.14999967,15.25233595,11.15000071
33.11999893,14.87972470,13.14999874,15.26898305,11.15000042
33.13000107,14.88406957,13.14999892,15.28568889,11.15000053
33.13999939,14.88840736,13.14999822,15.30243781,11.15000162
33.15000153,14.89274358,13.14999842,15.31924534,11.15000060
33.15999985,14.89707987,13.14999876,15.33610308,11.15000250
33.16999817,14.90141483,13.14999941,15.35301981,11.15000076
33.18000031,14.90574790,13.14999788,15.36999684,11.15000144
33.18999863,14.91008006,13.14999915,15.39895088,11.10000179
33.20000076,14.91441606,13.14999968,15.41636795,11.10000128
33.20999908,14.93131728,13.09999878,15.43384295,11.10000004
33.22000122,14.93598024,13.09999940,15.45138998,11.10000193
33.22999954,14.94064465,13.09999767,15.46899307,11.10000042
33.24000168,14.94531961,13.09999904,15.48667509,11.10000049
33.25000000,14.94999652,13.09999790,15.50441449,11.10000071
33.25999832,14.95467987,13.09999909,15.52222605,11.10000007
33.27000046,14.95937300,13.09999815,15.54011885,11.10000116
33.27999878,14.96407210,13.09999827,15.55808214,11.10000116
33.29000092,14.96878284,13.09999882,15.57612693,11.10000174
33.29999924,14.97349800,13.09999928,15.59424259,11.10000208
33.31000137,14.97822951,13.09999804,15.61244714,11.10000099
33.31999969,14.98296940,13.09999915,15.64692249,11.04999980
33.33000183,14.98772264,13.09999852,15.66563404,11.05000020
33.34000015,14.99248613,13.09999885,15.68442637,11.05000034
33.34999847,14.99726407,13.09999904,15.70330600,11.05000075
33.36000061,15.00205299,13.09999960,15.72228139,11.05000170
33.36999893,15.00685928,13.09999961,15.74134591,11.05000126
33.38000107,15.01167988,13.09999927,15.76050975,11.05000027
33.38999939,15.01651817,13.09999854,15.77976508,11.05000025
33.40000153,15.02137442,13.09999780,15.79912432,11.05000193
33.40999985,15.02624478,13.09999787,15.81857991,11.05000067
33.41999817,15.03000065,13.10288263,15.83813940,11.05000130
33.43000031,15.03000099,13.11508518,15.85781542,11.05000000
33.43999863,15.03000031,13.12689982,15.87758904,11.05000067
33.45000076,15.03000052,13.13834867,15.89747846,11.05000065
33.45999908,15.03000113,13.14944386,15.91747498,11.05000046
33.47000122,15.03439459,13.14999924,15.93759183,11.05000141
33.47999954,15.03904307,13.15000013,15.95782257,11.04999989
33.49000168,15.04371764,13.14999810,15.97817600,11.05000189
33.50000000,15.04841178,13.14999838,15.99864873,11.05000191
33.50999832,15.05312813,13.14999970,16.01924769,11.05000183
33.52000046,15.05787479,13.14999809,16.03998062,11.05000127
33.52999878,15.06264320,13.14999900,16.06083906,11.05000113
33.54000092,15.06744112,13.14999824,16.08183726,11.05000173
33.54999924,15.07226361,13.14999853,16.10296515,11.05000160
33.56000137,15.07711123,13.14999994,16.12423618,11.05000010
33.56999969,15.08198776,13.14999871,16.12999926,11.08088287
33.58000183,15.08689793,13.15000008,16.14147831,11.10000140
33.59000015,15.09183639,13.14999892,16.16277596,11.10000028
33.59999847,15.09680590,13.14999937,16.18422377,11.10000071
33.61000061,15.10180999,13.14999997,16.20583262,11.10000157
33.61999893,15.10684741,13.14999892,16.22758479,11.10000123
33.63000107,15.11191992,13.14999899,16.22999938,11.13515036
33.63999939,15.11702447,13.14999831,16.24341442,11.15000204
33.65000153,15.12216606,13.15000007,16.26523954,11.15000134
33.65999985,15.12734662,13.14999977,16.27999903,11.16245738
33.66999817,15.13000039,13.15435570,16.27999919,11.19992465
33.68000031,15.12999972,13.16310187,16.30185848,11.20000115
33.68999863,15.12999973,13.17166300,16.32392833,11.20000207
33.70000076,15.13000064,13.18004741,16.33000031,11.22634702
33.70999908,15.13000018,13.18826057,16.32999959,11.26196970
33.72000122,15.12999967,13.19631320,16.33000060,11.29690149
33.72999954,15.13000032,13.20420190,16.34994569,11.30000178
33.74000168,15.13000015,13.21194282,16.37204502,11.30000039
33.75000000,15.13000033,13.21953566,16.37999998,11.32174406
33.75999832,15.13000015,13.22698098,16.38340106,11.35000054
33.77000046,15.13000096,13.23429167,16.40561703,11.35000129
33.77999878,15.13000067,13.24146052,16.42801525,11.35000000
33.79000092,15.13000033,13.24850928,16.42999801,11.37964785
33.79999924,15.13382868,13.24999982,16.43817352,11.40000064
33.81000137,15.13874159,13.24999944,16.46071708,11.40000020
33.81999969,15.14369838,13.25000034,16.47999944,11.40478178
33.83000183,15.14870915,13.24999947,16.48000006,11.43600635
33.84000015,15.15376311,13.24999930,16.49241371,11.45000028
33.84999847,15.15887022,13.24999965,16.51531216,11.45000156
33.86000061,15.16403355,13.24999864,16.52999852,11.46105454
33.86999893,15.16924659,13.25000004,16.52999921,11.49108398
33.88000107,15.17451880,13.24999883,16.52999958,11.52063740
33.88999939,15.17984411,13.24999868,16.52999871,11.54970280
33.90000153,15.17999996,13.25650081,16.55278282,11.55000005
33.90999985,15.18000008,13.26310004,16.57602718,11.55000008
33.91999817,15.18000105,13.26960174,16.57999968,11.57363328
33.93000031,15.18000084,13.27601352,16.58143742,11.60000157
33.93999863,15.18000088,13.28233571,16.60487086,11.60000016
33.95000076,15.18000073,13.28856929,16.62856083,11.59999989
33.95999908,15.18000100,13.29472019,16.62999855,11.62588935
33.97000122,15.18000134,13.30079550,16.63269611,11.65000061
33.97999954,15.18000066,13.30678869,16.65658771,11.65000041
33.99000168,15.18000054,13.31270880,16.67999849,11.65083903
34.00000000,15.18000004,13.31855603,16.67999838,11.67754754
34.00999832,15.18000121,13.32433121,16.68359765,11.70000075
34.02000046,15.18000122,13.33004129,16.70800330,11.70000120
34.02999878,15.18000066,13.33568771,16.72999920,11.70282318
34.04000092,15.18000100,13.34126992,16.72999911,11.72876371
34.04999924,15.18000097,13.34678591,16.73000004,11.75435132
34.06000137,15.18221694,13.34999925,16.73000017,11.77960650
34.06999969,15.18763328,13.34999938,16.73451226,11.80000088
34.08000183,15.19313140,13.34999914,16.75943221,11.80000088
34.09000015,15.19870569,13.34999988,16.77999913,11.80454326
34.09999847,15.20437119,13.34999817,16.77999830,11.82912319
34.11000061,15.21012178,13.34999934,16.77999811,11.85340265
34.11999893,15.21596338,13.34999823,16.77999959,11.87737852
34.13000107,15.22189426,13.34999925,16.78114861,11.90000080
34.13999939,15.22791679,13.34999895,16.80663953,11.90000147
34.15000153,15.23000130,13.35365879,16.82999988,11.90223629
34.15999985,15.23000058,13.35918271,16.82999975,11.92564107
34.16999817,15.23000087,13.36465992,16.83000073,11.94877400
34.18000031,15.23000148,13.37009577,16.83000062,11.97165069
34.18999863,15.23000181,13.37548595,16.82999953,11.99426136
34.20000076,15.23000171,13.38083005,16.83000022,12.01662131
34.20999908,15.23000048,13.38613536,16.82999904,12.03872802
34.22000122,15.23000152,13.39140297,16.84274535,12.04999991
34.22999954,15.23000129,13.39662913,16.86922699,12.05000105
34.24000168,15.23000181,13.40181827,16.87999990,12.06306132
34.25000000,15.23000141,13.40696966,16.87999819,12.08472932
34.25999832,15.23000010,13.41208785,16.87999901,12.10616853
34.27000046,15.23000009,13.41717392,16.87999942,12.12739491
34.27999878,15.23000143,13.42222519,16.87999822,12.14839682
34.29000092,15.23000148,13.42724666,16.87999903,12.16919354
34.29999924,15.23000111,13.43223994,16.87999961,12.18977601
34.31000137,15.23000139,13.43720177,16.89366218,12.20000028
34.31999969,15.23000180,13.44213799,16.92131648,12.20000061
34.33000183,15.23000051,13.44704922,16.92999763,12.21407920
34.34000015,15.23000062,13.45192793,16.92999869,12.23432918
34.34999847,15.23000083,13.45678078,16.92999851,12.25439300
34.36000061,15.23000024,13.46161459,16.92999811,12.27427812
34.36999893,15.23000193,13.46641778,16.92999871,12.29397630
34.38000107,15.23000126,13.47120252,16.94982829,12.30000070
34.38999939,15.23000045,13.47596134,16.97885911,12.30000021
34.40000153,15.23000166,13.48069786,16.97999951,12.31884709
34.40999985,15.23000195,13.48540910,16.97999873,12.33828480
34.41999817,15.23000041,13.49009858,16.97999934,12.35755630
34.43000031,15.23000209,13.49477004,16.97999943,12.37667850
34.43999863,15.23000074,13.49942217,16.97999892,12.39563576
34.45000076,15.23650961,13.49999936,16.97999959,12.41444332
34.45999908,15.24409886,13.50000000,16.97999918,12.43309544
34.47000122,15.25185359,13.50000013,16.98264372,12.45000037
34.47999954,15.25978290,13.49999944,17.01334398,12.45000121
34.49000168,15.26788353,13.49999953,17.02999790,12.45864453
34.50000000,15.27616931,13.49999946,17.02999785,12.47711444
34.50999832,15.28000120,13.50266859,17.02999849,12.49544598
34.52000046,15.28000181,13.50755226,17.02999834,12.51364839
34.52999878,15.28000048,13.51241741,17.02999774,12.53171119
34.54000092,15.28000207,13.51726539,17.02999919,12.54965497
34.54999924,15.28000037,13.52209624,17.02999853,12.56746588
34.56000137,15.28000187,13.52691012,17.02999949,12.58515774
34.56999969,15.28000218,13.53170735,17.03513110,12.60000049
34.58000183,15.28000039,13.53649052,17.06853340,12.60000041
34.59000015,15.28000021,13.54125236,17.08000061,12.61168532
34.59999847,15.28000164,13.54600111,17.08000064,12.62926026
34.61000061,15.28000199,13.55073695,17.07999999,12.64672798
34.61999893,15.28000101,13.55545535,17.07999914,12.66407766
34.63000107,15.28000149,13.56016180,17.07999914,12.68132629
34.63999939,15.28000086,13.56485365,17.08000010,12.69845706
34.65000153,15.28000035,13.56953286,17.07999950,12.71549075
34.65999985,15.28000032,13.57419965,17.07999981,12.73241825
34.66999817,15.28000119,13.57885403,17.07999895,12.74924395
34.68000031,15.28000133,13.58350161,17.07999924,12.76597999
34.68999863,15.28000032,13.58813617,17.07999939,12.78261614
34.70000076,15.28000230,13.59276088,17.07999998,12.79916368
34.70999908,15.28000089,13.59737442,17.11594246,12.80000014
34.72000122,15.28000046,13.60197855,17.12999947,12.81058498
34.72999954,15.28000117,13.60657371,17.12999937,12.82717940
34.74000168,15.28000208,13.61116292,17.12999949,12.84369195
34.75000000,15.28000025,13.61574232,17.12999791,12.86011114
34.75999832,15.28000228,13.62031281,17.12999948,12.87644605
34.77000046,15.28000216,13.62487989,17.12999905,12.89270735
34.77999878,15.28000206,13.62943909,17.12999867,12.90887635
34.79000092,15.28000223,13.63398872,17.13000005,12.92497209
34.79999924,15.28000132,13.63853310,17.12999810,12.94098755
34.81000137,15.28000050,13.64307432,17.14868000,12.95000091
34.81999969,15.28000190,13.64761053,17.17999757,12.95455556
34.83000183,15.28597054,13.64999984,17.17999823,12.97065571
34.84000015,15.29892109,13.64999945,17.17999818,12.98667752
34.84999847,15.31230661,13.64999995,17.17999914,13.00262569
34.86000061,15.32615274,13.64999999,17.17999839,13.01850842
34.86999893,15.33000268,13.65350501,17.17999912,13.03431683
34.88000107,15.33000163,13.65831980,17.17999818,13.05006455
34.88999939,15.33000141,13.66312924,17.17999761,13.06573986
34.90000153,15.33000122,13.66793795,17.17999786,13.08135645
34.90999985,15.33000252,13.67274140,17.17999883,13.09690249
34.91999817,15.33000123,13.67754446,17.22055861,13.10000033
34.93000031,15.33000119,13.68234832,17.22999860,13.11283662
34.93999863,15.33000247,13.68715005,17.22999946,13.12848771
34.95000076,15.33000226,13.69195249,17.22999964,13.14408518
34.95999908,15.33000105,13.69675124,17.22999892,13.15961816
34.97000122,15.33000222,13.70155157,17.22999866,13.17510217
34.97999954,15.33000119,13.70635233,17.22999929,13.19052323
34.99000168,15.33000098,13.71115628,17.23000013,13.20589613
35.00000000,15.33000247,13.71595992,17.23000044,13.22120912
35.00999832,15.33000066,13.72076707,17.22999986,13.23647215
35.02000046,15.33000219,13.72557605,17.23676745,13.25000087
35.02999878,15.33000079,13.73038765,17.27999750,13.25465261
35.04000092,15.33000254,13.73520221,17.27999838,13.27003945
35.04999924,15.33000217,13.74001988,17.27999749,13.28537389
35.06000137,15.33000169,13.74484237,17.27999931,13.30066394
35.06999969,15.33000188,13.74966808,17.27999815,13.31589989
35.08000183,15.33000210,13.75450324,17.27999863,13.33109694
35.09000015,15.33000284,13.75934147,17.27999771,13.34624205
35.09999847,15.33000194,13.76418527,17.27999767,13.36134272
35.11000061,15.33000077,13.76903602,17.27999914,13.37640724
35.11999893,15.33000246,13.77389059,17.27999882,13.39142115
35.13000107,15.33000096,13.77875431,17.27999838,13.40640226
35.13999939,15.33000150,13.78362332,17.27999955,13.42133731
35.15000153,15.33000203,13.78850242,17.27999951,13.43623768
35.15999985,15.33000178,13.79338565,17.28621281,13.45000033
35.16999817,15.33000150,13.79827833,17.33000030,13.45738565
35.18000031,15.33000087,13.80318339,17.32999848,13.47242663
35.18999863,15.33000092,13.80809419,17.32999874,13.48742509
35.20000076,15.33000121,13.81301767,17.32999956,13.50238957
35.20999908,15.33000067,13.81794781,17.33000038,13.51731591
35.22000122,15.33000214,13.82288981,17.32999980,13.53221123
35.22999954,15.33000157,13.82784192,17.32999846,13.54706773
35.24000168,15.33000177,13.83280577,17.32999904,13.56189687
35.25000000,15.33000192,13.83778153,17.32999899,13.57668720
35.25999832,15.33000269,13.84276627,17.32999928,13.59144702
35.27000046,15.33000241,13.84776468,17.33000050,13.60617873
35.27999878,15.33000221,13.85277802,17.32999875,13.62087885
35.29000092,15.33000079,13.85780159,17.32999965,13.63555282
35.29999924,15.33000200,13.86283651,17.33181493,13.65000025
35.31000137,15.33000110,13.86788814,17.37999958,13.65973067
35.31999969,15.33000212,13.87294717,17.37999956,13.67455254
35.33000183,15.33000234,13.87802339,17.37999837,13.68935393
35.34000015,15.33000204,13.88311380,17.37999836,13.70412391
35.34999847,15.33000123,13.88821631,17.37999833,13.71886948
35.36000061,15.33000060,13.89333870,17.37999946,13.73359472
35.36999893,15.33000169,13.89847129,17.37999863,13.74828895
35.38000107,15.33000250,13.90362122,17.37999969,13.76296610
35.38999939,15.33000167,13.90878439,17.37999893,13.77761442
35.40000153,15.33000062,13.91396358,17.37999882,13.79224564
35.40999985,15.33000206,13.91915961,17.42999749,13.80410979
35.41999817,15.33000055,13.92436969,17.42999880,13.81892180
35.43000031,15.33000269,13.92959991,17.42999744,13.83371783
35.43999863,15.33000085,13.93484318,17.42999866,13.84848917
35.45000076,15.33000289,13.94010708,17.42999817,13.86324446
35.45999908,15.33000254,13.94538375,17.42999768,13.87797608
35.47000122,15.33000259,13.95068097,17.42999797,13.89269053
35.47999954,15.33000276,13.95599151,17.42999687,13.90738109
35.49000168,15.33000281,13.96132510,17.42999708,13.92205824
35.50000000,15.33000146,13.96667463,17.42999773,13.93671326
35.50999832,15.33000201,13.97204506,17.42999764,13.95134979
35.52000046,15.33000103,13.97743747,17.42999916,13.96597563
35.52999878,15.33000285,13.98284377,17.42999928,13.98057709
35.54000092,15.33000094,13.98827152,17.42999687,13.99517058
35.54999924,15.33000062,13.99371952,17.47999898,14.01012461
35.56000137,15.33000273,13.99918865,17.48000031,14.02490439
35.56999969,15.37999992,14.00549012,17.48000020,14.03966397
35.58000183,15.38000064,14.01121448,17.47999834,14.05441102
35.59000015,15.37999973,14.01695627,17.47999837,14.06913854
35.59999847,15.38000055,14.02271851,17.47999964,14.08385220
35.61000061,15.38000069,14.02850615,17.47999957,14.09855947
35.61999893,15.38000020,14.03431288,17.47999908,14.11324834
35.63000107,15.38000079,14.04014366,17.48000021,14.12793048
35.63999939,15.38000158,14.04599386,17.48000022,14.14259354
35.65000153,15.38000103,14.05186664,17.48000023,14.15724740
35.65999985,15.38000010,14.05775824,17.47999948,14.17188470
35.66999817,15.38000101,14.06367473,17.47999808,14.18650777
35.68000031,15.38000114,14.06961712,17.52999819,14.20425976
35.68999863,15.38000057,14.07557900,17.52999780,14.21906993
35.70000076,15.38000102,14.08156824,17.52999881,14.23387323
35.70999908,15.38000149,14.08757923,17.52999865,14.24865999
35.72000122,15.38000002,14.09361775,17.52999773,14.26344103
35.72999954,15.38000037,14.09967754,17.52999845,14.27820608
35.74000168,15.38000067,14.10576240,17.52999865,14.29296194
35.75000000,15.38000160,14.11186960,17.52999791,14.30770152
35.75999832,15.38000171,14.11800516,17.52999960,14.32243400
35.77000046,15.38000031,14.12416792,17.52999832,14.33716063
35.77999878,15.38000106,14.13035189,17.52999899,14.35186885
35.79000092,15.38000009,14.13656858,17.52999765,14.36657504
35.79999924,15.38000091,14.14280745,17.52999826,14.38126951
35.81000137,15.38000084,14.14907531,17.52999846,14.39595894
35.81999969,15.38000132,14.15536714,17.57999845,14.41657155
35.83000183,15.38000151,14.16168620,17.57999988,14.43143974
35.84000015,15.38000112,14.16802899,17.57999987,14.44629248
35.84999847,15.38000093,14.17439765,17.57999951,14.46113559
35.86000061,15.38000065,14.18079512,17.58000019,14.47597866
35.86999893,15.38000207,14.18721682,17.57999877,14.49080472
35.88000107,15.38000037,14.19366986,17.57999866,14.50563493
35.88999939,15.38000206,14.20014589,17.58000054,14.52045139
35.90000153,15.38000001,14.20664980,17.57999918,14.53526607
35.90999985,15.38000001,14.21317819,17.57999988,14.55006767
35.91999817,15.38000131,14.21973360,17.58000008,14.56486980
35.93000031,15.38000191,14.22631936,17.57999983,14.57966694
35.93999863,15.38000145,14.23292559,17.58000056,14.59445666
35.95000076,15.38000052,14.23956435,17.57999875,14.60924677
35.95999908,15.38000059,14.24622690,17.57999901,14.62402761
35.97000122,15.38000013,14.25291837,17.57999866,14.63881298
35.97999954,15.38000190,14.25963476,17.58000021,14.65358828
35.99000168,15.38000190,14.26638117,17.57999868,14.66836632
36.00000000,15.38000155,14.27314821,17.57999872,14.68313602
36.00999832,15.38000049,14.27994508,17.58000057,14.69790563
36.02000046,15.38000185,14.28677202,17.57999927,14.71267837
36.02999878,15.38000205,14.29362112,17.57999982,14.72744446
36.04000092,15.38000128,14.30050020,17.57999926,14.74221578
36.04999924,15.38000088,14.30740550,17.62999815,14.76719797
36.06000137,15.38000184,14.31433500,17.62999905,14.78214494
36.06999969,15.37999990,14.32129064,17.62999905,14.79708590
36.08000183,15.38000113,14.32827606,17.62999954,14.81203559
36.09000015,15.38000140,14.33528687,17.62999919,14.82697726
36.09999847,15.38000112,14.34232207,17.62999949,14.84192034
36.11000061,15.38000148,14.34938659,17.62999834,14.85687192
36.11999893,15.38000149,14.35647390,17.62999809,14.87181449
36.13000107,15.38000178,14.36359180,17.62999865,14.88676990
36.13999939,15.37999970,14.37073441,17.62999779,14.90172132
36.15000153,15.38000092,14.37790625,17.62999974,14.91668084
36.15999985,15.38000174,14.38510143,17.62999787,14.93163468
36.16999817,15.38000024,14.39232161,17.62999833,14.94659345
36.18000031,15.38000160,14.39956925,17.62999893,14.96156134
36.18999863,15.37999985,14.40684060,17.63000003,14.97652913
36.20000076,15.38000197,14.41414365,17.62999919,14.99150398
36.20999908,15.38000137,14.42146858,17.62999881,15.00648137
36.22000122,15.38000188,14.42882343,17.62999998,15.02147052
36.22999954,15.38000054,14.43620146,17.62999979,15.03645722
36.24000168,15.38000114,14.44360657,17.62460657,15.04999927
36.25000000,15.38000120,14.45103658,17.57999888,15.05278043
36.25999832,15.37999995,14.45849020,17.57999883,15.06761806
36.27000046,15.38000099,14.46597285,17.57999859,15.08246657
36.27999878,15.38000020,14.47347797,17.58000045,15.09732224
36.29000092,15.38000200,14.48101326,17.57999854,15.11218740
36.29999924,15.38000095,14.48857187,17.57999851,15.12705984
36.31000137,15.38000170,14.49615712,17.58000009,15.14194412
36.31999969,15.36732799,14.50000116,17.57999988,15.15682927
36.33000183,15.34202258,14.50000069,17.57999887,15.17173452
36.34000015,15.33000127,14.50388576,17.57999986,15.18664368
36.34999847,15.33000054,14.51140669,17.57490567,15.20000003
36.36000061,15.33000164,14.51895417,17.52999926,15.20099706
36.36999893,15.33000134,14.52652336,17.52999863,15.21577156
36.38000107,15.33000054,14.53412220,17.52999924,15.23056720
36.38999939,15.33000243,14.54174416,17.52999956,15.24536754
36.40000153,15.33000137,14.54939521,17.52999934,15.26018825
36.40999985,15.33000242,14.55706689,17.52999798,15.27501379
36.41999817,15.33000226,14.56476518,17.52999862,15.28985403
36.43000031,15.33000054,14.57248729,17.51583872,15.29999913
36.43999863,15.33000107,14.58023551,17.47999876,15.30277770
36.45000076,15.33000227,14.58801107,17.48000012,15.31750414
36.45999908,15.33000119,14.59580920,17.47999835,15.33224256
36.47000122,15.31948967,14.60000036,17.47999956,15.34700024
36.47999954,15.29710179,14.60000021,17.44628080,15.34999953
36.49000168,15.28000222,14.60174774,17.42999779,15.35894506
36.50000000,15.28000134,14.60948313,17.42999849,15.37358571
36.50999832,15.28000190,14.61724647,17.42999780,15.38824350
36.52000046,15.28000022,14.62503410,17.42999736,15.40292213
36.52999878,15.28000021,14.63284364,17.42999775,15.41761385
36.54000092,15.28000168,14.64068531,17.42999887,15.43232991
36.54999924,15.28000203,14.64854398,17.42999895,15.44705923
36.56000137,15.26282755,14.65000097,17.39845813,15.44999972
36.56999969,15.24203279,14.65000023,17.37999910,15.45769263
36.58000183,15.23000127,14.65323129,17.37999863,15.47232510
36.59000015,15.23000142,14.66103197,17.37999866,15.48697265
36.59999847,15.23000058,14.66885530,17.37576077,15.50000011
36.61000061,15.23000175,14.67670805,17.33815816,15.49999986
36.61999893,15.23000039,14.68458100,17.32999992,15.51136706
36.63000107,15.23000042,14.69248364,17.33000009,15.52595027
36.63999939,15.22898733,14.70000031,17.32999956,15.54054822
36.65000153,15.20927889,14.70000053,17.31716896,15.54999944
36.65999985,15.18982668,14.70000107,17.28123443,15.54999906
36.66999817,15.18000117,14.70384291,17.27999824,15.56400320
36.68000031,15.18000034,14.71170748,17.27999943,15.57854584
36.68999863,15.18000042,14.71959256,17.27999770,15.59309997
36.70000076,15.18000157,14.72750520,17.26165619,15.59999899
36.70999908,15.18000024,14.73543771,17.22999932,15.60117916
36.72000122,15.18000172,14.74339828,17.23000032,15.61565915
36.72999954,15.17678199,14.75000109,17.22999933,15.63016006
36.74000168,15.15826174,14.75000122,17.23000005,15.64469122
36.75000000,15.13996688,14.75000112,17.20875251,15.64999929
36.75999832,15.13000145,14.75356151,17.17563578,15.64999953
36.77000046,15.13000071,14.76148096,17.14292812,15.65000002
36.77999878,15.13000113,14.76942520,17.12999818,15.65860979
36.79000092,15.13000126,14.77739512,17.12999908,15.67295889
36.79999924,15.13000080,14.78538587,17.12999952,15.68733284
36.81000137,15.13000193,14.79340539,17.12616620,15.69999980
36.81999969,15.12684713,14.80000063,17.09463690,15.69999960
36.83000183,15.10934510,14.79999983,17.08000043,15.70761463
36.84000015,15.09205274,14.80000002,17.07999970,15.72194672
36.84999847,15.08000147,14.80236024,17.07999955,15.73630640
36.86000061,15.08000179,14.81033701,17.07849642,15.75000039
36.86999893,15.08000104,14.81833370,17.04804464,15.75000027
36.88000107,15.08000126,14.82635554,17.02999788,15.75575772
36.88999939,15.08000075,14.83439914,17.02999930,15.77008401
36.90000153,15.08000230,14.84247347,17.02999770,15.78445146
36.90999985,15.07884414,14.85000069,17.02999951,15.79884426
36.91999817,15.06227427,14.85000030,17.00289382,15.79999878
36.93000031,15.04586397,14.84999989,16.97999884,15.80309413
36.93999863,15.02963410,14.85000017,16.97999943,15.81742560
36.95000076,15.01355799,14.85000033,16.97999880,15.83179978
36.95999908,14.99765272,14.85000030,16.98000003,15.84620005
36.97000122,14.98189593,14.85000079,16.95895956,15.84999932
36.97999954,14.98000178,14.85697404,16.93066691,15.84999903
36.99000168,14.98000046,14.86493062,16.90265242,15.84999893
37.00000000,14.98000078,14.87290867,16.87493821,15.84999961
37.00999832,14.98000135,14.88090717,16.84750757,15.84999935
37.02000046,14.98000190,14.88893453,16.82033967,15.84999977
37.02999878,14.98000069,14.89697952,16.79345334,15.84999892
37.04000092,14.97044858,14.90000109,16.77999829,15.85696839
37.04999924,14.95530171,14.90000040,16.77999914,15.87103869
37.06000137,14.94028928,14.90000074,16.77999926,15.88515293
37.06999969,14.92542986,14.90000123,16.77999786,15.89929825
37.08000183,14.91070204,14.90000068,16.75511371,15.89999952
37.09000015,14.89612319,14.90000025,16.72999845,15.90043988
37.09999847,14.88167417,14.90000029,16.73000032,15.91454030
37.11000061,14.88000180,14.90698246,16.72999980,15.92868069
37.11999893,14.87999977,14.91490321,16.72999983,15.94286021
37.13000107,14.88000177,14.92285162,16.72999921,15.95708200
37.13999939,14.88000076,14.93081818,16.73000014,15.97134460
37.15000153,14.88000089,14.93880822,16.73000010,15.98565003
37.15999985,14.88000168,14.94681995,16.72999862,15.99999206
37.16999817,14.87152690,14.95000027,16.70489487,16.00000071
37.18000031,14.85758833,14.95000044,16.67999799,16.00000634
37.18999863,14.84377797,14.95000069,16.67999884,16.01430796
37.20000076,14.83009285,14.95000095,16.67999904,16.02865704
37.20999908,14.81653144,14.95000101,16.67999882,16.04304508
37.22000122,14.80309613,14.95000118,16.67999865,16.05748427
37.22999954,14.78977832,14.95000105,16.67999854,16.07196334
37.24000168,14.78000152,14.95204952,16.67999912,16.08649643
37.25000000,14.78000126,14.95991720,16.67821531,16.09999877
37.25999832,14.78000110,14.96780774,16.65403363,16.09999889
37.27000046,14.78000209,14.97572437,16.63004034,16.09999823
37.27999878,14.78000134,14.98366011,16.60626489,16.09999841
37.29000092,14.78000128,14.99162555,16.58267694,16.09999926
37.29999924,14.78000075,14.99960926,16.55929044,16.09999815
37.31000137,14.78000075,15.00761720,16.53609432,16.09999854
37.31999969,14.78000166,15.01565023,16.52999956,16.11057435
37.33000183,14.78000041,15.02371113,16.52999867,16.12499666
37.34000015,14.78000188,15.03179552,16.52999808,16.13946087
37.34999847,14.78000126,15.03989950,16.52375837,16.14999989
37.36000061,14.78000157,15.04803082,16.50104183,16.14999996
37.36999893,14.77039280,15.05000016,16.48000049,16.15095417
37.38000107,14.75781069,15.05000041,16.47999892,16.16543687
37.38999939,14.74534106,15.05000039,16.48000009,16.17996413
37.40000153,14.73296714,15.05000008,16.47999892,16.19454875
37.40999985,14.73000186,15.05612599,16.46606722,16.19999902
37.41999817,14.73000058,15.06422361,16.44398927,16.19999877
37.43000031,14.73000186,15.07235221,16.42999888,16.20528290
37.43999863,14.73000113,15.08050223,16.42999870,16.21988205
37.45000076,14.73000108,15.08868455,16.42999925,16.23454099
37.45999908,14.73000084,15.09688749,16.42999791,16.24924547
37.47000122,14.73000126,15.10512094,16.42999791,16.26401099
37.47999954,14.73000115,15.11337891,16.42999891,16.27882557
37.49000168,14.73000035,15.12166775,16.42999733,16.29370051
37.50000000,14.73000066,15.12997933,16.42999763,16.30862341
37.50999832,14.73000149,15.13832082,16.42999851,16.32360645
37.52000046,14.73000062,15.14669274,16.42999930,16.33864811
37.52999878,14.73000175,15.15509427,16.42999909,16.35374102
37.54000092,14.73000100,15.16352327,16.42999781,16.36889466
37.54999924,14.73000052,15.17198362,16.42999789,16.38410366
37.56000137,14.73000170,15.18047470,16.42999788,16.39937546
37.56999969,14.73000099,15.18899313,16.42999789,16.41470135
37.58000183,14.73000127,15.19754571,16.42999880,16.43009092
37.59000015,14.72159858,15.20000121,16.42999752,16.44553568
37.59999847,14.70989373,15.20000047,16.47999939,16.49769960
37.61000061,14.69827296,15.20000109,16.47999920,16.51347815
37.61999893,14.68673941,15.20000035,16.48000022,16.52931332
37.63000107,14.68000078,15.20351251,16.48000021,16.54521637
37.63999939,14.68000112,15.21204828,16.47999894,16.56117215
37.65000153,14.68000072,15.22061993,16.47999887,16.57719996
37.65999985,14.68000089,15.22922562,16.47999958,16.59329185
37.66999817,14.68000131,15.23786282,16.48000050,16.60944599
37.68000031,14.68000107,15.24653803,16.48000013,16.62567325
37.68999863,14.68000084,15.25524180,16.48000043,16.64195812
37.70000076,14.68000143,15.26398643,16.48000015,16.65831929
37.70999908,14.68000172,15.27276555,16.47999931,16.67474148
37.72000122,14.68000016,15.28158041,16.47999880,16.69123752
37.72999954,14.68000116,15.29043087,16.47999903,16.70779749
37.74000168,14.68000062,15.29931794,16.47999949,16.72443269
37.75000000,14.68000172,15.30824172,16.47999993,16.74113175
37.75999832,14.68000122,15.31720062,16.47999895,16.75789869
37.77000046,14.68000026,15.32619993,16.48000020,16.77474717
37.77999878,14.68000113,15.33523358,16.47999872,16.79165618
37.79000092,14.68000131,15.34431401,16.47999978,16.80865221
37.79999924,14.68000136,15.35342763,16.48000026,16.82571017
37.81000137,14.68000066,15.36258557,16.47999971,16.84284872
37.81999969,14.68000046,15.37177653,16.48000002,16.86005197
37.83000183,14.67999989,15.38101086,16.47999878,16.87733886
37.84000015,14.68000162,15.39028857,16.47999869,16.89469481
37.84999847,14.68000036,15.39960258,16.46556659,16.90000027
37.86000061,14.68000109,15.40896659,16.44490736,16.89999980
37.86999893,14.67999996,15.41836600,16.42999851,16.90476165
37.88000107,14.68000124,15.42781709,16.42999748,16.92220572
37.88999939,14.68000085,15.43730096,16.42999777,16.93971811
37.90000153,14.68000143,15.44683530,16.42151744,16.94999966
37.90999985,14.67260984,15.45000124,16.40119108,16.94999862
37.91999817,14.66162279,15.45000108,16.38099697,16.94999880
37.93000031,14.65069523,15.45000105,16.37999958,16.96673558
37.93999863,14.63983519,15.45000103,16.37999880,16.98441403
37.95000076,14.63000034,15.45085617,16.37999905,17.00218348
37.95999908,14.63000128,15.46042530,16.37999917,17.02002566
37.97000122,14.63000046,15.47004562,16.37999964,17.03795829
37.97999954,14.63000042,15.47970725,16.42888771,17.09999892
37.99000168,14.63000122,15.48942133,16.40864083,17.09999792
38.00000000,14.63000094,15.49918104,16.38851985,17.09999783
38.00999832,14.63000136,15.50898819,16.37999836,17.11050058
38.02000046,14.63000073,15.51884555,16.37999844,17.12885037
38.02999878,14.63000032,15.52875613,16.37999857,17.14728715
38.04000092,14.63000080,15.53871826,16.37999983,17.16581874
38.04999924,14.63000061,15.54872713,16.37999875,17.18442887
38.06000137,14.62064718,15.55000039,16.37999975,17.20313315
38.06999969,14.60999088,15.55000004,16.37999974,17.22191716
38.08000183,14.59938925,15.55000056,16.37999895,17.24080377
38.09000015,14.58884643,15.55000067,16.36976261,17.24999932
38.09999847,14.58000186,15.55157875,16.34995478,17.24999958
38.11000061,14.58000190,15.56165590,16.33025253,17.25000079
38.11999893,14.58000079,15.57177883,16.33000072,17.26874788
38.13000107,14.58000067,15.58196510,16.33000074,17.28784042
38.13999939,14.58000071,15.59220282,16.32283501,17.29999943
38.15000153,14.58000060,15.60249925,16.30330124,17.29999959
38.15999985,14.58000141,15.61284968,16.28388074,17.29999974
38.16999817,14.58000090,15.62325172,16.27999862,17.31535810
38.18000031,14.58000070,15.63371776,16.27999876,17.33466502
38.18999863,14.58000053,15.64423753,16.27999875,17.35405772
38.20000076,14.57523789,15.65000113,16.27999876,17.37355180
38.20999908,14.56479774,15.65000181,16.27999937,17.39314035
38.22000122,14.55439770,15.65000024,16.26743653,17.39999916
38.22999954,14.54405792,15.65000102,16.24823480,17.39999925
38.24000168,14.53376002,15.65000164,16.22999891,17.40089962
38.25000000,14.53000138,15.65673602,16.22999891,17.42062046
38.25999832,14.53000145,15.66741065,16.22999950,17.44043803
38.27000046,14.53000146,15.67815256,16.22011036,17.44999967
38.27999878,14.53000057,15.68894894,16.20116055,17.44999881
38.29000092,14.53000168,15.69981703,16.18229977,17.44999843
38.29999924,14.51990954,15.70000179,16.17999835,17.46751501
38.31000137,14.50968695,15.70000124,16.17999911,17.48758031
38.31999969,14.49951342,15.70000178,16.17280061,17.49999957
38.33000183,14.48937791,15.70000156,16.15408641,17.50000001
38.34000015,14.48000154,15.70077456,16.13547381,17.49999928
38.34999847,14.48000121,15.71175394,16.11695784,17.50000039
38.36000061,14.48000047,15.72279837,16.09852713,17.49999980
38.36999893,14.48000055,15.73390855,16.08019526,17.50000041
38.38000107,14.48000078,15.74508676,16.08000015,17.52002312
38.38999939,14.48000080,15.75633087,16.07999939,17.54036201
38.40000153,14.48000116,15.76765262,16.07034354,17.55000012
38.40999985,14.48000122,15.77903838,16.05214794,17.54999893
38.41999817,14.48000008,15.79049640,16.03403368,17.54999919
38.43000031,14.47821978,15.80000056,16.01600354,17.54999894
38.43999863,14.46808470,15.80000005,15.99806638,17.54999992
38.45000076,14.45799144,15.80000151,15.98021105,17.54999991
38.45999908,14.44793476,15.80000094,15.96244281,17.54999969
38.47000122,14.43791528,15.80000023,15.94475674,17.54999876
38.47999954,14.43000122,15.80241043,15.92999961,17.55331406
38.49000168,14.43000093,15.81408912,15.92999930,17.57388825
38.50000000,14.42999988,15.82584217,15.92999867,17.59456585
38.50999832,14.43000023,15.83767013,15.92999956,17.61535660
38.52000046,14.43000004,15.84957644,15.92999865,17.63626539
38.52999878,14.42034354,15.84999998,15.92391300,17.64999962
38.54000092,14.41036857,15.85000172,15.90637321,17.64999965
38.54999924,14.40042698,15.85000116,15.88892086,17.65000048
38.56000137,14.39051754,15.85000018,15.87154039,17.65000038
38.56999969,14.38064640,15.85000078,15.85424373,17.64999947
38.58000183,14.38000062,15.86128970,15.83702123,17.64999984
38.59000015,14.37999993,15.87344113,15.82999930,17.66248329
38.59999847,14.38000037,15.88567911,15.82999968,17.68370646
38.61000061,14.38000071,15.89800249,15.82594169,17.69999949
38.61999893,14.37169594,15.90000172,15.80882802,17.69999948
38.63000107,14.36181547,15.90000144,15.79178386,17.69999921
38.63999939,14.35196604,15.90000034,15.77481581,17.69999800
38.65000153,14.34214613,15.90000184,15.75791812,17.69999942
38.65999985,14.33235984,15.90000134,15.74109946,17.69999915
38.66999817,14.32260544,15.90000043,15.72999870,17.70724702
38.68000031,14.31287503,15.90000166,15.72999964,17.72881032
38.68999863,14.30317847,15.90000162,15.72962520,17.74999973
38.70000076,14.29350742,15.90000155,15.71289497,17.74999909
38.70999908,14.28386891,15.90000115,15.69624419,17.75000063
38.72000122,14.28000121,15.90756595,15.67965575,17.75000042
38.72999954,14.28000162,15.92028223,15.66314120,17.74999979
38.74000168,14.28000112,15.93309290,15.64669262,17.74999964
38.75000000,14.28000160,15.94598892,15.63032002,17.74999986
38.75999832,14.27331559,15.95000187,15.62999957,17.77146547
38.77000046,14.26364764,15.95000199,15.62999945,17.79349336
38.77999878,14.25401020,15.95000101,15.61846455,17.79999923
38.79000092,14.24439558,15.95000172,15.56546998,17.75000062
38.79999924,14.23480491,15.95000114,15.54942326,17.75000040
38.81000137,14.23000102,15.95655303,15.53343355,17.75000041
38.81999969,14.23000075,15.96977670,15.53000006,17.76726615
38.83000183,14.23000096,15.98310146,15.52999978,17.78939081
38.84000015,14.23000105,15.99651468,15.52166915,17.80000029
38.84999847,14.22285428,16.00000118,15.50575993,17.79999857
38.86000061,14.21323170,16.00000219,15.48991102,17.79999883
38.86999893,14.20363542,16.00000286,15.47412443,17.79999826
38.88000107,14.19405771,16.00000231,15.45839700,17.79999837
38.88999939,14.18450372,16.00000290,15.44273303,17.79999933
38.90000153,14.18000050,16.00722971,15.42712972,17.79999832
38.90999985,14.18000030,16.02099954,15.41158365,17.79999834
38.91999817,14.18000118,16.03487528,15.39610138,17.79999997
38.93000031,14.18000119,16.04885017,15.38067005,17.79999864
38.93999863,14.18000065,16.06292896,15.37999842,17.82153773
38.95000076,14.18000055,16.07712069,15.37999838,17.84419668
38.95999908,14.18000111,16.09141613,15.36852059,17.84999915
38.97000122,14.17608928,16.09999969,15.35315496,17.84999860
38.97999954,14.16639794,16.10000029,15.33784737,17.84999852
38.99000168,14.15672283,16.10000114,15.33000011,17.86111481
39.00000000,14.14707245,16.10000028,15.32999985,17.88407911
39.00999832,14.13744209,16.10000106,15.32525826,17.89999867
39.02000046,14.12782286,16.09999996,15.31001062,17.89999964
39.02999878,14.11822946,16.10000011,15.29482534,17.90000051
39.04000092,14.10865069,16.10000008,15.27968452,17.89999888
39.04999924,14.09909141,16.10000025,15.26460508,17.89999899
39.06000137,14.08954929,16.10000123,15.24957563,17.89999871
39.06999969,14.08002752,16.10000014,15.23460631,17.89999983
39.08000183,14.07051993,16.10000039,15.22999931,17.91615938
39.09000015,14.06103027,16.10000059,15.22999966,17.93963664
39.09999847,14.05155819,16.10000129,15.22162031,17.94999846
39.11000061,14.04209660,16.09999956,15.20670202,17.94999869
39.11999893,14.03265241,16.10000069,15.19183735,17.94999950
39.13000107,14.03000122,16.11087130,15.17701835,17.94999791
39.13999939,14.03000146,16.12608612,15.16225717,17.94999960
39.15000153,14.03000048,16.14142140,15.14754025,17.94999930
39.15999985,14.02577244,16.15000121,15.13287530,17.94999884
39.16999817,14.01625992,16.15000059,15.12999873,17.96916532
39.18000031,14.00675536,16.15000223,15.12999863,17.99316543
39.18999863,13.99727085,16.15000082,15.11950653,17.99999985
39.20000076,13.98779428,16.15000096,15.10489409,18.00000050
39.20999908,13.97833632,16.15000057,15.09033354,17.99999898
39.22000122,13.96888504,16.15000154,15.07581604,18.00000073
39.22999954,13.95945218,16.15000097,15.06135280,18.00000050
39.24000168,13.95002505,16.15000166,15.04692790,18.00000058
39.25000000,13.94061587,16.15000065,15.03255591,17.99999959
39.25999832,13.93121714,16.15000185,15.02999939,18.02003193
39.27000046,13.92182557,16.15000154,15.02999991,18.04454333
39.27999878,13.91244625,16.15000154,15.01882208,18.04999995
39.29000092,13.90307644,16.15000197,15.00449543,18.05000016
39.29999924,13.89372111,16.15000135,14.99022014,18.04999965
39.31000137,13.88437067,16.15000172,14.97598336,18.04999902
39.31999969,13.88000017,16.15868195,14.96179887,18.04999849
39.33000183,13.88000076,16.17511058,14.94765055,18.04999830
39.34000015,13.88000082,16.19165936,14.93355269,18.04999888
39.34999847,13.87529370,16.20000185,14.91949746,18.05000024
39.36000061,13.86586041,16.20000077,14.90547801,18.04999855
39.36999893,13.85644086,16.20000149,14.89150726,18.04999850
39.38000107,13.84702532,16.20000082,14.87757319,18.04999827
39.38999939,13.83762260,16.20000187,14.86368444,18.04999859
39.40000153,13.82822246,16.20000049,14.84983419,18.04999881
39.40999985,13.81883502,16.20000122,14.83603140,18.04999907
39.41999817,13.80945377,16.20000103,14.82999994,18.06412873
39.43000031,13.80007880,16.20000158,14.82999992,18.08936717
39.43999863,13.79071029,16.20000139,14.82199223,18.09999929
39.45000076,13.78134363,16.20000176,14.80822615,18.09999747
39.45999908,13.77199064,16.20000072,14.79450905,18.09999798
39.47000122,13.76263739,16.20000113,14.78082246,18.09999761
39.47999954,13.75329295,16.20000083,14.76718278,18.09999906
39.49000168,13.74394807,16.20000030,14.75357322,18.09999878
39.50000000,13.73461469,16.20000112,14.74001021,18.09999856
39.50999832,13.72528684,16.20000031,14.72648607,18.09999920
39.52000046,13.71595925,16.20000165,14.71299107,18.09999900
39.52999878,13.70663942,16.20000006,14.69953951,18.09999781
39.54000092,13.69731826,16.20000156,14.68611898,18.09999764
39.54999924,13.68800704,16.20000138,14.67273939,18.09999767
39.56000137,13.67999984,16.20252806,14.65939482,18.09999922
39.56999969,13.68000003,16.22063052,14.64608956,18.09999745
39.58000183,13.68000075,16.23888835,14.63281359,18.09999770
39.59000015,13.67628499,16.25000122,14.62999888,18.12044062
39.59999847,13.66688758,16.25000102,14.62999921,18.14652206
39.61000061,13.65749097,16.25000103,14.61848917,18.14999914
39.61999893,13.64809955,16.25000289,14.60525300,18.14999998
39.63000107,13.63870681,16.25000109,14.59204689,18.14999983
39.63999939,13.62932187,16.25000242,14.57887630,18.14999928
39.65000153,13.61993732,16.25000249,14.56573729,18.15000029
39.65999985,13.61055894,16.25000186,14.55263519,18.14999876
39.66999817,13.60118109,16.25000261,14.53956480,18.14999890
39.68000031,13.59180237,16.25000172,14.52652271,18.14999915
39.68999863,13.58243337,16.25000288,14.51352079,18.14999995
39.70000076,13.57306130,16.25000112,14.50054668,18.14999884
39.70999908,13.56369491,16.25000265,14.48760499,18.14999871
39.72000122,13.55432125,16.25000142,14.47468966,18.14999867
39.72999954,13.54495560,16.25000177,14.46181038,18.15000023
39.74000168,13.53559034,16.25000163,14.44895954,18.14999856
39.75000000,13.52623024,16.25000293,14.43614276,18.14999860
39.75999832,13.51686796,16.25000166,14.42999938,18.16392614
39.77000046,13.50750341,16.25000199,14.42999885,18.19082668
39.77999878,13.49814261,16.25000226,14.42154068,18.19999955
39.79000092,13.48878017,16.25000140,14.40874867,18.19999951
39.79999924,13.48000013,16.25123101,14.39599036,18.19999930
39.81000137,13.48000031,16.27122816,14.38325487,18.19999915
39.81999969,13.48000023,16.29136298,14.37055586,18.19999892
39.83000183,13.47458173,16.30000183,14.35787839,18.19999887
39.84000015,13.46513671,16.30000049,14.34523294,18.19999969
39.84999847,13.45569243,16.30000114,14.33261538,18.19999892
39.86000061,13.44624292,16.30000086,14.32002150,18.19999849
39.86999893,13.43679834,16.30000227,14.30745642,18.19999787
39.88000107,13.42734735,16.30000113,14.29491738,18.19999966
39.88999939,13.41790429,16.30000140,14.28240812,18.19999974
39.90000153,13.40845193,16.30000140,14.27999979,18.22222838
39.90999985,13.39900427,16.30000075,14.28000014,18.24988177
39.91999817,13.38955515,16.30000234,14.26754404,18.24999943
39.93000031,13.38010232,16.30000098,14.25505686,18.24999952
39.93999863,13.37065115,16.30000183,14.24259956,18.24999877
39.95000076,13.36119610,16.30000152,14.23016388,18.25000013
39.95999908,13.35174469,16.30000194,14.21776111,18.24999874
39.97000122,13.34228704,16.30000077,14.20537596,18.25000026
39.97999954,13.33283168,16.30000030,14.19302063,18.25000010
39.99000168,13.32337122,16.30000178,14.18068860,18.24999908
40.00000000,13.31391020,16.30000063,14.16838275,18.24999876
40.00999832,13.30445024,16.30000173,14.15610314,18.24999959
40.02000046,13.29498274,16.30000147,14.14383886,18.24999888
40.02999878,13.28551810,16.30000234,14.13160964,18.25000085
40.04000092,13.28000097,16.30915144,14.12999935,18.27452546
40.04999924,13.28000053,16.33114759,14.12876200,18.29999950
40.06000137,13.27857858,16.35000004,14.11652311,18.29999812
40.06999969,13.26903453,16.34999997,14.10431592,18.29999828
40.08000183,13.25948032,16.35000159,14.09212581,18.29999878
40.09000015,13.24993227,16.35000061,14.07996387,18.30000001
40.09999847,13.24037891,16.35000085,14.06782213,18.29999943
40.11000061,13.23082024,16.35000115,14.05570125,18.29999815
40.11999893,13.22126181,16.35000113,14.04360589,18.29999896
40.13000107,13.21169289,16.35000021,14.03152644,18.29999831
40.13999939,13.20212797,16.35000162,14.01947386,18.29999809
40.15000153,13.19255435,16.34999983,14.00743869,18.29999968
40.15999985,13.18298425,16.35000022,13.99542935,18.29999921
40.16999817,13.17341084,16.35000078,13.98344463,18.29999822
40.18000031,13.16383037,16.35000052,13.97147580,18.30000001
40.18999863,13.15424683,16.34999995,13.95952806,18.29999973
40.20000076,13.14465910,16.35000111,13.94760031,18.29999931
40.20999908,13.13506833,16.35000052,13.93569675,18.29999930
40.22000122,13.12547393,16.35000051,13.92999956,18.31512255
40.22999954,13.11587551,16.35000135,13.92999933,18.34422424
40.24000168,13.10627294,16.35000152,13.92045362,18.34999887
40.25000000,13.09666575,16.34999974,13.90857361,18.34999858
40.25999832,13.08705525,16.35000142,13.89671072,18.34999916
40.27000046,13.08000102,16.35635081,13.88486683,18.34999771
40.27999878,13.08000048,16.38026073,13.87304272,18.34999763
40.29000092,13.07826396,16.40000192,13.86123586,18.34999774
40.29999924,13.06858306,16.40000066,13.84945262,18.34999778
40.31000137,13.05888975,16.40000149,13.83768417,18.34999756
40.31999969,13.04919628,16.40000164,13.82593809,18.34999908
40.33000183,13.03949705,16.40000123,13.81420933,18.34999936
40.34000015,13.02979443,16.40000259,13.80249994,18.34999847
40.34999847,13.02008983,16.40000101,13.79081035,18.34999737
40.36000061,13.01037758,16.40000104,13.77999939,18.35218953
40.36999893,13.00066127,16.40000262,13.77999976,18.38183497
40.38000107,12.99093905,16.40000159,13.77545570,18.39999966
40.38999939,12.98121451,16.40000262,13.76378781,18.39999893
40.40000153,12.97147994,16.40000230,13.75213382,18.39999910
40.40999985,12.96174833,16.40000183,13.74050398,18.39999973
40.41999817,12.95200591,16.40000074,13.72888729,18.39999922
40.43000031,12.94225437,16.40000115,13.71728548,18.40000010
40.43999863,12.93250422,16.40000056,13.70570238,18.39999951
40.45000076,12.93000003,16.41880947,13.69413492,18.40000001
40.45999908,12.93000007,16.44421495,13.68258902,18.39999874
40.47000122,12.92241376,16.45000075,13.67105345,18.39999994
40.47999954,12.91259801,16.45000018,13.65953520,18.39999861
40.49000168,12.90277714,16.45000145,13.64803449,18.39999945
40.50000000,12.89295264,16.45000122,13.63655007,18.40000052
40.50999832,12.88312622,16.45000036,13.62999932,18.41292218
40.52000046,12.87328784,16.45000013,13.62999935,18.44313348
40.52999878,12.86344795,16.45000170,13.62112533,18.44999883
40.54000092,12.85360294,16.45000161,13.60965837,18.44999914
40.54999924,12.84375625,16.45000033,13.59820799,18.44999806
40.56000137,12.83389808,16.45000062,13.58677120,18.44999837
40.56999969,12.82403945,16.44999997,13.57535113,18.44999797
40.58000183,12.81417308,16.44999977,13.56394186,18.44999786
40.59000015,12.80430454,16.45000077,13.55255068,18.44999816
40.59999847,12.79443388,16.45000069,13.54117641,18.44999967
40.61000061,12.78455479,16.45000192,13.52981092,18.44999779
40.61999893,12.78000034,16.46432895,13.51846443,18.44999820
40.63000107,12.78000028,16.49100673,13.50712719,18.44999936
40.63999939,12.77341074,16.50000136,13.49580615,18.44999973
40.65000153,12.76347365,16.50000127,13.48449331,18.44999853
40.65999985,12.75353410,16.50000269,13.47319776,18.44999856
40.66999817,12.74358832,16.50000234,13.46191509,18.44999934
40.68000031,12.73363620,16.50000180,13.45063978,18.44999925
40.68999863,12.72368188,16.50000293,13.43938194,18.44999816
40.70000076,12.71372101,16.50000204,13.42999950,18.45508736
40.70999908,12.70375818,16.50000250,13.42999959,18.48580797
40.72000122,12.69378832,16.50000290,13.42393605,18.50000014
40.72999954,12.68381595,16.50000183,13.41269793,18.50000080
40.74000168,12.67383722,16.50000160,13.40146998,18.50000065
40.75000000,12.66385726,16.50000151,13.39025470,18.50000036
40.75999832,12.65387335,16.50000214,13.37905278,18.49999876
40.77000046,12.64387790,16.50000292,13.36785829,18.50000027
40.77999878,12.63387815,16.50000244,13.35667716,18.49999874
40.79000092,12.63000024,16.51698200,13.34550527,18.49999918
40.79999924,12.62999974,16.54477840,13.33435050,18.49999946
40.81000137,12.62183573,16.55000181,13.32319996,18.50000042
40.81999969,12.61179344,16.55000230,13.31206553,18.49999911
40.83000183,12.60174179,16.55000099,13.30093965,18.49999926
40.84000015,12.59168883,16.55000242,13.28982626,18.49999940
40.84999847,12.58163304,16.55000163,13.27872536,18.49999917
40.86000061,12.57156928,16.55000070,13.26763236,18.50000039
40.86999893,12.56150198,16.55000232,13.25654925,18.49999887
40.88000107,12.55142524,16.55000141,13.24547256,18.49999898
40.88999939,12.54134870,16.55000214,13.23441427,18.49999906
40.90000153,12.53126516,16.55000094,13.22999973,18.51871618
40.90999985,12.52117936,16.55000123,13.22999983,18.54989234
40.91999817,12.51109240,16.55000090,13.21898194,18.54999912
40.93000031,12.50099538,16.55000120,13.20793487,18.54999874
40.93999863,12.49089393,16.55000106,13.19689649,18.54999801
40.95000076,12.48078696,16.55000042,13.18586463,18.55000007
40.95999908,12.48000071,16.57647556,13.17484631,18.54999918
40.97000122,12.47814594,16.60000143,13.16383493,18.54999869
40.97999954,12.46800610,16.60000152,13.15283788,18.54999980
40.99000168,12.45786063,16.60000019,13.14184434,18.54999851
41.00000000,12.44771272,16.60000153,13.13086187,18.55000012
41.00999832,12.43755969,16.60000076,13.11989020,18.54999874
41.02000046,12.42740010,16.60000139,13.10892281,18.54999997
41.02999878,12.41724205,16.60000171,13.09796984,18.54999871
41.04000092,12.40707390,16.59999993,13.08702229,18.54999994
41.04999924,12.39690369,16.60000006,13.07608386,18.54999885
41.06000137,12.38672825,16.60000113,13.06515022,18.55000017
41.06999969,12.37655155,16.59999987,13.05422847,18.54999966
41.08000183,12.36636495,16.60000032,13.04330916,18.54999868
41.09000015,12.35617885,16.60000146,13.03240472,18.54999840
41.09999847,12.34598930,16.60000103,13.02999950,18.57451863
41.11000061,12.33579139,16.60000000,13.02791461,18.59999909
41.11999893,12.32559281,16.60000134,13.01701381,18.59999795
41.13000107,12.31538644,16.60000097,13.00611563,18.59999894
41.13999939,12.30517987,16.60000124,12.99523016,18.59999842
41.15000153,12.29496252,16.60000031,12.98434710,18.59999736
41.15999985,12.28474690,16.60000135,12.97347494,18.59999727
41.16999817,12.27452680,16.60000140,12.96260997,18.59999723
41.18000031,12.26429656,16.60000077,12.95174884,18.59999936
41.18999863,12.25406926,16.60000006,12.94090033,18.59999773
41.20000076,12.24383357,16.60000026,12.93005500,18.59999817
41.20999908,12.23359752,16.59999973,12.91921977,18.59999932
41.22000122,12.23000037,16.61940225,12.90838721,18.59999878
41.22999954,12.23000029,16.64935438,12.89756475,18.59999830
41.24000168,12.21995638,16.65000256,12.88674573,18.59999817
41.25000000,12.20968797,16.65000283,12.87593406,18.59999841
41.25999832,12.19941740,16.65000236,12.86513029,18.59999945
41.27000046,12.18913754,16.65000058,12.85432781,18.59999801
41.27999878,12.17886193,16.65000264,12.84353579,18.59999818
41.29000092,12.16857409,16.65000076,12.83274430,18.59999776
41.29999924,12.15828783,16.65000148,12.83000001,18.62360257
41.31000137,12.14799361,16.65000194,12.82819147,18.64999870
41.31999969,12.13770199,16.65000224,12.81741284,18.64999963
41.33000183,12.12739872,16.65000076,12.80663312,18.65000012
41.34000015,12.11710068,16.65000273,12.79586402,18.64999959
41.34999847,12.10679384,16.65000194,12.78510050,18.64999905
41.36000061,12.09648299,16.65000190,12.77433985,18.64999942
41.36999893,12.08617183,16.65000271,12.76358517,18.64999836
41.38000107,12.05892937,16.60000109,12.75283725,18.64999952
41.38999939,12.04862016,16.60000132,12.74209451,18.64999951
41.40000153,12.03830337,16.59999962,12.73135168,18.65000010
41.40999985,12.02798596,16.59999982,12.72061969,18.64999859
41.41999817,12.01766641,16.60000030,12.70989038,18.64999850
41.43000031,12.00733715,16.60000008,12.69916484,18.65000050
41.43999863,11.99701452,16.60000113,12.68844983,18.65000003
41.45000076,11.98668024,16.60000034,12.67773277,18.64999949
41.45999908,11.98000060,16.61084090,12.66702650,18.64999827
41.47000122,11.98000007,16.64155829,12.65631994,18.64999927
41.47999954,11.97249628,16.65000282,12.64562452,18.64999978
41.49000168,11.96214021,16.65000211,12.63492608,18.64999833
41.50000000,11.95178487,16.65000056,12.62423694,18.64999827
41.50999832,11.94142702,16.65000217,12.61355097,18.64999935
41.52000046,11.93105904,16.65000229,12.60286379,18.64999860
41.52999878,11.92069100,16.65000148,12.59218663,18.64999864
41.54000092,11.91032065,16.65000159,12.58151069,18.64999822
41.54999924,11.89994650,16.65000065,12.57084078,18.64999872
41.56000137,11.88957045,16.65000137,12.56017069,18.65000013
41.56999969,11.86243251,16.59999969,12.54951098,18.65000036
41.58000183,11.85205451,16.60000138,12.53884906,18.64999940
41.59000015,11.84167671,16.60000112,12.52999968,18.65539875
41.59999847,11.83129771,16.60000033,12.53000012,18.68721558
41.61000061,11.82090642,16.60000106,12.52362280,18.69999931
41.61999893,11.81052230,16.60000140,12.51297187,18.69999873
41.63000107,11.80012655,16.60000012,12.50231781,18.69999891
41.63999939,11.78973370,16.60000122,12.49167519,18.69999843
41.65000153,11.76262435,16.55000038,12.48102944,18.69999905
41.65999985,11.75223145,16.55000073,12.47039201,18.69999881
41.66999817,11.74183680,16.55000203,12.45975834,18.69999761
41.68000031,11.71474376,16.50000164,12.44912318,18.69999783
41.68999863,11.70434697,16.50000111,12.43849696,18.69999926
41.70000076,11.69394329,16.50000133,12.42786744,18.69999760
41.70999908,11.68354073,16.50000240,12.41724585,18.69999976
41.72000122,11.63978984,16.40000271,12.40662003,18.69999848
41.72999954,11.62938903,16.40000078,12.39600379,18.69999875
41.74000168,11.61898037,16.40000142,12.38538307,18.69999797
41.75000000,11.60857532,16.40000150,12.37999893,18.71568759
41.75999832,11.59816652,16.40000060,12.37999934,18.74754032
41.77000046,11.58775185,16.40000094,12.37020071,18.74999888
41.77999878,11.58000106,16.40799957,12.35959337,18.74999910
41.79000092,11.58000099,16.43931731,12.34898321,18.75000089
41.79999924,11.57313087,16.45000184,12.33837889,18.74999945
41.81000137,11.56269926,16.45000018,12.32777183,18.74999957
41.81999969,11.55227028,16.44999993,12.31717089,18.74999993
41.83000183,11.54183262,16.44999992,12.30656795,18.75000096
41.84000015,11.53139764,16.45000146,12.29597207,18.74999921
41.84999847,11.52096111,16.45000170,12.28538073,18.74999964
41.86000061,11.51051659,16.45000146,12.27478314,18.74999885
41.86999893,11.50007554,16.45000052,12.26419438,18.75000056
41.88000107,11.48963100,16.45000201,12.25360364,18.74999905
41.88999939,11.48000075,16.45246973,12.24301775,18.75000082
41.90000153,11.48000062,16.48393515,12.23242915,18.74999897
41.90999985,11.47487949,16.50000168,12.22184702,18.75000011
41.91999817,11.46442614,16.50000223,12.21126593,18.74999928
41.93000031,11.45396737,16.50000317,12.20068498,18.74999974
41.93999863,11.44350691,16.50000223,12.19010503,18.74999979
41.95000076,11.43304411,16.50000242,12.17999936,18.75142478
41.95999908,11.43000056,16.52235177,12.17999958,18.78330553
41.97000122,11.42870109,16.55000055,12.17495772,18.79999816
41.97999954,11.41823229,16.55000066,12.16438390,18.79999981
41.99000168,11.40776335,16.55000034,12.15380678,18.79999926
42.00000000,11.39729195,16.55000108,12.14323307,18.79999793
42.00999832,11.38681941,16.55000022,12.13266379,18.79999836
42.02000046,11.37999975,16.56102544,12.12209137,18.79999882
42.02999878,11.37999999,16.59263260,12.11152080,18.79999899
42.04000092,11.37196081,16.60000047,12.10095031,18.79999850
42.04999924,11.36148596,16.60000071,12.09038433,18.79999815
42.06000137,11.35100220,16.60000174,12.07999994,18.80056036
42.06999969,11.34052342,16.60000079,12.08000018,18.83245652
42.08000183,11.33004155,16.59999962,12.07524167,18.84999756
42.09000015,11.31956084,16.60000180,12.06467786,18.84999911
42.09999847,11.30907953,16.60000168,12.05411352,18.84999822
42.11000061,11.29859657,16.60000149,12.04354745,18.84999726
42.11999893,11.28811232,16.60000176,12.03298327,18.84999823
42.13000107,11.28000058,16.60716794,12.02241770,18.84999939
42.13999939,11.28000063,16.63883891,12.01185779,18.84999795
42.15000153,11.27320590,16.65000156,12.00129083,18.84999820
42.15999985,11.26272070,16.65000079,11.99073139,18.84999894
42.16999817,11.25223763,16.65000227,11.98017220,18.84999730
42.18000031,11.24174633,16.65000096,11.97999978,18.88141126
42.18999863,11.23126130,16.65000240,11.97558795,18.89999906
42.20000076,11.22077338,16.65000139,11.96502561,18.89999937
42.20999908,11.21029064,16.65000080,11.95446670,18.89999834
42.22000122,11.19980116,16.65000257,11.94390302,18.89999883
42.22999954,11.18931752,16.65000135,11.93334326,18.89999963
42.24000168,11.18000000,16.65354427,11.92277812,18.90000038
42.25000000,11.17999994,16.68525089,11.91221592,18.89999947
42.25999832,11.17438989,16.70000015,11.90165602,18.90000033
42.27000046,11.16390402,16.70000133,11.89109301,18.89999866
42.27999878,11.15341805,16.70000121,11.88053317,18.89999992
42.29000092,11.14293169,16.70000002,11.87999890,18.93034968
42.29999924,11.13245049,16.70000091,11.87593062,18.94999965
42.31000137,11.12196841,16.70000180,11.86536583,18.94999962
42.31999969,11.11148709,16.70000057,11.85480355,18.94999935
42.33000183,11.10100418,16.70000040,11.84423559,18.94999911
42.34000015,11.09052898,16.70000098,11.83367493,18.94999961
42.34999847,11.08005065,16.70000042,11.82310943,18.94999939
42.36000061,11.08000061,16.73159377,11.81254042,18.94999951
42.36999893,11.07560354,16.75000155,11.80197902,18.94999770
42.38000107,11.06512654,16.75000306,11.79141122,18.94999832
42.38999939,11.05465236,16.75000102,11.78084978,18.94999948
42.40000153,11.04417563,16.75000280,11.77028149,18.94999804
42.40999985,11.03370483,16.75000134,11.75971631,18.94999938
42.41999817,11.03000044,16.77050537,11.74915281,18.94999894
42.43000031,11.02925500,16.80000160,11.73858077,18.94999744
42.43999863,11.01878337,16.80000112,11.72999939,18.95601376
42.45000076,11.00831166,16.80000115,11.72999992,18.98806488
42.45999908,10.99784148,16.80000051,11.72336935,18.99999869
42.47000122,10.98736955,16.80000078,11.71279558,18.99999906
42.47999954,10.97690185,16.80000081,11.70222578,18.99999946
42.49000168,10.96643256,16.80000116,11.69165398,19.00000018
42.50000000,10.95596876,16.80000101,11.68108456,18.99999877
42.50999832,10.94550792,16.80000109,11.67051693,19.00000074
42.52000046,10.93503969,16.80000051,11.65994183,18.99999932
42.52999878,10.92999981,16.81645584,11.64937146,19.00000050
42.54000092,10.93000032,16.84822576,11.63879894,18.99999958
42.54999924,10.92012430,16.85000131,11.62999930,19.00537642
42.56000137,10.90966024,16.85000037,11.62999934,19.03749583
42.56999969,10.89919988,16.85000157,11.62354311,19.04999950
42.58000183,10.88873665,16.85000011,11.61296496,19.04999968
42.59000015,10.87828091,16.85000113,11.60239092,19.04999865
42.59999847,10.86782589,16.85000013,11.59182036,19.04999957
42.61000061,10.85736490,16.84999963,11.58123949,19.05000018
42.61999893,10.84691093,16.85000019,11.57066384,19.04999966
42.63000107,10.83645678,16.84999957,11.56008436,19.04999907
42.63999939,10.83000083,16.86214969,11.54951021,19.04999804
42.65000153,10.83000068,16.89394159,11.53893348,19.04999939
42.65999985,10.82154371,16.90000221,11.52835975,19.04999953
42.66999817,10.81109225,16.90000163,11.51778171,19.04999948
42.68000031,10.80063811,16.90000134,11.50720286,19.04999904
42.68999863,10.79019326,16.90000280,11.49662805,19.04999951
42.70000076,10.77973844,16.90000173,11.48604597,19.04999924
42.70999908,10.76929045,16.90000106,11.47999950,19.06379393
42.72000122,10.75884213,16.90000154,11.47999937,19.09602006
42.72999954,10.74839949,16.90000166,11.47072494,19.09999729
42.74000168,10.73795317,16.90000240,11.46014291,19.09999889
42.75000000,10.73000013,16.90758618,11.44956373,19.09999865
42.75999832,10.73000060,16.93940106,11.43898506,19.09999810
42.77000046,10.72303231,16.95000027,11.42839839,19.09999835
42.77999878,10.71258971,16.95000070,11.41781632,19.09999843
42.79000092,10.70214541,16.95000124,11.40723283,19.09999822
42.79999924,10.69170771,16.95000105,11.39665149,19.09999902
42.81000137,10.68126779,16.95000074,11.38606672,19.09999738
42.81999969,10.67083088,16.95000111,11.37999942,19.11376483
42.83000183,10.66039033,16.94999999,11.37999908,19.14607693
42.84000015,10.64995479,16.95000156,11.37069747,19.14999983
42.84999847,10.63952130,16.95000036,11.36011225,19.14999967
42.86000061,10.62999978,16.95279476,11.34952207,19.14999944
42.86999893,10.63000007,16.98465707,11.33893657,19.14999961
42.88000107,10.62459037,17.00000168,11.32834779,19.15000034
42.88999939,10.61415986,17.00000256,11.31776029,19.14999861
42.90000153,10.60372597,17.00000236,11.30717383,19.14999949
42.90999985,10.59329490,17.00000274,11.29658560,19.14999998
42.91999817,10.58286977,17.00000191,11.28600298,19.14999926
42.93000031,10.57243855,17.00000181,11.27541103,19.15000034
42.93999863,10.56201256,17.00000230,11.26482478,19.14999915
42.95000076,10.55158293,17.00000226,11.25423445,19.15000042
42.95999908,10.54115964,17.00000291,11.24364869,19.15000007
42.97000122,10.53073427,17.00000245,11.23305896,19.14999954
42.97999954,10.53000092,17.02966880,11.22247412,19.14999855
42.99000168,10.52621567,17.05000138,11.21188480,19.14999854
43.00000000,10.51579499,17.05000216,11.20130061,19.14999864
43.00999832,10.50537510,17.05000230,11.19071694,19.14999823
43.02000046,10.49494889,17.05000218,11.18012513,19.14999848
43.02999878,10.48452855,17.05000198,11.17999912,19.18206838
43.04000092,10.48000066,17.06808308,11.17525441,19.19999945
43.04999924,10.47998802,17.10000163,11.16466366,19.19999916
43.06000137,10.46956281,17.10000165,11.15406888,19.19999801
43.06999969,10.45914060,17.10000032,11.14348048,19.19999963
43.08000183,10.44871930,17.10000050,11.13288700,19.19999929
43.09000015,10.43830170,17.10000125,11.12229953,19.19999899
43.09999847,10.42788492,17.10000154,11.11171059,19.19999877
43.11000061,10.41746438,17.09999952,11.10111969,19.19999828
43.11999893,10.40705017,17.09999956,11.09053176,19.19999845
43.13000107,10.39663224,17.09999997,11.07999981,19.20017451
43.13999939,10.38622043,17.10000020,11.08000015,19.23271503
43.15000153,10.38000028,17.11289947,11.07502840,19.24999888
43.15999985,10.37999973,17.14491721,11.06444080,19.25000049
43.16999817,10.37123857,17.15000082,11.05385181,19.24999968
43.18000031,10.36082234,17.15000164,11.04325891,19.24999895
43.18999863,10.35040697,17.15000061,11.03266937,19.25000062
43.20000076,10.33999346,17.15000068,11.02207604,19.24999993
43.20999908,10.32957931,17.15000145,11.01148537,19.24999915
43.22000122,10.31916188,17.15000215,11.00089205,19.25000048
43.22999954,10.30875363,17.15000083,10.99030568,19.25000044
43.24000168,10.29833803,17.15000133,10.97971154,19.24999978
43.25000000,10.28792845,17.15000267,10.96912469,19.24999969
43.25999832,10.28000084,17.15765773,10.95853593,19.24999913
43.27000046,10.28000088,17.18977680,10.94794334,19.24999870
43.27999878,10.27289965,17.20000023,10.93735758,19.25000013
43.29000092,10.26248476,17.20000176,10.92999917,19.25997495
43.29999924,10.25207344,17.20000194,10.92999928,19.29265387
43.31000137,10.24165784,17.20000162,10.92178507,19.29999853
43.31999969,10.23124670,17.20000134,10.91119555,19.29999965
43.33000183,10.22083221,17.20000091,10.90060194,19.29999829
43.34000015,10.21042297,17.20000112,10.89001566,19.29999923
43.34999847,10.20001585,17.20000092,10.87942746,19.29999862
43.36000061,10.18960036,17.20000097,10.86883586,19.29999914
43.36999893,10.18000019,17.20249811,10.85825052,19.30000020
43.38000107,10.18000008,17.23469579,10.84766389,19.29999909
43.38999939,10.17453537,17.25000152,10.83707871,19.30000003
43.40000153,10.16411962,17.25000296,10.82648961,19.29999850
43.40999985,10.15370980,17.25000239,10.81590560,19.29999793
43.41999817,10.14329602,17.25000198,10.80532153,19.29999855
43.43000031,10.13288219,17.25000316,10.79473383,19.29999947
43.43999863,10.13000010,17.27332774,10.78415252,19.29999824
43.45000076,10.12819077,17.30000088,10.77356578,19.29999957
43.45999908,10.11777611,17.30000206,10.76298469,19.29999798
43.47000122,10.10736145,17.30000104,10.75240423,19.29999909
43.47999954,10.09694860,17.30000226,10.74182265,19.29999842
43.49000168,10.08653257,17.30000144,10.73124321,19.29999885
43.50000000,10.07612233,17.30000089,10.72999950,19.32895612
43.50999832,10.06571029,17.30000131,10.72620256,19.34999739
43.52000046,10.05529598,17.30000089,10.71562147,19.34999940
43.52999878,10.04488694,17.30000038,10.70504199,19.34999732
43.54000092,10.03447183,17.30000029,10.69446108,19.34999928
43.54999924,10.03000039,17.31845347,10.68388378,19.34999723
43.56000137,10.02973338,17.35000134,10.67330558,19.34999869
43.56999969,10.01932019,17.35000024,10.66272911,19.34999895
43.58000183,10.00890072,17.34999983,10.65214993,19.34999839
43.59000015,9.99848403,17.34999969,10.64157409,19.34999811
43.59999847,9.98806786,17.34999963,10.63100035,19.34999751
43.61000061,9.98000077,17.35731897,10.62999938,19.37979503
43.61999893,9.98000077,17.38974471,10.62591603,19.39999821
43.63000107,9.97287663,17.40000214,10.61534134,19.39999924
43.63999939,9.96245996,17.40000206,10.60476993,19.40000007
43.65000153,9.95203816,17.40000178,10.59419235,19.39999850
43.65999985,9.94162035,17.40000246,10.58362314,19.39999896
43.66999817,9.93120148,17.40000116,10.57305457,19.39999964
43.68000031,9.92077861,17.40000157,10.56248061,19.39999982
43.68999863,9.91035890,17.40000062,10.55191215,19.40000047
43.70000076,9.89993480,17.40000159,10.54133861,19.40000046
43.70999908,9.88951219,17.40000128,10.53077232,19.40000012
43.72000122,9.87999995,17.40284663,10.52020265,19.40000028
43.72999954,9.87999993,17.43536039,10.50963423,19.39999875
43.74000168,9.87426503,17.45000122,10.49906703,19.39999843
43.75000000,9.86384098,17.45000083,10.48850564,19.39999843
43.75999832,9.85341872,17.45000054,10.47999932,19.40641376
43.77000046,9.84299029,17.45000072,10.47999976,19.43940716
43.77999878,9.83256417,17.45000098,10.47282822,19.44999861
43.79000092,9.83000047,17.47457854,10.46226066,19.44999908
43.79999924,9.82770646,17.50000218,10.45169715,19.44999765
43.81000137,9.81727563,17.50000217,10.44113653,19.44999814
43.81999969,9.80684723,17.50000264,10.43057944,19.44999875
43.83000183,9.79641410,17.50000307,10.42001825,19.44999919
43.84000015,9.78598359,17.50000206,10.40946334,19.44999942
43.84999847,9.77555321,17.50000102,10.39890606,19.44999791
43.86000061,9.76511703,17.50000257,10.38834737,19.44999750
43.86999893,9.75468493,17.50000231,10.37779327,19.44999800
43.88000107,9.74425042,17.50000276,10.36723793,19.44999846
43.88999939,9.73382070,17.50000311,10.35668798,19.44999882
43.90000153,9.72338198,17.50000226,10.34613686,19.44999799
43.90999985,9.71295051,17.50000288,10.33558571,19.44999850
43.91999817,9.70251503,17.50000294,10.32999985,19.46553651
43.93000031,9.69207464,17.50000269,10.33000028,19.49860003
43.93999863,9.68163741,17.50000275,10.31989732,19.50000020
43.95000076,9.67119458,17.50000107,10.30934475,19.50000031
43.95999908,9.66075831,17.50000277,10.29880155,19.50000011
43.97000122,9.65031809,17.50000159,10.28825277,19.50000022
43.97999954,9.63987951,17.50000297,10.27770733,19.49999995
43.99000168,9.62999979,17.50176870,10.26716094,19.50000002
44.00000000,9.62999988,17.53452263,10.25661801,19.49999953
44.00999832,9.62449166,17.55000150,10.24607599,19.49999902
44.02000046,9.61404377,17.55000146,10.23553522,19.50000059
44.02999878,9.60359990,17.55000214,10.22499920,19.49999983
44.04000092,9.59315190,17.55000225,10.21445949,19.50000095
44.04999924,9.58270289,17.55000110,10.20392290,19.49999946
44.06000137,9.57225295,17.55000029,10.19338614,19.50000064
44.06999969,9.56180665,17.55000225,10.18285545,19.49999896
44.08000183,9.55135618,17.55000250,10.17999933,19.52410487
44.09000015,9.54090693,17.55000081,10.17771506,19.54999984
44.09999847,9.53045830,17.55000180,10.16718434,19.54999875
44.11000061,9.52000170,17.55000063,10.15665078,19.54999892
44.11999893,9.50954945,17.55000051,10.14612374,19.54999963
44.13000107,9.49908915,17.55000241,10.13559124,19.54999891
44.13999939,9.48863287,17.55000043,10.12506423,19.54999896
44.15000153,9.47817074,17.55000111,10.11453551,19.55000017
44.15999985,9.46771610,17.55000244,10.10401334,19.54999995
44.16999817,9.45725863,17.55000213,10.09349328,19.54999903
44.18000031,9.44679557,17.55000210,10.08297019,19.55000011
44.18999863,9.43633157,17.55000037,10.07245034,19.54999824
44.20000076,9.42586841,17.55000094,10.06192928,19.54999940
44.20999908,9.41540373,17.55000234,10.05141151,19.54999978
44.22000122,9.40493752,17.55000178,10.04089464,19.54999977
44.22999954,9.39447425,17.55000195,10.03038390,19.54999986
44.24000168,9.38400436,17.55000029,10.02999995,19.58186288
44.25000000,9.37999974,17.57033649,10.02525460,19.59999850
44.25999832,9.37896109,17.60000116,10.01474519,19.59999812
44.27000046,9.36848556,17.60000065,10.00423168,19.59999944
44.27999878,9.35801140,17.60000070,9.99372180,19.59999787
44.29000092,9.34753195,17.60000175,9.98321169,19.59999849
44.29999924,9.33705774,17.60000071,9.97270900,19.59999885
44.31000137,9.32657337,17.60000046,9.96220101,19.59999850
44.31999969,9.31609524,17.60000081,9.95169978,19.59999837
44.33000183,9.30561067,17.60000132,9.94119573,19.59999728
44.34000015,9.29512911,17.60000012,9.93069773,19.59999876
44.34999847,9.28464433,17.59999965,9.92020003,19.59999726
44.36000061,9.27415434,17.60000149,9.90969974,19.59999732
44.36999893,9.26366755,17.60000141,9.89920283,19.59999779
44.38000107,9.25317267,17.59999946,9.88870444,19.59999943
44.38999939,9.24268307,17.60000137,9.87999955,19.60561580
44.40000153,9.23218817,17.60000060,9.87999910,19.63863858
44.40999985,9.22169550,17.60000136,9.87312348,19.64999872
44.41999817,9.21120099,17.59999951,9.86263564,19.64999986
44.43000031,9.20070022,17.60000063,9.85214703,19.64999971
44.43999863,9.19020068,17.60000012,9.84166158,19.64999976
44.45000076,9.17969378,17.60000033,9.83117560,19.64999847
44.45999908,9.16919445,17.60000062,9.82069579,19.65000023
44.47000122,9.15868280,17.60000178,9.81021078,19.65000054
44.47999954,9.14817522,17.60000119,9.79973099,19.64999886
44.49000168,9.13766416,17.60000042,9.78924983,19.64999893
44.50000000,9.12999996,17.60895694,9.77877657,19.64999830
44.50999832,9.13000016,17.64202752,9.76830493,19.64999968
44.52000046,9.12201685,17.65000226,9.75782862,19.65000040
44.52999878,9.11150137,17.65000188,9.74735700,19.64999902
44.54000092,9.10097801,17.65000194,9.73688236,19.64999890
44.54999924,9.09045709,17.65000272,9.72999930,19.66127304
44.56000137,9.07992947,17.65000088,9.72999961,19.69420719
44.56999969,9.06940402,17.65000089,9.72137720,19.69999902
44.58000183,9.05887073,17.65000080,9.71090984,19.69999857
44.59000015,9.04834317,17.65000210,9.70045059,19.69999860
44.59999847,9.03781474,17.65000078,9.68999151,19.69999821
44.61000061,9.03000037,17.65856216,9.67953283,19.69999845
44.61999893,9.03000076,17.69166783,9.66907709,19.69999928
44.63000107,9.02211191,17.70000164,9.65861930,19.69999884
44.63999939,9.01157284,17.70000009,9.64816619,19.69999823
44.65000153,9.00102885,17.70000155,9.63771116,19.69999951
44.65999985,8.99048477,17.70000137,9.62725967,19.69999802
44.66999817,8.97993658,17.70000180,9.61681057,19.69999772
44.68000031,8.96938342,17.70000005,9.60635824,19.69999977
44.68999863,8.95883060,17.70000202,9.59591202,19.69999849
44.70000076,8.94827599,17.70000168,9.58546512,19.69999970
44.70999908,8.93771832,17.69999972,9.57999986,19.71562224
44.72000122,8.92715622,17.70000108,9.58000035,19.74838713
44.72999954,8.91659500,17.70000119,9.57007909,19.75000003
44.74000168,8.90602932,17.70000120,9.55964057,19.75000045
44.75000000,8.89546571,17.70000200,9.54920849,19.75000038
44.75999832,8.88489505,17.70000129,9.53877620,19.74999907
44.77000046,8.87431841,17.70000153,9.52834373,19.74999949
44.77999878,8.86374467,17.70000148,9.51791379,19.74999962
44.79000092,8.85316114,17.70000041,9.50748192,19.74999888
44.79999924,8.84257905,17.70000018,9.49705584,19.75000001
44.81000137,8.83199097,17.70000022,9.48662736,19.75000040
44.81999969,8.82140790,17.70000146,9.47620749,19.75000081
44.83000183,8.81081718,17.70000073,9.46578418,19.75000043
44.84000015,8.80022416,17.70000044,9.45536230,19.74999921
44.84999847,8.78962778,17.69999988,9.44494721,19.74999967
44.86000061,8.77902887,17.70000082,9.43452777,19.74999956
44.86999893,8.76842915,17.70000101,9.42999933,19.76839978
44.88000107,8.75781932,17.69999999,9.42969585,19.79999835
44.88999939,8.74721266,17.70000174,9.41929020,19.79999989
44.90000153,8.73659793,17.70000130,9.40888171,19.80000010
44.90999985,8.73000024,17.71253929,9.39847752,19.79999858
44.91999817,8.73000004,17.74567894,9.38807575,19.79999790
44.93000031,8.72076385,17.75000178,9.37767070,19.79999854
44.93999863,8.71014591,17.75000299,9.36727099,19.79999901
44.95000076,8.69951784,17.75000305,9.35686968,19.79999809
44.95999908,8.68889314,17.75000317,9.34647217,19.79999980
44.97000122,8.67825891,17.75000235,9.33607137,19.79999838
44.97999954,8.66762754,17.75000175,9.32567688,19.79999873
44.99000168,8.65698832,17.75000312,9.31528492,19.80000017
45.00000000,8.64634827,17.75000182,9.30489146,19.79999919
45.00999832,8.63570905,17.75000180,9.29450548,19.79999988
45.02000046,8.62506184,17.75000251,9.28411648,19.79999963
45.02999878,8.61441364,17.75000149,9.27999967,19.81948664
45.04000092,8.60375877,17.75000121,9.27943032,19.84999739
45.04999924,8.59307468,17.75000157,9.26908001,19.84999805
45.06000137,8.58238117,17.75000275,9.25872867,19.84999936
45.06999969,8.57168876,17.75000233,9.24838039,19.84999826
45.08000183,8.56098651,17.75000281,9.23802921,19.84999854
45.09000015,8.55028607,17.75000178,9.22768294,19.84999869
45.09999847,8.53957995,17.75000258,9.21733956,19.84999791
45.11000061,8.52886625,17.75000105,9.20699283,19.84999851
45.11999893,8.51815291,17.75000326,9.19665154,19.84999854
45.13000107,8.50743182,17.75000293,9.18630452,19.84999782
45.13999939,8.49670908,17.75000241,9.17999941,19.86247077
45.15000153,8.48597973,17.75000184,9.17999968,19.89442506
45.15999985,8.47525081,17.75000306,9.17147549,19.89999964
45.16999817,8.46451723,17.75000235,9.16114742,19.89999831
45.18000031,8.45377542,17.75000231,9.15081663,19.89999861
45.18999863,8.44303188,17.75000318,9.14048988,19.90000037
45.20000076,8.43228271,17.75000276,9.13016092,19.89999961
45.20999908,8.42153254,17.75000333,9.11983708,19.90000027
45.22000122,8.41077427,17.75000197,9.10950890,19.90000050
45.22999954,8.40001839,17.75000151,9.09918463,19.89999835
45.24000168,8.38925700,17.75000230,9.08886286,19.89999978
45.25000000,8.37849123,17.75000125,9.08000015,19.90448345
45.25999832,8.36772308,17.75000325,9.08000006,19.93616003
45.27000046,8.35695087,17.75000145,9.07419777,19.94999923
45.27999878,8.34617686,17.75000255,9.06388669,19.94999827
45.29000092,8.33539375,17.75000243,9.05357649,19.94999796
45.29999924,8.32461260,17.75000304,9.04326740,19.94999849
45.31000137,8.31382403,17.75000157,9.03295813,19.94999963
45.31999969,8.30303659,17.75000192,9.02265493,19.94999847
45.33000183,8.29224240,17.75000208,9.01234609,19.94999900
45.34000015,8.28144954,17.75000312,9.00204083,19.94999957
45.34999847,8.27065341,17.75000231,8.99173567,19.94999975
45.36000061,8.25984913,17.75000195,8.98142684,19.94999885
45.36999893,8.24904552,17.75000335,8.97112337,19.94999804
45.38000107,8.23823539,17.75000212,8.96081509,19.94999908
45.38999939,8.22742302,17.75000159,8.95051030,19.94999886
45.40000153,8.21660549,17.75000158,8.94020047,19.94999900
45.40999985,8.20578819,17.75000285,8.92999916,19.95030894
45.41999817,8.19496725,17.75000240,8.92999948,19.98159680
45.43000031,8.18413938,17.75000211,8.92576560,20.00000069
45.43999863,8.15681954,17.70000117,8.91547129,20.00000062
45.45000076,8.14597237,17.70000083,8.90517333,19.99999901
45.45999908,8.13512894,17.70000127,8.89487902,20.00000062
45.47000122,8.12427559,17.69999986,8.88458182,20.00000051
45.47999954,8.11342437,17.70000197,8.87428758,20.00000100
45.49000168,8.10256754,17.70000149,8.86398781,19.99999873
45.50000000,8.09170929,17.70000141,8.85369218,20.00000017
45.50999832,8.08084739,17.70000006,8.84339552,19.99999931
45.52000046,8.06998110,17.70000094,8.83309504,20.00000021
45.52999878,8.05911381,17.70000081,8.82279889,20.00000096
45.54000092,8.04824052,17.70000059,8.81249633,19.99999885
45.54999924,8.03736961,17.70000086,8.80219699,19.99999950
45.56000137,8.02649310,17.70000178,8.79189466,19.99999979
45.56999969,8.01561412,17.70000091,8.78159498,19.99999911
45.58000183,8.00472906,17.69999987,8.77999951,20.02613112
45.59000015,7.99384632,17.70000199,8.77766499,20.04999900
45.59999847,7.98296251,17.70000013,8.76737606,20.04999925
45.61000061,7.97206981,17.69999987,8.75707977,20.04999803
45.61999893,7.96118053,17.70000112,8.74679049,20.04999957
45.63000107,7.95028353,17.70000205,8.73649265,20.04999844
45.63999939,7.93938805,17.70000101,8.72619833,20.04999951
45.65000153,7.92848710,17.70000059,8.71590006,20.04999796
45.65999985,7.91758716,17.70000069,8.70560617,20.04999849
45.66999817,7.90668534,17.70000031,8.69530850,20.04999880
45.68000031,7.89577603,17.70000055,8.68500578,20.04999882
45.68999863,7.88486648,17.70000048,8.67470298,20.04999850
45.70000076,7.85713715,17.65000251,8.66439920,20.04999836
45.70999908,7.84621339,17.65000255,8.65409833,20.05000008
45.72000122,7.83528456,17.65000184,8.64378870,20.04999946
45.72999954,7.82435705,17.65000264,8.63348522,20.04999866
45.74000168,7.81342049,17.65000138,8.62999894,20.07021992
45.75000000,7.80248964,17.65000250,8.62975237,20.09999882
45.75999832,7.79155756,17.65000091,8.61945685,20.09999855
45.77000046,7.78061470,17.65000121,8.60915155,20.09999736
45.77999878,7.76967857,17.65000263,8.59885409,20.09999925
45.79000092,7.75873322,17.65000275,8.58854478,20.09999783
45.79999924,7.74779253,17.65000196,8.57824417,20.09999930
45.81000137,7.73684463,17.65000231,8.56793219,20.09999804
45.81999969,7.72589995,17.65000172,8.55762855,20.09999904
45.83000183,7.71494842,17.65000278,8.54731459,20.09999765
45.84000015,7.70399845,17.65000155,8.53700245,20.09999872
45.84999847,7.69304774,17.65000176,8.52999980,20.10973196
45.86000061,7.68209506,17.65000249,8.52999987,20.14002361
45.86999893,7.65410225,17.60000023,8.52309352,20.14999980
45.88000107,7.64313075,17.60000002,8.51278399,20.14999830
45.88999939,7.63216068,17.60000004,8.50247685,20.14999914
45.90000153,7.62118847,17.60000110,8.49216190,20.15000030
45.90999985,7.61021723,17.60000097,8.48185041,20.14999926
45.91999817,7.59924550,17.60000016,8.47153659,20.15000047
45.93000031,7.58826967,17.60000109,8.46121541,20.14999924
45.93999863,7.57729669,17.59999973,8.45089836,20.15000048
45.95000076,7.56631837,17.59999970,8.44057191,20.14999887
45.95999908,7.55534634,17.60000010,8.43024974,20.14999847
45.97000122,7.54436449,17.60000101,8.41992355,20.14999893
45.97999954,7.53339004,17.60000045,8.40959688,20.15000045
45.99000168,7.50521545,17.55000199,8.39926330,20.14999865
46.00000000,7.49422754,17.55000075,8.38893432,20.15000048
46.00999832,7.48323977,17.55000061,8.37860187,20.14999959
46.02000046,7.47224653,17.55000219,8.36826071,20.14999856
46.02999878,7.46125844,17.55000106,8.35792390,20.15000023
