s,left_width,right_width
0.00000000,1.37523802,1.37523802
0.01066860,1.37534300,1.37534300
0.02077407,1.37958372,1.37958372
0.03671176,1.39551760,1.39551760
0.04722914,1.40211179,1.40211179
0.05789617,1.40221923,1.40221923
0.06856531,1.40232541,1.40232541
0.10017321,1.42889161,1.42889161
0.11084996,1.42899780,1.42899780
0.12152796,1.42910403,1.42910403
0.13220675,1.42921020,1.42921020
0.14288731,1.42931518,1.42931518
0.15356869,1.42942136,1.42942136
0.16425040,1.42952514,1.42952514
0.19589385,1.45610351,1.45610351
0.20658402,1.45620969,1.45620969
0.21727462,1.45631349,1.45631349
0.22796589,1.45641730,1.45641730
0.23821676,1.45826293,1.45826293
0.25405204,1.47409428,1.47409428
0.26553625,1.48321173,1.48321173
0.27622494,1.48331425,1.48331425
0.28691536,1.48341672,1.48341672
0.29760635,1.48351933,1.48351933
0.30829775,1.48361938,1.48361938
0.31898969,1.48371950,1.48371950
0.35067868,1.51031620,1.51031620
0.36137700,1.51041624,1.51041624
0.37207595,1.51051390,1.51051390
0.38277599,1.51061283,1.51061283
0.39347610,1.51071043,1.51071043
0.40417603,1.51080803,1.51080803
0.41487679,1.51090330,1.51090330
0.42557764,1.51099856,1.51099856
0.45729798,1.53760372,1.53760372
0.47304595,1.55334722,1.55334722
0.48550001,1.56430302,1.56430302
0.49620205,1.56439824,1.56439824
0.50690502,1.56449098,1.56449098
0.51760697,1.56458260,1.56458260
0.52830946,1.56467410,1.56467410
0.56004953,1.59128420,1.59128420
0.57075542,1.59137457,1.59137457
0.58146197,1.59146245,1.59146245
0.59216779,1.59155026,1.59155026
0.60287398,1.59163576,1.59163576
0.61357993,1.59172116,1.59172116
0.62428463,1.59180418,1.59180418
0.63498962,1.59188722,1.59188722
0.66675204,1.61850106,1.61850106
0.67746013,1.61858152,1.61858152
0.69246697,1.63336056,1.63336056
0.70549387,1.64527590,1.64527590
0.71619660,1.64535403,1.64535403
0.72689795,1.64543092,1.64543092
0.73759937,1.64550416,1.64550416
0.74829900,1.64557865,1.64557865
0.75899845,1.64565064,1.64565064
0.76969635,1.64572015,1.64572015
0.78039348,1.64578859,1.64578859
0.79109091,1.64585694,1.64585694
0.82287353,1.67247072,1.67247072
0.83357006,1.67253544,1.67253544
0.84426612,1.67259888,1.67259888
0.85496134,1.67265981,1.67265981
0.86565387,1.67271982,1.67271982
0.87634629,1.67277838,1.67277838
0.89140767,1.68764155,1.68764155
0.90435380,1.69944339,1.69944339
0.91503781,1.69949593,1.69949593
0.92572188,1.69954838,1.69954838
0.93640172,1.69959718,1.69959718
0.94708234,1.69964599,1.69964599
0.95776010,1.69969119,1.69969119
0.96843612,1.69973511,1.69973511
0.97911006,1.69977654,1.69977654
0.98978400,1.69981686,1.69981686
1.00045276,1.69985478,1.69985478
1.03224480,1.72645139,1.72645139
1.04291272,1.72648566,1.72648566
1.05357897,1.72651860,1.72651860
1.06424117,1.72654671,1.72654671
1.07474482,1.72707033,1.72707033
1.09042537,1.74275146,1.74275146
1.10254669,1.75318730,1.75318730
1.11319935,1.75320921,1.75320921
1.12384856,1.75322758,1.75322758
1.13449478,1.75324468,1.75324468
1.14513922,1.75326051,1.75326051
1.15578139,1.75327273,1.75327273
1.16641963,1.75328257,1.75328257
1.17705429,1.75329108,1.75329108
1.18768680,1.75329471,1.75329471
1.19831526,1.75329835,1.75329835
1.20894277,1.75329841,1.75329841
1.24071443,1.77986217,1.77986217
1.25133348,1.77985720,1.77985720
1.26195025,1.77985109,1.77985109
1.27194452,1.78302612,1.78302612
1.28767705,1.79875730,1.79875730
1.29844761,1.80637704,1.80637704
1.30903029,1.80634394,1.80634394
1.31960726,1.80630739,1.80630739
1.33018148,1.80626953,1.80626953
1.34074950,1.80622554,1.80622554
1.35131466,1.80618172,1.80618172
1.36187446,1.80613403,1.80613403
1.37243044,1.80608283,1.80608283
1.38298249,1.80602901,1.80602901
1.39352894,1.80597289,1.80597289
1.40407014,1.80591303,1.80591303
1.41460800,1.80585088,1.80585088
1.44630563,1.83234130,1.83234130
1.45683122,1.83227175,1.83227175
1.46769226,1.84020396,1.84020396
1.48442018,1.85497806,1.85497806
1.57353222,1.76802122,1.76802122
1.58888435,1.75266964,1.75266964
1.60424018,1.73731690,1.73731690
1.61958730,1.72197029,1.72197029
1.63493299,1.70662604,1.70662604
1.64565361,1.69888920,1.69888920
1.65616202,1.69880247,1.69880247
1.66666603,1.69871218,1.69871218
1.67716515,1.69861941,1.69861941
1.68835044,1.70727655,1.70727655
1.70432925,1.72325322,1.72325322
1.71437740,1.72486332,1.72486332
1.72486293,1.72475822,1.72475822
1.73534572,1.72465213,1.72465213
1.74582481,1.72454354,1.72454354
1.75794947,1.71388676,1.71388676
1.77321696,1.69862194,1.69862194
1.78344023,1.69767827,1.69767827
1.79390752,1.69756468,1.69756468
1.80437052,1.69744504,1.69744504
1.81482875,1.69732670,1.69732670
1.82528329,1.69720340,1.69720340
1.84052908,1.68196040,1.68196040
1.85578227,1.66671264,1.66671264
1.94335377,1.57666989,1.57666989
1.97301137,1.57763312,1.57763312
2.07034612,1.49710697,1.49710697
2.08572054,1.48173589,1.48173589
2.17332578,1.39109128,1.39109128
2.18876338,1.37565674,1.37565674
2.20421195,1.36020995,1.36020995
2.21966982,1.34475709,1.34475709
2.23514175,1.32928835,1.32928835
2.25062346,1.31380857,1.31380857
2.26611829,1.29831658,1.29831658
2.28162694,1.28281127,1.28281127
2.29714942,1.26729252,1.26729252
2.31268454,1.25176027,1.25176027
2.32823443,1.23621336,1.23621336
2.34379768,1.22065430,1.22065430
2.35937834,1.20507562,1.20507562
2.37497115,1.18948608,1.18948608
2.39058161,1.17387938,1.17387938
2.40200067,1.16469726,1.16469726
2.41252851,1.16458987,1.16458987
2.42839694,1.18030275,1.18030275
2.44066978,1.19083377,1.19083377
2.45119762,1.19072020,1.19072020
2.46209621,1.18270264,1.18270264
2.47776985,1.16703252,1.16703252
2.49346471,1.15134154,1.15134154
2.50788045,1.13736084,1.13736084
2.51841187,1.13724975,1.13724975
2.52894139,1.13713745,1.13713745
2.53946686,1.13702518,1.13702518
2.54999065,1.13691165,1.13691165
2.55994511,1.13366576,1.13366576
2.57571244,1.11790165,1.11790165
2.59149957,1.10211794,1.10211794
2.60730910,1.08631225,1.08631225
2.62051511,1.09285885,1.09285885
2.63719296,1.10953489,1.10953489
2.64764142,1.10968874,1.10968874
2.65817094,1.10957521,1.10957521
2.66869831,1.10946160,1.10946160
2.68357158,1.09490603,1.09490603
2.69671917,1.08282227,1.08282227
2.70724702,1.08271118,1.08271118
2.71777391,1.08259765,1.08259765
2.72829819,1.08248532,1.08248532
2.73882008,1.08237304,1.08237304
2.74894619,1.07707155,1.07707155
2.76491880,1.06110350,1.06110350
2.77508068,1.05564208,1.05564208
2.78560185,1.05553098,1.05553098
2.79556966,1.05865599,1.05865599
2.81246448,1.07554808,1.07554808
2.82281756,1.08157839,1.08157839
2.83595729,1.06955202,1.06955202
2.85088849,1.05497803,1.05497803
2.86141372,1.05486567,1.05486567
2.87193704,1.05475466,1.05475466
2.88245773,1.05464475,1.05464475
2.89297533,1.05453371,1.05453371
2.90296030,1.05156249,1.05156249
2.91912150,1.03540524,1.03540524
2.93447018,1.03539066,1.03539066
2.95154357,1.05246211,1.05246211
2.96167207,1.05398071,1.05398071
2.97219467,1.05387081,1.05387081
2.98271537,1.05376094,1.05376094
2.99323320,1.05365108,1.05365108
3.00374937,1.05354121,1.05354121
3.01426363,1.05343263,1.05343263
3.02477503,1.05332397,1.05332397
3.03528500,1.05321533,1.05321533
3.04814482,1.04169920,1.04169920
3.06346822,1.02667238,1.02667238
3.07398033,1.02656734,1.02656734
3.08449054,1.02646237,1.02646237
3.09499836,1.02635741,1.02635741
3.10550308,1.02625365,1.02625365
3.11549973,1.02344478,1.02344478
3.13193250,1.00701409,1.00701409
3.14268947,0.99963747,0.99963747
3.15319538,0.99953853,0.99953853
3.16435122,1.00767820,1.00767820
3.18169475,1.02501951,1.02501951
3.19202733,1.02553833,1.02553833
3.20253301,1.02543704,1.02543704
3.21303749,1.02533692,1.02533692
3.22353959,1.02523679,1.02523679
3.23403907,1.02513790,1.02513790
3.24453712,1.02503905,1.02503905
3.25789261,1.01283447,1.01283447
3.27270627,0.99856565,0.99856565
3.28320742,0.99847168,0.99847168
3.29696345,1.01106322,1.01106322
3.31135726,1.02455443,1.02455443
3.32185960,1.02446043,1.02446043
3.33236027,1.02436645,1.02436645
3.34285903,1.02427245,1.02427245
3.35335660,1.02417971,1.02417971
3.36385226,1.02408808,1.02408808
3.37434602,1.02399657,1.02399657
3.38461113,1.01834352,1.01834352
3.40141559,1.00154051,1.00154051
3.41144085,0.99747799,0.99747799
3.42193460,0.99739261,0.99739261
3.43242717,0.99730710,0.99730710
3.44291806,0.99722286,0.99722286
3.45340610,0.99713867,0.99713867
3.47320724,0.98818236,0.98818236
3.50125980,0.99417354,0.99417354
3.51127052,0.99689451,0.99689451
3.52176666,0.99681276,0.99681276
3.53226113,0.99673464,0.99673464
3.54275417,0.99665653,0.99665653
3.55324507,0.99657832,0.99657832
3.56373501,0.99650149,0.99650149
3.57422328,0.99642701,0.99642701
3.58470917,0.99635132,0.99635132
3.59519410,0.99627809,0.99627809
3.60684872,0.98705811,0.98705811
3.62395549,0.96995361,0.96995361
3.63443232,0.96984990,0.96984990
3.64491725,0.96978272,0.96978272
3.65540075,0.96971434,0.96971434
3.67130971,0.98516603,0.98516603
3.68383908,0.99578976,0.99578976
3.69432473,0.99572387,0.99572387
3.70480871,0.99566040,0.99566040
3.71529126,0.99559696,0.99559696
3.72577238,0.99553348,0.99553348
3.73625255,0.99547241,0.99547241
3.74673080,0.99541258,0.99541258
3.75720835,0.99535526,0.99535526
3.76768446,0.99529782,0.99529782
3.77815962,0.99524168,0.99524168
3.78863406,0.99518562,0.99518562
3.79910636,0.99513183,0.99513183
3.80957794,0.99507937,0.99507937
3.82004833,0.99502803,0.99502803
3.83051515,1.00119140,1.00119140
3.84836388,1.01903931,1.01903931
3.85841656,1.02106199,1.02106199
3.86888885,1.02101436,1.02101436
3.87935853,1.02096798,1.02096798
3.88982797,1.02092406,1.02092406
3.90029669,1.02088017,1.02088017
3.91076374,1.02083741,1.02083741
3.92123055,1.02079835,1.02079835
3.93169761,1.02075805,1.02075805
3.94216275,1.02072025,1.02072025
3.97309136,1.04685668,1.04685668
3.98355293,1.04682131,1.04682131
3.99401426,1.04678714,1.04678714
4.00562143,1.03775880,1.03775880
4.02318048,1.02020141,1.02020141
4.05250263,1.01573249,1.01573249
4.07329845,1.02050048,1.02050048
4.08376503,1.02047367,1.02047367
4.09423065,1.02044922,1.02044922
4.10469675,1.02042729,1.02042729
4.11516094,1.02040650,1.02040650
4.12896919,1.00777714,1.00777714
4.14344645,0.99420534,0.99420534
4.15391207,0.99418945,0.99418945
4.16437626,0.99417728,0.99417728
4.17484093,0.99416383,0.99416383
4.18530560,0.99415287,0.99415287
4.19631290,0.98645874,0.98645874
4.21403503,0.96873663,0.96873663
4.22430134,0.96797124,0.96797124
4.23473835,0.96806152,0.96806152
4.25250673,0.98582883,0.98582883
4.26378393,0.99412599,0.99412599
4.27424860,0.99412719,0.99412719
4.28471184,0.99413091,0.99413091
4.29517555,0.99413580,0.99413580
4.30563879,0.99414307,0.99414307
4.31610250,0.99415161,0.99415161
4.32693529,0.98690916,0.98690916
4.34474087,0.96910401,0.96910401
4.35493565,0.96802615,0.96802615
4.36539841,0.96804197,0.96804197
4.37586021,0.96805909,0.96805909
4.38632393,0.96807862,0.96807862
4.39678669,0.96810059,0.96810059
4.40725088,0.96812378,0.96812378
4.41726923,0.97058476,0.97058476
4.43486118,0.98817507,0.98817507
4.44532013,0.99437256,0.99437256
4.45578289,0.99440312,0.99440312
4.46624517,0.99443482,0.99443482
4.47670937,0.99447020,0.99447020
4.48717356,0.99450679,0.99450679
4.49763775,0.99454588,0.99454588
4.51169109,0.98160891,0.98160891
4.52589846,0.96845336,0.96845336
4.53636122,0.96849611,0.96849611
4.54682446,0.96854251,0.96854251
4.55728912,0.96858884,0.96858884
4.56775427,0.96863770,0.96863770
4.57821989,0.96868893,0.96868893
4.58868694,0.96874025,0.96874025
4.59915447,0.96879520,0.96879520
4.60962391,0.96885136,0.96885136
4.62009287,0.96890872,0.96890872
4.63056421,0.96896973,0.96896973
4.64103603,0.96903200,0.96903200
4.65109968,0.97337399,0.97337399
4.66834402,0.99061644,0.99061644
4.67946815,0.99214721,0.99214721
4.69731569,0.97430301,0.97430301
4.70747805,0.96937012,0.96937012
4.71794510,0.96944335,0.96944335
4.72841406,0.96951907,0.96951907
4.73888350,0.96959597,0.96959597
4.74935532,0.96967529,0.96967529
4.75982809,0.96975586,0.96975586
4.77030182,0.96983884,0.96983884
4.78077745,0.96992430,0.96992430
4.79125547,0.97001215,0.97001215
4.80173492,0.97010254,0.97010254
4.81221628,0.97019287,0.97019287
4.82269955,0.97028563,0.97028563
4.83308315,0.97073122,0.97073122
4.84998417,0.98762813,0.98762813
4.86158848,0.99680910,0.99680910
4.87206984,0.99691283,0.99691283
4.88255358,0.99701901,0.99701901
4.89304018,0.99712767,0.99712767
4.90352726,0.99723755,0.99723755
4.91401815,0.99734988,0.99734988
4.92451000,0.99746459,0.99746459
4.93500471,0.99758181,0.99758181
4.94550180,0.99770023,0.99770023
4.95761061,0.98777461,0.98777461
4.97400808,0.97168090,0.97168090
4.98450279,0.97180296,0.97180296
4.99499893,0.97192751,0.97192751
5.00549746,0.97205323,0.97205323
5.01599836,0.97218017,0.97218017
5.02650261,0.97231082,0.97231082
5.03700924,0.97244144,0.97244144
5.04751873,0.97257447,0.97257447
5.05803108,0.97270878,0.97270878
5.06854582,0.97284672,0.97284672
5.08103132,0.98372561,0.98372561
5.09687662,0.99942872,0.99942872
5.10738897,0.99957515,0.99957515
5.11790371,0.99972169,0.99972169
5.12847614,0.99314087,0.99314087
5.14594030,0.97568235,0.97568235
5.15601158,0.97385746,0.97385746
5.16652584,0.97400999,0.97400999
5.17704248,0.97416260,0.97416260
5.18756247,0.97431766,0.97431766
5.19808578,0.97447386,0.97447386
5.20861292,0.97463256,0.97463256
5.21914244,0.97479125,0.97479125
5.22967625,0.97495365,0.97495365
5.24021339,0.97511598,0.97511598
5.25075293,0.97528074,0.97528074
5.26096201,0.97673215,0.97673215
5.27689314,0.99265624,0.99265624
5.28853464,1.00215578,1.00215578
5.29869747,0.99709959,0.99709959
5.31589508,0.97991089,0.97991089
5.32588482,0.97630128,0.97630128
5.33642149,0.97647706,0.97647706
5.34696150,0.97665284,0.97665284
5.35750532,0.97683110,0.97683110
5.36805248,0.97701050,0.97701050
5.37860298,0.97719241,0.97719241
5.38915777,0.97737428,0.97737428
5.39971685,0.97755737,0.97755737
5.41027975,0.97774291,0.97774291
5.42084646,0.97792966,0.97792966
5.43141699,0.97811645,0.97811645
5.44199133,0.97830571,0.97830571
5.45256996,0.97849612,0.97849612
5.46270037,0.97362302,0.97362302
5.47958612,0.95674561,0.95674561
5.48961639,0.95261110,0.95261110
5.50019598,0.95280026,0.95280026
5.51049232,0.95894655,0.95894655
5.52586937,0.97431274,0.97431274
5.53602743,0.97985962,0.97985962
5.54660749,0.98005980,0.98005980
5.55719185,0.98025999,0.98025999
5.56777954,0.98046140,0.98046140
5.57837152,0.98066412,0.98066412
5.58896923,0.98086789,0.98086789
5.59956980,0.98107177,0.98107177
5.61017561,0.98127683,0.98127683
5.62078524,0.98148310,0.98148310
5.63103056,0.97591433,0.97591433
5.65573883,0.96879268,0.96879268
5.67402601,0.97984377,0.97984377
5.68408775,0.98231690,0.98231690
5.69468689,0.98252685,0.98252685
5.70528984,0.98273804,0.98273804
5.71589708,0.98295044,0.98295044
5.72650862,0.98316283,0.98316283
5.73712587,0.98337647,0.98337647
5.74774694,0.98359129,0.98359129
5.75837278,0.98380493,0.98380493
5.79020309,0.95742552,0.95742552
5.80085611,0.95763551,0.95763551
5.81151199,0.95784548,0.95784548
5.82217407,0.95805666,0.95805666
5.83271790,0.95131592,0.95131592
5.85732937,0.94488529,0.94488529
5.87468672,0.95639896,0.95639896
5.88477516,0.95890503,0.95890503
5.89542627,0.95911743,0.95911743
5.90608120,0.95933105,0.95933105
5.91674137,0.95954468,0.95954468
5.92740679,0.95975951,0.95975951
5.93807697,0.95997312,0.95997312
5.94875145,0.96018919,0.96018919
5.95943165,0.96040281,0.96040281
5.97011518,0.96061766,0.96061766
5.98080397,0.96083253,0.96083253
5.99433136,0.97389404,0.97389404
6.00854921,0.98796511,0.98796511
6.01949835,0.97997316,0.97997316
6.03533363,0.96414793,0.96414793
6.04541302,0.96190918,0.96190918
6.05609560,0.96212526,0.96212526
6.06678438,0.96234009,0.96234009
6.07747698,0.96255613,0.96255613
6.08817482,0.96276973,0.96276973
6.09887743,0.96298585,0.96298585
6.10958481,0.96319945,0.96319945
6.11982775,0.96505004,0.96505004
6.13420534,0.97941652,0.97941652
6.14649916,0.99061647,0.99061647
6.15720892,0.99083619,0.99083619
6.16792250,0.99105465,0.99105465
6.17864180,0.99127434,0.99127434
6.18998384,0.98228881,0.98228881
6.20547724,0.96680417,0.96680417
6.21566439,0.96511960,0.96511960
6.22638559,0.96532957,0.96532957
6.23711252,0.96553951,0.96553951
6.24784327,0.96574831,0.96574831
6.25857878,0.96595818,0.96595818
6.26932001,0.96616701,0.96616701
6.28006363,0.96637452,0.96637452
6.29081488,0.96658082,0.96658082
6.30136538,0.96619264,0.96619264
6.32160997,0.95697634,0.95697634
6.34466982,0.96031004,0.96031004
6.35508966,0.96740112,0.96740112
6.36582994,0.96760376,0.96760376
6.37657690,0.96780638,0.96780638
6.38732672,0.96800542,0.96800542
6.39808178,0.96820555,0.96820555
6.40884113,0.96840455,0.96840455
6.41960573,0.96860346,0.96860346
6.43037415,0.96879879,0.96879879
6.44114685,0.96899538,0.96899538
6.45192385,0.96918825,0.96918825
6.46270514,0.96938113,0.96938113
6.47349024,0.96957396,0.96957396
6.48414707,0.96939331,0.96939331
6.49911976,0.95442748,0.95442748
6.51156139,0.94319340,0.94319340
6.52422523,0.95516723,0.95516723
6.53817654,0.96911253,0.96911253
6.54851675,0.97069701,0.97069701
6.55930281,0.97087771,0.97087771
6.57009411,0.97105834,0.97105834
6.58088827,0.97123661,0.97123661
6.59168720,0.97141479,0.97141479
6.60248947,0.97158934,0.97158934
6.61260700,0.96620608,0.96620608
6.62735415,0.95146610,0.95146610
6.63765192,0.94510007,0.94510007
6.64845705,0.94526493,0.94526493
6.65926647,0.94542599,0.94542599
6.67007780,0.94558598,0.94558598
6.68089390,0.94574465,0.94574465
6.69171333,0.94589965,0.94589965
6.70183611,0.95167477,0.95167477
6.71568584,0.96551999,0.96551999
6.72631884,0.97339476,0.97339476
6.73714018,0.97354617,0.97354617
6.74796438,0.97369623,0.97369623
6.75879335,0.97384402,0.97384402
6.76962328,0.97398925,0.97398925
6.77970934,0.97122070,0.97122070
6.79419851,0.95673464,0.95673464
6.80555677,0.94734497,0.94734497
6.81638908,0.94747682,0.94747682
6.82722569,0.94760865,0.94760865
6.83806419,0.94773559,0.94773559
6.84890604,0.94786136,0.94786136
6.85974979,0.94798341,0.94798341
6.87059593,0.94810301,0.94810301
6.88091326,0.94990724,0.94990724
6.89471388,0.96370485,0.96370485
6.91125965,0.96991090,0.96991090
6.92557096,0.95560178,0.95560178
6.93597269,0.94866572,0.94866572
6.94681787,0.94876954,0.94876954
6.95766401,0.94887083,0.94887083
6.96851349,0.94896972,0.94896972
6.97936392,0.94906617,0.94906617
6.99021721,0.94915892,0.94915892
7.00107193,0.94924802,0.94924802
7.01192951,0.94933595,0.94933595
7.02278852,0.94942139,0.94942139
7.03364849,0.94950194,0.94950194
7.04450989,0.94958010,0.94958010
7.05537176,0.94965455,0.94965455
7.06616402,0.94991450,0.94991450
7.07997274,0.96372315,0.96372315
7.10488033,0.96317629,0.96317629
7.11839628,0.94992434,0.94992434
7.12925482,0.94998288,0.94998288
7.14011526,0.95003907,0.95003907
7.15097618,0.95009156,0.95009156
7.16183853,0.95014158,0.95014158
7.17270184,0.95018681,0.95018681
7.18356514,0.95022951,0.95022951
7.19442892,0.95026976,0.95026976
7.20529270,0.95030515,0.95030515
7.21615791,0.95033815,0.95033815
7.22968388,0.93702145,0.93702145
7.24352598,0.92323728,0.92323728
7.25438833,0.92325809,0.92325809
7.26525164,0.92327516,0.92327516
7.27611399,0.92328980,0.92328980
7.28697777,0.92330077,0.92330077
7.29784012,0.92330807,0.92330807
7.30870152,0.92331180,0.92331180
7.31900311,0.93003178,0.93003178
7.33291578,0.94394534,0.94394534
7.34317017,0.95045776,0.95045776
7.35402966,0.95044675,0.95044675
7.36488771,0.95043338,0.95043338
7.37574482,0.95041501,0.95041501
7.38660192,0.95039433,0.95039433
7.39670897,0.94764037,0.94764037
7.41055155,0.93379763,0.93379763
7.42240667,0.92315428,0.92315428
7.43325949,0.92312009,0.92312009
7.44411135,0.92308226,0.92308226
7.45496178,0.92303955,0.92303955
7.46581030,0.92299315,0.92299315
7.47665644,0.92294430,0.92294430
7.48750114,0.92289184,0.92289184
7.49983501,0.93429323,0.93429323
7.51390314,0.94836058,0.94836058
7.52424097,0.94984866,0.94984866
7.53713417,0.93740725,0.93740725
7.55090952,0.92363280,0.92363280
7.56138182,0.92249512,0.92249512
7.57222128,0.92241577,0.92241577
7.58305597,0.92233279,0.92233279
7.59388971,0.92224610,0.92224610
7.60472012,0.92215695,0.92215695
7.61554623,0.92206300,0.92206300
7.62637091,0.92196530,0.92196530
7.63719130,0.92186400,0.92186400
7.64800930,0.92175904,0.92175904
7.65882254,0.92164916,0.92164916
7.66963339,0.92153560,0.92153560
7.68043947,0.92141965,0.92141965
7.69124222,0.92129887,0.92129887
7.70203972,0.92117554,0.92117554
7.71347666,0.91127318,0.91127318
7.73708057,0.90953008,0.90953008
7.75432682,0.92016233,0.92016233
7.76490641,0.92063965,0.92063965
7.77570391,0.92049684,0.92049684
7.78649664,0.92034910,0.92034910
7.79728508,0.92019775,0.92019775
7.80806923,0.92004272,0.92004272
7.81884861,0.91988407,0.91988407
7.82962227,0.91972291,0.91972291
7.84039259,0.91955565,0.91955565
7.85115623,0.91938479,0.91938479
7.86191416,0.91921139,0.91921139
7.87266731,0.91903319,0.91903319
7.88341475,0.91885253,0.91885253
7.89415646,0.91866697,0.91866697
7.90498447,0.92685059,0.92685059
7.91966200,0.94152101,0.94152101
7.92960596,0.94508787,0.94508787
7.94033861,0.94488154,0.94488154
7.95106411,0.94467036,0.94467036
7.96099997,0.94012819,0.94012819
7.97471285,0.92642575,0.92642575
7.98589993,0.91704103,0.91704103
7.99661589,0.91682003,0.91682003
8.00732613,0.91659671,0.91659671
8.01802921,0.91636844,0.91636844
8.02872562,0.91613651,0.91613651
8.03941441,0.91590088,0.91590088
8.05009747,0.91566042,0.91566042
8.06077099,0.91541747,0.91541747
8.07143879,0.91517092,0.91517092
8.08209705,0.91491944,0.91491944
8.09274864,0.91466432,0.91466432
8.10339165,0.91440553,0.91440553
8.11367702,0.91522584,0.91522584
8.12887859,0.93041260,0.93041260
8.14068413,0.94047854,0.94047854
8.15131474,0.94019657,0.94019657
8.16193771,0.93990966,0.93990966
8.17255306,0.93961916,0.93961916
8.18315792,0.93932619,0.93932619
8.19375420,0.93902835,0.93902835
8.20365238,0.93566162,0.93566162
8.21745586,0.92187986,0.92187986
8.22924709,0.91130859,0.91130859
8.23983192,0.91100585,0.91100585
8.25040531,0.91069701,0.91069701
8.26097107,0.91038575,0.91038575
8.27152634,0.91006957,0.91006957
8.28207207,0.90975097,0.90975097
8.29260826,0.90942750,0.90942750
8.30313396,0.90910158,0.90910158
8.31364822,0.90877196,0.90877196
8.32415295,0.90843755,0.90843755
8.33804798,0.92162112,0.92162112
8.35171604,0.93445800,0.93445800
8.36221790,0.93410279,0.93410279
8.37270927,0.93374390,0.93374390
8.38318920,0.93338257,0.93338257
8.39365673,0.93301636,0.93301636
8.40434647,0.92478271,0.92478271
8.41834927,0.91081539,0.91081539
8.42829514,0.90526979,0.90526979
8.43874931,0.90489993,0.90489993
8.44919205,0.90452637,0.90452637
8.45962334,0.90415040,0.90415040
8.47004223,0.90376955,0.90376955
8.48044872,0.90338626,0.90338626
8.49024296,0.90609251,0.90609251
8.50705338,0.92286500,0.92286500
8.51724148,0.92875122,0.92875122
8.52763271,0.92834226,0.92834226
8.53801346,0.92792973,0.92792973
8.54837990,0.92751343,0.92751343
8.55873489,0.92709470,0.92709470
8.56907749,0.92667238,0.92667238
8.57940578,0.92624513,0.92624513
8.58972073,0.92581667,0.92581667
8.59949684,0.92119877,0.92119877
8.61380577,0.90694459,0.90694459
8.62480545,0.89809570,0.89809570
8.63510513,0.89766601,0.89766601
8.64539146,0.89723265,0.89723265
8.65940857,0.91015747,0.91015747
8.67319393,0.92272340,0.92272340
8.68348026,0.92226808,0.92226808
8.69375229,0.92181030,0.92181030
8.70401001,0.92134886,0.92134886
8.71425533,0.92088624,0.92088624
8.72448444,0.92041987,0.92041987
8.73470020,0.91995118,0.91995118
8.74490070,0.91947878,0.91947878
8.75508690,0.91900266,0.91900266
8.76525784,0.91852537,0.91852537
8.77541447,0.91804567,0.91804567
8.78555489,0.91756227,0.91756227
8.79568100,0.91707641,0.91707641
8.80759335,0.92658202,0.92658202
8.82394218,0.94227175,0.94227175
8.83406830,0.94176514,0.94176514
8.84417820,0.94125607,0.94125607
8.85427380,0.94074337,0.94074337
8.86435127,0.94022825,0.94022825
8.87401104,0.93617071,0.93617071
8.88905811,0.92121950,0.92121950
8.90004444,0.91259890,0.91259890
8.91010952,0.91209107,0.91209107
8.92015934,0.91158082,0.91158082
8.93019199,0.91106814,0.91106814
8.94020844,0.91055540,0.91055540
8.95020866,0.91003907,0.91003907
8.96019173,0.90952271,0.90952271
8.97015762,0.90900390,0.90900390
8.98010826,0.90848265,0.90848265
8.99003983,0.90796141,0.90796141
9.00066948,0.91471311,0.91471311
9.01934147,0.93282716,0.93282716
9.02927780,0.93228639,0.93228639
9.03919792,0.93174440,0.93174440
9.04910088,0.93120239,0.93120239
9.05898571,0.93065920,0.93065920
9.06885338,0.93011475,0.93011475
9.07870388,0.92957032,0.92957032
9.08853626,0.92902469,0.92902469
9.10033035,0.91909670,0.91909670
9.11663151,0.90293334,0.90293334
9.12631226,0.90162595,0.90162595
9.13613510,0.90109491,0.90109491
9.14593983,0.90056393,0.90056393
9.16421700,0.91793335,0.91793335
9.17525291,0.92520139,0.92520139
9.18506908,0.92465698,0.92465698
9.19486809,0.92411257,0.92411257
9.20464897,0.92356807,0.92356807
9.21441174,0.92302613,0.92302613
9.22415638,0.92248412,0.92248412
9.23388481,0.92194338,0.92194338
9.24359322,0.92140378,0.92140378
9.25328350,0.92086668,0.92086668
9.26295567,0.92033080,0.92033080
9.27260971,0.91979613,0.91979613
9.28224468,0.91926391,0.91926391
9.29638290,0.93120972,0.93120972
9.31097889,0.94371098,0.94371098
9.32063103,0.94317139,0.94317139
9.33026695,0.94263425,0.94263425
9.33988285,0.94210081,0.94210081
9.34948158,0.94156987,0.94156987
9.35906219,0.94104248,0.94104248
9.36862373,0.94051882,0.94051882
9.37816715,0.93999878,0.93999878
9.38769245,0.93948363,0.93948363
9.39719868,0.93897221,0.93897221
9.40668774,0.93846560,0.93846560
9.42247200,0.92366945,0.92366945
9.45312119,0.93180418,0.93180418
9.46344090,0.93697388,0.93697388
9.47302151,0.93648923,0.93648923
9.48258495,0.93600828,0.93600828
9.49213219,0.93553341,0.93553341
9.50166130,0.93506590,0.93506590
9.51117611,0.93460449,0.93460449
9.52067184,0.93415154,0.93415154
9.53015327,0.93370481,0.93370481
9.53961658,0.93326664,0.93326664
9.54906368,0.93283444,0.93283444
9.55849552,0.93241331,0.93241331
9.56791115,0.93199825,0.93199825
9.57731056,0.93159299,0.93159299
9.58669376,0.93119749,0.93119749
9.59606266,0.93081056,0.93081056
9.60760689,0.93828611,0.93828611
9.62639141,0.95520384,0.95520384
9.63580799,0.95483764,0.95483764
9.64521122,0.95448368,0.95448368
9.65459919,0.95413820,0.95413820
9.66397381,0.95380615,0.95380615
9.67333508,0.95348508,0.95348508
9.68268394,0.95317757,0.95317757
9.69201851,0.95288088,0.95288088
9.70134068,0.95259766,0.95259766
9.71065044,0.95232793,0.95232793
9.71994781,0.95207034,0.95207034
9.74310398,0.97362312,0.97362312
9.75283337,0.97664062,0.97664062
9.76219654,0.97641972,0.97641972
9.77154922,0.97621335,0.97621335
9.78089142,0.97602291,0.97602291
9.79022408,0.97584595,0.97584595
9.81659126,0.95066774,0.95066774
9.82600880,0.95052736,0.95052736
9.83541679,0.95040410,0.95040410
9.84481621,0.95029421,0.95029421
9.85420990,0.95020260,0.95020260
9.86359406,0.95012817,0.95012817
9.89018822,0.97507077,0.97507077
9.89966774,0.97502928,0.97502928
9.90913963,0.97500485,0.97500485
9.91860676,0.97499758,0.97499758
9.92806816,0.97500973,0.97500973
9.93752480,0.97504150,0.97504150
9.94697762,0.97509273,0.97509273
9.95642567,0.97516109,0.97516109
9.96586895,0.97525024,0.97525024
9.97531128,0.97535886,0.97535886
9.98475075,0.97548833,0.97548833
10.01180553,1.00065432,1.00065432
10.02135277,1.00082887,1.00082887
10.03090000,1.00102293,1.00102293
10.04044628,1.00124018,1.00124018
10.04999161,1.00147945,1.00147945
10.05953789,1.00174072,1.00174072
10.06908512,1.00202513,1.00202513
10.07863426,1.00233032,1.00233032
10.08818531,1.00265871,1.00265871
10.09773827,1.00301145,1.00301145
10.12530327,1.02847170,1.02847170
10.13498116,1.02888182,1.02888182
10.14466381,1.02931396,1.02931396
10.15435123,1.02977298,1.02977298
10.16404247,1.03025755,1.03025755
10.17374039,1.03076534,1.03076534
10.18344593,1.03129881,1.03129881
10.19315815,1.03185911,1.03185911
10.20287704,1.03244510,1.03244510
10.21260452,1.03305666,1.03305666
10.24078274,1.05890743,1.05890743
10.25065327,1.05958988,1.05958988
10.27901077,1.03505371,1.03505371
10.28902626,1.03577271,1.03577271
10.29905319,1.03651981,1.03651981
10.30909348,1.03729492,1.03729492
10.31914520,1.03809694,1.03809694
10.32921219,1.03892577,1.03892577
10.33929348,1.03978515,1.03978515
10.34939098,1.04067384,1.04067384
10.35950184,1.04158816,1.04158816
10.36963081,1.04253301,1.04253301
10.37977791,1.04350713,1.04350713
10.40896797,1.06998653,1.06998653
10.41928005,1.07104496,1.07104496
10.42961216,1.07213381,1.07213381
10.43996429,1.07325311,1.07325311
10.45033741,1.07440306,1.07440306
10.46073151,1.07558349,1.07558349
10.47114849,1.07679811,1.07679811
10.48158932,1.07804204,1.07804204
10.49205303,1.07931767,1.07931767
10.52204609,1.10635500,1.10635500
10.53269291,1.10772706,1.10772706
10.54336739,1.10913208,1.10913208
10.55406857,1.11057247,1.11057247
10.56479740,1.11204345,1.11204345
10.57555485,1.11354973,1.11354973
10.58634281,1.11509038,1.11509038
10.59716034,1.11666378,1.11666378
10.62797451,1.14427977,1.14427977
10.63899231,1.14596072,1.14596072
10.65004349,1.14767703,1.14767703
10.66112804,1.14942870,1.14942870
10.67224693,1.15121702,1.15121702
10.68339920,1.15304200,1.15304200
10.69458961,1.15490233,1.15490233
10.70581818,1.15679809,1.15679809
10.71708298,1.15873171,1.15873171
10.72838593,1.16070060,1.16070060
10.73972702,1.16270752,1.16270752
10.77179623,1.19122196,1.19122196
10.78336239,1.19334961,1.19334961
10.79497051,1.19551635,1.19551635
10.80662060,1.19772090,1.19772090
10.81831551,1.19996453,1.19996453
10.83005524,1.20224607,1.20224607
10.84184074,1.20456662,1.20456662
10.87484169,1.18010495,1.18010495
10.88686657,1.18245116,1.18245116
10.89893913,1.18483397,1.18483397
10.93242073,1.21423833,1.21423833
10.94474030,1.21675415,1.21675415
10.95711136,1.21931027,1.21931027
10.96953487,1.22190551,1.22190551
10.98201180,1.22454103,1.22454103
10.99454212,1.22721550,1.22721550
11.00712681,1.22993042,1.22993042
11.01976776,1.23268428,1.23268428
11.03246593,1.23547971,1.23547971
11.06729603,1.26583256,1.26583256
11.08026123,1.26877194,1.26877194
11.09328651,1.27175293,1.27175293
11.10637093,1.27477539,1.27477539
11.11951828,1.27783814,1.27783814
11.13272572,1.28094238,1.28094238
11.14599800,1.28408810,1.28408810
11.15933323,1.28727660,1.28727660
11.17273331,1.29050532,1.29050532
11.18619823,1.29377559,1.29377559
11.19972992,1.29708861,1.29708861
11.23637867,1.32871338,1.32871338
11.25020313,1.33218257,1.33218257
11.26409531,1.33569337,1.33569337
11.27806091,1.33924932,1.33924932
11.29209518,1.34284548,1.34284548
11.30620193,1.34648443,1.34648443
11.32038021,1.35016600,1.35016600
11.33463573,1.35389041,1.35389041
11.34805870,1.35562132,1.35562132
11.36711979,1.33769649,1.33769649
11.37964058,1.33626953,1.33626953
11.39403343,1.34008056,1.34008056
11.40850449,1.34393069,1.34393069
11.42305374,1.34782469,1.34782469
11.43767834,1.35175788,1.35175788
11.45238400,1.35573244,1.35573244
11.46717167,1.35974854,1.35974854
11.48452187,1.34381839,1.34381839
11.49710464,1.33816403,1.33816403
11.51196957,1.34220942,1.34220942
11.52466202,1.34033684,1.34033684
11.54198456,1.32415036,1.32415036
11.55523682,1.32448485,1.32448485
11.57009888,1.32890381,1.32890381
11.58600044,1.32837895,1.32837895
11.60786152,1.31959594,1.31959594
11.62942314,1.31098755,1.31098755
11.64411545,1.31182741,1.31182741
11.65757275,1.31902345,1.31902345
11.67052746,1.31877200,1.31877200
11.68645859,1.30395504,1.30395504
11.69874096,1.30085332,1.30085332
11.71388054,1.30509037,1.30509037
11.72627926,1.30240235,1.30240235
11.74173927,1.28802486,1.28802486
11.75701332,1.27380984,1.27380984
11.77210903,1.25975099,1.25975099
11.78714752,1.26359249,1.26359249
11.80248737,1.26781245,1.26781245
11.81514454,1.25891594,1.25891594
11.82984066,1.24521855,1.24521855
11.84437943,1.23165769,1.23165769
11.85876369,1.21822882,1.21822882
11.87299919,1.20492799,1.20492799
11.88519478,1.19672363,1.19672363
11.90066433,1.20081176,1.20081176
11.91370201,1.20936398,1.20936398
11.93227386,1.20347897,1.20347897
11.95065403,1.19770392,1.19770392
11.96884441,1.19203734,1.19203734
11.98675346,1.18635136,1.18635136
12.00009918,1.17386476,1.17386476
12.01246357,1.16360721,1.16360721
12.02799702,1.16764893,1.16764893
12.04362774,1.17171020,1.17171020
12.05570984,1.16227543,1.16227543
12.06869888,1.15007810,1.15007810
12.08158493,1.13796140,1.13796140
12.09436989,1.12592404,1.12592404
12.10700226,1.12415528,1.12415528
12.12285995,1.12808227,1.12808227
12.13450527,1.13180666,1.13180666
12.15141010,1.12737427,1.12737427
12.16816998,1.12302495,1.12302495
12.18478489,1.11875493,1.11875493
12.20112991,1.11436888,1.11436888
12.21332169,1.10284545,1.10284545
12.22543812,1.09138061,1.09138061
12.23817253,1.08971438,1.08971438
12.25421715,1.09352170,1.09352170
12.26651478,1.09469238,1.09469238
12.28257847,1.09092772,1.09092772
12.29851913,1.08722898,1.08722898
12.31434059,1.08359372,1.08359372
12.33004665,1.08002322,1.08002322
12.34146214,1.08059567,1.08059567
12.35769176,1.08435912,1.08435912
12.37163734,1.08453372,1.08453372
12.38328934,1.07343501,1.07343501
12.39507580,1.06306762,1.06306762
12.41044521,1.05984861,1.05984861
12.42570972,1.05668214,1.05668214
12.43852329,1.05753782,1.05753782
12.45047283,1.06900270,1.06900270
12.46378422,1.07764273,1.07764273
12.47503090,1.06755613,1.06755613
12.48636913,1.05670528,1.05670528
12.49767399,1.04587404,1.04587404
12.50912285,1.03594362,1.03594362
12.52391338,1.03317020,1.03317020
12.53501987,1.04116094,1.04116094
12.54702282,1.05274904,1.05274904
12.55817795,1.05818482,1.05818482
12.57102299,1.05253906,1.05253906
12.58213520,1.04185669,1.04185669
12.59322166,1.03118410,1.03118410
12.60428810,1.02051884,1.02051884
12.61582851,1.01270384,1.01270384
12.62785053,1.02437380,1.02437380
12.63991547,1.03608397,1.03608397
12.65197086,1.03783206,1.03783206
12.66617775,1.03545653,1.03545653
12.68031216,1.03311400,1.03311400
12.69437885,1.03080566,1.03080566
12.70837593,1.02852785,1.02852785
12.72165298,1.02736941,1.02736941
12.73370743,1.03909787,1.03909787
12.74954605,1.04469727,1.04469727
12.76073837,1.03712162,1.03712162
12.77161407,1.02659549,1.02659549
12.78248215,1.01606562,1.01606562
12.79590702,1.01343016,1.01343016
12.80961037,1.01138548,1.01138548
12.82325745,1.00936649,1.00936649
12.83521366,1.02078127,1.02078127
12.84742641,1.03270626,1.03270626
12.85898304,1.03481081,1.03481081
12.87250137,1.03282837,1.03282837
12.88596439,1.03086798,1.03086798
12.89937210,1.02892948,1.02892948
12.91180611,1.02534179,1.02534179
12.92253590,1.01491823,1.01491823
12.93753433,1.01426022,1.01426022
12.95574188,1.01770024,1.01770024
12.96692848,1.01955692,1.01955692
12.98021984,1.01774047,1.01774047
12.99346066,1.01594481,1.01594481
13.00665283,1.01416502,1.01416502
13.01979828,1.01240479,1.01240479
13.03289509,1.01066042,1.01066042
13.04594612,1.00893310,1.00893310
13.05895042,1.00722167,1.00722167
13.07191277,1.00552737,1.00552737
13.08356285,1.00640503,1.00640503
13.09995842,1.01277341,1.01277341
13.11864185,1.01617675,1.01617675
13.12942219,1.00567014,1.00567014
13.14010620,0.99727047,0.99727047
13.15298271,0.99565916,0.99565916
13.16581917,0.99406255,0.99406255
13.17861176,0.99247682,0.99247682
13.19136620,0.99090331,0.99090331
13.20216560,0.99842039,0.99842039
13.21495247,1.01098265,1.01098265
13.22557831,1.01613893,1.01613893
13.23825741,1.01456424,1.01456424
13.25089931,1.01299803,1.01299803
13.26350212,1.01144415,1.01144415
13.27606678,1.00989989,1.00989989
13.28859425,1.00836426,1.00836426
13.30067444,1.00764037,1.00764037
13.31370258,1.02044313,1.02044313
13.32681370,1.03332272,1.03332272
13.33927059,1.03179440,1.03179440
13.35169983,1.03025756,1.03025756
13.36409283,1.02872925,1.02872925
13.37645054,1.02721067,1.02721067
13.38877201,1.02569702,1.02569702
13.39927864,1.01819220,1.01819220
13.41012383,1.00762451,1.00762451
13.42099857,0.99702388,0.99702388
13.43159389,0.99058232,0.99058232
13.44295692,0.99108642,0.99108642
13.45648384,1.00439325,1.00439325
13.46867943,1.01529785,1.01529785
13.48089409,1.01383667,1.01383667
13.49307537,1.01238158,1.01238158
13.50522709,1.01093013,1.01093013
13.51734352,1.00948483,1.00948483
13.52942562,1.00804324,1.00804324
13.54147911,1.00660888,1.00660888
13.55209732,1.01290281,1.01290281
13.56613922,1.02670655,1.02670655
13.57663345,1.03096680,1.03096680
13.58863926,1.02950681,1.02950681
13.60061550,1.02805295,1.02805295
13.61255836,1.02660157,1.02660157
13.62446880,1.02515506,1.02515506
13.63634968,1.02371215,1.02371215
13.64819813,1.02227294,1.02227294
13.66001415,1.02083740,1.02083740
13.67179966,1.01940551,1.01940551
13.68355370,1.01797608,1.01797608
13.69627190,1.02165531,1.02165531
13.71875477,1.02689087,1.02689087
13.73147011,1.01928225,1.01928225
13.74194717,1.01229132,1.01229132
13.75371647,1.01087894,1.01087894
13.76545620,1.00946773,1.00946773
13.77716541,1.00806033,1.00806033
13.78884315,1.00665649,1.00665649
13.80048943,1.00525516,1.00525516
13.81210518,1.00385743,1.00385743
13.82369137,1.00246217,1.00246217
13.83524513,1.00107059,1.00107059
13.84737778,1.01099005,1.01099005
13.86284161,1.02602662,1.02602662
13.87439251,1.02460447,1.02460447
13.88591099,1.02318604,1.02318604
13.89740086,1.02177120,1.02177120
13.90886021,1.02035889,1.02035889
13.92028713,1.01895025,1.01895025
13.93168449,1.01754516,1.01754516
13.94305134,1.01614264,1.01614264
13.95340729,1.01075565,1.01075565
13.96492195,0.99965945,0.99965945
13.97650719,0.98848755,0.98848755
13.99501038,0.99927004,0.99927004
14.00741577,1.00918700,1.00918700
14.01878452,1.00780765,1.00780765
14.03012371,1.00643311,1.00643311
14.04143333,1.00506108,1.00506108
14.05271244,1.00369504,1.00369504
14.06396198,1.00233152,1.00233152
14.07518005,1.00097295,1.00097295
14.08636951,0.99962157,0.99962157
14.09753036,0.99827273,0.99827273
14.10865974,0.99692871,0.99692871
14.11898327,1.00019653,1.00019653
14.13802528,1.01892944,1.01892944
14.14936638,1.01332517,1.01332517
14.16149330,1.00170044,1.00170044
14.17355633,0.99029540,0.99029540
14.18470478,0.98898676,0.98898676
14.19582462,0.98768430,0.98768430
14.20691490,0.98638793,0.98638793
14.21797752,0.98509764,0.98509764
14.22901154,0.98381595,0.98381595
14.24001503,0.98253908,0.98253908
14.25099087,0.98127195,0.98127195
14.26792717,0.99704710,0.99704710
14.27984238,1.00521117,1.00521117
14.29083633,1.00393190,1.00393190
14.30180073,1.00266110,1.00266110
14.31273842,1.00139897,1.00139897
14.32364750,1.00014647,1.00014647
14.33452892,0.99890260,0.99890260
14.34538460,0.99766845,0.99766845
14.35621262,0.99644285,0.99644285
14.36701012,0.99522952,0.99522952
14.37778187,0.99402464,0.99402464
14.39193821,1.00568361,1.00568361
14.40642643,1.01774412,1.01774412
14.41722584,1.01654180,1.01654180
14.42799854,1.01535153,1.01535153
14.43874550,1.01417359,1.01417359
14.44946671,1.01300662,1.01300662
14.46016216,1.01185306,1.01185306
14.47082996,1.01071289,1.01071289
14.48147583,1.00958495,1.00958495
14.49209595,1.00847167,1.00847167
14.50269032,1.00737178,1.00737178
14.51816559,1.02050290,1.02050290
14.53182888,1.03098637,1.03098637
14.54246235,1.02990233,1.02990233
14.55307198,1.02883173,1.02883173
14.56365967,1.02777588,1.02777588
14.57422352,1.02673704,1.02673704
14.58476448,1.02571288,1.02571288
14.59528351,1.02470456,1.02470456
14.60577965,1.02371340,1.02371340
14.61625481,1.02273923,1.02273923
14.62670898,1.02178100,1.02178100
14.63713932,1.02084107,1.02084107
14.64755058,1.01991578,1.01991578
14.65794086,1.01900999,1.01900999
14.67426968,1.03283200,1.03283200
14.68778801,1.04268068,1.04268068
14.69823647,1.04180544,1.04180544
14.70866680,1.04095098,1.04095098
14.71907806,1.04011351,1.04011351
14.72947216,1.03929685,1.03929685
14.73985004,1.03849977,1.03849977
14.75020790,1.03772338,1.03772338
14.76055050,1.03696535,1.03696535
14.77087593,1.03622804,1.03622804
14.78118610,1.03551151,1.03551151
14.80710125,1.06005613,1.06005613
14.81750011,1.05936523,1.05936523
14.82788754,1.05869628,1.05869628
14.83825970,1.05804926,1.05804926
14.84861755,1.05742680,1.05742680
14.85896301,1.05682494,1.05682494
14.86929607,1.05624634,1.05624634
14.87961864,1.05569090,1.05569090
14.88992691,1.05516114,1.05516114
14.90022469,1.05465333,1.05465333
14.92649174,1.07926881,1.07926881
14.95283413,1.05371214,1.05371214
14.96335506,1.05327878,1.05327878
14.97386837,1.05286984,1.05286984
14.98437405,1.05248661,1.05248661
14.99487305,1.05213016,1.05213016
15.00536537,1.05179928,1.05179928
15.01585007,1.05149537,1.05149537
15.02633190,1.05121950,1.05121950
15.04149437,1.06239136,1.06239136
15.05837727,1.07576541,1.07576541
15.06897545,1.07556643,1.07556643
15.07957363,1.07539669,1.07539669
15.09016705,1.07525631,1.07525631
15.10076046,1.07514654,1.07514654
15.11135292,1.07506717,1.07506717
15.12194443,1.07501710,1.07501710
15.13253784,1.07499876,1.07499876
15.14313316,1.07501221,1.07501221
15.17039013,1.10005857,1.10005857
15.18112469,1.10013795,1.10013795
15.19186211,1.10025022,1.10025022
15.20260525,1.10039672,1.10039672
15.21335411,1.10057861,1.10057861
15.22410870,1.10079343,1.10079343
15.23486900,1.10104490,1.10104490
15.24563789,1.10133053,1.10133053
15.25641251,1.10165406,1.10165406
15.28427410,1.12706053,1.12706053
15.29521275,1.12746579,1.12746579
15.30616188,1.12791135,1.12791135
15.31712246,1.12839722,1.12839722
15.32809734,1.12892089,1.12892089
15.33908463,1.12948487,1.12948487
15.35008907,1.13009032,1.13009032
15.36110878,1.13073728,1.13073728
15.38962078,1.15656858,1.15656858
15.40082359,1.15731807,1.15731807
15.41204453,1.15811160,1.15811160
15.42328644,1.15894774,1.15894774
15.43454647,1.15983276,1.15983276
15.44583511,1.16076416,1.16076416
15.45714378,1.16174074,1.16174074
15.46847820,1.16276732,1.16276732
15.49776268,1.18914310,1.18914310
15.50930405,1.19029299,1.19029299
15.52087688,1.19149413,1.19149413
15.53247929,1.19274903,1.19274903
15.54411316,1.19405516,1.19405516
15.55577850,1.19541877,1.19541877
15.56748009,1.19683719,1.19683719
15.59756851,1.22380737,1.22380737
15.60950470,1.22537228,1.22537228
15.62148094,1.22699828,1.22699828
15.63349819,1.22868537,1.22868537
15.64555836,1.23043460,1.23043460
15.65740204,1.23385497,1.23385497
15.67049694,1.24424563,1.24424563
15.69426250,1.27997558,1.27997558
15.70701027,1.28961184,1.28961184
15.71929264,1.29184079,1.29184079
15.73164177,1.29408321,1.29408321
15.74404716,1.29640379,1.29640379
15.75650883,1.29879883,1.29879883
15.76902771,1.30127443,1.30127443
15.78160477,1.30383055,1.30383055
15.79424381,1.30646972,1.30646972
15.80694866,1.30919313,1.30919313
15.81971931,1.31200446,1.31200446
15.85237026,1.34120360,1.34120360
15.86547089,1.34425533,1.34425533
15.87864876,1.34740231,1.34740231
15.89190388,1.35064829,1.35064829
15.90523624,1.35399414,1.35399414
15.91806030,1.35967900,1.35967900
15.93069553,1.36782845,1.36782845
15.94335175,1.37587650,1.37587650
15.95604229,1.38383658,1.38383658
15.96877766,1.39172612,1.39172612
15.99988556,1.42653934,1.42653934
16.01294136,1.43439330,1.43439330
16.02607346,1.44220944,1.44220944
16.03928566,1.44999993,1.44999993
16.05258560,1.45777456,1.45777456
16.06597900,1.46554815,1.46554815
16.07947540,1.47333128,1.47333128
16.09327316,1.47339362,1.47339362
16.11410332,1.46125120,1.46125120
16.12770271,1.46901364,1.46901364
16.14491463,1.46138178,1.46138178
16.17365265,1.43911138,1.43911138
16.20155716,1.41748407,1.41748407
16.22865295,1.39648314,1.39648314
16.24174118,1.39519532,1.39519532
16.25513077,1.40286740,1.40286740
16.27612305,1.38844356,1.38844356
16.30112457,1.36901242,1.36901242
16.31354332,1.36867676,1.36867676
16.32697487,1.37645390,1.37645390
16.34692764,1.36257082,1.36257082
16.37011528,1.34455328,1.34455328
16.39270020,1.32702883,1.32702883
16.40727997,1.31996218,1.31996218
16.42064095,1.32788094,1.32788094
16.43400002,1.32286256,1.32286256
16.45506859,1.30658698,1.30658698
16.47562599,1.29074343,1.29074343
16.49568558,1.27531981,1.27531981
16.50705719,1.27786744,1.27786744
16.52051163,1.28612669,1.28612669
16.53782845,1.27388299,1.27388299
16.55667114,1.25952519,1.25952519
16.57508850,1.24553344,1.24553344
16.59309196,1.23190301,1.23190301
16.60416985,1.23479126,1.23479126
16.61773491,1.24347288,1.24347288
16.63332176,1.23283084,1.23283084
16.65034294,1.22012446,1.22012446
16.66700554,1.20773563,1.20773563
16.68331909,1.19566041,1.19566041
16.69508553,1.19058963,1.19058963
16.70877457,1.19975463,1.19975463
16.71933174,1.19867191,1.19867191
16.73484993,1.18740229,1.18740229
16.75006676,1.17641112,1.17641112
16.76499367,1.16569459,1.16569459
16.77964020,1.15524049,1.15524049
16.78970718,1.15459719,1.15459719
16.80376434,1.16451426,1.16451426
16.81462479,1.16056152,1.16056152
16.82865143,1.15080199,1.15080199
16.84243011,1.14127934,1.14127934
16.85485268,1.13371462,1.13371462
16.86927986,1.14427615,1.14427615
16.87979698,1.14784661,1.14784661
16.89305305,1.13895876,1.13895876
16.90609360,1.13028807,1.13028807
16.91892624,1.12182736,1.12182736
16.93155479,1.11357423,1.11357423
16.94398689,1.10552121,1.10552121
16.95380974,1.10799193,1.10799193
16.96904755,1.11979371,1.11979371
16.98000336,1.11436646,1.11436646
16.99205780,1.10685785,1.10685785
17.00393867,1.09953493,1.09953493
17.01565361,1.09239380,1.09239380
17.02749443,1.09957278,1.09957278
17.04120445,1.10944822,1.10944822
17.05277443,1.10263180,1.10263180
17.06419754,1.09598517,1.09598517
17.07547379,1.08950196,1.08950196
17.08661079,1.08318114,1.08318114
17.09761047,1.07701781,1.07701781
17.10847855,1.07100714,1.07100714
17.11851501,1.07517947,1.07517947
17.13504601,1.08886718,1.08886718
17.14584160,1.08314574,1.08314574
17.15651512,1.07757204,1.07757204
17.16707611,1.07213739,1.07213739
17.17752838,1.06684329,1.06684329
17.18682480,1.06904548,1.06904548
17.20541000,1.08521968,1.08521968
17.21582794,1.08019408,1.08019408
17.22614670,1.07530028,1.07530028
17.23637199,1.07053593,1.07053593
17.24650383,1.06589965,1.06589965
17.25654793,1.06138795,1.06138795
17.26650810,1.05699586,1.05699586
17.27638626,1.05272581,1.05272581
17.28950691,1.06238039,1.06238039
17.30266571,1.07202023,1.07202023
17.31256676,1.06799072,1.06799072
17.32239723,1.06407473,1.06407473
17.33215523,1.06027098,1.06027098
17.34185028,1.05657592,1.05657592
17.35147858,1.05298824,1.05298824
17.36104774,1.04950560,1.04950560
17.37055588,1.04612917,1.04612917
17.38575935,1.05857785,1.05857785
17.39754105,1.06633426,1.06633426
17.40711784,1.06317747,1.06317747
17.41664314,1.06011968,1.06011968
17.42611694,1.05715699,1.05715699
17.43554306,1.05429200,1.05429200
17.44492531,1.05151853,1.05151853
17.45426369,1.04883790,1.04883790
17.46355820,1.04624755,1.04624755
17.47737885,1.05699704,1.05699704
17.49096298,1.06736329,1.06736329
17.50035858,1.06497560,1.06497560
17.50971794,1.06267332,1.06267332
17.51904297,1.06045539,1.06045539
17.52833557,1.05832152,1.05832152
17.53759956,1.05626708,1.05626708
17.54683304,1.05429322,1.05429322
17.55604172,1.05239874,1.05239874
17.56522560,1.05057979,1.05057979
17.57438660,1.04883547,1.04883547
17.58352661,1.04716554,1.04716554
17.59264565,1.04556765,1.04556765
17.60174751,1.04404300,1.04404300
17.61083031,1.04258787,1.04258787
17.63925743,1.01580442,1.01580442
17.64812851,1.01451662,1.01451662
17.65698814,1.01329349,1.01329349
17.66583824,1.01213134,1.01213134
17.67468262,1.01103147,1.01103147
17.70258141,0.98474363,0.98474363
17.71123505,0.98378788,0.98378788
17.71989059,0.98289062,0.98289062
17.72854614,0.98204595,0.98204595
17.73719978,0.98125608,0.98125608
17.74585724,0.98052002,0.98052002
17.75452042,0.97983396,0.97983396
17.78183174,0.95409180,0.95409180
17.79033852,0.95352290,0.95352290
17.79885483,0.95299928,0.95299928
17.82591057,0.92745723,0.92745723
17.83428574,0.92703609,0.92703609
17.84267426,0.92665894,0.92665894
17.85107803,0.92632204,0.92632204
17.85949707,0.92602659,0.92602659
17.86793327,0.92577150,0.92577150
17.87638855,0.92555301,0.92555301
17.88486099,0.92537356,0.92537356
17.89335632,0.92522948,0.92522948
17.90186882,0.92512204,0.92512204
17.91040421,0.92504884,0.92504884
17.91896248,0.92500849,0.92500849
17.92754364,0.92499997,0.92499997
17.93614960,0.92502322,0.92502322
17.94477844,0.92507689,0.92507689
17.95343208,0.92516114,0.92516114
17.96211243,0.92527218,0.92527218
17.97081757,0.92541134,0.92541134
17.97954941,0.92557744,0.92557744
17.98830795,0.92576783,0.92576783
17.99709702,0.92598392,0.92598392
18.00591087,0.92622310,0.92622310
18.01475525,0.92648440,0.92648440
18.02362823,0.92676756,0.92676756
18.03252983,0.92707153,0.92707153
18.05852699,0.90233033,0.90233033
18.06736374,0.90266238,0.90266238
18.07622910,0.90301274,0.90301274
18.08512878,0.90337764,0.90337764
18.09405899,0.90375977,0.90375977
18.10302162,0.90415651,0.90415651
18.11201477,0.90456790,0.90456790
18.12104225,0.90499143,0.90499143
18.13009834,0.90542723,0.90542723
18.13918877,0.90587404,0.90587404
18.14830780,0.90633301,0.90633301
18.15746117,0.90679932,0.90679932
18.16664505,0.90727666,0.90727666
18.17586136,0.90776118,0.90776118
18.18510818,0.90825317,0.90825317
18.19438553,0.90875122,0.90875122
18.20369530,0.90925664,0.90925664
18.21303749,0.90976561,0.90976561
18.22240829,0.91027836,0.91027836
18.23180962,0.91079593,0.91079593
18.24124146,0.91131470,0.91131470
18.25070381,0.91183595,0.91183595
18.26019669,0.91235845,0.91235845
18.26971817,0.91288211,0.91288211
18.27927017,0.91340454,0.91340454
18.28884888,0.91392580,0.91392580
18.29845810,0.91444575,0.91444575
18.32147217,0.89225583,0.89225583
18.33095360,0.89004522,0.89004522
18.34056854,0.89053952,0.89053952
18.35021400,0.89102902,0.89102902
18.35988617,0.89151246,0.89151246
18.36958504,0.89199097,0.89199097
18.37931442,0.89246092,0.89246092
18.38906860,0.89292363,0.89292363
18.39884949,0.89337772,0.89337772
18.40865707,0.89382322,0.89382322
18.41849136,0.89425901,0.89425901
18.42834854,0.89468263,0.89468263
18.43823051,0.89509520,0.89509520
18.44813538,0.89549560,0.89549560
18.45806313,0.89588380,0.89588380
18.46801376,0.89625977,0.89625977
18.47798347,0.89662231,0.89662231
18.48797226,0.89697267,0.89697267
18.49798393,0.89730839,0.89730839
18.50801086,0.89763061,0.89763061
18.51805878,0.89793825,0.89793825
18.52812004,0.89823243,0.89823243
18.53820038,0.89851078,0.89851078
18.54829407,0.89877441,0.89877441
18.55840302,0.89902339,0.89902339
18.56852531,0.89925784,0.89925784
18.57865906,0.89947751,0.89947751
18.58880806,0.89968140,0.89968140
18.59896660,0.89987178,0.89987178
18.60913467,0.90004517,0.90004517
18.61931229,0.90020383,0.90020383
18.62950134,0.90034790,0.90034790
18.63969612,0.90047729,0.90047729
18.64989853,0.90059080,0.90059080
18.66010857,0.90069089,0.90069089
18.67032433,0.90077640,0.90077640
18.68054390,0.90084718,0.90084718
18.69076920,0.90090454,0.90090454
18.70099831,0.90094846,0.90094846
18.71123123,0.90097775,0.90097775
18.72257233,0.89308959,0.89308959
18.74090195,0.87525391,0.87525391
18.75114250,0.87524294,0.87524294
18.76138496,0.87521978,0.87521978
18.77163124,0.87518434,0.87518434
18.78187752,0.87513791,0.87513791
18.79212379,0.87507935,0.87507935
18.80237198,0.87501097,0.87501097
18.81261826,0.87493044,0.87493044
18.82286644,0.87483890,0.87483890
18.83310890,0.87473758,0.87473758
18.84335327,0.87462646,0.87462646
18.85359383,0.87450443,0.87450443
18.86383438,0.87437384,0.87437384
18.87406921,0.87423341,0.87423341
18.88430214,0.87408570,0.87408570
18.89453125,0.87392820,0.87392820
18.90475655,0.87376221,0.87376221
18.91497803,0.87358885,0.87358885
18.92519569,0.87340697,0.87340697
18.93540764,0.87322025,0.87322025
18.94561386,0.87302490,0.87302490
18.95581627,0.87282231,0.87282231
18.96601105,0.87261354,0.87261354
18.97620201,0.87239988,0.87239988
18.98638725,0.87217895,0.87217895
18.99656677,0.87195313,0.87195313
19.00673676,0.87172240,0.87172240
19.01690292,0.87148683,0.87148683
19.02706146,0.87124632,0.87124632
19.03721428,0.87100099,0.87100099
19.04735756,0.87075196,0.87075196
19.05749512,0.87050050,0.87050050
19.07354164,0.85544068,0.85544068
19.08668137,0.84439699,0.84439699
19.09683228,0.84414184,0.84414184
19.10697746,0.84388431,0.84388431
19.11711502,0.84362550,0.84362550
19.12724495,0.84336183,0.84336183
19.13736534,0.84309810,0.84309810
19.14748192,0.84283327,0.84283327
19.15758896,0.84256590,0.84256590
19.16768837,0.84229735,0.84229735
19.17778015,0.84202885,0.84202885
19.19943237,0.86302731,0.86302731
19.20959663,0.86698735,0.86698735
19.21970749,0.86670781,0.86670781
19.22981262,0.86642824,0.86642824
19.23990822,0.86614746,0.86614746
19.24999809,0.86586794,0.86586794
19.26007843,0.86558840,0.86558840
19.27015305,0.86531007,0.86531007
19.28022003,0.86503050,0.86503050
19.29027939,0.86475462,0.86475462
19.30033302,0.86447630,0.86447630
19.31037903,0.86420040,0.86420040
19.32041550,0.86392575,0.86392575
19.33044624,0.86365236,0.86365236
19.34047127,0.86338133,0.86338133
19.35048866,0.86310912,0.86310912
19.36049843,0.86284060,0.86284060
19.37050056,0.86257322,0.86257322
19.38049698,0.86230711,0.86230711
19.39048767,0.86204223,0.86204223
19.40046883,0.86177979,0.86177979
19.41044617,0.86152100,0.86152100
19.42041588,0.86126218,0.86126218
19.43037987,0.86100586,0.86100586
19.44033623,0.86075191,0.86075191
19.45881271,0.84330685,0.84330685
19.47066307,0.83494995,0.83494995
19.48064995,0.83471067,0.83471067
19.49062920,0.83447261,0.83447261
19.50060272,0.83423703,0.83423703
19.51057243,0.83400511,0.83400511
19.52053642,0.83377442,0.83377442
19.53049469,0.83354856,0.83354856
19.54044533,0.83332397,0.83332397
19.55039406,0.83310061,0.83310061
19.56033516,0.83288209,0.83288209
19.57027245,0.83266598,0.83266598
19.58020401,0.83245236,0.83245236
19.59013176,0.83224242,0.83224242
19.60005569,0.83203488,0.83203488
19.60997391,0.83182982,0.83182982
19.61988831,0.83162845,0.83162845
19.62979889,0.83142940,0.83142940
19.63970375,0.83123293,0.83123293
19.64960670,0.83104129,0.83104129
19.65950394,0.83085082,0.83085082
19.66939735,0.83066411,0.83066411
19.67928886,0.83048215,0.83048215
19.68917465,0.83030151,0.83030151
19.69905853,0.83012569,0.83012569
19.70893669,0.82995116,0.82995116
19.71881485,0.82978027,0.82978027
19.72868729,0.82961303,0.82961303
19.73855972,0.82944945,0.82944945
19.74842834,0.82928832,0.82928832
19.75829315,0.82913087,0.82913087
19.76815414,0.82897705,0.82897705
19.77801323,0.82882566,0.82882566
19.78787231,0.82867799,0.82867799
19.79772949,0.82853391,0.82853391
19.80758286,0.82839232,0.82839232
19.81801414,0.83266360,0.83266360
19.86400223,0.82812135,0.82812135
19.87394333,0.82798951,0.82798951
19.88388062,0.82786135,0.82786135
19.89381790,0.82773676,0.82773676
19.90375328,0.82761474,0.82761474
19.91368675,0.82749635,0.82749635
19.92362022,0.82738158,0.82738158
19.93354988,0.82727053,0.82727053
19.94348145,0.82716067,0.82716067
19.95340919,0.82705563,0.82705563
19.96333504,0.82695313,0.82695313
19.97326279,0.82685426,0.82685426
19.98318863,0.82675781,0.82675781
19.99311447,0.82666504,0.82666504
20.00304031,0.82657471,0.82657471
20.01296425,0.82648803,0.82648803
20.02288818,0.82640379,0.82640379
20.03281212,0.82632327,0.82632327
20.04273605,0.82624390,0.82624390
20.05265808,0.82616820,0.82616820
20.06258011,0.82609738,0.82609738
20.07250214,0.82602782,0.82602782
20.09897614,0.85098879,0.85098879
20.10894012,0.85092288,0.85092288
20.11890221,0.85085939,0.85085939
20.12886620,0.85079957,0.85079957
20.13882828,0.85074216,0.85074216
20.14879036,0.85068848,0.85068848
20.15875244,0.85063597,0.85063597
20.16871643,0.85058593,0.85058593
20.17868042,0.85053835,0.85053835
20.18864250,0.85049316,0.85049316
20.19860649,0.85045044,0.85045044
20.20857239,0.85041016,0.85041016
20.21853638,0.85037236,0.85037236
20.24571609,0.82532714,0.82532714
20.25564384,0.82529293,0.82529293
20.26557350,0.82526242,0.82526242
20.27550316,0.82523316,0.82523316
20.28543282,0.82520630,0.82520630
20.31214333,0.85018553,0.85018553
20.32210922,0.85016358,0.85016358
20.33207512,0.85014038,0.85014038
20.34204292,0.85011964,0.85011964
20.35200691,0.85010014,0.85010014
20.36197662,0.85008426,0.85008426
20.37194633,0.85006835,0.85006835
20.39875603,0.82505372,0.82505372
20.40875816,0.82504148,0.82504148
20.41876030,0.82503177,0.82503177
20.42876244,0.82502198,0.82502198
20.43876457,0.82501461,0.82501461
20.44876671,0.82500978,0.82500978
20.45877075,0.82500369,0.82500369
20.46877289,0.82500120,0.82500120
20.47877693,0.82499875,0.82499875
20.48878098,0.82499878,0.82499878
20.49878502,0.82499878,0.82499878
20.50878906,0.82499999,0.82499999
20.51879311,0.82500364,0.82500364
20.52879524,0.82500856,0.82500856
20.53880119,0.82501343,0.82501343
20.56579399,0.85001950,0.85001950
20.57582855,0.85002809,0.85002809
20.58586311,0.85003661,0.85003661
20.59589577,0.85004641,0.85004641
20.60592842,0.85005737,0.85005737
20.61596298,0.85006960,0.85006960
20.62599564,0.85008299,0.85008299
20.63602829,0.85009645,0.85009645
20.64606285,0.85011106,0.85011106
20.65609550,0.85012695,0.85012695
20.66613007,0.85014404,0.85014404
20.67616463,0.85016236,0.85016236
20.68620110,0.85018187,0.85018187
20.69623375,0.85020021,0.85020021
20.70626831,0.85022217,0.85022217
20.71630287,0.85024294,0.85024294
20.72633743,0.85026494,0.85026494
20.73637199,0.85028927,0.85028927
20.74640656,0.85031249,0.85031249
20.75644302,0.85033689,0.85033689
20.76647949,0.85036250,0.85036250
20.77651596,0.85038942,0.85038942
20.78655052,0.85041747,0.85041747
20.81380272,0.87545895,0.87545895
20.82386780,0.87548830,0.87548830
20.83393097,0.87551880,0.87551880
20.84399414,0.87555051,0.87555051
20.85405922,0.87558227,0.87558227
20.86412239,0.87561519,0.87561519
20.87418938,0.87564818,0.87564818
20.88425446,0.87568361,0.87568361
20.89432144,0.87571900,0.87571900
20.90438461,0.87575567,0.87575567
20.91445160,0.87579227,0.87579227
20.94182777,0.85080689,0.85080689
20.95192146,0.85084472,0.85084472
20.96201515,0.85088256,0.85088256
20.98943329,0.87594851,0.87594851
20.99955368,0.87598999,0.87598999
21.00967216,0.87603147,0.87603147
21.01979256,0.87607419,0.87607419
21.02991486,0.87611821,0.87611821
21.04003525,0.87616209,0.87616209
21.05015945,0.87620728,0.87620728
21.06028366,0.87625367,0.87625367
21.07040977,0.87630005,0.87630005
21.09793282,0.90138791,0.90138791
21.10808372,0.90143673,0.90143673
21.11823463,0.90148807,0.90148807
21.12838936,0.90154051,0.90154051
21.13854408,0.90159303,0.90159303
21.14870071,0.90164670,0.90164670
21.15885925,0.90170167,0.90170167
21.16901779,0.90175780,0.90175780
21.19664001,0.92686398,0.92686398
21.20682716,0.92692504,0.92692504
21.21701622,0.92698482,0.92698482
21.22720146,0.92704589,0.92704589
21.23739433,0.92710813,0.92710813
21.28921509,0.97729003,0.97729003
21.29946136,0.97735843,0.97735843
21.30970955,0.97742799,0.97742799
21.36158943,1.02762814,1.02762814
21.37189102,1.02770387,1.02770387
21.38219643,1.02778077,1.02778077
21.39250374,1.02785888,1.02785888
21.42032433,1.05301022,1.05301022
21.43066406,1.05309448,1.05309448
21.44100571,1.05317875,1.05317875
21.45135117,1.05326536,1.05326536
21.47923279,1.07843262,1.07843262
21.48961067,1.07852544,1.07852544
21.49999046,1.07861817,1.07861817
21.51037216,1.07871339,1.07871339
21.53832054,1.10390012,1.10390012
21.54874039,1.10400020,1.10400020
21.55916405,1.10410402,1.10410402
21.58716774,1.07911255,1.07911255
21.61217308,1.05556031,1.05556031
21.62257957,1.05422127,1.05422127
21.63302040,1.05432856,1.05432856
21.64346313,1.05443606,1.05443606
21.65390968,1.05454593,1.05454593
21.66436386,1.05465826,1.05465826
21.67482185,1.05477294,1.05477294
21.68528557,1.05488894,1.05488894
21.69575500,1.05500734,1.05500734
21.70623016,1.05512940,1.05512940
21.71670914,1.05525267,1.05525267
21.72719383,1.05537840,1.05537840
21.73768425,1.05550782,1.05550782
21.75019836,1.04765501,1.04765501
21.76934814,1.03063477,1.03063477
21.77982712,1.03076780,1.03076780
21.79030991,1.03090333,1.03090333
21.80080032,1.03104121,1.03104121
21.81129646,1.03118286,1.03118286
21.82179832,1.03132689,1.03132689
21.83230782,1.03147466,1.03147466
21.84282303,1.03162475,1.03162475
21.85747528,1.02030881,1.02030881
21.87375069,1.00676514,1.00676514
21.88425255,1.00692017,1.00692017
21.89476395,1.00707883,1.00707883
21.90528297,1.00724002,1.00724002
21.91580772,1.00740597,1.00740597
21.92634201,1.00757326,1.00757326
21.93688011,1.00774537,1.00774537
21.94742775,1.00792118,1.00792118
21.96511078,0.99251590,0.99251590
21.97844124,0.98307495,0.98307495
21.98897934,0.98325808,0.98325808
21.99952316,0.98344236,0.98344236
22.01007462,0.98363285,0.98363285
22.02063560,0.98382567,0.98382567
22.03120422,0.98402469,0.98402469
22.04178047,0.98422608,0.98422608
22.05236816,0.98443238,0.98443238
22.06296730,0.98464480,0.98464480
22.07357216,0.98485966,0.98485966
22.08418846,0.98507931,0.98507931
22.09481430,0.98530515,0.98530515
22.11215782,0.97019775,0.97019775
22.12558746,0.96049440,0.96049440
22.13620567,0.96072752,0.96072752
22.14683342,0.96096682,0.96096682
22.15747070,0.96121216,0.96121216
22.16811943,0.96146243,0.96146243
22.17878151,0.96171751,0.96171751
22.18945312,0.96197994,0.96197994
22.20013809,0.96224730,0.96224730
22.21083450,0.96252197,0.96252197
22.23360443,0.98471314,0.98471314
22.24427223,0.98843509,0.98843509
22.25496292,0.98873537,0.98873537
22.27847672,0.96623293,0.96623293
22.28902054,0.96399288,0.96399288
22.29969978,0.96430911,0.96430911
22.31039238,0.96463131,0.96463131
22.32110023,0.96496338,0.96496338
22.33182144,0.96530277,0.96530277
22.34255791,0.96564937,0.96564937
22.35330772,0.96600712,0.96600712
22.36407471,0.96637211,0.96637211
22.37486076,0.96674808,0.96674808
22.38566017,0.96713254,0.96713254
22.39647675,0.96752804,0.96752804
22.40738869,0.96341551,0.96341551
22.42904282,0.94286747,0.94286747
22.43985558,0.94328246,0.94328246
22.45832253,0.96096681,0.96096681
22.47053719,0.96966554,0.96966554
22.48134804,0.97012818,0.97012818
22.49217606,0.97060423,0.97060423
22.50302505,0.97109250,0.97109250
22.51389313,0.97159547,0.97159547
22.52478409,0.97211299,0.97211299
22.53569221,0.97264526,0.97264526
22.54662704,0.97319336,0.97319336
22.55742073,0.97283937,0.97283937
22.58214188,0.94869876,0.94869876
22.59307671,0.94928103,0.94928103
22.60403633,0.94988036,0.94988036
22.61915970,0.96372557,0.96372557
22.63372803,0.97684446,0.97684446
22.64468956,0.97751951,0.97751951
22.65567589,0.97821533,0.97821533
22.66669083,0.97893558,0.97893558
22.69213867,0.95389525,0.95389525
22.70313072,0.95464230,0.95464230
22.71398354,0.95616943,0.95616943
22.73062134,0.97252074,0.97252074
22.74321556,0.98289553,0.98289553
22.75423241,0.98376950,0.98376950
22.76528549,0.98467163,0.98467163
22.77636909,0.98560425,0.98560425
22.78748703,0.98657106,0.98657106
22.79863739,0.98756960,0.98756960
22.80982399,0.98860469,0.98860469
22.83690262,0.98104127,0.98104127
22.85727310,0.98716555,0.98716555
22.86791420,0.99193607,0.99193607
22.87903786,0.99312619,0.99312619
22.89019966,0.99436036,0.99436036
22.90139961,0.99563841,0.99563841
22.91263771,0.99696288,0.99696288
22.92391777,0.99833497,0.99833497
22.93524170,0.99975703,0.99975703
22.94607544,1.00582154,1.00582154
22.96008110,1.01526247,1.01526247
22.99218941,1.00262696,1.00262696
23.00427628,1.01373292,1.01373292
23.01614952,1.02454106,1.02454106
23.02782249,1.03506220,1.03506220
23.03877258,1.03791011,1.03791011
23.05005836,1.03985959,1.03985959
23.06138992,1.04187980,1.04187980
23.07277298,1.04397095,1.04397095
23.08420181,1.04613892,1.04613892
23.09488106,1.04407103,1.04407103
23.11609650,1.02376463,1.02376463
23.12752342,1.02610840,1.02610840
23.13900566,1.02853391,1.02853391
23.14964676,1.03501711,1.03501711
23.16040993,1.04385863,1.04385863
23.17111397,1.05253171,1.05253171
23.18176842,1.06104983,1.06104983
23.19238663,1.06942139,1.06942139
23.20298195,1.07765985,1.07765985
23.22525024,1.06624387,1.06624387
23.23834229,1.06612064,1.06612064
23.24874496,1.07393919,1.07393919
23.25915337,1.08166261,1.08166261
23.26958275,1.08930423,1.08930423
23.28003502,1.09686646,1.09686646
23.29052162,1.10436397,1.10436397
23.30105019,1.11180782,1.11180782
23.31162834,1.11920531,1.11920531
23.32226181,1.12656493,1.12656493
23.33295631,1.13389285,1.13389285
23.34702110,1.12886354,1.12886354
23.36384583,1.11975464,1.11975464
23.37508583,1.12541375,1.12541375
23.38691330,1.13006960,1.13006960
23.39882469,1.13486207,1.13486207
23.41082191,1.13978635,1.13978635
23.42290306,1.14484991,1.14484991
23.43507385,1.15005734,1.15005734
23.44733810,1.15540891,1.15540891
23.45969963,1.16090944,1.16090944
23.47160339,1.16549432,1.16549432
23.48890877,1.15052976,1.15052976
23.49930000,1.14813842,1.14813842
23.51180077,1.15412112,1.15412112
23.52441216,1.16027221,1.16027221
23.53713608,1.16659303,1.16659303
23.54757500,1.16641846,1.16641846
23.56400108,1.15268675,1.15268675
23.57491684,1.15540410,1.15540410
23.58783340,1.16227294,1.16227294
23.60087967,1.16932738,1.16932738
23.61406136,1.17658330,1.17658330
23.62738609,1.18403812,1.18403812
23.64085770,1.19169809,1.19169809
23.65448380,1.19957275,1.19957275
23.66826439,1.20766485,1.20766485
23.68221283,1.21598145,1.21598145
23.69633293,1.22452764,1.22452764
23.71062660,1.23330690,1.23330690
23.75425339,1.27494264,1.27494264
23.77029037,1.26276619,1.26276619
23.78605080,1.25089719,1.25089719
23.80164528,1.23947259,1.23947259
23.81452942,1.24700318,1.24700318
23.82718658,1.25398437,1.25398437
23.84261513,1.24338501,1.24338501
23.85336494,1.24376098,1.24376098
23.86849785,1.25470206,1.25470206
23.88151550,1.24767705,1.24767705
23.89428520,1.24095460,1.24095460
23.90978432,1.25237431,1.25237431
23.92052078,1.25242073,1.25242073
23.93492889,1.24291504,1.24291504
23.94797134,1.25057738,1.25057738
23.96414948,1.26282099,1.26282099
23.98062897,1.27537598,1.27537598
23.99191093,1.27239624,1.27239624
24.00593758,1.26354247,1.26354247
24.02184105,1.27533939,1.27533939
24.03910065,1.28885370,1.28885370
24.05598068,1.30179571,1.30179571
24.06989861,1.29339850,1.29339850
24.08134079,1.29017092,1.29017092
24.09944534,1.30473626,1.30473626
24.11132050,1.30046749,1.30046749
24.12484169,1.29274045,1.29274045
24.14305496,1.30750977,1.30750977
24.16207314,1.32322023,1.32322023
24.17571449,1.33132934,1.33132934
24.18920135,1.32409910,1.32409910
24.20075989,1.32750367,1.32750367
24.21727943,1.34003671,1.34003671
24.23060226,1.33327154,1.33327154
24.24184990,1.33247807,1.33247807
24.26197052,1.34968622,1.34968622
24.27515411,1.34338370,1.34338370
24.28783989,1.33802492,1.33802492
24.30891991,1.35650763,1.35650763
24.32052422,1.35447751,1.35447751
24.33344269,1.34883300,1.34883300
24.34623528,1.34338137,1.34338137
24.35890961,1.33811759,1.33811759
24.37453461,1.34999878,1.34999878
24.38694382,1.35640262,1.35640262
24.39948654,1.35158564,1.35158564
24.41191101,1.34694948,1.34694948
24.42421913,1.34249151,1.34249151
24.43640900,1.33820803,1.33820803
24.44848251,1.33409662,1.33409662
24.46044350,1.33015503,1.33015503
24.47229195,1.32637567,1.32637567
24.48402405,1.32276119,1.32276119
24.49564362,1.31930426,1.31930426
24.50714874,1.31600464,1.31600464
24.54077911,1.28550896,1.28550896
24.55191612,1.28257936,1.28257936
24.56295586,1.27978885,1.27978885
24.57390022,1.27713378,1.27713378
24.58475494,1.27460575,1.27460575
24.59552574,1.27220087,1.27220087
24.60620880,1.26991458,1.26991458
24.61681175,1.26774050,1.26774050
24.62733459,1.26567389,1.26567389
24.63778114,1.26371216,1.26371216
24.66989899,1.23499996,1.23499996
24.68010139,1.23326897,1.23326897
24.69024086,1.23162594,1.23162594
24.70032310,1.23006830,1.23006830
24.71034813,1.22859009,1.22859009
24.72031975,1.22718749,1.22718749
24.73023796,1.22585568,1.22585568
24.74010849,1.22459347,1.22459347
24.77144623,1.24999145,1.24999145
24.78114891,1.24883297,1.24883297
24.81230736,1.22118777,1.22118777
24.82186890,1.22016969,1.22016969
24.83139801,1.21920775,1.21920775
24.84089661,1.21829592,1.21829592
24.85036659,1.21743654,1.21743654
24.85980606,1.21662242,1.21662242
24.86922264,1.21585324,1.21585324
24.87861061,1.21512941,1.21512941
24.88797569,1.21444581,1.21444581
24.89731789,1.21380490,1.21380490
24.90663910,1.21320189,1.21320189
24.93725204,1.18627444,1.18627444
24.94649696,1.18575690,1.18575690
24.95572853,1.18527347,1.18527347
24.96494484,1.18482172,1.18482172
24.97414970,1.18440308,1.18440308
24.98333931,1.18401490,1.18401490
24.99252129,1.18365596,1.18365596
25.00169182,1.18332635,1.18332635
25.01085091,1.18302492,1.18302492
25.02000618,1.18275385,1.18275385
25.02915192,1.18250977,1.18250977
25.05950928,1.20856450,1.20856450
25.06863022,1.20837035,1.20837035
25.09895897,1.18193604,1.18193604
25.10806465,1.18179684,1.18179684
25.11717224,1.18168333,1.18168333
25.12627792,1.18159544,1.18159544
25.13538933,1.18153198,1.18153198
25.14450455,1.18149542,1.18149542
25.15362167,1.18148316,1.18148316
25.16274643,1.18149784,1.18149784
25.17187500,1.18153562,1.18153562
25.18100929,1.18160154,1.18160154
25.19015312,1.18169307,1.18169307
25.19930458,1.18181269,1.18181269
25.20846367,1.18195796,1.18195796
25.23883247,1.20840089,1.20840089
25.24802780,1.20860600,1.20860600
25.27843475,1.18256101,1.18256101
25.28767776,1.18281984,1.18281984
25.29693794,1.18310787,1.18310787
25.30621719,1.18342772,1.18342772
25.31551361,1.18377931,1.18377931
25.32483673,1.18416384,1.18416384
25.33417702,1.18458370,1.18458370
25.34354210,1.18503906,1.18503906
25.35293007,1.18553100,1.18553100
25.36234283,1.18605959,1.18605959
25.37178040,1.18662965,1.18662965
25.40252495,1.21362303,1.21362303
25.41206741,1.21429078,1.21429078
25.42163849,1.21500493,1.21500493
25.43124771,1.21576665,1.21576665
25.44088745,1.21658081,1.21658081
25.45056915,1.21744868,1.21744868
25.46028709,1.21837398,1.21837398
25.47004509,1.21935550,1.21935550
25.47984314,1.22039915,1.22039915
25.48968697,1.22150760,1.22150760
25.49957657,1.22268191,1.22268191
25.53100395,1.25053347,1.25053347
25.54107285,1.25188107,1.25188107
25.55119705,1.25331057,1.25331057
25.56137848,1.25482548,1.25482548
25.57161903,1.25642941,1.25642941
25.60355377,1.28489382,1.28489382
25.61402702,1.28672237,1.28672237
25.62457275,1.28865477,1.28865477
25.63518906,1.29069463,1.29069463
25.64588547,1.29284914,1.29284914
25.67848587,1.32210817,1.32210817
25.68947411,1.32456050,1.32456050
25.70055199,1.32714242,1.32714242
25.71171951,1.32986082,1.32986082
25.72298431,1.33271971,1.33271971
25.73434830,1.33572633,1.33572633
25.74543762,1.33991207,1.33991207
25.75600815,1.34736084,1.34736084
25.76665306,1.35464723,1.35464723
25.77739143,1.36178711,1.36178711
25.78823853,1.36879997,1.36879997
25.79920197,1.37569456,1.37569456
25.81029129,1.38249018,1.38249018
25.82151794,1.38920291,1.38920291
25.83289337,1.39584722,1.39584722
25.84441948,1.40244385,1.40244385
25.85656548,1.40783685,1.40783685
25.86901093,1.41299811,1.41299811
25.88156319,1.41835209,1.41835209
25.91785812,1.45238047,1.45238047
25.98238182,1.51542969,1.51542969
25.99484825,1.51881106,1.51881106
26.01731682,1.49942992,1.49942992
26.03099251,1.50605345,1.50605345
26.04302025,1.50773797,1.50773797
26.06580353,1.48814699,1.48814699
26.08812904,1.46906372,1.46906372
26.11000061,1.45048579,1.45048579
26.13142014,1.43240962,1.43240962
26.14284515,1.43129999,1.43129999
26.15647316,1.43891968,1.43891968
26.17398643,1.42580569,1.42580569
26.19435692,1.40907833,1.40907833
26.21431160,1.39280998,1.39280998
26.23164940,1.37976198,1.37976198
26.24519730,1.38802611,1.38802611
26.25626183,1.38885250,1.38885250
26.27523994,1.37383911,1.37383911
26.29384613,1.35924197,1.35924197
26.31208038,1.34504768,1.34504768
26.32552719,1.33743766,1.33743766
26.33923149,1.34648554,1.34648554
26.35017014,1.34346319,1.34346319
26.36696434,1.32958741,1.32958741
26.38344193,1.31606568,1.31606568
26.39960098,1.30289671,1.30289671
26.41393661,1.29218747,1.29218747
26.42834663,1.30130863,1.30130863
26.43904495,1.30260491,1.30260491
26.45455360,1.29039795,1.29039795
26.46979713,1.27851070,1.27851070
26.48478889,1.26693235,1.26693235
26.49953651,1.25565923,1.25565923
26.51404381,1.24468387,1.24468387
26.52832794,1.23399531,1.23399531
26.54121399,1.24147218,1.24147218
26.55364609,1.24812989,1.24812989
26.56771278,1.23798464,1.23798464
26.58158302,1.22810788,1.22810788
26.59525681,1.21849361,1.21849361
26.60618019,1.22244141,1.22244141
26.62127495,1.23335699,1.23335699
26.63478470,1.22424316,1.22424316
26.64812660,1.21537111,1.21537111
26.66130066,1.20673588,1.20673588
26.67158508,1.20440557,1.20440557
26.68759918,1.21678590,1.21678590
26.69809914,1.21413579,1.21413579
26.71100616,1.20617676,1.20617676
26.72377586,1.19843017,1.19843017
26.73640442,1.19089234,1.19089234
26.75016022,1.20042362,1.20042362
26.76235771,1.20737549,1.20737549
26.77491379,1.20024412,1.20024412
26.78734779,1.19330448,1.19330448
26.79966164,1.18655266,1.18655266
26.81186104,1.17998166,1.17998166
26.82394791,1.17359010,1.17359010
26.83513641,1.16894657,1.16894657
26.85289383,1.18403324,1.18403324
26.86302948,1.18505870,1.18505870
26.87498283,1.17918456,1.17918456
26.88684082,1.17347043,1.17347043
26.89860344,1.16791384,1.16791384
26.91027641,1.16250849,1.16250849
26.92185783,1.15725214,1.15725214
26.93335533,1.15213987,1.15213987
26.95211029,1.16866092,1.16866092
26.96232033,1.17089720,1.17089720
26.97382545,1.16608275,1.16608275
26.98525238,1.16140258,1.16140258
26.99599075,1.15535886,1.15535886
27.00656128,1.14908077,1.14908077
27.02835464,1.16521123,1.16521123
27.03888130,1.16441038,1.16441038
27.04943657,1.15799682,1.15799682
27.05992508,1.15155515,1.15155515
27.07035065,1.14507451,1.14507451
27.08071899,1.13854372,1.13854372
27.09103775,1.13195427,1.13195427
27.10131264,1.12529544,1.12529544
27.11383820,1.12693604,1.12693604
27.13455200,1.13890990,1.13890990
27.14493370,1.13189327,1.13189327
27.15530396,1.12475833,1.12475833
27.16567421,1.11749390,1.11749390
27.17605591,1.11008548,1.11008548
27.18655586,1.10339594,1.10339594
27.21544456,1.12153441,1.12153441
27.22609901,1.11353395,1.11353395
27.23681450,1.10532711,1.10532711
27.24761009,1.09690185,1.09690185
27.25849915,1.08824460,1.08824460
27.26942635,1.08493288,1.08493288
27.28580666,1.09884283,1.09884283
27.29840660,1.10698116,1.10698116
27.30965233,1.10488648,1.10488648
27.32085037,1.10286501,1.10286501
27.33200264,1.10091180,1.10091180
27.34311104,1.09902591,1.09902591
27.35417557,1.09720700,1.09720700
27.36519814,1.09545166,1.09545166
27.37618446,1.09375488,1.09375488
27.38675117,1.09007697,1.09007697
27.39913750,1.07900266,1.07900266
27.41183090,1.06752070,1.06752070
27.42255402,1.06185428,1.06185428
27.45354843,1.09239381,1.09239381
27.47344971,1.11056277,1.11056277
27.48457527,1.10920043,1.10920043
27.49566650,1.10788572,1.10788572
27.51056290,1.11956300,1.11956300
27.52539825,1.13109504,1.13109504
27.53651047,1.12988032,1.12988032
27.54759026,1.12870729,1.12870729
27.57913017,1.13742428,1.13742428
27.59878922,1.12687252,1.12687252
27.60992050,1.12541629,1.12541629
27.62110519,1.12439203,1.12439203
27.64680672,1.14893316,1.14893316
27.65803719,1.14795412,1.14795412
27.66923904,1.14700686,1.14700686
27.68041229,1.14609255,1.14609255
27.69155693,1.14520749,1.14520749
27.70267677,1.14435059,1.14435059
27.71376610,1.14352296,1.14352296
27.73962593,1.16811645,1.16811645
27.75076866,1.16732669,1.16732669
27.76188850,1.16656125,1.16656125
27.77298355,1.16582159,1.16582159
27.78405571,1.16510621,1.16510621
27.79510689,1.16441649,1.16441649
27.81046295,1.15123783,1.15123783
27.82605934,1.13781739,1.13781739
27.83714104,1.13720817,1.13720817
27.84820175,1.13661739,1.13661739
27.87430954,1.16129395,1.16129395
27.88542175,1.16073238,1.16073238
27.89651680,1.16018921,1.16018921
27.90759087,1.15966554,1.15966554
27.92069054,1.15061158,1.15061158
27.93951988,1.13348275,1.13348275
27.95062637,1.13302246,1.13302246
27.97693062,1.15774778,1.15774778
27.98808861,1.15731198,1.15731198
27.99922943,1.15689092,1.15689092
28.01035690,1.15648562,1.15648562
28.02146721,1.15609742,1.15609742
28.03256416,1.15572265,1.15572265
28.04364586,1.15536383,1.15536383
28.07201385,1.12990839,1.12990839
28.08298874,1.12958369,1.12958369
28.16000557,1.05398804,1.05398804
28.17072487,1.05370972,1.05370972
28.18143463,1.05344476,1.05344476
28.20792007,1.02811401,1.02811401
28.23593140,1.00280640,1.00280640
28.24661446,1.00258666,1.00258666
28.25728607,1.00237674,1.00237674
28.26795006,1.00217655,1.00217655
28.27860832,1.00198605,1.00198605
28.28926086,1.00180667,1.00180667
28.29990387,1.00163574,1.00163574
28.32763290,0.97643801,0.97643801
28.33819008,0.97629030,0.97629030
28.34874153,0.97615114,0.97615114
28.35928917,0.97602052,0.97602052
28.36982727,0.97589964,0.97589964
28.38036156,0.97578608,0.97578608
28.39089203,0.97568114,0.97568114
28.41836548,0.95056885,0.95056885
28.42881966,0.95048217,0.95048217
28.43926811,0.95040287,0.95040287
28.44971085,0.95033205,0.95033205
28.46015358,0.95026733,0.95026733
28.47058868,0.95020997,0.95020997
28.48102188,0.95015996,0.95015996
28.49145508,0.95011716,0.95011716
28.50188255,0.95008178,0.95008178
28.51230812,0.95005248,0.95005248
28.52273178,0.95002926,0.95002926
28.53315353,0.95001220,0.95001220
28.56026459,0.92500238,0.92500238
28.57061577,0.92499875,0.92499875
28.58096695,0.92500121,0.92500121
28.59131622,0.92500975,0.92500975
28.60166359,0.92502324,0.92502324
28.61201096,0.92504277,0.92504277
28.62235832,0.92506836,0.92506836
28.63270378,0.92510008,0.92510008
28.64304733,0.92513552,0.92513552
28.65339088,0.92517697,0.92517697
28.66373253,0.92522341,0.92522341
28.67407417,0.92527465,0.92527465
28.70088005,0.90032225,0.90032225
28.71116257,0.90038207,0.90038207
28.72144508,0.90044677,0.90044677
28.73172760,0.90051513,0.90051513
28.74201202,0.90058838,0.90058838
28.75229454,0.90066531,0.90066531
28.76257515,0.90074704,0.90074704
28.77285957,0.90083376,0.90083376
28.78314209,0.90092163,0.90092163
28.79342651,0.90101568,0.90101568
28.80371284,0.90111325,0.90111325
28.81802750,0.91171993,0.91171993
28.83535767,0.92635377,0.92635377
28.84559250,0.92646484,0.92646484
28.85582542,0.92657838,0.92657838
28.86606026,0.92669549,0.92669549
28.89252090,0.90176755,0.90176755
28.90270615,0.90188721,0.90188721
28.91289520,0.90200925,0.90200925
28.92308426,0.90213383,0.90213383
28.93327713,0.90226192,0.90226192
28.94347191,0.90239255,0.90239255
28.95366669,0.90252441,0.90252441
28.96386337,0.90265990,0.90265990
28.97406387,0.90279664,0.90279664
29.00036812,0.87785520,0.87785520
29.01052284,0.87799193,0.87799193
29.02068138,0.87812989,0.87812989
29.03083992,0.87827025,0.87827025
29.04100227,0.87841061,0.87841061
29.05116653,0.87855466,0.87855466
29.06133080,0.87869870,0.87869870
29.07150078,0.87884399,0.87884399
29.08167267,0.87899048,0.87899048
29.09184837,0.87913819,0.87913819
29.10202408,0.87928588,0.87928588
29.11220169,0.87943481,0.87943481
29.12238312,0.87958497,0.87958497
29.14850616,0.85459838,0.85459838
29.15864754,0.85474487,0.85474487
29.16879463,0.85489136,0.85489136
29.17894363,0.85503789,0.85503789
29.18909645,0.85518437,0.85518437
29.19925117,0.85533082,0.85533082
29.20940781,0.85547730,0.85547730
29.21956825,0.85562376,0.85562376
29.22972870,0.85576901,0.85576901
29.25574684,0.88108763,0.88108763
29.26587677,0.88123778,0.88123778
29.27601051,0.88138671,0.88138671
29.28614616,0.88153319,0.88153319
29.30043793,0.87028561,0.87028561
29.31650734,0.85663084,0.85663084
29.32662010,0.85677127,0.85677127
29.33673286,0.85691038,0.85691038
29.34684944,0.85704837,0.85704837
29.35696602,0.85718631,0.85718631
29.36708832,0.85732175,0.85732175
29.37721443,0.85745481,0.85745481
29.38734245,0.85758786,0.85758786
29.39747238,0.85771851,0.85771851
29.40760612,0.85784668,0.85784668
29.41774178,0.85797486,0.85797486
29.42787743,0.85810058,0.85810058
29.43801498,0.85822266,0.85822266
29.45063782,0.84928221,0.84928221
29.46849251,0.83321408,0.83321408
29.47861290,0.83332767,0.83332767
29.48873520,0.83343871,0.83343871
29.49898529,0.83715332,0.83715332
29.52153397,0.85891479,0.85891479
29.53164101,0.85902220,0.85902220
29.54174995,0.85912601,0.85912601
29.55186081,0.85922730,0.85922730
29.56197548,0.85932737,0.85932737
29.57209015,0.85942259,0.85942259
29.58220863,0.85951538,0.85951538
29.59232903,0.85960565,0.85960565
29.60244942,0.85969239,0.85969239
29.61257172,0.85977781,0.85977781
29.62269592,0.85985845,0.85985845
29.63281822,0.85993534,0.85993534
29.64294434,0.86001103,0.86001103
29.65307236,0.86008180,0.86008180
29.66320038,0.86015017,0.86015017
29.67332840,0.86021484,0.86021484
29.69366837,0.87954348,0.87954348
29.70462227,0.88563841,0.88563841
29.71474266,0.88569454,0.88569454
29.72671318,0.87758664,0.87758664
29.74521637,0.86048583,0.86048583
29.75532913,0.86052972,0.86052972
29.76544189,0.86056885,0.86056885
29.77555847,0.86060426,0.86060426
29.78567505,0.86063722,0.86063722
29.79578972,0.86066527,0.86066527
29.80590820,0.86069095,0.86069095
29.81602478,0.86071172,0.86071172
29.82613945,0.86072757,0.86072757
29.83625603,0.86074097,0.86074097
29.84637070,0.86075075,0.86075075
29.85648727,0.86075559,0.86075559
29.87905502,0.88258908,0.88258908
29.88922119,0.88607055,0.88607055
29.89933395,0.88606320,0.88606320
29.90945053,0.88605347,0.88605347
29.91956139,0.88603878,0.88603878
29.92967415,0.88601929,0.88601929
29.93978500,0.88599611,0.88599611
29.94989777,0.88596801,0.88596801
29.96000671,0.88593747,0.88593747
29.97011566,0.88590209,0.88590209
29.98022079,0.88586304,0.88586304
29.99032784,0.88582028,0.88582028
30.00042915,0.88577273,0.88577273
30.02477646,0.86194581,0.86194581
30.03476334,0.86036131,0.86036131
30.04876709,0.87168213,0.87168213
30.06466484,0.88554197,0.88554197
30.07478142,0.88547603,0.88547603
30.08489609,0.88540405,0.88540405
30.09500885,0.88532959,0.88532959
30.10511971,0.88525026,0.88525026
30.11522484,0.88516846,0.88516846
30.12533379,0.88508179,0.88508179
30.13543892,0.88499147,0.88499147
30.14554214,0.88489749,0.88489749
30.15700531,0.89192384,0.89192384
30.17643356,0.90997804,0.90997804
30.18654823,0.90987060,0.90987060
30.19666100,0.90975952,0.90975952
30.20676804,0.90964599,0.90964599
30.21687698,0.90952758,0.90952758
30.22698021,0.90940553,0.90940553
30.23708153,0.90928218,0.90928218
30.24718094,0.90915406,0.90915406
30.25727463,0.90902343,0.90902343
30.27342224,0.92298098,0.92298098
30.28739738,0.93399661,0.93399661
30.29750824,0.93385253,0.93385253
30.30761909,0.93370607,0.93370607
30.31772614,0.93355714,0.93355714
30.33119202,0.92304931,0.92304931
30.34803009,0.90802852,0.90802852
30.35815811,0.90787477,0.90787477
30.36828423,0.90772094,0.90772094
30.37840843,0.90756469,0.90756469
30.38852882,0.90740476,0.90740476
30.39864349,0.90724362,0.90724362
30.40875626,0.90708007,0.90708007
30.41886520,0.90691650,0.90691650
30.44070816,0.92738399,0.92738399
30.45130730,0.93176635,0.93176635
30.46144485,0.93159299,0.93159299
30.47158051,0.93141721,0.93141721
30.48171234,0.93124271,0.93124271
30.49184036,0.93106563,0.93106563
30.50196457,0.93088869,0.93088869
30.51208687,0.93071045,0.93071045
30.52220345,0.93053341,0.93053341
30.54196548,0.94844847,0.94844847
30.55369186,0.95531616,0.95531616
30.56384468,0.95513427,0.95513427
30.57399559,0.95495113,0.95495113
30.58414078,0.95477049,0.95477049
30.59428406,0.95458982,0.95458982
30.60442352,0.95440916,0.95440916
30.61455917,0.95423097,0.95423097
30.62469292,0.95405399,0.95405399
30.63482285,0.95387696,0.95387696
30.64494896,0.95370354,0.95370354
30.65507126,0.95353149,0.95353149
30.67244339,0.93836670,0.93836670
30.70824623,0.95319214,0.95319214
30.71846581,0.95302618,0.95302618
30.72868347,0.95286379,0.95286379
30.73889923,0.95270386,0.95270386
30.74911118,0.95254640,0.95254640
30.75931931,0.95239264,0.95239264
30.76952744,0.95224118,0.95224118
30.77973366,0.95209355,0.95209355
30.78993416,0.95194949,0.95194949
30.80013466,0.95180910,0.95180910
30.81033134,0.95167363,0.95167363
30.82052803,0.95154175,0.95154175
30.83072090,0.95141356,0.95141356
30.84091187,0.95129031,0.95129031
30.85110283,0.95117193,0.95117193
30.86128807,0.95105715,0.95105715
30.87147141,0.95094969,0.95094969
30.88165474,0.95084468,0.95084468
30.89183426,0.95074705,0.95074705
30.90201378,0.95065309,0.95065309
30.91219139,0.95056640,0.95056640
30.93889236,0.97549680,0.97549680
30.94913101,0.97541988,0.97541988
30.95936966,0.97534789,0.97534789
30.96960449,0.97528201,0.97528201
30.97983932,0.97522341,0.97522341
30.99007416,0.97517091,0.97517091
31.00030899,0.97512448,0.97512448
31.01054192,0.97508547,0.97508547
31.02077675,0.97505370,0.97505370
31.03100967,0.97502808,0.97502808
31.04124069,0.97501101,0.97501101
31.05147552,0.97500240,0.97500240
31.06170654,0.97499999,0.97499999
31.07193947,0.97500367,0.97500367
31.08217239,0.97501712,0.97501712
31.09240723,0.97503788,0.97503788
31.10264206,0.97506591,0.97506591
31.11287689,0.97510377,0.97510377
31.12311363,0.97514894,0.97514894
31.13335037,0.97520265,0.97520265
31.14358902,0.97526491,0.97526491
31.15382767,0.97533569,0.97533569
31.16406822,0.97541502,0.97541502
31.19140053,1.00051635,1.00051635
31.21879387,0.97559934,0.97559934
31.22918892,0.97570552,0.97570552
31.23958778,0.97582030,0.97582030
31.24998856,0.97594486,0.97594486
31.26039505,0.97607794,0.97607794
31.27080154,0.97622073,0.97622073
31.28121376,0.97637210,0.97637210
31.29163170,0.97653444,0.97653444
31.30205154,0.97670532,0.97670532
31.31247711,0.97688600,0.97688600
31.32290840,0.97707643,0.97707643
31.33334160,0.97727663,0.97727663
31.34378052,0.97748658,0.97748658
31.35422325,0.97770748,0.97770748
31.36467361,0.97793702,0.97793702
31.37512970,0.97817752,0.97817752
31.38558960,0.97842651,0.97842651
31.39605522,0.97868652,0.97868652
31.40652657,0.97895750,0.97895750
31.41700554,0.97923824,0.97923824
31.42749023,0.97952881,0.97952881
31.43798065,0.97983034,0.97983034
31.44848061,0.98014162,0.98014162
31.45898628,0.98046261,0.98046261
31.46949959,0.98079470,0.98079470
31.48002052,0.98113767,0.98113767
31.49054718,0.98149170,0.98149170
31.50108528,0.98185422,0.98185422
31.51163101,0.98222903,0.98222903
31.52218246,0.98261356,0.98261356
31.53274345,0.98300777,0.98300777
31.54331398,0.98341309,0.98341309
31.56645012,0.96178955,0.96178955
31.57701683,0.95901852,0.95901852
31.58753395,0.95944461,0.95944461
31.59806252,0.95988041,0.95988041
31.60860062,0.96032591,0.96032591
31.61914825,0.96078251,0.96078251
31.62970161,0.96124880,0.96124880
31.64027214,0.96172606,0.96172606
31.65085220,0.96221318,0.96221318
31.66143990,0.96271000,0.96271000
31.67204285,0.96321658,0.96321658
31.68265533,0.96373409,0.96373409
31.69327736,0.96426146,0.96426146
31.70391464,0.96479862,0.96479862
31.71455956,0.96534542,0.96534542
31.72521782,0.96590094,0.96590094
31.73589134,0.96646849,0.96646849
31.74657440,0.96704587,0.96704587
31.75727081,0.96763060,0.96763060
31.76798058,0.96822636,0.96822636
31.77870560,0.96883304,0.96883304
31.78944206,0.96944701,0.96944701
31.80019188,0.97007202,0.97007202
31.81095505,0.97070563,0.97070563
31.82173347,0.97134888,0.97134888
31.83252525,0.97200072,0.97200072
31.84926033,0.95735719,0.95735719
31.86244392,0.94771852,0.94771852
31.87319756,0.94838013,0.94838013
31.88396454,0.94905153,0.94905153
31.89450836,0.94819094,0.94819094
31.91858673,0.92473025,0.92473025
31.92931938,0.92540648,0.92540648
31.94006538,0.92609135,0.92609135
31.95082664,0.92678340,0.92678340
31.96160698,0.92748294,0.92748294
31.97240067,0.92819214,0.92819214
31.98321342,0.92890748,0.92890748
31.99403954,0.92963014,0.92963014
32.00488281,0.93035893,0.93035893
32.01573944,0.93109743,0.93109743
32.02661896,0.93184087,0.93184087
32.03786469,0.92573979,0.92573979
32.05715561,0.90742431,0.90742431
32.06800079,0.90816772,0.90816772
32.07886505,0.90891725,0.90891725
32.08974457,0.90967165,0.90967165
32.10064316,0.91043458,0.91043458
32.11155701,0.91119996,0.91119996
32.12248993,0.91197268,0.91197268
32.13344193,0.91275273,0.91275273
32.14440918,0.91353516,0.91353516
32.15539169,0.91432375,0.91432375
32.16639328,0.91511842,0.91511842
32.17741776,0.91591556,0.91591556
32.18845749,0.91672118,0.91672118
32.19951248,0.91752806,0.91752806
32.21058273,0.91834104,0.91834104
32.22632980,0.90408201,0.90408201
32.23941803,0.89369507,0.89369507
32.25046921,0.89449711,0.89449711
32.26154327,0.89530274,0.89530274
32.27263260,0.89611327,0.89611327
32.28373718,0.89692751,0.89692751
32.29486084,0.89774534,0.89774534
32.30600357,0.89856449,0.89856449
32.31655502,0.89564942,0.89564942
32.33664322,0.87569945,0.87569945
32.34728241,0.87454714,0.87454714
32.35842896,0.87535641,0.87535641
32.36959076,0.87616700,0.87616700
32.38013458,0.87252440,0.87252440
32.39932251,0.85346315,0.85346315
32.40990829,0.85199341,0.85199341
32.42107773,0.85279055,0.85279055
32.43226242,0.85358764,0.85358764
32.44276428,0.85783449,0.85783449
32.45637131,0.87127077,0.87127077
32.46878433,0.88274656,0.88274656
32.47997665,0.88357788,0.88357788
32.49151611,0.87549073,0.87549073
32.50884628,0.85841919,0.85841919
32.52002716,0.85922849,0.85922849
32.53122711,0.86003907,0.86003907
32.54244232,0.86085082,0.86085082
32.55297470,0.85604005,0.85604005
32.57022476,0.83890501,0.83890501
32.58065033,0.83631347,0.83631347
32.59187698,0.83710206,0.83710206
32.60311890,0.83789061,0.83789061
32.61438370,0.83867916,0.83867916
32.62566757,0.83946776,0.83946776
32.63697052,0.84025637,0.84025637
32.64828873,0.84104611,0.84104611
32.65877151,0.83649660,0.83649660
32.68157196,0.82801021,0.82801021
32.69761276,0.83577267,0.83577267
32.70844650,0.84419316,0.84419316
32.71973038,0.84497681,0.84497681
32.73103333,0.84576050,0.84576050
32.74613190,0.83101321,0.83101321
32.75874329,0.81999145,0.81999145
32.77004242,0.82074583,0.82074583
32.78135681,0.82149903,0.82149903
32.79269409,0.82225339,0.82225339
32.80404663,0.82300298,0.82300298
32.81541824,0.82375123,0.82375123
32.82681274,0.82450073,0.82450073
32.83795166,0.83408326,0.83408326
32.85839081,0.83537109,0.83537109
32.87921906,0.82770140,0.82770140
32.89019394,0.82747802,0.82747802
32.90156174,0.82822020,0.82822020
32.91294861,0.82895995,0.82895995
32.92434692,0.82969849,0.82969849
32.93506622,0.83243650,0.83243650
32.94718170,0.84444947,0.84444947
32.95923996,0.85640750,0.85640750
32.97002792,0.85544675,0.85544675
32.98444748,0.84110598,0.84110598
32.99507523,0.83410889,0.83410889
33.00649643,0.83484010,0.83484010
33.01793671,0.83557011,0.83557011
33.02939224,0.83629883,0.83629883
33.04087067,0.83702758,0.83702758
33.05236435,0.83775390,0.83775390
33.06388092,0.83848146,0.83848146
33.07541275,0.83920778,0.83920778
33.09203720,0.83295775,0.83295775
33.11481857,0.83014649,0.83014649
33.12701797,0.84093749,0.84093749
33.13832092,0.84210816,0.84210816
33.14984131,0.84283079,0.84283079
33.16068268,0.84178225,0.84178225
33.17432404,0.82821169,0.82821169
33.18660736,0.81683355,0.81683355
33.19792557,0.82770021,0.82770021
33.20951462,0.83920772,0.83920772
33.21990204,0.84717040,0.84717040
33.23144913,0.84789428,0.84789428
33.24301529,0.84861693,0.84861693
33.25460434,0.84934083,0.84934083
33.26620483,0.85006469,0.85006469
33.27778625,0.84723020,0.84723020
33.29940796,0.84472414,0.84472414
33.31545258,0.84878417,0.84878417
33.32584381,0.85297118,0.85297118
33.33744049,0.85369996,0.85369996
33.34906006,0.85442990,0.85442990
33.36069870,0.85515991,0.85515991
33.37235641,0.85589237,0.85589237
33.38403320,0.85662473,0.85662473
33.39572906,0.85735966,0.85735966
33.40744400,0.85809694,0.85809694
33.41918182,0.85883427,0.85883427
33.43093491,0.85957399,0.85957399
33.44204330,0.86750003,0.86750003
33.46292496,0.86513672,0.86513672
33.48307800,0.86208130,0.86208130
33.49467850,0.86255494,0.86255494
33.50643158,0.86330565,0.86330565
33.51820374,0.86405885,0.86405885
33.52999496,0.86481566,0.86481566
33.54096222,0.86754517,0.86754517
33.55209351,0.87859862,0.87859862
33.56320190,0.88962281,0.88962281
33.57544327,0.89050046,0.89050046
33.58801270,0.87800656,0.87800656
33.59876633,0.86941891,0.86941891
33.61060333,0.87019775,0.87019775
33.62245941,0.87098145,0.87098145
33.63271332,0.87698979,0.87698979
33.64803696,0.88050659,0.88050659
33.66794968,0.87824828,0.87824828
33.67987061,0.87415403,0.87415403
33.69173050,0.87495729,0.87495729
33.70361328,0.87576782,0.87576782
33.71551895,0.87658206,0.87658206
33.72744751,0.87739991,0.87739991
33.73777771,0.88604614,0.88604614
33.74862289,0.89680662,0.89680662
33.75944138,0.90753417,0.90753417
33.77214813,0.89791136,0.89791136
33.78430939,0.88582640,0.88582640
33.79468536,0.88242798,0.88242798
33.80666351,0.88328733,0.88328733
33.81866837,0.88415164,0.88415164
33.82939148,0.89470339,0.89470339
33.84853363,0.89245239,0.89245239
33.86757660,0.89020752,0.89020752
33.87794113,0.88768064,0.88768064
33.88995743,0.88858029,0.88858029
33.90199280,0.88948732,0.88948732
33.91405487,0.89040283,0.89040283
33.92613983,0.89132571,0.89132571
33.93825150,0.89225457,0.89225457
33.95039368,0.89319339,0.89319339
33.96064377,0.88848391,0.88848391
33.97253036,0.87668333,0.87668333
33.98543549,0.86932134,0.86932134
33.99600983,0.87979737,0.87979737
34.00656509,0.89024785,0.89024785
34.01678848,0.89898073,0.89898073
34.02696228,0.89348758,0.89348758
34.03870773,0.88183718,0.88183718
34.04967499,0.87191407,0.87191407
34.06189728,0.87289673,0.87289673
34.07255173,0.87754273,0.87754273
34.08302689,0.88791136,0.88791136
34.09702301,0.89106932,0.89106932
34.11389542,0.88740114,0.88740114
34.12464142,0.87791749,0.87791749
34.13690948,0.87894534,0.87894534
34.14921188,0.87998046,0.87998046
34.16153717,0.88102174,0.88102174
34.17229843,0.88556152,0.88556152
34.18268204,0.89583376,0.89583376
34.19305038,0.90608397,0.90608397
34.20362473,0.91434934,0.91434934
34.21509171,0.90299074,0.90299074
34.22652054,0.89166870,0.89166870
34.23707199,0.88853516,0.88853516
34.24950790,0.88963867,0.88963867
34.26197433,0.89075076,0.89075076
34.27332687,0.88965578,0.88965578
34.28468704,0.87840211,0.87840211
34.29601288,0.86718260,0.86718260
34.30673981,0.86440552,0.86440552
34.31710815,0.87081787,0.87081787
34.32739639,0.88098998,0.88098998
34.33846283,0.88832402,0.88832402
34.35451889,0.88481322,0.88481322
34.36571121,0.87372923,0.87372923
34.37651825,0.87118645,0.87118645
34.38913727,0.87234254,0.87234254
34.40178680,0.87350710,0.87350710
34.41194153,0.87556883,0.87556883
34.42882919,0.87347900,0.87347900
34.44563675,0.87139773,0.87139773
34.45685196,0.87778325,0.87778325
34.46926498,0.87943967,0.87943967
34.48197937,0.88064941,0.88064941
34.49292755,0.87829468,0.87829468
34.50394058,0.86739506,0.86739506
34.51617432,0.85912839,0.85912839
34.52735901,0.86537229,0.86537229
34.53749847,0.87538941,0.87538941
34.54763412,0.88539547,0.88539547
34.55783844,0.88561888,0.88561888
34.56873703,0.87484008,0.87484008
34.57960510,0.86408813,0.86408813
34.59041595,0.86125606,0.86125606
34.60330582,0.86250126,0.86250126
34.61623383,0.86375368,0.86375368
34.62727356,0.86132570,0.86132570
34.63809586,0.85061395,0.85061395
34.64889145,0.83993163,0.83993163
34.65904236,0.84122072,0.84122072
34.66916275,0.85122676,0.85122676
34.67928314,0.86122307,0.86122307
34.69012451,0.86772580,0.86772580
34.70142365,0.85860473,0.85860473
34.71211243,0.84802855,0.84802855
34.72269058,0.84414669,0.84414669
34.73580551,0.84541381,0.84541381
34.74736023,0.84951535,0.84951535
34.75800323,0.85644044,0.85644044
34.77370834,0.85460812,0.85460812
34.78934479,0.85279176,0.85279176
34.79948044,0.85181152,0.85181152
34.81268692,0.85310298,0.85310298
34.82592773,0.85439697,0.85439697
34.83779144,0.85329344,0.85329344
34.84870529,0.84392702,0.84392702
34.86415863,0.84220094,0.84220094
34.87649155,0.84501465,0.84501465
34.88655090,0.85496337,0.85496337
34.89699554,0.86221191,0.86221191
34.90946960,0.86208744,0.86208744
34.91993332,0.85172975,0.85172975
34.93037796,0.84138793,0.84138793
34.94044495,0.83408932,0.83408932
34.95390320,0.83535034,0.83535034
34.96739578,0.83661258,0.83661258
34.98083878,0.83773558,0.83773558
34.99126053,0.82740604,0.82740604
35.00420380,0.82271606,0.82271606
35.01927185,0.82119993,0.82119993
35.03428268,0.81969968,0.81969968
35.04923630,0.81821652,0.81821652
35.05953598,0.81159913,0.81159913
35.07312393,0.81280030,0.81280030
35.08675385,0.81399777,0.81399777
35.10042191,0.81519289,0.81519289
35.11135101,0.82143433,0.82143433
35.12144852,0.83144652,0.83144652
35.13154221,0.84145631,0.84145631
35.14394760,0.84365233,0.84365233
35.15502167,0.83610843,0.83610843
35.16526794,0.82594360,0.82594360
35.17687225,0.82344603,0.82344603
35.19070435,0.82460452,0.82460452
35.20175171,0.83076540,0.83076540
35.21279907,0.83560917,0.83560917
35.22742462,0.83433346,0.83433346
35.24200058,0.83307860,0.83307860
35.25204849,0.83030274,0.83030274
35.26596832,0.83141970,0.83141970
35.27992249,0.83252807,0.83252807
35.29257202,0.83156612,0.83156612
35.30490494,0.82708496,0.82708496
35.31937027,0.82594361,0.82594361
35.33324051,0.82560668,0.82560668
35.34331894,0.83562502,0.83562502
35.35585403,0.83898314,0.83898314
35.36992645,0.84002198,0.84002198
35.37999725,0.83156375,0.83156375
35.39012909,0.82148314,0.82148314
35.40024948,0.81140873,0.81140873
35.41221619,0.80888919,0.80888919
35.42639160,0.80982665,0.80982665
35.44059753,0.81075075,0.81075075
35.45116043,0.81468990,0.81468990
35.46542358,0.81378541,0.81378541
35.47965622,0.81290039,0.81290039
35.49198914,0.81431274,0.81431274
35.50623322,0.81517089,0.81517089
35.52050400,0.81601321,0.81601321
35.53480530,0.81684082,0.81684082
35.54777527,0.81967042,0.81967042
35.55789566,0.82976197,0.82976197
35.56801605,0.83984864,0.83984864
35.58053589,0.84157104,0.84157104
35.59464645,0.84082521,0.84082521
35.60873413,0.84009769,0.84009769
35.61984634,0.84447265,0.84447265
35.62993622,0.85453494,0.85453494
35.64170074,0.85942507,0.85942507
35.65449905,0.85773683,0.85773683
35.66455460,0.84770142,0.84770142
35.67461014,0.83766600,0.83766600
35.68466568,0.82763306,0.82763306
35.69812393,0.82682009,0.82682009
35.71258545,0.82740849,0.82740849
35.72596741,0.82957033,0.82957033
35.73738098,0.83335693,0.83335693
35.75133514,0.83285521,0.83285521
35.76526642,0.83237184,0.83237184
35.77794266,0.83380859,0.83380859
35.78800964,0.84386839,0.84386839
35.79808044,0.85392576,0.85392576
35.80814743,0.86398318,0.86398318
35.81845093,0.85887204,0.85887204
35.82847595,0.84885738,0.84885738
35.83849716,0.83884280,0.83884280
35.84928894,0.83342409,0.83342409
35.85934067,0.84347045,0.84347045
35.86939240,0.85351439,0.85351439
35.87940598,0.86279174,0.86279174
35.89138031,0.85955933,0.85955933
35.90139389,0.84955076,0.84955076
35.91140366,0.83954349,0.83954349
35.92301178,0.83512207,0.83512207
35.93343735,0.84295533,0.84295533
35.94346237,0.85298093,0.85298093
35.95351791,0.86127444,0.86127444
35.96673584,0.86029904,0.86029904
35.97673798,0.85029788,0.85029788
35.98674011,0.84029541,0.84029541
35.99857330,0.83618166,0.83618166
36.00953293,0.84228885,0.84228885
36.01953888,0.85229123,0.85229123
36.02953720,0.86229243,0.86229243
36.03953171,0.87228762,0.87228762
36.05375290,0.87268066,0.87268066
36.06826019,0.87264278,0.87264278
36.07882690,0.86554930,0.86554930
36.08983994,0.86085814,0.86085814
36.10356522,0.86094968,0.86094968
36.11706543,0.86139768,0.86139768
36.12703323,0.87136718,0.87136718
36.13699722,0.88132817,0.88132817
36.14695740,0.89128903,0.89128903
36.15799332,0.89616945,0.89616945
36.16954803,0.89281738,0.89281738
36.17952728,0.88284060,0.88284060
36.18950653,0.87286744,0.87286744
36.20249939,0.87047729,0.87047729
36.21691132,0.87015258,0.87015258
36.23130798,0.86980710,0.86980710
36.24438477,0.86754885,0.86754885
36.25572968,0.86395266,0.86395266
36.26943970,0.86432736,0.86432736
36.28315735,0.86472291,0.86472291
36.29459763,0.86892700,0.86892700
36.30451202,0.87883057,0.87883057
36.31442642,0.88873292,0.88873292
36.32433701,0.89863041,0.89863041
36.33645248,0.90168824,0.90168824
36.35020447,0.90222779,0.90222779
36.36397171,0.90278809,0.90278809
36.37632370,0.90116579,0.90116579
36.38975906,0.89933106,0.89933106
36.40400696,0.89867068,0.89867068
36.41822815,0.89799191,0.89799191
36.42812729,0.90589846,0.90589846
36.44191742,0.90658205,0.90658205
36.45572281,0.90728516,0.90728516
36.46640015,0.90237059,0.90237059
36.47669983,0.89432007,0.89432007
36.49084473,0.89353517,0.89353517
36.50320053,0.89539060,0.89539060
36.51309204,0.90524779,0.90524779
36.52368546,0.91192631,0.91192631
36.53754425,0.91276971,0.91276971
36.54742432,0.90376224,0.90376224
36.55735016,0.89387697,0.89387697
36.56822968,0.88760254,0.88760254
36.57852936,0.89366943,0.89366943
36.58842850,0.90352539,0.90352539
36.59832764,0.91338137,0.91338137
36.60823822,0.91523932,0.91523932
36.61814499,0.90538207,0.90538207
36.62804031,0.89553466,0.89553466
36.63788986,0.88679199,0.88679199
36.65188217,0.88780519,0.88780519
36.66589737,0.88883668,0.88883668
36.67994690,0.88988644,0.88988644
36.69402695,0.89095460,0.89095460
36.70544434,0.89639403,0.89639403
36.71541977,0.90630856,0.90630856
36.72702789,0.90880860,0.90880860
36.74083328,0.90770629,0.90770629
36.75460052,0.90659792,0.90659792
36.76562119,0.91010742,0.91010742
36.77558136,0.91999883,0.91999883
36.78555298,0.92989622,0.92989622
36.79544830,0.93438965,0.93438965
36.80533218,0.92458132,0.92458132
36.81521225,0.91478025,0.91478025
36.82507324,0.90514162,0.90514162
36.83780670,0.90869631,0.90869631
36.84781265,0.91862549,0.91862549
36.85783386,0.92856079,0.92856079
36.87074280,0.92829717,0.92829717
36.88412094,0.92686644,0.92686644
36.89397049,0.91710329,0.91710329
36.90578079,0.91456294,0.91456294
36.92018509,0.91597532,0.91597532
36.93456650,0.91750248,0.91750248
36.94543457,0.92083375,0.92083375
36.95885468,0.91957760,0.91957760
36.97224045,0.91831784,0.91831784
36.98350143,0.92058232,0.92058232
36.99615860,0.92479857,0.92479857
37.01071930,0.92632691,0.92632691
37.02532578,0.92787111,0.92787111
37.03998184,0.92942870,0.92942870
37.05108643,0.93681396,0.93681396
37.06105042,0.94313232,0.94313232
37.07433701,0.94181633,0.94181633
37.08758545,0.94049684,0.94049684
37.09913635,0.93746214,0.93746214
37.11391830,0.93911503,0.93911503
37.12874603,0.94078368,0.94078368
37.14266968,0.94114262,0.94114262
37.15295029,0.93390503,0.93390503
37.16611099,0.93259034,0.93259034
37.17923737,0.93127685,0.93127685
37.19232559,0.92996464,0.92996464
37.20537949,0.92865356,0.92865356
37.21839523,0.92734497,0.92734497
37.22862625,0.93162719,0.93162719
37.23887253,0.94175779,0.94175779
37.24913788,0.95190798,0.95190798
37.26017761,0.96010621,0.96010621
37.27529526,0.96194825,0.96194825
37.29046631,0.96380497,0.96380497
37.30070877,0.95683598,0.95683598
37.31056976,0.94709959,0.94709959
37.32043457,0.93735964,0.93735964
37.33150864,0.93250487,0.93250487
37.34687805,0.93434939,0.93434939
37.35964966,0.93996947,0.93996947
37.37024689,0.94314698,0.94314698
37.38310623,0.94184445,0.94184445
37.39592743,0.94054809,0.94054809
37.40871811,0.93925779,0.93925779
37.42147064,0.93796996,0.93796996
37.43418503,0.93669063,0.93669063
37.44686890,0.93541502,0.93541502
37.45689774,0.94416380,0.94416380
37.46783066,0.95343508,0.95343508
37.48257828,0.95422118,0.95422118
37.49243927,0.94448730,0.94448730
37.50230408,0.93474729,0.93474729
37.51241302,0.92788575,0.92788575
37.52225876,0.93466433,0.93466433
37.53284836,0.94513666,0.94513666
37.54346466,0.95563476,0.95563476
37.55411148,0.96615969,0.96615969
37.56761169,0.97156377,0.97156377
37.58364487,0.97363157,0.97363157
37.59975433,0.97571045,0.97571045
37.61592865,0.97780027,0.97780027
37.62609482,0.98024293,0.98024293
37.63865280,0.97898440,0.97898440
37.65118027,0.97773432,0.97773432
37.66247940,0.97868779,0.97868779
37.67375946,0.98839112,0.98839112
37.69013596,0.99053952,0.99053952
37.70658493,0.99269532,0.99269532
37.72310257,0.99486082,0.99486082
37.73659134,1.00122314,1.00122314
37.74882889,1.00043703,1.00043703
37.76130295,0.99920529,0.99920529
37.77374649,0.99797976,0.99797976
37.78377533,1.00304450,1.00304450
37.79836655,1.00805053,1.00805053
37.81517410,1.01027830,1.01027830
37.82535934,1.00083498,1.00083498
37.83537292,0.99197263,0.99197263
37.84776688,0.99079584,0.99079584
37.85784531,0.99557857,0.99557857
37.86899948,1.00661256,1.00661256
37.88018799,1.01767949,1.01767949
37.89099884,1.01431639,1.01431639
37.90113831,1.00430908,1.00430908
37.91128540,0.99428709,0.99428709
37.92144775,0.98425290,0.98425290
37.93162155,0.97419926,0.97419926
37.94180679,0.96413330,0.96413330
37.95200729,0.95404910,0.95404910
37.96604538,0.95934324,0.95934324
37.97737885,0.97057256,0.97057256
37.98743439,0.97609746,0.97609746
37.99967957,0.97500978,0.97500978
38.01189423,0.97392820,0.97392820
38.02204895,0.96752929,0.96752929
38.03229904,0.95739502,0.95739502
38.04256439,0.94724127,0.94724127
38.05259323,0.93935546,0.93935546
38.06473541,0.93833244,0.93833244
38.07685089,0.93731565,0.93731565
38.08894348,0.93630251,0.93630251
38.10100937,0.93529426,0.93529426
38.11276627,0.94002073,0.94002073
38.13070679,0.94224974,0.94224974
38.14549255,0.94038571,0.94038571
38.15562820,0.93130497,0.93130497
38.16767883,0.93031739,0.93031739
38.17970657,0.92933596,0.92933596
38.19171143,0.92835693,0.92835693
38.20368576,0.92738157,0.92738157
38.21458435,0.92419067,0.92419067
38.22495270,0.91392461,0.91392461
38.23534012,0.90363888,0.90363888
38.24564743,0.89372558,0.89372558
38.25755692,0.89279664,0.89279664
38.26763916,0.89698732,0.89698732
38.27938461,0.90864378,0.90864378
38.29085159,0.91970216,0.91970216
38.30271912,0.91875609,0.91875609
38.31456375,0.91781252,0.91781252
38.32638168,0.91687250,0.91687250
38.33817673,0.91593505,0.91593505
38.34994888,0.91499876,0.91499876
38.36105347,0.91274174,0.91274174
38.37151718,0.90238526,0.90238526
38.38698196,0.90055545,0.90055545
38.40570068,0.90322997,0.90322997
38.41587830,0.91035884,0.91035884
38.42761993,0.90943722,0.90943722
38.43933868,0.90851801,0.90851801
38.45103455,0.90759890,0.90759890
38.48772049,0.93593140,0.93593140
38.49930954,0.93498775,0.93498775
38.51087570,0.93404417,0.93404417
38.52136230,0.92369751,0.92369751
38.53188324,0.91329105,0.91329105
38.54242706,0.90285888,0.90285888
38.55359650,0.90121824,0.90121824
38.56411362,0.90261842,0.90261842
38.57638168,0.91478639,0.91478639
38.58870697,0.92701296,0.92701296
38.59996796,0.92655396,0.92655396
38.61143494,0.92562259,0.92562259
38.62287903,0.92469237,0.92469237
38.63429642,0.92376345,0.92376345
38.64569092,0.92283445,0.92283445
38.65706635,0.92190677,0.92190677
38.66693497,0.91589111,0.91589111
38.67757034,0.90538086,0.90538086
38.68823242,0.89484006,0.89484006
38.69816208,0.88950440,0.88950440
38.70947647,0.88860839,0.88860839
38.71976471,0.89618040,0.89618040
38.73248291,0.90879150,0.90879150
38.74242020,0.91449580,0.91449580
38.75369263,0.91357058,0.91357058
38.76494217,0.91264406,0.91264406
38.77616882,0.91171999,0.91171999
38.78737259,0.91079467,0.91079467
38.79854965,0.90986812,0.90986812
38.80970001,0.90894287,0.90894287
38.81993866,0.89981201,0.89981201
38.83072662,0.88915894,0.88915894
38.84154892,0.87846802,0.87846802
38.85239029,0.87694819,0.87694819
38.86308289,0.87697265,0.87697265
38.87629318,0.89007081,0.89007081
38.88906479,0.90245360,0.90245360
38.90014648,0.90152343,0.90152343
38.91120148,0.90059448,0.90059448
38.92222977,0.89966429,0.89966429
38.93323517,0.89873292,0.89873292
38.94421387,0.89780151,0.89780151
38.95516968,0.89686894,0.89686894
38.96609879,0.89593625,0.89593625
38.97950363,0.89213376,0.89213376
39.00137329,0.89586793,0.89586793
39.01723862,0.89313109,0.89313109
39.02819824,0.89219479,0.89219479
39.03913116,0.89125730,0.89125730
39.05003738,0.89031980,0.89031980
39.06092072,0.88937983,0.88937983
39.07177734,0.88843994,0.88843994
39.08260727,0.88749999,0.88749999
39.09341431,0.88655881,0.88655881
39.10419464,0.88561523,0.88561523
39.11494827,0.88467161,0.88467161
39.12567139,0.88372679,0.88372679
39.13636780,0.88278073,0.88278073
39.15016174,0.89614628,0.89614628
39.16323471,0.90841432,0.90841432
39.17392349,0.90743775,0.90743775
39.18458939,0.90646000,0.90646000
39.19522476,0.90547977,0.90547977
39.20583725,0.90449830,0.90449830
39.21549988,0.89892334,0.89892334
39.22676086,0.88787839,0.88787839
39.23807526,0.87677245,0.87677245
39.24923325,0.88052732,0.88052732
39.26470566,0.89583620,0.89583620
39.27443314,0.89860112,0.89860112
39.28499985,0.89761600,0.89761600
39.29554367,0.89662961,0.89662961
39.30605698,0.89564325,0.89564325
39.31587601,0.88887694,0.88887694
39.32741547,0.87757816,0.87757816
39.33902359,0.86620360,0.86620360
39.34930038,0.86467529,0.86467529
39.35975647,0.86371823,0.86371823
39.37018204,0.86276003,0.86276003
39.38058090,0.86180297,0.86180297
39.39022827,0.86512327,0.86512327
39.40712738,0.88184325,0.88184325
39.41686249,0.88577394,0.88577394
39.42723465,0.88478881,0.88478881
39.43757248,0.88380367,0.88380367
39.44788742,0.88281865,0.88281865
39.45817184,0.88183346,0.88183346
39.46842957,0.88085200,0.88085200
39.47865677,0.87987057,0.87987057
39.49026489,0.86880124,0.86880124
39.50232315,0.85703611,0.85703611
39.51219177,0.85035764,0.85035764
39.52239227,0.84941163,0.84941163
39.53203964,0.85288940,0.85288940
39.55099869,0.87165165,0.87165165
39.56068802,0.87303954,0.87303954
39.57086182,0.87207031,0.87207031
39.58101654,0.87110471,0.87110471
39.59123993,0.86339234,0.86339234
39.60380173,0.85115356,0.85115356
39.61471558,0.84191531,0.84191531
39.62484741,0.84098875,0.84098875
39.63494873,0.84006716,0.84006716
39.64501953,0.83914792,0.83914792
39.65506744,0.83823363,0.83823363
39.66508484,0.83732302,0.83732302
39.67701340,0.84646971,0.84646971
39.69330215,0.86162232,0.86162232
39.70333862,0.86069458,0.86069458
39.71333694,0.85977413,0.85977413
39.72331619,0.85885868,0.85885868
39.73326492,0.85794677,0.85794677
39.74318314,0.85704223,0.85704223
39.75308228,0.85614257,0.85614257
39.76294708,0.85524900,0.85524900
39.77278900,0.85436283,0.85436283
39.78259659,0.85348386,0.85348386
39.79238510,0.85261107,0.85261107
39.80213928,0.85174437,0.85174437
39.82736969,0.87667234,0.87667234
39.83718491,0.87579708,0.87579708
39.84696579,0.87493041,0.87493041
39.85672379,0.87407226,0.87407226
39.86645508,0.87322381,0.87322381
39.87615967,0.87238527,0.87238527
39.88583755,0.87155514,0.87155514
39.89549255,0.87073610,0.87073610
39.91322708,0.88701053,0.88701053
39.92469406,0.89469361,0.89469361
39.93438721,0.89388434,0.89388434
39.94404602,0.89308718,0.89308718
39.95351791,0.89089472,0.89089472
39.96949005,0.87539428,0.87539428
39.98160172,0.86532102,0.86532102
39.99128723,0.86459960,0.86459960
40.00094986,0.86388919,0.86388919
40.01059341,0.86319335,0.86319335
40.02021408,0.86251098,0.86251098
40.02981567,0.86184449,0.86184449
40.03939056,0.86119024,0.86119024
40.04895020,0.86055297,0.86055297
40.05848312,0.85993165,0.85993165
40.06791306,0.86017212,0.86017212
40.09281540,0.88399291,0.88399291
40.10240936,0.88340327,0.88340327
40.11198807,0.88282957,0.88282957
40.12154770,0.88227418,0.88227418
40.13108826,0.88173709,0.88173709
40.14060974,0.88121828,0.88121828
40.15011597,0.88071778,0.88071778
40.16721725,0.89553463,0.89553463
40.18019867,0.90490845,0.90490845
40.18977737,0.90445313,0.90445313
40.19934082,0.90401730,0.90401730
40.20889282,0.90360230,0.90360230
40.21842957,0.90320795,0.90320795
40.22795486,0.90283568,0.90283568
40.23746490,0.90248412,0.90248412
40.24696350,0.90215460,0.90215460
40.25644684,0.90184818,0.90184818
40.26591492,0.90156253,0.90156253
40.29220200,0.92633789,0.92633789
40.30178070,0.92609133,0.92609133
40.31135178,0.92586911,0.92586911
40.32091141,0.92567378,0.92567378
40.33046722,0.92550046,0.92550046
40.34000778,0.92535276,0.92535276
40.34954834,0.92523070,0.92523070
40.35906982,0.92513302,0.92513302
40.36859131,0.92506349,0.92506349
40.37810898,0.92501831,0.92501831
40.38761902,0.92499881,0.92499881
40.43855286,0.92500730,0.92500730
40.44832611,0.92504270,0.92504270
40.45809555,0.92510621,0.92510621
40.46786118,0.92519653,0.92519653
40.47762299,0.92531491,0.92531491
40.48738480,0.92546140,0.92546140
40.49714661,0.92563718,0.92563718
40.50691223,0.92584106,0.92584106
40.51667404,0.92607548,0.92607548
40.52643967,0.92633789,0.92633789
40.53620911,0.92663085,0.92663085
40.54598236,0.92695436,0.92695436
40.55575943,0.92730834,0.92730834
40.58335495,0.95276490,0.95276490
40.59328842,0.95319214,0.95319214
40.60322189,0.95365115,0.95365115
40.61316681,0.95414305,0.95414305
40.62311554,0.95466675,0.95466675
40.63307571,0.95522464,0.95522464
40.64303970,0.95581670,0.95581670
40.67117310,0.98161253,0.98161253
40.68130493,0.98228884,0.98228884
40.69145203,0.98300050,0.98300050
40.70161438,0.98375130,0.98375130
40.71178818,0.98453494,0.98453494
40.72198105,0.98535768,0.98535768
40.73218536,0.98621459,0.98621459
40.74241257,0.98711058,0.98711058
40.75265121,0.98804445,0.98804445
40.76291656,0.98901738,0.98901738
40.77319336,0.99002685,0.99002685
40.78348923,0.99107665,0.99107665
40.81266403,1.01760621,1.01760621
40.82315826,1.01876339,1.01876339
40.83368301,1.01996221,1.01996221
40.84422684,1.02120121,1.02120121
40.85479736,1.02248411,1.02248411
40.86539459,1.02380741,1.02380741
40.87601852,1.02517580,1.02517580
40.88667679,1.02658570,1.02658570
40.91670609,1.05374141,1.05374141
40.92758560,1.05527830,1.05527830
40.95792389,1.03108281,1.03108281
40.96902847,1.03267094,1.03267094
40.98016357,1.03430424,1.03430424
40.99134064,1.03598503,1.03598503
41.00254822,1.03770998,1.03770998
41.01379776,1.03948362,1.03948362
41.02508926,1.04130371,1.04130371
41.03642273,1.04317261,1.04317261
41.04779816,1.04509033,1.04509033
41.05921555,1.04705690,1.04705690
41.07068253,1.04907342,1.04907342
41.10245514,1.07741949,1.07741949
41.11418533,1.07958985,1.07958985
41.12596512,1.08181274,1.08181274
41.13779449,1.08408812,1.08408812
41.14967346,1.08641847,1.08641847
41.16160965,1.08880254,1.08880254
41.17360306,1.09124265,1.09124265
41.18564987,1.09373658,1.09373658
41.19775772,1.09628668,1.09628668
41.20991898,1.09889530,1.09889530
41.22166824,1.10311037,1.10311037
41.23324203,1.11241331,1.11241331
41.24475861,1.12159671,1.12159671
41.25623322,1.13067628,1.13067628
41.26766968,1.13965701,1.13965701
41.27992630,1.14299564,1.14299564
41.29236603,1.14609738,1.14609738
41.30488205,1.14926025,1.14926025
41.31746292,1.15249029,1.15249029
41.33012390,1.15578740,1.15578740
41.34286118,1.15915039,1.15915039
41.35567474,1.16258183,1.16258183
41.36857224,1.16608157,1.16608157
41.38154984,1.16965088,1.16965088
41.39460754,1.17329344,1.17329344
41.41093826,1.15969484,1.15969484
41.42353058,1.15267454,1.15267454
41.43664932,1.15643915,1.15643915
41.44985962,1.16027714,1.16027714
41.46316528,1.16419064,1.16419064
41.47655869,1.16817623,1.16817623
41.49452972,1.15214112,1.15214112
41.50639725,1.14768674,1.14768674
41.51988220,1.15180423,1.15180423
41.53163528,1.14879636,1.14879636
41.55258942,1.13383177,1.13383177
41.56437683,1.14313357,1.14313357
41.57621384,1.15248778,1.15248778
41.59384155,1.14640137,1.14640137
41.61575699,1.13474613,1.13474613
41.63724899,1.12336182,1.12336182
41.64863586,1.13073481,1.13073481
41.66034317,1.13997799,1.13997799
41.67554092,1.13623414,1.13623414
41.69347382,1.12850226,1.12850226
41.70516968,1.13773312,1.13773312
41.71692657,1.14700313,1.14700313
41.73530197,1.13827029,1.13827029
41.74776459,1.13179199,1.13179199
41.76149368,1.13689450,1.13689450
41.77384567,1.13913696,1.13913696
41.78965759,1.12504517,1.12504517
41.80084610,1.12160397,1.12160397
41.81484985,1.12693477,1.12693477
41.82621002,1.12540896,1.12540896
41.84144974,1.11191652,1.11191652
41.85646057,1.09863769,1.09863769
41.87123489,1.08557859,1.08557859
41.88319778,1.09506594,1.09506594
41.89527893,1.10494379,1.10494379
41.91047668,1.09958005,1.09958005
41.92688370,1.09236447,1.09236447
41.93901825,1.10232792,1.10232792
41.95126724,1.11238404,1.11238404
41.96730423,1.10538333,1.10538333
41.98245621,1.09948236,1.09948236
41.99477005,1.10964597,1.10964597
42.00695419,1.11935305,1.11935305
42.02323151,1.11163212,1.11163212
42.03746033,1.10671267,1.10671267
42.04999542,1.11711918,1.11711918
42.06177902,1.12569335,1.12569335
42.07754135,1.11833251,1.11833251
42.09309006,1.11111937,1.11111937
42.10736847,1.10247067,1.10247067
42.11870956,1.09491209,1.09491209
42.13391876,1.10179318,1.10179318
42.14718628,1.10554569,1.10554569
42.15979767,1.09494994,1.09494994
42.17227173,1.08447145,1.08447145
42.18461227,1.07410638,1.07410638
42.19646454,1.06463252,1.06463252
42.21221924,1.07178102,1.07178102
42.22528076,1.08011836,1.08011836
42.23974609,1.07413209,1.07413209
42.25405121,1.06826173,1.06826173
42.26820755,1.06250246,1.06250246
42.28220749,1.05685549,1.05685549
42.29605865,1.05131593,1.05131593
42.30976486,1.04588502,1.04588502
42.32020569,1.04884518,1.04884518
42.33370209,1.06071533,1.06071533
42.34429932,1.06239869,1.06239869
42.35770798,1.05721437,1.05721437
42.37098694,1.05213137,1.05213137
42.38414383,1.04714226,1.04714226
42.39716721,1.04224855,1.04224855
42.41007614,1.03744754,1.03744754
42.42286682,1.03274049,1.03274049
42.43307877,1.03663334,1.03663334
42.44712448,1.04922002,1.04922002
42.45756531,1.05002444,1.05002444
42.47013092,1.04553098,1.04553098
42.48258972,1.04112061,1.04112061
42.49494553,1.03679321,1.03679321
42.50719833,1.03254638,1.03254638
42.51848984,1.04037478,1.04037478
42.53319931,1.05373042,1.05373042
42.54500580,1.05028445,1.05028445
42.55707932,1.04622929,1.04622929
42.56905746,1.04225096,1.04225096
42.58095551,1.03834235,1.03834235
42.59276199,1.03450931,1.03450931
42.60298538,1.02691154,1.02691154
42.61305237,1.01877810,1.01877810
42.62297821,1.01219242,1.01219242
42.64229202,1.02194334,1.02194334
42.65540314,1.02340941,1.02340941
42.66552353,1.01516111,1.01516111
42.67619705,1.00957762,1.00957762
42.68774033,1.00627193,1.00627193
42.69920349,1.00302980,1.00302980
42.71060181,0.99984497,0.99984497
42.72192001,0.99672121,0.99672121
42.73317337,0.99365351,0.99365351
42.74332428,0.99354859,0.99354859
42.76019287,1.00943846,1.00943846
42.77021790,1.01292847,1.01292847
42.78137970,1.01000126,1.01000126
42.79248428,1.00712772,1.00712772
42.80351639,1.00430915,1.00430915
42.81449509,1.00154174,1.00154174
42.82540512,0.99882935,0.99882935
42.83626175,0.99616576,0.99616576
42.84706116,0.99355348,0.99355348
42.85779953,0.99099001,0.99099001
42.86849213,0.98847535,0.98847535
42.87912750,0.98600953,0.98600953
42.88971329,0.98358886,0.98358886
42.90789032,1.00081057,1.00081057
42.91823578,1.00608152,1.00608152
42.92883301,1.00373662,1.00373662
42.93938065,1.00143673,1.00143673
42.94988251,0.99918339,0.99918339
42.96033478,0.99697385,0.99697385
42.97074890,0.99480716,0.99480716
42.98111343,0.99268551,0.99268551
42.99143600,0.99060544,0.99060544
43.00171661,0.98856688,0.98856688
43.01325607,0.99653322,0.99653322
43.02956009,1.01122559,1.01122559
43.03927612,1.00608764,1.00608764
43.04957581,0.99730224,0.99730224
43.05998611,0.98835328,0.98835328
43.07052231,0.97922486,0.97922486
43.08036804,0.97543334,0.97543334
43.09064865,0.97371219,0.97371219
43.10089111,0.97202881,0.97202881
43.11110687,0.97038207,0.97038207
43.12128067,0.96877201,0.96877201
43.14194107,0.98840331,0.98840331
43.15194321,0.99175775,0.99175775
43.16217041,0.99021364,0.99021364
43.17237091,0.98870479,0.98870479
43.18253708,0.98723146,0.98723146
43.19268036,0.98579098,0.98579098
43.20278931,0.98438717,0.98438717
43.21287918,0.98301635,0.98301635
43.22293472,0.98167849,0.98167849
43.23297119,0.98037474,0.98037474
43.24274445,0.98258912,0.98258912
43.26486969,1.00359491,1.00359491
43.27497101,1.00235475,1.00235475
43.28504944,1.00114743,1.00114743
43.29510498,0.99997315,0.99997315
43.30513382,0.99882935,0.99882935
43.31515121,0.99771731,0.99771731
43.32514191,0.99663573,0.99663573
43.33511353,0.99558594,0.99558594
43.34507370,0.99456661,0.99456661
43.35500717,0.99357545,0.99357545
43.36492920,0.99261473,0.99261473
43.37483215,0.99168336,0.99168336
43.38471985,0.99078007,0.99078007
43.39454651,0.99306030,0.99306030
43.41728592,1.01442139,1.01442139
43.42725754,1.01358158,1.01358158
43.43721390,1.01277095,1.01277095
43.44715881,1.01198854,1.01198854
43.45708466,1.01123419,1.01123419
43.46700287,1.01050540,1.01050540
43.47690964,1.00980465,1.00980465
43.48680496,1.00913090,1.00913090
43.49668884,1.00848383,1.00848383
43.50656128,1.00786256,1.00786256
43.51642609,1.00726810,1.00726810
43.52628326,1.00669799,1.00669799
43.53613281,1.00615480,1.00615480
43.54591370,1.00654785,1.00654785
43.57111359,1.03026978,1.03026978
43.58105469,1.02978759,1.02978759
43.59099579,1.02932987,1.02932987
43.60092545,1.02889775,1.02889775
43.61084747,1.02848997,1.02848997
43.62077332,1.02810669,1.02810669
43.63068390,1.02774537,1.02774537
43.64059830,1.02740843,1.02740843
43.65050507,1.02709473,1.02709473
43.66040802,1.02680425,1.02680425
43.68682480,1.05157231,1.05157231
43.69683456,1.05132201,1.05132201
43.70684814,1.05109126,1.05109126
43.71685791,1.05088627,1.05088627
43.72686768,1.05070072,1.05070072
43.73686981,1.05053836,1.05053836
43.74687576,1.05039796,1.05039796
43.75687790,1.05027832,1.05027832
43.76688385,1.05018068,1.05018068
43.77688599,1.05010500,1.05010500
43.78688812,1.05004880,1.05004880
43.79689789,1.05001470,1.05001470
43.80690002,1.04999883,1.04999883
43.81690979,1.05000363,1.05000363
43.84391403,1.07503047,1.07503047
43.85403824,1.07507568,1.07507568
43.88116455,1.05013916,1.05013916
43.89139938,1.05022096,1.05022096
43.90163422,1.05032344,1.05032344
43.91187286,1.05044437,1.05044437
43.92211914,1.05058350,1.05058350
43.93236923,1.05074094,1.05074094
43.94262314,1.05091675,1.05091675
43.95288086,1.05110963,1.05110963
43.96314240,1.05132081,1.05132081
43.97340775,1.05154912,1.05154912
43.98367691,1.05179319,1.05179319
44.01134491,1.07710445,1.07710445
44.02172852,1.07739010,1.07739010
44.03212738,1.07769283,1.07769283
44.04252625,1.07801146,1.07801146
44.05293274,1.07834713,1.07834713
44.06334686,1.07869877,1.07869877
44.07376862,1.07906615,1.07906615
44.08419037,1.07944827,1.07944827
44.09462357,1.07984745,1.07984745
44.10506821,1.08026123,1.08026123
44.11551666,1.08068969,1.08068969
44.12597656,1.08113279,1.08113279
44.13644409,1.08159058,1.08159058
44.14692307,1.08206299,1.08206299
44.17531204,1.10772460,1.10772460
44.18590546,1.10823732,1.10823732
44.19650269,1.10876340,1.10876340
44.20710754,1.10930298,1.10930298
44.21772766,1.10985712,1.10985712
44.22835159,1.11042234,1.11042234
44.23899460,1.11100345,1.11100345
44.24964142,1.11159670,1.11159670
44.26029968,1.11220333,1.11220333
44.27096558,1.11282231,1.11282231
44.28164291,1.11345337,1.11345337
44.29233551,1.11409665,1.11409665
44.30303192,1.11475343,1.11475343
44.31374741,1.11542114,1.11542114
44.32447052,1.11610107,1.11610107
44.33520889,1.11679320,1.11679320
44.34595490,1.11749630,1.11749630
44.35671616,1.11821039,1.11821039
44.36748505,1.11893672,1.11893672
44.37826920,1.11967533,1.11967533
44.38906860,1.12042234,1.12042234
44.39987564,1.12118162,1.12118162
44.41070175,1.12195184,1.12195184
44.44034958,1.14824832,1.14824832
44.45129013,1.14905761,1.14905761
44.46223831,1.14987796,1.14987796
44.47320557,1.15070806,1.15070806
44.48418045,1.15154782,1.15154782
44.49517059,1.15239870,1.15239870
44.50617981,1.15325921,1.15325921
44.51719284,1.15412961,1.15412961
44.52822876,1.15501096,1.15501096
44.53927612,1.15590208,1.15590208
44.55034256,1.15680300,1.15680300
44.56141663,1.15771123,1.15771123
44.57250595,1.15863159,1.15863159
44.58361435,1.15956060,1.15956060
44.59473419,1.16050052,1.16050052
44.60587311,1.16144656,1.16144656
44.61702347,1.16240359,1.16240359
44.62819672,1.16337032,1.16337032
44.63937759,1.16434570,1.16434570
44.65019226,1.16253663,1.16253663
44.67307281,1.14040404,1.14040404
44.68421936,1.14138423,1.14138423
44.69538498,1.14237187,1.14237187
44.70656586,1.14337032,1.14337032
44.71776581,1.14437380,1.14437380
44.72898102,1.14538816,1.14538816
44.74021530,1.14641111,1.14641111
44.75152206,1.15405157,1.15405157
44.76620865,1.16830692,1.16830692
44.77736282,1.17565429,1.17565429
44.78810883,1.17406983,1.17406983
44.81096268,1.15164795,1.15164795
44.82213593,1.15271974,1.15271974
44.83333206,1.15380132,1.15380132
44.84454346,1.15488887,1.15488887
44.85578156,1.15598636,1.15598636
44.86702728,1.15708991,1.15708991
44.87829590,1.15820312,1.15820312
44.88969803,1.15186393,1.15186393
44.90837479,1.13408083,1.13408083
44.91962433,1.13519281,1.13519281
44.93089294,1.13631222,1.13631222
44.94172668,1.14300173,1.14300173
44.96982193,1.13814206,1.13814206
44.98734665,1.13971803,1.13971803
44.99853516,1.14087034,1.14087034
45.00974655,1.14202876,1.14202876
45.02098083,1.14319700,1.14319700
45.03223038,1.14437250,1.14437250
45.04351044,1.14555544,1.14555544
45.05480194,1.14674685,1.14674685
45.07925797,1.14027584,1.14027584
45.09925842,1.14272339,1.14272339
45.11002731,1.15036987,1.15036987
45.12125397,1.15159304,1.15159304
45.13188934,1.15055296,1.15055296
45.15109634,1.13160647,1.13160647
45.16154861,1.12844730,1.12844730
45.17279053,1.12967531,1.12967531
45.18385696,1.13145627,1.13145627
45.20080185,1.13640867,1.13640867
45.22849274,1.12876957,1.12876957
45.23899078,1.13466553,1.13466553
45.25019455,1.13593628,1.13593628
45.26141357,1.13721192,1.13721192
45.27320099,1.12855343,1.12855343
45.28967285,1.11265499,1.11265499
45.30089569,1.11392698,1.11392698
45.31156921,1.11695806,1.11695806
45.32333755,1.12833614,1.12833614
45.34328842,1.12803709,1.12803709
45.36490250,1.11671627,1.11671627
45.38172913,1.10015259,1.10015259
45.39223099,1.09437624,1.09437624
45.40338898,1.09567625,1.09567625
45.41457367,1.09698487,1.09698487
45.42509079,1.09619629,1.09619629
45.44274521,1.08191898,1.08191898
45.45925903,1.08480955,1.08480955
45.47048950,1.09566405,1.09566405
45.48079300,1.10365843,1.10365843
45.49165726,1.10419066,1.10419066
45.50739670,1.08871463,1.08871463
45.51874924,1.08007815,1.08007815
45.52993774,1.08143429,1.08143429
45.54115677,1.08279783,1.08279783
45.55213165,1.08481697,1.08481697
45.57397842,1.08033575,1.08033575
45.59369278,1.07810787,1.07810787
45.60451508,1.08855832,1.08855832
45.61529922,1.09895628,1.09895628
45.62602615,1.10929198,1.10929198
45.64452362,1.10778807,1.10778807
45.66001511,1.09443971,1.09443971
45.67457581,1.08015625,1.08015625
45.68899536,1.06600827,1.06600827
45.70328140,1.05198849,1.05198849
45.71744537,1.03808592,1.03808592
45.73147964,1.02431154,1.02431154
45.74401855,1.02350581,1.02350581
45.75435638,1.03349360,1.03349360
45.76465988,1.04343874,1.04343874
45.77491760,1.05333008,1.05333008
45.79472733,1.04902956,1.04902956
45.81457520,1.04450681,1.04450681
45.82466888,1.05422969,1.05422969
45.83526230,1.05668821,1.05668821
45.84631348,1.05820553,1.05820553
45.85739899,1.05973145,1.05973145
45.86851501,1.06127199,1.06127199
45.87966156,1.06282346,1.06282346
45.89083862,1.06438482,1.06438482
45.90770340,1.05637813,1.05637813
45.92712021,1.05162842,1.05162842
45.93706131,1.06118531,1.06118531
45.94697571,1.07070676,1.07070676
45.95685959,1.08019165,1.08019165
45.96672440,1.08964236,1.08964236
45.97655869,1.09906004,1.09906004
45.98618317,1.10645387,1.10645387
45.99690628,1.10713623,1.10713623
46.00962448,1.09474366,1.09474366
46.02225494,1.08243167,1.08243167
46.03479004,1.07021607,1.07021607
46.04723740,1.05807984,1.05807984
46.05959320,1.04603149,1.04603149
46.07186508,1.03406499,1.03406499
46.08165359,1.03215206,1.03215206
46.09289551,1.03384280,1.03384280
46.10417175,1.03554445,1.03554445
46.11399841,1.03356322,1.03356322
46.12606430,1.02180179,1.02180179
46.14145660,1.01671754,1.01671754
46.15105057,1.02593016,1.02593016
46.16062164,1.03511594,1.03511594
46.17018509,1.04428345,1.04428345
46.18042755,1.03951532,1.03951532
46.19218826,1.02807374,1.02807374
46.20187759,1.02145996,1.02145996
46.21325302,1.02325194,1.02325194
46.22467041,1.02505863,1.02505863
46.23612595,1.02687864,1.02687864
46.24762344,1.02871458,1.02871458
46.25916290,1.03056517,1.03056517
46.27074432,1.03243045,1.03243045
46.28236008,1.03431035,1.03431035
46.29402161,1.03620605,1.03620605
46.30572891,1.03811766,1.03811766
46.31747818,1.04004146,1.04004146
46.32926941,1.04198241,1.04198241
46.34110260,1.04393798,1.04393798
46.35298538,1.04590942,1.04590942
46.36490631,1.04789671,1.04789671
46.37687683,1.04989991,1.04989991
46.38676453,1.05711672,1.05711672
46.41912079,1.09741709,1.09741709
46.42892075,1.10677125,1.10677125
46.43871307,1.11611573,1.11611573
46.44898987,1.12251583,1.12251583
46.46123505,1.12473634,1.12473634
46.47353363,1.12697634,1.12697634
46.48588562,1.12923336,1.12923336
46.49827957,1.13150756,1.13150756
46.51073074,1.13380009,1.13380009
46.52322388,1.13610966,1.13610966
46.53577805,1.13843747,1.13843747
46.54837799,1.14078129,1.14078129
46.56103516,1.14314569,1.14314569
46.57373810,1.14552613,1.14552613
46.58650208,1.14792726,1.14792726
46.59931183,1.15034423,1.15034423
46.61217499,1.15277955,1.15277955
46.62509918,1.15523687,1.15523687
46.63806915,1.15770874,1.15770874
46.65110779,1.16020266,1.16020266
46.66419220,1.16271363,1.16271363
46.67734146,1.16524413,1.16524413
46.69054031,1.16779303,1.16779303
46.70380020,1.17036250,1.17036250
46.71711731,1.17294795,1.17294795
46.72739029,1.16613035,1.16613035
46.73873138,1.15521364,1.15521364
46.74901199,1.14802732,1.14802732
46.76245880,1.15061768,1.15061768
46.77595520,1.15322878,1.15322878
46.78673553,1.15025879,1.15025879
46.80068207,1.14433226,1.14433226
46.81627274,1.14085941,1.14085941
46.82654953,1.15010621,1.15010621
46.83692169,1.16002076,1.16002076
46.84745407,1.16930662,1.16930662
46.86116028,1.17205438,1.17205438
46.87493515,1.17482416,1.17482416
46.91832733,1.21051028,1.21051028
46.92955399,1.19974120,1.19974120
46.94073486,1.18901253,1.18901253
46.95174789,1.18609985,1.18609985
46.96585083,1.18897093,1.18897093
46.98002625,1.19186163,1.19186163
46.99427414,1.19477535,1.19477535
47.00858307,1.19770757,1.19770757
47.01961136,1.20708009,1.20708009
47.03041077,1.21739868,1.21739868
47.04124069,1.22774044,1.22774044
47.05260086,1.23102171,1.23102171
47.06694794,1.22651607,1.22651607
47.07801437,1.21592411,1.21592411
47.09244919,1.21883179,1.21883179
47.10709000,1.22193605,1.22193605
47.11884689,1.22004515,1.22004515
47.12988663,1.20947018,1.20947018
47.14089203,1.19892453,1.19892453
47.15391541,1.19929315,1.19929315
47.16880417,1.20241580,1.20241580
47.18375778,1.20555786,1.20555786
47.19660950,1.21210937,1.21210937
47.20771027,1.22274779,1.22274779
47.21969223,1.22443847,1.22443847
47.23446274,1.22134277,1.22134277
47.24873734,1.21890013,1.21890013
47.26209641,1.22487550,1.22487550
47.27734375,1.22817135,1.22817135
47.28863525,1.22432739,1.22432739
47.29953766,1.21388553,1.21388553
47.31042099,1.20345585,1.20345585
47.32122803,1.21243534,1.21243534
47.33248520,1.22325198,1.22325198
47.34316254,1.22880858,1.22880858
47.35758972,1.22589241,1.22589241
47.37158966,1.22247679,1.22247679
47.38235092,1.21217288,1.21217288
47.39309692,1.20188118,1.20188118
47.40381241,1.19160643,1.19160643
47.41941452,1.19482186,1.19482186
47.43520737,1.19820309,1.19820309
47.44674301,1.19435668,1.19435668
47.45747757,1.18405517,1.18405517
47.46819305,1.17376217,1.17376217
47.47917938,1.16482544,1.16482544
47.49321747,1.16225465,1.16225465
47.50719070,1.15970330,1.15970330
47.52110291,1.15717655,1.15717655
47.53495407,1.15467160,1.15467160
47.54664612,1.15278561,1.15278561
47.56277466,1.15616695,1.15616695
47.57898712,1.15956671,1.15956671
47.59529877,1.16298830,1.16298830
47.61170578,1.16643187,1.16643187
47.62229156,1.17268067,1.17268067
47.63604736,1.17025878,1.17025878
47.64974594,1.16786253,1.16786253
47.66339111,1.16548589,1.16548589
47.67697525,1.16312987,1.16312987
47.68754196,1.15351561,1.15351561
47.70035172,1.15143063,1.15143063
47.71708298,1.15492428,1.15492428
47.73153305,1.15519896,1.15519896
47.74428177,1.15166624,1.15166624
47.75774384,1.14943481,1.14943481
47.77115250,1.14722415,1.14722415
47.78451157,1.14503293,1.14503293
47.79781342,1.14286257,1.14286257
47.80885315,1.14530520,1.14530520
47.82068253,1.15680414,1.15680414
47.83241272,1.16803717,1.16803717
47.84561157,1.16588506,1.16588506
47.85875702,1.16375491,1.16375491
47.86966324,1.15689213,1.15689213
47.88008499,1.14683711,1.14683711
47.89050674,1.13677128,1.13677128
47.90092850,1.12670042,1.12670042
47.91414261,1.13559688,1.13559688
47.92617035,1.14732054,1.14732054
47.93724442,1.14937256,1.14937256
47.97730637,1.11638184,1.11638184
47.99012375,1.11447507,1.11447507
48.00102615,1.10853393,1.10853393
48.01636505,1.10916258,1.10916258
48.03409195,1.11273067,1.11273067
48.04680252,1.10916261,1.10916261
48.05846405,1.10519653,1.10519653
48.07119751,1.10339227,1.10339227
48.08388901,1.10160403,1.10160403
48.09654236,1.09983404,1.09983404
48.10914993,1.09808107,1.09808107
48.11983490,1.09194214,1.09194214
48.13021851,1.08185423,1.08185423
48.14061356,1.07174681,1.07174681
48.15102386,1.06161748,1.06161748
48.16883469,1.06450686,1.06450686
48.18725967,1.06800659,1.06800659
48.19882965,1.06127197,1.06127197
48.20938110,1.05451171,1.05451171
48.22188187,1.05294677,1.05294677
48.23225784,1.05807619,1.05807619
48.24471283,1.07031006,1.07031006
48.25543594,1.07829711,1.07829711
48.26786804,1.07675052,1.07675052
48.28025818,1.07521850,1.07521850
48.29261780,1.07369874,1.07369874
48.30493927,1.07219606,1.07219606
48.31722260,1.07070678,1.07070678
48.32946777,1.06923466,1.06923466
48.34019852,1.07736089,1.07736089
48.35285950,1.08981079,1.08981079
48.36317825,1.09447875,1.09447875
48.37537003,1.09302362,1.09302362
48.38752365,1.09158203,1.09158203
48.39781189,1.08374755,1.08374755
48.40841293,1.07338988,1.07338988
48.41903687,1.06299684,1.06299684
48.42941284,1.05660638,1.05660638
48.44082260,1.06651002,1.06651002
48.45373154,1.07922727,1.07922727
48.46428680,1.08188601,1.08188601
48.47633362,1.08055660,1.08055660
48.48834229,1.07923954,1.07923954
48.50032806,1.07793706,1.07793706
48.51227570,1.07664795,1.07664795
48.52420044,1.07537108,1.07537108
48.53609085,1.07410767,1.07410767
48.54775620,1.08447394,1.08447394
48.56087875,1.09742186,1.09742186
48.57151413,1.09932496,1.09932496
48.58336258,1.09807979,1.09807979
48.59517670,1.09684817,1.09684817
48.60697174,1.09562859,1.09562859
48.61721420,1.08942263,1.08942263
48.62805557,1.07878172,1.07878172
48.63892365,1.06810549,1.06810549
48.64919281,1.06217413,1.06217413
48.66091919,1.06104860,1.06104860
48.67261124,1.05993530,1.05993530
48.68428802,1.05883420,1.05883420
48.69593430,1.05774415,1.05774415
48.70755768,1.05666744,1.05666744
48.71915436,1.05560179,1.05560179
48.72960663,1.06260136,1.06260136
48.74306870,1.07592284,1.07592284
48.75325394,1.08091795,1.08091795
48.76482391,1.07986937,1.07986937
48.77635574,1.07883427,1.07883427
48.78787613,1.07780883,1.07780883
48.79936981,1.07679685,1.07679685
48.81084824,1.07579473,1.07579473
48.82229614,1.07480352,1.07480352
48.83372116,1.07382444,1.07382444
48.84513092,1.07285395,1.07285395
48.85651779,1.07189576,1.07189576
48.86788940,1.07094724,1.07094724
48.87923431,1.07000978,1.07000978
48.88998413,1.06766232,1.06766232
48.90121841,1.05656863,1.05656863
48.91250229,1.04541622,1.04541622
48.92861557,1.04977542,1.04977542
48.94247818,1.06352904,1.06352904
48.95307541,1.06460208,1.06460208
48.96438599,1.06373536,1.06373536
48.97568893,1.06287964,1.06287964
48.98696518,1.06203127,1.06203127
48.99822617,1.06119381,1.06119381
49.00946808,1.06036502,1.06036502
49.02069092,1.05954588,1.05954588
49.03190231,1.05873655,1.05873655
49.04308701,1.05793580,1.05793580
49.05426025,1.05714479,1.05714479
49.06541443,1.05636107,1.05636107
49.07655716,1.05558841,1.05558841
49.08768082,1.05482425,1.05482425
49.09878922,1.05406732,1.05406732
49.10987854,1.05331908,1.05331908
49.12030029,1.06029665,1.06029665
49.13454056,1.07445315,1.07445315
49.14456177,1.07879023,1.07879023
49.15563965,1.07805782,1.07805782
49.16642380,1.07665407,1.07665407
49.17827988,1.06489745,1.06489745
49.19018173,1.05308837,1.05308837
49.20020676,1.04764041,1.04764041
49.21125412,1.04696780,1.04696780
49.22228241,1.04630127,1.04630127
49.23330688,1.04564334,1.04564334
49.24431229,1.04499148,1.04499148
49.25530624,1.04435054,1.04435054
49.26628113,1.04371459,1.04371459
49.27887726,1.05529051,1.05529051
49.29349136,1.06983523,1.06983523
49.30444336,1.06926998,1.06926998
49.31541443,1.06864865,1.06864865
49.32636642,1.06803348,1.06803348
49.33731079,1.06742676,1.06742676
49.34823990,1.06682613,1.06682613
49.35916138,1.06623408,1.06623408
49.37006760,1.06564819,1.06564819
49.38096237,1.06506837,1.06506837
49.39184570,1.06449707,1.06449707
49.40271759,1.06393190,1.06393190
49.41358185,1.06337277,1.06337277
49.42442703,1.06282231,1.06282231
49.44163895,1.07065310,1.07065310
49.46538162,1.07200442,1.07200442
49.47702026,1.06120728,1.06120728
49.48789597,1.06068238,1.06068238
49.49876785,1.06016361,1.06016361
49.50962448,1.05965208,1.05965208
49.52047348,1.05914550,1.05914550
49.53131104,1.05864500,1.05864500
49.54213715,1.05815185,1.05815185
49.55296326,1.05766484,1.05766484
49.56377029,1.05718264,1.05718264
49.57457733,1.05670903,1.05670903
49.58536530,1.05623898,1.05623898
49.59614563,1.05577516,1.05577516
49.60691833,1.05531857,1.05531857
49.61768723,1.05486693,1.05486693
49.62844467,1.05442017,1.05442017
49.63919067,1.05398068,1.05398068
49.64994431,1.06171631,1.06171631
49.66526413,1.07700076,1.07700076
49.67526627,1.07968509,1.07968509
49.68600845,1.07925782,1.07925782
49.69674683,1.07883420,1.07883420
49.70671463,1.07499267,1.07499267
49.72005081,1.06169434,1.06169434
49.73202133,1.05065797,1.05065797
49.74275208,1.05026735,1.05026735
49.75348282,1.04988159,1.04988159
49.76420593,1.04950201,1.04950201
49.77491760,1.04912724,1.04912724
49.78562546,1.04875614,1.04875614
49.79632187,1.04839114,1.04839114
49.80664062,1.04920894,1.04920894
49.82223892,1.06478025,1.06478025
49.83378983,1.07418093,1.07418093
49.84448624,1.07382566,1.07382566
49.85517883,1.07347656,1.07347656
49.86585999,1.07313233,1.07313233
49.87654114,1.07279292,1.07279292
49.88721466,1.07245851,1.07245851
49.89788437,1.07212770,1.07212770
49.90962982,1.06172243,1.06172243
49.92358017,1.04779296,1.04779296
49.93357086,1.04438477,1.04438477
49.94423676,1.04407962,1.04407962
49.95489883,1.04377928,1.04377928
49.96555328,1.04348388,1.04348388
49.97598267,1.05010494,1.05010494
49.99186707,1.06597290,1.06597290
50.00183487,1.06935302,1.06935302
50.01249313,1.06906617,1.06906617
50.02313995,1.06878299,1.06878299
50.03378677,1.06850467,1.06850467
50.04442596,1.06822999,1.06822999
50.05506516,1.06795899,1.06795899
50.06569290,1.06769165,1.06769165
50.07631683,1.06742919,1.06742919
50.08694077,1.06716800,1.06716800
50.09764099,1.05926998,1.05926998
50.11213684,1.04479252,1.04479252
50.12215805,1.03975343,1.03975343
50.13278198,1.03951415,1.03951415
50.14339828,1.03927856,1.03927856
50.15401459,1.03904784,1.03904784
50.16462708,1.03881955,1.03881955
50.17523193,1.03859376,1.03859376
50.18523407,1.04108279,1.04108279
50.20138168,1.05721922,1.05721922
50.21208954,1.06455445,1.06455445
50.22269440,1.06433839,1.06433839
50.23329544,1.06412471,1.06412471
50.24389267,1.06391361,1.06391361
50.25448608,1.06370481,1.06370481
50.26508331,1.06350094,1.06350094
50.27567291,1.06329954,1.06329954
50.28701782,1.05407597,1.05407597
50.30199432,1.03911012,1.03911012
50.31199646,1.03614748,1.03614748
50.32258606,1.03596194,1.03596194
50.33317566,1.03578121,1.03578121
50.34375763,1.03560177,1.03560177
50.35433578,1.03542601,1.03542601
50.36491394,1.03525391,1.03525391
50.37548828,1.03508179,1.03508179
50.38606644,1.03491451,1.03491451
50.39663315,1.03474971,1.03474971
50.40847015,1.04451779,1.04451779
50.42485428,1.06089478,1.06089478
50.43540573,1.06078986,1.06078986
50.44598007,1.06063113,1.06063113
50.45655060,1.06047482,1.06047482
50.46711731,1.06032225,1.06032225
50.48161316,1.04613645,1.04613645
50.49501801,1.03352053,1.03352053
50.50558853,1.03337891,1.03337891
50.51615524,1.03323850,1.03323850
50.52672195,1.03310058,1.03310058
50.53728485,1.03296503,1.03296503
50.54784775,1.03283199,1.03283199
50.55840302,1.03270018,1.03270018
50.56896210,1.03257322,1.03257322
50.57951355,1.03244624,1.03244624
50.59006882,1.03232173,1.03232173
50.60062027,1.03219974,1.03219974
50.61117172,1.03207886,1.03207886
50.62171555,1.03196045,1.03196045
50.63550186,1.04481933,1.04481933
50.64964294,1.05818606,1.05818606
50.66019058,1.05807011,1.05807011
50.67074585,1.05795778,1.05795778
50.68128967,1.05784665,1.05784665
50.69184113,1.05773807,1.05773807
50.70238495,1.05763061,1.05763061
50.71292877,1.05752562,1.05752562
50.72347260,1.05742435,1.05742435
50.73401260,1.05732299,1.05732299
50.74455261,1.05722414,1.05722414
50.75508881,1.05712774,1.05712774
50.76717758,1.04677735,1.04677735
50.78310013,1.03085571,1.03085571
50.79353714,1.03042357,1.03042357
50.80407715,1.03033570,1.03033570
50.81461334,1.03025025,1.03025025
50.82515717,1.03016601,1.03016601
50.83568954,1.03008179,1.03008179
50.84622955,1.03000126,1.03000126
50.85971069,1.04238890,1.04238890
50.87422943,1.05624999,1.05624999
50.88476562,1.05617191,1.05617191
50.89530563,1.05609621,1.05609621
50.90584183,1.05601931,1.05601931
50.91637421,1.05594606,1.05594606
50.92691040,1.05587405,1.05587405
50.93744278,1.05580200,1.05580200
50.96884155,1.08212773,1.08212773
50.97936630,1.08205814,1.08205814
50.98989868,1.08199098,1.08199098
51.00042343,1.08192380,1.08192380
51.01094818,1.08185797,1.08185797
51.02147293,1.08179565,1.08179565
51.03199387,1.08173221,1.08173221
51.04251862,1.08167117,1.08167117
51.05276108,1.07589118,1.07589118
51.06902695,1.05962773,1.05962773
51.07905960,1.05511723,1.05511723
51.08958817,1.05506229,1.05506229
51.10010910,1.05500979,1.05500979
51.11063004,1.05495727,1.05495727
51.12115860,1.05490602,1.05490602
51.13167953,1.05485722,1.05485722
51.14220428,1.05480835,1.05480835
51.15272522,1.05476199,1.05476199
51.16324997,1.05471557,1.05471557
51.19458771,1.08103880,1.08103880
51.20510864,1.08099244,1.08099244
51.21509552,1.08379518,1.08379518
51.23182678,1.10052857,1.10052857
51.24237061,1.10722660,1.10722660
51.25288773,1.10718384,1.10718384
51.26341248,1.10714356,1.10714356
51.27392960,1.10710322,1.10710322
51.30525970,1.13342403,1.13342403
51.31577301,1.13338501,1.13338501
51.32628632,1.13334597,1.13334597
51.35760498,1.15966551,1.15966551
51.36811829,1.15963012,1.15963012
51.37863541,1.15959349,1.15959349
51.38914490,1.15955935,1.15955935
51.44606018,1.21223029,1.21223029
51.45656967,1.21219727,1.21219727
51.46708298,1.21216307,1.21216307
51.47821426,1.22039916,1.22039916
51.49496841,1.23715453,1.23715453
51.50514984,1.23841800,1.23841800
51.51516342,1.23417239,1.23417239
51.53169632,1.21764037,1.21764037
51.54193497,1.21198118,1.21198118
51.55245590,1.21195433,1.21195433
51.56296921,1.21192749,1.21192749
51.57349014,1.21190190,1.21190190
51.58400726,1.21187496,1.21187496
51.59452057,1.21185064,1.21185064
51.60504150,1.21182624,1.21182624
51.61555481,1.21180421,1.21180421
51.62607574,1.21177974,1.21177974
51.63625717,1.21045901,1.21045901
51.65285492,1.19385865,1.19385865
51.66408920,1.18537477,1.18537477
51.67460632,1.18535400,1.18535400
51.68512726,1.18533453,1.18533453
51.69564819,1.18531618,1.18531618
51.70595551,1.18604856,1.18604856
51.73311234,1.19105105,1.19105105
51.75550842,1.18526244,1.18526244
51.76602936,1.18524664,1.18524664
51.77655411,1.18522951,1.18522951
51.78707504,1.18521243,1.18521243
51.79759598,1.18519782,1.18519782
51.80789185,1.17937502,1.17937502
51.82455826,1.16271117,1.16271117
51.83456421,1.15881589,1.15881589
51.84508514,1.15880127,1.15880127
51.85552216,1.15908325,1.15908325
51.87231064,1.17587037,1.17587037
51.88392639,1.18509640,1.18509640
51.89445114,1.18508304,1.18508304
51.90497208,1.18506963,1.18506963
51.91549683,1.18505620,1.18505620
51.92602158,1.18504397,1.18504397
51.93602371,1.18125739,1.18125739
51.95271683,1.16456421,1.16456421
51.96303558,1.15867304,1.15867304
51.97356033,1.15866210,1.15866210
51.98408127,1.15864866,1.15864866
52.00066757,1.17518191,1.17518191
52.01257706,1.18495856,1.18495856
52.02310181,1.18494750,1.18494750
52.03362274,1.18493533,1.18493533
52.04415131,1.18492307,1.18492307
52.05467224,1.18491208,1.18491208
52.06476974,1.18303470,1.18303470
52.08147812,1.16632452,1.16632452
52.09242249,1.15854616,1.15854616
52.10294724,1.15853270,1.15853270
52.11346817,1.15852177,1.15852177
52.12961197,1.17449220,1.17449220
52.14183807,1.18482668,1.18482668
52.15236282,1.18481327,1.18481327
52.16288376,1.18480102,1.18480102
52.17340851,1.18478765,1.18478765
52.18392563,1.18477421,1.18477421
52.19445038,1.18476071,1.18476071
52.21111298,1.16811157,1.16811157
52.22297287,1.15840455,1.15840455
52.23349762,1.15838989,1.15838989
52.24401474,1.15837774,1.15837774
52.25453568,1.15836186,1.15836186
52.26505280,1.15834840,1.15834840
52.27754211,1.14753784,1.14753784
52.29333878,1.13199218,1.13199218
52.30332947,1.13514523,1.13514523
52.32019043,1.15200443,1.15200443
52.33061600,1.15827271,1.15827271
52.34113693,1.15825681,1.15825681
52.35165787,1.15824100,1.15824100
52.36217880,1.15822513,1.15822513
52.37269211,1.15820800,1.15820800
52.38320923,1.15819218,1.15819218
52.39373016,1.15817506,1.15817506
52.40507126,1.14949585,1.14949585
52.42181015,1.13275395,1.13275395
52.43181229,1.13463258,1.13463258
52.44869995,1.15152343,1.15152343
52.45922089,1.15808722,1.15808722
52.46974182,1.15807003,1.15807003
52.48025513,1.15805056,1.15805056
52.49076843,1.15803341,1.15803341
52.50128937,1.15801520,1.15801520
52.51180267,1.15799568,1.15799568
52.52231979,1.15797611,1.15797611
52.53277969,1.15156135,1.15156135
52.54953384,1.13480956,1.13480956
52.55952072,1.13160035,1.13160035
52.57003403,1.13158084,1.13158084
52.58055115,1.13156129,1.13156129
52.59106064,1.13154054,1.13154054
52.60157776,1.13152106,1.13152106
52.61233139,1.13876105,1.13876105
52.62926865,1.15569947,1.15569947
52.63932800,1.15777101,1.15777101
52.64984131,1.15775025,1.15775025
52.65985107,1.15373786,1.15373786
52.67661667,1.13697389,1.13697389
52.68687057,1.13137450,1.13137450
52.69738007,1.13135260,1.13135260
52.70789719,1.13133055,1.13133055
52.71840668,1.13130865,1.13130865
52.72891617,1.13128545,1.13128545
52.73966217,1.13850708,1.13850708
52.75664139,1.15548590,1.15548590
52.76670456,1.15752564,1.15752564
52.77721405,1.15750251,1.15750251
52.78736496,1.15600830,1.15600830
52.80415344,1.13922115,1.13922115
52.81523514,1.13112430,1.13112430
52.82574463,1.13109865,1.13109865
52.83625793,1.13107543,1.13107543
52.84676743,1.13105105,1.13105105
52.85726929,1.13102663,1.13102663
52.86778259,1.13100221,1.13100221
52.87828827,1.13097651,1.13097651
52.88879776,1.13095217,1.13095217
52.89930344,1.13092646,1.13092646
52.90980911,1.13090091,1.13090091
52.92568588,1.11527097,1.11527097
52.93813705,1.10455084,1.10455084
52.94863892,1.10452514,1.10452514
52.95914078,1.10449947,1.10449947
52.96965027,1.10447396,1.10447396
52.98652649,1.12131468,1.12131468
53.00512314,1.12120975,1.12120975
53.02193832,1.10439693,1.10439693
53.03244781,1.10437010,1.10437010
53.04295349,1.10434575,1.10434575
53.05345917,1.10431884,1.10431884
53.06396484,1.10429203,1.10429203
53.07446671,1.10426513,1.10426513
53.08497238,1.10423949,1.10423949
53.09547424,1.10421266,1.10421266
53.10594940,1.10427854,1.10427854
53.12303162,1.12136110,1.12136110
53.13912582,1.12363895,1.12363895
53.15599060,1.10677857,1.10677857
53.16599274,1.10407835,1.10407835
53.17649841,1.10405031,1.10405031
53.18700027,1.10402469,1.10402469
53.19750214,1.10399655,1.10399655
53.20800400,1.10396855,1.10396855
53.21850967,1.10394169,1.10394169
53.22900772,1.10391480,1.10391480
53.23951340,1.10388670,1.10388670
53.25001144,1.10385866,1.10385866
53.26002884,1.09980707,1.09980707
53.27693939,1.08289674,1.08289674
53.28715515,1.07749756,1.07749756
53.29734421,1.08271245,1.08271245
53.31449509,1.09986085,1.09986085
53.32450485,1.10369381,1.10369381
53.33500671,1.10366699,1.10366699
53.34551239,1.10363897,1.10363897
53.35601044,1.10361206,1.10361206
53.36650467,1.10358399,1.10358399
53.37701035,1.10355711,1.10355711
53.38718033,1.10221805,1.10221805
53.40412521,1.08527101,1.08527101
53.41521454,1.07720211,1.07720211
53.42571640,1.07717405,1.07717405
53.43621445,1.07714727,1.07714727
53.44671249,1.07712159,1.07712159
53.45721436,1.07709476,1.07709476
53.47068024,1.06481321,1.06481321
53.48538589,1.05077396,1.05077396
53.49588394,1.05074709,1.05074709
53.50638199,1.05072265,1.05072265
53.51688004,1.05069586,1.05069586
53.52737808,1.05067139,1.05067139
53.54298401,1.06585818,1.06585818
53.55567932,1.07688602,1.07688602
53.56617737,1.07686160,1.07686160
53.57667160,1.07683473,1.07683473
53.58716965,1.07681030,1.07681030
53.59907532,1.06709109,1.06709109
53.61575317,1.05049686,1.05049686
53.62624741,1.05047250,1.05047250
53.63674927,1.05044797,1.05044797
53.64724350,1.05042355,1.05042355
53.65774155,1.05039917,1.05039917
53.67684555,1.06218026,1.06218026
53.70323563,1.05573738,1.05573738
53.71346664,1.05032725,1.05032725
53.72396088,1.05030402,1.05030402
53.73445892,1.05027959,1.05027959
53.74495316,1.05025635,1.05025635
53.75544739,1.05023442,1.05023442
53.76594543,1.05021122,1.05021122
53.77643967,1.05018927,1.05018927
53.78693771,1.05016598,1.05016598
53.79743195,1.05014403,1.05014403
53.80757523,1.04862794,1.04862794
53.82466888,1.03153323,1.03153323
53.83562469,1.02382453,1.02382453
53.84611511,1.02380376,1.02380376
53.85610962,1.02715091,1.02715091
53.87340927,1.04445190,1.04445190
53.88367844,1.04999150,1.04999150
53.89761353,1.03706789,1.03706789
53.91185760,1.02369999,1.02369999
53.92235184,1.02368046,1.02368046
53.93284607,1.02366092,1.02366092
53.94334412,1.02364142,1.02364142
53.95383453,1.02362306,1.02362306
53.96432877,1.02360352,1.02360352
53.97482681,1.02358393,1.02358393
53.98532104,1.02356573,1.02356573
53.99581528,1.02354734,1.02354734
54.00630569,1.02352906,1.02352906
54.01679993,1.02351197,1.02351197
54.02729034,1.02349371,1.02349371
54.03844833,1.03163213,1.03163213
54.05578613,1.04896859,1.04896859
54.06607819,1.04968632,1.04968632
54.07657623,1.04967050,1.04967050
54.08706665,1.04965334,1.04965334
54.09756088,1.04963746,1.04963746
54.10805511,1.04962044,1.04962044
54.11830521,1.04867807,1.04867807
54.13550949,1.03147343,1.03147343
54.14665985,1.02333492,1.02333492
54.15715408,1.02332158,1.02332158
54.16764069,1.02330690,1.02330690
54.17813492,1.02329346,1.02329346
54.18862915,1.02328001,1.02328001
54.19912338,1.02326778,1.02326778
54.20960999,1.02325324,1.02325324
54.22337723,1.03589000,1.03589000
54.23780441,1.04946662,1.04946662
54.24829483,1.04945317,1.04945317
54.25878906,1.04944214,1.04944214
54.26927948,1.04943119,1.04943119
54.27977753,1.04941900,1.04941900
54.29026794,1.04940924,1.04940924
54.30076218,1.04939939,1.04939939
54.31125259,1.04938842,1.04938842
54.32173920,1.04937864,1.04937864
54.33223343,1.04937007,1.04937007
54.34272385,1.04936154,1.04936154
54.35321808,1.04935305,1.04935305
54.36370850,1.04934452,1.04934452
54.37419891,1.04933710,1.04933710
54.38468933,1.04932987,1.04932987
54.40151596,1.06604126,1.06604126
54.42124557,1.06488048,1.06488048
54.43716049,1.04931040,1.04931040
54.44765472,1.04930552,1.04930552
54.45814896,1.04929934,1.04929934
54.46864319,1.04929449,1.04929449
54.47912979,1.04929084,1.04929084
54.48962784,1.04928722,1.04928722
54.50011826,1.04928349,1.04928349
54.51061249,1.04927978,1.04927978
54.52109909,1.04927857,1.04927857
54.53159332,1.04927612,1.04927612
54.54208755,1.04927371,1.04927371
54.55257797,1.04927244,1.04927244
54.56307602,1.04927362,1.04927362
54.57307434,1.05221927,1.05221927
54.59040070,1.06954474,1.06954474
54.60077667,1.07550541,1.07550541
54.61126709,1.07550785,1.07550785
54.62176132,1.07550909,1.07550909
54.63225555,1.07551149,1.07551149
54.64275360,1.07551394,1.07551394
54.65324020,1.07551760,1.07551760
54.66373825,1.07552123,1.07552123
54.67423248,1.07552491,1.07552491
54.68473053,1.07552984,1.07552984
54.69484329,1.07083623,1.07083623
54.71218872,1.05349243,1.05349243
54.72224426,1.04931515,1.04931515
54.73273849,1.04932132,1.04932132
54.74323654,1.04932862,1.04932862
54.75360489,1.05525146,1.05525146
54.77089310,1.07254028,1.07254028
54.78089523,1.07558837,1.07558837
54.79139328,1.07559819,1.07559819
54.80188751,1.07560794,1.07560794
54.81238174,1.07561889,1.07561889
54.82247162,1.07113894,1.07113894
54.83982849,1.05378055,1.05378055
54.84990692,1.04942013,1.04942013
54.86040115,1.04943362,1.04943362
54.87089920,1.04944702,1.04944702
54.88139725,1.04946044,1.04946044
54.89189529,1.04947513,1.04947513
54.90240097,1.04949223,1.04949223
54.91289902,1.04950686,1.04950686
54.92340088,1.04952395,1.04952395
54.93458939,1.05774048,1.05774048
54.95180130,1.07495243,1.07495243
54.96207428,1.07581791,1.07581791
54.97257614,1.07583742,1.07583742
54.98307419,1.07585698,1.07585698
54.99357605,1.07587772,1.07587772
55.00408173,1.07589971,1.07589971
55.01458359,1.07592165,1.07592165
55.02508926,1.07594487,1.07594487
55.03559494,1.07596923,1.07596923
55.04610443,1.07599367,1.07599367
55.05660248,1.07601810,1.07601810
55.06711197,1.07604374,1.07604374
55.07761765,1.07606934,1.07606934
55.08812332,1.07609743,1.07609743
55.09863281,1.07612425,1.07612425
55.11054230,1.08581174,1.08581174
55.12725830,1.10243040,1.10243040
55.13776398,1.10246093,1.10246093
55.14827728,1.10249268,1.10249268
55.15884018,1.09594117,1.09594117
55.17620468,1.07857429,1.07857429
55.18626022,1.07633793,1.07633793
55.19676971,1.07637088,1.07637088
55.20728302,1.07640502,1.07640502
55.21779633,1.07644047,1.07644047
55.22831345,1.07647584,1.07647584
55.23882675,1.07651249,1.07651249
55.24934006,1.07655031,1.07655031
55.25985718,1.07658817,1.07658817
55.27037048,1.07662724,1.07662724
55.28088760,1.07666629,1.07666629
55.29311371,1.08694222,1.08694222
55.30936813,1.10300907,1.10300907
55.31988525,1.10306034,1.10306034
55.33040619,1.10311283,1.10311283
55.34092712,1.10316527,1.10316527
55.35145569,1.10321903,1.10321903
55.36197662,1.10327394,1.10327394
55.37250137,1.10332888,1.10332888
55.38303375,1.10338626,1.10338626
55.39355850,1.10344241,1.10344241
55.40409470,1.10349974,1.10349974
55.41464615,1.11011354,1.11011354
55.43149948,1.12696657,1.12696657
55.44152451,1.12995731,1.12995731
55.45205307,1.13001950,1.13001950
55.46258926,1.13008302,1.13008302
55.47312546,1.13014773,1.13014773
55.48366547,1.13021242,1.13021242
55.49420166,1.13027829,1.13027829
55.50474548,1.13034550,1.13034550
55.51528549,1.13041141,1.13041141
55.52582550,1.13047971,1.13047971
55.53589249,1.13290647,1.13290647
55.55262375,1.14963255,1.14963255
55.56341934,1.15698243,1.15698243
55.57395935,1.15705321,1.15705321
55.58450699,1.15712648,1.15712648
55.59505081,1.15719971,1.15719971
55.60560226,1.15727539,1.15727539
55.61614609,1.15734992,1.15734992
55.62669754,1.15742557,1.15742557
55.63724899,1.15750121,1.15750121
55.64779663,1.15757811,1.15757811
55.65835571,1.15765504,1.15765504
55.66890717,1.15773195,1.15773195
55.67946625,1.15781130,1.15781130
55.69002533,1.15789067,1.15789067
55.70058823,1.15797003,1.15797003
55.71110153,1.15821289,1.15821289
55.72765350,1.17476444,1.17476444
55.73954391,1.18453610,1.18453610
55.77082825,1.21094487,1.21094487
55.78140259,1.21103032,1.21103032
55.79196930,1.21111696,1.21111696
55.80254364,1.21120483,1.21120483
55.81311798,1.21129150,1.21129150
55.82369614,1.21137815,1.21137815
55.83427429,1.21146731,1.21146731
55.84485245,1.21155646,1.21155646
55.85543442,1.21164553,1.21164553
55.86601639,1.21173590,1.21173590
55.87660599,1.21182496,1.21182496
55.88719177,1.21191529,1.21191529
55.89778137,1.21200561,1.21200561
55.90837097,1.21209719,1.21209719
55.92284775,1.22596196,1.22596196
55.93648911,1.23863409,1.23863409
55.94707870,1.23872924,1.23872924
55.95767212,1.23882323,1.23882323
55.96826172,1.23891845,1.23891845
55.97885895,1.23901249,1.23901249
55.98945236,1.23910889,1.23910889
56.00005341,1.23920406,1.23920406
56.01065063,1.23930057,1.23930057
56.02124786,1.23939697,1.23939697
56.03185654,1.23949339,1.23949339
56.04246140,1.23958989,1.23958989
56.07387161,1.26606201,1.26606201
56.08448410,1.26616214,1.26616214
56.09510422,1.26626098,1.26626098
56.10572052,1.26635987,1.26635987
56.11813736,1.27713137,1.27713137
56.13404083,1.29294679,1.29294679
56.14465714,1.29304927,1.29304927
56.15528107,1.29315065,1.29315065
56.16589737,1.29325321,1.29325321
56.17652512,1.29335447,1.29335447
56.18714523,1.29345824,1.29345824
56.19777298,1.29355959,1.29355959
56.20839691,1.29366334,1.29366334
56.21903229,1.29376469,1.29376469
56.22966385,1.29386840,1.29386840
56.23987198,1.29911137,1.29911137
56.25597763,1.31521365,1.31521365
56.28253174,1.34700071,1.34700071
56.29317093,1.34710690,1.34710690
56.30381012,1.34721432,1.34721432
56.31445312,1.34732055,1.34732055
56.32509613,1.34742678,1.34742678
56.33573914,1.34753417,1.34753417
56.34638596,1.34763912,1.34763912
56.35703278,1.34774661,1.34774661
56.36768341,1.34785153,1.34785153
56.37833023,1.34795657,1.34795657
56.38898468,1.34806278,1.34806278
56.39963531,1.34816898,1.34816898
56.43119049,1.37470944,1.37470944
56.44184875,1.37481806,1.37481806
56.45251083,1.37492436,1.37492436
56.46317673,1.37502932,1.37502932
56.47383881,1.37513678,1.37513678
