x_m,y_m,w_tr_left_m,w_tr_right_m,w_total_m,left_x_m,left_y_m,right_x_m,right_y_m
2.75999975,-1.35919148,0.80182856,0.80182856,1.60365712,3.55999875,-1.30505610,1.96000075,-1.41332686
2.75999969,-1.36920381,0.80165280,0.80165280,1.60330561,3.55999851,-1.31773436,1.96000087,-1.42067325
2.75999987,-1.37920595,0.80148438,0.80148438,1.60296877,3.55999899,-1.33043480,1.96000075,-1.42797709
2.75999999,-1.38919777,0.80132204,0.80132204,1.60264407,3.55999827,-1.34315693,1.96000171,-1.43523860
2.75999999,-1.39917898,0.80116934,0.80116934,1.60233867,3.55999947,-1.35589921,1.96000051,-1.44245875
2.75999993,-1.40914965,0.80102291,0.80102291,1.60204581,3.55999899,-1.36866260,1.96000087,-1.44963670
2.76000083,-1.41910928,0.80088493,0.80088493,1.60176986,3.55999970,-1.38144672,1.96000195,-1.45677185
2.76000124,-1.42905814,0.80075557,0.80075557,1.60151114,3.55999994,-1.39425063,1.96000254,-1.46386564
2.76000040,-1.43899596,0.80063475,0.80063475,1.60126949,3.55999851,-1.40707374,1.96000230,-1.47091818
2.75999940,-1.44892252,0.80052482,0.80052482,1.60104965,3.55999851,-1.41991544,1.96000028,-1.47792959
2.75999934,-1.45883799,0.80042359,0.80042359,1.60084718,3.55999851,-1.43277574,1.96000016,-1.48490024
2.75999987,-1.46874225,0.80033197,0.80033197,1.60066394,3.55999875,-1.44565427,1.96000099,-1.49183023
2.76000052,-1.47863513,0.80025031,0.80025031,1.60050062,3.55999875,-1.45855033,1.96000230,-1.49871993
2.75999957,-1.48851687,0.80018068,0.80018068,1.60036136,3.55999851,-1.47146356,1.96000063,-1.50557017
2.76000058,-1.49838746,0.80012080,0.80012080,1.60024159,3.55999899,-1.48439312,1.96000218,-1.51238179
2.76000053,-1.50824689,0.80007331,0.80007331,1.60014662,3.55999947,-1.49733841,1.96000159,-1.51915538
2.78500122,-1.51785171,0.82503786,0.82503786,1.65007571,3.60999990,-1.50981176,1.96000254,-1.52589166
2.78500026,-1.52778726,0.82501219,0.82501219,1.65002437,3.60999846,-1.52298319,1.96000206,-1.53259134
2.78499996,-1.53771275,0.82499994,0.82499994,1.64999987,3.60999846,-1.53617024,1.96000147,-1.53925526
2.78500032,-1.54762834,0.82499998,0.82499998,1.64999997,3.60999846,-1.54937267,1.96000218,-1.54588401
2.78500021,-1.55753427,0.82501471,0.82501471,1.65002941,3.60999942,-1.56259000,1.96000099,-1.55247855
2.78500104,-1.56743050,0.82504153,0.82504153,1.65008306,3.60999990,-1.57582152,1.96000218,-1.55903947
2.78499973,-1.57731753,0.82508169,0.82508169,1.65016337,3.60999775,-1.58906722,1.96000171,-1.56556785
2.78500002,-1.58719551,0.82513790,0.82513790,1.65027581,3.60999918,-1.60232675,1.96000087,-1.57206428
2.78499973,-1.59706449,0.82520620,0.82520620,1.65041240,3.60999775,-1.61559939,1.96000171,-1.57852960
2.78499967,-1.60692507,0.82529173,0.82529173,1.65058347,3.60999918,-1.62888539,1.96000016,-1.58496475
2.78500039,-1.61677742,0.82539064,0.82539064,1.65078129,3.60999990,-1.64218438,1.96000087,-1.59137046
2.78500026,-1.62662166,0.82550286,0.82550286,1.65100571,3.60999799,-1.65549588,1.96000254,-1.59774745
2.78500081,-1.63645828,0.82563357,0.82563357,1.65126714,3.60999990,-1.66882002,1.96000171,-1.60409653
2.78500003,-1.64628768,0.82577758,0.82577758,1.65155515,3.60999823,-1.68215656,1.96000183,-1.61041880
2.78500080,-1.65611029,0.82593868,0.82593868,1.65187735,3.60999942,-1.69550538,1.96000218,-1.61671519
2.78500092,-1.66592634,0.82611570,0.82611570,1.65223139,3.60999990,-1.70886624,1.96000195,-1.62298644
2.78500068,-1.67573625,0.82630856,0.82630856,1.65261712,3.60999966,-1.72223926,1.96000171,-1.62923324
2.78499919,-1.68554074,0.82651739,0.82651739,1.65303479,3.60999775,-1.73562443,1.96000063,-1.63545704
2.78500098,-1.69534010,0.82674310,0.82674310,1.65348619,3.60999942,-1.74902177,1.96000254,-1.64165843
2.78500027,-1.70513475,0.82698615,0.82698615,1.65397231,3.60999918,-1.76243126,1.96000135,-1.64783823
2.78499979,-1.71492535,0.82724615,0.82724615,1.65449230,3.60999918,-1.77585316,1.96000040,-1.65399754
2.78499955,-1.72471237,0.82752205,0.82752205,1.65504411,3.60999823,-1.78928733,1.96000087,-1.66013741
2.78500045,-1.73449648,0.82781621,0.82781621,1.65563241,3.60999942,-1.80273402,1.96000147,-1.66625893
2.78499997,-1.74427802,0.82812744,0.82812744,1.65625488,3.60999894,-1.81619287,1.96000099,-1.67236316
2.78500009,-1.75405789,0.82845704,0.82845704,1.65691407,3.60999990,-1.82966459,1.96000028,-1.67845118
2.78499931,-1.76383644,0.82880254,0.82880254,1.65760507,3.60999823,-1.84314871,1.96000040,-1.68452418
2.78500068,-1.77361464,0.82916632,0.82916632,1.65833263,3.60999918,-1.85664630,1.96000218,-1.69058299
2.78500026,-1.78339285,0.82954831,0.82954831,1.65909662,3.60999870,-1.87015676,1.96000183,-1.69662893
2.77286333,-1.79184044,0.84215690,0.84215690,1.68431380,3.60999751,-1.88368058,1.93572915,-1.70000029
2.75999963,-1.80009585,0.85552976,0.85552976,1.71105953,3.60999870,-1.89721823,1.91000056,-1.70297348
2.75999910,-1.80976439,0.85597904,0.85597904,1.71195808,3.60999799,-1.91076934,1.91000021,-1.70875943
2.76000029,-1.81943577,0.85644655,0.85644655,1.71289310,3.60999846,-1.92433476,1.91000211,-1.71453679
2.75999982,-1.82911020,0.85693361,0.85693361,1.71386723,3.60999799,-1.93791425,1.91000164,-1.72030616
2.76000106,-1.83878922,0.85744023,0.85744023,1.71488045,3.60999990,-1.95150888,1.91000223,-1.72606957
2.76000041,-1.84847283,0.85796503,0.85796503,1.71593005,3.60999918,-1.96511793,1.91000164,-1.73182774
2.75999993,-1.85816241,0.85850956,0.85850956,1.71701911,3.60999942,-1.97874236,1.91000044,-1.73758245
2.75999999,-1.86785859,0.85907105,0.85907105,1.71814210,3.60999823,-1.99238193,1.91000175,-1.74333525
2.78500015,-1.88134098,0.88493774,0.88493774,1.76987547,3.65999937,-2.01359510,1.91000092,-1.74908686
2.78499937,-1.89116931,0.88555542,0.88555542,1.77111084,3.65999794,-2.02749944,1.91000080,-1.75483918
2.78499967,-1.90100724,0.88619270,0.88619270,1.77238539,3.65999770,-2.04142070,1.91000164,-1.76059377
2.78499973,-1.91085542,0.88685063,0.88685063,1.77370125,3.65999842,-2.05535913,1.91000104,-1.76635170
2.78500039,-1.92071474,0.88752683,0.88752683,1.77505365,3.65999866,-2.06931448,1.91000211,-1.77211499
2.78499984,-1.93058569,0.88822262,0.88822262,1.77644525,3.65999794,-2.08328724,1.91000175,-1.77788413
2.78500008,-1.94046980,0.88893927,0.88893927,1.77787853,3.65999961,-2.09727812,1.91000056,-1.78366148
2.78499967,-1.95036751,0.88967285,0.88967285,1.77934570,3.65999842,-2.11128664,1.91000092,-1.78944838
2.78500015,-1.96027982,0.89042720,0.89042720,1.78085441,3.65999985,-2.12531352,1.91000044,-1.79524612
2.78499990,-1.97020757,0.89119874,0.89119874,1.78239747,3.65999889,-2.13935828,1.91000092,-1.80105686
2.78499920,-1.98015124,0.89198969,0.89198969,1.78397938,3.65999818,-2.15342093,1.91000021,-1.80688155
2.78499890,-1.99011236,0.89279904,0.89279904,1.78559809,3.65999770,-2.16750240,1.91000009,-1.81272233
2.78499907,-2.00009143,0.89362670,0.89362670,1.78725341,3.65999770,-2.18160200,1.91000044,-1.81858087
2.78499949,-2.01008928,0.89447259,0.89447259,1.78894518,3.65999794,-2.19572043,1.91000104,-1.82445812
2.78499991,-2.02010655,0.89533688,0.89533688,1.79067376,3.65999866,-2.20985723,1.91000116,-1.83035588
2.78500021,-2.03014427,0.89621951,0.89621951,1.79243901,3.65999985,-2.22401285,1.91000056,-1.83627570
2.78500026,-2.04020298,0.89711790,0.89711790,1.79423580,3.65999913,-2.23818660,1.91000140,-1.84221935
2.78499984,-2.05028325,0.89803464,0.89803464,1.79606929,3.65999913,-2.25237846,1.91000056,-1.84818804
2.77612388,-2.05829466,0.90808716,0.90808716,1.81617432,3.65999937,-2.26658869,1.89224839,-1.85000062
2.76376426,-2.06540841,0.92175662,0.92175662,1.84351325,3.65999794,-2.28081608,1.86753058,-1.85000074
2.76000070,-2.07453645,0.92662233,0.92662233,1.85324465,3.65999937,-2.29506159,1.86000204,-1.85401130
2.76000053,-2.08459342,0.92763182,0.92763182,1.85526365,3.65999889,-2.30932379,1.86000216,-1.85986304
2.75999993,-2.09467530,0.92865845,0.92865845,1.85731690,3.65999913,-2.32360315,1.86000073,-1.86574745
2.76000064,-2.10478270,0.92969966,0.92969966,1.85939932,3.65999937,-2.33790016,1.86000192,-1.87166524
2.75999927,-2.11491573,0.93075675,0.93075675,1.86151350,3.65999770,-2.35221505,1.86000085,-1.87761641
2.76000028,-2.12507522,0.93182990,0.93182990,1.86365980,3.65999889,-2.36654878,1.86000168,-1.88360167
2.76000065,-2.13526076,0.93291871,0.93291871,1.86583741,3.65999961,-2.38090110,1.86000168,-1.88962042
2.75999952,-2.14547241,0.93402212,0.93402212,1.86804424,3.65999818,-2.39527178,1.86000085,-1.89567304
2.75688171,-2.15483165,0.93838133,0.93838133,1.87676266,3.65999889,-2.40966272,1.85376453,-1.90000057
2.74625951,-2.16203660,0.95057008,0.95057008,1.90114016,3.65999937,-2.42407274,1.83251965,-1.90000045
2.73591453,-2.16925174,0.96251224,0.96251224,1.92502447,3.65999985,-2.43850279,1.81182921,-1.90000069
2.76000035,-2.18658882,0.99073236,0.99073236,1.98146471,3.70999980,-2.46775007,1.81000090,-1.90542758
2.76000035,-2.19693464,0.99197632,0.99197632,1.98395265,3.70999980,-2.48244834,1.81000090,-1.91142094
2.75999970,-2.20730674,0.99323489,0.99323489,1.98646978,3.70999837,-2.49716544,1.81000102,-1.91744804
2.75999975,-2.21770495,0.99451050,0.99451050,1.98902101,3.70999932,-2.51190209,1.81000018,-1.92350781
2.75999958,-2.22812921,0.99579956,0.99579956,1.99159911,3.70999837,-2.52665734,1.81000078,-1.92960107
2.75999958,-2.23857856,0.99710452,0.99710452,1.99420904,3.70999837,-2.54143119,1.81000078,-1.93572593
2.76000047,-2.24905395,0.99842404,0.99842404,1.99684809,3.70999885,-2.55622435,1.81000209,-1.94188356
2.76000011,-2.25955397,0.99975835,0.99975835,1.99951669,3.70999789,-2.57103586,1.81000233,-1.94807208
2.76000077,-2.27007920,1.00110972,1.00110972,2.00221944,3.71000004,-2.58586717,1.81000149,-1.95429122
2.75999999,-2.28062904,1.00247312,1.00247312,2.00494624,3.70999813,-2.60071635,1.81000185,-1.96054173
2.76000053,-2.29120415,1.00385376,1.00385376,2.00770752,3.71000004,-2.61558557,1.81000102,-1.96682274
2.76000005,-2.30180383,1.00524663,1.00524663,2.01049325,3.70999861,-2.63047314,1.81000149,-1.97313452
2.75999993,-2.31242883,1.00665524,1.00665524,2.01331049,3.70999861,-2.64538121,1.81000125,-1.97947645
2.75999909,-2.32307916,1.00807862,1.00807862,2.01615724,3.70999813,-2.66030955,1.81000006,-1.98584878
2.76000011,-2.33375537,1.00951660,1.00951660,2.01903319,3.70999956,-2.67525911,1.81000066,-1.99225163
2.75999958,-2.34445685,1.01096802,1.01096802,2.02193604,3.70999861,-2.69022870,1.81000054,-1.99868500
2.75301397,-2.35261083,1.01988035,1.01988035,2.03976071,3.70999980,-2.70522118,1.79602814,-2.00000048
2.74425369,-2.36006332,1.03068484,1.03068484,2.06136969,3.71000004,-2.72012615,1.77850735,-2.00000048
2.73566431,-2.36753023,1.04134884,1.04134884,2.08269769,3.70999980,-2.73505950,1.76132882,-2.00000095
2.73500020,-2.37797224,1.04357172,1.04357172,2.08714344,3.70999885,-2.75002003,1.76000154,-2.00592446
2.73499960,-2.38869179,1.04510130,1.04510130,2.09020261,3.70999813,-2.76500893,1.76000106,-2.01237464
2.73500037,-2.39943957,1.04664665,1.04664665,2.09329330,3.70999908,-2.78002691,1.76000166,-2.01885223
2.73499983,-2.41021442,1.04820674,1.04820674,2.09641348,3.70999837,-2.79507184,1.76000130,-2.02535701
2.73500020,-2.42101836,1.04978154,1.04978154,2.09956307,3.70999837,-2.81014538,1.76000202,-2.03189135
2.73499983,-2.43185163,1.05137211,1.05137211,2.10274423,3.70999861,-2.82524800,1.76000106,-2.03845525
2.73500043,-2.44271504,1.05297728,1.05297728,2.10595456,3.70999980,-2.84037995,1.76000106,-2.04505014
2.72827930,-2.45083833,1.04732671,1.04732671,2.09465342,3.69655800,-2.84999943,1.76000059,-2.05167723
2.71012050,-2.45416904,1.02927500,1.02927500,2.05854999,3.66023898,-2.84999967,1.76000202,-2.05833840
2.69230163,-2.45751631,1.01154783,1.01154783,2.02309566,3.62460279,-2.85000014,1.76000047,-2.06503248
2.67481476,-2.46088147,0.99413084,0.99413084,1.98826168,3.58962774,-2.85000014,1.76000178,-2.07176280
2.65764647,-2.46426439,0.97701532,0.97701532,1.95403063,3.55529165,-2.85000014,1.76000130,-2.07852864
2.64078713,-2.46766603,0.96018801,0.96018801,1.92037602,3.52157211,-2.84999943,1.76000214,-2.08533263
2.63500088,-2.47581029,0.95540524,0.95540524,1.91081048,3.50999951,-2.85944629,1.76000226,-2.09217429
2.63499945,-2.48650169,0.95694215,0.95694215,1.91388431,3.50999832,-2.87394881,1.76000059,-2.09905457
2.62831813,-2.49424231,0.96580925,0.96580925,1.93161850,3.50999880,-2.88848424,1.74663746,-2.10000038
2.61729044,-2.50000012,0.97205928,0.97205928,1.94411856,3.50323606,-2.89999962,1.73134482,-2.10000062
2.59375929,-2.50000024,0.96437505,0.96437505,1.92875010,3.47126698,-2.89999962,1.71625161,-2.10000086
2.58500010,-2.50663269,0.96319698,0.96319698,1.92639396,3.45999837,-2.90928197,1.71000183,-2.10398340
2.58500105,-2.51729763,0.96478756,0.96478756,1.92957513,3.45999980,-2.92373610,1.71000230,-2.11085916
2.58499992,-2.52800203,0.96638795,0.96638795,1.93277590,3.45999908,-2.93822408,1.71000075,-2.11777997
2.58209658,-2.53737402,0.96478512,0.96478512,1.92957025,3.45419192,-2.94999981,1.71000123,-2.12474823
2.56687694,-2.54088199,0.94953250,0.94953250,1.89906499,3.42375183,-2.94999981,1.71000206,-2.13176417
2.55999959,-2.54832006,0.94349484,0.94349484,1.88698967,3.40999842,-2.95781302,1.71000075,-2.13882709
2.56000102,-2.55908525,0.94508548,0.94508548,1.89017097,3.40999985,-2.97222996,1.71000218,-2.14594054
2.55683678,-2.56834185,0.95020746,0.95020746,1.90041491,3.40999866,-2.98668265,1.70367491,-2.15000105
2.54838550,-2.57500028,0.95860362,0.95860362,1.91720723,3.40762711,-3.00000000,1.68914390,-2.15000057
2.52664226,-2.57500005,0.95201408,0.95201408,1.90402816,3.37852621,-2.99999952,1.67475832,-2.15000057
2.51025516,-2.57755458,0.95124398,0.95124398,1.90248796,3.35999799,-3.00510836,1.66051233,-2.15000081
2.50999957,-2.58820129,0.95316154,0.95316154,1.90632307,3.35999870,-3.01949978,1.66000044,-2.15690279
2.51000047,-2.59902358,0.95479864,0.95479864,1.90959727,3.35999894,-3.03392935,1.66000199,-2.16411781
2.51000035,-2.60989273,0.95644410,0.95644410,1.91288820,3.35999942,-3.04839802,1.66000128,-2.17138743
2.49759388,-2.61435664,0.94411136,0.94411136,1.88822271,3.33518648,-3.04999971,1.66000128,-2.17871356
2.48499995,-2.61866581,0.93152577,0.93152577,1.86305155,3.30999947,-3.05123496,1.66000044,-2.18609667
2.48500043,-2.62957454,0.93313959,0.93313959,1.86627917,3.30999899,-3.06560993,1.66000187,-2.19353914
2.48499953,-2.64053154,0.93476080,0.93476080,1.86952160,3.30999875,-3.08002448,1.66000032,-2.20103860
2.48500049,-2.65153932,0.93638665,0.93638665,1.87277330,3.30999970,-3.09447980,1.66000128,-2.20859885
2.47670657,-2.65810907,0.92858763,0.92858763,1.85717526,3.29341221,-3.09999919,1.66000092,-2.21621895
2.46344150,-2.66194999,0.91509892,0.91509892,1.83019783,3.26688290,-3.10000014,1.66000009,-2.22389984
2.46000045,-2.67112875,0.91276737,0.91276737,1.82553474,3.25999880,-3.11061358,1.66000211,-2.23164392
2.45999962,-2.68223429,0.91436160,0.91436160,1.82872320,3.25999832,-3.12502003,1.66000092,-2.23944855
2.45999998,-2.69339251,0.91595819,0.91595819,1.83191639,3.25999808,-3.13946700,1.66000187,-2.24731803
2.45180679,-2.69999981,0.91888179,0.91888179,1.83776358,3.25295854,-3.14999938,1.65065503,-2.25000024
2.43196202,-2.70000017,0.91384761,0.91384761,1.82769521,3.22733498,-3.14999938,1.63658905,-2.25000095
2.41630387,-2.70227706,0.91351320,0.91351320,1.82702639,3.20999932,-3.15455341,1.62260842,-2.25000072
2.41000009,-2.70984816,0.92237548,0.92237548,1.84475096,3.20999885,-3.16895437,1.61000133,-2.25074196
2.40999997,-2.72106445,0.92398552,0.92398552,1.84797105,3.20999956,-3.18339539,1.61000037,-2.25873351
2.41000056,-2.73233485,0.92559444,0.92559444,1.85118887,3.20999908,-3.19787478,1.61000204,-2.26679492
2.39942491,-2.73746121,0.91494881,0.91494881,1.82989763,3.18884850,-3.19999957,1.61000133,-2.27492285
2.38715821,-2.74155951,0.90229741,0.90229741,1.80459481,3.16431570,-3.19999909,1.61000073,-2.28311992
2.38499952,-2.75161695,0.90135126,0.90135126,1.80270252,3.15999794,-3.21184683,1.61000109,-2.29138708
2.38499988,-2.76300168,0.90291128,0.90291128,1.80582257,3.15999866,-3.22627878,1.61000109,-2.29972458
2.38500065,-2.77444041,0.90447019,0.90447019,1.80894038,3.15999961,-3.24074817,1.61000168,-2.30813265
2.38500040,-2.78593171,0.90602662,0.90602662,1.81205323,3.15999913,-3.25525165,1.61000168,-2.31661177
2.38500070,-2.79747676,0.90758182,0.90758182,1.81516363,3.15999985,-3.26979136,1.61000156,-2.32516217
2.38499921,-2.80907393,0.90913330,0.90913330,1.81826660,3.15999818,-3.28436327,1.61000025,-2.33378458
2.38500035,-2.82072532,0.91068226,0.91068226,1.82136452,3.15999985,-3.29896998,1.61000085,-2.34248066
2.37303639,-2.82500029,0.90051151,0.90051151,1.80102301,3.13808298,-3.29999995,1.60798979,-2.35000062
2.35428911,-2.82500017,0.89660273,0.89660273,1.79320545,3.11473131,-3.29999924,1.59384692,-2.35000110
2.34487575,-2.83077717,0.90363772,0.90363772,1.80727545,3.10999966,-3.31155419,1.57975185,-2.35000014
2.33785242,-2.83804751,0.91345593,0.91345593,1.82691185,3.10999990,-3.32609463,1.56570494,-2.35000038
2.33500015,-2.84797013,0.91835084,0.91835084,1.83670167,3.10999870,-3.34066224,1.56000161,-2.35527802
2.33088935,-2.85711836,0.91498653,0.91498653,1.82997305,3.10177708,-3.35000014,1.56000161,-2.36423659
2.31954265,-2.86163580,0.90299684,0.90299684,1.80599368,3.07908463,-3.34999967,1.56000066,-2.37327194
2.31000001,-2.86728906,0.89310185,0.89310185,1.78620369,3.05999947,-3.35219288,1.56000054,-2.38238525
2.31000012,-2.87912834,0.89454110,0.89454110,1.78908220,3.05999875,-3.36667919,1.56000149,-2.39157748
2.30999971,-2.89101720,0.89597166,0.89597166,1.79194333,3.05999923,-3.38118649,1.56000018,-2.40084791
2.31000006,-2.90295506,0.89738767,0.89738767,1.79477534,3.05999851,-3.39570951,1.56000161,-2.41020060
2.30224275,-2.90981745,0.88949469,0.88949469,1.77898939,3.04448366,-3.40000033,1.56000185,-2.41963458
2.29132300,-2.91457510,0.87776247,0.87776247,1.75552494,3.02264404,-3.39999914,1.56000197,-2.42915106
2.28499997,-2.92237317,0.87150144,0.87150144,1.74300289,3.00999951,-3.40599537,1.56000042,-2.43875098
2.28500038,-2.93441343,0.87280889,0.87280889,1.74561778,3.00999880,-3.42038941,1.56000197,-2.44843745
2.27890801,-2.94239425,0.88144527,0.88144527,1.76289055,3.00999975,-3.43478703,1.54781628,-2.45000148
2.27165133,-2.94959116,0.89148568,0.89148568,1.78297136,3.00999856,-3.44918108,1.53330410,-2.45000124
2.25441342,-2.95000017,0.88945794,0.88945794,1.77891589,2.99003291,-3.44999957,1.51879394,-2.45000076
2.23952949,-2.95195234,0.88332394,0.88332394,1.76664789,2.96905732,-3.44999886,1.51000166,-2.45390582
2.23499989,-2.96095526,0.87903935,0.87903935,1.75807870,2.95999908,-3.45803308,1.51000071,-2.46387744
2.23499983,-2.97308874,0.88021118,0.88021118,1.76042235,2.95999885,-3.47223616,1.51000082,-2.47394133
2.23500007,-2.98525905,0.88135498,0.88135498,1.76270995,2.95999932,-3.48642039,1.51000082,-2.48409772
2.23500103,-2.99746453,0.88246827,0.88246827,1.76493654,2.96000004,-3.50058150,1.51000202,-2.49434757
2.23163444,-3.00735700,0.88765140,0.88765140,1.77530280,2.95999861,-3.51471353,1.50327027,-2.50000048
2.22418362,-3.01440763,0.89779660,0.89779660,1.79559320,2.95999932,-3.52881408,1.48836792,-2.50000119
2.21671486,-3.02143848,0.90794677,0.90794677,1.81589353,2.95999861,-3.54287553,1.47343111,-2.50000143
2.20510238,-3.02554452,0.91116937,0.91116937,1.82233874,2.95020413,-3.54999948,1.46000063,-2.50108957
2.19522482,-3.03084970,0.90003900,0.90003900,1.80007799,2.93044806,-3.54999995,1.46000159,-2.51169944
2.18544042,-3.03620315,0.88895992,0.88895992,1.77791983,2.91088033,-3.54999948,1.46000051,-2.52240682
2.18499965,-3.04817724,0.88927494,0.88927494,1.77854988,2.90999818,-3.56314039,1.46000111,-2.53321409
2.18500084,-3.06048703,0.89009037,0.89009037,1.78018073,2.90999985,-3.57685637,1.46000183,-2.54411769
2.18141955,-3.07025922,0.89526374,0.89526374,1.79052747,2.90999913,-3.59051776,1.45283997,-2.55000067
2.17080122,-3.07500053,0.90197031,0.90197031,1.80394062,2.90423584,-3.59999967,1.43736660,-2.55000138
2.15359956,-3.07500064,0.90061149,0.90061149,1.80122299,2.88536239,-3.59999990,1.42183673,-2.55000138
2.13832462,-3.07634950,0.89703126,0.89703126,1.79406253,2.86664844,-3.59999967,1.41000080,-2.55269933
2.13499993,-3.08627927,0.89354372,0.89354372,1.78708745,2.85999870,-3.60857916,1.41000116,-2.56397939
2.13500029,-3.09861565,0.89411013,0.89411013,1.78822026,2.85999894,-3.62188411,1.41000164,-2.57534719
2.13500035,-3.11096549,0.89463635,0.89463635,1.78927271,2.85999990,-3.63513136,1.41000080,-2.58679962
2.13499993,-3.12332702,0.89511958,0.89511958,1.79023915,2.85999870,-3.64831829,1.41000116,-2.59833574
2.12710804,-3.12997604,0.88581421,0.88581421,1.77162841,2.84421492,-3.64999962,1.41000116,-2.60995245
2.11812145,-3.13582372,0.87510619,0.87510619,1.75021239,2.82624149,-3.64999962,1.41000140,-2.62164783
2.10999954,-3.14229202,0.86541989,0.86541989,1.73083978,2.80999875,-3.65116596,1.41000032,-2.63341808
2.11000025,-3.15466571,0.86573113,0.86573113,1.73146226,2.80999970,-3.66406846,1.41000080,-2.64526296
2.10507267,-3.16345536,0.87209959,0.87209959,1.74419918,2.80999970,-3.67690992,1.40014565,-2.65000081
2.09685480,-3.16984510,0.88250356,0.88250356,1.76500711,2.80999851,-3.68968987,1.38371110,-2.65000033
2.08860267,-3.17620492,0.89291744,0.89291744,1.78583487,2.80999804,-3.70240855,1.36720729,-2.65000129
2.08500058,-3.18595386,0.89754145,0.89754145,1.79508289,2.80999923,-3.71506405,1.36000192,-2.65684366
2.08500057,-3.19833171,0.89766732,0.89766732,1.79533465,2.80999923,-3.72765541,1.36000192,-2.66900802
2.08499986,-3.21070957,0.89775641,0.89775641,1.79551282,2.80999923,-3.74018335,1.36000049,-2.68123579
2.08318794,-3.22176302,0.89556388,0.89556388,1.79112776,2.80637574,-3.74999976,1.36000013,-2.69352627
2.07068002,-3.22500026,0.89005006,0.89005006,1.78010011,2.78940415,-3.75000000,1.35195589,-2.70000052
2.05374349,-3.22500002,0.89009045,0.89009045,1.78018090,2.77251816,-3.74999905,1.33496881,-2.70000100
2.03894859,-3.22656404,0.89285156,0.89285156,1.78570313,2.75999975,-3.75312757,1.31789744,-2.70000052
2.03500038,-3.23604929,0.89764648,0.89764648,1.79529296,2.75999951,-3.76533699,1.31000125,-2.70676160
2.03499990,-3.24841284,0.89751708,0.89751708,1.79503415,2.75999832,-3.77748203,1.31000149,-2.71934366
2.03500008,-3.26077187,0.89735605,0.89735605,1.79471210,2.75999999,-3.78956580,1.31000018,-2.73197794
2.03500092,-3.27312422,0.89715823,0.89715823,1.79431646,2.75999999,-3.80158353,1.31000185,-2.74466491
2.03500039,-3.28546786,0.89692883,0.89692883,1.79385765,2.75999999,-3.81353688,1.31000078,-2.75739884
2.03500062,-3.29780281,0.89666506,0.89666506,1.79333011,2.75999951,-3.82542467,1.31000173,-2.77018094
2.03499955,-3.31012666,0.89636954,0.89636954,1.79273909,2.75999808,-3.83724666,1.31000102,-2.78300667
2.03500021,-3.32244050,0.89604360,0.89604360,1.79208721,2.75999951,-3.84900498,1.31000090,-2.79587603
2.02157372,-3.32500052,0.89405762,0.89405762,1.78811524,2.74525523,-3.84999967,1.29789221,-2.80000138
2.00459832,-3.32500028,0.89479489,0.89479489,1.78958979,2.72919083,-3.84999895,1.28000581,-2.80000162
1.98759651,-3.32500041,0.89559449,0.89559449,1.79118898,2.71317577,-3.84999967,1.26201725,-2.80000114
1.98500067,-3.33543134,0.89442991,0.89442991,1.78885982,2.70999932,-3.85924602,1.26000202,-2.81161666
1.98499989,-3.34772646,0.89395269,0.89395269,1.78790539,2.70999837,-3.87072611,1.26000142,-2.82472682
1.98499995,-3.36000812,0.89344847,0.89344847,1.78689695,2.70999932,-3.88214421,1.26000059,-2.83787203
1.98427027,-3.37174941,0.89381465,0.89381465,1.78762931,2.70999980,-3.89349771,1.25854075,-2.85000110
1.97172857,-3.37500024,0.90047978,0.90047978,1.80095956,2.70332885,-3.90000010,1.24012828,-2.85000038
1.95462340,-3.37500036,0.90163207,0.90163207,1.80326414,2.68764210,-3.89999938,1.22160470,-2.85000134
1.94099146,-3.37751531,0.89851800,0.89851800,1.79703600,2.67198086,-3.89999890,1.21000206,-2.85503173
1.93500006,-3.38550377,0.89051635,0.89051635,1.78103270,2.65999913,-3.90260696,1.21000099,-2.86840057
1.93500047,-3.39775813,0.88985225,0.88985225,1.77970450,2.65999889,-3.91371775,1.21000206,-2.88179851
1.93500078,-3.40999448,0.88916509,0.88916509,1.77833018,2.65999961,-3.92476749,1.21000195,-2.89522147
1.92888231,-3.41787803,0.89595216,0.89595216,1.79190433,2.66000009,-3.93575549,1.19776452,-2.90000057
1.91933530,-3.42334104,0.90690061,0.90690061,1.81380121,2.65999985,-3.94668102,1.17867076,-2.90000105
1.90999966,-3.42896712,0.91754629,0.91754629,1.83509258,2.65999889,-3.95754290,1.16000044,-2.90039134
1.91000080,-3.44117069,0.91673947,0.91673947,1.83347893,2.65999985,-3.96834493,1.16000175,-2.91399646
1.91000003,-3.45335233,0.91590954,0.91590954,1.83181908,2.65999818,-3.97908330,1.16000187,-2.92762136
1.91000014,-3.46551275,0.91505981,0.91505981,1.83011963,2.65999889,-3.98976111,1.16000140,-2.94126439
1.90619648,-3.47499955,0.91816406,0.91816406,1.83632811,2.65945673,-3.99999881,1.15293622,-2.95000029
1.88875270,-3.47500062,0.92001588,0.92001588,1.84003175,2.64426899,-4.00000000,1.13323641,-2.95000124
1.87123418,-3.47500050,0.92192624,0.92192624,1.84385247,2.62907553,-4.00000000,1.11339283,-2.95000100
1.86193722,-3.48073078,0.91380865,0.91380865,1.82761730,2.61387253,-3.99999905,1.11000192,-2.96146250
1.86000007,-3.49154473,0.91050770,0.91050770,1.82101540,2.60999990,-4.00780487,1.11000025,-2.97528458
1.86000026,-3.50367308,0.90954099,0.90954099,1.81908199,2.60999990,-4.01822662,1.11000061,-2.98911953
1.85783196,-3.51429427,0.91118170,0.91118170,1.82236340,2.60999799,-4.02858829,1.10566592,-3.00000024
1.84766037,-3.51944649,0.92248901,0.92248901,1.84497803,2.60999990,-4.03889275,1.08532083,-3.00000024
1.83740998,-3.52456880,0.93384396,0.93384396,1.86768791,2.60999823,-4.04913712,1.06482172,-3.00000048
1.83499956,-3.53501880,0.93569219,0.93569219,1.87138439,2.60999870,-4.05932426,1.06000042,-3.01071334
1.83499945,-3.54707897,0.93461062,0.93461062,1.86922123,2.60999823,-4.06945229,1.06000066,-3.02470565
1.83499974,-3.55911219,0.93351448,0.93351448,1.86702897,2.60999799,-4.07952261,1.06000149,-3.03870177
1.83298308,-3.56976831,0.93483270,0.93483270,1.86966540,2.60999918,-4.08953571,1.05596697,-3.05000091
1.82247078,-3.57474566,0.94633921,0.94633921,1.89267841,2.60999894,-4.09949064,1.03494263,-3.05000067
1.81187535,-3.57969451,0.95790172,0.95790172,1.91580344,2.60999823,-4.10938835,1.01375246,-3.05000067
1.80999911,-3.59043384,0.95896969,0.95896969,1.91793938,2.60999799,-4.11922932,1.01000023,-3.06163836
1.81000006,-3.60238945,0.95777590,0.95777590,1.91555180,2.60999990,-4.12901545,1.01000023,-3.07576346
1.80999982,-3.61431432,0.95656864,0.95656864,1.91313729,2.60999870,-4.13874292,1.01000094,-3.08988571
1.80693400,-3.62420702,0.95901252,0.95901252,1.91802504,2.60999870,-4.14841318,1.00386930,-3.10000086
1.78988972,-3.62500000,0.96337651,0.96337651,1.92675302,2.59764600,-4.14999914,0.98213345,-3.10000086
1.77152002,-3.62500012,0.96635005,0.96635005,1.93270011,2.58282018,-4.14999962,0.96021986,-3.10000062
1.76397419,-3.63204658,0.95637204,0.95637204,1.91274409,2.56794691,-4.14999962,0.96000147,-3.11409354
1.76000062,-3.64139557,0.95039309,0.95039309,1.90078618,2.55999923,-4.15447378,0.96000201,-3.12831736
1.75999982,-3.65327155,0.94913572,0.94913572,1.89827144,2.55999947,-4.16401529,0.96000016,-3.14252782
1.75999924,-3.66511440,0.94786989,0.94786989,1.89573978,2.55999827,-4.17350292,0.96000022,-3.15672588
1.75999945,-3.67692387,0.94659910,0.94659910,1.89319819,2.55999851,-4.18293905,0.96000040,-3.17090869
1.76000002,-3.68869913,0.94532355,0.94532355,1.89064709,2.55999994,-4.19232273,0.96000010,-3.18507552
1.76000065,-3.70043945,0.94404060,0.94404060,1.88808120,2.55999947,-4.20165253,0.96000183,-3.19922638
1.74928987,-3.70546532,0.95537595,0.95537595,1.91075190,2.55999899,-4.21092939,0.93858075,-3.20000124
1.73786458,-3.71007800,0.96751463,0.96751463,1.93502926,2.55999947,-4.22015524,0.91572970,-3.20000076
1.73500056,-3.72000957,0.96955074,0.96955074,1.93910148,2.55999947,-4.22932816,0.91000164,-3.21069098
1.73500002,-3.73168135,0.96821173,0.96821173,1.93642347,2.55999899,-4.23844624,0.91000104,-3.22491646
1.73500019,-3.74331665,0.96687015,0.96687015,1.93374029,2.55999994,-4.24751234,0.91000044,-3.23912096
1.73228371,-3.75326324,0.96870239,0.96870239,1.93740478,2.55999827,-4.25652552,0.90456915,-3.25000095
1.72056633,-3.75774514,0.98104613,0.98104613,1.96209226,2.55999923,-4.26548910,0.88113344,-3.25000119
1.71000096,-3.76295626,0.99200439,0.99200439,1.98400878,2.55999994,-4.27439976,0.86000198,-3.25151277
1.71000013,-3.77452016,0.99061155,0.99061155,1.98122310,2.55999899,-4.28325701,0.86000127,-3.26578331
1.71000024,-3.78604626,0.98921506,0.98921506,1.97843013,2.55999827,-4.29205990,0.86000222,-3.28003263
1.71000001,-3.79753375,0.98781739,0.98781739,1.97563477,2.55999899,-4.30080795,0.86000103,-3.29425955
1.70281202,-3.80474997,0.99475587,0.99475587,1.98951175,2.55999804,-4.30949879,0.84562600,-3.30000114
1.69065976,-3.80906689,1.00742186,1.00742186,2.01484371,2.55999923,-4.31813240,0.82132030,-3.30000138
1.68500015,-3.81720555,1.01252922,1.01252922,2.02505844,2.55999947,-4.32670689,0.81000084,-3.30770421
1.68499920,-3.82861817,1.01107302,1.01107302,2.02214604,2.55999827,-4.33521986,0.81000012,-3.32201648
1.68500015,-3.83999216,1.00961188,1.00961188,2.01922376,2.55999899,-4.34367180,0.81000131,-3.33631253
1.68448380,-3.85102999,1.00874024,1.00874024,2.01748047,2.55999875,-4.35205936,0.80896884,-3.35000062
1.67194527,-3.85519207,1.02169315,1.02169315,2.04338629,2.55999875,-4.36038303,0.78389180,-3.35000110
1.65999996,-3.85973442,1.03391591,1.03391591,2.06783182,2.55999899,-4.36863899,0.76000094,-3.35082984
1.66000080,-3.87103200,1.03238776,1.03238776,2.06477552,2.55999947,-4.37682533,0.76000214,-3.36523867
1.66000107,-3.88228882,1.03085340,1.03085340,2.06170679,2.55999994,-4.38494253,0.76000220,-3.37963510
1.66000011,-3.89350295,1.02931275,1.02931275,2.05862549,2.55999994,-4.39298773,0.76000029,-3.39401817
1.66000039,-3.90467572,1.02776238,1.02776238,2.05552475,2.55999923,-4.40095949,0.76000154,-3.40839195
1.66000056,-3.91580606,1.02620479,1.02620479,2.05240958,2.55999899,-4.40885687,0.76000214,-3.42275524
1.65999928,-3.92689300,1.02463997,1.02463997,2.04927993,2.55999804,-4.41667795,0.76000053,-3.43710804
1.65865565,-3.93721079,1.02459345,1.02459345,2.04918689,2.55999804,-4.42442083,0.75731325,-3.45000076
1.64529329,-3.94104254,1.03817505,1.03817505,2.07635009,2.55999851,-4.43208408,0.73058808,-3.45000100
1.63500023,-3.94656635,1.04822132,1.04822132,2.09644265,2.55999851,-4.43966484,0.71000195,-3.45346785
1.63500085,-3.95757186,1.04657587,1.04657587,2.09315173,2.55999970,-4.44716167,0.71000201,-3.46798205
1.63500041,-3.96853220,1.04491951,1.04491951,2.08983902,2.55999899,-4.45457172,0.71000183,-3.48249269
1.63500053,-3.97944749,1.04325321,1.04325321,2.08650641,2.55999947,-4.46189356,0.71000159,-3.49700141
1.62388361,-3.98456252,1.05409305,1.05409305,2.10818610,2.55999875,-4.46912479,0.68776846,-3.50000024
1.60999954,-3.98829806,1.06799203,1.06799203,2.13598406,2.55999804,-4.47626305,0.66000104,-3.50033307
1.60999990,-3.99917483,1.06624632,1.06624632,2.13249264,2.55999851,-4.48330688,0.66000128,-3.51504278
1.61000001,-4.01000440,1.06448981,1.06448981,2.12897963,2.55999970,-4.49025345,0.66000032,-3.52975535
1.60999980,-4.02078652,1.06271849,1.06271849,2.12543698,2.55999827,-4.49709892,0.66000134,-3.54447412
1.60075194,-4.02692270,1.07126603,1.07126603,2.14253206,2.55999994,-4.50384426,0.64150393,-3.55000114
1.58572951,-4.03024232,1.08620111,1.08620111,2.17240222,2.55999923,-4.51048326,0.61145979,-3.55000138
1.58500013,-4.04062604,1.08515988,1.08515988,2.17031976,2.55999994,-4.51701593,0.61000031,-3.56423616
1.58500033,-4.05132079,1.08328968,1.08328968,2.16657936,2.55999851,-4.52343845,0.61000216,-3.57920313
1.58499977,-4.06196463,1.08140866,1.08140866,2.16281731,2.55999851,-4.52974892,0.61000103,-3.59418035
1.57535139,-4.06797314,1.09019654,1.09019654,2.18039307,2.55999875,-4.53594542,0.59070402,-3.60000086
1.55999988,-4.07133400,1.10523550,1.10523550,2.21047100,2.55999804,-4.54202414,0.56000173,-3.60064387
1.56000075,-4.08194101,1.10326540,1.10326540,2.20653080,2.55999970,-4.54798460,0.56000179,-3.61589742
1.55999932,-4.09249497,1.10128052,1.10128052,2.20256105,2.55999804,-4.55382061,0.56000060,-3.63116932
1.55999961,-4.10299826,1.09928221,1.09928221,2.19856441,2.55999804,-4.55953360,0.56000119,-3.64646292
1.54696282,-4.10755849,1.11157723,1.11157723,2.22315446,2.56000018,-4.56511641,0.53392547,-3.65000057
1.53500005,-4.11267400,1.12262574,1.12262574,2.24525148,2.55999923,-4.57056618,0.51000088,-3.65478182
1.53499943,-4.12313866,1.12053582,1.12053582,2.24107164,2.55999875,-4.57588243,0.51000011,-3.67039490
1.53499973,-4.13355016,1.11843273,1.11843273,2.23686546,2.55999851,-4.58106470,0.51000094,-3.68603563
1.53302693,-4.14305520,1.11846674,1.11846674,2.23693348,2.55999851,-4.58610964,0.50605536,-3.70000076
1.51458782,-4.14550806,1.13638183,1.13638183,2.27276367,2.55999994,-4.59101582,0.46917570,-3.70000029
1.51000062,-4.15393091,1.13917973,1.13917973,2.27835946,2.56000018,-4.59578085,0.46000105,-3.71208096
1.53499997,-4.17463743,1.16405028,1.16405028,2.32810056,2.60999823,-4.62117052,0.46000171,-3.72810435
1.53500039,-4.18476546,1.16178957,1.16178957,2.32357914,2.60999870,-4.62537146,0.46000209,-3.74415946
1.52232831,-4.18971180,1.17318838,1.17318838,2.34637676,2.60999799,-4.62942266,0.43465862,-3.75000095
1.51000087,-4.19487953,1.18415906,1.18415906,2.36831813,2.60999966,-4.63332605,0.41000208,-3.75643301
1.51000037,-4.20497310,1.18182744,1.18182744,2.36365489,2.60999942,-4.63708210,0.41000131,-3.77286410
1.50999982,-4.21500791,1.17949345,1.17949345,2.35898690,2.60999894,-4.64069176,0.41000071,-3.78932405
1.50236828,-4.22207558,1.18532343,1.18532343,2.37064686,2.60999846,-4.64415026,0.39473811,-3.80000091
1.48499983,-4.22552347,1.20152341,1.20152341,2.40304682,2.60999870,-4.64746666,0.36000097,-3.80358028
1.48500000,-4.23553276,1.19914073,1.19914073,2.39828145,2.60999870,-4.65064287,0.36000130,-3.82042265
1.48500003,-4.24548352,1.19676386,1.19676386,2.39352771,2.60999775,-4.65367937,0.36000231,-3.83728766
1.47915015,-4.25329042,1.20060789,1.20060789,2.40121579,2.60999799,-4.65657997,0.34830230,-3.85000086
1.46000068,-4.25645292,1.21853144,1.21853144,2.43706288,2.60999942,-4.65934467,0.31000194,-3.85356116
1.45999985,-4.26638806,1.21613530,1.21613530,2.43227060,2.60999799,-4.66197538,0.31000170,-3.87080073
1.45999977,-4.27626682,1.21375609,1.21375609,2.42751218,2.60999918,-4.66447449,0.31000036,-3.88805914
1.45194391,-4.28342175,1.21987914,1.21987914,2.43975829,2.60999990,-4.66684246,0.29388791,-3.90000105
1.43499950,-4.28774095,1.23533074,1.23533074,2.47066149,2.60999823,-4.66908073,0.26000077,-3.90640116
1.43500015,-4.29761481,1.23295663,1.23295663,2.46591326,2.60999918,-4.67119122,0.26000112,-3.92403841
1.43500037,-4.30743373,1.23060421,1.23060421,2.46120842,2.60999846,-4.67317438,0.26000229,-3.94169307
1.41962346,-4.31251479,1.24435054,1.24435054,2.48870108,2.60999799,-4.67502928,0.22924894,-3.95000029
1.41000104,-4.31946242,1.25206189,1.25206189,2.50412377,2.60999990,-4.67676020,0.21000218,-3.96216464
1.41000000,-4.32928669,1.24974238,1.24974238,2.49948475,2.60999966,-4.67836666,0.21000034,-3.98020673
1.40999939,-4.33905828,1.24745240,1.24745240,2.49490480,2.60999846,-4.67985106,0.21000032,-3.99826550
1.38051050,-4.34060741,1.27579580,1.27579580,2.55159159,2.60999894,-4.68121433,0.15102205,-4.00000048
1.36000021,-4.34494209,1.29476442,1.29476442,2.58952885,2.60999966,-4.68245697,0.11000076,-4.00742722
1.35999966,-4.35490822,1.29248653,1.29248653,2.58497306,2.60999870,-4.68357801,0.11000062,-4.02623844
1.36000093,-4.36482525,1.29024774,1.29024774,2.58049549,2.60999942,-4.68457985,0.11000243,-4.04507065
1.33500071,-4.36847711,1.31381226,1.31381226,2.62762452,2.60999990,-4.68546247,0.06000152,-4.05149174
1.33499971,-4.37847566,1.31161383,1.31161383,2.62322765,2.60999823,-4.68622494,0.06000120,-4.07072639
1.33500056,-4.38842726,1.30946170,1.30946170,2.61892340,2.60999942,-4.68686962,0.06000170,-4.08998489
1.31456166,-4.39369750,1.32831173,1.32831173,2.65662345,2.60999751,-4.68739462,0.01912581,-4.10000038
1.26985381,-4.39390159,1.37199470,1.37199470,2.74398940,2.60999990,-4.68780279,-0.07029228,-4.10000038
1.26000059,-4.40211130,1.37995726,1.37995726,2.75991452,2.60999966,-4.68809128,-0.08999848,-4.11613131
1.26000026,-4.41243934,1.37788823,1.37788823,2.75577647,2.60999966,-4.68826103,-0.08999914,-4.13661766
1.24185538,-4.41915631,1.39436642,1.39436642,2.78873283,2.60999751,-4.68831205,-0.12628675,-4.15000057
1.18676230,-4.41912269,1.44845707,1.44845707,2.89691414,2.60999846,-4.68824482,-0.23647386,-4.15000057
1.18499893,-4.42957043,1.44825323,1.44825323,2.89650645,2.60999775,-4.68805790,-0.23999989,-4.17108297
1.18500051,-4.44031572,1.44632195,1.44632195,2.89264389,2.60999966,-4.68775177,-0.23999864,-4.19287968
1.18500064,-4.45102644,1.44445794,1.44445794,2.88891588,2.60999918,-4.68732691,-0.23999789,-4.21472597
1.18499987,-4.46170116,1.44266478,1.44266478,2.88532955,2.60999823,-4.68678188,-0.23999849,-4.23662043
1.20999994,-4.47609258,1.41566529,1.41566529,2.83133057,2.60999918,-4.68611717,-0.18999930,-4.26606798
1.21000003,-4.48649978,1.41404677,1.41404677,2.82809355,2.60999799,-4.68533134,-0.18999793,-4.28766823
1.21000001,-4.49687171,1.41250617,1.41250617,2.82501234,2.60999918,-4.68442440,-0.18999915,-4.30931902
1.20999996,-4.50720978,1.41104122,1.41104122,2.82208245,2.60999846,-4.68339586,-0.18999854,-4.33102369
1.21000002,-4.51751423,1.40965697,1.40965697,2.81931394,2.60999870,-4.68224573,-0.18999866,-4.35278273
1.20999933,-4.52778578,1.40835457,1.40835457,2.81670914,2.60999799,-4.68097305,-0.18999933,-4.37459850
1.21000010,-4.53802538,1.40713628,1.40713628,2.81427257,2.60999846,-4.67957783,-0.18999827,-4.39647293
1.21000031,-4.54823399,1.40600457,1.40600457,2.81200914,2.60999823,-4.67805958,-0.18999760,-4.41840839
1.20999895,-4.55841183,1.40496340,1.40496340,2.80992681,2.60999775,-4.67641830,-0.18999985,-4.44040537
1.23500059,-4.57045507,1.37894164,1.37894164,2.75788329,2.60999966,-4.67465496,-0.13999848,-4.46625519
1.23500055,-4.58036065,1.37810061,1.37810061,2.75620122,2.60999942,-4.67276955,-0.13999832,-4.48795176
1.23500040,-4.59023810,1.37735482,1.37735482,2.75470963,2.60999918,-4.67076540,-0.13999838,-4.50971079
1.23500038,-4.60008740,1.37670649,1.37670649,2.75341298,2.60999894,-4.66864204,-0.13999817,-4.53153276
1.23499972,-4.60990953,1.37615849,1.37615849,2.75231697,2.60999823,-4.66640091,-0.13999879,-4.55341816
1.23499967,-4.61970520,1.37571414,1.37571414,2.75142829,2.60999918,-4.66404200,-0.13999984,-4.57536840
1.23500013,-4.62947631,1.37537229,1.37537229,2.75074457,2.60999799,-4.66156721,-0.13999772,-4.59738541
1.23499920,-4.63922357,1.37514043,1.37514043,2.75028086,2.60999775,-4.65897703,-0.13999934,-4.61947012
1.23500001,-4.64894891,1.37501819,1.37501819,2.75003639,2.60999870,-4.65627337,-0.13999867,-4.64162445
1.23499887,-4.65865278,1.37500847,1.37500847,2.75001693,2.60999751,-4.65345573,-0.13999978,-4.66384983
1.23500036,-4.66833710,1.37511465,1.37511465,2.75022929,2.60999966,-4.65052652,-0.13999894,-4.68614769
1.23500071,-4.67800307,1.37533685,1.37533685,2.75067370,2.60999894,-4.64748573,-0.13999753,-4.70852041
1.23499968,-4.68765307,1.37568117,1.37568117,2.75136235,2.60999870,-4.64433575,-0.13999934,-4.73097038
1.23500005,-4.69728756,1.37614623,1.37614623,2.75229247,2.60999775,-4.64107561,-0.13999765,-4.75349951
1.23500054,-4.70690871,1.37673947,1.37673947,2.75347893,2.60999966,-4.63770628,-0.13999858,-4.77611113
1.23500050,-4.71651864,1.37745848,1.37745848,2.75491697,2.60999894,-4.63423157,-0.13999794,-4.79880571
1.23499990,-4.72611832,1.37830928,1.37830928,2.75661856,2.60999894,-4.63065052,-0.13999915,-4.82158613
1.23500026,-4.73571086,1.37929187,1.37929187,2.75858373,2.60999870,-4.62696648,-0.13999818,-4.84445524
1.23500024,-4.74529815,1.38041135,1.38041135,2.76082270,2.60999942,-4.62318039,-0.13999894,-4.86741590
1.23500054,-4.75488138,1.38166748,1.38166748,2.76333496,2.60999894,-4.61929226,-0.13999787,-4.89047050
1.23500087,-4.76446319,1.38306514,1.38306514,2.76613029,2.60999942,-4.61530495,-0.13999768,-4.91362143
1.23500009,-4.77404523,1.38460575,1.38460575,2.76921151,2.60999846,-4.61121845,-0.13999829,-4.93687201
1.25999914,-4.78041935,1.36108766,1.36108766,2.72217532,2.60999823,-4.60703516,-0.08999995,-4.95380354
1.25999932,-4.78975677,1.36288939,1.36288939,2.72577877,2.60999846,-4.60275459,-0.08999981,-4.97675896
1.25454708,-4.79991054,1.35932502,1.35932502,2.71865003,2.59909177,-4.60000038,-0.08999761,-4.99982071
1.24084186,-4.81149625,1.34754022,1.34754022,2.69508045,2.57168150,-4.60000038,-0.08999778,-5.02299213
1.23499996,-4.82204461,1.34383908,1.34383908,2.68767816,2.55999947,-4.59781313,-0.08999956,-5.04627609
1.23499915,-4.83168029,1.34620354,1.34620354,2.69240707,2.55999804,-4.59368467,-0.08999973,-5.06967592
1.23499967,-4.84133387,1.34872447,1.34872447,2.69744894,2.55999899,-4.58947182,-0.08999965,-5.09319592
1.23499904,-4.85100818,1.35140255,1.35140255,2.70280510,2.55999804,-4.58517647,-0.08999996,-5.11683989
1.23499989,-4.86070681,1.35424181,1.35424181,2.70848362,2.55999947,-4.58080149,-0.08999969,-5.14061213
1.23499938,-4.87043285,1.35724239,1.35724239,2.71448477,2.55999804,-4.57634878,-0.08999928,-5.16451693
1.23500034,-4.88018918,1.36041019,1.36041019,2.72082038,2.55999970,-4.57181835,-0.08999903,-5.18856001
1.23499993,-4.88997841,1.36374518,1.36374518,2.72749037,2.55999923,-4.56721258,-0.08999937,-5.21274424
1.23499975,-4.89980531,1.36725090,1.36725090,2.73450179,2.55999923,-4.56253481,-0.08999973,-5.23707581
1.23500056,-4.90967131,1.37092888,1.37092888,2.74185776,2.55999970,-4.55778599,-0.08999858,-5.26155663
1.23499978,-4.91958236,1.37478274,1.37478274,2.74956548,2.55999899,-4.55296993,-0.08999943,-5.28619480
1.23499983,-4.92953968,1.37881474,1.37881474,2.75762948,2.55999947,-4.54808712,-0.08999980,-5.31099224
1.23500070,-4.93954826,1.38302608,1.38302608,2.76605217,2.55999970,-4.54314089,-0.08999830,-5.33595562
1.23499939,-4.94961166,1.38742062,1.38742062,2.77484124,2.55999804,-4.53813314,-0.08999925,-5.36109018
1.23500041,-4.95973301,1.39200069,1.39200069,2.78400139,2.55999875,-4.53306532,-0.08999794,-5.38640070
1.23500064,-4.96991682,1.39677000,1.39677000,2.79354000,2.55999994,-4.52794027,-0.08999867,-5.41189337
1.23500011,-4.98016739,1.40172850,1.40172850,2.80345700,2.55999851,-4.52275944,-0.08999829,-5.43757534
1.23500057,-4.99048734,1.40688117,1.40688117,2.81376235,2.55999923,-4.51752520,-0.08999809,-5.46344948
1.23500021,-5.00088143,1.41222887,1.41222887,2.82445774,2.55999827,-4.51223993,-0.08999785,-5.48952293
1.23500014,-5.01135373,1.41777583,1.41777583,2.83555167,2.55999875,-4.50690651,-0.08999847,-5.51580095
1.23499995,-5.02190924,1.42352417,1.42352417,2.84704834,2.55999947,-4.50152731,-0.08999956,-5.54229116
1.23499932,-5.03255033,1.42947389,1.42947389,2.85894778,2.55999827,-4.49610519,-0.08999962,-5.56899548
1.23500015,-5.04328180,1.43562979,1.43562979,2.87125958,2.55999851,-4.49064064,-0.08999820,-5.59592295
1.26000056,-5.04337025,1.41478769,1.41478769,2.82957538,2.55999947,-4.48513460,-0.03999835,-5.60160589
1.25999969,-5.05398273,1.42123892,1.42123892,2.84247783,2.55999804,-4.47959232,-0.03999866,-5.62837315
1.26000018,-5.06469321,1.42790169,1.42790169,2.85580338,2.55999994,-4.47401237,-0.03999958,-5.65537405
1.26000028,-5.07550668,1.43477545,1.43477545,2.86955090,2.56000018,-4.46839809,-0.03999962,-5.68261528
1.25999965,-5.08642697,1.44186279,1.44186279,2.88372559,2.55999899,-4.46275234,-0.03999968,-5.71010160
1.26000002,-5.09745693,1.44916741,1.44916741,2.89833482,2.55999875,-4.45707464,-0.03999872,-5.73783922
1.26000013,-5.10860038,1.45669308,1.45669308,2.91338616,2.55999994,-4.45136738,-0.03999968,-5.76583338
1.26000003,-5.11986112,1.46443835,1.46443835,2.92887670,2.55999875,-4.44563341,-0.03999869,-5.79408884
1.25999970,-5.13124371,1.47240982,1.47240982,2.94481965,2.55999875,-4.43987322,-0.03999936,-5.82261419
1.25999996,-5.14274907,1.48060781,1.48060781,2.96121563,2.55999970,-4.43408823,-0.03999977,-5.85140991
1.26000012,-5.15438437,1.48903330,1.48903330,2.97806660,2.55999827,-4.42828178,-0.03999803,-5.88048697
1.26000005,-5.16615128,1.49769279,1.49769279,2.99538557,2.55999923,-4.42245388,-0.03999912,-5.90984869
1.25999972,-5.17805624,1.50658568,1.50658568,3.01317136,2.55999875,-4.41660833,-0.03999932,-5.93950415
1.26000001,-5.19010210,1.51571534,1.51571534,3.03143069,2.55999923,-4.41074657,-0.03999920,-5.96945763
1.26000017,-5.20229458,1.52508420,1.52508420,3.05016840,2.55999947,-4.40487146,-0.03999913,-5.99971771
1.26000074,-5.21463704,1.53469350,1.53469350,3.06938699,2.55999970,-4.39898586,-0.03999821,-6.03028822
1.25999993,-5.22713709,1.54454713,1.54454713,3.08909427,2.55999827,-4.39309263,-0.03999841,-6.06118155
1.25999994,-5.23979688,1.55464732,1.55464732,3.10929464,2.55999875,-4.38719416,-0.03999886,-6.09239960
1.25999965,-5.25262284,1.56499631,1.56499631,3.12999263,2.55999899,-4.38129330,-0.03999969,-6.12395239
1.26000017,-5.26561952,1.57559575,1.57559575,3.15119150,2.55999994,-4.37539339,-0.03999961,-6.15584564
1.26000001,-5.27879333,1.58644659,1.58644659,3.17289318,2.55999851,-4.36949873,-0.03999849,-6.18808794
1.25999994,-5.29214716,1.59755353,1.59755353,3.19510707,2.55999827,-4.36360979,-0.03999838,-6.22068453
1.26000086,-5.30568790,1.60891978,1.60891978,3.21783956,2.55999994,-4.35772943,-0.03999821,-6.25364637
1.26000082,-5.31942320,1.62054440,1.62054440,3.24108881,2.55999994,-4.35186625,-0.03999830,-6.28698015
1.27362608,-5.32300997,1.61532218,1.61532218,3.23064436,2.55999994,-4.34602070,-0.01274778,-6.29999924
1.28500017,-5.32812738,1.61295654,1.61295654,3.22591307,2.55999994,-4.34019804,0.01000041,-6.31605673
1.28500051,-5.34209156,1.62513427,1.62513427,3.25026853,2.55999947,-4.33440161,0.01000155,-6.34978151
1.28499984,-5.35627031,1.63757570,1.63757570,3.27515140,2.55999875,-4.32863617,0.01000092,-6.38390446
1.28500066,-5.37066865,1.65028322,1.65028322,3.30056644,2.55999994,-4.32290363,0.01000138,-6.41843367
1.28499961,-5.38529468,1.66325570,1.66325570,3.32651140,2.55999851,-4.31721354,0.01000071,-6.45337582
1.28500037,-5.40015245,1.67649892,1.67649892,3.35299784,2.55999947,-4.31156349,0.01000126,-6.48874140
1.28499969,-5.41525030,1.69001226,1.69001226,3.38002453,2.55999899,-4.30596304,0.01000038,-6.52453756
1.28500075,-5.43059301,1.70379760,1.70379760,3.40759520,2.55999994,-4.30041456,0.01000157,-6.56077147
1.28500087,-5.44618869,1.71785660,1.71785660,3.43571321,2.55999994,-4.29492474,0.01000180,-6.59745264
1.28500035,-5.46204352,1.73219114,1.73219114,3.46438227,2.55999947,-4.28949785,0.01000122,-6.63458920
1.29684769,-5.46706867,1.73057127,1.73057127,3.46114254,2.55999947,-4.28413820,0.03369590,-6.64999914
1.31659908,-5.46442556,1.71803096,1.71803096,3.43606191,2.55999947,-4.27885151,0.07319869,-6.64999962
1.36165487,-5.43682026,1.67003426,1.67003426,3.34006852,2.55999994,-4.27364206,0.16330981,-6.59999847
1.38006673,-5.43425727,1.65867314,1.65867314,3.31734629,2.56000018,-4.26851559,0.20013329,-6.59999895
1.39807164,-5.43174004,1.64769658,1.64769658,3.29539317,2.55999851,-4.26348066,0.23614478,-6.59999943
1.41568575,-5.42926979,1.63708992,1.63708992,3.27417983,2.55999970,-4.25853968,0.27137181,-6.59999990
1.43292596,-5.42684865,1.62682996,1.62682996,3.25365991,2.55999970,-4.25369883,0.30585223,-6.59999847
1.44980408,-5.42448187,1.61690315,1.61690315,3.23380629,2.56000018,-4.24896479,0.33960798,-6.59999895
1.46633532,-5.42217207,1.60728887,1.60728887,3.21457773,2.55999899,-4.24434471,0.37267166,-6.59999943
1.48253253,-5.41992020,1.59797366,1.59797366,3.19594732,2.55999899,-4.23984146,0.40506607,-6.59999895
1.49840823,-5.41773129,1.58894046,1.58894046,3.17788091,2.55999899,-4.23546362,0.43681747,-6.59999895
1.51397205,-5.41560864,1.58017579,1.58017579,3.16035158,2.55999923,-4.23121738,0.46794486,-6.59999990
1.52923873,-5.41355443,1.57166131,1.57166131,3.14332262,2.55999994,-4.22710991,0.49847752,-6.59999895
1.54421506,-5.41157341,1.56338519,1.56338519,3.12677037,2.55999947,-4.22314787,0.52843064,-6.59999895
1.55891284,-5.40966893,1.55533328,1.55533328,3.11066656,2.55999970,-4.21933842,0.55782598,-6.59999943
1.57334003,-5.40784502,1.54749140,1.54749140,3.09498280,2.55999923,-4.21569014,0.58668083,-6.59999990
1.58750773,-5.40610456,1.53984619,1.53984619,3.07969237,2.55999947,-4.21220922,0.61501598,-6.59999990
1.60142246,-5.40445041,1.53238533,1.53238533,3.06477066,2.55999875,-4.20890188,0.64284617,-6.59999895
1.61509243,-5.40289020,1.52509651,1.52509651,3.05019302,2.55999923,-4.20578098,0.67018563,-6.59999943
1.64795482,-5.37642574,1.48630487,1.48630487,2.97260974,2.55999994,-4.20285177,0.73590970,-6.54999971
1.66086259,-5.37506223,1.47950086,1.47950086,2.95900173,2.55999875,-4.20012522,0.76172644,-6.54999924
1.67355573,-5.37380171,1.47282818,1.47282818,2.94565635,2.55999994,-4.19760466,0.78711152,-6.54999876
1.68604025,-5.37265134,1.46627092,1.46627092,2.93254184,2.55999875,-4.19530392,0.81208175,-6.54999876
1.69832361,-5.37161302,1.45982169,1.45982169,2.91964338,2.55999947,-4.19322681,0.83664775,-6.54999924
1.71041000,-5.37069344,1.45346659,1.45346659,2.90693318,2.55999923,-4.19138718,0.86082077,-6.54999971
1.72230720,-5.36989498,1.44719482,1.44719482,2.89438965,2.55999923,-4.18979120,0.88461518,-6.54999876
1.73401797,-5.36922503,1.44099740,1.44099740,2.88199480,2.55999899,-4.18845034,0.90803695,-6.54999971
1.74555054,-5.36868572,1.43486203,1.43486203,2.86972407,2.55999970,-4.18737221,0.93110138,-6.54999924
1.75690639,-5.36828518,1.42877800,1.42877800,2.85755601,2.55999875,-4.18657064,0.95381403,-6.54999971
1.76809305,-5.36802435,1.42273695,1.42273695,2.84547389,2.55999947,-4.18604946,0.97618663,-6.54999924
1.79562777,-5.34291053,1.38676514,1.38676514,2.77353027,2.55999994,-4.18582249,1.03125560,-6.49999857
1.80625606,-5.34295130,1.38090098,1.38090098,2.76180196,2.55999947,-4.18590403,1.05251265,-6.49999857
1.81673158,-5.34315014,1.37504407,1.37504407,2.75008815,2.55999923,-4.18630123,1.07346392,-6.49999905
1.82705867,-5.34351325,1.36918337,1.36918337,2.73836675,2.55999899,-4.18702650,1.09411836,-6.50000000
1.83724082,-5.34404540,1.36330941,1.36330941,2.72661882,2.55999970,-4.18809032,1.11448193,-6.50000048
1.84728152,-5.34475231,1.35741081,1.35741081,2.71482162,2.55999947,-4.18950462,1.13456357,-6.50000000
1.85718441,-5.34563827,1.35147945,1.35147945,2.70295890,2.55999947,-4.19127798,1.15436935,-6.49999857
1.86695206,-5.34671068,1.34550782,1.34550782,2.69101563,2.55999970,-4.19342136,1.17390442,-6.50000000
1.87658780,-5.34797335,1.33948365,1.33948365,2.67896730,2.55999994,-4.19594717,1.19317567,-6.49999952
1.88609427,-5.34943318,1.33339857,1.33339857,2.66679715,2.55999994,-4.19886684,1.21218860,-6.49999952
1.89547295,-5.35109520,1.32724376,1.32724376,2.65448752,2.55999899,-4.20219088,1.23094690,-6.49999952
1.90472931,-5.35296393,1.32101067,1.32101067,2.64202133,2.55999994,-4.20592880,1.24945867,-6.49999905
1.91386259,-5.35504890,1.31468863,1.31468863,2.62937727,2.55999970,-4.21009779,1.26772547,-6.50000000
1.92287761,-5.35735297,1.30826904,1.30826904,2.61653808,2.55999970,-4.21470547,1.28575552,-6.50000048
1.93177515,-5.35988212,1.30174195,1.30174195,2.60348390,2.55999923,-4.21976519,1.30355108,-6.49999905
1.94055802,-5.36264348,1.29510126,1.29510126,2.59020251,2.55999923,-4.22528696,1.32111681,-6.50000000
1.94922758,-5.36564064,1.28833737,1.28833737,2.57667473,2.55999923,-4.23128128,1.33845592,-6.50000000
1.95778650,-5.36888027,1.28144160,1.28144160,2.56288321,2.55999970,-4.23776054,1.35557330,-6.50000000
1.96623570,-5.37236762,1.27440433,1.27440433,2.54880867,2.55999899,-4.24473667,1.37247241,-6.49999857
1.97457629,-5.37610745,1.26722293,1.26722293,2.53444585,2.55999970,-4.25221539,1.38915288,-6.49999952
1.98280985,-5.38010860,1.25988151,1.25988151,2.51976302,2.55999947,-4.26021862,1.40562022,-6.49999857
1.99093723,-5.38437534,1.25237804,1.25237804,2.50475608,2.55999994,-4.26875067,1.42187452,-6.50000000
1.99896145,-5.38891030,1.24470109,1.24470109,2.48940219,2.55999947,-4.27782202,1.43792343,-6.49999857
2.00688285,-5.39371896,1.23684933,1.23684933,2.47369866,2.55999994,-4.28743792,1.45376575,-6.50000000
2.01470334,-5.39880538,1.22881097,1.22881097,2.45762195,2.55999947,-4.29761124,1.46940720,-6.49999952
2.02242345,-5.40417242,1.22058346,1.22058346,2.44116692,2.55999947,-4.30834579,1.48484743,-6.49999905
2.04219729,-5.38482690,1.18436151,1.18436151,2.36872301,2.55999923,-4.31965399,1.52439535,-6.44999981
2.04961372,-5.39076782,1.17578251,1.17578251,2.35156502,2.55999994,-4.33153677,1.53922749,-6.44999886
2.05693614,-5.39700151,1.16699480,1.16699480,2.33398959,2.56000018,-4.34400415,1.55387211,-6.44999886
2.06416505,-5.40353155,1.15799195,1.15799195,2.31598389,2.55999923,-4.35706425,1.56833088,-6.44999886
2.07130247,-5.41035890,1.14877204,1.14877204,2.29754408,2.55999970,-4.37071848,1.58260524,-6.44999933
2.07834744,-5.41748762,1.13932856,1.13932856,2.27865711,2.55999994,-4.38497591,1.59669495,-6.44999933
2.08530021,-5.42492175,1.12965697,1.12965697,2.25931394,2.55999994,-4.39984369,1.61060047,-6.44999981
2.09216178,-5.43265795,1.11975563,1.11975563,2.23951126,2.55999947,-4.41531801,1.62432408,-6.44999790
2.09893316,-5.44069719,1.10962759,1.10962759,2.21925518,2.55999994,-4.43139505,1.63786638,-6.44999933
2.10561443,-5.44903756,1.09926752,1.09926752,2.19853504,2.55999923,-4.44807625,1.65122962,-6.44999886
2.11220759,-5.45767522,1.08868036,1.08868036,2.17736072,2.55999970,-4.46535110,1.66441548,-6.44999933
2.11871201,-5.46660829,1.07786385,1.07786385,2.15572771,2.55999923,-4.48321819,1.67742479,-6.44999838
2.12512845,-5.47583390,1.06682237,1.06682237,2.13364474,2.55999923,-4.50166893,1.69025767,-6.44999886
2.13145774,-5.48534584,1.05555889,1.05555889,2.11111777,2.55999970,-4.52069235,1.70291579,-6.44999933
2.13770086,-5.49513984,1.04407474,1.04407474,2.08814948,2.55999970,-4.54028082,1.71540201,-6.44999886
2.14385819,-5.50520850,1.03237662,1.03237662,2.06475324,2.55999947,-4.56041861,1.72771692,-6.44999838
2.14993161,-5.51554322,1.02047247,1.02047247,2.04094494,2.55999970,-4.58108711,1.73986351,-6.44999933
2.15641797,-5.52500081,1.00960456,1.00960456,2.01920913,2.56098962,-4.60000181,1.75184631,-6.44999981
2.16705149,-5.52500010,1.00913198,1.00913198,2.01826395,2.57044291,-4.60000134,1.76366007,-6.44999886
2.17768383,-5.52499914,1.00872305,1.00872305,2.01744610,2.58005118,-4.60000038,1.77531648,-6.44999790
2.18831402,-5.52500033,1.00837638,1.00837638,2.01675277,2.58981204,-4.60000181,1.78681600,-6.44999886
2.19894606,-5.52499986,1.00809080,1.00809080,2.01618160,2.59972739,-4.60000181,1.79816473,-6.44999790
2.20957935,-5.52499985,1.00786758,1.00786758,2.01573515,2.60979557,-4.60000038,1.80936313,-6.44999933
2.21520811,-5.53658533,0.99507924,0.99507924,1.99015848,2.60999942,-4.62317276,1.82041681,-6.44999790
2.22066265,-5.54859829,0.98188948,0.98188948,1.96377896,2.60999942,-4.64719725,1.83132589,-6.44999933
2.22604811,-5.56078744,0.96856321,0.96856321,1.93712643,2.60999942,-4.67157650,1.84209681,-6.44999838
2.23136407,-5.57313991,0.95511588,0.95511588,1.91023176,2.60999942,-4.69628096,1.85272872,-6.44999886
2.24121082,-5.57500005,0.95315060,0.95315060,1.90630120,2.61919427,-4.70000029,1.86322737,-6.44999981
2.25186085,-5.57500004,0.95326050,0.95326050,1.90652100,2.63012576,-4.70000219,1.87359595,-6.44999790
2.26251281,-5.57500100,0.95342527,0.95342527,1.90685053,2.64119053,-4.70000219,1.88383508,-6.44999981
2.27316772,-5.57500076,0.95364136,0.95364136,1.90728273,2.65238976,-4.70000219,1.89394569,-6.44999933
2.28196633,-5.57928634,0.94923703,0.94923703,1.89847406,2.65999937,-4.70857286,1.90393329,-6.44999981
2.28690099,-5.59244586,0.93520018,0.93520018,1.87040036,2.65999913,-4.73489285,1.91380286,-6.44999886
2.29177785,-5.60568905,0.92111083,0.92111083,1.84222165,2.65999913,-4.76137972,1.92355657,-6.44999838
2.29659790,-5.61899948,0.90698366,0.90698366,1.81396731,2.65999985,-4.78800106,1.93319595,-6.44999790
2.30459410,-5.62500024,0.90087402,0.90087402,1.80174805,2.66646385,-4.80000067,1.94272435,-6.44999981
2.31521678,-5.62499928,0.90135624,0.90135624,1.80271248,2.67828751,-4.80000067,1.95214605,-6.44999790
2.32584322,-5.62500000,0.90188603,0.90188603,1.80377207,2.69022560,-4.80000067,1.96146083,-6.44999933
2.33647442,-5.62500000,0.90245963,0.90245963,1.80491926,2.70227528,-4.80000114,1.97067356,-6.44999886
2.34489316,-5.62998509,0.89762220,0.89762220,1.79524439,2.71000004,-4.80997133,1.97978628,-6.44999886
2.34940004,-5.64368796,0.88327278,0.88327278,1.76654556,2.70999956,-4.83737612,1.98880053,-6.44999981
2.35717804,-5.65000081,0.87704463,0.87704463,1.75408926,2.71663547,-4.85000229,1.99772060,-6.44999933
2.36778664,-5.65000010,0.87777578,0.87777578,1.75555157,2.72902489,-4.85000181,2.00654840,-6.44999838
2.37840199,-5.65000010,0.87855115,0.87855115,1.75710231,2.74151921,-4.85000134,2.01528478,-6.44999886
2.38902724,-5.65000034,0.87937007,0.87937007,1.75874014,2.75412083,-4.85000134,2.02393365,-6.44999933
2.39624822,-5.65743900,0.87204720,0.87204720,1.74409440,2.75999975,-4.86487913,2.03249669,-6.44999886
2.40048778,-5.67127443,0.85770649,0.85770649,1.71541299,2.75999951,-4.89254999,2.04097605,-6.44999886
2.40935671,-5.67500043,0.85452275,0.85452275,1.70904550,2.76933908,-4.90000248,2.04937434,-6.44999838
2.41995681,-5.67500043,0.85548698,0.85548698,1.71097396,2.78222108,-4.90000200,2.05769253,-6.44999886
2.43056953,-5.67499971,0.85649414,0.85649414,1.71298828,2.79520535,-4.90000105,2.06593370,-6.44999838
2.44119573,-5.67500067,0.85754512,0.85754512,1.71509023,2.80829239,-4.90000153,2.07409906,-6.44999981
2.45183742,-5.67500019,0.85863877,0.85863877,1.71727754,2.82148266,-4.90000153,2.08219218,-6.44999886
2.46249592,-5.67499972,0.85977779,0.85977779,1.71955558,2.83477831,-4.90000057,2.09021354,-6.44999886
2.47317159,-5.67500043,0.86096063,0.86096063,1.72192127,2.84817815,-4.90000153,2.09816504,-6.44999933
2.48302436,-5.67672873,0.86026602,0.86026602,1.72053204,2.85999942,-4.90345812,2.10604930,-6.44999933
2.48693335,-5.69057155,0.84611312,0.84611312,1.69222624,2.85999942,-4.93114471,2.11386728,-6.44999838
2.49294364,-5.70000005,0.83688605,0.83688605,1.67377211,2.86426568,-4.95000124,2.12162161,-6.44999886
2.50360596,-5.70000029,0.83820804,0.83820804,1.67641609,2.87789845,-4.95000172,2.12931347,-6.44999886
2.51429152,-5.69999981,0.83957634,0.83957634,1.67915268,2.89163828,-4.95000124,2.13694477,-6.44999838
2.52499962,-5.70000028,0.84099130,0.84099130,1.68198259,2.90548325,-4.95000124,2.14451599,-6.44999933
2.53573465,-5.70000005,0.84245239,0.84245239,1.68490478,2.91943836,-4.95000172,2.15203094,-6.44999838
2.54649532,-5.70000029,0.84396231,0.84396231,1.68792463,2.93350339,-4.95000219,2.15948725,-6.44999838
2.55728543,-5.70000005,0.84552123,0.84552123,1.69104247,2.94768095,-4.95000172,2.16688991,-6.44999838
2.56810546,-5.69999981,0.84713000,0.84713000,1.69426000,2.96197176,-4.95000076,2.17423916,-6.44999886
2.57895816,-5.69999934,0.84878778,0.84878778,1.69757556,2.97637749,-4.95000029,2.18153882,-6.44999838
2.58984363,-5.69999957,0.85049550,0.85049550,1.70099100,2.99089861,-4.95000124,2.18878865,-6.44999790
2.60076535,-5.69999981,0.85225721,0.85225721,1.70451443,3.00554156,-4.95000076,2.19598913,-6.44999886
2.61172414,-5.69999981,0.85406967,0.85406967,1.70813933,3.02030444,-4.95000172,2.20314384,-6.44999790
2.62272191,-5.69999981,0.85593749,0.85593749,1.71187497,3.03519058,-4.95000076,2.21025324,-6.44999886
2.63376057,-5.70000053,0.85785883,0.85785883,1.71571767,3.05020213,-4.95000172,2.21731901,-6.44999933
2.64217150,-5.70476389,0.85437384,0.85437384,1.70874767,3.05999947,-4.95952940,2.22434354,-6.44999838
2.64566362,-5.71820236,0.84095226,0.84095226,1.68190453,3.05999994,-4.98640585,2.23132730,-6.44999886
2.65284765,-5.72499943,0.83516243,0.83516243,1.67032487,3.06742311,-5.00000048,2.23827219,-6.44999838
2.66392673,-5.72500015,0.83724139,0.83724139,1.67448278,3.08267570,-5.00000191,2.24517775,-6.44999838
2.67505359,-5.72500038,0.83938009,0.83938009,1.67876018,3.09806204,-5.00000191,2.25204515,-6.44999886
2.68623245,-5.72500015,0.84157837,0.84157837,1.68315674,3.11358595,-5.00000143,2.25887895,-6.44999886
2.69746279,-5.72500062,0.84383676,0.84383676,1.68767352,3.12924671,-5.00000191,2.26567888,-6.44999933
2.70874930,-5.72500014,0.84615844,0.84615844,1.69231689,3.14505148,-5.00000048,2.27244711,-6.44999981
2.72009278,-5.72499990,0.84854006,0.84854006,1.69708012,3.16099882,-5.00000191,2.27918673,-6.44999790
2.73149550,-5.72500038,0.85098991,0.85098991,1.70197982,3.17709661,-5.00000143,2.28589439,-6.44999933
2.74296009,-5.72500086,0.85350460,0.85350460,1.70700920,3.19334507,-5.00000191,2.29257512,-6.44999981
2.75449074,-5.72499990,0.85608773,0.85608773,1.71217545,3.20975113,-5.00000048,2.29923034,-6.44999933
2.76608729,-5.72500014,0.85873916,0.85873916,1.71747832,3.22631454,-5.00000095,2.30586004,-6.44999933
2.77652192,-5.72692013,0.86374393,0.86374393,1.72748786,3.24304318,-5.00000095,2.31000066,-6.45383930
2.78497064,-5.73196983,0.87256814,0.87256814,1.74513627,3.25994086,-5.00000095,2.31000042,-6.46393871
2.79350459,-5.73689294,0.88135362,0.88135362,1.76270725,3.27700901,-5.00000238,2.31000018,-6.47378349
2.80212713,-5.74168826,0.89010497,0.89010497,1.78020994,3.29425335,-5.00000191,2.31000090,-6.48337460
2.82761598,-5.72136092,0.92893548,0.92893548,1.85787096,3.34523106,-4.95000124,2.31000090,-6.49272060
2.83723187,-5.72499967,0.93663816,0.93663816,1.87327633,3.36322403,-4.95000076,2.31123972,-6.49999857
2.84937633,-5.72500015,0.94004524,0.94004524,1.88009049,3.38141251,-4.95000172,2.31734014,-6.49999857
2.86161136,-5.72499943,0.94354364,0.94354364,1.88708727,3.39980364,-4.95000029,2.32341909,-6.49999857
2.87393975,-5.72500014,0.94713268,0.94713268,1.89426536,3.41840005,-4.95000124,2.32947946,-6.49999905
2.88636578,-5.72499966,0.95081661,0.95081661,1.90163323,3.43720961,-4.95000076,2.33552194,-6.49999857
2.89889038,-5.72499990,0.95459710,0.95459710,1.90919419,3.45623469,-4.95000124,2.34154606,-6.49999857
2.91151976,-5.72500062,0.95847665,0.95847665,1.91695330,3.47548270,-4.95000172,2.34755683,-6.49999952
2.92425644,-5.72500062,0.96245615,0.96245615,1.92491230,3.49495649,-4.95000172,2.35355639,-6.49999952
2.93710541,-5.72499990,0.96653922,0.96653922,1.93307844,3.51466441,-4.95000076,2.35954642,-6.49999905
2.95006704,-5.72500038,0.97072629,0.97072629,1.94145259,3.53460670,-4.95000172,2.36552739,-6.49999905
2.96314812,-5.72500015,0.97502307,0.97502307,1.95004615,3.55479431,-4.95000029,2.37150192,-6.50000000
2.97635090,-5.72500062,0.97942733,0.97942733,1.95885466,3.57522869,-4.95000172,2.37747312,-6.49999952
2.98968137,-5.72499990,0.98394647,0.98394647,1.96789294,3.59592080,-4.95000029,2.38344193,-6.49999952
3.00314069,-5.72499990,0.98857914,0.98857914,1.97715828,3.61687112,-4.95000076,2.38941026,-6.49999905
3.01673591,-5.72500038,0.99333244,0.99333244,1.98666487,3.63809323,-4.95000076,2.39537859,-6.50000000
3.03046942,-5.72500014,0.99820542,0.99820542,1.99641083,3.65958786,-4.95000076,2.40135098,-6.49999952
3.04434741,-5.72500062,1.00320178,1.00320178,2.00640357,3.68136430,-4.95000172,2.40733051,-6.49999952
3.05671429,-5.72699356,1.01091789,1.01091789,2.02183577,3.70342803,-4.95000172,2.41000056,-6.50398540
3.06789470,-5.73052621,1.02080564,1.02080564,2.04161127,3.72578788,-4.95000029,2.41000152,-6.51105213
3.07922340,-5.73397994,1.03076789,1.03076789,2.06153577,3.74844670,-4.95000124,2.41000009,-6.51795864
3.09070873,-5.73735357,1.04081052,1.04081052,2.08162104,3.77141690,-4.95000172,2.41000056,-6.52470541
3.10235274,-5.74064922,1.05094015,1.05094015,2.10188030,3.79470396,-4.95000076,2.41000152,-6.53129768
3.11415815,-5.74387121,1.06116313,1.06116313,2.12232627,3.81831503,-4.95000076,2.41000128,-6.53774166
3.12612927,-5.74702096,1.07148431,1.07148431,2.14296862,3.84225702,-4.95000172,2.41000152,-6.54404020
3.16111863,-5.72500086,1.11558345,1.11558345,2.23116689,3.91205359,-4.90000200,2.41018367,-6.54999971
3.17651189,-5.72499991,1.12222889,1.12222889,2.24445777,3.93728423,-4.90000105,2.41573954,-6.54999876
3.19065904,-5.72654318,1.12692761,1.12692761,2.25385523,3.95999980,-4.90308666,2.42131829,-6.54999971
3.19346285,-5.74024225,1.11502685,1.11502685,2.23005370,3.96000004,-4.93048573,2.42692566,-6.54999876
3.19628084,-5.75378537,1.10327872,1.10327872,2.20655744,3.95999980,-4.95757103,2.43256187,-6.54999971
3.19911575,-5.76717210,1.09167842,1.09167842,2.18335684,3.95999908,-4.98434496,2.43823242,-6.54999924
3.20196950,-5.78040433,1.08022577,1.08022577,2.16045154,3.95999980,-5.01080847,2.44393921,-6.55000019
3.20484353,-5.79348493,1.06891228,1.06891228,2.13782456,3.95999885,-5.03697062,2.44968820,-6.54999924
3.21423006,-5.80000019,1.06686409,1.06686409,2.13372817,3.97297883,-5.05000067,2.45548129,-6.54999971
3.22968495,-5.80064487,1.07511848,1.07511848,2.15023696,3.99936867,-5.05000067,2.46000123,-6.55128908
3.23499990,-5.81125188,1.07548952,1.07548952,2.15097905,4.00999832,-5.06556082,2.46000147,-6.55694294
3.23499966,-5.82684660,1.06855358,1.06855358,2.13710716,4.00999832,-5.09119463,2.46000099,-6.56249857
3.23500002,-5.84224797,1.06173446,1.06173446,2.12346893,4.00999880,-5.11653662,2.46000123,-6.56795931
3.23499954,-5.85746288,1.05503053,1.05503053,2.11006106,4.00999832,-5.14159536,2.46000075,-6.57333040
3.23499966,-5.87249279,1.04844222,1.04844222,2.09688445,4.00999832,-5.16637087,2.46000099,-6.57861471
3.23499941,-5.88734341,1.04196902,1.04196902,2.08393804,4.00999832,-5.19086933,2.46000051,-6.58381748
3.23500061,-5.90201617,1.03560908,1.03560908,2.07121817,4.00999928,-5.21509314,2.46000195,-6.58893919
3.23500049,-5.91651821,1.02936276,1.02936276,2.05872553,4.00999928,-5.23904896,2.46000171,-6.59398746
3.23500037,-5.93085170,1.02322897,1.02322897,2.04645795,4.00999880,-5.26273870,2.46000195,-6.59896469
3.23727989,-5.94308376,1.01421635,1.01421635,2.02843269,4.00999975,-5.28616762,2.46456003,-6.59999990
3.24020315,-5.95466923,1.00450780,1.00450780,2.00901559,4.00999928,-5.30934000,2.47040701,-6.59999847
3.24317086,-5.96613001,0.99489503,0.99489503,1.98979006,4.00999880,-5.33226013,2.47634292,-6.59999990
3.24618900,-5.97746468,0.98537119,0.98537119,1.97074239,4.00999975,-5.35492992,2.48237824,-6.59999943
3.24925804,-5.98867821,0.97593009,0.97593009,1.95186018,4.00999880,-5.37735748,2.48851728,-6.59999895
3.25238013,-5.99977135,0.96657107,0.96657107,1.93314213,4.00999832,-5.39954281,2.49476194,-6.59999990
3.26931953,-6.00000000,0.97474259,0.97474259,1.94948518,4.03751469,-5.40000057,2.50112438,-6.59999943
3.28380323,-6.00235414,0.97962158,0.97962158,1.95924315,4.05999851,-5.40470934,2.50760794,-6.59999895
3.28500092,-6.01497174,0.97295160,0.97295160,1.94590319,4.05999994,-5.42674446,2.51000190,-6.60319901
3.28500009,-6.02837467,0.96789541,0.96789541,1.93579083,4.05999947,-5.44854927,2.51000071,-6.60820007
3.28500068,-6.04164290,0.96294066,0.96294066,1.92588131,4.05999994,-5.47012663,2.51000142,-6.61315918
3.28499973,-6.05478263,0.95808724,0.95808724,1.91617448,4.05999899,-5.49148226,2.51000047,-6.61808300
3.28499949,-6.06779456,0.95333360,0.95333360,1.90666720,4.05999851,-5.51261759,2.51000047,-6.62297153
3.28499949,-6.08068275,0.94867911,0.94867911,1.89735822,4.05999851,-5.53353691,2.51000047,-6.62782860
3.28500033,-6.09345006,0.94412212,0.94412212,1.88824425,4.05999899,-5.55424356,2.51000166,-6.63265657
3.28500044,-6.10610128,0.93966301,0.93966301,1.87932601,4.05999994,-5.57474232,2.51000094,-6.63746023
3.28499985,-6.11863804,0.93529794,0.93529794,1.87059587,4.05999899,-5.59503651,2.51000071,-6.64223957
3.29636275,-6.12350011,0.94467765,0.94467765,1.88935530,4.08272457,-5.60000134,2.51000094,-6.64699888
3.31132639,-6.12611413,0.95516110,0.95516110,1.91032220,4.10999823,-5.60222864,2.51265454,-6.64999962
3.31500292,-6.13620615,0.94657464,0.94657464,1.89314928,4.10999966,-5.62241268,2.52000618,-6.64999962
3.31877816,-6.14620018,0.93799925,0.93799925,1.87599850,4.10999823,-5.64240122,2.52755809,-6.64999914
3.32265770,-6.15609837,0.92943249,0.92943249,1.85886499,4.10999870,-5.66219664,2.53531671,-6.65000010
3.32664728,-6.16590047,0.92086425,0.92086425,1.84172850,4.10999870,-5.68180180,2.54329586,-6.64999914
3.33074987,-6.17561031,0.91229132,0.91229132,1.82458265,4.10999966,-5.70122099,2.55150008,-6.64999962
3.33497071,-6.18522834,0.90370364,0.90370364,1.80740729,4.10999870,-5.72045755,2.55994272,-6.64999914
3.33500016,-6.19730496,0.90010881,0.90010881,1.80021761,4.10999870,-5.73951340,2.56000161,-6.65509653
3.33500051,-6.20930815,0.89663213,0.89663213,1.79326426,4.10999966,-5.75839186,2.56000137,-6.66022444
3.33500028,-6.22122359,0.89323631,0.89323631,1.78647262,4.10999918,-5.77709770,2.56000137,-6.66534948
3.33499980,-6.23305344,0.88992056,0.88992056,1.77984113,4.10999775,-5.79563284,2.56000185,-6.67047405
3.33500004,-6.24480081,0.88668712,0.88668712,1.77337424,4.10999966,-5.81399965,2.56000042,-6.67560196
3.33499908,-6.25646710,0.88352897,0.88352897,1.76705794,4.10999775,-5.83220243,2.56000042,-6.68073177
3.33499920,-6.26805496,0.88044912,0.88044912,1.76089824,4.10999823,-5.85024261,2.56000018,-6.68586731
3.33499980,-6.27956677,0.87744514,0.87744514,1.75489028,4.10999918,-5.86812305,2.56000042,-6.69101048
3.33499968,-6.29100585,0.87451533,0.87451533,1.74903067,4.10999918,-5.88584805,2.56000018,-6.69616365
3.33500063,-6.30237269,0.87165771,0.87165771,1.74331542,4.10999918,-5.90341854,2.56000209,-6.70132685
3.33500028,-6.31367183,0.86887345,0.86887345,1.73774689,4.10999918,-5.92083883,2.56000137,-6.70650482
3.33500052,-6.32490349,0.86615969,0.86615969,1.73231937,4.10999966,-5.93811035,2.56000137,-6.71169662
3.33499980,-6.33607078,0.86351560,0.86351560,1.72703120,4.10999918,-5.95523596,2.56000042,-6.71690559
3.33499968,-6.34717583,0.86093867,0.86093867,1.72187733,4.10999823,-5.97221899,2.56000113,-6.72213268
3.33499980,-6.35822011,0.85843027,0.85843027,1.71686054,4.10999870,-5.98905993,2.56000090,-6.72738028
3.33499968,-6.36920595,0.85598748,0.85598748,1.71197496,4.10999870,-6.00576258,2.56000066,-6.73264933
3.33499956,-6.38013530,0.85360947,0.85360947,1.70721893,4.10999870,-6.02232885,2.56000042,-6.73794174
3.33500039,-6.39101052,0.85129391,0.85129391,1.70258783,4.10999870,-6.03876209,2.56000209,-6.74325895
3.33500004,-6.40183305,0.84904171,0.84904171,1.69808342,4.10999823,-6.05506277,2.56000185,-6.74860334
3.33951485,-6.41061687,0.84191908,0.84191908,1.68383816,4.10999966,-6.07123375,2.56903005,-6.75000000
3.34581483,-6.41863871,0.83293208,0.83293208,1.66586416,4.10999775,-6.08727741,2.58163190,-6.75000000
3.35235179,-6.42659807,0.82378166,0.82378166,1.64756331,4.10999775,-6.10319614,2.59470582,-6.75000000
3.35913086,-6.43449521,0.81446043,0.81446043,1.62892085,4.10999870,-6.11899042,2.60826302,-6.75000000
3.36000037,-6.44488097,0.81162235,0.81162235,1.62324470,4.10999870,-6.13466597,2.61000204,-6.75509596
3.35999990,-6.45558739,0.80978138,0.80978138,1.61956277,4.10999918,-6.15022373,2.61000061,-6.76095104
3.35999941,-6.46625114,0.80799081,0.80799081,1.61598161,4.10999870,-6.16566801,2.61000013,-6.76683426
3.35999918,-6.47687316,0.80625001,0.80625001,1.61250002,4.10999823,-6.18100071,2.61000013,-6.77274561
3.35999978,-6.48745466,0.80455693,0.80455693,1.60911386,4.10999775,-6.19622469,2.61000180,-6.77868462
3.35999965,-6.49799800,0.80291392,0.80291392,1.60582783,4.10999918,-6.21134233,2.61000013,-6.78465366
3.36000037,-6.50850391,0.80131461,0.80131461,1.60262922,4.10999918,-6.22635698,2.61000156,-6.79065084
3.35999990,-6.51897407,0.79976194,0.79976194,1.59952388,4.10999966,-6.24127007,2.61000013,-6.79667807
3.36000061,-6.52940941,0.79825067,0.79825067,1.59650134,4.10999918,-6.25608492,2.61000204,-6.80273390
3.36000097,-6.53981113,0.79678333,0.79678333,1.59356667,4.10999966,-6.27080250,2.61000228,-6.80881977
3.35999918,-6.55018186,0.79535757,0.79535757,1.59071514,4.10999823,-6.28542709,2.61000013,-6.81493664
3.35999930,-6.56052041,0.79397229,0.79397229,1.58794458,4.10999870,-6.29995775,2.60999990,-6.82108307
3.36000049,-6.57082939,0.79262459,0.79262459,1.58524918,4.10999870,-6.31439924,2.61000228,-6.82725954
3.35999918,-6.58111071,0.79131725,0.79131725,1.58263451,4.10999823,-6.32875299,2.61000013,-6.83346844
3.35999978,-6.59136343,0.79004626,0.79004626,1.58009253,4.10999870,-6.34301949,2.61000085,-6.83970737
3.37105060,-6.59798956,0.80043334,0.80043334,1.60086669,4.13209915,-6.35000038,2.61000204,-6.84597874
3.38500035,-6.60377478,0.81386600,0.81386600,1.62773200,4.15999842,-6.35526752,2.61000228,-6.85228205
3.38500047,-6.61408067,0.81266363,0.81266363,1.62532725,4.15999937,-6.36954260,2.61000156,-6.85861874
3.38499928,-6.62436128,0.81149528,0.81149528,1.62299056,4.15999842,-6.38373518,2.61000013,-6.86498737
3.38499939,-6.63461757,0.81036009,0.81036009,1.62072019,4.15999842,-6.39784765,2.61000037,-6.87138748
3.38499975,-6.64485049,0.80925797,0.80925797,1.61851594,4.15999889,-6.41188097,2.61000061,-6.87782001
3.38500035,-6.65506196,0.80818741,0.80818741,1.61637482,4.15999937,-6.42583847,2.61000133,-6.88428545
3.38499999,-6.66525197,0.80714846,0.80714846,1.61429693,4.15999937,-6.43972015,2.61000061,-6.89078379
3.38500035,-6.67542195,0.80613882,0.80613882,1.61227765,4.15999937,-6.45352936,2.61000133,-6.89731455
3.39188278,-6.68363285,0.79800778,0.79800778,1.59601557,4.15999842,-6.46726561,2.62376714,-6.90000010
3.40389991,-6.69046617,0.78459599,0.78459599,1.56919197,4.15999937,-6.48093224,2.64780045,-6.90000010
3.40999961,-6.69900226,0.77737175,0.77737175,1.55474351,4.15999842,-6.49453068,2.66000080,-6.90347385
3.41000044,-6.70920992,0.77650383,0.77650383,1.55300767,4.15999889,-6.50806189,2.66000199,-6.91035795
3.40999985,-6.71939969,0.77566280,0.77566280,1.55132559,4.15999937,-6.52152729,2.66000032,-6.91727209
3.41000009,-6.72957301,0.77484382,0.77484382,1.54968764,4.15999842,-6.53493118,2.66000175,-6.92421484
3.41000056,-6.73972964,0.77405027,0.77405027,1.54810055,4.15999937,-6.54827309,2.66000175,-6.93118620
3.40999973,-6.74987102,0.77327891,0.77327891,1.54655782,4.15999842,-6.56155682,2.66000104,-6.93818521
3.41000056,-6.75999689,0.77252933,0.77252933,1.54505865,4.15999889,-6.57478333,2.66000223,-6.94521046
3.41000045,-6.77010942,0.77180185,0.77180185,1.54360370,4.15999937,-6.58795643,2.66000152,-6.95226240
3.40999985,-6.78020788,0.77109383,0.77109383,1.54218766,4.15999842,-6.60107708,2.66000128,-6.95933867
3.40999997,-6.79029369,0.77040662,0.77040662,1.54081325,4.15999937,-6.61414814,2.66000056,-6.96643925
3.41000009,-6.80036640,0.76973641,0.76973641,1.53947281,4.15999842,-6.62717104,2.66000175,-6.97356176
3.40999985,-6.81042838,0.76908549,0.76908549,1.53817099,4.15999794,-6.64014816,2.66000175,-6.98070860
3.40999996,-6.82047820,0.76845232,0.76845232,1.53690464,4.15999794,-6.65308046,2.66000199,-6.98787594
3.40999997,-6.83051729,0.76783811,0.76783811,1.53567623,4.15999985,-6.66597080,2.66000009,-6.99506378
3.40999973,-6.84054685,0.76723758,0.76723758,1.53447516,4.15999889,-6.67882252,2.66000056,-7.00227118
3.41000080,-6.85056544,0.76665292,0.76665292,1.53330584,4.15999937,-6.69163513,2.66000223,-7.00949574
3.40999937,-6.86057615,0.76608397,0.76608397,1.53216795,4.15999794,-6.70441341,2.66000080,-7.01673889
3.40999997,-6.87057709,0.76553111,0.76553111,1.53106221,4.15999985,-6.71715593,2.66000009,-7.02399826
3.41000045,-6.88056994,0.76498883,0.76498883,1.52997766,4.15999842,-6.72986841,2.66000247,-7.03127146
3.41000068,-6.89055443,0.76446290,0.76446290,1.52892579,4.15999937,-6.74254942,2.66000199,-7.03855944
3.41000056,-6.90053177,0.76394896,0.76394896,1.52789792,4.15999889,-6.75520277,2.66000223,-7.04586077
3.40999985,-6.91050172,0.76344843,0.76344843,1.52689687,4.15999842,-6.76782846,2.66000128,-7.05317497
3.40999913,-6.92046571,0.76296011,0.76296011,1.52592021,4.15999794,-6.78043032,2.66000032,-7.06050110
3.40999984,-6.93042255,0.76248415,0.76248415,1.52496831,4.15999937,-6.79300785,2.66000032,-7.06783724
3.41000044,-6.94037366,0.76201777,0.76201777,1.52403554,4.15999889,-6.80556488,2.66000199,-7.07518244
3.41000044,-6.95031858,0.76156356,0.76156356,1.52312712,4.15999889,-6.81810141,2.66000199,-7.08253574
3.40999949,-6.96025920,0.76112057,0.76112057,1.52224113,4.15999842,-6.83062077,2.66000056,-7.08989763
3.41000056,-6.97019362,0.76068730,0.76068730,1.52137460,4.15999937,-6.84312296,2.66000175,-7.09726429
3.44086504,-6.97500014,0.76323619,0.76323619,1.52647239,4.19379568,-6.85000038,2.68793440,-7.09999990
3.45999956,-6.98191905,0.75985112,0.75985112,1.51970225,4.20999861,-6.85995531,2.71000051,-7.10388279
3.46000135,-6.99201012,0.75944693,0.75944693,1.51889386,4.21000004,-6.87258816,2.71000266,-7.11143208
3.46000039,-7.00209689,0.75905274,0.75905274,1.51810548,4.20999956,-6.88521099,2.71000123,-7.11898279
3.46000075,-7.01218009,0.75866708,0.75866708,1.51733416,4.21000004,-6.89782619,2.71000147,-7.12653399
3.46000028,-7.02225876,0.75828861,0.75828861,1.51657721,4.20999813,-6.91043377,2.71000242,-7.13408375
3.45999968,-7.03233528,0.75792110,0.75792110,1.51584220,4.20999861,-6.92303753,2.71000075,-7.14163303
3.46000087,-7.04240775,0.75756098,0.75756098,1.51512196,4.21000004,-6.93563747,2.71000171,-7.14917803
3.46000039,-7.05247808,0.75720819,0.75720819,1.51441638,4.20999908,-6.94823694,2.71000171,-7.15671921
3.46000076,-7.06254602,0.75686389,0.75686389,1.51372779,4.20999956,-6.96083689,2.71000195,-7.16425514
3.45999980,-7.07261133,0.75652721,0.75652721,1.51305442,4.20999861,-6.97343874,2.71000099,-7.17178392
3.46000075,-7.08267450,0.75619758,0.75619758,1.51239516,4.20999908,-6.98604488,2.71000242,-7.17930412
3.45999897,-7.09273649,0.75587633,0.75587633,1.51175266,4.20999765,-6.99865675,2.71000028,-7.18681622
3.45999979,-7.10279656,0.75556269,0.75556269,1.51112538,4.20999908,-7.01127577,2.71000051,-7.19431734
3.46000004,-7.11285496,0.75525503,0.75525503,1.51051005,4.20999861,-7.02390385,2.71000147,-7.20180607
3.46000040,-7.12291265,0.75495495,0.75495495,1.50990990,4.20999861,-7.03654337,2.71000218,-7.20928192
3.46000028,-7.13296890,0.75466304,0.75466304,1.50932608,4.20999908,-7.04919481,2.71000147,-7.21674299
3.46000087,-7.14302445,0.75437758,0.75437758,1.50875516,4.20999956,-7.06186104,2.71000218,-7.22418785
3.46000016,-7.15307879,0.75409921,0.75409921,1.50819842,4.20999861,-7.07454252,2.71000171,-7.23161507
3.46000003,-7.16313290,0.75382940,0.75382940,1.50765881,4.20999956,-7.08724165,2.71000051,-7.23902416
3.46000075,-7.17318606,0.75356449,0.75356449,1.50712897,4.20999908,-7.09996080,2.71000242,-7.24641132
3.45999968,-7.18323922,0.75330803,0.75330803,1.50661606,4.20999813,-7.11270332,2.71000123,-7.25377512
3.45999944,-7.19329095,0.75305915,0.75305915,1.50611830,4.20999813,-7.12546730,2.71000075,-7.26111460
3.46000063,-7.20334243,0.75281732,0.75281732,1.50563463,4.20999908,-7.13825607,2.71000218,-7.26842880
3.46000087,-7.21339321,0.75258416,0.75258416,1.50516832,4.21000004,-7.15107012,2.71000171,-7.27571630
3.46000028,-7.22344422,0.75235828,0.75235828,1.50471655,4.20999956,-7.16391230,2.71000099,-7.28297615
3.45999968,-7.23349381,0.75214002,0.75214002,1.50428004,4.20999861,-7.17678213,2.71000075,-7.29020548
3.46000039,-7.24354291,0.75193116,0.75193116,1.50386231,4.21000004,-7.18968201,2.71000075,-7.29740381
3.46000040,-7.25359106,0.75172966,0.75172966,1.50345931,4.20999956,-7.20261335,2.71000123,-7.30456877
3.46000016,-7.26363897,0.75153681,0.75153681,1.50307361,4.20999861,-7.21557760,2.71000171,-7.31170034
3.46000039,-7.27368474,0.75135503,0.75135503,1.50271006,4.21000004,-7.22857475,2.71000075,-7.31879473
3.46000099,-7.28373003,0.75118050,0.75118050,1.50236101,4.20999956,-7.24160767,2.71000242,-7.32585239
3.48499917,-7.29246974,0.77605100,0.77605100,1.55210199,4.25999784,-7.25206900,2.71000051,-7.33287048
3.48500025,-7.30261421,0.77589232,0.77589232,1.55178464,4.25999880,-7.26538324,2.71000171,-7.33984518
3.48500013,-7.31275773,0.77574450,0.77574450,1.55148900,4.25999832,-7.27873802,2.71000195,-7.34677744
3.48499906,-7.32290006,0.77560923,0.77560923,1.55121845,4.25999784,-7.29213381,2.71000028,-7.35366631
3.48500013,-7.33304143,0.77548581,0.77548581,1.55097162,4.25999928,-7.30557203,2.71000099,-7.36051083
3.48499965,-7.34318089,0.77537465,0.77537465,1.55074930,4.25999880,-7.31905270,2.71000051,-7.36730909
3.48500085,-7.35331893,0.77527595,0.77527595,1.55055191,4.25999928,-7.33257675,2.71000242,-7.37406111
3.48499953,-7.36345434,0.77519160,0.77519160,1.55038320,4.25999784,-7.34614420,2.71000123,-7.38076448
3.48499918,-7.37358689,0.77512210,0.77512210,1.55024421,4.25999784,-7.35975409,2.71000051,-7.38741970
3.48500061,-7.38371634,0.77506725,0.77506725,1.55013450,4.25999928,-7.37340546,2.71000195,-7.39402723
3.48500085,-7.39384175,0.77502825,0.77502825,1.55005651,4.25999975,-7.38709641,2.71000195,-7.40058708
3.48500085,-7.40396286,0.77500476,0.77500476,1.55000953,4.25999928,-7.40082932,2.71000242,-7.40709639
3.48500026,-7.41407895,0.77499872,0.77499872,1.54999744,4.25999880,-7.41459799,2.71000171,-7.41355991
3.48499978,-7.42418957,0.77501094,0.77501094,1.55002187,4.25999928,-7.42840004,2.71000028,-7.41997910
3.48500085,-7.43429423,0.77503911,0.77503911,1.55007821,4.25999928,-7.44223452,2.71000242,-7.42635393
3.48500061,-7.44439173,0.77508660,0.77508660,1.55017321,4.25999880,-7.45609856,2.71000242,-7.43268490
3.48500026,-7.45448303,0.77515371,0.77515371,1.55030742,4.25999880,-7.46999216,2.71000171,-7.43897390
3.48499978,-7.46456623,0.77524044,0.77524044,1.55048089,4.25999880,-7.48391199,2.71000075,-7.44522047
3.48500026,-7.47464228,0.77534669,0.77534669,1.55069337,4.25999928,-7.49785852,2.71000123,-7.45142603
3.48499965,-7.48471070,0.77547251,0.77547251,1.55094501,4.25999784,-7.51182938,2.71000147,-7.45759201
3.48499930,-7.49477100,0.77561993,0.77561993,1.55123985,4.25999737,-7.52582359,2.71000123,-7.46371841
3.48500013,-7.50482296,0.77578982,0.77578982,1.55157965,4.25999928,-7.53983974,2.71000099,-7.46980619
3.48499965,-7.51486659,0.77598033,0.77598033,1.55196067,4.25999880,-7.55387688,2.71000051,-7.47585630
3.48499954,-7.52490139,0.77619258,0.77619258,1.55238517,4.25999832,-7.56793404,2.71000075,-7.48186874
3.48500001,-7.53492856,0.77642819,0.77642819,1.55285637,4.25999928,-7.58201218,2.71000075,-7.48784494
3.48500085,-7.54494619,0.77668573,0.77668573,1.55337146,4.25999975,-7.59610701,2.71000195,-7.49378538
3.48499966,-7.55495572,0.77696661,0.77696661,1.55393323,4.25999832,-7.61022043,2.71000099,-7.49969101
3.48500073,-7.56495667,0.77727166,0.77727166,1.55454331,4.25999975,-7.62435150,2.71000171,-7.50556183
3.48499977,-7.57494926,0.77760021,0.77760021,1.55520043,4.25999880,-7.63849926,2.71000075,-7.51139927
3.48500073,-7.58493256,0.77795295,0.77795295,1.55590590,4.25999975,-7.65266228,2.71000171,-7.51720285
3.48500002,-7.59490824,0.77833008,0.77833008,1.55666017,4.25999880,-7.66684294,2.71000123,-7.52297354
3.48500001,-7.60487580,0.77873292,0.77873292,1.55746584,4.25999928,-7.68104076,2.71000075,-7.52871084
3.48500038,-7.61483550,0.77916022,0.77916022,1.55832043,4.25999928,-7.69525528,2.71000147,-7.53441572
3.48500085,-7.62478685,0.77961300,0.77961300,1.55922600,4.25999928,-7.70948553,2.71000242,-7.54008818
3.48499941,-7.63473129,0.78009279,0.78009279,1.56018559,4.25999832,-7.72373390,2.71000051,-7.54572868
3.47944582,-7.64400030,0.78619266,0.78619266,1.57238531,4.25999880,-7.73799992,2.69889283,-7.55000067
3.45999980,-7.65144825,0.80632929,0.80632929,1.61265859,4.25999928,-7.75228357,2.66000032,-7.55061293
3.45999979,-7.66123104,0.80690539,0.80690539,1.61381077,4.25999784,-7.76658487,2.66000175,-7.55587721
3.45999944,-7.67100716,0.80751223,0.80751223,1.61502447,4.25999832,-7.78090620,2.66000056,-7.56110811
3.45999944,-7.68077660,0.80814701,0.80814701,1.61629402,4.25999832,-7.79524660,2.66000056,-7.56630659
3.48499990,-7.69426131,0.83408707,0.83408707,1.66817414,4.30999947,-7.81704950,2.66000032,-7.57147312
3.48500025,-7.70416331,0.83480091,0.83480091,1.66960182,4.30999851,-7.83171892,2.66000199,-7.57660770
3.48500026,-7.71406173,0.83554816,0.83554816,1.67109632,4.30999947,-7.84641361,2.66000104,-7.58170986
3.48499990,-7.72395659,0.83632576,0.83632576,1.67265151,4.30999899,-7.86113262,2.66000080,-7.58678055
3.48499990,-7.73384881,0.83713497,0.83713497,1.67426995,4.30999851,-7.87587786,2.66000128,-7.59181976
3.48500013,-7.74373722,0.83797716,0.83797716,1.67595431,4.30999899,-7.89064741,2.66000128,-7.59682703
3.48500037,-7.75362515,0.83885139,0.83885139,1.67770279,4.30999851,-7.90544653,2.66000223,-7.60180378
3.48499990,-7.76351189,0.83976083,0.83976083,1.67952165,4.30999899,-7.92027521,2.66000080,-7.60674858
3.48500002,-7.77339839,0.84070309,0.84070309,1.68140619,4.30999899,-7.93513393,2.66000104,-7.61166286
3.48499966,-7.78328395,0.84167982,0.84167982,1.68335964,4.30999851,-7.95002270,2.66000080,-7.61654520
3.48499978,-7.79317212,0.84269281,0.84269281,1.68538562,4.30999947,-7.96494722,2.66000009,-7.62139702
3.48500014,-7.80306220,0.84373898,0.84373898,1.68747797,4.30999804,-7.97990656,2.66000223,-7.62621784
3.48499965,-7.81295466,0.84482414,0.84482414,1.68964827,4.30999851,-7.99490166,2.66000080,-7.63100767
3.48499954,-7.82285118,0.84594597,0.84594597,1.69189195,4.30999899,-8.00993538,2.66000009,-7.63576698
3.48499990,-7.83275151,0.84710435,0.84710435,1.69420869,4.30999899,-8.02500725,2.66000080,-7.64049578
3.48500013,-7.84265852,0.84830075,0.84830075,1.69660150,4.30999851,-8.04012203,2.66000175,-7.64519501
3.51000047,-7.85871506,0.87528081,0.87528081,1.75056162,4.35999918,-8.06756592,2.66000175,-7.64986420
3.51000070,-7.86879683,0.87659553,0.87659553,1.75319105,4.35999966,-8.08308983,2.66000175,-7.65450382
3.51000011,-7.87888790,0.87795173,0.87795173,1.75590346,4.35999918,-8.09866238,2.66000104,-7.65911341
3.50999963,-7.88899255,0.87934943,0.87934943,1.75869885,4.35999775,-8.11428928,2.66000152,-7.66369581
3.50999999,-7.89910889,0.88079104,0.88079104,1.76158208,4.35999775,-8.12996960,2.66000223,-7.66824818
3.50999964,-7.90923929,0.88227902,0.88227902,1.76455804,4.35999918,-8.14570713,2.66000009,-7.67277145
3.50999999,-7.91938400,0.88380859,0.88380859,1.76761717,4.35999823,-8.16150093,2.66000175,-7.67726707
3.51000034,-7.92954731,0.88538586,0.88538586,1.77077172,4.35999870,-8.17735958,2.66000199,-7.68173504
3.51000011,-7.93972778,0.88701056,0.88701056,1.77402113,4.35999918,-8.19328117,2.66000104,-7.68617439
3.51000035,-7.94992828,0.88868165,0.88868165,1.77736331,4.35999870,-8.20926952,2.66000199,-7.69058704
3.50999952,-7.96014928,0.89040288,0.89040288,1.78080577,4.35999823,-8.22532749,2.66000080,-7.69497108
3.50999928,-7.97039413,0.89217422,0.89217422,1.78434845,4.35999823,-8.24145985,2.66000032,-7.69932842
3.50438536,-7.97883392,0.89990223,0.89990223,1.79980447,4.35999966,-8.25766754,2.64877105,-7.70000029
3.49803710,-7.98697710,0.90847897,0.90847897,1.81695795,4.35999918,-8.27395344,2.63607502,-7.70000076
3.49199199,-7.99515963,0.91681754,0.91681754,1.83363507,4.35999870,-8.29031849,2.62398529,-7.70000076
3.48623323,-8.00338579,0.92493767,0.92493767,1.84987533,4.35999918,-8.30677128,2.61246729,-7.70000029
3.48499894,-8.01316261,0.92833983,0.92833983,1.85667967,4.35999775,-8.32331085,2.61000013,-7.70301437
3.48500049,-8.02340150,0.93049558,0.93049558,1.86099115,4.35999966,-8.33994293,2.61000133,-7.70686007
3.48499918,-8.03367400,0.93270999,0.93270999,1.86541998,4.35999775,-8.35666847,2.61000061,-7.71067953
3.48499906,-8.04398298,0.93498646,0.93498646,1.86997293,4.35999775,-8.37349319,2.61000037,-7.71447277
3.48499930,-8.05433250,0.93732555,0.93732555,1.87465111,4.35999823,-8.39042187,2.61000037,-7.71824312
3.48499977,-8.06472254,0.93972893,0.93972893,1.87945786,4.35999918,-8.40745640,2.61000037,-7.72198868
3.48499941,-8.07515645,0.94219723,0.94219723,1.88439447,4.35999870,-8.42460155,2.61000013,-7.72571135
3.48499930,-8.08563471,0.94473146,0.94473146,1.88946291,4.35999775,-8.44185829,2.61000085,-7.72941113
3.48500026,-8.09616328,0.94733656,0.94733656,1.89467312,4.35999966,-8.45923710,2.61000085,-7.73308945
3.48499954,-8.10674238,0.95000986,0.95000986,1.90001973,4.35999823,-8.47673702,2.61000085,-7.73674774
3.48500025,-8.11737513,0.95275533,0.95275533,1.90551067,4.35999870,-8.49436378,2.61000180,-7.74038649
3.48500013,-8.12806344,0.95557381,0.95557381,1.91114761,4.35999823,-8.51212025,2.61000204,-7.74400663
3.48500049,-8.13881254,0.95846904,0.95846904,1.91693807,4.35999966,-8.53001499,2.61000133,-7.74761009
3.48499990,-8.14962316,0.96143914,0.96143914,1.92287828,4.35999823,-8.54804897,2.61000156,-7.75119734
3.48499977,-8.16049814,0.96448852,0.96448852,1.92897704,4.35999775,-8.56622791,2.61000180,-7.75476837
3.48499930,-8.17144037,0.96761942,0.96761942,1.93523885,4.35999823,-8.58455563,2.61000037,-7.75832510
3.51000023,-8.19447208,0.99857052,0.99857052,1.99714104,4.40999937,-8.62707424,2.61000109,-7.76186991
3.50999975,-8.20577812,1.00196168,1.00196168,2.00392335,4.40999889,-8.64615154,2.61000061,-7.76540470
3.50999903,-8.21716308,1.00544175,1.00544175,2.01088349,4.40999794,-8.66539860,2.61000013,-7.76892757
3.51000011,-8.22863150,1.00901364,1.00901364,2.01802727,4.40999937,-8.68482208,2.61000085,-7.77244091
3.50999951,-8.24018526,1.01267828,1.01267828,2.02535655,4.40999889,-8.70442486,2.61000013,-7.77594566
3.51000011,-8.25182987,1.01643790,1.01643790,2.03287580,4.40999889,-8.72421551,2.61000133,-7.77944422
3.51000035,-8.26356626,1.02029648,1.02029648,2.04059296,4.40999985,-8.74419689,2.61000085,-7.78293562
3.50999999,-8.27539754,1.02425416,1.02425416,2.04850832,4.40999985,-8.76437283,2.61000013,-7.78642225
3.50999975,-8.28732968,1.02831290,1.02831290,2.05662579,4.40999842,-8.78475285,2.61000109,-7.78990650
3.51000011,-8.29936433,1.03247805,1.03247805,2.06495610,4.40999889,-8.80534172,2.61000133,-7.79338694
3.50999999,-8.31150579,1.03675062,1.03675062,2.07350124,4.40999842,-8.82614613,2.61000156,-7.79686546
3.50970721,-8.32358503,1.04147220,1.04147220,2.08294440,4.40999842,-8.84716892,2.60941601,-7.80000114
3.50677467,-8.33421087,1.04937875,1.04937875,2.09875751,4.40999985,-8.86842060,2.60354948,-7.80000114
3.50393665,-8.34495354,1.05731826,1.05731826,2.11463652,4.40999889,-8.88990593,2.59787440,-7.80000114
3.52619290,-8.37110591,1.09460315,1.09460315,2.18920631,4.45999956,-8.94221115,2.59238625,-7.80000067
3.52354217,-8.38234854,1.10276141,1.10276141,2.20552281,4.46000051,-8.96469593,2.58708382,-7.80000114
3.52097737,-8.39371848,1.11097412,1.11097412,2.22194825,4.45999956,-8.98743629,2.58195519,-7.80000067
3.51849949,-8.40522193,1.11924693,1.11924693,2.23849386,4.45999908,-9.01044273,2.57699990,-7.80000114
3.51610303,-8.41686225,1.12759025,1.12759025,2.25518050,4.46000004,-9.03372383,2.57220602,-7.80000067
3.51378799,-8.42864227,1.13600481,1.13600481,2.27200962,4.46000004,-9.05728340,2.56757593,-7.80000114
3.51154911,-8.44056368,1.14449968,1.14449968,2.28899936,4.46000004,-9.08112621,2.56309819,-7.80000114
3.50999976,-8.45305443,1.15233395,1.15233395,2.30466790,4.45999861,-9.10526276,2.56000090,-7.80084610
3.50999999,-8.46673942,1.15845449,1.15845449,2.31690897,4.45999956,-9.12970066,2.56000042,-7.80377817
3.50999999,-8.48057604,1.16473149,1.16473149,2.32946297,4.45999956,-9.15444565,2.56000042,-7.80670643
3.51000034,-8.49456811,1.17116818,1.17116818,2.34233637,4.45999956,-9.17950344,2.56000113,-7.80963278
3.51000058,-8.50872230,1.17777111,1.17777111,2.35554222,4.46000004,-9.20488739,2.56000113,-7.81255722
3.51000023,-8.52304124,1.18454095,1.18454095,2.36908191,4.45999956,-9.23059940,2.56000090,-7.81548309
3.51000070,-8.53753137,1.19148201,1.19148201,2.38296402,4.45999956,-9.25664997,2.56000185,-7.81841278
3.51000035,-8.55219651,1.19859863,1.19859863,2.39719726,4.46000004,-9.28304482,2.56000066,-7.82134819
3.50999975,-8.56704282,1.20589117,1.20589117,2.41178233,4.45999861,-9.30979156,2.56000090,-7.82429409
3.50999975,-8.58207726,1.21336567,1.21336567,2.42673135,4.45999861,-9.33690071,2.56000090,-7.82725382
3.50109553,-8.59011459,1.20957878,1.20957878,2.41915757,4.44218922,-9.34999847,2.56000185,-7.83023071
3.48426521,-8.59161258,1.19558095,1.19558095,2.39116190,4.40852880,-9.34999943,2.56000161,-7.83322573
3.46773839,-8.59312105,1.18188479,1.18188479,2.36376958,4.37547636,-9.34999847,2.56000042,-7.83624363
3.45999992,-8.60183835,1.17960944,1.17960944,2.35921889,4.35999918,-9.36438656,2.56000066,-7.83929014
3.45999933,-8.61721492,1.18759749,1.18759749,2.37519498,4.35999823,-9.39206314,2.56000042,-7.84236670
3.44849134,-8.62273788,1.18048701,1.18048701,2.36097401,4.33698177,-9.39999866,2.56000090,-7.84547710
3.43265235,-8.62431287,1.16756595,1.16756595,2.33513191,4.30530453,-9.39999866,2.56000018,-7.84862709
3.41608036,-8.62500000,1.15626467,1.15626467,2.31252934,4.27417421,-9.39999866,2.55798650,-7.85000134
3.39902961,-8.62499928,1.14624513,1.14624513,2.29249025,4.24357319,-9.39999866,2.55448604,-7.84999990
3.38226521,-8.62500048,1.13646608,1.13646608,2.27293217,4.21348810,-9.39999962,2.55104232,-7.85000134
3.37882388,-8.63736033,1.14489614,1.14489614,2.28979227,4.20999908,-9.42471981,2.54764867,-7.85000086
3.37552667,-8.65000033,1.15366100,1.15366100,2.30732199,4.20675230,-9.44999886,2.54430103,-7.85000181
3.35914898,-8.65000009,1.14428107,1.14428107,2.28856215,4.17730522,-9.44999981,2.54099274,-7.85000038
3.34302628,-8.65000010,1.13512560,1.13512560,2.27025120,4.14832878,-9.44999886,2.53772378,-7.85000134
3.32714844,-8.65000033,1.12619378,1.12619378,2.25238755,4.11981153,-9.44999886,2.53448534,-7.85000181
3.31150770,-8.65000081,1.11747911,1.11747911,2.23495821,4.09173918,-9.44999981,2.53127623,-7.85000181
3.29609310,-8.65000010,1.10897473,1.10897473,2.21794947,4.06409502,-9.44999886,2.52809119,-7.85000134
3.28089893,-8.65000009,1.10067985,1.10067985,2.20135970,4.03687286,-9.44999981,2.52492499,-7.85000038
3.26591921,-8.65000010,1.09258430,1.09258430,2.18516860,4.01005793,-9.44999886,2.52178049,-7.85000134
3.25114191,-8.65000009,1.08468880,1.08468880,2.16937760,3.98363781,-9.44999981,2.51864600,-7.85000038
3.23656273,-8.65000033,1.07698458,1.07698458,2.15396917,3.95760131,-9.44999981,2.51552415,-7.85000086
3.22217297,-8.64999986,1.06946793,1.06946793,2.13893586,3.93193579,-9.44999886,2.51241016,-7.85000086
3.20831848,-8.65040040,1.06160510,1.06160510,2.12321021,3.90663624,-9.44999886,2.51000071,-7.85080194
3.19584429,-8.65221429,1.05206526,1.05206526,2.10413053,3.88168764,-9.44999886,2.51000094,-7.85442972
3.18354070,-8.65408612,1.04265784,1.04265784,2.08531568,3.85708117,-9.44999981,2.51000023,-7.85817242
3.17140448,-8.65601850,1.03337270,1.03337270,2.06674540,3.83280778,-9.44999886,2.51000118,-7.86203814
3.15942991,-8.65801382,1.02420647,1.02420647,2.04841294,3.80885935,-9.44999886,2.51000047,-7.86602879
3.14761233,-8.66007734,1.01514787,1.01514787,2.03029574,3.78522325,-9.44999981,2.51000142,-7.87015486
3.13594628,-8.66220975,1.00619150,1.00619150,2.01238299,3.76189208,-9.44999981,2.51000047,-7.87441969
3.13500058,-8.67793083,1.01448738,1.01448738,2.02897475,3.75999975,-9.47703075,2.51000142,-7.87883091
3.13230419,-8.69169545,1.02010647,1.02010647,2.04021295,3.75460839,-9.49999905,2.50999999,-7.88339186
3.12077129,-8.69405580,1.01122928,1.01122928,2.02245855,3.73154140,-9.49999905,2.51000118,-7.88811255
3.10937834,-8.69649816,1.00243066,1.00243066,2.00486132,3.70875597,-9.49999905,2.51000071,-7.89299726
3.09812391,-8.69902825,0.99370221,0.99370221,1.98740441,3.68624663,-9.50000000,2.51000118,-7.89805651
3.08581221,-8.70000052,0.98706687,0.98706687,1.97413374,3.66400194,-9.49999905,2.50762248,-7.90000200
3.07291138,-8.70000005,0.98177599,0.98177599,1.96355198,3.64202094,-9.49999905,2.50380182,-7.90000105
3.06012857,-8.70000077,0.97661725,0.97661725,1.95323450,3.62029147,-9.50000000,2.49996567,-7.90000153
3.04745960,-8.70000005,0.97158706,0.97158706,1.94317411,3.59880614,-9.49999905,2.49611306,-7.90000105
3.03490281,-8.70000053,0.96668442,0.96668442,1.93336885,3.57756257,-9.50000000,2.49224305,-7.90000105
3.02245438,-8.70000100,0.96190548,0.96190548,1.92381097,3.55655527,-9.50000000,2.48835349,-7.90000200
3.01010693,-8.69999981,0.95724730,0.95724730,1.91449460,3.53577185,-9.49999905,2.48444200,-7.90000057
2.99786067,-8.70000077,0.95270626,0.95270626,1.90541252,3.51521158,-9.49999905,2.48050976,-7.90000248
2.98571074,-8.70000077,0.94828249,0.94828249,1.89656499,3.49486780,-9.50000000,2.47655368,-7.90000153
2.97365439,-8.70000077,0.94396971,0.94396971,1.88793942,3.47473478,-9.49999905,2.47257400,-7.90000248
2.96168804,-8.70000053,0.93976792,0.93976792,1.87953585,3.45480680,-9.49999905,2.46856928,-7.90000200
2.94980800,-8.70000053,0.93567392,0.93567392,1.87134783,3.43507910,-9.49999905,2.46453691,-7.90000200
2.93801212,-8.70000052,0.93168459,0.93168459,1.86336919,3.41554594,-9.49999905,2.46047831,-7.90000200
2.93319547,-8.71174050,0.94141578,0.94141578,1.88283155,3.40999937,-9.52348042,2.45639157,-7.90000057
2.92911387,-8.72499990,0.95288955,0.95288955,1.90577910,3.40595198,-9.54999924,2.45227575,-7.90000057
2.91732299,-8.72499990,0.94908685,0.94908685,1.89817370,3.38651586,-9.54999924,2.44813013,-7.90000057
2.90560901,-8.72500062,0.94538322,0.94538322,1.89076643,3.36726379,-9.55000019,2.44395423,-7.90000105
2.89396929,-8.72500086,0.94177617,0.94177617,1.88355234,3.34819221,-9.55000019,2.43974638,-7.90000153
2.88239991,-8.72500062,0.93826417,0.93826417,1.87652834,3.32929516,-9.55000019,2.43550467,-7.90000105
2.87089932,-8.72499990,0.93484392,0.93484392,1.86968785,3.31056881,-9.54999924,2.43122983,-7.90000057
2.85946655,-8.72500086,0.93151470,0.93151470,1.86302941,3.29201221,-9.55000019,2.42692089,-7.90000153
2.84809899,-8.72500086,0.92827267,0.92827267,1.85654535,3.27361965,-9.54999924,2.42257833,-7.90000248
2.83679282,-8.72500086,0.92511958,0.92511958,1.85023916,3.25538850,-9.55000019,2.41819715,-7.90000153
2.82554686,-8.72500014,0.92204811,0.92204811,1.84409623,3.23731232,-9.54999828,2.41378140,-7.90000200
2.81469643,-8.72568679,0.91829721,0.91829721,1.83659442,3.21939230,-9.54999924,2.41000056,-7.90137434
2.80581188,-8.73034978,0.91021506,0.91021506,1.82043012,3.20162272,-9.54999924,2.41000104,-7.91070032
2.79700267,-8.73520804,0.90202739,0.90202739,1.80405478,3.18400431,-9.54999828,2.41000104,-7.92041779
2.78826511,-8.74027157,0.89372431,0.89372431,1.78744863,3.16652989,-9.54999924,2.41000032,-7.93054390
2.77959907,-8.74554706,0.88529548,0.88529548,1.77059095,3.14919782,-9.55000019,2.41000032,-7.94109392
2.77053237,-8.75000096,0.87787352,0.87787352,1.75574703,3.13200593,-9.55000019,2.40905881,-7.95000172
2.75947011,-8.74999977,0.87542377,0.87542377,1.75084753,3.11495233,-9.54999924,2.40398788,-7.95000029
2.74845636,-8.75000024,0.87304327,0.87304327,1.74608654,3.09803414,-9.55000019,2.39887857,-7.95000029
2.73748946,-8.74999977,0.87072898,0.87072898,1.74145796,3.08124781,-9.54999924,2.39373112,-7.95000029
2.72656787,-8.74999976,0.86848155,0.86848155,1.73696310,3.06459308,-9.54999924,2.38854265,-7.95000029
2.71569180,-8.75000072,0.86629898,0.86629898,1.73259796,3.04806924,-9.55000019,2.38331437,-7.95000124
2.70485628,-8.74999977,0.86417981,0.86417981,1.72835962,3.03167057,-9.54999924,2.37804198,-7.95000029
2.69406283,-8.75000119,0.86212275,0.86212275,1.72424549,3.01539946,-9.55000019,2.37272620,-7.95000219
2.68868185,-8.76360536,0.87475603,0.87475603,1.74951205,3.00999928,-9.57721043,2.36736441,-7.95000029
2.68230164,-8.77500057,0.88500990,0.88500990,1.77001981,3.00264430,-9.59999943,2.36195898,-7.95000172
2.67145967,-8.77499986,0.88307479,0.88307479,1.76614959,2.98641491,-9.59999943,2.35650444,-7.95000029
2.66065622,-8.77499986,0.88119659,0.88119659,1.76239317,2.97030878,-9.59999847,2.35100365,-7.95000124
2.64988994,-8.77500033,0.87937717,0.87937717,1.75875434,2.95432758,-9.59999847,2.34545231,-7.95000219
2.63916004,-8.77500033,0.87761603,0.87761603,1.75523206,2.93846989,-9.59999943,2.33985019,-7.95000124
2.62846375,-8.77500033,0.87590816,0.87590816,1.75181632,2.92273092,-9.59999847,2.33419657,-7.95000219
2.61780107,-8.77499961,0.87425673,0.87425673,1.74851345,2.90711355,-9.59999847,2.32848859,-7.95000076
2.60717106,-8.77500081,0.87265761,0.87265761,1.74531521,2.89161539,-9.59999943,2.32272673,-7.95000219
2.59657288,-8.77500009,0.87111209,0.87111209,1.74222419,2.87623763,-9.59999943,2.31690812,-7.95000076
2.58600426,-8.77499938,0.86961670,0.86961670,1.73923341,2.86097646,-9.59999847,2.31103206,-7.95000029
2.57791865,-8.78248787,0.86029284,0.86029284,1.72058568,2.84583688,-9.59999847,2.31000042,-7.96497726
2.57040763,-8.79192686,0.84899533,0.84899533,1.69799066,2.83081460,-9.59999943,2.31000066,-7.98385429
2.56239140,-8.80000067,0.83920759,0.83920759,1.67841519,2.81590939,-9.59999943,2.30887341,-8.00000191
2.55180180,-8.80000019,0.83794905,0.83794905,1.67589810,2.80112052,-9.59999943,2.30248308,-8.00000095
2.54123961,-8.80000067,0.83673427,0.83673427,1.67346853,2.78644609,-9.59999943,2.29603314,-8.00000191
2.53070402,-8.80000066,0.83556265,0.83556265,1.67112530,2.77188540,-9.59999847,2.28952265,-8.00000286
2.52147377,-8.80431604,0.83893819,0.83893819,1.67787639,2.75999951,-9.60863113,2.28294802,-8.00000095
2.51700318,-8.82500028,0.85939207,0.85939207,1.71878415,2.75769472,-9.64999866,2.27631164,-8.00000191
2.50642371,-8.82499981,0.85831416,0.85831416,1.71662832,2.74323606,-9.64999866,2.26961136,-8.00000095
2.49586940,-8.82500028,0.85727639,0.85727639,1.71455278,2.72889066,-9.64999962,2.26284814,-8.00000095
2.47839058,-8.79999971,0.83032963,0.83032963,1.66065926,2.70076251,-9.59999847,2.25601864,-8.00000095
2.46799469,-8.80000019,0.82939801,0.82939801,1.65879601,2.68686056,-9.59999943,2.24912882,-8.00000095
2.45761800,-8.80000067,0.82849979,0.82849979,1.65699959,2.67305684,-9.59999943,2.24217916,-8.00000191
2.44726014,-8.80000067,0.82763542,0.82763542,1.65527084,2.65935063,-9.59999943,2.23516965,-8.00000191
2.43692004,-8.80000019,0.82680156,0.82680156,1.65360312,2.64573836,-9.59999752,2.22810173,-8.00000286
2.42659867,-8.80000019,0.82600195,0.82600195,1.65200390,2.63222075,-9.59999943,2.22097659,-8.00000095
2.41629278,-8.80000067,0.82522947,0.82522947,1.65045894,2.61879134,-9.59999943,2.21379423,-8.00000191
2.40600276,-8.80000067,0.82448584,0.82448584,1.64897168,2.60544920,-9.59999943,2.20655632,-8.00000191
2.39572787,-8.80000067,0.82376942,0.82376942,1.64753883,2.59219170,-9.59999943,2.19926405,-8.00000191
2.38546849,-8.79999971,0.82307949,0.82307949,1.64615898,2.57901907,-9.59999847,2.19191790,-8.00000095
2.37522196,-8.80000019,0.82241311,0.82241311,1.64482623,2.56592488,-9.59999752,2.18451905,-8.00000286
2.36498893,-8.80000019,0.82177340,0.82177340,1.64354680,2.55290985,-9.59999847,2.17706800,-8.00000191
2.35476828,-8.80000019,0.82115621,0.82115621,1.64231241,2.53997159,-9.59999847,2.16956496,-8.00000191
2.34456086,-8.80000067,0.82056122,0.82056122,1.64112244,2.52711010,-9.59999847,2.16201162,-8.00000286
2.33436358,-8.80000067,0.81998884,0.81998884,1.63997767,2.51431823,-9.59999943,2.15440893,-8.00000191
2.32837904,-8.81894684,0.83884166,0.83884166,1.67768332,2.50999975,-9.63789082,2.14675832,-8.00000286
2.31946874,-8.82500028,0.84449444,0.84449444,1.68898889,2.49987650,-9.64999962,2.13906097,-8.00000095
2.30922723,-8.82500077,0.84396363,0.84396363,1.68792725,2.48713589,-9.64999962,2.13131857,-8.00000191
2.29899812,-8.82500076,0.84345210,0.84345210,1.68690420,2.47446418,-9.64999962,2.12353206,-8.00000191
2.28877842,-8.82500076,0.84295760,0.84295760,1.68591519,2.46185637,-9.64999866,2.11570048,-8.00000286
2.27856970,-8.82500124,0.84248165,0.84248165,1.68496330,2.44931221,-9.64999962,2.10782719,-8.00000286
2.26837027,-8.82500028,0.84202287,0.84202287,1.68404574,2.43682981,-9.64999962,2.09991074,-8.00000095
2.25818109,-8.82499981,0.84157842,0.84157842,1.68315685,2.42440724,-9.64999866,2.09195495,-8.00000095
2.24800027,-8.82500076,0.84114873,0.84114873,1.68229747,2.41204190,-9.64999866,2.08395863,-8.00000286
2.23782777,-8.82499981,0.84073476,0.84073476,1.68146952,2.39973330,-9.64999771,2.07592225,-8.00000191
2.22766364,-8.82499980,0.84033570,0.84033570,1.68067139,2.38747907,-9.64999866,2.06784821,-8.00000095
2.21750867,-8.82500028,0.83994989,0.83994989,1.67989978,2.37528038,-9.64999962,2.05973697,-8.00000095
2.20736003,-8.82500028,0.83957639,0.83957639,1.67915278,2.36313105,-9.64999962,2.05158901,-8.00000095
2.19721865,-8.82500076,0.83921504,0.83921504,1.67843008,2.35103273,-9.64999962,2.04340458,-8.00000191
2.18708384,-8.82499980,0.83886606,0.83886606,1.67773212,2.33898234,-9.64999866,2.03518534,-8.00000095
2.17695725,-8.82499981,0.83852871,0.83852871,1.67705742,2.32698154,-9.64999866,2.02693295,-8.00000095
2.16683555,-8.82500028,0.83820205,0.83820205,1.67640409,2.31502581,-9.64999866,2.01864529,-8.00000191
2.15671992,-8.82499980,0.83788686,0.83788686,1.67577372,2.30311418,-9.64999866,2.01032567,-8.00000095
2.14661026,-8.82500028,0.83758211,0.83758211,1.67516423,2.29124737,-9.64999962,2.00197315,-8.00000095
2.13650686,-8.82499980,0.83728625,0.83728625,1.67457251,2.27942348,-9.64999866,1.99359024,-8.00000095
2.12640780,-8.82499981,0.83699938,0.83699938,1.67399876,2.26763964,-9.64999771,1.98517597,-8.00000191
2.11631429,-8.82500124,0.83672325,0.83672325,1.67344651,2.25589752,-9.64999962,1.97673106,-8.00000286
2.10622508,-8.82500028,0.83645626,0.83645626,1.67291252,2.24419308,-9.64999962,1.96825707,-8.00000095
2.09614140,-8.82500028,0.83619502,0.83619502,1.67239004,2.23252821,-9.64999771,1.95975459,-8.00000286
2.08606142,-8.82500076,0.83594641,0.83594641,1.67189282,2.22090101,-9.65000057,1.95122182,-8.00000095
2.07598537,-8.82500124,0.83570194,0.83570194,1.67140388,2.20930982,-9.64999962,1.94266093,-8.00000286
2.06591356,-8.82500076,0.83546595,0.83546595,1.67093190,2.19775367,-9.64999866,1.93407345,-8.00000286
2.05584526,-8.82500076,0.83523785,0.83523785,1.67047569,2.18623209,-9.64999866,1.92545843,-8.00000286
2.04578185,-8.82499981,0.83501691,0.83501691,1.67003381,2.17474580,-9.64999771,1.91681790,-8.00000191
2.03572113,-8.82500077,0.83480364,0.83480364,1.66960728,2.16329074,-9.64999962,1.90815151,-8.00000191
2.02566355,-8.82500028,0.83459454,0.83459454,1.66918907,2.15186691,-9.64999771,1.89946020,-8.00000286
2.01560885,-8.82499980,0.83439476,0.83439476,1.66878952,2.14047480,-9.64999866,1.89074290,-8.00000095
2.00555849,-8.82500028,0.83420019,0.83420019,1.66840039,2.12911439,-9.64999962,1.88200259,-8.00000095
1.99551010,-8.82500124,0.83400995,0.83400995,1.66801990,2.11778140,-9.64999962,1.87323880,-8.00000286
1.98722506,-8.83700514,0.84596076,0.84596076,1.69192152,2.10999966,-9.67400932,1.86445045,-8.00000095
1.97905093,-8.85000038,0.85891074,0.85891074,1.71782147,2.10246181,-9.69999886,1.85564005,-8.00000191
1.96897501,-8.85000133,0.85873288,0.85873288,1.71746577,2.09114194,-9.69999981,1.84680808,-8.00000286
1.95890069,-8.84999990,0.85856081,0.85856081,1.71712162,2.07984877,-9.69999886,1.83795261,-8.00000095
1.94882977,-8.85000086,0.85839239,0.85839239,1.71678478,2.06858325,-9.69999886,1.82907629,-8.00000286
1.93876153,-8.85000086,0.85823000,0.85823000,1.71646000,2.05734539,-9.69999886,1.82017767,-8.00000286
1.92869699,-8.84999990,0.85807251,0.85807251,1.71614502,2.04613566,-9.69999790,1.81125832,-8.00000191
1.91863418,-8.85000086,0.85792076,0.85792076,1.71584152,2.03495193,-9.69999981,1.80231643,-8.00000191
1.90857387,-8.85000133,0.85777203,0.85777203,1.71554406,2.02379298,-9.69999981,1.79335475,-8.00000286
1.89851582,-8.85000133,0.85762814,0.85762814,1.71525629,2.01265883,-9.69999981,1.78437281,-8.00000286
1.88846123,-8.85000038,0.85748938,0.85748938,1.71497876,2.00154972,-9.69999981,1.77537274,-8.00000095
1.87840760,-8.85000086,0.85735326,0.85735326,1.71470651,1.99046290,-9.69999981,1.76635230,-8.00000191
1.86835622,-8.84999990,0.85722155,0.85722155,1.71444311,1.97939932,-9.69999886,1.75731313,-8.00000095
1.85830677,-8.84999990,0.85709365,0.85709365,1.71418731,1.96835816,-9.69999886,1.74825537,-8.00000095
1.84826035,-8.85000038,0.85697002,0.85697002,1.71394004,1.95734096,-9.69999981,1.73917973,-8.00000095
1.83821457,-8.85000038,0.85684843,0.85684843,1.71369686,1.94634330,-9.69999886,1.73008585,-8.00000191
1.82817060,-8.84999990,0.85673178,0.85673178,1.71346356,1.93536723,-9.69999886,1.72097397,-8.00000095
1.81812835,-8.85000038,0.85661848,0.85661848,1.71323696,1.92441189,-9.69999981,1.71184480,-8.00000095
1.80808782,-8.85000086,0.85650762,0.85650762,1.71301525,1.91347802,-9.69999981,1.70269763,-8.00000191
1.79804945,-8.85000133,0.85640000,0.85640000,1.71280000,1.90256524,-9.69999981,1.69353366,-8.00000286
1.78801143,-8.85000038,0.85629501,0.85629501,1.71259003,1.89167130,-9.69999790,1.68435156,-8.00000286
1.77797496,-8.85000038,0.85619486,0.85619486,1.71238972,1.88079631,-9.69999886,1.67515361,-8.00000191
1.76793981,-8.84999990,0.85609709,0.85609709,1.71219417,1.86993980,-9.69999886,1.66593981,-8.00000095
1.75955134,-8.86381388,0.84209009,0.84209009,1.68418019,1.85910237,-9.69999886,1.66000032,-8.02762890
1.75082707,-8.87500048,0.83073357,0.83073357,1.66146713,1.84828222,-9.69999790,1.65337193,-8.05000305
1.74077279,-8.87500143,0.83064708,0.83064708,1.66129417,1.83747983,-9.69999981,1.64406574,-8.05000305
1.73071963,-8.87500000,0.83056261,0.83056261,1.66112522,1.82669425,-9.69999886,1.63474500,-8.05000114
1.72066915,-8.87500095,0.83048003,0.83048003,1.66096006,1.81592655,-9.69999981,1.62541175,-8.05000210
1.71061897,-8.87500048,0.83039938,0.83039938,1.66079877,1.80517483,-9.69999886,1.61606312,-8.05000210
1.70057022,-8.87500096,0.83032092,0.83032092,1.66064185,1.79443872,-9.69999886,1.60670173,-8.05000305
1.69052267,-8.87500048,0.83024669,0.83024669,1.66049337,1.78371954,-9.69999981,1.59732580,-8.05000114
1.68047708,-8.87500048,0.83017320,0.83017320,1.66034641,1.77301705,-9.69999981,1.58793712,-8.05000114
1.67043173,-8.87500000,0.83010121,0.83010121,1.66020243,1.76232791,-9.69999886,1.57853556,-8.05000114
1.66038769,-8.87500096,0.83003173,0.83003173,1.66006346,1.75165415,-9.69999981,1.56912124,-8.05000210
1.65034432,-8.87500000,0.82996320,0.82996320,1.65992641,1.74099410,-9.69999790,1.55969453,-8.05000210
1.64030319,-8.87500047,0.82989890,0.82989890,1.65979780,1.73034918,-9.69999981,1.55025721,-8.05000114
1.63026202,-8.87500048,0.82983493,0.82983493,1.65966987,1.71971655,-9.69999981,1.54080749,-8.05000114
1.62022173,-8.87500143,0.82977177,0.82977177,1.65954354,1.70909727,-9.69999981,1.53134620,-8.05000305
1.61018223,-8.87500000,0.82971084,0.82971084,1.65942168,1.69849157,-9.69999790,1.52187288,-8.05000210
1.60014439,-8.87500000,0.82965208,0.82965208,1.65930416,1.68789995,-9.69999790,1.51238883,-8.05000210
1.59010643,-8.87500048,0.82959453,0.82959453,1.65918906,1.67732072,-9.69999790,1.50289214,-8.05000305
1.58006936,-8.87500095,0.82953949,0.82953949,1.65907899,1.66675401,-9.69999886,1.49338472,-8.05000305
1.57003278,-8.87500143,0.82948601,0.82948601,1.65897202,1.65619957,-9.69999981,1.48386598,-8.05000305
1.55999696,-8.87500143,0.82943368,0.82943368,1.65886735,1.64565849,-9.69999981,1.47433543,-8.05000305
1.54996241,-8.87500048,0.82938378,0.82938378,1.65876756,1.63513017,-9.69999981,1.46479464,-8.05000114
1.53992778,-8.87500143,0.82933347,0.82933347,1.65866694,1.62461352,-9.69999981,1.45524204,-8.05000305
1.52989340,-8.87500095,0.82928606,0.82928606,1.65857211,1.61410892,-9.69999981,1.44567788,-8.05000210
1.51985949,-8.87499904,0.82923968,0.82923968,1.65847936,1.60361707,-9.69999790,1.43610191,-8.05000019
1.50982719,-8.87500143,0.82919417,0.82919417,1.65838834,1.59313774,-9.69999981,1.42651665,-8.05000305
1.49979406,-8.87499952,0.82915051,0.82915051,1.65830102,1.58266890,-9.69999790,1.41691923,-8.05000114
1.48976165,-8.87500096,0.82910770,0.82910770,1.65821540,1.57221186,-9.69999886,1.40731144,-8.05000305
1.47972936,-8.87499952,0.82906714,0.82906714,1.65813428,1.56176591,-9.69999790,1.39769280,-8.05000114
1.47217214,-8.90000009,0.85415009,0.85415009,1.70830018,1.55628014,-9.74999905,1.38806415,-8.05000114
1.46212876,-8.89999962,0.85411003,0.85411003,1.70822006,1.54583383,-9.74999809,1.37842369,-8.05000114
1.45208603,-8.90000009,0.85407110,0.85407110,1.70814219,1.53539777,-9.74999809,1.36877429,-8.05000210
1.44204372,-8.89999962,0.85403448,0.85403448,1.70806896,1.52497435,-9.74999809,1.35911310,-8.05000114
1.43200314,-8.90000009,0.85399904,0.85399904,1.70799809,1.51456308,-9.74999905,1.34944320,-8.05000114
1.42196191,-8.90000057,0.85396472,0.85396472,1.70792944,1.50416112,-9.75000000,1.33976269,-8.05000114
1.41192133,-8.90000009,0.85393067,0.85393067,1.70786134,1.49377096,-9.74999905,1.33007169,-8.05000114
1.40188122,-8.90000057,0.85389864,0.85389864,1.70779728,1.48339105,-9.75000000,1.32037139,-8.05000114
1.39184231,-8.90000010,0.85386685,0.85386685,1.70773370,1.47302341,-9.74999905,1.31066120,-8.05000114
1.38418138,-8.92500067,0.82872311,0.82872311,1.65744623,1.46266496,-9.74999905,1.30569780,-8.10000229
1.37413341,-8.92500020,0.82869526,0.82869526,1.65739053,1.45231736,-9.74999905,1.29594946,-8.10000134
1.36408597,-8.92499972,0.82866832,0.82866832,1.65733663,1.44197869,-9.74999905,1.28619325,-8.10000038
1.35404026,-8.92500019,0.82864146,0.82864146,1.65728292,1.43165183,-9.74999905,1.27642870,-8.10000134
1.34399414,-8.92499972,0.82861557,0.82861557,1.65723114,1.42133391,-9.74999809,1.26665437,-8.10000134
1.33394855,-8.92499972,0.82859106,0.82859106,1.65718212,1.41102529,-9.74999809,1.25687182,-8.10000134
1.32390368,-8.92499923,0.82856797,0.82856797,1.65713594,1.40072668,-9.74999809,1.24708068,-8.10000038
1.31385935,-8.92499972,0.82854478,0.82854478,1.65708957,1.39043701,-9.74999809,1.23728168,-8.10000134
1.30381632,-8.92499972,0.82852392,0.82852392,1.65704785,1.38015759,-9.74999905,1.22747505,-8.10000038
1.29377282,-8.92500019,0.82850246,0.82850246,1.65700493,1.36988604,-9.74999905,1.21765959,-8.10000134
1.28372997,-8.92500067,0.82848280,0.82848280,1.65696560,1.35962367,-9.75000000,1.20783627,-8.10000134
1.27368718,-8.92499923,0.82846301,0.82846301,1.65692603,1.34936976,-9.74999809,1.19800460,-8.10000038
1.26364607,-8.92499972,0.82844493,0.82844493,1.65688985,1.33912516,-9.74999905,1.18816698,-8.10000038
1.25360436,-8.92500019,0.82842765,0.82842765,1.65685531,1.32888842,-9.75000000,1.17832029,-8.10000038
1.24356288,-8.92499972,0.82840916,0.82840916,1.65681832,1.31865895,-9.74999809,1.16846681,-8.10000134
1.23352188,-8.92500020,0.82839336,0.82839336,1.65678672,1.30843818,-9.74999905,1.15860558,-8.10000134
1.22348202,-8.92499972,0.82837924,0.82837924,1.65675849,1.29822624,-9.75000000,1.14873779,-8.09999943
1.21344155,-8.92499923,0.82836290,0.82836290,1.65672580,1.28802025,-9.74999809,1.13886285,-8.10000038
1.20340150,-8.92500020,0.82834867,0.82834867,1.65669735,1.27782202,-9.74999905,1.12898099,-8.10000134
1.19336164,-8.92500019,0.82833608,0.82833608,1.65667217,1.26763129,-9.75000000,1.11909199,-8.10000038
1.18332302,-8.92500019,0.82832129,0.82832129,1.65664259,1.25744879,-9.74999809,1.10919726,-8.10000229
1.17328352,-8.92500019,0.82831089,0.82831089,1.65662178,1.24727166,-9.75000000,1.09929538,-8.10000038
1.16324431,-8.92500019,0.82829921,0.82829921,1.65659842,1.23710155,-9.75000000,1.08938706,-8.10000038
1.15320528,-8.92500019,0.82828715,0.82828715,1.65657431,1.22693789,-9.74999905,1.07947266,-8.10000134
1.14316743,-8.92500019,0.82827760,0.82827760,1.65655520,1.21678197,-9.75000000,1.06955290,-8.10000038
1.13312882,-8.92500114,0.82826665,0.82826665,1.65653329,1.20663071,-9.75000000,1.05962694,-8.10000229
1.12309009,-8.92499972,0.82825676,0.82825676,1.65651352,1.19648588,-9.74999809,1.04969430,-8.10000134
1.11305189,-8.92500115,0.82824830,0.82824830,1.65649660,1.18634677,-9.75000000,1.03975701,-8.10000229
1.10301447,-8.92500114,0.82823987,0.82823987,1.65647974,1.17621398,-9.75000000,1.02981496,-8.10000229
1.09297627,-8.92499972,0.82823250,0.82823250,1.65646499,1.16608691,-9.74999905,1.01986563,-8.10000038
1.08495599,-8.94779635,0.85111080,0.85111080,1.70222160,1.15999997,-9.79559231,1.00991201,-8.10000038
1.07511088,-8.95000124,0.85331519,0.85331519,1.70663039,1.15026808,-9.80000019,0.99995369,-8.10000229
1.06507048,-8.95000077,0.85330792,0.85330792,1.70661584,1.14015043,-9.79999924,0.98999053,-8.10000229
1.05503159,-8.95000124,0.85330207,0.85330207,1.70660415,1.13003969,-9.80000019,0.98002350,-8.10000229
1.04499150,-8.95000029,0.85329597,0.85329597,1.70659195,1.11993015,-9.79999924,0.97005284,-8.10000134
1.03495195,-8.95000028,0.85329109,0.85329109,1.70658219,1.10982418,-9.80000019,0.96007973,-8.10000038
1.02491215,-8.94999981,0.85328489,0.85328489,1.70656978,1.09971905,-9.79999924,0.95010525,-8.10000038
1.01487383,-8.95000124,0.85327862,0.85327862,1.70655724,1.08961463,-9.80000019,0.94013304,-8.10000229
1.00483424,-8.95000028,0.85327372,0.85327372,1.70654744,1.07950819,-9.80000019,0.93016028,-8.10000038
0.99479494,-8.95000124,0.85326673,0.85326673,1.70653345,1.06939983,-9.80000019,0.92019004,-8.10000229
0.98475567,-8.95000124,0.85326042,0.85326042,1.70652084,1.05928838,-9.80000019,0.91022295,-8.10000229
0.97471729,-8.94999981,0.85325324,0.85325324,1.70650648,1.04917324,-9.79999828,0.90026134,-8.10000134
0.96467823,-8.95000077,0.85324704,0.85324704,1.70649409,1.03905225,-9.80000019,0.89030421,-8.10000134
0.95463902,-8.95000028,0.85323977,0.85323977,1.70647955,1.02892411,-9.80000019,0.88035393,-8.10000038
0.94460002,-8.95000077,0.85322995,0.85322995,1.70645990,1.01878858,-9.79999924,0.87041146,-8.10000229
0.93456206,-8.95000124,0.85322124,0.85322124,1.70644248,1.00864494,-9.80000019,0.86047918,-8.10000229
0.92669868,-8.97500038,0.82811757,0.82811757,1.65623513,0.99849015,-9.80000019,0.85490721,-8.15000057
0.91665629,-8.97500038,0.82810678,0.82810678,1.65621357,0.98832327,-9.80000019,0.84498930,-8.15000057
0.90661374,-8.97500086,0.82809451,0.82809451,1.65618903,0.97814435,-9.80000019,0.83508313,-8.15000153
0.89657190,-8.97500133,0.82808118,0.82808118,1.65616235,0.96795344,-9.80000019,0.82519037,-8.15000248
0.88652885,-8.97499990,0.82806749,0.82806749,1.65613499,0.95774591,-9.79999924,0.81531179,-8.15000057
0.87648579,-8.97500086,0.82805206,0.82805206,1.65610413,0.94752330,-9.80000019,0.80544829,-8.15000153
0.86644251,-8.97500039,0.82803475,0.82803475,1.65606950,0.93728340,-9.79999924,0.79560161,-8.15000153
0.85639992,-8.97499991,0.82801596,0.82801596,1.65603191,0.92702645,-9.79999828,0.78577340,-8.15000153
0.84635639,-8.97499943,0.82799650,0.82799650,1.65599300,0.91674882,-9.79999828,0.77596396,-8.15000057
0.83631289,-8.97500038,0.82797591,0.82797591,1.65595182,0.90645146,-9.80000019,0.76617432,-8.15000057
0.82626930,-8.97499943,0.82795158,0.82795158,1.65590317,0.89613140,-9.79999828,0.75640720,-8.15000057
0.81622571,-8.97500086,0.82792689,0.82792689,1.65585378,0.88578892,-9.80000019,0.74666250,-8.15000153
0.80618316,-8.97499943,0.82789930,0.82789930,1.65579860,0.87542289,-9.79999828,0.73694342,-8.15000057
0.79613978,-8.97500038,0.82787114,0.82787114,1.65574229,0.86503059,-9.80000019,0.72724897,-8.15000057
0.78609649,-8.97499991,0.82783948,0.82783948,1.65567896,0.85461146,-9.79999924,0.71758151,-8.15000057
0.77605363,-8.97500038,0.82780660,0.82780660,1.65561320,0.84416443,-9.80000019,0.70794284,-8.15000057
0.76601199,-8.97500039,0.82777004,0.82777004,1.65554008,0.83368862,-9.79999924,0.69833535,-8.15000153
0.75596979,-8.97500133,0.82773210,0.82773210,1.65546421,0.82318085,-9.80000019,0.68875873,-8.15000248
0.74592811,-8.97500038,0.82769282,0.82769282,1.65538565,0.81264186,-9.80000019,0.67921436,-8.15000057
0.73588705,-8.97500038,0.82765018,0.82765018,1.65530036,0.80206960,-9.80000019,0.66970450,-8.15000057
0.72584764,-8.97499991,0.82760456,0.82760456,1.65520913,0.79146326,-9.79999924,0.66023201,-8.15000057
0.71580815,-8.97500086,0.82755595,0.82755595,1.65511189,0.78081983,-9.79999924,0.65079647,-8.15000248
0.70576969,-8.97500086,0.82750577,0.82750577,1.65501154,0.77013952,-9.79999924,0.64139986,-8.15000248
0.69602221,-8.97875785,0.83122307,0.83122307,1.66244614,0.75999999,-9.80751514,0.63204443,-8.15000057
0.68760475,-8.99999905,0.85247045,0.85247045,1.70494090,0.75247741,-9.84999752,0.62273210,-8.15000057
0.67754683,-9.00000048,0.85241120,0.85241120,1.70482239,0.74162984,-9.84999943,0.61346382,-8.15000153
0.66748902,-9.00000096,0.85234840,0.85234840,1.70469680,0.73073763,-9.84999943,0.60424042,-8.15000248
0.65743124,-9.00000048,0.85228382,0.85228382,1.70456764,0.71979707,-9.84999943,0.59506541,-8.15000153
0.64737501,-9.00000048,0.85221524,0.85221524,1.70443047,0.70880967,-9.84999847,0.58594036,-8.15000248
0.63731829,-8.99999952,0.85214600,0.85214600,1.70429200,0.69777149,-9.84999847,0.57686508,-8.15000057
0.62726238,-9.00000000,0.85207373,0.85207373,1.70414747,0.68668139,-9.84999943,0.56784338,-8.15000057
0.61720717,-9.00000048,0.85199812,0.85199812,1.70399623,0.67553878,-9.84999943,0.55887556,-8.15000153
0.60715395,-9.00000000,0.85192012,0.85192012,1.70384024,0.66434216,-9.84999847,0.54996574,-8.15000153
0.59710091,-9.00000048,0.85184091,0.85184091,1.70368182,0.65308946,-9.84999943,0.54111236,-8.15000153
0.58704912,-8.99999952,0.85175917,0.85175917,1.70351833,0.64177996,-9.84999847,0.53231829,-8.15000057
0.57699883,-9.00000000,0.85167500,0.85167500,1.70335001,0.63041151,-9.84999847,0.52358615,-8.15000153
0.56695032,-9.00000047,0.85158914,0.85158914,1.70317827,0.61898363,-9.84999847,0.51491702,-8.15000248
0.55690456,-9.00000000,0.85150367,0.85150367,1.70300733,0.60749567,-9.84999943,0.50631344,-8.15000057
0.54685986,-8.99999904,0.85141451,0.85141451,1.70282902,0.59594405,-9.84999752,0.49777567,-8.15000057
0.53681759,-9.00000096,0.85132534,0.85132534,1.70265067,0.58432990,-9.84999943,0.48930529,-8.15000248
0.52677771,-9.00000000,0.85123543,0.85123543,1.70247086,0.57265097,-9.84999847,0.48090446,-8.15000153
0.51674154,-9.00000000,0.85114608,0.85114608,1.70229216,0.56090736,-9.84999943,0.47257572,-8.15000057
0.50670737,-9.00000000,0.85105575,0.85105575,1.70211150,0.54909670,-9.84999943,0.46431804,-8.15000057
0.49667643,-9.00000047,0.85096434,0.85096434,1.70192869,0.53721929,-9.84999847,0.45613357,-8.15000248
0.48664892,-9.00000000,0.85087563,0.85087563,1.70175125,0.52527446,-9.84999847,0.44802338,-8.15000153
0.47662610,-9.00000000,0.85078857,0.85078857,1.70157714,0.51326162,-9.84999943,0.43999058,-8.15000057
0.46660628,-8.99999952,0.85070179,0.85070179,1.70140357,0.50117958,-9.84999847,0.43203297,-8.15000057
0.45659070,-8.99999952,0.85061766,0.85061766,1.70123532,0.48902813,-9.84999847,0.42415327,-8.15000057
0.44657963,-9.00000000,0.85053579,0.85053579,1.70107158,0.47680765,-9.84999847,0.41635162,-8.15000153
0.43657428,-8.99999905,0.85045775,0.85045775,1.70091550,0.46452022,-9.84999752,0.40862834,-8.15000057
0.42657308,-9.00000048,0.85038319,0.85038319,1.70076637,0.45216551,-9.84999847,0.40098065,-8.15000248
0.41657716,-8.99999952,0.85031372,0.85031372,1.70062743,0.43974668,-9.84999752,0.39340764,-8.15000153
0.40658687,-9.00000000,0.85024902,0.85024902,1.70049804,0.42726567,-9.84999752,0.38590807,-8.15000248
0.39660337,-8.99999952,0.85019210,0.85019210,1.70038420,0.41472486,-9.84999847,0.37848189,-8.15000057
0.38662505,-9.00000000,0.85013881,0.85013881,1.70027761,0.40212369,-9.84999752,0.37112641,-8.15000248
0.37665299,-8.99999905,0.85009502,0.85009502,1.70019004,0.38946444,-9.84999752,0.36384153,-8.15000057
0.36668746,-8.99999952,0.85005850,0.85005850,1.70011699,0.37674889,-9.84999847,0.35662603,-8.15000057
0.35672975,-9.00000048,0.85002891,0.85002891,1.70005783,0.36397982,-9.84999847,0.34947968,-8.15000248
0.34677798,-8.99999905,0.85000975,0.85000975,1.70001950,0.35115561,-9.84999752,0.34240034,-8.15000057
0.33683347,-9.00000048,0.85000018,0.85000018,1.70000036,0.33827907,-9.84999943,0.33538786,-8.15000153
0.32689631,-9.00000048,0.85000035,0.85000035,1.70000071,0.32535133,-9.84999943,0.32844129,-8.15000153
0.31696682,-8.99999952,0.85001136,0.85001136,1.70002272,0.31237331,-9.84999847,0.32156032,-8.15000057
0.30704587,-9.00000048,0.85003286,0.85003286,1.70006572,0.29934695,-9.84999847,0.31474480,-8.15000248
0.29713205,-9.00000048,0.85006834,0.85006834,1.70013669,0.28627053,-9.84999943,0.30799356,-8.15000153
0.28722628,-8.99999953,0.85011459,0.85011459,1.70022917,0.27314731,-9.84999752,0.30130526,-8.15000153
0.27732878,-9.00000048,0.85017605,0.85017605,1.70035211,0.25997630,-9.84999943,0.29468125,-8.15000153
0.26744061,-9.00000000,0.85024904,0.85024904,1.70049808,0.24676093,-9.84999752,0.28812030,-8.15000248
0.25756018,-9.00000000,0.85033801,0.85033801,1.70067603,0.23349874,-9.84999752,0.28162161,-8.15000248
0.24768842,-9.00000000,0.85044406,0.85044406,1.70088813,0.22019164,-9.84999943,0.27518520,-8.15000057
0.23782560,-8.99999952,0.85056257,0.85056257,1.70112515,0.20684014,-9.84999752,0.26881105,-8.15000153
0.22797269,-9.00000000,0.85069945,0.85069945,1.70139889,0.19344516,-9.84999847,0.26250023,-8.15000153
0.21812807,-9.00000000,0.85085292,0.85085292,1.70170584,0.18000600,-9.84999847,0.25625014,-8.15000153
0.20829271,-9.00000000,0.85102416,0.85102416,1.70204831,0.16652291,-9.84999847,0.25006250,-8.15000153
0.19846675,-9.00000000,0.85121475,0.85121475,1.70242950,0.15299681,-9.84999943,0.24393669,-8.15000057
0.18865140,-8.99999953,0.85142198,0.85142198,1.70284395,0.13942954,-9.84999752,0.23787327,-8.15000153
0.17884472,-9.00000048,0.85165144,0.85165144,1.70330288,0.12581681,-9.84999943,0.23187263,-8.15000153
0.16904790,-9.00000000,0.85190080,0.85190080,1.70380161,0.11216250,-9.84999943,0.22593330,-8.15000057
0.15747291,-9.02500010,0.87723387,0.87723387,1.75446774,0.09488879,-9.89999866,0.22005703,-8.15000153
0.14758049,-9.02500009,0.87753532,0.87753532,1.75507063,0.08091670,-9.89999962,0.21424428,-8.15000057
0.13769570,-9.02500057,0.87785764,0.87785764,1.75571528,0.06689757,-9.89999866,0.20849383,-8.15000248
0.12781983,-9.02499962,0.87820551,0.87820551,1.75641102,0.05283142,-9.89999771,0.20280825,-8.15000153
0.11795250,-9.02500057,0.87857908,0.87857908,1.75715815,0.03871954,-9.89999962,0.19718547,-8.15000153
0.10809535,-9.02499914,0.87897683,0.87897683,1.75795366,0.02456231,-9.89999771,0.19162840,-8.15000057
0.09824626,-9.02500057,0.87940200,0.87940200,1.75880400,0.01035685,-9.89999962,0.18613566,-8.15000153
0.08840638,-9.02500010,0.87985354,0.87985354,1.75970709,-0.00389621,-9.89999866,0.18070897,-8.15000153
0.07857568,-9.02499962,0.88033321,0.88033321,1.76066642,-0.01819674,-9.89999771,0.17534810,-8.15000153
0.06875421,-9.02500009,0.88084199,0.88084199,1.76168398,-0.03254626,-9.89999771,0.17005469,-8.15000248
0.05894303,-9.02500057,0.88138166,0.88138166,1.76276333,-0.04694361,-9.89999866,0.16482966,-8.15000248
0.04913975,-9.02500009,0.88195221,0.88195221,1.76390443,-0.06139178,-9.89999866,0.15967128,-8.15000153
0.03934493,-9.02500009,0.88255505,0.88255505,1.76511009,-0.07589065,-9.89999962,0.15458052,-8.15000057
0.02955808,-9.02500010,0.88318870,0.88318870,1.76637740,-0.09044105,-9.89999866,0.14955720,-8.15000153
0.01977916,-9.02500057,0.88385744,0.88385744,1.76771488,-0.10504329,-9.89999962,0.14460161,-8.15000153
0.01000635,-9.02500009,0.88455978,0.88455978,1.76911957,-0.11969917,-9.89999866,0.13971187,-8.15000153
0.00023961,-9.02500009,0.88529934,0.88529934,1.77059869,-0.13441089,-9.89999962,0.13489012,-8.15000057
-0.00952170,-9.02500057,0.88607405,0.88607405,1.77214810,-0.14917803,-9.89999962,0.13013463,-8.15000153
-0.01927728,-9.02499962,0.88688591,0.88688591,1.77377182,-0.16400100,-9.89999771,0.12544645,-8.15000153
-0.02902993,-9.02500105,0.88773791,0.88773791,1.77547583,-0.17888354,-9.89999962,0.12082369,-8.15000248
-0.03877893,-9.02500009,0.88862921,0.88862921,1.77725841,-0.19382530,-9.89999866,0.11626745,-8.15000153
-0.04852605,-9.02500057,0.88956175,0.88956175,1.77912350,-0.20882821,-9.89999962,0.11177610,-8.15000153
-0.05694633,-9.01800299,0.89765753,0.89765753,1.79531507,-0.22389241,-9.89999962,0.10999974,-8.13600636
-0.06451098,-9.00706624,0.90982544,0.90982544,1.81965088,-0.23902182,-9.89999866,0.10999987,-8.11413383
-0.07272070,-9.00000048,0.91811736,0.91811736,1.83623473,-0.25421736,-9.89999962,0.10877597,-8.10000134
-0.08231117,-9.00000000,0.91925512,0.91925512,1.83851024,-0.26948059,-9.89999866,0.10485825,-8.10000134
-0.09190152,-9.00000048,0.92044060,0.92044060,1.84088120,-0.28481126,-9.89999866,0.10100823,-8.10000229
-0.10701505,-9.02500010,0.94727930,0.94727930,1.89455861,-0.31125414,-9.94999981,0.09722405,-8.10000038
-0.11677529,-9.02500010,0.94859958,0.94859958,1.89719916,-0.32705715,-9.94999886,0.09350657,-8.10000134
-0.12654183,-9.02499962,0.94997426,0.94997426,1.89994852,-0.34293845,-9.94999886,0.08985479,-8.10000038
-0.13631553,-9.02499914,0.95140240,0.95140240,1.90280481,-0.35889995,-9.94999790,0.08626890,-8.10000038
-0.14609964,-9.02499962,0.95288716,0.95288716,1.90577431,-0.37494531,-9.94999886,0.08274603,-8.10000038
-0.15589485,-9.02500057,0.95442875,0.95442875,1.90885749,-0.39107701,-9.94999981,0.07928731,-8.10000134
-0.16570228,-9.02500057,0.95602885,0.95602885,1.91205771,-0.40729612,-9.94999981,0.07589156,-8.10000134
-0.17552367,-9.02500057,0.95768918,0.95768918,1.91537836,-0.42360628,-9.94999981,0.07255894,-8.10000134
-0.18535985,-9.02500010,0.95941035,0.95941035,1.91882071,-0.44000769,-9.94999886,0.06928798,-8.10000134
-0.19521458,-9.02500009,0.96119631,0.96119631,1.92239262,-0.45650727,-9.94999981,0.06607811,-8.10000038
-0.20508849,-9.02500057,0.96304435,0.96304435,1.92608869,-0.47310451,-9.94999886,0.06292753,-8.10000229
-0.21498349,-9.02499962,0.96496086,0.96496086,1.92992172,-0.48980319,-9.94999886,0.05983620,-8.10000038
-0.22490130,-9.02500010,0.96694469,0.96694469,1.93388938,-0.50660604,-9.94999981,0.05680344,-8.10000038
-0.23484511,-9.02500010,0.96899657,0.96899657,1.93799314,-0.52351731,-9.94999886,0.05382710,-8.10000134
-0.24481612,-9.02499962,0.97112090,0.97112090,1.94224181,-0.54053932,-9.94999886,0.05090709,-8.10000038
-0.25481705,-9.02500057,0.97331780,0.97331780,1.94663559,-0.55767667,-9.94999981,0.04804257,-8.10000134
-0.26484874,-9.02500105,0.97558831,0.97558831,1.95117661,-0.57492912,-9.94999981,0.04523163,-8.10000229
-0.27491527,-9.02499914,0.97793591,0.97793591,1.95587183,-0.59230453,-9.94999790,0.04247400,-8.10000038
-0.28501897,-9.02500010,0.98036256,0.98036256,1.96072511,-0.60980546,-9.94999981,0.03976753,-8.10000038
-0.29516181,-9.02500009,0.98286597,0.98286597,1.96573194,-0.62743366,-9.94999790,0.03711003,-8.10000229
-0.31453023,-9.04999972,1.01208737,1.01208737,2.02417473,-0.66356307,-9.99999809,0.03450261,-8.10000134
-0.32496631,-9.05000019,1.01483158,1.01483158,2.02966317,-0.68187457,-10.00000000,0.03194195,-8.10000038
-0.33545159,-9.04999924,1.01766120,1.01766120,2.03532239,-0.70033032,-9.99999809,0.02942713,-8.10000038
-0.34599009,-9.05000019,1.02058245,1.02058245,2.04116490,-0.71893632,-10.00000000,0.02695615,-8.10000038
-0.35658268,-9.05000067,1.02359251,1.02359251,2.04718503,-0.73769253,-9.99999905,0.02452716,-8.10000229
-0.36723424,-9.05000019,1.02669943,1.02669943,2.05339886,-0.75660819,-10.00000000,0.02213972,-8.10000038
-0.37794732,-9.05000019,1.02990028,1.02990028,2.05980056,-0.77568460,-10.00000000,0.01978996,-8.10000038
-0.38872467,-9.05000019,1.03319944,1.03319944,2.06639888,-0.79492837,-10.00000000,0.01747903,-8.10000038
-0.39956875,-9.05000019,1.03659648,1.03659648,2.07319297,-0.81433910,-9.99999905,0.01520160,-8.10000134
-0.41048430,-9.05000019,1.04009613,1.04009613,2.08019226,-0.83392727,-9.99999809,0.01295866,-8.10000229
-0.42147361,-9.05000067,1.04370216,1.04370216,2.08740431,-0.85369515,-10.00000000,0.01074794,-8.10000134
-0.43182335,-9.04845620,1.04911470,1.04911470,2.09822940,-0.87364668,-9.99999905,0.00999997,-8.09691334
-0.44189335,-9.04621410,1.05542086,1.05542086,2.11084171,-0.89378655,-9.99999905,0.00999985,-8.09242916
-0.45205945,-9.04408884,1.06172621,1.06172621,2.12345241,-0.91411811,-9.99999905,0.00999921,-8.08817863
-0.46232603,-9.04207182,1.06804298,1.06804298,2.13608595,-0.93465137,-9.99999905,0.00999930,-8.08414459
-0.47269314,-9.04015589,1.07437871,1.07437871,2.14875742,-0.95538616,-9.99999809,0.00999989,-8.08031368
-0.48316560,-9.03833866,1.08074252,1.08074252,2.16148505,-0.97633076,-10.00000000,0.00999955,-8.07667732
-0.49374273,-9.03660822,1.08714114,1.08714114,2.17428229,-0.99748456,-9.99999809,0.00999909,-8.07321835
-0.50443042,-9.03496456,1.09358632,1.09358632,2.18717265,-1.01885986,-10.00000000,0.00999902,-8.06992912
-0.51522828,-9.03339625,1.10008440,1.10008440,2.20016880,-1.04045653,-9.99999905,0.00999996,-8.06679344
-0.52614089,-9.03190422,1.10664191,1.10664191,2.21328381,-1.06228161,-10.00000000,0.00999983,-8.06380844
-0.53716900,-9.03047991,1.11326667,1.11326667,2.22653334,-1.08433759,-10.00000000,0.00999960,-8.06095982
-0.54831673,-9.02912092,1.11996577,1.11996577,2.23993153,-1.10663307,-10.00000000,0.00999960,-8.05824184
-0.55958493,-9.02782011,1.12674702,1.12674702,2.25349403,-1.12916982,-9.99999905,0.00999996,-8.05564117
-0.58590003,-9.05157948,1.16272936,1.16272936,2.32545872,-1.18179905,-10.05000019,0.00999898,-8.05315876
-0.59769440,-9.05038881,1.16983518,1.16983518,2.33967036,-1.20538795,-10.05000019,0.00999915,-8.05077744
-0.61008856,-9.05000114,1.17615816,1.17615816,2.35231632,-1.22924268,-10.04999924,0.00906557,-8.05000305
-0.63861264,-9.07500076,1.21173431,1.21173431,2.42346862,-1.28489411,-10.09999847,0.00766882,-8.05000305
-0.65179615,-9.07500077,1.21806398,1.21806398,2.43612796,-1.30986726,-10.09999943,0.00627497,-8.05000210
-0.64255676,-9.04048299,1.18331552,1.18331552,2.36663103,-1.28999889,-10.03096485,0.00488536,-8.05000114
-0.64531951,-9.02500153,1.17114493,1.17114493,2.34228985,-1.29413259,-10.00000000,0.00349357,-8.05000305
-0.65834429,-9.02500105,1.17762918,1.17762918,2.35525836,-1.31878924,-10.00000000,0.00210067,-8.05000210
-0.68875235,-9.05000067,1.21463746,1.21463746,2.42927491,-1.37820649,-10.04999924,0.00070179,-8.05000210
-0.70238026,-9.05000115,1.22161738,1.22161738,2.44323477,-1.40405750,-10.05000019,-0.00070303,-8.05000210
-0.71616923,-9.05000067,1.22876807,1.22876807,2.45753613,-1.43022239,-10.05000019,-0.00211608,-8.05000114
-0.73012277,-9.05000114,1.23609011,1.23609011,2.47218021,-1.45670426,-10.05000019,-0.00354128,-8.05000210
-0.74424534,-9.05000067,1.24358865,1.24358865,2.48717731,-1.48351228,-10.04999924,-0.00497841,-8.05000210
-0.77321492,-9.06950808,1.27567739,1.27567739,2.55135477,-1.53999937,-10.08901501,-0.00643046,-8.05000114
-0.77394959,-9.05121708,1.26066049,1.26066049,2.52132098,-1.53999889,-10.05243301,-0.00790030,-8.05000114
-0.78768169,-9.05000067,1.26717561,1.26717561,2.53435122,-1.56597269,-10.04999924,-0.00939069,-8.05000210
-0.80253515,-9.05000019,1.27541382,1.27541382,2.55082763,-1.59416783,-10.04999924,-0.01090247,-8.05000114
-0.81758641,-9.05000019,1.28384515,1.28384515,2.56769029,-1.62273252,-10.04999924,-0.01244030,-8.05000114
-0.82700235,-9.04287386,1.28326051,1.28326051,2.56652103,-1.63999879,-10.03574562,-0.01400591,-8.05000210
-0.82780030,-9.02538061,1.26926401,1.26926401,2.53852802,-1.63999856,-10.00076008,-0.01560203,-8.05000114
-0.84280849,-9.02500009,1.27757675,1.27757675,2.55515349,-1.66838670,-9.99999905,-0.01723028,-8.05000114
-0.85444782,-9.02046538,1.28060303,1.28060303,2.56120607,-1.68999863,-9.99092865,-0.01889700,-8.05000210
-0.85529951,-9.00350427,1.26723741,1.26723741,2.53447481,-1.68999851,-9.95700741,-0.02060052,-8.05000114
-0.85617325,-8.98686600,1.25418441,1.25418441,2.50836881,-1.68999851,-9.92372990,-0.02234800,-8.05000210
-0.85706978,-8.97054053,1.24143556,1.24143556,2.48287112,-1.68999910,-9.89107895,-0.02414046,-8.05000210
-0.85798926,-8.95451641,1.22897830,1.22897830,2.45795660,-1.68999875,-9.85903168,-0.02597977,-8.05000114
-0.85893515,-8.93878698,1.21680194,1.21680194,2.43360389,-1.68999875,-9.82757282,-0.02787156,-8.05000114
-0.85990926,-8.92333937,1.20489275,1.20489275,2.40978551,-1.68999875,-9.79667664,-0.02981977,-8.05000210
-0.86091178,-8.90816498,1.19324371,1.19324371,2.38648743,-1.68999887,-9.76632881,-0.03182470,-8.05000114
-0.86194526,-8.89325619,1.18184189,1.18184189,2.36368377,-1.68999887,-9.73651028,-0.03389165,-8.05000210
-0.86301089,-8.87860537,1.17068104,1.17068104,2.34136207,-1.68999887,-9.70720959,-0.03602290,-8.05000114
-0.86411090,-8.86420155,1.15974738,1.15974738,2.31949476,-1.68999839,-9.67840290,-0.03822342,-8.05000019
-0.86524872,-8.85003996,1.14903166,1.14903166,2.29806333,-1.68999910,-9.65007782,-0.04049834,-8.05000210
-0.86642349,-8.83611107,1.13852808,1.13852808,2.27705616,-1.68999946,-9.62222099,-0.04284752,-8.05000114
-0.86763739,-8.82240915,1.12822504,1.12822504,2.25645008,-1.68999839,-9.59481716,-0.04527640,-8.05000114
-0.86889386,-8.80892611,1.11811398,1.11811398,2.23622796,-1.68999875,-9.56785011,-0.04778898,-8.05000210
-0.87019424,-8.79565573,1.10818733,1.10818733,2.21637465,-1.68999898,-9.54130936,-0.05038950,-8.05000210
-0.87153982,-8.78258991,1.09843620,1.09843620,2.19687240,-1.68999922,-9.51517868,-0.05308043,-8.05000114
-0.87293389,-8.76972485,1.08885132,1.08885132,2.17770263,-1.68999875,-9.48944855,-0.05586904,-8.05000114
-0.87437799,-8.75705528,1.07942616,1.07942616,2.15885232,-1.68999839,-9.46410847,-0.05875760,-8.05000210
-0.87587465,-8.74457264,1.07015262,1.07015262,2.14030524,-1.68999815,-9.43914413,-0.06175115,-8.05000114
-0.87742778,-8.73227358,1.06102171,1.06102171,2.12204342,-1.68999863,-9.41454601,-0.06485692,-8.05000114
-0.88490445,-8.72499990,1.05963492,1.05963492,2.11926984,-1.70172930,-9.39999866,-0.06807960,-8.05000114
-0.90136022,-8.72499990,1.06977179,1.06977179,2.13954358,-1.73129296,-9.39999866,-0.07142748,-8.05000114
-0.90745103,-8.71644163,1.06643309,1.06643309,2.13286618,-1.73999929,-9.38288212,-0.07490276,-8.05000114
-0.90925667,-8.70451117,1.05759892,1.05759892,2.11519785,-1.73999858,-9.35902119,-0.07851477,-8.05000114
-0.91113378,-8.69274521,1.04887434,1.04887434,2.09774868,-1.73999894,-9.33548927,-0.08226863,-8.05000114
-0.91308631,-8.68114138,1.04025135,1.04025135,2.08050269,-1.73999989,-9.31228065,-0.08617272,-8.05000210
-0.91499926,-8.66960383,1.03186391,1.03186391,2.06372782,-1.73999798,-9.28937817,-0.09000054,-8.04982948
-0.91499991,-8.65674592,1.02604235,1.02604235,2.05208470,-1.73999846,-9.26677895,-0.09000137,-8.04671288
-0.91499968,-8.64402246,1.02037577,1.02037577,2.04075155,-1.73999918,-9.24447441,-0.09000017,-8.04357052
-0.91499959,-8.63142872,1.01485839,1.01485839,2.02971678,-1.73999918,-9.22245598,-0.08999999,-8.04040146
-0.91499954,-8.61895895,1.00948475,1.00948475,2.01896951,-1.73999810,-9.20071220,-0.09000098,-8.03720570
-0.91500015,-8.60660982,1.00425647,1.00425647,2.00851294,-1.73999977,-9.17924118,-0.09000052,-8.03397846
-0.91499927,-8.59437370,0.99916481,0.99916481,1.99832961,-1.73999834,-9.15802860,-0.09000020,-8.03071880
-0.91499944,-8.58225155,0.99420906,0.99420906,1.98841811,-1.73999834,-9.13707447,-0.09000055,-8.02742863
-0.91500074,-8.57023669,0.98938461,0.98938461,1.97876922,-1.73999965,-9.11636734,-0.09000182,-8.02410603
-0.91499966,-8.55832100,0.98468854,0.98468854,1.96937707,-1.73999834,-9.09589767,-0.09000097,-8.02074432
-0.91500069,-8.54650641,0.98011836,0.98011836,1.96023671,-1.73999989,-9.07566452,-0.09000149,-8.01734829
-0.91499979,-8.53478670,0.97567015,0.97567015,1.95134030,-1.73999918,-9.05565929,-0.09000041,-8.01391411
-0.91499993,-8.52315807,0.97133907,0.97133907,1.94267814,-1.73999846,-9.03587341,-0.09000141,-8.01044273
-0.91500019,-8.51161576,0.96712525,0.96712525,1.93425050,-1.73999894,-9.01630211,-0.09000145,-8.00692940
-0.91753933,-8.50168705,0.96599026,0.96599026,1.93198052,-1.74507868,-9.00000000,-0.08999997,-8.00337410
-0.93392762,-8.50000000,0.98060292,0.98060292,1.96120584,-1.77748144,-8.99999905,-0.09037381,-8.00000095
-0.94330789,-8.49399853,0.98026368,0.98026368,1.96052737,-1.78999805,-8.98799515,-0.09661773,-8.00000191
-0.94656637,-8.48438549,0.97262923,0.97262923,1.94525846,-1.78999937,-8.96877003,-0.10313336,-8.00000095
-0.94996850,-8.47487021,0.96496231,0.96496231,1.92992463,-1.78999913,-8.94973946,-0.10993787,-8.00000095
-0.95351720,-8.46544933,0.95725838,0.95725838,1.91451677,-1.78999877,-8.93089771,-0.11703563,-8.00000095
-0.95722059,-8.45612144,0.94950819,0.94950819,1.89901638,-1.78999901,-8.91224194,-0.12444217,-8.00000095
-0.96108105,-8.44688273,0.94170415,0.94170415,1.88340831,-1.78999805,-8.89376450,-0.13216405,-8.00000095
-0.96499928,-8.43767381,0.93396001,0.93396001,1.86792002,-1.78999817,-8.87546158,-0.14000039,-7.99988604
-0.96499977,-8.42641687,0.93075686,0.93075686,1.86151372,-1.78999841,-8.85732937,-0.14000113,-7.99550438
-0.96499987,-8.41522145,0.92764278,0.92764278,1.85528556,-1.78999889,-8.83936501,-0.14000086,-7.99107790
-0.96499975,-8.40408421,0.92461426,0.92461426,1.84922852,-1.78999913,-8.82156181,-0.14000037,-7.98660660
-0.96499982,-8.39300323,0.92166878,0.92166878,1.84333755,-1.78999877,-8.80391693,-0.14000088,-7.98208952
-0.96499999,-8.38197660,0.91880484,0.91880484,1.83760968,-1.78999853,-8.78642654,-0.14000146,-7.97752666
-0.96499957,-8.37100267,0.91602181,0.91602181,1.83204363,-1.78999817,-8.76908970,-0.14000098,-7.97291565
-0.96499942,-8.36007643,0.91331667,0.91331667,1.82663333,-1.78999841,-8.75189781,-0.14000043,-7.96825504
-0.96500001,-8.34919834,0.91068734,0.91068734,1.82137468,-1.78999913,-8.73485088,-0.14000089,-7.96354580
-0.96499967,-8.33836532,0.90813096,0.90813096,1.81626192,-1.78999770,-8.71794415,-0.14000164,-7.95878649
-0.96499978,-8.32757663,0.90564945,0.90564945,1.81129891,-1.78999829,-8.70117855,-0.14000127,-7.95397472
-0.96499961,-8.31682849,0.90323846,0.90323846,1.80647693,-1.78999853,-8.68454647,-0.14000070,-7.94911051
-0.96499965,-8.30612087,0.90089607,0.90089607,1.80179214,-1.78999817,-8.66804790,-0.14000113,-7.94419384
-0.96499995,-8.29544974,0.89862189,0.89862189,1.79724378,-1.78999853,-8.65167809,-0.14000137,-7.93922138
-0.96499965,-8.28481698,0.89641479,0.89641479,1.79282959,-1.78999889,-8.63543892,-0.14000042,-7.93419504
-0.96500001,-8.27421689,0.89427123,0.89427123,1.78854247,-1.78999877,-8.61932278,-0.14000124,-7.92911100
-0.96499908,-8.26364970,0.89219113,0.89219113,1.78438225,-1.78999758,-8.60332966,-0.14000057,-7.92396975
-0.96499988,-8.25311446,0.89017324,0.89017324,1.78034648,-1.78999829,-8.58745861,-0.14000146,-7.91877031
-0.96499936,-8.24260879,0.88821648,0.88821648,1.77643297,-1.78999817,-8.57170677,-0.14000055,-7.91351080
-0.96499939,-8.23213291,0.88631830,0.88631830,1.77263659,-1.78999770,-8.55607414,-0.14000109,-7.90819168
-0.96499993,-8.22168279,0.88447870,0.88447870,1.76895741,-1.78999841,-8.54055595,-0.14000146,-7.90280962
-0.96846365,-8.21257639,0.87899043,0.87899043,1.75798086,-1.78999913,-8.52515221,-0.14692818,-7.90000057
-0.97587268,-8.20493078,0.86935800,0.86935800,1.73871600,-1.78999853,-8.50986099,-0.16174683,-7.90000057
-0.99081185,-8.20000028,0.86715459,0.86715459,1.73430917,-1.80441940,-8.50000000,-0.17720430,-7.90000057
-1.01499987,-8.19827867,0.87767465,0.87767465,1.75534930,-1.83999777,-8.49776363,-0.19000196,-7.89879370
-1.01500003,-8.18766380,0.87610719,0.87610719,1.75221437,-1.83999848,-8.48252201,-0.19000159,-7.89280558
-1.01500017,-8.17707348,0.87458995,0.87458995,1.74917991,-1.83999848,-8.46739292,-0.19000186,-7.88675404
-1.01499998,-8.16650844,0.87312254,0.87312254,1.74624508,-1.83999813,-8.45237732,-0.19000183,-7.88063955
-1.01499938,-8.15596556,0.87170532,0.87170532,1.74341065,-1.83999884,-8.43747234,-0.18999992,-7.87445879
-1.01500013,-8.14544344,0.87033321,0.87033321,1.74066642,-1.83999860,-8.42267513,-0.19000165,-7.86821175
-1.01499974,-8.13494230,0.86900871,0.86900871,1.73801742,-1.83999848,-8.40798664,-0.19000100,-7.86189795
-1.01499992,-8.12446260,0.86772947,0.86772947,1.73545894,-1.83999896,-8.39340687,-0.19000088,-7.85551834
-1.01500051,-8.11400104,0.86649300,0.86649300,1.73298601,-1.83999944,-8.37892914,-0.19000159,-7.84907293
-1.01499995,-8.10355568,0.86529789,0.86529789,1.73059577,-1.83999848,-8.36454964,-0.19000141,-7.84256172
-1.01500022,-8.09312844,0.86414428,0.86414428,1.72828856,-1.83999956,-8.35026932,-0.19000088,-7.83598757
-1.01499914,-8.08271838,0.86302859,0.86302859,1.72605717,-1.83999825,-8.33608532,-0.19000003,-7.82935143
-1.01500035,-8.07232308,0.86194948,0.86194948,1.72389896,-1.83999848,-8.32199287,-0.19000223,-7.82265329
-1.01499971,-8.06194162,0.86090813,0.86090813,1.72181625,-1.83999848,-8.30799007,-0.19000095,-7.81589317
-1.01499933,-8.05157471,0.85990109,0.85990109,1.71980219,-1.83999813,-8.29407597,-0.19000052,-7.80907345
-1.01499940,-8.04122305,0.85892826,0.85892826,1.71785652,-1.83999884,-8.28024960,-0.18999997,-7.80219650
-1.02329753,-8.03325344,0.84935803,0.84935803,1.69871605,-1.83999956,-8.26650620,-0.20659550,-7.80000067
-1.03583259,-8.02642250,0.83543447,0.83543447,1.67086895,-1.83999932,-8.25284386,-0.23166586,-7.80000114
-1.05933997,-8.02255153,0.85032225,0.85032225,1.70064450,-1.87867820,-8.25000000,-0.24000175,-7.79510307
-1.06500084,-8.01362729,0.85534670,0.85534670,1.71069340,-1.88999999,-8.23944664,-0.24000169,-7.78780794
-1.06499979,-8.00314808,0.85452517,0.85452517,1.70905035,-1.88999963,-8.22583294,-0.23999996,-7.78046322
-1.06500006,-7.99268317,0.85372930,0.85372930,1.70745859,-1.88999927,-8.21229649,-0.24000084,-7.77306986
-1.06500035,-7.98223281,0.85296020,0.85296020,1.70592040,-1.88999951,-8.19883728,-0.24000120,-7.76562834
-1.06499977,-7.97179746,0.85221690,0.85221690,1.70443380,-1.88999915,-8.18545532,-0.24000040,-7.75813961
-1.06500039,-7.96137738,0.85149665,0.85149665,1.70299329,-1.88999856,-8.17214870,-0.24000221,-7.75060606
-1.06500068,-7.95096970,0.85080194,0.85080194,1.70160389,-1.88999963,-8.15891361,-0.24000172,-7.74302578
-1.06499916,-7.94057489,0.85012944,0.85012944,1.70025887,-1.88999808,-8.14575005,-0.24000025,-7.73539972
-1.06499973,-7.93019319,0.84947999,0.84947999,1.69895998,-1.88999951,-8.13265705,-0.23999995,-7.72772932
-1.06499991,-7.91982531,0.84885140,0.84885140,1.69770281,-1.88999987,-8.11963463,-0.23999994,-7.72001600
-1.06499995,-7.90946818,0.84824092,0.84824092,1.69648184,-1.88999772,-8.10667706,-0.24000219,-7.71225929
-1.06500015,-7.89912343,0.84765377,0.84765377,1.69530754,-1.88999867,-8.09378815,-0.24000163,-7.70445871
-1.06499930,-7.88878966,0.84708617,0.84708617,1.69417234,-1.88999867,-8.08096409,-0.23999992,-7.69661522
-1.06499975,-7.87846899,0.84653572,0.84653572,1.69307143,-1.88999832,-8.06820583,-0.24000117,-7.68873215
-1.06499927,-7.86815739,0.84600465,0.84600465,1.69200931,-1.88999808,-8.05550957,-0.24000046,-7.68080521
-1.06500057,-7.85785627,0.84549068,0.84549068,1.69098137,-1.88999903,-8.04287529,-0.24000211,-7.67283726
-1.06500004,-7.84756518,0.84499517,0.84499517,1.68999035,-1.88999927,-8.03030300,-0.24000081,-7.66482735
-1.06499995,-7.83728600,0.84451543,0.84451543,1.68903086,-1.88999891,-8.01779366,-0.24000098,-7.65677834
-1.06500065,-7.82701468,0.84405154,0.84405154,1.68810307,-1.88999915,-8.00534153,-0.24000214,-7.64868784
-1.08150732,-7.82027817,0.86048341,0.86048341,1.72096683,-1.92301297,-8.00000000,-0.24000166,-7.64055634
-1.09000075,-7.81177592,0.86872316,0.86872316,1.73744633,-1.93999982,-7.99116802,-0.24000169,-7.63238382
-1.08999956,-7.80147148,0.86829226,0.86829226,1.73658451,-1.93999755,-7.97877026,-0.24000157,-7.62417269
-1.09000026,-7.79117560,0.86787840,0.86787840,1.73575679,-1.93999922,-7.96643162,-0.24000129,-7.61591959
-1.08999924,-7.78088927,0.86747803,0.86747803,1.73495605,-1.93999803,-7.95415258,-0.24000044,-7.60762596
-1.08999998,-7.77061248,0.86709231,0.86709231,1.73418461,-1.93999898,-7.94193316,-0.24000099,-7.59929180
-1.08999938,-7.76034451,0.86672000,0.86672000,1.73343999,-1.93999815,-7.92977190,-0.24000061,-7.59091711
-1.08999936,-7.75008654,0.86636103,0.86636103,1.73272206,-1.93999767,-7.91767025,-0.24000104,-7.58250284
-1.09000044,-7.73983645,0.86601561,0.86601561,1.73203123,-1.93999863,-7.90562582,-0.24000224,-7.57404709
-1.09000020,-7.72959399,0.86568360,0.86568360,1.73136721,-1.93999898,-7.89363718,-0.24000141,-7.56555080
-1.08999969,-7.71935940,0.86536378,0.86536378,1.73072756,-1.93999887,-7.88170433,-0.24000052,-7.55701447
-1.09412752,-7.70991421,0.86085450,0.86085450,1.72170900,-1.93999875,-7.86982775,-0.24825630,-7.55000067
-1.11499996,-7.70359421,0.83932493,0.83932493,1.67864985,-1.93999922,-7.85800457,-0.29000071,-7.54918385
-1.11499937,-7.69333601,0.83904787,0.83904787,1.67809574,-1.93999851,-7.84623384,-0.29000023,-7.54043818
-1.11499956,-7.68308568,0.83878169,0.83878169,1.67756338,-1.93999887,-7.83451509,-0.29000026,-7.53165627
-1.11499958,-7.67284465,0.83852542,0.83852542,1.67705083,-1.93999875,-7.82284880,-0.29000041,-7.52284050
-1.11499958,-7.66261029,0.83827879,0.83827879,1.67655758,-1.93999839,-7.81123161,-0.29000077,-7.51398897
-1.11499938,-7.65238285,0.83804198,0.83804198,1.67608397,-1.93999803,-7.79966354,-0.29000074,-7.50510216
-1.11499925,-7.64216280,0.83781497,0.83781497,1.67562994,-1.93999827,-7.78814411,-0.29000023,-7.49618149
-1.11500022,-7.63195062,0.83759645,0.83759645,1.67519291,-1.93999910,-7.77667332,-0.29000133,-7.48722792
-1.11500022,-7.62174344,0.83738653,0.83738653,1.67477306,-1.93999898,-7.76524687,-0.29000145,-7.47824001
-1.11499902,-7.61154294,0.83718509,0.83718509,1.67437018,-1.93999779,-7.75386620,-0.29000026,-7.46921968
-1.11499930,-7.60134840,0.83699218,0.83699218,1.67398436,-1.93999851,-7.74252987,-0.29000008,-7.46016693
-1.11499945,-7.59116029,0.83680658,0.83680658,1.67361316,-1.93999863,-7.73123741,-0.29000026,-7.45108318
-1.11500007,-7.58097696,0.83662838,0.83662838,1.67325675,-1.93999910,-7.71998644,-0.29000103,-7.44196749
-1.11499982,-7.57079887,0.83645626,0.83645626,1.67291253,-1.93999755,-7.70877647,-0.29000208,-7.43282127
-1.11499970,-7.56062555,0.83629394,0.83629394,1.67258788,-1.93999887,-7.69760704,-0.29000053,-7.42364407
-1.11499983,-7.55045843,0.83613650,0.83613650,1.67227301,-1.93999863,-7.68647766,-0.29000103,-7.41443920
-1.11500046,-7.54029441,0.83598638,0.83598638,1.67197275,-1.93999970,-7.67538500,-0.29000121,-7.40520382
-1.11500007,-7.53013515,0.83584228,0.83584228,1.67168457,-1.93999958,-7.66432953,-0.29000056,-7.39594078
-1.11500025,-7.51998019,0.83570308,0.83570308,1.67140616,-1.93999887,-7.65331030,-0.29000163,-7.38665009
-1.11500065,-7.50982904,0.83557128,0.83557128,1.67114256,-1.93999994,-7.64232635,-0.29000136,-7.37733173
-1.11500021,-7.49968266,0.83544315,0.83544315,1.67088631,-1.93999827,-7.63137722,-0.29000214,-7.36798811
-1.11500040,-7.48953890,0.83532222,0.83532222,1.67064443,-1.93999910,-7.62046003,-0.29000169,-7.35861778
-1.11499982,-7.47939848,0.83520508,0.83520508,1.67041016,-1.93999779,-7.60957479,-0.29000184,-7.34922218
-1.11499965,-7.46926117,0.83509517,0.83509517,1.67019035,-1.93999910,-7.59872103,-0.29000020,-7.33980131
-1.11499982,-7.45912790,0.83498774,0.83498774,1.66997548,-1.93999851,-7.58789778,-0.29000112,-7.33035803
-1.11500054,-7.44899678,0.83488524,0.83488524,1.66977049,-1.93999887,-7.57710266,-0.29000220,-7.32089090
-1.11499935,-7.43886828,0.83478757,0.83478757,1.66957514,-1.93999767,-7.56633615,-0.29000103,-7.31140041
-1.11499986,-7.42874217,0.83469358,0.83469358,1.66938716,-1.93999767,-7.55559635,-0.29000205,-7.30188799
-1.11499952,-7.41861987,0.83460566,0.83460566,1.66921132,-1.93999887,-7.54488420,-0.29000017,-7.29235554
-1.11499989,-7.40849900,0.83452029,0.83452029,1.66904059,-1.93999946,-7.53419638,-0.29000032,-7.28280163
-1.11500067,-7.39838052,0.83443725,0.83443725,1.66887451,-1.93999910,-7.52353287,-0.29000223,-7.27322817
-1.11499970,-7.38826298,0.83435914,0.83435914,1.66871829,-1.93999839,-7.51289177,-0.29000100,-7.26363420
-1.11500016,-7.37814927,0.83428470,0.83428470,1.66856940,-1.93999934,-7.50227547,-0.29000098,-7.25402308
-1.11499904,-7.36803627,0.83421263,0.83421263,1.66842525,-1.93999791,-7.49167919,-0.29000017,-7.24439335
-1.11499947,-7.35792470,0.83414435,0.83414435,1.66828871,-1.93999875,-7.48110342,-0.29000020,-7.23474598
-1.11500043,-7.34781528,0.83407839,0.83407839,1.66815679,-1.93999946,-7.47054815,-0.29000139,-7.22508240
-1.11499928,-7.33770799,0.83401487,0.83401487,1.66802974,-1.93999779,-7.46001196,-0.29000077,-7.21540403
-1.11671370,-7.32785415,0.83568726,0.83568726,1.67137453,-1.94342625,-7.44999981,-0.29000115,-7.20570850
-1.14000011,-7.32117772,0.85916632,0.85916632,1.71833263,-1.98999846,-7.44635582,-0.29000175,-7.19599962
-1.13999996,-7.31106186,0.85911012,0.85911012,1.71822024,-1.98999918,-7.43584776,-0.29000074,-7.18627596
-1.13999989,-7.30094814,0.85905398,0.85905398,1.71810797,-1.98999774,-7.42535639,-0.29000205,-7.17653990
-1.14000053,-7.29083633,0.85900270,0.85900270,1.71800539,-1.98999965,-7.41488123,-0.29000142,-7.16679144
-1.14000012,-7.28072477,0.85895272,0.85895272,1.71790544,-1.98999977,-7.40441942,-0.29000047,-7.15703011
-1.14000026,-7.27061486,0.85890255,0.85890255,1.71780510,-1.98999834,-7.39397144,-0.29000217,-7.14725828
-1.13999959,-7.26050615,0.85885622,0.85885622,1.71771244,-1.98999810,-7.38353682,-0.29000109,-7.13747549
-1.14000030,-7.25040006,0.85881102,0.85881102,1.71762204,-1.98999870,-7.37311554,-0.29000190,-7.12768459
-1.13999915,-7.24029374,0.85876835,0.85876835,1.71753670,-1.98999834,-7.36270475,-0.28999996,-7.11788273
-1.14000079,-7.23018909,0.85872558,0.85872558,1.71745115,-1.98999929,-7.35230446,-0.29000229,-7.10807371
-1.14000034,-7.22008514,0.85868535,0.85868535,1.71737070,-1.98999929,-7.34191418,-0.29000139,-7.09825611
-1.13999997,-7.20998288,0.85864500,0.85864500,1.71729001,-1.98999810,-7.33153296,-0.29000184,-7.08843279
-1.14000009,-7.19988084,0.85860720,0.85860720,1.71721440,-1.98999882,-7.32115936,-0.29000136,-7.07860231
-1.13999945,-7.18977928,0.85857058,0.85857058,1.71714115,-1.98999894,-7.31079292,-0.28999996,-7.06876564
-1.14000010,-7.17967940,0.85853269,0.85853269,1.71706538,-1.98999822,-7.30043364,-0.29000199,-7.05892515
-1.14324252,-7.17004085,0.85522341,0.85522341,1.71044682,-1.98999953,-7.29008102,-0.29648551,-7.05000067
-1.16500003,-7.16301894,0.83321287,0.83321287,1.66642574,-1.98999810,-7.27973175,-0.34000197,-7.04630613
-1.16500014,-7.15291429,0.83317998,0.83317998,1.66635996,-1.98999882,-7.26938772,-0.34000146,-7.03644085
-1.16500054,-7.14281010,0.83314696,0.83314696,1.66629391,-1.98999929,-7.25904655,-0.34000179,-7.02657366
-1.16499976,-7.13270784,0.83311526,0.83311526,1.66623052,-1.98999953,-7.24870968,-0.34000000,-7.01670599
-1.16500046,-7.12260509,0.83308232,0.83308232,1.66616463,-1.98999977,-7.23837328,-0.34000114,-7.00683689
-1.16499902,-7.11250329,0.83304936,0.83304936,1.66609871,-1.98999774,-7.22803831,-0.34000030,-6.99696827
-1.16500015,-7.10240269,0.83301637,0.83301637,1.66603273,-1.98999822,-7.21770430,-0.34000209,-6.98710108
-1.16499998,-7.09230375,0.83298464,0.83298464,1.66596928,-1.98999870,-7.20737123,-0.34000126,-6.97723627
-1.17564582,-7.08368611,0.84370125,0.84370125,1.68740250,-2.01129103,-7.19999981,-0.34000060,-6.96737242
-1.19000073,-7.07557845,0.85815912,0.85815912,1.71631825,-2.03999925,-7.19364452,-0.34000221,-6.95751238
-1.18999979,-7.06547332,0.85812503,0.85812503,1.71625005,-2.03999829,-7.18329144,-0.34000129,-6.94765520
-1.19000085,-7.05537009,0.85809076,0.85809076,1.71618153,-2.03999949,-7.17293739,-0.34000221,-6.93780279
-1.18999983,-7.04526663,0.85805661,0.85805661,1.71611321,-2.03999901,-7.16258049,-0.34000066,-6.92795277
-1.19000014,-7.03516411,0.85802124,0.85802124,1.71604248,-2.03999901,-7.15222120,-0.34000126,-6.91810703
-1.19000046,-7.02506208,0.85798584,0.85798584,1.71597168,-2.03999925,-7.14186001,-0.34000167,-6.90826416
-1.18999966,-7.01496052,0.85794929,0.85794929,1.71589857,-2.03999758,-7.13149595,-0.34000173,-6.89842510
-1.18999965,-7.00486136,0.85791381,0.85791381,1.71582763,-2.03999805,-7.12113190,-0.34000126,-6.88859081
-1.18999991,-6.99476147,0.85787847,0.85787847,1.71575694,-2.03999925,-7.11076403,-0.34000057,-6.87875891
-1.19000019,-6.98466254,0.85784066,0.85784066,1.71568132,-2.03999829,-7.10039425,-0.34000209,-6.86893082
-1.19000016,-6.97456479,0.85780519,0.85780519,1.71561039,-2.03999972,-7.09002256,-0.34000060,-6.85910702
-1.19000006,-6.96446848,0.85776738,0.85776738,1.71553475,-2.03999901,-7.07964945,-0.34000111,-6.84928751
-1.18999969,-6.95437216,0.85772953,0.85772953,1.71545905,-2.03999829,-7.06927347,-0.34000108,-6.83947086
-1.18999926,-6.94427633,0.85769168,0.85769168,1.71538337,-2.03999782,-7.05889511,-0.34000069,-6.82965755
-1.19000092,-6.93418217,0.85765379,0.85765379,1.71530759,-2.03999972,-7.04851532,-0.34000212,-6.81984901
-1.18999961,-6.92408943,0.85761598,0.85761598,1.71523196,-2.03999901,-7.03813410,-0.34000021,-6.81004477
-1.18999946,-6.91399646,0.85757692,0.85757692,1.71515385,-2.03999853,-7.02774954,-0.34000039,-6.80024338
-1.18999982,-6.90390419,0.85753659,0.85753659,1.71507318,-2.03999758,-7.01736259,-0.34000206,-6.79044580
-1.18999994,-6.89381313,0.85749884,0.85749884,1.71499768,-2.03999925,-7.00697422,-0.34000063,-6.78065205
-1.18999927,-6.88372421,0.85745843,0.85745843,1.71491686,-2.03999782,-6.99658442,-0.34000072,-6.77086401
-1.19000069,-6.87363529,0.85741828,0.85741828,1.71483656,-2.03999901,-6.98619175,-0.34000236,-6.76107883
-1.19000013,-6.86354685,0.85737911,0.85737911,1.71475821,-2.03999949,-6.97579670,-0.34000078,-6.75129700
-1.18999912,-6.85345960,0.85733773,0.85733773,1.71467545,-2.03999758,-6.96539974,-0.34000066,-6.74151945
-1.19000063,-6.84337449,0.85729734,0.85729734,1.71459469,-2.03999949,-6.95500183,-0.34000176,-6.73174715
-1.19000028,-6.83328891,0.85725586,0.85725586,1.71451173,-2.03999877,-6.94460011,-0.34000179,-6.72197771
-1.18999927,-6.82320475,0.85721432,0.85721432,1.71442864,-2.03999758,-6.93419695,-0.34000096,-6.71221256
-1.18999958,-6.81312132,0.85717283,0.85717283,1.71434567,-2.03999805,-6.92379141,-0.34000111,-6.70245123
-1.18999913,-6.80304050,0.85713135,0.85713135,1.71426271,-2.03999805,-6.91338539,-0.34000021,-6.69269562
-1.19000010,-6.79295898,0.85708985,0.85708985,1.71417969,-2.03999972,-6.90297556,-0.34000048,-6.68294239
-1.19000015,-6.78287912,0.85704585,0.85704585,1.71409169,-2.03999829,-6.89256382,-0.34000200,-6.67319441
-1.19000012,-6.77280021,0.85700310,0.85700310,1.71400620,-2.03999829,-6.88215017,-0.34000194,-6.66345024
-1.18999928,-6.76272201,0.85696042,0.85696042,1.71392083,-2.03999782,-6.87173414,-0.34000075,-6.65370989
-1.18999950,-6.75264597,0.85691784,0.85691784,1.71383567,-2.03999877,-6.86131716,-0.34000024,-6.64397478
-1.18999970,-6.74257017,0.85687378,0.85687378,1.71374757,-2.03999853,-6.85089684,-0.34000087,-6.63424349
-1.21499923,-6.73567128,0.88203129,0.88203129,1.76406257,-2.08999848,-6.84682655,-0.33999997,-6.62451601
-1.21500047,-6.72558784,0.88198485,0.88198485,1.76396969,-2.08999872,-6.83638191,-0.34000221,-6.61479378
-1.21499920,-6.71550584,0.88193968,0.88193968,1.76387936,-2.08999801,-6.82593536,-0.34000039,-6.60507631
-1.21500027,-6.70542407,0.88189336,0.88189336,1.76378673,-2.08999872,-6.81548595,-0.34000182,-6.59536219
-1.21499996,-6.69534326,0.88184698,0.88184698,1.76369397,-2.08999825,-6.80503416,-0.34000167,-6.58565235
-1.21500041,-6.68526411,0.88180050,0.88180050,1.76360099,-2.08999872,-6.79458046,-0.34000209,-6.57594776
-1.21499924,-6.67518592,0.88175418,0.88175418,1.76350835,-2.08999801,-6.78412437,-0.34000048,-6.56624746
-1.21500033,-6.66510868,0.88170655,0.88170655,1.76341309,-2.08999848,-6.77366590,-0.34000218,-6.55655146
-1.21500089,-6.65503239,0.88166014,0.88166014,1.76332028,-2.08999991,-6.76320505,-0.34000188,-6.54685974
-1.21500097,-6.64495707,0.88161255,0.88161255,1.76322511,-2.08999991,-6.75274181,-0.34000203,-6.53717232
-1.21499918,-6.63488412,0.88156493,0.88156493,1.76312986,-2.08999825,-6.74227762,-0.34000012,-6.52749062
-1.21499934,-6.62481094,0.88151606,0.88151606,1.76303212,-2.08999753,-6.73180962,-0.34000114,-6.51781225
-1.21499902,-6.61473942,0.88146845,0.88146845,1.76293691,-2.08999777,-6.72134066,-0.34000027,-6.50813818
-1.22131147,-6.60543489,0.87506226,0.87506226,1.75012452,-2.08999872,-6.71086931,-0.35262421,-6.50000048
-1.24000055,-6.59762287,0.85619013,0.85619013,1.71238027,-2.08999991,-6.70039749,-0.39000118,-6.49484825
-1.24000062,-6.58754325,0.85614255,0.85614255,1.71228510,-2.08999968,-6.68992329,-0.39000157,-6.48516321
-1.24000104,-6.57746410,0.85609499,0.85609499,1.71218998,-2.08999991,-6.67944717,-0.39000216,-6.47548103
-1.23999947,-6.56738663,0.85604738,0.85604738,1.71209476,-2.08999825,-6.66897011,-0.39000070,-6.46580315
-1.24000033,-6.55731106,0.85599968,0.85599968,1.71199937,-2.08999896,-6.65849304,-0.39000171,-6.45612907
-1.23999927,-6.54723572,0.85595213,0.85595213,1.71190426,-2.08999801,-6.64801359,-0.39000052,-6.44645786
-1.24000066,-6.53716111,0.85590448,0.85590448,1.71180895,-2.08999944,-6.63753319,-0.39000189,-6.43678904
-1.23999995,-6.52708817,0.85585697,0.85585697,1.71171393,-2.08999896,-6.62705231,-0.39000094,-6.42712402
-1.23999923,-6.51701593,0.85580923,0.85580923,1.71161845,-2.08999825,-6.61657047,-0.39000022,-6.41746140
-1.23999972,-6.50694609,0.85576049,0.85576049,1.71152098,-2.08999777,-6.60608912,-0.39000168,-6.40780306
-1.24000029,-6.49687647,0.85571411,0.85571411,1.71142821,-2.08999968,-6.59560680,-0.39000091,-6.39814615
-1.23999975,-6.48680758,0.85566640,0.85566640,1.71133280,-2.08999920,-6.58512306,-0.39000031,-6.38849211
-1.24000029,-6.47674060,0.85561772,0.85561772,1.71123543,-2.08999872,-6.57464027,-0.39000186,-6.37884092
-1.23999928,-6.46667504,0.85557014,0.85557014,1.71114027,-2.08999777,-6.56415749,-0.39000079,-6.36919260
-1.24000062,-6.45661044,0.85552244,0.85552244,1.71104488,-2.08999896,-6.55367470,-0.39000228,-6.35954618
-1.23999957,-6.44654608,0.85547483,0.85547483,1.71094966,-2.08999777,-6.54319096,-0.39000136,-6.34990120
-1.23999925,-6.43648339,0.85542849,0.85542849,1.71085698,-2.08999848,-6.53270817,-0.39000002,-6.34025860
-1.23999980,-6.42642284,0.85538095,0.85538095,1.71076190,-2.08999872,-6.52222681,-0.39000088,-6.33061886
-1.23999993,-6.41636205,0.85533318,0.85533318,1.71066637,-2.08999825,-6.51174402,-0.39000162,-6.32098007
-1.24000098,-6.40630316,0.85528684,0.85528684,1.71057369,-2.08999991,-6.50126314,-0.39000204,-6.31134319
-1.24000042,-6.39624476,0.85523935,0.85523935,1.71047870,-2.08999872,-6.49078178,-0.39000213,-6.30170774
-1.24000033,-6.38618875,0.85519279,0.85519279,1.71038558,-2.08999872,-6.48030281,-0.39000195,-6.29207468
-1.23999988,-6.37613297,0.85514654,0.85514654,1.71029308,-2.08999848,-6.46982384,-0.39000127,-6.28244209
-1.24000002,-6.36607790,0.85510130,0.85510130,1.71020259,-2.08999968,-6.45934534,-0.39000037,-6.27281046
-1.23999955,-6.35602426,0.85505379,0.85505379,1.71010758,-2.08999777,-6.44886827,-0.39000133,-6.26318026
-1.24000062,-6.34597254,0.85500851,0.85500851,1.71001703,-2.08999944,-6.43839312,-0.39000180,-6.25355196
-1.23999996,-6.33592129,0.85496213,0.85496213,1.70992426,-2.08999801,-6.42791891,-0.39000192,-6.24392366
-1.23999970,-6.32587051,0.85491698,0.85491698,1.70983396,-2.08999801,-6.41744518,-0.39000139,-6.23429585
-1.23999974,-6.31582141,0.85487305,0.85487305,1.70974610,-2.08999920,-6.40697432,-0.39000028,-6.22466850
-1.25637071,-6.30752158,0.87129152,0.87129152,1.74258303,-2.12274051,-6.40000010,-0.39000091,-6.21504307
-1.26500043,-6.29838324,0.87992426,0.87992426,1.75984852,-2.13999987,-6.39134932,-0.39000100,-6.20541716
-1.26499899,-6.28832483,0.87987798,0.87987798,1.75975595,-2.13999772,-6.38085842,-0.39000025,-6.19579124
-1.26500033,-6.27826762,0.87983276,0.87983276,1.75966551,-2.13999915,-6.37036943,-0.39000151,-6.18616581
-1.26500049,-6.26821136,0.87978765,0.87978765,1.75957530,-2.13999915,-6.35988283,-0.39000183,-6.17653990
-1.26500054,-6.25815702,0.87974368,0.87974368,1.75948736,-2.13999987,-6.34939909,-0.39000121,-6.16691494
-1.26499978,-6.24810266,0.87969968,0.87969968,1.75939936,-2.13999939,-6.33891678,-0.39000016,-6.15728855
-1.26499996,-6.23804950,0.87965579,0.87965579,1.75931157,-2.13999963,-6.32843685,-0.39000028,-6.14766216
-1.26500015,-6.22799731,0.87961057,0.87961057,1.75922113,-2.13999820,-6.31795931,-0.39000210,-6.13803530
-1.26500029,-6.21794724,0.87956913,0.87956913,1.75913826,-2.14000010,-6.30748606,-0.39000049,-6.12840843
-1.26500007,-6.20789671,0.87952629,0.87952629,1.75905257,-2.13999987,-6.29701376,-0.39000028,-6.11877966
-1.26500000,-6.19784808,0.87948244,0.87948244,1.75896489,-2.13999844,-6.28654480,-0.39000157,-6.10915136
-1.26500081,-6.18779969,0.87944080,0.87944080,1.75888161,-2.13999963,-6.27607870,-0.39000198,-6.09952068
-1.26500007,-6.17775345,0.87939943,0.87939943,1.75879887,-2.13999915,-6.26561689,-0.39000100,-6.08989000
-1.26500033,-6.16770720,0.87935795,0.87935795,1.75871590,-2.13999915,-6.25515699,-0.39000151,-6.08025742
-1.26500009,-6.15766167,0.87931764,0.87931764,1.75863529,-2.13999939,-6.24470043,-0.39000079,-6.07062292
-1.26499950,-6.14761710,0.87927617,0.87927617,1.75855234,-2.13999772,-6.23424673,-0.39000127,-6.06098747
-1.26499960,-6.13757467,0.87923711,0.87923711,1.75847421,-2.13999867,-6.22379827,-0.39000052,-6.05135107
-1.26500044,-6.12753200,0.87919800,0.87919800,1.75839599,-2.13999987,-6.21335220,-0.39000100,-6.04171181
-1.26499954,-6.11749030,0.87915893,0.87915893,1.75831786,-2.13999891,-6.20290995,-0.39000016,-6.03207064
-1.26499915,-6.10744930,0.87911979,0.87911979,1.75823959,-2.13999796,-6.19247103,-0.39000034,-6.02242756
-1.26500051,-6.09741020,0.87908203,0.87908203,1.75816406,-2.13999963,-6.18203735,-0.39000139,-6.01278305
-1.26500008,-6.08737087,0.87904415,0.87904415,1.75808829,-2.13999891,-6.17160654,-0.39000124,-6.00313520
-1.26500024,-6.07733273,0.87900638,0.87900638,1.75801276,-2.13999844,-6.16118002,-0.39000204,-5.99348545
-1.26500054,-6.06729436,0.87897088,0.87897088,1.75794177,-2.13999987,-6.15075684,-0.39000121,-5.98383188
-1.26500006,-6.05725861,0.87893429,0.87893429,1.75786857,-2.13999891,-6.14033985,-0.39000121,-5.97417736
-1.26500003,-6.04722237,0.87889773,0.87889773,1.75779546,-2.13999796,-6.12992573,-0.39000210,-5.96451902
-1.26500033,-6.03718686,0.87886352,0.87886352,1.75772704,-2.13999915,-6.11951637,-0.39000151,-5.95485735
-1.26500069,-6.02715230,0.87882929,0.87882929,1.75765858,-2.13999987,-6.10911179,-0.39000151,-5.94519281
-1.26500006,-6.01711797,0.87879392,0.87879392,1.75758783,-2.13999796,-6.09871101,-0.39000216,-5.93552494
-1.26499967,-6.00708485,0.87876101,0.87876101,1.75752202,-2.13999820,-6.08831596,-0.39000115,-5.92585373
-1.26499937,-5.99705195,0.87872806,0.87872806,1.75745612,-2.13999796,-6.07792521,-0.39000079,-5.91617870
-1.26500004,-5.98702144,0.87869639,0.87869639,1.75739278,-2.13999939,-6.06754160,-0.39000070,-5.90650129
-1.28236110,-5.97858071,0.86122925,0.86122925,1.72245849,-2.13999796,-6.05716085,-0.42472425,-5.90000057
-1.30761905,-5.97084713,0.87122193,0.87122193,1.74244387,-2.17523789,-6.05000019,-0.44000021,-5.89169407
-1.31500054,-5.96147060,0.87860225,0.87860225,1.75720449,-2.18999982,-6.04095745,-0.44000125,-5.88198376
-1.31499930,-5.95142150,0.87857181,0.87857181,1.75714362,-2.18999839,-6.03057337,-0.44000021,-5.87226963
-1.31500029,-5.94137382,0.87854137,0.87854137,1.75708274,-2.18999863,-6.02019548,-0.44000196,-5.86255217
-1.31499967,-5.93132615,0.87851194,0.87851194,1.75702388,-2.18999767,-6.00982285,-0.44000167,-5.85282946
-1.31499996,-5.92127919,0.87848389,0.87848389,1.75696777,-2.18999839,-5.99945641,-0.44000152,-5.84310198
-1.31499970,-5.91123533,0.87845573,0.87845573,1.75691146,-2.18999791,-5.98909807,-0.44000149,-5.83337259
-1.31500058,-5.90118981,0.87842899,0.87842899,1.75685798,-2.18999934,-5.97874403,-0.44000182,-5.82363558
-1.31500090,-5.89114570,0.87840218,0.87840218,1.75680436,-2.18999958,-5.96839666,-0.44000223,-5.81389475
-1.31499951,-5.88110161,0.87837651,0.87837651,1.75675301,-2.18999863,-5.95805502,-0.44000039,-5.80414820
-1.31499992,-5.87105870,0.87835083,0.87835083,1.75670167,-2.18999887,-5.94772053,-0.44000098,-5.79439688
-1.31499981,-5.86101603,0.87832511,0.87832511,1.75665023,-2.18999791,-5.93739223,-0.44000170,-5.78463984
-1.31500014,-5.85097432,0.87830076,0.87830076,1.75660152,-2.18999815,-5.92707109,-0.44000214,-5.77487755
-1.31499992,-5.84093332,0.87827880,0.87827880,1.75655759,-2.18999958,-5.91675711,-0.44000027,-5.76510954
-1.31500007,-5.83089471,0.87825566,0.87825566,1.75651132,-2.18999958,-5.90645170,-0.44000056,-5.75533772
-1.31499948,-5.82085490,0.87823247,0.87823247,1.75646493,-2.18999815,-5.89615154,-0.44000080,-5.74555826
-1.31499917,-5.81081557,0.87821034,0.87821034,1.75642067,-2.18999743,-5.88585854,-0.44000092,-5.73577261
-1.31499924,-5.80077672,0.87818968,0.87818968,1.75637936,-2.18999791,-5.87557268,-0.44000056,-5.72598076
-1.31499963,-5.79073882,0.87817008,0.87817008,1.75634017,-2.18999910,-5.86529493,-0.44000015,-5.71618271
-1.31500030,-5.78070068,0.87814940,0.87814940,1.75629879,-2.18999887,-5.85502338,-0.44000173,-5.70637798
-1.31499991,-5.77066350,0.87813110,0.87813110,1.75626219,-2.18999934,-5.84475946,-0.44000047,-5.69656754
-1.31499952,-5.76062679,0.87811155,0.87811155,1.75622311,-2.18999791,-5.83450317,-0.44000113,-5.68675041
-1.31500062,-5.75059104,0.87809447,0.87809447,1.75618894,-2.18999982,-5.82425451,-0.44000143,-5.67692757
-1.31500037,-5.74055719,0.87807745,0.87807745,1.75615489,-2.18999982,-5.81401443,-0.44000092,-5.66709995
-1.31500010,-5.73052168,0.87805912,0.87805912,1.75611824,-2.18999791,-5.80377913,-0.44000229,-5.65726423
-1.31499989,-5.72048711,0.87804447,0.87804447,1.75608893,-2.18999910,-5.79355192,-0.44000068,-5.64742231
-1.31499958,-5.71045255,0.87802861,0.87802861,1.75605722,-2.18999839,-5.78333139,-0.44000077,-5.63757372
-1.31499911,-5.70041847,0.87801394,0.87801394,1.75602789,-2.18999815,-5.77311754,-0.44000006,-5.62771940
-1.31499952,-5.69038486,0.87799925,0.87799925,1.75599851,-2.18999815,-5.76291132,-0.44000089,-5.61785841
-1.31499988,-5.68035222,0.87798592,0.87798592,1.75597184,-2.18999887,-5.75271273,-0.44000089,-5.60799170
-1.31499974,-5.67031908,0.87797365,0.87797365,1.75594730,-2.18999958,-5.74252033,-0.43999991,-5.59811783
-1.31499926,-5.66028858,0.87796016,0.87796016,1.75592032,-2.18999815,-5.73233700,-0.44000036,-5.58824015
-1.31500087,-5.65025663,0.87794799,0.87794799,1.75589598,-2.18999958,-5.72215891,-0.44000217,-5.57835436
-1.31499996,-5.64022493,0.87793703,0.87793703,1.75587405,-2.18999910,-5.71198797,-0.44000083,-5.56846189
-1.31500040,-5.63019323,0.87792597,0.87792597,1.75585193,-2.18999934,-5.70182323,-0.44000146,-5.55856323
-1.31500002,-5.62016225,0.87791512,0.87791512,1.75583024,-2.18999839,-5.69166613,-0.44000164,-5.54865837
-1.31500006,-5.61013102,0.87790534,0.87790534,1.75581067,-2.18999839,-5.68151522,-0.44000173,-5.53874683
-1.31500095,-5.60010099,0.87789671,0.87789671,1.75579342,-2.18999982,-5.67137241,-0.44000208,-5.52882957
-1.31499919,-5.59007001,0.87788815,0.87788815,1.75577630,-2.18999815,-5.66123486,-0.44000024,-5.51890516
-1.31500009,-5.58004236,0.87787965,0.87787965,1.75575929,-2.18999863,-5.65110731,-0.44000155,-5.50897741
-1.31499991,-5.57001209,0.87787230,0.87787230,1.75574461,-2.18999863,-5.64098406,-0.44000119,-5.49904013
-1.31500064,-5.55998254,0.87786502,0.87786502,1.75573003,-2.18999910,-5.63086748,-0.44000217,-5.48909760
-1.31500074,-5.54995323,0.87785893,0.87785893,1.75571785,-2.18999958,-5.62075806,-0.44000190,-5.47914839
-1.31499973,-5.53992391,0.87785283,0.87785283,1.75570565,-2.18999839,-5.61065531,-0.44000107,-5.46919250
-1.31499979,-5.52989459,0.87784664,0.87784664,1.75569328,-2.18999767,-5.60055876,-0.44000190,-5.45923042
-1.33999963,-5.52188277,0.90292477,0.90292477,1.80584954,-2.23999929,-5.59450340,-0.43999997,-5.44926214
-1.33999977,-5.51185274,0.90291994,0.90291994,1.80583988,-2.23999906,-5.58441782,-0.44000047,-5.43928766
-1.33999951,-5.50182223,0.90291507,0.90291507,1.80583015,-2.23999786,-5.57433844,-0.44000116,-5.42930603
-1.34000006,-5.49179435,0.90291136,0.90291136,1.80582271,-2.23999810,-5.56426811,-0.44000202,-5.41932058
-1.33999979,-5.48176479,0.90290901,0.90290901,1.80581802,-2.23999834,-5.55420303,-0.44000125,-5.40932655
-1.33999972,-5.47173548,0.90290651,0.90290651,1.80581302,-2.23999810,-5.54414463,-0.44000134,-5.39932632
-1.33999931,-5.46170664,0.90290537,0.90290537,1.80581074,-2.23999834,-5.53409338,-0.44000027,-5.38931990
-1.33999939,-5.45167780,0.90290402,0.90290402,1.80580804,-2.23999834,-5.52404881,-0.44000044,-5.37930679
-1.34000094,-5.44164920,0.90290292,0.90290292,1.80580584,-2.23999953,-5.51401091,-0.44000235,-5.36928749
-1.34000003,-5.43162036,0.90290292,0.90290292,1.80580584,-2.23999882,-5.50397968,-0.44000125,-5.35926104
-1.34000063,-5.42159199,0.90290291,0.90290291,1.80580582,-2.23999906,-5.49395561,-0.44000220,-5.34922838
-1.33999933,-5.41156554,0.90290409,0.90290409,1.80580818,-2.23999810,-5.48393965,-0.44000056,-5.33919144
-1.34000026,-5.40153766,0.90290526,0.90290526,1.80581051,-2.23999882,-5.47392893,-0.44000170,-5.32914639
-1.33999996,-5.39150930,0.90290771,0.90290771,1.80581542,-2.23999906,-5.46392441,-0.44000086,-5.31909418
-1.33999987,-5.38148165,0.90291023,0.90291023,1.80582045,-2.23999906,-5.45392704,-0.44000068,-5.30903625
-1.33999998,-5.37145400,0.90291261,0.90291261,1.80582522,-2.23999858,-5.44393635,-0.44000137,-5.29897165
-1.33999959,-5.36142587,0.90291626,0.90291626,1.80583252,-2.23999834,-5.43395185,-0.44000083,-5.28889990
-1.33999996,-5.35139823,0.90291989,0.90291989,1.80583978,-2.23999834,-5.42397404,-0.44000158,-5.27882242
-1.34000050,-5.34137058,0.90292485,0.90292485,1.80584970,-2.23999929,-5.41400290,-0.44000170,-5.26873827
-1.33999973,-5.33134485,0.90292971,0.90292971,1.80585941,-2.23999834,-5.40403986,-0.44000113,-5.25864983
-1.34895466,-5.32204128,0.89395142,0.89395142,1.78790283,-2.23999858,-5.39408207,-0.45791075,-5.25000048
-1.36500009,-5.31331229,0.87785885,0.87785885,1.75571771,-2.23999786,-5.38412952,-0.49000233,-5.24249506
-1.36500013,-5.30328655,0.87786626,0.87786626,1.75573252,-2.23999882,-5.37418413,-0.49000144,-5.23238897
-1.36499986,-5.29326129,0.87787353,0.87787353,1.75574705,-2.23999882,-5.36424541,-0.49000090,-5.22227716
-1.36499999,-5.28323603,0.87788089,0.87788089,1.75576179,-2.23999882,-5.35431290,-0.49000117,-5.21215916
-1.36500044,-5.27321076,0.87788823,0.87788823,1.75577646,-2.23999858,-5.34438658,-0.49000230,-5.20203495
-1.36500044,-5.26318550,0.87789676,0.87789676,1.75579352,-2.23999858,-5.33446646,-0.49000230,-5.19190454
-1.36500002,-5.25316024,0.87790650,0.87790650,1.75581300,-2.23999882,-5.32455301,-0.49000123,-5.18176746
-1.36500073,-5.24313688,0.87791631,0.87791631,1.75583263,-2.23999977,-5.31464720,-0.49000168,-5.17162657
-1.36500059,-5.23311186,0.87792608,0.87792608,1.75585215,-2.23999929,-5.30474615,-0.49000189,-5.16147757
-1.36500077,-5.22308659,0.87793703,0.87793703,1.75587405,-2.23999977,-5.29485130,-0.49000177,-5.15132189
-1.36500046,-5.21306110,0.87794802,0.87794802,1.75589604,-2.23999929,-5.28496218,-0.49000162,-5.14116001
-1.36499992,-5.20303583,0.87795908,0.87795908,1.75591815,-2.23999810,-5.27507973,-0.49000174,-5.13099194
-1.36500047,-5.19301033,0.87797123,0.87797123,1.75594245,-2.23999858,-5.26520300,-0.49000236,-5.12081766
-1.36500005,-5.18298483,0.87798464,0.87798464,1.75596927,-2.23999882,-5.25533247,-0.49000129,-5.11063719
-1.36500000,-5.17295885,0.87799799,0.87799799,1.75599598,-2.23999882,-5.24546766,-0.49000117,-5.10045004
-1.36500061,-5.16293550,0.87801147,0.87801147,1.75602295,-2.23999906,-5.23561192,-0.49000216,-5.09025908
-1.36499990,-5.15290904,0.87802727,0.87802727,1.75605454,-2.23999977,-5.22575903,-0.49000004,-5.08005905
-1.36500041,-5.14288306,0.87804075,0.87804075,1.75608149,-2.23999882,-5.21591282,-0.49000201,-5.06985331
-1.36499998,-5.13285660,0.87805667,0.87805667,1.75611334,-2.23999882,-5.20607233,-0.49000114,-5.05964088
-1.36499992,-5.12282992,0.87807374,0.87807374,1.75614748,-2.23999977,-5.19623804,-0.49000007,-5.04942179
-1.36500068,-5.11280346,0.87808955,0.87808955,1.75617909,-2.23999977,-5.18640947,-0.49000159,-5.03919744
-1.36500000,-5.10277581,0.87810667,0.87810667,1.75621335,-2.23999906,-5.17658615,-0.49000093,-5.02896547
-1.36499935,-5.09274864,0.87812384,0.87812384,1.75624768,-2.23999786,-5.16676950,-0.49000084,-5.01872778
-1.36499989,-5.08272314,0.87814206,0.87814206,1.75628411,-2.23999834,-5.15696049,-0.49000144,-5.00848579
-1.36500008,-5.07269478,0.87816167,0.87816167,1.75632333,-2.23999929,-5.14715481,-0.49000087,-4.99823475
-1.36499956,-5.06266665,0.87817994,0.87817994,1.75635989,-2.23999763,-5.13735533,-0.49000150,-4.98797798
-1.36500028,-5.05263806,0.87820066,0.87820066,1.75640132,-2.23999906,-5.12756157,-0.49000150,-4.97771454
-1.36499967,-5.04260850,0.87822139,0.87822139,1.75644278,-2.23999858,-5.11777306,-0.49000075,-4.96744394
-1.36500052,-5.03257918,0.87824219,0.87824219,1.75648438,-2.23999906,-5.10799074,-0.49000198,-4.95716763
-1.36499963,-5.02254915,0.87826411,0.87826411,1.75652823,-2.23999834,-5.09821367,-0.49000093,-4.94688463
-1.36500061,-5.01251888,0.87828625,0.87828625,1.75657249,-2.23999906,-5.08844280,-0.49000216,-4.93659496
-1.36500025,-5.00248790,0.87830930,0.87830930,1.75661860,-2.23999882,-5.07867670,-0.49000168,-4.92629910
-1.36499989,-4.99245858,0.87833252,0.87833252,1.75666504,-2.23999810,-5.06891870,-0.49000168,-4.91599846
-1.36499984,-4.98242665,0.87835817,0.87835817,1.75671634,-2.23999953,-5.05916405,-0.49000016,-4.90568924
-1.36832497,-4.97268701,0.88171876,0.88171876,1.76343753,-2.24664760,-5.05000019,-0.49000233,-4.89537382
-1.38999970,-4.96457053,0.90350468,0.90350468,1.80700935,-2.28999829,-5.04408932,-0.49000111,-4.88505173
-1.39000011,-4.95454526,0.90353156,0.90353156,1.80706311,-2.28999877,-5.03436804,-0.49000144,-4.87472248
-1.38999946,-4.94452000,0.90355842,0.90355842,1.80711684,-2.28999758,-5.02465248,-0.49000135,-4.86438751
-1.39000033,-4.93449402,0.90358756,0.90358756,1.80717511,-2.28999949,-5.01494265,-0.49000117,-4.85404539
-1.38999927,-4.92446756,0.90361570,0.90361570,1.80723141,-2.28999782,-5.00523853,-0.49000072,-4.84369659
-1.38999910,-4.91444278,0.90364504,0.90364504,1.80729009,-2.28999758,-4.99554205,-0.49000061,-4.83334351
-1.39000003,-4.90441513,0.90367562,0.90367562,1.80735124,-2.28999901,-4.98584890,-0.49000105,-4.82298136
-1.39000103,-4.89438748,0.90370610,0.90370610,1.80741220,-2.28999972,-4.97616196,-0.49000233,-4.81261301
-1.38999987,-4.88435936,0.90373658,0.90373658,1.80747315,-2.28999758,-4.96648073,-0.49000216,-4.80223799
-1.38999936,-4.87433052,0.90376945,0.90376945,1.80753891,-2.28999782,-4.95680475,-0.49000090,-4.79185629
-1.38999988,-4.86430073,0.90380248,0.90380248,1.80760496,-2.28999853,-4.94713402,-0.49000123,-4.78146744
-1.39000017,-4.85427046,0.90383670,0.90383670,1.80767340,-2.28999949,-4.93746901,-0.49000084,-4.77107191
-1.38999933,-4.84423971,0.90387085,0.90387085,1.80774169,-2.28999853,-4.92780972,-0.49000013,-4.76066971
-1.38999993,-4.83421040,0.90390497,0.90390497,1.80780993,-2.28999829,-4.91815758,-0.49000156,-4.75026321
-1.41500053,-4.82652044,0.87883176,0.87883176,1.75766353,-2.28999949,-4.90850878,-0.54000157,-4.74453211
-1.41500053,-4.81649876,0.87886716,0.87886716,1.75773433,-2.28999949,-4.89886570,-0.54000157,-4.73413181
-1.41500050,-4.80647612,0.87890263,0.87890263,1.75780525,-2.28999877,-4.88922787,-0.54000223,-4.72372437
-1.41500012,-4.79645348,0.87894034,0.87894034,1.75788068,-2.28999925,-4.87959576,-0.54000098,-4.71331120
-1.41499982,-4.78642940,0.87897821,0.87897821,1.75795643,-2.28999925,-4.86996794,-0.54000038,-4.70289087
-1.41499909,-4.77640533,0.87901608,0.87901608,1.75803215,-2.28999805,-4.86034632,-0.54000014,-4.69246435
-1.41499931,-4.76638054,0.87905520,0.87905520,1.75811040,-2.28999829,-4.85072994,-0.54000032,-4.68203115
-1.41499919,-4.75635481,0.87909421,0.87909421,1.75818842,-2.28999734,-4.84111834,-0.54000103,-4.67159128
-1.41499960,-4.74633073,0.87913459,0.87913459,1.75826918,-2.28999758,-4.83151388,-0.54000163,-4.66114759
-1.41499972,-4.73630404,0.87917728,0.87917728,1.75835455,-2.28999901,-4.82191324,-0.54000044,-4.65069485
-1.41500038,-4.72627639,0.87921877,0.87921877,1.75843755,-2.28999901,-4.81231737,-0.54000175,-4.64023542
-1.41499922,-4.71624852,0.87926140,0.87926140,1.75852281,-2.28999758,-4.80272675,-0.54000086,-4.62977028
-1.41499990,-4.70621943,0.87930661,0.87930661,1.75861321,-2.28999972,-4.79314137,-0.54000008,-4.61929750
-1.41499958,-4.69618988,0.87934929,0.87934929,1.75869858,-2.28999758,-4.78356075,-0.54000157,-4.60881901
-1.41499970,-4.68615937,0.87939570,0.87939570,1.75879139,-2.28999877,-4.77398539,-0.54000062,-4.59833336
-1.41500011,-4.67612815,0.87944093,0.87944093,1.75888186,-2.28999829,-4.76441479,-0.54000193,-4.58784151
-1.41499930,-4.66609788,0.87948848,0.87948848,1.75897695,-2.28999805,-4.75485134,-0.54000056,-4.57734442
-1.41500002,-4.65606475,0.87953606,0.87953606,1.75907211,-2.28999853,-4.74529076,-0.54000151,-4.56683874
-1.41500095,-4.64603090,0.87958494,0.87958494,1.75916988,-2.28999972,-4.73573494,-0.54000217,-4.55632687
-1.41499942,-4.63599610,0.87963498,0.87963498,1.75926995,-2.28999877,-4.72618389,-0.54000008,-4.54580832
-1.41499913,-4.62596059,0.87968509,0.87968509,1.75937018,-2.28999829,-4.71663761,-0.53999996,-4.53528357
-1.41499987,-4.61592388,0.87973520,0.87973520,1.75947039,-2.28999805,-4.70709515,-0.54000169,-4.52475262
-1.41499916,-4.60588622,0.87978758,0.87978758,1.75957515,-2.28999782,-4.69755697,-0.54000050,-4.51421547
-1.41499957,-4.59584737,0.87984011,0.87984011,1.75968022,-2.28999805,-4.68802261,-0.54000109,-4.50367212
-1.41499933,-4.58580947,0.87989384,0.87989384,1.75978768,-2.28999805,-4.67849398,-0.54000062,-4.49312496
-1.41500023,-4.57576871,0.87994748,0.87994748,1.75989497,-2.28999829,-4.66896725,-0.54000217,-4.48257017
-1.41499942,-4.56572676,0.88000360,0.88000360,1.76000719,-2.28999853,-4.65944386,-0.54000032,-4.47200966
-1.41500053,-4.55568409,0.88005860,0.88005860,1.76011719,-2.28999877,-4.64992428,-0.54000229,-4.46144390
-1.41499984,-4.54563952,0.88011591,0.88011591,1.76023182,-2.28999877,-4.64040709,-0.54000092,-4.45087194
-1.43999961,-4.53831673,0.85502572,0.85502572,1.71005144,-2.28999877,-4.63089323,-0.59000045,-4.44574022
-1.43999952,-4.52828574,0.85508179,0.85508179,1.71016358,-2.28999829,-4.62138224,-0.59000075,-4.43518925
-1.44000003,-4.51825333,0.85513800,0.85513800,1.71027601,-2.28999782,-4.61187363,-0.59000224,-4.42463303
-1.43999949,-4.50821948,0.85519770,0.85519770,1.71039540,-2.28999901,-4.60236788,-0.58999997,-4.41407108
-1.46499956,-4.50097108,0.88041013,0.88041013,1.76082026,-2.33999825,-4.59843540,-0.59000087,-4.40350676
-1.46499908,-4.49095059,0.88047119,0.88047119,1.76094239,-2.33999777,-4.58896494,-0.59000039,-4.39293623
-1.46500004,-4.48092938,0.88053346,0.88053346,1.76106693,-2.33999920,-4.57949734,-0.59000087,-4.38236141
-1.46500093,-4.47090697,0.88059578,0.88059578,1.76119156,-2.33999991,-4.57003164,-0.59000194,-4.37178230
-1.46500054,-4.46088291,0.88065912,0.88065912,1.76131824,-2.33999968,-4.56056738,-0.59000140,-4.36119843
-1.46500039,-4.45085740,0.88072266,0.88072266,1.76144532,-2.33999920,-4.55110455,-0.59000158,-4.35061026
-1.46499994,-4.44083047,0.88078618,0.88078618,1.76157236,-2.33999777,-4.54164267,-0.59000212,-4.34001827
-1.46499947,-4.43080258,0.88085207,0.88085207,1.76170414,-2.33999801,-4.53218269,-0.59000093,-4.32942247
-1.46500072,-4.42077589,0.88091804,0.88091804,1.76183608,-2.33999944,-4.52272606,-0.59000200,-4.31882572
-1.46499938,-4.41074514,0.88098388,0.88098388,1.76196776,-2.33999753,-4.51326752,-0.59000123,-4.30822277
-1.46500024,-4.40071320,0.88105224,0.88105224,1.76210447,-2.33999968,-4.50381041,-0.59000081,-4.29761600
-1.46499953,-4.39067936,0.88111938,0.88111938,1.76223876,-2.33999848,-4.49435282,-0.59000057,-4.28700590
-1.46499938,-4.38064456,0.88118774,0.88118774,1.76237548,-2.33999848,-4.48489618,-0.59000027,-4.27639294
-1.46499997,-4.37060809,0.88125736,0.88125736,1.76251471,-2.33999991,-4.47543955,-0.59000003,-4.26577663
-1.46500099,-4.36057043,0.88132565,0.88132565,1.76265131,-2.33999991,-4.46598291,-0.59000206,-4.25515795
-1.46500024,-4.35053086,0.88139531,0.88139531,1.76279061,-2.33999896,-4.45652580,-0.59000152,-4.24453592
-1.46499958,-4.34049153,0.88146610,0.88146610,1.76293220,-2.33999872,-4.44707012,-0.59000045,-4.23391294
-1.46500072,-4.33044910,0.88153677,0.88153677,1.76307354,-2.33999968,-4.43761206,-0.59000176,-4.22328615
-1.46499983,-4.32040476,0.88160882,0.88160882,1.76321765,-2.33999944,-4.42815351,-0.59000021,-4.21265602
-1.46499911,-4.31035900,0.88167966,0.88167966,1.76335933,-2.33999777,-4.41869354,-0.59000045,-4.20202446
-1.46499982,-4.30031109,0.88175293,0.88175293,1.76350586,-2.33999944,-4.40923262,-0.59000021,-4.19138956
-1.46500072,-4.29026174,0.88182498,0.88182498,1.76364996,-2.33999968,-4.39977026,-0.59000176,-4.18075323
-1.46499899,-4.28021097,0.88189813,0.88189813,1.76379625,-2.33999801,-4.39030647,-0.58999997,-4.17011547
-1.46500113,-4.27015877,0.88197141,0.88197141,1.76394283,-2.33999991,-4.38084173,-0.59000236,-4.15947580
-1.46499955,-4.26010394,0.88204474,0.88204474,1.76408949,-2.33999777,-4.37137413,-0.59000134,-4.14883375
-1.46499985,-4.25004959,0.88211913,0.88211913,1.76423827,-2.33999825,-4.36190653,-0.59000146,-4.13819265
-1.46500022,-4.23999166,0.88219476,0.88219476,1.76438952,-2.33999968,-4.35243511,-0.59000075,-4.12754822
-1.46500034,-4.22993183,0.88226929,0.88226929,1.76453858,-2.33999944,-4.34296131,-0.59000123,-4.11690235
-1.46500003,-4.21987081,0.88234500,0.88234500,1.76469000,-2.33999968,-4.33348560,-0.59000039,-4.10625601
-1.46499938,-4.20980716,0.88241940,0.88241940,1.76483880,-2.33999801,-4.32400608,-0.59000075,-4.09560823
-1.46500078,-4.19974231,0.88249512,0.88249512,1.76499024,-2.33999944,-4.31452465,-0.59000212,-4.08495998
-1.46500006,-4.18967557,0.88257077,0.88257077,1.76514153,-2.33999848,-4.30503988,-0.59000164,-4.07431126
-1.46500027,-4.17960644,0.88264646,0.88264646,1.76529293,-2.33999825,-4.29555178,-0.59000230,-4.06366110
-1.46499941,-4.16953778,0.88272334,0.88272334,1.76544669,-2.33999801,-4.28606224,-0.59000081,-4.05301332
-1.48999980,-4.16281104,0.85757698,0.85757698,1.71515396,-2.33999848,-4.27656746,-0.64000112,-4.04905462
-1.49000030,-4.15275288,0.85765130,0.85765130,1.71530260,-2.33999896,-4.26706839,-0.64000165,-4.03843737
-1.49000000,-4.14269328,0.85772704,0.85772704,1.71545409,-2.33999991,-4.25756645,-0.64000010,-4.02782011
-1.49000004,-4.13263178,0.85780037,0.85780037,1.71560075,-2.33999872,-4.24806023,-0.64000136,-4.01720333
-1.49000018,-4.12256813,0.85787602,0.85787602,1.71575203,-2.33999991,-4.23854971,-0.64000046,-4.00658655
-1.49000040,-4.11250234,0.85794923,0.85794923,1.71589846,-2.33999872,-4.22903442,-0.64000207,-3.99597025
-1.49000058,-4.10243475,0.85802490,0.85802490,1.71604980,-2.33999991,-4.21951532,-0.64000124,-3.98535419
-1.48999947,-4.09236729,0.85809942,0.85809942,1.71619884,-2.33999872,-4.20999336,-0.64000022,-3.97474122
-1.48999965,-4.08229589,0.85817257,0.85817257,1.71634514,-2.33999753,-4.20046425,-0.64000177,-3.96412754
-1.48999962,-4.07222259,0.85824828,0.85824828,1.71649657,-2.33999872,-4.19093084,-0.64000052,-3.95351434
-1.48999959,-4.06214714,0.85832148,0.85832148,1.71664296,-2.33999753,-4.18139172,-0.64000165,-3.94290257
-1.49000034,-4.05206990,0.85839594,0.85839594,1.71679189,-2.33999848,-4.17184782,-0.64000219,-3.93229198
-1.48999989,-4.04199099,0.85847172,0.85847172,1.71694344,-2.33999968,-4.16229916,-0.64000010,-3.92168283
-1.48999971,-4.03190947,0.85854360,0.85854360,1.71708721,-2.33999753,-4.15274334,-0.64000189,-3.91107559
-1.51387229,-4.02523518,0.88273323,0.88273323,1.76546646,-2.38774395,-4.15000010,-0.64000064,-3.90047026
-1.51500026,-4.01532602,0.88394774,0.88394774,1.76789549,-2.38999939,-4.14078569,-0.64000112,-3.88986635
-1.51499989,-4.00525641,0.88402341,0.88402341,1.76804682,-2.38999939,-4.13124561,-0.64000040,-3.87926722
-1.51500043,-3.99518263,0.88409787,0.88409787,1.76819574,-2.38999939,-4.12169695,-0.64000148,-3.86866832
-1.51500031,-3.98510659,0.88417241,0.88417241,1.76834483,-2.38999915,-4.11214161,-0.64000148,-3.85807157
-1.51499909,-3.97502875,0.88424678,0.88424678,1.76849355,-2.38999796,-4.10258007,-0.64000022,-3.84747744
-1.51499960,-3.96494889,0.88432133,0.88432133,1.76864266,-2.38999915,-4.09301138,-0.64000005,-3.83688641
-1.51500038,-3.95486724,0.88439450,0.88439450,1.76878899,-2.38999963,-4.08343601,-0.64000112,-3.82629848
-1.51500025,-3.94478345,0.88446786,0.88446786,1.76893573,-2.38999987,-4.07385349,-0.64000064,-3.81571341
-1.51499993,-3.93469762,0.88453971,0.88453971,1.76907942,-2.38999891,-4.06426334,-0.64000094,-3.80513191
-1.51500076,-3.92461192,0.88461179,0.88461179,1.76922357,-2.38999987,-4.05466795,-0.64000165,-3.79455590
-1.51499957,-3.91452193,0.88468269,0.88468269,1.76936537,-2.38999820,-4.04506254,-0.64000094,-3.78398132
-1.51499936,-3.90443039,0.88475346,0.88475346,1.76950692,-2.38999796,-4.03544998,-0.64000076,-3.77341080
-1.51500016,-3.89433694,0.88482428,0.88482428,1.76964857,-2.38999939,-4.02582979,-0.64000094,-3.76284409
-1.51499966,-3.88424146,0.88489261,0.88489261,1.76978522,-2.38999772,-4.01620102,-0.64000160,-3.75228190
-1.51500007,-3.87414420,0.88496340,0.88496340,1.76992679,-2.39000010,-4.00656462,-0.64000005,-3.74172378
-1.51500011,-3.86404538,0.88503048,0.88503048,1.77006097,-2.38999915,-3.99691987,-0.64000106,-3.73117089
-1.51500097,-3.85394454,0.88509768,0.88509768,1.77019535,-2.38999987,-3.98726678,-0.64000207,-3.72062230
-1.51499969,-3.84384346,0.88516478,0.88516478,1.77032956,-2.38999915,-3.97760677,-0.64000022,-3.71008015
-1.51499948,-3.83373916,0.88522946,0.88522946,1.77045893,-2.38999796,-3.96793628,-0.64000100,-3.69954205
-1.51499978,-3.82363307,0.88529424,0.88529424,1.77058848,-2.38999820,-3.95825720,-0.64000136,-3.68900895
-1.51500046,-3.81352508,0.88535892,0.88535892,1.77071784,-2.38999963,-3.94856906,-0.64000130,-3.67848110
-1.51499939,-3.80341541,0.88542110,0.88542110,1.77084220,-2.38999772,-3.93887186,-0.64000106,-3.66795897
-1.51499981,-3.79330444,0.88548469,0.88548469,1.77096938,-2.38999963,-3.92916632,-0.63999999,-3.65744257
-1.52485231,-3.78472602,0.87557485,0.87557485,1.75114970,-2.38999987,-3.91945171,-0.65970474,-3.65000033
-1.53999966,-3.77698171,0.86030265,0.86030265,1.72060530,-2.38999915,-3.90972781,-0.69000018,-3.64423561
-1.54000023,-3.76687693,0.86036009,0.86036009,1.72072018,-2.38999963,-3.89999533,-0.69000083,-3.63375854
-1.53999925,-3.75677216,0.86041622,0.86041622,1.72083244,-2.38999820,-3.89025569,-0.69000030,-3.62328863
-1.54000008,-3.74666405,0.86047124,0.86047124,1.72094248,-2.38999844,-3.88050556,-0.69000173,-3.61282253
-1.54000055,-3.73655414,0.86052610,0.86052610,1.72105220,-2.38999915,-3.87074637,-0.69000196,-3.60236192
-1.53999978,-3.72644270,0.86057982,0.86057982,1.72115964,-2.38999844,-3.86097860,-0.69000113,-3.59190679
-1.53999999,-3.71632981,0.86063229,0.86063229,1.72126457,-2.38999844,-3.85120225,-0.69000155,-3.58145738
-1.53999987,-3.70621538,0.86068477,0.86068477,1.72136954,-2.38999915,-3.84141707,-0.69000059,-3.57101369
-1.53999949,-3.69609940,0.86073481,0.86073481,1.72146963,-2.38999820,-3.83162284,-0.69000077,-3.56057596
-1.53999996,-3.68598211,0.86078371,0.86078371,1.72156743,-2.38999796,-3.82182026,-0.69000196,-3.55014396
-1.53999946,-3.67586518,0.86083251,0.86083251,1.72166502,-2.38999772,-3.81201053,-0.69000119,-3.53971982
-1.54000009,-3.66574526,0.86088012,0.86088012,1.72176024,-2.38999844,-3.80219078,-0.69000173,-3.52929974
-1.53999990,-3.65562391,0.86092773,0.86092773,1.72185547,-2.38999939,-3.79236245,-0.69000041,-3.51888537
-1.54000029,-3.64550114,0.86097174,0.86097174,1.72194349,-2.38999844,-3.78252482,-0.69000214,-3.50847745
-1.54000106,-3.63537752,0.86101693,0.86101693,1.72203386,-2.39000010,-3.77267933,-0.69000202,-3.49807572
-1.53999975,-3.62525213,0.86106075,0.86106075,1.72212150,-2.38999939,-3.76282477,-0.69000012,-3.48767948
-1.54000002,-3.61512601,0.86110234,0.86110234,1.72220469,-2.38999915,-3.75296187,-0.69000089,-3.47729015
-1.54000035,-3.60499870,0.86114254,0.86114254,1.72228507,-2.38999867,-3.74309039,-0.69000202,-3.46690702
-1.53999924,-3.59487211,0.86118279,0.86118279,1.72236559,-2.38999796,-3.73321223,-0.69000053,-3.45653200
-1.53999987,-3.58474278,0.86122067,0.86122067,1.72244135,-2.38999772,-3.72332382,-0.69000202,-3.44616175
-1.54000047,-3.57461250,0.86125985,0.86125985,1.72251970,-2.38999987,-3.71342731,-0.69000107,-3.43579769
-1.53999970,-3.56448102,0.86129638,0.86129638,1.72259277,-2.38999915,-3.70352197,-0.69000024,-3.42544007
-1.55950553,-3.55754483,0.88109618,0.88109618,1.76219236,-2.42900944,-3.69999981,-0.69000161,-3.41508985
-1.56500012,-3.54831826,0.88670040,0.88670040,1.77340080,-2.43999982,-3.69189095,-0.69000041,-3.40474558
-1.56500009,-3.53819036,0.88673343,0.88673343,1.77346685,-2.43999887,-3.68197250,-0.69000131,-3.39440823
-1.56500077,-3.52806163,0.88676645,0.88676645,1.77353291,-2.43999982,-3.67204571,-0.69000173,-3.38407755
-1.56499991,-3.51793181,0.88679690,0.88679690,1.77359380,-2.43999791,-3.66210961,-0.69000190,-3.37375402
-1.56500047,-3.50780332,0.88682856,0.88682856,1.77365711,-2.43999982,-3.65216756,-0.69000113,-3.36343908
-1.56499973,-3.49767173,0.88685790,0.88685790,1.77371581,-2.43999934,-3.64221454,-0.69000012,-3.35312891
-1.56499925,-3.48753929,0.88688475,0.88688475,1.77376949,-2.43999791,-3.63225245,-0.69000059,-3.34282613
-1.56499922,-3.47740626,0.88691159,0.88691159,1.77382319,-2.43999815,-3.62228227,-0.69000030,-3.33253026
-1.56499952,-3.46727300,0.88693612,0.88693612,1.77387224,-2.43999767,-3.61230373,-0.69000137,-3.32224226
-1.56499973,-3.45713842,0.88696043,0.88696043,1.77392086,-2.43999815,-3.60231614,-0.69000131,-3.31196070
-1.56499886,-3.44700348,0.88698361,0.88698361,1.77396722,-2.43999767,-3.59232044,-0.69000006,-3.30168653
-1.56500047,-3.43686819,0.88700444,0.88700444,1.77400889,-2.43999863,-3.58231616,-0.69000232,-3.29142022
-1.56499899,-3.42673397,0.88702519,0.88702519,1.77405037,-2.43999767,-3.57230520,-0.69000030,-3.28116274
-1.56499988,-3.41659749,0.88704347,0.88704347,1.77408693,-2.43999791,-3.56228399,-0.69000185,-3.27091098
-1.56500045,-3.40646065,0.88706175,0.88706175,1.77412350,-2.43999910,-3.55225468,-0.69000179,-3.26066661
-1.56500047,-3.39632344,0.88707758,0.88707758,1.77415516,-2.43999863,-3.54221678,-0.69000232,-3.25043011
-1.56499982,-3.38618553,0.88709351,0.88709351,1.77418701,-2.43999887,-3.53217030,-0.69000077,-3.24020076
-1.56500086,-3.37604785,0.88710690,0.88710690,1.77421380,-2.43999958,-3.52211595,-0.69000214,-3.22997975
-1.56500003,-3.36590945,0.88711921,0.88711921,1.77423842,-2.43999863,-3.51205301,-0.69000143,-3.21976590
-1.56499922,-3.35577118,0.88713014,0.88713014,1.77426028,-2.43999767,-3.50198197,-0.69000077,-3.20956039
-1.56500065,-3.34563482,0.88713996,0.88713996,1.77427993,-2.43999910,-3.49190521,-0.69000220,-3.19936442
-1.56499994,-3.33549619,0.88714848,0.88714848,1.77429695,-2.43999839,-3.48181820,-0.69000149,-3.18917418
-1.56499916,-3.32535744,0.88715577,0.88715577,1.77431154,-2.43999767,-3.47172332,-0.69000065,-3.17899156
-1.56500068,-3.31521905,0.88716188,0.88716188,1.77432376,-2.43999934,-3.46162105,-0.69000202,-3.16881704
-1.56499937,-3.30508017,0.88716674,0.88716674,1.77433348,-2.43999815,-3.45151091,-0.69000059,-3.15864944
-1.56500011,-3.29494178,0.88717042,0.88717042,1.77434085,-2.43999910,-3.44139361,-0.69000113,-3.14848995
-1.56500021,-3.28480351,0.88717282,0.88717282,1.77434563,-2.43999934,-3.43126893,-0.69000107,-3.13833809
-1.56499979,-3.27466512,0.88717404,0.88717404,1.77434807,-2.43999910,-3.42113686,-0.69000047,-3.12819338
-1.56499982,-3.26452696,0.88717285,0.88717285,1.77434570,-2.43999815,-3.41099739,-0.69000149,-3.11805654
-1.56499985,-3.25439131,0.88717168,0.88717168,1.77434336,-2.43999839,-3.40085340,-0.69000131,-3.10792923
-1.56499910,-3.24425363,0.88716913,0.88716913,1.77433826,-2.43999767,-3.39070010,-0.69000053,-3.09780717
-1.56499991,-3.23411655,0.88716554,0.88716554,1.77433108,-2.43999863,-3.38054037,-0.69000119,-3.08769274
-1.56499937,-3.22397983,0.88716070,0.88716070,1.77432140,-2.43999815,-3.37037396,-0.69000059,-3.07758570
-1.56500000,-3.21384347,0.88715449,0.88715449,1.77430899,-2.43999863,-3.36020088,-0.69000137,-3.06748605
-1.56499919,-3.20370734,0.88714715,0.88714715,1.77429430,-2.43999767,-3.35002112,-0.69000071,-3.05739355
-1.57305166,-3.19491804,0.87897465,0.87897465,1.75794929,-2.43999767,-3.33983541,-0.70610565,-3.05000067
-1.58999923,-3.18761432,0.86178353,0.86178353,1.72356706,-2.43999839,-3.32964349,-0.74000007,-3.04558516
-1.59000072,-3.17748022,0.86177253,0.86177253,1.72354507,-2.43999910,-3.31944728,-0.74000233,-3.03551316
-1.58999953,-3.16734433,0.86176150,0.86176150,1.72352300,-2.43999815,-3.30924296,-0.74000090,-3.02544570
-1.59289697,-3.15769243,0.86468755,0.86468755,1.72937509,-2.44579387,-3.29999995,-0.74000007,-3.01538491
-1.61499879,-3.15124297,0.88708132,0.88708132,1.77416263,-2.48999763,-3.29715490,-0.73999995,-3.00533104
-1.61499915,-3.14110613,0.88706665,0.88706665,1.77413330,-2.48999810,-3.28692818,-0.74000019,-2.99528408
-1.61499971,-3.13096964,0.88705076,0.88705076,1.77410151,-2.48999858,-3.27669549,-0.74000084,-2.98524380
-1.61500043,-3.12083376,0.88703372,0.88703372,1.77406745,-2.48999906,-3.26645732,-0.74000180,-2.97521019
-1.61499992,-3.11069811,0.88701665,0.88701665,1.77403330,-2.48999929,-3.25621319,-0.74000055,-2.96518302
-1.61499998,-3.10056471,0.88699710,0.88699710,1.77399421,-2.48999858,-3.24596524,-0.74000138,-2.95516419
-1.61499902,-3.09043003,0.88697757,0.88697757,1.77395514,-2.48999786,-3.23570991,-0.74000019,-2.94515014
-1.61500007,-3.08029593,0.88695674,0.88695674,1.77391347,-2.48999882,-3.22544909,-0.74000132,-2.93514276
-1.61500078,-3.07016265,0.88693482,0.88693482,1.77386963,-2.48999929,-3.21518326,-0.74000227,-2.92514205
-1.61499969,-3.06002963,0.88691287,0.88691287,1.77382574,-2.48999882,-3.20491219,-0.74000055,-2.91514707
-1.61500030,-3.04989719,0.88688967,0.88688967,1.77377933,-2.48999977,-3.19463563,-0.74000084,-2.90515876
-1.61500012,-3.03976583,0.88686522,0.88686522,1.77373044,-2.48999953,-3.18435478,-0.74000072,-2.89517689
-1.61500022,-3.02963483,0.88683837,0.88683837,1.77367675,-2.48999810,-3.17406821,-0.74000233,-2.88520145
-1.61499944,-3.01950442,0.88681274,0.88681274,1.77362549,-2.48999786,-3.16377711,-0.74000102,-2.87523174
-1.61499953,-3.00937712,0.88678587,0.88678587,1.77357175,-2.48999810,-3.15348363,-0.74000096,-2.86527061
-1.61499998,-2.99924850,0.88675898,0.88675898,1.77351796,-2.48999953,-3.14318347,-0.74000043,-2.85531354
-1.61500031,-2.98912072,0.88672972,0.88672972,1.77345945,-2.48999929,-3.13287878,-0.74000132,-2.84536266
-1.61500033,-2.97899390,0.88670042,0.88670042,1.77340084,-2.48999953,-3.12256980,-0.74000114,-2.83541799
-1.61500007,-2.96886778,0.88666871,0.88666871,1.77333743,-2.48999786,-3.11225629,-0.74000227,-2.82547927
-1.61500067,-2.95874286,0.88663821,0.88663821,1.77327642,-2.48999906,-3.10193896,-0.74000227,-2.81554675
-1.61499947,-2.94861841,0.88660634,0.88660634,1.77321269,-2.48999786,-3.09161711,-0.74000108,-2.80561972
-1.61500001,-2.93849527,0.88657466,0.88657466,1.77314932,-2.48999929,-3.08129191,-0.74000072,-2.79569864
-1.61499941,-2.92837477,0.88654047,0.88654047,1.77308094,-2.48999786,-3.07096410,-0.74000096,-2.78578544
-1.61500066,-2.91825402,0.88650633,0.88650633,1.77301266,-2.48999906,-3.06063128,-0.74000227,-2.77587676
-1.61500004,-2.90813350,0.88647101,0.88647101,1.77294201,-2.48999786,-3.05029416,-0.74000221,-2.76597285
-1.61499930,-2.89801443,0.88643678,0.88643678,1.77287355,-2.48999834,-3.03995395,-0.74000025,-2.75607491
-1.61499977,-2.88789618,0.88640014,0.88640014,1.77280029,-2.48999834,-3.02960968,-0.74000120,-2.74618268
-1.61499905,-2.87777901,0.88636356,0.88636356,1.77272713,-2.48999786,-3.01926208,-0.74000025,-2.73629594
-1.61500037,-2.86766351,0.88632574,0.88632574,1.77265148,-2.48999882,-3.00891161,-0.74000192,-2.72641540
-1.61500034,-2.85754872,0.88628791,0.88628791,1.77257582,-2.48999906,-2.99855757,-0.74000162,-2.71653986
-1.61499959,-2.84743679,0.88624875,0.88624875,1.77249750,-2.48999786,-2.98820210,-0.74000132,-2.70667148
-1.61499980,-2.83732450,0.88620970,0.88620970,1.77241941,-2.48999834,-2.97784209,-0.74000126,-2.69680691
-1.61499947,-2.82721317,0.88616944,0.88616944,1.77233887,-2.48999763,-2.96747899,-0.74000132,-2.68694735
-1.61499956,-2.81710291,0.88612911,0.88612911,1.77225821,-2.48999786,-2.95711279,-0.74000126,-2.67709303
-1.62519314,-2.80862212,0.89641108,0.89641108,1.79282215,-2.51038527,-2.95000005,-0.74000102,-2.66724420
-1.64000014,-2.80087209,0.91136344,0.91136344,1.82272688,-2.53999972,-2.94434357,-0.74000055,-2.65740061
-1.63999993,-2.79075789,0.91131842,0.91131842,1.82263683,-2.53999782,-2.93395376,-0.74000204,-2.64756203
-1.63999969,-2.78064501,0.91127555,0.91127555,1.82255111,-2.53999853,-2.92356181,-0.74000084,-2.63772821
-1.63999951,-2.77053333,0.91123039,0.91123039,1.82246078,-2.53999758,-2.91316676,-0.74000144,-2.62789989
-1.64000002,-2.76042473,0.91118651,0.91118651,1.82237302,-2.53999901,-2.90277171,-0.74000102,-2.61807775
-1.63999963,-2.75031507,0.91114129,0.91114129,1.82228259,-2.53999877,-2.89237142,-0.74000049,-2.60825872
-1.63999989,-2.74020707,0.91109497,0.91109497,1.82218994,-2.53999853,-2.88196921,-0.74000126,-2.59844494
-1.63999977,-2.73010027,0.91104860,0.91104860,1.82209721,-2.53999829,-2.87156487,-0.74000126,-2.58863568
-1.63999906,-2.71999455,0.91100215,0.91100215,1.82200430,-2.53999782,-2.86115813,-0.74000031,-2.57883096
-1.64000017,-2.70989024,0.91095583,0.91095583,1.82191166,-2.53999972,-2.85074949,-0.74000061,-2.56903100
-1.64000049,-2.69978702,0.91090699,0.91090699,1.82181398,-2.53999877,-2.84033823,-0.74000221,-2.55923581
-1.64178270,-2.68996274,0.90905390,0.90905390,1.81810780,-2.53999734,-2.82992506,-0.74356806,-2.55000043
-1.66499942,-2.68347299,0.88551030,0.88551030,1.77102059,-2.53999758,-2.81951237,-0.79000127,-2.54743361
-1.66500067,-2.67336500,0.88546387,0.88546387,1.77092773,-2.53999972,-2.80909610,-0.79000163,-2.53763390
-1.66499945,-2.66325784,0.88541624,0.88541624,1.77083248,-2.53999853,-2.79867768,-0.79000038,-2.52783799
-1.66499951,-2.65315211,0.88536867,0.88536867,1.77073733,-2.53999901,-2.78825784,-0.79000002,-2.51804638
-1.66499930,-2.64304757,0.88531985,0.88531985,1.77063969,-2.53999829,-2.77783632,-0.79000032,-2.50825882
-1.66500002,-2.63294434,0.88527099,0.88527099,1.77054199,-2.53999877,-2.76741338,-0.79000127,-2.49847531
-1.66499924,-2.62284207,0.88522214,0.88522214,1.77044429,-2.53999805,-2.75698876,-0.79000044,-2.48869538
-1.66499919,-2.61274124,0.88517329,0.88517329,1.77034658,-2.53999829,-2.74656320,-0.79000008,-2.47891927
-1.66500071,-2.60264397,0.88512330,0.88512330,1.77024660,-2.53999925,-2.73613858,-0.79000217,-2.46914935
-1.66499939,-2.59254539,0.88507447,0.88507447,1.77014895,-2.53999877,-2.72571039,-0.79000002,-2.45938039
-1.66499975,-2.58244836,0.88502445,0.88502445,1.77004889,-2.53999901,-2.71528125,-0.79000050,-2.44961548
-1.66500023,-2.57235265,0.88497432,0.88497432,1.76994864,-2.53999949,-2.70485115,-0.79000098,-2.43985415
-1.66499993,-2.56225824,0.88492306,0.88492306,1.76984612,-2.53999829,-2.69441986,-0.79000157,-2.43009663
-1.66499970,-2.55216503,0.88487182,0.88487182,1.76974364,-2.53999734,-2.68398786,-0.79000205,-2.42034221
-1.66499954,-2.54207301,0.88482296,0.88482296,1.76964592,-2.53999901,-2.67355537,-0.79000008,-2.41059065
-1.66499918,-2.53198243,0.88477173,0.88477173,1.76954345,-2.53999829,-2.66312194,-0.79000008,-2.40084291
-1.66499994,-2.52189303,0.88471921,0.88471921,1.76943843,-2.53999758,-2.65268755,-0.79000229,-2.39109850
-1.66500002,-2.51180696,0.88466919,0.88466919,1.76933839,-2.53999877,-2.64225531,-0.79000127,-2.38135862
-1.66499886,-2.50171995,0.88461787,0.88461787,1.76923574,-2.53999758,-2.63181996,-0.79000014,-2.37161994
-1.66499964,-2.49163449,0.88456665,0.88456665,1.76913330,-2.53999853,-2.62138462,-0.79000074,-2.36188436
-1.66499970,-2.48155057,0.88451535,0.88451535,1.76903070,-2.53999877,-2.61094928,-0.79000062,-2.35215187
-1.66500035,-2.47146785,0.88446284,0.88446284,1.76892569,-2.53999853,-2.60051322,-0.79000217,-2.34242249
-1.66499895,-2.46138585,0.88441167,0.88441167,1.76882333,-2.53999758,-2.59007692,-0.79000032,-2.33269477
-1.66499903,-2.45130551,0.88436036,0.88436036,1.76872071,-2.53999805,-2.57964087,-0.79000002,-2.32297015
-1.66499931,-2.44122661,0.88430787,0.88430787,1.76861573,-2.53999758,-2.56920481,-0.79000103,-2.31324840
-1.66499955,-2.43115055,0.88425658,0.88425658,1.76851316,-2.53999829,-2.55877066,-0.79000080,-2.30353045
-1.66499985,-2.42107416,0.88420405,0.88420405,1.76840810,-2.53999782,-2.54833508,-0.79000187,-2.29381323
-1.66500005,-2.41099894,0.88415279,0.88415279,1.76830557,-2.53999853,-2.53789973,-0.79000157,-2.28409815
-1.66499906,-2.40092481,0.88410155,0.88410155,1.76820310,-2.53999805,-2.52746463,-0.79000008,-2.27438498
-1.66500005,-2.39085221,0.88404907,0.88404907,1.76809813,-2.53999829,-2.51703000,-0.79000181,-2.26467443
-1.66500059,-2.38078058,0.88399782,0.88399782,1.76799563,-2.53999925,-2.50659585,-0.79000193,-2.25496531
-1.66499951,-2.37071037,0.88394654,0.88394654,1.76789309,-2.53999853,-2.49616241,-0.79000050,-2.24525833
-1.66500032,-2.36064124,0.88389412,0.88389412,1.76778823,-2.53999853,-2.48572898,-0.79000211,-2.23555350
-1.66500053,-2.35057568,0.88384273,0.88384273,1.76768547,-2.53999901,-2.47529793,-0.79000205,-2.22585344
-1.66499949,-2.34050917,0.88379146,0.88379146,1.76758291,-2.53999853,-2.46486354,-0.79000044,-2.21615481
-1.66500059,-2.33044470,0.88373897,0.88373897,1.76747794,-2.53999925,-2.45442820,-0.79000193,-2.20646119
-1.68627116,-2.32338608,0.90516841,0.90516841,1.81033682,-2.58254051,-2.45000005,-0.79000181,-2.19677210
-1.69000003,-2.31384038,0.90887942,0.90887942,1.81775883,-2.58999777,-2.44059157,-0.79000229,-2.18708920
-1.68999999,-2.30376935,0.90882569,0.90882569,1.81765137,-2.58999896,-2.43012595,-0.79000103,-2.17741275
-1.69000015,-2.29370010,0.90877066,0.90877066,1.81754132,-2.58999968,-2.41965628,-0.79000062,-2.16774392
-1.68999934,-2.28363252,0.90871344,0.90871344,1.81742687,-2.58999801,-2.40918136,-0.79000068,-2.15808368
-1.68999997,-2.27356684,0.90865591,0.90865591,1.81731183,-2.58999825,-2.39870143,-0.79000169,-2.14843225
-1.68999946,-2.26350475,0.90859861,0.90859861,1.81719722,-2.58999848,-2.38821721,-0.79000044,-2.13879228
-1.68999967,-2.25344289,0.90854007,0.90854007,1.81708013,-2.58999920,-2.37772441,-0.79000014,-2.12916136
-1.68999916,-2.24338305,0.90847898,0.90847898,1.81695797,-2.58999777,-2.36722398,-0.79000056,-2.11954212
-1.69000048,-2.23332537,0.90841802,0.90841802,1.81683605,-2.58999944,-2.35671568,-0.79000151,-2.10993505
-1.68999997,-2.22326982,0.90835574,0.90835574,1.81671148,-2.58999920,-2.34619880,-0.79000074,-2.10034084
-1.71500069,-2.21661830,0.88306151,0.88306151,1.76612302,-2.58999991,-2.33567286,-0.84000146,-2.09756374
-1.71499979,-2.20655417,0.88299796,0.88299796,1.76599592,-2.58999896,-2.32513690,-0.84000063,-2.08797145
-1.71500019,-2.19649231,0.88293337,0.88293337,1.76586675,-2.58999968,-2.31459069,-0.84000069,-2.07839394
-1.71500001,-2.18643451,0.88286617,0.88286617,1.76573234,-2.58999872,-2.30403519,-0.84000129,-2.06883383
-1.71499983,-2.17637705,0.88279905,0.88279905,1.76559811,-2.58999944,-2.29346609,-0.84000021,-2.05928802
-1.71499974,-2.16632235,0.88272949,0.88272949,1.76545898,-2.58999944,-2.28288507,-0.84000003,-2.04975963
-1.71499965,-2.15627015,0.88265747,0.88265747,1.76531494,-2.58999872,-2.27229095,-0.84000057,-2.04024935
-1.71500098,-2.14622080,0.88258416,0.88258416,1.76516832,-2.58999991,-2.26168370,-0.84000206,-2.03075790
-1.71499994,-2.13617396,0.88250854,0.88250854,1.76501709,-2.58999825,-2.25106215,-0.84000164,-2.02128577
-1.71500051,-2.12613011,0.88243158,0.88243158,1.76486315,-2.58999872,-2.24042630,-0.84000230,-2.01183391
-1.71500024,-2.11608935,0.88235350,0.88235350,1.76470700,-2.58999920,-2.22977543,-0.84000129,-2.00240326
-1.71500021,-2.10605377,0.88227296,0.88227296,1.76454592,-2.58999944,-2.21911097,-0.84000099,-1.99299657
-1.71500089,-2.09601945,0.88218988,0.88218988,1.76437977,-2.58999991,-2.20842814,-0.84000188,-1.98361075
-1.71499968,-2.08598835,0.88210449,0.88210449,1.76420899,-2.58999825,-2.19772840,-0.84000111,-1.97424829
-1.71500045,-2.07596099,0.88201782,0.88201782,1.76403565,-2.58999944,-2.18701148,-0.84000146,-1.96491051
-1.71499959,-2.06593710,0.88192874,0.88192874,1.76385749,-2.58999872,-2.17627668,-0.84000045,-1.95559752
-1.71499950,-2.05591691,0.88183716,0.88183716,1.76367433,-2.58999848,-2.16552329,-0.84000051,-1.94631052
-1.71500033,-2.04590082,0.88174315,0.88174315,1.76348629,-2.58999896,-2.15475106,-0.84000170,-1.93705058
-1.71499982,-2.03588879,0.88164682,0.88164682,1.76329363,-2.58999801,-2.14395952,-0.84000164,-1.92781806
-1.71499893,-2.02588081,0.88154909,0.88154909,1.76309817,-2.58999753,-2.13314795,-0.84000033,-1.91861367
-1.71499917,-2.01587909,0.88144893,0.88144893,1.76289786,-2.58999801,-2.12231803,-0.84000033,-1.90944016
-1.71500083,-2.00587994,0.88134646,0.88134646,1.76269292,-2.58999991,-2.11146498,-0.84000176,-1.90029490
-1.74000010,-1.99887699,0.85606196,0.85606196,1.71212392,-2.58999801,-2.10059047,-0.89000219,-1.89716351
-1.74000028,-1.98886132,0.85595953,0.85595953,1.71191905,-2.58999991,-2.08969450,-0.89000064,-1.88802814
-1.73999954,-1.97884971,0.85585197,0.85585197,1.71170395,-2.58999801,-2.07877564,-0.89000106,-1.87892377
-1.73999933,-1.96884233,0.85574338,0.85574338,1.71148676,-2.58999777,-2.06783414,-0.89000088,-1.86985052
-1.73999959,-1.95883936,0.85563356,0.85563356,1.71126712,-2.58999896,-2.05686927,-0.89000022,-1.86080945
-1.75804114,-1.95090067,0.87367789,0.87367789,1.74735579,-2.62608051,-2.05000019,-0.89000177,-1.85180116
-1.76500013,-1.94167334,0.88056516,0.88056516,1.76113032,-2.63999987,-2.04051900,-0.89000040,-1.84282768
-1.76499984,-1.93165356,0.88044308,0.88044308,1.76088617,-2.63999796,-2.02942014,-0.89000171,-1.83388698
-1.76499906,-1.92163760,0.88032109,0.88032109,1.76064218,-2.63999772,-2.01829457,-0.89000040,-1.82498062
-1.76500058,-1.91162622,0.88019647,0.88019647,1.76039293,-2.63999915,-2.00714231,-0.89000201,-1.81611013
-1.76499957,-1.90161878,0.88006959,0.88006959,1.76013917,-2.63999772,-1.99596238,-0.89000142,-1.80727518
-1.76499969,-1.89161599,0.87994137,0.87994137,1.75988274,-2.63999796,-1.98475480,-0.89000142,-1.79847717
-1.76499987,-1.88161773,0.87981082,0.87981082,1.75962165,-2.63999772,-1.97351897,-0.89000201,-1.78971648
-1.76500010,-1.87162417,0.87968020,0.87968020,1.75936040,-2.63999915,-1.96225488,-0.89000106,-1.78099346
-1.76500025,-1.86163735,0.87954713,0.87954713,1.75909426,-2.63999963,-1.95096397,-0.89000088,-1.77231073
-1.76499990,-1.85165351,0.87941281,0.87941281,1.75882562,-2.63999987,-1.93964183,-0.88999993,-1.76366520
-1.76499996,-1.84167487,0.87927622,0.87927622,1.75855245,-2.63999963,-1.92829037,-0.89000028,-1.75505936
-1.76499918,-1.83170128,0.87913824,0.87913824,1.75827648,-2.63999844,-1.91690898,-0.88999993,-1.74649358
-1.76500002,-1.82173318,0.87899896,0.87899896,1.75799793,-2.63999867,-1.90549791,-0.89000136,-1.73796844
-1.76499948,-1.81177044,0.87885984,0.87885984,1.75771968,-2.63999867,-1.89405668,-0.89000028,-1.72948420
-1.76499957,-1.80181348,0.87871830,0.87871830,1.75743660,-2.63999772,-1.88258529,-0.89000142,-1.72104168
-1.76499930,-1.79186225,0.87857787,0.87857787,1.75715575,-2.63999820,-1.87108350,-0.89000040,-1.71264100
-1.76499990,-1.78191686,0.87843510,0.87843510,1.75687020,-2.63999772,-1.85955083,-0.89000207,-1.70428288
-1.76500028,-1.77197940,0.87829344,0.87829344,1.75658689,-2.63999844,-1.84798992,-0.89000213,-1.69596887
-1.76499948,-1.76204622,0.87815183,0.87815183,1.75630365,-2.63999820,-1.83639586,-0.89000076,-1.68769658
-1.76500010,-1.75211924,0.87801026,0.87801026,1.75602052,-2.63999939,-1.82477093,-0.89000082,-1.67946756
-1.76499954,-1.74219871,0.87786869,0.87786869,1.75573738,-2.63999915,-1.81311500,-0.88999993,-1.67128241
-1.76500050,-1.73228484,0.87772700,0.87772700,1.75545401,-2.63999987,-1.80142808,-0.89000112,-1.66314161
-1.76500055,-1.72237753,0.87758545,0.87758545,1.75517089,-2.63999915,-1.78971004,-0.89000195,-1.65504503
-1.78509274,-1.71398073,0.85729742,0.85729742,1.71459485,-2.63999939,-1.77796113,-0.93018609,-1.65000033
-1.79000097,-1.70440054,0.85224115,0.85224115,1.70448230,-2.63999987,-1.76618123,-0.94000208,-1.64261985
-1.78999934,-1.69446081,0.85210818,0.85210818,1.70421636,-2.63999867,-1.75437307,-0.94000000,-1.63454854
-1.78999985,-1.68452531,0.85197514,0.85197514,1.70395028,-2.63999796,-1.74253261,-0.94000173,-1.62651801
-1.78999991,-1.67459607,0.85184683,0.85184683,1.70369367,-2.63999963,-1.73066294,-0.94000018,-1.61852920
-1.78999987,-1.66467304,0.85171878,0.85171878,1.70343755,-2.63999939,-1.71876276,-0.94000036,-1.61058331
-1.78999952,-1.65475637,0.85159293,0.85159293,1.70318586,-2.63999867,-1.70683277,-0.94000036,-1.60267997
-1.81499990,-1.64631766,0.87651368,0.87651368,1.75302735,-2.68999934,-1.69781733,-0.94000047,-1.59481800
-1.81499958,-1.63635278,0.87638921,0.87638921,1.75277843,-2.68999791,-1.68570840,-0.94000125,-1.58699715
-1.81499946,-1.62639362,0.87626954,0.87626954,1.75253909,-2.68999815,-1.67356992,-0.94000077,-1.57921731
-1.81500060,-1.61644221,0.87615367,0.87615367,1.75230734,-2.68999982,-1.66140449,-0.94000137,-1.57147992
-1.81499955,-1.60649461,0.87603999,0.87603999,1.75207999,-2.68999767,-1.64920712,-0.94000143,-1.56378210
-1.81500057,-1.59655297,0.87593272,0.87593272,1.75186543,-2.68999982,-1.63698101,-0.94000131,-1.55612493
-1.81499946,-1.58661747,0.87582769,0.87582769,1.75165538,-2.68999767,-1.62472618,-0.94000125,-1.54850876
-1.81500018,-1.57668829,0.87572866,0.87572866,1.75145732,-2.68999863,-1.61244297,-0.94000173,-1.54093361
-1.81499934,-1.56676525,0.87563474,0.87563474,1.75126947,-2.68999815,-1.60013103,-0.94000053,-1.53339946
-1.81499943,-1.55684877,0.87554565,0.87554565,1.75109129,-2.68999815,-1.58779097,-0.94000071,-1.52590656
-1.81499926,-1.54693877,0.87546263,0.87546263,1.75092526,-2.68999839,-1.57542264,-0.94000012,-1.51845491
-1.81500024,-1.53703552,0.87538456,0.87538456,1.75076911,-2.68999887,-1.56302631,-0.94000161,-1.51104474
-1.81499988,-1.52714074,0.87531375,0.87531375,1.75062751,-2.68999910,-1.55060399,-0.94000065,-1.50367749
-1.81499988,-1.51725120,0.87524898,0.87524898,1.75049795,-2.68999934,-1.53814876,-0.94000041,-1.49635363
-1.81500015,-1.50736868,0.87519046,0.87519046,1.75038092,-2.68999934,-1.52566493,-0.94000095,-1.48907244
-1.81499955,-1.49749339,0.87513920,0.87513920,1.75027839,-2.68999863,-1.51315296,-0.94000047,-1.48183382
-1.81500054,-1.48762536,0.87509519,0.87509519,1.75019037,-2.68999934,-1.50061285,-0.94000173,-1.47463787
-1.81499993,-1.47776454,0.87505979,0.87505979,1.75011957,-2.68999934,-1.48804414,-0.94000053,-1.46748495
-1.81500006,-1.46791154,0.87503054,0.87503054,1.75006109,-2.68999815,-1.47544730,-0.94000196,-1.46037579
-1.81499988,-1.45806598,0.87501095,0.87501095,1.75002191,-2.68999791,-1.46282160,-0.94000185,-1.45331037
-1.81499934,-1.44823026,0.87500119,0.87500119,1.75000239,-2.68999839,-1.45016968,-0.94000030,-1.44629085
-1.81500009,-1.43840057,0.87499997,0.87499997,1.74999995,-2.68999958,-1.43748641,-0.94000059,-1.43931472
-1.81499988,-1.42857909,0.87500726,0.87500726,1.75001453,-2.68999887,-1.42477405,-0.94000089,-1.43238413
-1.81499991,-1.41876591,0.87502439,0.87502439,1.75004878,-2.68999839,-1.41203225,-0.94000143,-1.42549956
-1.81499896,-1.40896094,0.87505248,0.87505248,1.75010496,-2.68999767,-1.39926064,-0.94000024,-1.41866124
-1.81499964,-1.39916462,0.87509147,0.87509147,1.75018294,-2.68999887,-1.38645911,-0.94000041,-1.41187012
-1.81499997,-1.38937706,0.87514159,0.87514159,1.75028317,-2.68999982,-1.37362719,-0.94000012,-1.40512693
-1.81500003,-1.37959844,0.87520132,0.87520132,1.75040264,-2.68999863,-1.36076224,-0.94000143,-1.39843464
-1.81499973,-1.36983055,0.87527473,0.87527473,1.75054947,-2.68999887,-1.34786773,-0.94000059,-1.39179337
-1.81499916,-1.36006945,0.87536004,0.87536004,1.75072009,-2.68999839,-1.33493853,-0.93999994,-1.38520038
-1.81499881,-1.35031706,0.87545771,0.87545771,1.75091542,-2.68999767,-1.32197654,-0.93999994,-1.37865758
-1.81500080,-1.34057325,0.87556893,0.87556893,1.75113786,-2.68999958,-1.30898070,-0.94000202,-1.37216580
-1.81499985,-1.33083790,0.87569450,0.87569450,1.75138899,-2.68999910,-1.29595017,-0.94000059,-1.36572564
-1.81500069,-1.32111066,0.87583376,0.87583376,1.75166753,-2.68999982,-1.28288376,-0.94000155,-1.35933757
-1.81500015,-1.31139183,0.87598757,0.87598757,1.75197514,-2.68999887,-1.26978099,-0.94000143,-1.35300267
-1.79000064,-1.30296773,0.90119026,0.90119026,1.80238051,-2.68999934,-1.25664032,-0.89000195,-1.34929514
-1.81499913,-1.29197782,0.92641958,0.92641958,1.85283916,-2.73999786,-1.24068856,-0.89000040,-1.34326708
-1.81499886,-1.28228408,0.92663328,0.92663328,1.85326656,-2.73999763,-1.22727025,-0.89000010,-1.33729792
-1.81499976,-1.27259589,0.92686522,0.92686522,1.85373044,-2.73999858,-1.21380544,-0.89000094,-1.33138633
-1.81500017,-1.26291483,0.92711555,0.92711555,1.85423111,-2.73999858,-1.20029533,-0.89000177,-1.32553434
-1.81500074,-1.25324064,0.92738652,0.92738652,1.85477304,-2.73999977,-1.18673837,-0.89000171,-1.31974292
-1.81499881,-1.24357324,0.92767698,0.92767698,1.85535396,-2.73999763,-1.17313349,-0.88999999,-1.31401300
-1.81500003,-1.23391205,0.92798945,0.92798945,1.85597889,-2.73999953,-1.15947866,-0.89000052,-1.30834544
-1.81499922,-1.22425688,0.92832276,0.92832276,1.85664551,-2.73999834,-1.14577270,-0.89000010,-1.30274105
-1.81499949,-1.21460736,0.92867920,0.92867920,1.85735840,-2.73999858,-1.13201356,-0.89000040,-1.29720116
-1.81499919,-1.20496505,0.92905881,0.92905881,1.85811762,-2.73999786,-1.11820257,-0.89000052,-1.29172754
-1.81499949,-1.19532580,0.92946413,0.92946413,1.85892826,-2.73999882,-1.10433233,-0.89000016,-1.28631926
-1.81499997,-1.18569100,0.92989382,0.92989382,1.85978765,-2.73999882,-1.09040380,-0.89000112,-1.28097820
-1.81499991,-1.17606061,0.93035153,0.93035153,1.86070307,-2.73999977,-1.07641506,-0.89000005,-1.27570617
-1.81500021,-1.16643381,0.93083501,0.93083501,1.86167002,-2.73999929,-1.06236410,-0.89000112,-1.27050352
-1.81500065,-1.15681023,0.93134767,0.93134767,1.86269535,-2.73999953,-1.04824889,-0.89000177,-1.26537156
-1.81499947,-1.14718968,0.93188960,0.93188960,1.86377920,-2.73999763,-1.03406751,-0.89000130,-1.26031184
-1.81499997,-1.13757134,0.93246340,0.93246340,1.86492679,-2.73999834,-1.01981735,-0.89000160,-1.25532532
-1.81500017,-1.12795662,0.93306882,0.93306882,1.86613763,-2.73999834,-1.00549924,-0.89000201,-1.25041401
-1.79892480,-1.12055254,0.94993404,0.94993404,1.89986808,-2.73999763,-0.99110520,-0.85785198,-1.24999988
-1.78999922,-1.11229684,0.95963631,0.95963631,1.91927262,-2.73999810,-0.97663563,-0.84000033,-1.24795806
-1.79000044,-1.10281530,0.96036509,0.96036509,1.92073019,-2.73999882,-0.96208793,-0.84000206,-1.24354267
-1.78999987,-1.09333572,0.96113405,0.96113405,1.92226810,-2.73999929,-0.94745988,-0.84000045,-1.23921156
-1.79000035,-1.08385691,0.96194089,0.96194089,1.92388179,-2.73999858,-0.93274885,-0.84000212,-1.23496497
-1.78999954,-1.07437876,0.96279173,0.96279173,1.92558346,-2.73999882,-0.91795212,-0.84000027,-1.23080540
-1.79000029,-1.06489986,0.96368414,0.96368414,1.92736828,-2.73999882,-0.90306687,-0.84000176,-1.22673285
-1.81499973,-1.05101669,0.99000849,0.99000849,1.98001697,-2.78999949,-0.87928355,-0.83999997,-1.22274983
-1.81500002,-1.04138979,0.99101808,0.99101808,1.98203616,-2.78999853,-0.86392218,-0.84000152,-1.21885741
-1.81499958,-1.03175602,0.99208010,0.99208010,1.98416020,-2.78999901,-0.84845561,-0.84000015,-1.21505642
-1.81500011,-1.02211613,0.99319333,0.99319333,1.98638667,-2.78999972,-0.83288407,-0.84000051,-1.21134818
-1.81499916,-1.01246956,0.99435914,0.99435914,1.98871829,-2.78999758,-0.81720513,-0.84000075,-1.20773399
-1.81499929,-1.00281489,0.99558237,0.99558237,1.99116475,-2.78999782,-0.80141449,-0.84000075,-1.20421529
-1.81500042,-0.99315107,0.99686404,0.99686404,1.99372808,-2.78999925,-0.78550911,-0.84000158,-1.20079303
-1.81499932,-0.98347762,0.99820551,0.99820551,1.99641102,-2.78999782,-0.76948661,-0.84000081,-1.19746864
-1.81499952,-0.97379285,0.99960926,0.99960926,1.99921853,-2.78999734,-0.75334346,-0.84000170,-1.19424224
-1.81500027,-0.96409723,1.00107902,1.00107902,2.00215803,-2.78999901,-0.73708040,-0.84000152,-1.19111407
-1.81499967,-0.95438629,1.00261478,1.00261478,2.00522956,-2.78999853,-0.72069073,-0.84000081,-1.18808186
-1.81500083,-0.94465974,1.00421879,1.00421879,2.00843758,-2.78999949,-0.70417482,-0.84000218,-1.18514466
-1.81499952,-0.93491703,1.00589348,1.00589348,2.01178696,-2.78999805,-0.68753159,-0.84000099,-1.18230247
-1.81499890,-0.92515609,1.00764156,1.00764156,2.01528312,-2.78999758,-0.67075664,-0.84000021,-1.17955554
-1.81499961,-0.91537515,1.00946536,1.00946536,2.01893072,-2.78999925,-0.65384883,-0.83999997,-1.17690146
-1.81499970,-0.90557295,1.01136467,1.01136467,2.02272933,-2.78999901,-0.63680756,-0.84000039,-1.17433834
-1.81499978,-0.89574778,1.01334229,1.01334229,2.02668457,-2.78999805,-0.61963010,-0.84000152,-1.17186546
-1.81500059,-0.88589957,1.01540279,1.01540279,2.03080559,-2.78999972,-0.60231620,-0.84000146,-1.16948295
-1.81500003,-0.87602335,1.01754648,1.01754648,2.03509297,-2.78999925,-0.58485782,-0.84000081,-1.16718888
-1.81499999,-0.86611879,1.01977663,1.01977663,2.03955326,-2.78999972,-0.56725442,-0.84000027,-1.16498315
-1.81499973,-0.85618415,1.02209476,1.02209476,2.04418952,-2.78999949,-0.54950327,-0.83999997,-1.16286504
-1.81499991,-0.84621733,1.02450316,1.02450316,2.04900631,-2.78999901,-0.53160095,-0.84000081,-1.16083372
-1.81499970,-0.83621660,1.02700566,1.02700566,2.05401131,-2.78999853,-0.51354355,-0.84000087,-1.15888965
-1.81499988,-0.82617971,1.02960455,1.02960455,2.05920910,-2.78999853,-0.49532753,-0.84000123,-1.15703189
-1.81499952,-0.81610486,1.03230347,1.03230347,2.06460694,-2.78999877,-0.47694868,-0.84000027,-1.15526104
-1.81500027,-0.80598934,1.03510377,1.03510377,2.07020754,-2.78999949,-0.45840290,-0.84000105,-1.15357578
-1.84000010,-0.78670160,1.06462289,1.06462289,2.12924578,-2.83999801,-0.42142627,-0.84000218,-1.15197694
-1.83999952,-0.77627630,1.06771485,1.06771485,2.13542971,-2.83999848,-0.40208772,-0.84000057,-1.15046489
-1.83874500,-0.76628096,1.07226324,1.07226324,2.14452647,-2.83999825,-0.38256183,-0.83749175,-1.15000010
-1.83706769,-0.75642138,1.07739258,1.07739258,2.15478516,-2.83999872,-0.36284277,-0.83413666,-1.14999998
-1.83557707,-0.74646251,1.08245375,1.08245375,2.16490749,-2.83999920,-0.34292528,-0.83115494,-1.14999974
-1.83426091,-0.73640207,1.08746089,1.08746089,2.17492179,-2.83999848,-0.32280427,-0.82852334,-1.14999986
-1.83311057,-0.72623655,1.09242799,1.09242799,2.18485597,-2.83999848,-0.30247289,-0.82622266,-1.15000021
-1.83211815,-0.71596220,1.09736690,1.09736690,2.19473381,-2.83999991,-0.28192478,-0.82423639,-1.14999962
-1.83127174,-0.70557937,1.10228883,1.10228883,2.20457766,-2.83999920,-0.26115888,-0.82254428,-1.14999986
-1.83056465,-0.69508006,1.10720705,1.10720705,2.21441411,-2.83999777,-0.24016003,-0.82113153,-1.15000010
-1.82999172,-0.68446180,1.11213254,1.11213254,2.22426507,-2.83999848,-0.21892433,-0.81998497,-1.14999926
-1.82954291,-0.67372197,1.11707765,1.11707765,2.23415529,-2.83999944,-0.19744468,-0.81908637,-1.14999926
-1.82921102,-0.66285710,1.12205195,1.12205195,2.24410389,-2.83999920,-0.17571458,-0.81842285,-1.14999962
-1.82899144,-0.65186278,1.12706544,1.12706544,2.25413088,-2.83999896,-0.15372594,-0.81798393,-1.14999962
-1.82887766,-0.64073546,1.13212893,1.13212893,2.26425785,-2.83999848,-0.13147071,-0.81775683,-1.15000021
-1.82886639,-0.62946954,1.13725220,1.13725220,2.27450439,-2.83999991,-0.10893946,-0.81773287,-1.14999962
-1.82894844,-0.61806488,1.14244269,1.14244269,2.28488538,-2.83999801,-0.08613061,-0.81789887,-1.14999914
-1.82912055,-0.60651152,1.14771730,1.14771730,2.29543461,-2.83999896,-0.06302293,-0.81824213,-1.15000010
-1.82937870,-0.59480661,1.15307979,1.15307979,2.30615957,-2.83999896,-0.03961325,-0.81875843,-1.14999998
-1.82971767,-0.58294550,1.15854128,1.15854128,2.31708257,-2.83999872,-0.01589163,-0.81943661,-1.14999938
-1.83013201,-0.57092372,1.16411258,1.16411258,2.32822515,-2.83999801,0.00815205,-0.82026601,-1.14999950
-1.83061904,-0.55873491,1.16980343,1.16980343,2.33960686,-2.83999825,0.03252956,-0.82123983,-1.14999938
-1.85617420,-0.53141545,1.20475714,1.20475714,2.40951427,-2.88999891,0.08716860,-0.82234949,-1.14999950
-1.85679388,-0.51855644,1.21088129,1.21088129,2.42176259,-2.88999939,0.11288626,-0.82358837,-1.14999914
-1.85747284,-0.50550856,1.21715935,1.21715935,2.43431870,-2.88999820,0.13898215,-0.82494748,-1.14999926
-1.85820952,-0.49226663,1.22360228,1.22360228,2.44720455,-2.88999915,0.16546637,-0.82641989,-1.14999962
-1.85899910,-0.47881900,1.23022093,1.23022093,2.46044186,-2.88999867,0.19236162,-0.82799953,-1.14999962
-1.85983938,-0.46516132,1.23702513,1.23702513,2.47405026,-2.88999867,0.21967663,-0.82968009,-1.14999926
-1.86072585,-0.45128746,1.24402582,1.24402582,2.48805164,-2.88999820,0.24742469,-0.83145350,-1.14999962
-1.86165700,-0.43718915,1.25123414,1.25123414,2.50246828,-2.88999915,0.27562168,-0.83331484,-1.14999998
-1.86262888,-0.42285924,1.25865848,1.25865848,2.51731697,-2.88999844,0.30428103,-0.83525932,-1.14999950
-1.86363891,-0.40828934,1.26631222,1.26631222,2.53262444,-2.88999820,0.33342034,-0.83727962,-1.14999902
-1.86468375,-0.39347178,1.27420777,1.27420777,2.54841553,-2.88999867,0.36305630,-0.83936882,-1.14999986
-1.86499986,-0.37897348,1.28330681,1.28330681,2.56661361,-2.88999939,0.39320028,-0.84000033,-1.15114725
-1.86499983,-0.36449696,1.29312018,1.29312018,2.58624037,-2.88999820,0.42387995,-0.84000146,-1.15287387
-1.86499956,-0.34980278,1.30326909,1.30326909,2.60653819,-2.88999891,0.45511129,-0.84000021,-1.15471685
-1.86499950,-0.33488116,1.31376098,1.31376098,2.62752195,-2.88999891,0.48691207,-0.84000009,-1.15667439
-1.88999936,-0.29925882,1.35691527,1.35691527,2.71383053,-2.93999839,0.56023002,-0.84000033,-1.15874767
-1.89000002,-0.28342366,1.36840464,1.36840464,2.73680928,-2.93999982,0.59409082,-0.84000021,-1.16093814
-1.87323925,-0.28162322,1.35824832,1.35824832,2.71649664,-2.90647745,0.59999877,-0.84000105,-1.16324520
-1.85338938,-0.28283510,1.34400507,1.34400507,2.68801015,-2.86677718,0.59999830,-0.84000158,-1.16566849
-1.84000030,-0.27874616,1.33833618,1.33833618,2.67667235,-2.83999991,0.61071688,-0.84000069,-1.16820920
-1.83999965,-0.26270843,1.35083264,1.35083264,2.70166529,-2.83999896,0.64544916,-0.84000033,-1.17086601
-1.82334471,-0.26181942,1.34103643,1.34103643,2.68207285,-2.80668902,0.64999890,-0.84000039,-1.17363775
-1.80458993,-0.26326207,1.32833740,1.32833740,2.65667480,-2.76917982,0.64999944,-0.84000003,-1.17652357
-1.78622780,-0.26476080,1.31610466,1.31610466,2.63220931,-2.73245478,0.64999926,-0.84000081,-1.17952085
-1.76824561,-0.26631570,1.30432859,1.30432859,2.60865717,-2.69649100,0.64999950,-0.84000021,-1.18263090
-1.75063273,-0.26792526,1.29299444,1.29299444,2.58598888,-2.66126466,0.64999855,-0.84000081,-1.18584907
-1.73337704,-0.26958910,1.28209353,1.28209353,2.56418705,-2.62675405,0.64999849,-0.84000003,-1.18917668
-1.71646863,-0.27130559,1.27161261,1.27161261,2.54322522,-2.59293723,0.64999861,-0.84000003,-1.19260979
-1.69990003,-0.27307290,1.26154298,1.26154298,2.52308595,-2.55979991,0.64999962,-0.84000015,-1.19614542
-1.69000032,-0.26793435,1.26128419,1.26128419,2.52256837,-2.53999925,0.66391307,-0.84000140,-1.19978178
-1.68999970,-0.25181914,1.27602295,1.27602295,2.55204590,-2.53999925,0.69988215,-0.84000015,-1.20352042
-1.67396083,-0.25367769,1.26688113,1.26688113,2.53376227,-2.50792050,0.69999892,-0.84000117,-1.20735431
-1.65817300,-0.25564459,1.25803846,1.25803846,2.51607692,-2.47634578,0.69999868,-0.84000021,-1.21128786
-1.64267969,-0.25765878,1.24956047,1.24956047,2.49912094,-2.44535875,0.69999862,-0.84000063,-1.21531618
-1.62747055,-0.25972063,1.24143915,1.24143915,2.48287830,-2.41494012,0.69999957,-0.84000099,-1.21944082
-1.61253500,-0.26183096,1.23366332,1.23366332,2.46732664,-2.38506866,0.69999903,-0.84000134,-1.22366095
-1.59786677,-0.26398927,1.22622801,1.22622801,2.45245603,-2.35573339,0.69999897,-0.84000015,-1.22797751
-1.58345204,-0.26619464,1.21911742,1.21911742,2.43823483,-2.32690310,0.69999778,-0.84000099,-1.23238707
-1.56928450,-0.26844725,1.21232910,1.21232910,2.42465820,-2.29856825,0.69999844,-0.84000075,-1.23689294
-1.55535591,-0.27074674,1.20585333,1.20585333,2.41170667,-2.27071142,0.69999975,-0.84000039,-1.24149323
-1.54165682,-0.27309478,1.19968015,1.19968015,2.39936029,-2.24331355,0.69999838,-0.84000009,-1.24618793
-1.52852627,-0.27499977,1.19320561,1.19320561,2.38641122,-2.21636176,0.69999868,-0.84069079,-1.24999821
-1.51694289,-0.27499998,1.18465817,1.18465817,2.36931634,-2.18984008,0.69999969,-0.84404570,-1.24999964
-1.50552589,-0.27499983,1.17637454,1.17637454,2.35274907,-2.16373158,0.69999880,-0.84732020,-1.24999845
-1.49525493,-0.27350795,1.17014040,1.17014040,2.34028081,-2.13999915,0.70298243,-0.85051072,-1.24999833
-1.49680886,-0.25386679,1.18573848,1.18573848,2.37147696,-2.13999963,0.74226642,-0.85361809,-1.25000000
-1.48798555,-0.25000096,1.18261970,1.18261970,2.36523940,-2.11932659,0.74999797,-0.85664451,-1.24999988
-1.47681043,-0.25000113,1.17514279,1.17514279,2.35028557,-2.09403229,0.74999774,-0.85958856,-1.25000000
-1.46577436,-0.25000027,1.16790287,1.16790287,2.33580573,-2.06909752,0.74999887,-0.86245120,-1.24999940
-1.45487053,-0.24999967,1.16089242,1.16089242,2.32178484,-2.04450870,0.74999934,-0.86523235,-1.24999869
-1.44409314,-0.24999979,1.15410529,1.15410529,2.30821058,-2.02025390,0.74999911,-0.86793238,-1.24999869
-1.43343734,-0.24999935,1.14753547,1.14753547,2.29507093,-1.99632227,0.74999976,-0.87055242,-1.24999845
-1.42289716,-0.25000042,1.14117554,1.14117554,2.28235109,-1.97270131,0.74999809,-0.87309301,-1.24999893
-1.41247144,-0.24999988,1.13502318,1.13502318,2.27004636,-1.94938791,0.74999928,-0.87555498,-1.24999905
-1.40215066,-0.24999958,1.12906746,1.12906746,2.25813491,-1.92636037,0.74999917,-0.87794095,-1.24999833
-1.39193243,-0.24999994,1.12330682,1.12330682,2.24661364,-1.90361500,0.74999964,-0.88024986,-1.24999952
-1.38181305,-0.25000077,1.11773310,1.11773310,2.23546620,-1.88114119,0.74999857,-0.88248491,-1.25000012
-1.37178951,-0.25000060,1.11234143,1.11234143,2.22468285,-1.85893095,0.74999774,-0.88464808,-1.24999893
-1.36185777,-0.25000048,1.10712895,1.10712895,2.21425790,-1.83697629,0.74999797,-0.88673925,-1.24999893
-1.35201492,-0.25000036,1.10208981,1.10208981,2.20417962,-1.81526899,0.74999845,-0.88876086,-1.24999917
-1.34190104,-0.25079069,1.09808715,1.09808715,2.19617430,-1.79380119,0.74999982,-0.89000088,-1.25158119
-1.33128446,-0.25295699,1.09574335,1.09574335,2.19148670,-1.77256811,0.74999976,-0.89000082,-1.25591373
-1.32077768,-0.25516337,1.09358150,1.09358150,2.18716299,-1.75155461,0.74999917,-0.89000076,-1.26032591
-1.31499978,-0.24633810,1.10360230,1.10360230,2.20720460,-1.73999941,0.77214772,-0.89000016,-1.26482391
-1.31023738,-0.23470563,1.11678586,1.11678586,2.23357173,-1.73047447,0.79999793,-0.89000028,-1.26940918
-1.29976890,-0.23704696,1.11506721,1.11506721,2.23013442,-1.70953751,0.79999912,-0.89000028,-1.27409303
-1.28940049,-0.23943976,1.11353152,1.11353152,2.22706304,-1.68880022,0.79999870,-0.89000076,-1.27887821
-1.27912810,-0.24188715,1.11218022,1.11218022,2.22436045,-1.66825545,0.79999804,-0.89000076,-1.28377235
-1.26894837,-0.24439156,1.11101316,1.11101316,2.22202632,-1.64789605,0.79999769,-0.89000070,-1.28878081
-1.25885987,-0.24695578,1.11003301,1.11003301,2.22006602,-1.62771940,0.79999977,-0.89000034,-1.29391134
-1.24885457,-0.24958643,1.10923708,1.10923708,2.21847416,-1.60770893,0.79999942,-0.89000022,-1.29917228
-1.23893108,-0.25228634,1.10862791,1.10862791,2.21725583,-1.58786201,0.79999834,-0.89000016,-1.30457103
-1.22908631,-0.25505942,1.10820930,1.10820930,2.21641859,-1.56817269,0.79999900,-0.88999993,-1.31011784
-1.21931663,-0.25791201,1.10798217,1.10798217,2.21596433,-1.54863322,0.79999870,-0.89000005,-1.31582272
-1.20961908,-0.26084825,1.10795042,1.10795042,2.21590084,-1.52923775,0.79999954,-0.89000040,-1.32169604
-1.19998929,-0.26387820,1.10811888,1.10811888,2.21623776,-1.50997865,0.79999870,-0.88999993,-1.32775509
-1.19042515,-0.26700520,1.10848996,1.10848996,2.21697992,-1.49084997,0.79999757,-0.89000034,-1.33400798
-1.18092305,-0.27023983,1.10907351,1.10907351,2.21814703,-1.47184610,0.79999745,-0.88999999,-1.34047711
-1.17148215,-0.27358794,1.10987423,1.10987423,2.21974846,-1.45296419,0.79999888,-0.89000010,-1.34717476
-1.16261676,-0.27500015,1.10877197,1.10877197,2.21754395,-1.43419063,0.79999888,-0.89104289,-1.34999919
-1.15414253,-0.27499929,1.10631955,1.10631955,2.21263910,-1.41552341,0.79999977,-0.89276165,-1.34999835
-1.14568606,-0.27499961,1.10397457,1.10397457,2.20794915,-1.39695644,0.79999948,-0.89441568,-1.34999871
-1.13724461,-0.27500095,1.10173465,1.10173465,2.20346930,-1.37848413,0.79999799,-0.89600509,-1.34999990
-1.12881646,-0.27499965,1.09959832,1.09959832,2.19919664,-1.36010194,0.79999965,-0.89753097,-1.34999895
-1.12039816,-0.27499952,1.09756231,1.09756231,2.19512462,-1.34180343,0.79999942,-0.89899290,-1.34999847
-1.11198762,-0.27499971,1.09562507,1.09562507,2.19125013,-1.32358384,0.79999858,-0.90039140,-1.34999800
-1.10358378,-0.27500048,1.09378664,1.09378664,2.18757329,-1.30544138,0.79999846,-0.90172619,-1.34999943
-1.09649944,-0.26762846,1.09953127,1.09953127,2.19906254,-1.28999972,0.81474239,-0.90299916,-1.34999931
-1.09102583,-0.25000092,1.11574955,1.11574955,2.23149909,-1.27784145,0.84999770,-0.90421021,-1.34999955
-1.08240080,-0.24999982,1.11415404,1.11415404,2.22830807,-1.25944245,0.84999812,-0.90535915,-1.34999776
-1.07377323,-0.25000050,1.11265253,1.11265253,2.22530506,-1.24110091,0.84999818,-0.90644556,-1.34999919
-1.06514156,-0.25000066,1.11124146,1.11124146,2.22248292,-1.22281134,0.84999835,-0.90747178,-1.34999967
-1.05650347,-0.25000051,1.10991941,1.10991941,2.21983881,-1.20456922,0.84999841,-0.90843773,-1.34999943
-1.04785723,-0.25000027,1.10868527,1.10868527,2.21737053,-1.18637049,0.84999841,-0.90934396,-1.34999895
-1.03920236,-0.25000039,1.10753786,1.10753786,2.21507572,-1.16821420,0.84999782,-0.91019052,-1.34999859
-1.03053376,-0.25000069,1.10647701,1.10647701,2.21295402,-1.15008962,0.84999830,-0.91097790,-1.34999967
-1.02185154,-0.24999932,1.10549932,1.10549932,2.21099865,-1.13199651,0.84999925,-0.91170657,-1.34999788
-1.01315355,-0.24999949,1.10460573,1.10460573,2.20921146,-1.11393082,0.84999949,-0.91237628,-1.34999847
-1.00443831,-0.25000104,1.10379391,1.10379391,2.20758782,-1.09588909,0.84999794,-0.91298753,-1.35000002
-0.99570435,-0.25000024,1.10306267,1.10306267,2.20612535,-1.07786810,0.84999812,-0.91354060,-1.34999859
-0.98695001,-0.25000062,1.10241335,1.10241335,2.20482670,-1.05986452,0.84999877,-0.91403550,-1.35000002
-0.97817376,-0.24999994,1.10184089,1.10184089,2.20368178,-1.04187524,0.84999800,-0.91447228,-1.34999788
-0.96937409,-0.24999953,1.10134885,1.10134885,2.20269770,-1.02389848,0.84999883,-0.91484970,-1.34999788
-0.96055099,-0.25000041,1.10093386,1.10093386,2.20186772,-1.00593722,0.84999752,-0.91516477,-1.34999835
-0.95252463,-0.22499990,1.12561031,1.12561031,2.25122062,-0.98963690,0.89999843,-0.91541237,-1.34999824
-0.94343963,-0.22500003,1.12534429,1.12534429,2.25068857,-0.97128850,0.89999962,-0.91559076,-1.34999967
-0.93432590,-0.22499981,1.12515254,1.12515254,2.25030507,-0.95295495,0.89999849,-0.91569686,-1.34999812
-0.92518219,-0.22499973,1.12503788,1.12503788,2.25007576,-0.93463624,0.89999843,-0.91572815,-1.34999788
-0.91600734,-0.22500029,1.12500002,1.12500002,2.25000003,-0.91633284,0.89999968,-0.91568184,-1.35000026
-0.90680012,-0.22500103,1.12503292,1.12503292,2.25006585,-0.89804620,0.89999783,-0.91555405,-1.34999990
-0.89755952,-0.22500035,1.12513913,1.12513913,2.25027827,-0.87977695,0.89999825,-0.91534209,-1.34999895
-0.88828626,-0.22499961,1.12531737,1.12531737,2.25063474,-0.86152935,0.89999962,-0.91504318,-1.34999883
-0.87897607,-0.22500059,1.12556517,1.12556517,2.25113033,-0.84329760,0.89999896,-0.91465455,-1.35000014
-0.86962983,-0.22500113,1.12588016,1.12588016,2.25176032,-0.82508600,0.89999753,-0.91417366,-1.34999979
-0.86024665,-0.22500085,1.12626349,1.12626349,2.25252697,-0.80689573,0.89999831,-0.91359758,-1.35000002
-0.85082609,-0.22499955,1.12671146,1.12671146,2.25342292,-0.78872830,0.89999938,-0.91292387,-1.34999847
-0.84136754,-0.22500035,1.12722408,1.12722408,2.25444816,-0.77058518,0.89999920,-0.91214991,-1.34999990
-0.83187044,-0.22500059,1.12779793,1.12779793,2.25559587,-0.75246811,0.89999872,-0.91127276,-1.34999990
-0.82233423,-0.22499988,1.12843149,1.12843149,2.25686299,-0.73438084,0.89999872,-0.91028762,-1.34999847
-0.81276068,-0.22500104,1.12912472,1.12912472,2.25824944,-0.71632743,0.89999819,-0.90919393,-1.35000026
-0.80314559,-0.22499988,1.12987434,1.12987434,2.25974868,-0.69830275,0.89999968,-0.90798843,-1.34999943
-0.79349077,-0.22499945,1.13067753,1.13067753,2.26135505,-0.68031323,0.89999944,-0.90666831,-1.34999835
-0.78379613,-0.22500024,1.13153453,1.13153453,2.26306906,-0.66236138,0.89999932,-0.90523088,-1.34999979
-0.77406151,-0.22500023,1.13244023,1.13244023,2.26488045,-0.64445049,0.89999837,-0.90367252,-1.34999883
-0.77099517,-0.27980495,1.07818117,1.07818117,2.15636235,-0.64000016,0.79038894,-0.90199018,-1.34999883
-0.75771034,-0.24999991,1.00835087,1.00835087,2.01670175,-0.62819338,0.74999851,-0.88722730,-1.24999833
-0.74803228,-0.25000098,1.00927859,1.00927859,2.01855718,-0.61148292,0.74999779,-0.88458163,-1.24999976
-0.73831245,-0.24999949,1.01024168,1.01024168,2.02048336,-0.59481579,0.74999899,-0.88180912,-1.24999797
-0.73445394,-0.28924209,0.97155515,0.97155515,1.94311031,-0.59000027,0.67151415,-0.87890762,-1.24999833
-0.72660839,-0.30000007,0.96165400,0.96165400,1.92330799,-0.57734460,0.64999926,-0.87587219,-1.24999940
-0.71710041,-0.29999986,0.96265630,0.96265630,1.92531259,-0.56150168,0.64999813,-0.87269914,-1.24999785
-0.70754802,-0.29999998,0.96368531,0.96368531,1.92737062,-0.54571050,0.64999896,-0.86938554,-1.24999893
-0.70296350,-0.32834273,0.93595341,0.93595341,1.87190682,-0.53999996,0.59331429,-0.86592704,-1.24999976
-0.69747141,-0.35000044,0.91497190,0.91497190,1.82994380,-0.53262359,0.54999888,-0.86231923,-1.24999976
-0.67863197,-0.30000019,0.86510991,0.86510991,1.73021982,-0.51764584,0.54999900,-0.83961809,-1.14999938
-0.66890904,-0.29999971,0.86609011,0.86609011,1.73218021,-0.50273120,0.54999852,-0.83508688,-1.14999795
-0.66020327,-0.30524072,0.86173338,0.86173338,1.72346676,-0.49000034,0.53951687,-0.83040619,-1.14999831
-0.65452665,-0.32500000,0.84254271,0.84254271,1.68508543,-0.48348445,0.49999866,-0.82556885,-1.14999866
-0.64482604,-0.32500012,0.84350946,0.84350946,1.68701893,-0.46908131,0.49999806,-0.82057077,-1.14999831
-0.63508316,-0.32500081,0.84447634,0.84447634,1.68895268,-0.45475939,0.49999836,-0.81540692,-1.14999998
-0.62529809,-0.32500000,0.84543696,0.84543696,1.69087392,-0.44052562,0.49999866,-0.81007057,-1.14999866
-0.62120199,-0.35000043,0.82074219,0.82074219,1.64148437,-0.43784708,0.44999877,-0.80455691,-1.14999962
-0.60560530,-0.32500033,0.79597778,0.79597778,1.59195556,-0.42406714,0.44999936,-0.78714347,-1.10000002
-0.59569834,-0.32499991,0.79684448,0.79684448,1.59368896,-0.41039124,0.44999841,-0.78100544,-1.09999824
-0.58575442,-0.32500030,0.79769415,0.79769415,1.59538830,-0.39682788,0.44999823,-0.77468097,-1.09999883
-0.57908082,-0.33833579,0.78478275,0.78478275,1.56956549,-0.39000046,0.42332855,-0.76816118,-1.10000014
-0.57206145,-0.35000005,0.77354002,0.77354002,1.54708004,-0.38268250,0.39999980,-0.76144040,-1.09999990
-0.56210476,-0.35000001,0.77428584,0.77428584,1.54857169,-0.36969668,0.39999846,-0.75451285,-1.09999847
-0.55210709,-0.34999979,0.77500120,0.77500120,1.55000240,-0.35684103,0.39999890,-0.74737316,-1.09999847
-0.54206997,-0.35000090,0.77568116,0.77568116,1.55136231,-0.34412408,0.39999822,-0.74001586,-1.10000002
-0.53621727,-0.36580390,0.75996218,0.75996218,1.51992435,-0.34000009,0.36839044,-0.73243445,-1.09999824
-0.52863837,-0.37500050,0.75102293,0.75102293,1.50204587,-0.33265075,0.34999901,-0.72462600,-1.10000002
-0.51855927,-0.37500064,0.75155763,0.75155763,1.50311526,-0.32053208,0.34999874,-0.71658647,-1.10000002
-0.50844121,-0.37499997,0.75204589,0.75204589,1.50409178,-0.30856663,0.34999877,-0.70831579,-1.09999871
-0.49133327,-0.35000028,0.72653931,0.72653931,1.45307862,-0.29675382,0.34999844,-0.68591273,-1.04999900
-0.48354386,-0.35876995,0.71781494,0.71781494,1.43562987,-0.29000005,0.33246017,-0.67708766,-1.05000007
-0.47786075,-0.37499954,0.70128420,0.70128420,1.40256839,-0.28766197,0.29999968,-0.66805953,-1.04999876
-0.46760290,-0.37500047,0.70156373,0.70156373,1.40312746,-0.27637187,0.29999757,-0.65883392,-1.04999852
-0.45731639,-0.37500013,0.70180055,0.70180055,1.40360111,-0.26521748,0.29999766,-0.64941531,-1.04999793
-0.44700415,-0.37500061,0.70199585,0.70199585,1.40399169,-0.25419924,0.29999897,-0.63980907,-1.05000019
-0.43666829,-0.37500049,0.70214476,0.70214476,1.40428951,-0.24331775,0.29999790,-0.63001883,-1.04999888
-0.42631348,-0.37499991,0.70225219,0.70225219,1.40450438,-0.23257267,0.29999834,-0.62005430,-1.04999816
-0.41593855,-0.37499962,0.70231937,0.70231937,1.40463874,-0.22195832,0.29999977,-0.60991877,-1.04999900
-0.40554820,-0.37499988,0.70234383,0.70234383,1.40468766,-0.21147600,0.29999852,-0.59962040,-1.04999828
-0.39514489,-0.37500018,0.70233154,0.70233154,1.40466308,-0.20112237,0.29999971,-0.58916742,-1.05000007
-0.38473054,-0.37500021,0.70227661,0.70227661,1.40455322,-0.19090228,0.29999834,-0.57855880,-1.04999876
-0.37890464,-0.39103339,0.68550778,0.68550778,1.37101556,-0.19000012,0.26793247,-0.56780916,-1.04999924
-0.37103081,-0.39999974,0.67605836,0.67605836,1.35211673,-0.18513621,0.24999881,-0.55692542,-1.04999828
-0.36057952,-0.40000048,0.67590580,0.67590580,1.35181159,-0.17524379,0.24999899,-0.54591525,-1.04999995
-0.35012512,-0.39999943,0.67572020,0.67572020,1.35144040,-0.16546437,0.24999918,-0.53478587,-1.04999804
-0.33966713,-0.39999979,0.67550534,0.67550534,1.35101068,-0.15579328,0.24999857,-0.52354097,-1.04999816
-0.32920979,-0.40000045,0.67526244,0.67526244,1.35052487,-0.14623097,0.24999809,-0.51218861,-1.04999900
-0.31875555,-0.40000058,0.67499264,0.67499264,1.34998528,-0.13677616,0.24999832,-0.50073493,-1.04999948
-0.30830677,-0.39999992,0.67469731,0.67469731,1.34939463,-0.12742783,0.24999952,-0.48918572,-1.04999936
-0.29786659,-0.39999998,0.67437739,0.67437739,1.34875479,-0.11818570,0.24999975,-0.47754747,-1.04999971
-0.28743698,-0.39999916,0.67403321,0.67403321,1.34806642,-0.10904873,0.24999961,-0.46582523,-1.04999793
-0.27702138,-0.40000034,0.67366940,0.67366940,1.34733880,-0.10001626,0.24999939,-0.45402649,-1.05000007
-0.26662108,-0.39999934,0.67328363,0.67328363,1.34656725,-0.09108745,0.24999973,-0.44215471,-1.04999840
-0.25624157,-0.39999948,0.67287963,0.67287963,1.34575927,-0.08226382,0.24999955,-0.43021932,-1.04999852
-0.24588126,-0.40000045,0.67245729,0.67245729,1.34491459,-0.07354189,0.24999797,-0.41822064,-1.04999888
-0.23554428,-0.40000073,0.67202027,0.67202027,1.34404054,-0.06492205,0.24999873,-0.40616652,-1.05000019
-0.22523329,-0.40000095,0.67156619,0.67156619,1.34313238,-0.05640522,0.24999769,-0.39406136,-1.04999959
-0.21495053,-0.40000018,0.67109867,0.67109867,1.34219735,-0.04799118,0.24999829,-0.38190988,-1.04999864
-0.20485878,-0.40062965,0.66996951,0.66996951,1.33993902,-0.03999993,0.24873981,-0.36971763,-1.04999912
-0.19874496,-0.41700289,0.65259884,0.65259884,1.30519769,-0.03999994,0.21599416,-0.35748997,-1.04999995
-0.19048864,-0.42499993,0.64386965,0.64386965,1.28773930,-0.03574631,0.19999842,-0.34523097,-1.04999828
-0.18026487,-0.42500021,0.64337889,0.64337889,1.28675779,-0.02758067,0.19999894,-0.33294907,-1.04999936
-0.17007773,-0.42500022,0.64287963,0.64287963,1.28575925,-0.01951212,0.19999915,-0.32064334,-1.04999959
-0.15993189,-0.42500057,0.64237299,0.64237299,1.28474598,-0.01154293,0.19999845,-0.30832085,-1.04999959
-0.14982965,-0.42500037,0.64186039,0.64186039,1.28372079,-0.00367345,0.19999813,-0.29598585,-1.04999888
-0.14295178,-0.43880618,0.65551150,0.65551150,1.31102300,0.00409584,0.19999921,-0.28999940,-1.07761157
-0.13542810,-0.45000072,0.66645628,0.66645628,1.33291256,0.01176339,0.19999823,-0.28261960,-1.09999967
-0.12537677,-0.44999999,0.66591188,0.66591188,1.33182376,0.01932923,0.19999909,-0.27008277,-1.09999907
-0.11537767,-0.45000061,0.66536501,0.66536501,1.33073001,0.02679171,0.19999820,-0.25754705,-1.09999943
-0.10543484,-0.45000054,0.66481684,0.66481684,1.32963368,0.03414903,0.19999775,-0.24501871,-1.09999883
-0.09554712,-0.45000034,0.66426879,0.66426879,1.32853759,0.04140286,0.19999792,-0.23249711,-1.09999859
-0.08571902,-0.45000031,0.66372191,0.66372191,1.32744383,0.04854968,0.19999868,-0.21998772,-1.09999931
-0.07595307,-0.45000044,0.66317628,0.66317628,1.32635256,0.05558961,0.19999903,-0.20749575,-1.09999990
-0.06625174,-0.45000066,0.66263184,0.66263184,1.32526368,0.06252153,0.19999811,-0.19502501,-1.09999943
-0.06032745,-0.46914548,0.68159182,0.68159182,1.36318364,0.06934469,0.19999766,-0.18999960,-1.13828862
-0.05178742,-0.47499968,0.68699952,0.68699952,1.37399904,0.07605840,0.19999942,-0.17963323,-1.14999878
-0.04218320,-0.47500011,0.68644656,0.68644656,1.37289312,0.08266066,0.19999832,-0.16702706,-1.14999855
-0.03265066,-0.47500009,0.68589965,0.68589965,1.37179930,0.08915202,0.19999801,-0.15445334,-1.14999819
-0.02319175,-0.47499964,0.68536012,0.68536012,1.37072024,0.09553247,0.19999892,-0.14191598,-1.14999819
-0.01808452,-0.49999975,0.71019168,0.71019168,1.42038337,0.10180491,0.19999936,-0.13797395,-1.19999886
-0.00864987,-0.49999956,0.70964719,0.70964719,1.41929439,0.10797040,0.19999962,-0.12527014,-1.19999874
0.00071549,-0.49999959,0.70911132,0.70911132,1.41822264,0.11403020,0.19999944,-0.11259922,-1.19999862
0.01001191,-0.49999945,0.70858517,0.70858517,1.41717035,0.11998669,0.19999947,-0.09996287,-1.19999838
0.01792120,-0.50866047,0.71682984,0.71682984,1.43365969,0.12584201,0.19999892,-0.08999961,-1.21731985
0.02471621,-0.52500034,0.73283448,0.73283448,1.46566897,0.13159905,0.19999790,-0.08216662,-1.24999857
0.03393530,-0.52500061,0.73232425,0.73232425,1.46464849,0.13726030,0.19999784,-0.06938971,-1.24999905
0.04308961,-0.52500080,0.73182733,0.73182733,1.46365466,0.14282709,0.19999829,-0.05664787,-1.24999988
0.05218408,-0.52500014,0.73134279,0.73134279,1.46268557,0.14830393,0.19999865,-0.04393576,-1.24999893
0.05802934,-0.55000093,0.75607547,0.75607547,1.51215094,0.15369232,0.19999821,-0.03763363,-1.30000007
0.06713144,-0.55000110,0.75560423,0.75560423,1.51120847,0.15899520,0.19999810,-0.02473232,-1.30000031
0.07617756,-0.55000023,0.75514893,0.75514893,1.51029786,0.16421551,0.19999926,-0.01186040,-1.29999971
0.08516927,-0.55000039,0.75470827,0.75470827,1.50941653,0.16935581,0.19999774,0.00098273,-1.29999852
0.09410871,-0.55000007,0.75428707,0.75428707,1.50857415,0.17441976,0.19999935,0.01379765,-1.29999948
0.10299779,-0.55000005,0.75388060,0.75388060,1.50776120,0.17940985,0.19999805,0.02658574,-1.29999816
0.11183704,-0.55000023,0.75349367,0.75349367,1.50698733,0.18432900,0.19999819,0.03934509,-1.29999864
0.12063229,-0.54999977,0.75312498,0.75312498,1.50624996,0.18918239,0.19999897,0.05208219,-1.29999852
0.12723113,-0.57500105,0.77786744,0.77786744,1.55573489,0.19397210,0.19999792,0.06049015,-1.35000002
0.13607506,-0.57500041,0.77752558,0.77752558,1.55505115,0.19870234,0.19999884,0.07344777,-1.34999967
0.14488159,-0.57500038,0.77720334,0.77720334,1.55440667,0.20337670,0.19999856,0.08638648,-1.34999931
0.15365374,-0.57499994,0.77690189,0.77690189,1.55380377,0.20799936,0.19999883,0.09930812,-1.34999871
0.16128778,-0.59210746,0.79376465,0.79376465,1.58752930,0.21257535,0.19999854,0.11000021,-1.38421345
0.16962552,-0.60000054,0.80140747,0.80140747,1.60281493,0.21710849,0.19999902,0.12214255,-1.40000010
0.17845012,-0.59999945,0.80116211,0.80116211,1.60232423,0.22160299,0.19999965,0.13529724,-1.39999855
0.18725211,-0.59999967,0.80093997,0.80093997,1.60187994,0.22606260,0.19999945,0.14844161,-1.39999878
0.19524696,-0.61837784,0.81913578,0.81913578,1.63827155,0.23049384,0.19999926,0.16000009,-1.43675494
0.20387110,-0.62500007,0.82558223,0.82558223,1.65116446,0.23490062,0.19999883,0.17284158,-1.44999897
0.21277114,-0.62499936,0.82542479,0.82542479,1.65084957,0.23928697,0.19999942,0.18625532,-1.44999814
0.22166578,-0.62500057,0.82529168,0.82529168,1.65058336,0.24365658,0.19999808,0.19967498,-1.44999921
0.23003029,-0.64999957,0.85018922,0.85018922,1.70037843,0.24801344,0.19999944,0.21204714,-1.49999857
0.23906440,-0.64999983,0.85010261,0.85010261,1.70020523,0.25236133,0.19999878,0.22576746,-1.49999845
0.24810598,-0.64999994,0.85004272,0.85004272,1.70008544,0.25670436,0.19999929,0.23950760,-1.49999917
0.25715754,-0.65000033,0.85000725,0.85000725,1.70001450,0.26104572,0.19999802,0.25326937,-1.49999869
0.26625149,-0.67500055,0.87499875,0.87499875,1.74999751,0.26539123,0.19999778,0.26711175,-1.54999888
0.27548048,-0.67500048,0.87501828,0.87501828,1.75003656,0.26974407,0.19999900,0.28121689,-1.54999995
0.28473443,-0.67499919,0.87506349,0.87506349,1.75012698,0.27410844,0.19999978,0.29536042,-1.54999816
0.29401750,-0.67500024,0.87513668,0.87513668,1.75027336,0.27848822,0.19999865,0.30954677,-1.54999912
0.30450207,-0.72500034,0.92525024,0.92525024,1.85050048,0.28288740,0.19999740,0.32611674,-1.64999807
0.31413962,-0.72500030,0.92538696,0.92538696,1.85077393,0.28731215,0.19999771,0.34096709,-1.64999831
0.32382022,-0.72500036,0.92555416,0.92555416,1.85110831,0.29176506,0.19999854,0.35587537,-1.64999926
0.33455185,-0.75000023,0.95077032,0.95077032,1.90154063,0.29624709,0.19999816,0.37285662,-1.69999862
0.34446691,-0.74999911,0.95100345,0.95100345,1.90200690,0.30076236,0.19999956,0.38817146,-1.69999778
0.35443216,-0.75000045,0.95126707,0.95126707,1.90253415,0.30531231,0.19999759,0.40355200,-1.69999850
0.36444888,-0.74999953,0.95156365,0.95156365,1.90312730,0.30989808,0.19999920,0.41899967,-1.69999826
0.37451792,-0.75000001,0.95189201,0.95189201,1.90378402,0.31452057,0.19999932,0.43451527,-1.69999933
0.38463921,-0.75000080,0.95225097,0.95225097,1.90450194,0.31917974,0.19999760,0.45009869,-1.69999921
0.39667846,-0.77499998,0.97771238,0.97771238,1.95542477,0.32387444,0.19999801,0.46948248,-1.74999797
0.40704499,-0.77499979,0.97814940,0.97814940,1.95629880,0.32860294,0.19999923,0.48548704,-1.74999881
0.41745798,-0.77499984,0.97861815,0.97861815,1.95723630,0.33336207,0.19999830,0.50155389,-1.74999797
0.42791125,-0.77500049,0.97912235,0.97912235,1.95824470,0.33814657,0.19999842,0.51767594,-1.74999940
0.43840328,-0.77499981,0.97965944,0.97965944,1.95931888,0.34295309,0.19999859,0.53385347,-1.74999821
0.44892448,-0.77499938,0.98023189,0.98023189,1.96046378,0.34777302,0.19999956,0.55007595,-1.74999833
0.45947032,-0.77500051,0.98083859,0.98083859,1.96167718,0.35260215,0.19999874,0.56633848,-1.74999976
0.47003632,-0.77500021,0.98147829,0.98147829,1.96295658,0.35743633,0.19999768,0.58263630,-1.74999809
0.47948318,-0.76564219,0.99158201,0.99158201,1.98316401,0.36000013,0.21871480,0.59896624,-1.74999917
0.48537096,-0.72908591,0.98698367,0.98698367,1.97396733,0.36074197,0.24999753,0.60999995,-1.70816934
0.49516216,-0.72500036,0.98361213,0.98361213,1.96722425,0.36527652,0.24999838,0.62504780,-1.69999909
0.50547964,-0.72499993,0.98439334,0.98439334,1.96878668,0.36980429,0.24999876,0.64115500,-1.69999862
0.51580602,-0.72500017,0.98521114,0.98521114,1.97042228,0.37432569,0.24999948,0.65728635,-1.69999981
0.52236135,-0.70000087,0.96077880,0.96077880,1.92155759,0.37883958,0.24999776,0.66588312,-1.64999950
0.53254892,-0.70000016,0.96164437,0.96164437,1.92328874,0.38334492,0.24999882,0.68175292,-1.64999914
0.54273981,-0.70000019,0.96254387,0.96254387,1.92508775,0.38784111,0.24999829,0.69763851,-1.64999866
0.55116476,-0.68952635,0.95285769,0.95285769,1.90571538,0.39232966,0.24999969,0.70999986,-1.62905240
0.55438276,-0.65000064,0.91368900,0.91368900,1.82737801,0.39681241,0.24999890,0.71195310,-1.55000019
0.56428859,-0.65000017,0.91464111,0.91464111,1.82928222,0.40129000,0.24999973,0.72728717,-1.55000007
0.57419962,-0.65000061,0.91562503,0.91562503,1.83125006,0.40576386,0.24999861,0.74263537,-1.54999983
0.58412047,-0.64999973,0.91664183,0.91664183,1.83328366,0.41023692,0.24999847,0.75800401,-1.54999793
0.58906970,-0.62500011,0.89220213,0.89220213,1.78440426,0.41471058,0.24999905,0.76342881,-1.49999928
0.59886037,-0.62500080,0.89325559,0.89325559,1.78651117,0.41918746,0.24999817,0.77853328,-1.49999976
0.60866357,-0.62499952,0.89434079,0.89434079,1.78868157,0.42366913,0.24999905,0.79365802,-1.49999809
0.61848210,-0.62499995,0.89545780,0.89545780,1.79091560,0.42815891,0.24999820,0.80880529,-1.49999809
0.62132935,-0.59374874,0.86458501,0.86458501,1.72917002,0.43265906,0.24999931,0.80999964,-1.43749678
0.62668600,-0.57500016,0.84648680,0.84648680,1.69297361,0.43717241,0.24999954,0.81619960,-1.39999986
0.63625544,-0.57499957,0.84762822,0.84762822,1.69525644,0.44170141,0.24999881,0.83080947,-1.39999795
0.64584617,-0.57500071,0.84880124,0.84880124,1.69760248,0.44624773,0.24999869,0.84544462,-1.40000010
0.65540789,-0.57477753,0.84977301,0.84977301,1.69954602,0.45081577,0.24999894,0.86000001,-1.39955401
0.65770353,-0.54587351,0.82118043,0.82118043,1.64236085,0.45540735,0.24999931,0.85999972,-1.34174633
0.66176423,-0.52499973,0.80082522,0.80082522,1.60165045,0.46002561,0.24999870,0.86350286,-1.29999816
0.67116049,-0.52499971,0.80203490,0.80203490,1.60406981,0.46467179,0.24999861,0.87764919,-1.29999804
0.68058868,-0.52500044,0.80327146,0.80327146,1.60654292,0.46934882,0.24999811,0.89182854,-1.29999900
0.69005142,-0.52500045,0.80453491,0.80453491,1.60906982,0.47405979,0.24999893,0.90604305,-1.29999983
0.69440374,-0.50693001,0.78703368,0.78703368,1.57406737,0.47880793,0.24999830,0.90999955,-1.26385832
0.69679709,-0.48276178,0.76314578,0.76314578,1.52629155,0.48359469,0.24999753,0.90999949,-1.21552110
0.70381050,-0.47499990,0.75631587,0.75631587,1.51263173,0.48842385,0.24999823,0.91919714,-1.19999802
0.71312487,-0.47500081,0.75759276,0.75759276,1.51518552,0.49329782,0.24999771,0.93295193,-1.19999933
0.72248285,-0.47500051,0.75889281,0.75889281,1.51778561,0.49821815,0.24999855,0.94674754,-1.19999957
0.73159376,-0.47407210,0.75924193,0.75924193,1.51848387,0.50318778,0.24999905,0.95999974,-1.19814324
0.73410449,-0.45250624,0.73792971,0.73792971,1.47585942,0.50820941,0.24999762,0.95999956,-1.15501010
0.74264559,-0.44999917,0.73661743,0.73661743,1.47323486,0.51328355,0.24999961,0.97200763,-1.14999795
0.75204366,-0.44999993,0.73795771,0.73795771,1.47591543,0.51841426,0.24999927,0.98567307,-1.14999914
0.76149181,-0.45000031,0.73931766,0.73931766,1.47863533,0.52360231,0.24999911,0.99938130,-1.14999974
0.76942581,-0.44546483,0.73589722,0.73589722,1.47179445,0.52885187,0.24999826,1.00999975,-1.14092791
0.77208009,-0.42593734,0.71658576,0.71658576,1.43317152,0.53416079,0.24999872,1.00999939,-1.10187340
0.77476653,-0.40700332,0.69784426,0.69784426,1.39568852,0.53953379,0.24999909,1.00999928,-1.06400573
0.78162560,-0.40000077,0.69173956,0.69173956,1.38347911,0.54497284,0.24999852,1.01827836,-1.05000007
0.79105058,-0.40000037,0.69308964,0.69308964,1.38617929,0.55047923,0.24999861,1.03162193,-1.04999936
0.80053586,-0.40000079,0.69445676,0.69445676,1.38891352,0.55605483,0.24999861,1.04501688,-1.05000019
0.80923161,-0.39777505,0.69822139,0.69822139,1.39644277,0.56000060,0.25444961,1.05846262,-1.04999971
0.81000042,-0.37503384,0.69096313,0.69096313,1.38192625,0.56000102,0.26911703,1.05999982,-1.01918471
0.81290061,-0.35823396,0.68979857,0.68979857,1.37959714,0.56000090,0.28353220,1.06580031,-1.00000012
0.81954977,-0.35113914,0.69884518,0.69884518,1.39769037,0.56000084,0.29772058,1.07909870,-0.99999887
0.82859876,-0.35000087,0.70150876,0.70150876,1.40301752,0.56475049,0.29999807,1.09244704,-0.99999982
0.83816865,-0.35000064,0.70295660,0.70295660,1.40591321,0.57049555,0.29999867,1.10584176,-0.99999994
0.84316441,-0.33888724,0.69236939,0.69236939,1.38473878,0.57632905,0.29999793,1.10999978,-0.97777241
0.84612641,-0.32311504,0.67668215,0.67668215,1.35336431,0.58225304,0.29999778,1.10999978,-0.94622785
0.84913472,-0.30771394,0.66133545,0.66133545,1.32267089,0.58827001,0.29999831,1.10999942,-0.91542619
0.85538107,-0.30000013,0.65430662,0.65430662,1.30861323,0.59438562,0.29999864,1.11637652,-0.89999890
0.86500832,-0.29999949,0.65567627,0.65567627,1.31135253,0.60059780,0.29999921,1.12941885,-0.89999819
0.87470976,-0.29999974,0.65705080,0.65705080,1.31410160,0.60691029,0.29999959,1.14250922,-0.89999908
0.88448331,-0.29999956,0.65842655,0.65842655,1.31685309,0.61332411,0.29999894,1.15564251,-0.89999807
0.88991946,-0.29036036,0.64920533,0.64920533,1.29841065,0.61983979,0.29999930,1.15999913,-0.88072002
0.89322933,-0.27620131,0.63495851,0.63495851,1.26991701,0.62645966,0.29999852,1.15999901,-0.85240114
0.90252766,-0.27499981,0.63495606,0.63495606,1.26991211,0.63318425,0.29999873,1.17187107,-0.84999835
0.91245565,-0.27500007,0.63627565,0.63627565,1.27255131,0.64001530,0.29999816,1.18489599,-0.84999830
0.92245663,-0.27499990,0.63759399,0.63759399,1.27518797,0.64695299,0.29999909,1.19796026,-0.84999889
0.93199887,-0.27390647,0.63769165,0.63769165,1.27538329,0.65399855,0.29999810,1.20999920,-0.84781104
0.93499974,-0.25932343,0.62539061,0.62539061,1.25078122,0.66000015,0.30236033,1.20999932,-0.82100719
0.93631228,-0.24148513,0.62312621,0.62312621,1.24625242,0.66000062,0.31702909,1.21262395,-0.79999936
0.94278407,-0.23418717,0.63254148,0.63254148,1.26508296,0.66000044,0.33162388,1.22556770,-0.79999822
0.94927272,-0.22692350,0.64194586,0.64194586,1.28389172,0.66000074,0.34615260,1.23854470,-0.79999959
0.95848352,-0.22499956,0.64537716,0.64537716,1.29075431,0.66541708,0.34999934,1.25154996,-0.79999846
0.96873757,-0.22499986,0.64664431,0.64664431,1.29328863,0.67289215,0.34999958,1.26458299,-0.79999930
0.97906306,-0.22500088,0.64789792,0.64789792,1.29579584,0.68048602,0.34999779,1.27764010,-0.79999954
0.98945761,-0.22500035,0.64913939,0.64913939,1.29827877,0.68819678,0.34999865,1.29071844,-0.79999936
0.99991873,-0.22499956,0.65036498,0.65036498,1.30072995,0.69602531,0.34999904,1.30381215,-0.79999816
1.00698766,-0.21850328,0.64421388,0.64421388,1.28842776,0.70397562,0.34999934,1.30999970,-0.78700590
1.01102406,-0.20634642,0.63159060,0.63159060,1.26318120,0.71204829,0.34999895,1.30999982,-0.76269180
1.01816935,-0.19999970,0.62550538,0.62550538,1.25101076,0.72024560,0.34999886,1.31609309,-0.74999827
1.02879188,-0.20000065,0.62660519,0.62660519,1.25321038,0.72856611,0.34999803,1.32901764,-0.74999934
1.03947839,-0.20000011,0.62768315,0.62768315,1.25536631,0.73700970,0.34999883,1.34194708,-0.74999905
1.05022785,-0.19999958,0.62873656,0.62873656,1.25747312,0.74557859,0.34999904,1.35487711,-0.74999821
1.06103897,-0.19999957,0.62976439,0.62976439,1.25952878,0.75427389,0.34999895,1.36780405,-0.74999809
1.07036102,-0.19724518,0.63392454,0.63392454,1.26784908,0.76000118,0.35550892,1.38072085,-0.74999928
1.07681286,-0.18934104,0.64397707,0.64397707,1.28795415,0.76000071,0.37131619,1.39362502,-0.74999827
1.08325559,-0.18141924,0.65404541,0.65404541,1.30809082,0.76000118,0.38715968,1.40651000,-0.74999815
1.08587437,-0.16680676,0.65293580,0.65293580,1.30587161,0.76174974,0.39999866,1.40999901,-0.73361218
1.09046915,-0.15569907,0.64101437,0.64101437,1.28202875,0.77093869,0.39999843,1.40999961,-0.71139657
1.09817657,-0.15000017,0.63526732,0.63526732,1.27053465,0.78026992,0.39999977,1.41608322,-0.70000011
1.10921347,-0.14999922,0.63604732,0.63604732,1.27209465,0.78974926,0.39999971,1.42867768,-0.69999814
1.12030166,-0.14999997,0.63678100,0.63678100,1.27356201,0.79937851,0.39999855,1.44122481,-0.69999850
1.13143444,-0.14999993,0.63746581,0.63746581,1.27493163,0.80915570,0.39999923,1.45371318,-0.69999909
1.13806921,-0.14227507,0.64705814,0.64705814,1.29411628,0.81000102,0.41544843,1.46613741,-0.69999856
1.14424419,-0.13375674,0.65753293,0.65753293,1.31506586,0.81000125,0.43248633,1.47848713,-0.69999981
1.15037435,-0.12515139,0.66806031,0.66806031,1.33612062,0.81000030,0.44969648,1.49074841,-0.69999927
1.16153186,-0.12499956,0.66870363,0.66870363,1.33740725,0.82015121,0.44999939,1.50291252,-0.69999850
1.17281348,-0.12500033,0.66910034,0.66910034,1.33820068,0.83065748,0.44999927,1.51496947,-0.69999993
1.18412348,-0.12500056,0.66942016,0.66942016,1.33884033,0.84134251,0.44999906,1.52690446,-0.70000017
1.19545746,-0.12500055,0.66965947,0.66965947,1.33931893,0.85220909,0.44999889,1.53870583,-0.69999999
1.20518106,-0.12227409,0.67299072,0.67299072,1.34598145,0.86000037,0.45545146,1.55036175,-0.69999963
1.21092966,-0.11288112,0.68400149,0.68400149,1.36800299,0.86000127,0.47423667,1.56185806,-0.69999892
1.21659476,-0.10332923,0.69510740,0.69510740,1.39021481,0.86000133,0.49334106,1.57318819,-0.69999951
1.22598850,-0.10000019,0.69886964,0.69886964,1.39773928,0.86763012,0.49999818,1.58434689,-0.69999856
1.23737461,-0.09999991,0.69866452,0.69866452,1.39732903,0.87941849,0.49999970,1.59533072,-0.69999951
1.24875799,-0.10000021,0.69836672,0.69836672,1.39673344,0.89138407,0.49999976,1.60613191,-0.70000017
1.27499157,-0.12500039,0.72705810,0.72705810,1.45411621,0.90352130,0.49999827,1.64646184,-0.74999905
1.28340224,-0.12009087,0.73226566,0.73226566,1.46453132,0.91000122,0.50981760,1.65680325,-0.74999934
1.28846556,-0.10953239,0.74393064,0.74393064,1.48786129,0.91000021,0.53093368,1.66693091,-0.74999845
1.29342091,-0.09877035,0.75571899,0.75571899,1.51143798,0.91000080,0.55245942,1.67684102,-0.75000012
1.29826588,-0.08778429,0.76764530,0.76764530,1.53529060,0.91000104,0.57443148,1.68653071,-0.75000006
1.30299803,-0.07656375,0.77971927,0.77971927,1.55943854,0.91000074,0.59687167,1.69599533,-0.74999917
1.31336621,-0.07500005,0.78050173,0.78050173,1.56100346,0.92149967,0.59999889,1.70523274,-0.74999899
1.33903772,-0.10000012,0.80824588,0.80824588,1.61649176,0.93497908,0.59999847,1.74309635,-0.79999870
1.35014400,-0.10000008,0.80699096,0.80699096,1.61398192,0.94860071,0.59999806,1.75168729,-0.79999822
1.37425932,-0.12293160,0.83680177,0.83680177,1.67360355,0.96000093,0.60413593,1.78851771,-0.84999913
1.37819847,-0.11063713,0.84943848,0.84943848,1.69887697,0.96000057,0.62872493,1.79639637,-0.84999919
1.38200638,-0.09804630,0.86227659,0.86227659,1.72455317,0.96000117,0.65390617,1.80401158,-0.84999877
1.39959755,-0.11013555,0.90395259,0.90395259,1.80790518,0.96000034,0.67972809,1.83919477,-0.89999920
1.40473702,-0.09999943,0.91364621,0.91364621,1.82729242,0.96343058,0.69999933,1.84604347,-0.89999819
1.41544240,-0.10000098,0.91166136,0.91166136,1.82332272,0.97826004,0.69999778,1.85262477,-0.89999974
1.42707896,-0.10186979,0.91172999,0.91172999,1.82345997,0.99319303,0.69999963,1.86096489,-0.90373921
1.43865562,-0.10381886,0.91180827,0.91180827,1.82361655,1.00822341,0.69999856,1.86908782,-0.90763628
1.44349485,-0.09325117,0.92615544,0.92615544,1.85231089,1.01000011,0.72519016,1.87698960,-0.91169250
1.44733888,-0.08070508,0.94277076,0.94277076,1.88554153,1.01000094,0.75449085,1.88467681,-0.91590101
1.45107496,-0.06781545,0.95979492,0.95979492,1.91958985,1.01000047,0.78462785,1.89214945,-0.92025876
1.45470345,-0.05456385,0.97724419,0.97724419,1.95448838,1.01000082,0.81563485,1.89940608,-0.92476255
1.45822507,-0.04091969,0.99514965,0.99514965,1.99029931,1.01000094,0.84757227,1.90644920,-0.92941165
1.46922642,-0.04210207,0.99650611,0.99650611,1.99301222,1.02517545,0.84999835,1.91327739,-0.93420249
1.48075843,-0.04456726,0.99653568,0.99653568,1.99307136,1.04162717,0.84999806,1.91988969,-0.93913257
1.49220431,-0.04710156,0.99659931,0.99659931,1.99319862,1.05812860,0.84999847,1.92628002,-0.94420159
1.49622673,-0.03431877,1.01374314,1.01374314,2.02748627,1.06000078,0.88076705,1.93245268,-0.94940460
1.49920446,-0.01909775,1.03359693,1.03359693,2.06719385,1.06000090,0.91654259,1.93840802,-0.95473808
1.50207275,-0.00333649,1.05404636,1.05404636,2.10809272,1.06000090,0.95352620,1.94414461,-0.96019918
1.50483018,0.01300087,1.07512482,1.07512482,2.15024964,1.06000054,0.99178582,1.94965982,-0.96578407
1.50747758,0.02996239,1.09688033,1.09688033,2.19376067,1.06000066,1.03141677,1.95495450,-0.97149199
1.51001304,0.04759115,1.11935375,1.11935375,2.23870749,1.06000054,1.07250166,1.96002555,-0.97731936
1.51243568,0.06593689,1.14259258,1.14259258,2.28518516,1.06000090,1.11513686,1.96487045,-0.98326308
1.51674009,0.08033916,1.16152955,1.16152955,2.32305909,1.06399298,1.14999843,1.96948719,-0.98932010
1.52845883,0.07725519,1.16153829,1.16153829,2.32307657,1.08304453,1.14999807,1.97387314,-0.99548769
1.54007191,0.07411784,1.16160328,1.16160328,2.32320657,1.10211825,1.14999831,1.97802556,-1.00176263
1.55157638,0.07092822,1.16172556,1.16172556,2.32345112,1.12121141,1.14999831,1.98194134,-1.00814188
1.56296730,0.06768799,1.16190679,1.16190679,2.32381358,1.14031756,1.14999783,1.98561704,-1.01462185
1.57424581,0.06439847,1.16214988,1.16214988,2.32429977,1.15944040,1.14999914,1.98905122,-1.02120221
1.58540737,0.06106007,1.16245292,1.16245292,2.32490585,1.17857873,1.14999866,1.99223602,-1.02787852
1.59644819,0.05767685,1.16281942,1.16281942,2.32563884,1.19772494,1.14999950,1.99517143,-1.03464580
1.60736602,0.05425001,1.16324924,1.16324924,2.32649847,1.21687782,1.14999986,1.99785423,-1.04149985
1.61815864,0.05078030,1.16374272,1.16374272,2.32748543,1.23603642,1.14999807,2.00028086,-1.04843748
1.62882251,0.04727256,1.16430333,1.16430333,2.32860665,1.25519764,1.14999950,2.00244737,-1.05545437
1.63935637,0.04372597,1.16492851,1.16492851,2.32985703,1.27436256,1.14999807,2.00435019,-1.06254613
1.64975655,0.04014534,1.16562203,1.16562203,2.33124406,1.29352808,1.14999938,2.00598502,-1.06970870
1.66001969,0.03653132,1.16638191,1.16638191,2.33276383,1.31269133,1.14999878,2.00734806,-1.07693613
1.67014730,0.03288561,1.16720966,1.16720966,2.33441933,1.33185863,1.14999759,2.00843596,-1.08422637
1.68013495,0.02921224,1.16810722,1.16810722,2.33621443,1.35102546,1.14999831,2.00924444,-1.09157383
1.68998099,0.02551186,1.16907291,1.16907291,2.33814583,1.37019420,1.14999747,2.00976777,-1.09897375
1.69968295,0.02178854,1.17010959,1.17010959,2.34021919,1.38936186,1.14999831,2.01000404,-1.10642123
1.70923960,0.01804418,1.17121702,1.17121702,2.34243404,1.40852833,1.14999914,2.00995088,-1.11391079
1.71864938,0.01428062,1.17239530,1.17239530,2.34479060,1.42769408,1.14999878,2.00960469,-1.12143755
1.72791255,0.01049841,1.17364913,1.17364913,2.34729826,1.44685984,1.14999902,2.00896525,-1.12900221
1.73702466,0.00670225,1.17497530,1.17497530,2.34995060,1.46602201,1.14999771,2.00802732,-1.13659322
1.74598736,0.00289553,1.17637701,1.17637701,2.35275403,1.48518717,1.14999890,2.00678754,-1.14420784
1.75479764,-0.00091940,1.17785299,1.17785299,2.35570597,1.50435245,1.14999974,2.00524282,-1.15183854
1.76345497,-0.00474072,1.17940357,1.17940357,2.35880713,1.52351916,1.14999890,2.00339079,-1.15948033
1.77195800,-0.00856400,1.18103097,1.18103097,2.36206193,1.54268670,1.14999926,2.00122929,-1.16712725
1.77937818,-0.00744813,1.18776089,1.18776089,2.37552178,1.56000018,1.15987754,1.99875617,-1.17477381
1.78405207,0.00879187,1.20990970,1.20990970,2.41981940,1.57213509,1.19999826,1.99596906,-1.18241453
1.79234183,0.00497717,1.21172749,1.21172749,2.42345498,1.59181798,1.19999754,1.99286568,-1.19004321
1.80047571,0.00117242,1.21362764,1.21362764,2.42725528,1.61150610,1.19999790,1.98944533,-1.19765306
1.80845839,-0.00262391,1.21561386,1.21561386,2.43122772,1.63121009,1.19999826,1.98570669,-1.20524609
1.81628769,-0.00640774,1.21768559,1.21768559,2.43537119,1.65092683,1.19999766,1.98164856,-1.21281314
1.82396269,-0.01017261,1.21984397,1.21984397,2.43968794,1.67065704,1.19999957,1.97726834,-1.22034478
1.83148407,-0.01391823,1.22208802,1.22208802,2.44417604,1.69040298,1.19999909,1.97256517,-1.22783554
1.83885235,-0.01764005,1.22441977,1.22441977,2.44883954,1.71016622,1.19999850,1.96753848,-1.23527861
1.84606803,-0.02133531,1.22684065,1.22684065,2.45368130,1.72994840,1.19999766,1.96218765,-1.24266827
1.85313231,-0.02499979,1.22935308,1.22935308,2.45870615,1.74975157,1.19999874,1.95651305,-1.24999833
1.85977882,-0.02500021,1.22831550,1.22831550,2.45663101,1.76957762,1.19999886,1.94998002,-1.24999928
1.86635608,-0.02499956,1.22741217,1.22741217,2.45482434,1.78942525,1.19999933,1.94328690,-1.24999845
1.87286813,-0.02500039,1.22664679,1.22664679,2.45329357,1.80930448,1.19999838,1.93643177,-1.24999917
1.87931585,-0.02499944,1.22602292,1.22602292,2.45204585,1.82921374,1.19999933,1.92941797,-1.24999821
1.88570207,-0.02499998,1.22554443,1.22554443,2.45108887,1.84915662,1.19999945,1.92224753,-1.24999940
1.89202678,-0.02499920,1.22521243,1.22521243,2.45042486,1.86913383,1.19999933,1.91491973,-1.24999774
1.89735896,0.09999901,1.10002929,1.10002929,2.20005859,1.88914812,1.19999766,1.90556979,-0.99999964
1.90497923,0.10000005,1.10000607,1.10000607,2.20001214,1.90920198,1.19999802,1.90075648,-0.99999791
1.91293454,0.12499887,1.12512932,1.12512932,2.25025863,1.93005943,1.24999785,1.89580965,-1.00000012
1.92075115,0.12499964,1.12540033,1.12540033,2.25080066,1.95077074,1.24999952,1.89073157,-1.00000024
1.92853022,0.12500036,1.12582027,1.12582027,2.25164054,1.97153914,1.24999881,1.88552129,-0.99999809
1.93627263,0.12499892,1.12639646,1.12639646,2.25279293,1.99236310,1.24999797,1.88018215,-1.00000012
1.94398159,0.12500062,1.12712892,1.12712892,2.25425784,2.01324654,1.24999928,1.87471664,-0.99999803
1.95165962,0.12500087,1.12802239,1.12802239,2.25604478,2.03419280,1.24999988,1.86912644,-0.99999815
1.95930934,0.12500077,1.12907846,1.12907846,2.25815693,2.05520511,1.24999952,1.86341357,-0.99999797
1.96814394,0.13744631,1.11779658,1.11779658,2.23559316,2.07628775,1.24999928,1.86000013,-0.97510666
1.97872251,0.16330790,1.09315682,1.09315682,2.18631364,2.09744477,1.24999869,1.86000025,-0.92338288
1.98818970,0.17499927,1.08288937,1.08288937,2.16577875,2.11867595,1.24999821,1.85770345,-0.89999968
1.99637074,0.17500005,1.08455083,1.08455083,2.16910165,2.13999486,1.24999893,1.85274661,-0.89999884
2.00454479,0.17500022,1.08638185,1.08638185,2.17276369,2.16140079,1.24999869,1.84768879,-0.89999825
2.01271712,0.17500049,1.08838624,1.08838624,2.17677248,2.18289995,1.24999928,1.84253430,-0.89999831
2.02089035,0.17499980,1.09056639,1.09056639,2.18113278,2.20449567,1.24999940,1.83728504,-0.89999980
2.02906882,0.17500016,1.09292230,1.09292230,2.18584460,2.22619271,1.24999845,1.83194494,-0.89999813
2.03725702,0.17499954,1.09546025,1.09546025,2.19092050,2.24799681,1.24999809,1.82651722,-0.89999902
2.04545981,0.17500046,1.09818117,1.09818117,2.19636233,2.26991391,1.24999917,1.82100570,-0.89999825
2.05368120,0.17499990,1.10108632,1.10108632,2.20217263,2.29194832,1.24999750,1.81541407,-0.89999771
2.06205154,0.17553869,1.10362785,1.10362785,2.20725570,2.31410289,1.24999881,1.81000018,-0.89892143
2.07319593,0.18709948,1.09500003,1.09500003,2.19000006,2.33639145,1.24999797,1.81000042,-0.87579900
2.09092766,0.22262374,1.11339965,1.11339965,2.22679930,2.37185478,1.29999959,1.81000054,-0.85475212
2.10055840,0.22500070,1.11461551,1.11461551,2.22923102,2.39508367,1.29999959,1.80603313,-0.84999818
2.10961950,0.22500068,1.11848508,1.11848508,2.23697017,2.41846609,1.29999959,1.80077291,-0.84999824
2.11873621,0.22500002,1.12255495,1.12255495,2.24510990,2.44200897,1.29999971,1.79546344,-0.84999967
2.12791419,0.22500059,1.12682486,1.12682486,2.25364973,2.46571875,1.29999936,1.79010963,-0.84999818
2.13715869,0.22499889,1.13130011,1.13130011,2.26260023,2.48960304,1.29999793,1.78471434,-0.85000014
2.14647508,0.22500089,1.13598030,1.13598030,2.27196059,2.51366544,1.29999971,1.77928472,-0.84999794
2.15587020,0.22499931,1.14087029,1.14087029,2.28174059,2.53792024,1.29999828,1.77382016,-0.84999967
2.16534984,0.22499916,1.14597051,1.14597051,2.29194102,2.56237197,1.29999769,1.76832771,-0.84999937
2.17491919,0.22499919,1.15128416,1.15128416,2.30256832,2.58702803,1.29999757,1.76281035,-0.84999919
2.18594766,0.22843242,1.15311899,1.15311899,2.30623797,2.61189485,1.29999781,1.76000047,-0.84313297
2.19849086,0.23506340,1.15167843,1.15167843,2.30335686,2.63698101,1.29999983,1.76000071,-0.82987303
2.21114624,0.24126178,1.15084960,1.15084960,2.30169920,2.66229153,1.29999816,1.76000094,-0.81747460
2.22391873,0.24706378,1.15060426,1.15060426,2.30120851,2.68783641,1.29999804,1.76000106,-0.80587047
2.24704861,0.27499988,1.18112678,1.18112678,2.36225356,2.73637342,1.34999835,1.75772381,-0.79999858
2.25799501,0.27499992,1.18776617,1.18776617,2.37553234,2.76313567,1.34999824,1.75285435,-0.79999840
2.26906800,0.27500025,1.19463501,1.19463501,2.38927002,2.79015398,1.34999895,1.74798203,-0.79999846
2.28027033,0.27499974,1.20173592,1.20173592,2.40347183,2.81743383,1.34999955,1.74310684,-0.80000007
2.29160595,0.27499965,1.20906860,1.20906860,2.41813720,2.84498072,1.34999883,1.73823118,-0.79999954
2.30307758,0.27499995,1.21663691,1.21663691,2.43327382,2.87280059,1.34999812,1.73335457,-0.79999822
2.31468588,0.27499911,1.22444588,1.22444588,2.44889176,2.90089774,1.34999835,1.72847402,-0.80000013
2.32643778,0.27500004,1.23249520,1.23249520,2.46499040,2.92928100,1.34999979,1.72359455,-0.79999971
2.33833629,0.27499944,1.24078616,1.24078616,2.48157232,2.95795584,1.34999800,1.71871674,-0.79999912
2.35038549,0.27500067,1.24932361,1.24932361,2.49864721,2.98692799,1.34999979,1.71384299,-0.79999846
2.36310714,0.27584532,1.25712041,1.25712041,2.51424082,3.01621318,1.34999812,1.71000111,-0.79830748
2.37790990,0.27972048,1.26158568,1.26158568,2.52317136,3.04581833,1.34999931,1.71000147,-0.79055834
2.39287484,0.28339109,1.26647944,1.26647944,2.53295889,3.07574916,1.34999919,1.71000051,-0.78321701
2.40800661,0.28687364,1.27178841,1.27178841,2.54357682,3.10601187,1.34999847,1.71000135,-0.77625120
2.40999978,0.27039346,1.25367429,1.25367429,2.50734858,3.10999894,1.31044173,1.71000063,-0.76965481
2.42155421,0.26829561,1.25328363,1.25328363,2.50656726,3.13310742,1.29999900,1.71000099,-0.76340777
2.43500060,0.26869931,1.25646373,1.25646373,2.51292746,3.15999985,1.29489481,1.71000135,-0.75749618
2.43499982,0.25022006,1.23688483,1.23688483,2.47376966,3.15999866,1.25234818,1.71000099,-0.75190806
2.44810117,0.24999961,1.24437993,1.24437993,2.48875987,3.18869853,1.24999809,1.70750380,-0.74999887
2.45683402,0.24374038,1.24690683,1.24690683,2.49381365,3.21000004,1.23747957,1.70366800,-0.74999881
2.45493949,0.22376839,1.23220827,1.23220827,2.46441654,3.20999956,1.19753504,1.69987941,-0.74999827
2.45307070,0.20442634,1.21814206,1.21814206,2.43628413,3.21000004,1.15885186,1.69614136,-0.74999917
2.46284353,0.19999943,1.22310661,1.22310661,2.44621322,3.23322749,1.14999855,1.69245958,-0.74999970
2.47441894,0.19764679,1.23092288,1.23092288,2.46184577,3.25999928,1.14529371,1.68883860,-0.75000012
2.47264117,0.17933852,1.21803222,1.21803222,2.43606444,3.25999904,1.10867703,1.68528330,-0.75000000
2.47089851,0.16155502,1.20565803,1.20565803,2.41131606,3.25999880,1.07310975,1.68179822,-0.74999970
2.46919340,0.14426014,1.19376459,1.19376459,2.38752918,3.25999856,1.03852022,1.67838824,-0.74999994
2.46752900,0.12743070,1.18232540,1.18232540,2.36465079,3.25999880,1.00486159,1.67505920,-0.75000018
2.46590805,0.11104274,1.17131220,1.17131220,2.34262441,3.25999856,0.97208428,1.67181754,-0.74999881
2.46433205,0.09507162,1.16070305,1.16070305,2.32140610,3.25999928,0.94014275,1.66866481,-0.74999952
2.46280367,0.07949668,1.15047122,1.15047122,2.30094245,3.25999880,0.90899289,1.66560853,-0.74999952
2.47182292,0.07499990,1.15558595,1.15558595,2.31117189,3.28099227,0.89999920,1.66265357,-0.74999940
2.48490137,0.07443565,1.16639651,1.16639651,2.33279302,3.30999947,0.89887118,1.65980327,-0.74999988
2.48353255,0.05943790,1.15682127,1.15682127,2.31364254,3.30999923,0.86887491,1.65706587,-0.74999911
2.48222124,0.04477826,1.14755741,1.14755741,2.29511481,3.30999899,0.83955622,1.65444350,-0.74999970
2.48097009,0.03043545,1.13858140,1.13858140,2.27716281,3.30999851,0.81087089,1.65194166,-0.75000000
2.47978210,0.01639903,1.12987798,1.12987798,2.25975596,3.30999827,0.78279668,1.64956594,-0.74999863
2.47865969,0.00265246,1.12143190,1.12143190,2.24286379,3.30999947,0.75530356,1.64731991,-0.74999863
2.47760486,-0.01081786,1.11322512,1.11322512,2.22645024,3.30999970,0.72836345,1.64521003,-0.74999917
2.47662103,-0.02402398,1.10524159,1.10524159,2.21048319,3.30999947,0.70195079,1.64324260,-0.74999875
2.47570980,-0.03697932,1.09746828,1.09746828,2.19493657,3.30999875,0.67604142,1.64142084,-0.75000006
2.47487748,-0.04969155,1.08989013,1.08989013,2.17978025,3.30999947,0.65061677,1.63975549,-0.74999988
2.47412455,-0.06217146,1.08249519,1.08249519,2.16499038,3.31000018,0.62565684,1.63824892,-0.74999976
2.47345310,-0.07443395,1.07526734,1.07526734,2.15053468,3.30999994,0.60113192,1.63690627,-0.74999982
2.47286683,-0.08648559,1.06819580,1.06819580,2.13639159,3.30999994,0.57702810,1.63573372,-0.74999928
2.47236788,-0.09833604,1.06126944,1.06126944,2.12253888,3.30999970,0.55332780,1.63473606,-0.74999988
2.47195953,-0.10999337,1.05447510,1.05447510,2.10895020,3.30999851,0.53001320,1.63392055,-0.74999994
2.47164565,-0.12146491,1.04780270,1.04780270,2.09560541,3.30999827,0.50706941,1.63329303,-0.74999923
2.47142917,-0.13275868,1.04124149,1.04124149,2.08248298,3.30999851,0.48448139,1.63285983,-0.74999875
2.47131169,-0.14388255,1.03478273,1.03478273,2.06956547,3.30999923,0.46223503,1.63262415,-0.75000012
2.47811645,-0.15000024,1.03677732,1.03677732,2.07355463,3.32363844,0.44999957,1.63259447,-0.75000006
2.49383419,-0.14999979,1.04948359,1.04948359,2.09896717,3.35488963,0.44999966,1.63277876,-0.74999923
2.49659098,-0.15918261,1.04620243,1.04620243,2.09240487,3.35999966,0.43163460,1.63318229,-0.74999982
2.49690700,-0.16999351,1.03987307,1.03987307,2.07974613,3.35999990,0.41001222,1.63381410,-0.74999923
2.49733823,-0.18065977,1.03360107,1.03360107,2.06720213,3.35999846,0.38868064,1.63467801,-0.75000018
2.49789190,-0.19118414,1.02737667,1.02737667,2.05475334,3.35999870,0.36763129,1.63578510,-0.74999958
2.49857002,-0.20157351,1.02119015,1.02119015,2.04238031,3.35999846,0.34685186,1.63714159,-0.74999887
2.49937564,-0.21183264,1.01503544,1.01503544,2.03007088,3.35999942,0.32633430,1.63875186,-0.74999958
2.50031317,-0.22196617,1.00889894,1.00889894,2.01779788,3.35999823,0.30606666,1.64062810,-0.74999899
2.50138694,-0.23197577,1.00277831,1.00277831,2.00555662,3.35999966,0.28604791,1.64277422,-0.74999946
2.50259930,-0.24187003,0.99666011,0.99666011,1.99332023,3.35999966,0.26625988,1.64519894,-0.74999994
2.50395691,-0.25165140,0.99053458,0.99053458,1.98106915,3.35999870,0.24669707,1.64791512,-0.74999988
2.50546532,-0.26132276,0.98439451,0.98439451,1.96878903,3.35999870,0.22735430,1.65093195,-0.74999982
2.50712842,-0.27088869,0.97823121,0.97823121,1.95646243,3.35999942,0.20822233,1.65425742,-0.74999970
2.50894946,-0.28035323,0.97203489,0.97203489,1.94406977,3.35999823,0.18929325,1.65790069,-0.74999970
2.51093530,-0.28971860,0.96579956,0.96579956,1.93159911,3.35999942,0.17056274,1.66187119,-0.74999994
2.51309001,-0.29898879,0.95951284,0.95951284,1.91902568,3.35999870,0.15202181,1.66618133,-0.74999940
2.51541781,-0.30816508,0.95317018,0.95317018,1.90634037,3.35999799,0.13366942,1.67083764,-0.74999958
2.51792639,-0.31725238,0.94676141,0.94676141,1.89352282,3.35999942,0.11549488,1.67585337,-0.74999964
2.52061987,-0.32625362,0.94027585,0.94027585,1.88055169,3.35999918,0.09749281,1.68124056,-0.75000006
2.52350569,-0.33517069,0.93370366,0.93370366,1.86740733,3.35999799,0.07965839,1.68701339,-0.74999976
2.52658981,-0.34400604,0.92703850,0.92703850,1.85407701,3.35999799,0.06198804,1.69318163,-0.75000012
2.52988058,-0.35276150,0.92026849,0.92026849,1.84053697,3.35999870,0.04447645,1.69976246,-0.74999946
2.53338254,-0.36144030,0.91338619,0.91338619,1.82677237,3.35999966,0.02711916,1.70676541,-0.74999976
2.53499943,-0.37101564,0.90869622,0.90869622,1.81739243,3.35999870,0.00991089,1.71000016,-0.75194216
2.53499985,-0.38131746,0.90588498,0.90588498,1.81176996,3.35999942,-0.00714730,1.71000028,-0.75548762
2.53500014,-0.39159077,0.90315922,0.90315922,1.80631844,3.35999870,-0.02406667,1.71000159,-0.75911486
2.53499985,-0.40183243,0.90049801,0.90049801,1.80099601,3.35999823,-0.04089707,1.71000147,-0.76276779
2.54388958,-0.40822436,0.90757569,0.90757569,1.81515139,3.37777781,-0.05000089,1.71000135,-0.76644784
2.55999952,-0.41168331,0.92251954,0.92251954,1.84503907,3.40999794,-0.05315160,1.71000111,-0.77021503
2.56000012,-0.42203441,0.92001338,0.92001338,1.84002676,3.40999842,-0.07000101,1.71000183,-0.77406782
2.55999971,-0.43235925,0.91758912,0.91758912,1.83517824,3.40999866,-0.08671266,1.71000075,-0.77800584
2.56000072,-0.44265787,0.91524292,0.91524292,1.83048585,3.40999985,-0.10328921,1.71000159,-0.78202653
2.56000006,-0.45293254,0.91297242,0.91297242,1.82594485,3.40999889,-0.11973495,1.71000123,-0.78613013
2.56000042,-0.46318144,0.91077644,0.91077644,1.82155288,3.40999913,-0.13604856,1.71000171,-0.79031432
2.55999994,-0.47341001,0.90865107,0.90865107,1.81730214,3.40999770,-0.15223938,1.71000218,-0.79458064
2.56000000,-0.48361713,0.90659792,0.90659792,1.81319583,3.40999889,-0.16830511,1.71000111,-0.79892915
2.56461096,-0.49212474,0.89970455,0.89970455,1.79940910,3.40999913,-0.18424959,1.71922278,-0.79999989
2.57100349,-0.50003719,0.89100586,0.89100586,1.78201171,3.40999913,-0.20007426,1.73200786,-0.80000013
2.57774865,-0.50789030,0.88202519,0.88202519,1.76405038,3.40999889,-0.21578076,1.74549842,-0.79999983
2.58485985,-0.51568439,0.87274896,0.87274896,1.74549793,3.40999961,-0.23136920,1.75972009,-0.79999959
2.58500058,-0.52590669,0.87091913,0.87091913,1.74183826,3.40999937,-0.24684197,1.76000178,-0.80497140
2.58499986,-0.53615618,0.86929694,0.86929694,1.73859387,3.40999866,-0.26219606,1.76000106,-0.81011629
2.58499980,-0.54638861,0.86773072,0.86773072,1.73546145,3.40999794,-0.27743754,1.76000166,-0.81533968
2.58500022,-0.55660276,0.86622076,0.86622076,1.73244153,3.40999818,-0.29256341,1.76000226,-0.82064211
2.58500022,-0.56679966,0.86476560,0.86476560,1.72953120,3.40999818,-0.30757406,1.76000226,-0.82602525
2.58500016,-0.57697989,0.86336561,0.86336561,1.72673122,3.40999961,-0.32246843,1.76000071,-0.83149135
2.58500016,-0.58714434,0.86201548,0.86201548,1.72403096,3.40999842,-0.33724725,1.76000190,-0.83704144
2.58499962,-0.59729393,0.86071896,0.86071896,1.72143792,3.40999794,-0.35190669,1.76000130,-0.84268117
2.58500022,-0.60742937,0.85947517,0.85947517,1.71895034,3.40999866,-0.36644152,1.76000178,-0.84841722
2.59240097,-0.61542648,0.85058343,0.85058343,1.70116686,3.40999961,-0.38085318,1.77480233,-0.84999979
2.60304827,-0.62257311,0.83838622,0.83838622,1.67677243,3.40999842,-0.39514643,1.79609811,-0.84999979
2.62682205,-0.62617771,0.84755619,0.84755619,1.69511239,3.44364238,-0.40000066,1.81000173,-0.85235476
2.63500005,-0.63424099,0.85499507,0.85499507,1.70999014,3.45999956,-0.40975851,1.81000054,-0.85872346
2.63500011,-0.64455191,0.85399180,0.85399180,1.70798360,3.45999861,-0.42391768,1.81000161,-0.86518615
2.63499909,-0.65484719,0.85303471,0.85303471,1.70606941,3.45999789,-0.43794814,1.81000030,-0.87174624
2.63499963,-0.66512684,0.85212158,0.85212158,1.70424316,3.45999789,-0.45184520,1.81000137,-0.87840849
2.63499945,-0.67539222,0.85125001,0.85125001,1.70250001,3.45999789,-0.46562055,1.81000102,-0.88516390
2.63500035,-0.68564363,0.85041882,0.85041882,1.70083764,3.46000028,-0.47927675,1.81000042,-0.89201051
2.63499945,-0.69588032,0.84962275,0.84962275,1.69924549,3.45999861,-0.49281579,1.81000030,-0.89894485
2.64731758,-0.70312229,0.83618894,0.83618894,1.67237788,3.45999908,-0.50624484,1.83463609,-0.89999974
2.65999925,-0.71035838,0.82243540,0.82243540,1.64487080,3.45999813,-0.51956588,1.86000037,-0.90115088
2.66000062,-0.72065234,0.82176263,0.82176263,1.64352527,3.45999932,-0.53278029,1.86000192,-0.90852439
2.65999949,-0.73093328,0.82112189,0.82112189,1.64224378,3.45999861,-0.54588580,1.86000037,-0.91598076
2.65999973,-0.74120120,0.82050909,0.82050909,1.64101818,3.45999932,-0.55889428,1.86000013,-0.92350811
2.66000032,-0.75145683,0.81992059,0.81992059,1.63984117,3.45999837,-0.57181025,1.86000228,-0.93110341
2.65999955,-0.76170114,0.81935910,0.81935910,1.63871820,3.45999813,-0.58463728,1.86000097,-0.93876499
2.66000038,-0.77193201,0.81882073,0.81882073,1.63764146,3.45999908,-0.59737694,1.86000168,-0.94648707
2.66000026,-0.78215447,0.81830439,0.81830439,1.63660878,3.45999908,-0.61003834,1.86000144,-0.95427060
2.66000080,-0.79236677,0.81780889,0.81780889,1.63561778,3.45999980,-0.62262291,1.86000180,-0.96211064
2.66000008,-0.80256956,0.81733269,0.81733269,1.63466538,3.45999908,-0.63513499,1.86000109,-0.97000414
2.65999990,-0.81276288,0.81687498,0.81687498,1.63374995,3.45999908,-0.64757800,1.86000073,-0.97794777
2.68443137,-0.81796962,0.84136837,0.84136837,1.68273673,3.50886273,-0.65000039,1.86000001,-0.98593885
2.68499964,-0.82809654,0.84151010,0.84151010,1.68302019,3.50999904,-0.66221935,1.86000025,-0.99397373
2.69016683,-0.83730397,0.83582027,0.83582027,1.67164054,3.50999951,-0.67460823,1.87033415,-0.99999970
2.70999975,-0.84365344,0.81520512,0.81520512,1.63041023,3.50999928,-0.68693674,1.91000021,-1.00037014
2.70999938,-0.85393041,0.81482169,0.81482169,1.62964337,3.50999784,-0.69921505,1.91000092,-1.00864577
2.71000004,-0.86419729,0.81445193,0.81445193,1.62890385,3.50999904,-0.71144408,1.91000104,-1.01695049
2.70999992,-0.87445459,0.81409175,0.81409175,1.62818350,3.50999784,-0.72362787,1.91000199,-1.02528131
2.70999992,-0.88470277,0.81374381,0.81374381,1.62748763,3.50999856,-0.73576933,1.91000128,-1.03363621
2.71000004,-0.89494211,0.81340571,0.81340571,1.62681142,3.50999951,-0.74787176,1.91000056,-1.04201245
2.71000052,-0.90517274,0.81307498,0.81307498,1.62614996,3.50999928,-0.75993878,1.91000175,-1.05040669
2.70999992,-0.91539529,0.81275266,0.81275266,1.62550533,3.50999808,-0.77197343,1.91000175,-1.05881715
2.70999986,-0.92560968,0.81244011,0.81244011,1.62488021,3.50999951,-0.78397816,1.91000021,-1.06724119
2.71000058,-0.93581421,0.81213247,0.81213247,1.62426493,3.50999951,-0.79595411,1.91000164,-1.07567430
2.70999968,-0.94601330,0.81183219,0.81183219,1.62366438,3.50999880,-0.80790859,1.91000056,-1.08411801
2.71000010,-0.95620480,0.81153683,0.81153683,1.62307367,3.50999808,-0.81984037,1.91000211,-1.09256923
2.71000021,-0.96638898,0.81124994,0.81124994,1.62249988,3.50999999,-0.83175308,1.91000044,-1.10102487
2.70999968,-0.97656622,0.81096562,0.81096562,1.62193124,3.50999880,-0.84365028,1.91000056,-1.10948217
2.70999998,-0.98673630,0.81068603,0.81068603,1.62137207,3.50999856,-0.85553372,1.91000140,-1.11793888
2.70999974,-0.99689952,0.81041140,0.81041140,1.62082280,3.50999856,-0.86740619,1.91000092,-1.12639284
2.70999998,-1.00705582,0.81014034,0.81014034,1.62028068,3.50999880,-0.87926984,1.91000116,-1.13484180
2.71000028,-1.01720331,0.80987297,0.80987297,1.61974593,3.50999928,-0.89112467,1.91000128,-1.14328194
2.71000081,-1.02734598,0.80960820,0.80960820,1.61921639,3.50999951,-0.90297753,1.91000211,-1.15171444
2.70999926,-1.03748223,0.80934692,0.80934692,1.61869383,3.50999832,-0.91482848,1.91000021,-1.16013598
2.71000034,-1.04761130,0.80908818,0.80908818,1.61817636,3.50999975,-0.92667902,1.91000092,-1.16854358
2.71000022,-1.05773384,0.80883055,0.80883055,1.61766111,3.50999880,-0.93853176,1.91000164,-1.17693591
2.70999950,-1.06784955,0.80857535,0.80857535,1.61715070,3.50999761,-0.95038837,1.91000140,-1.18531072
2.70999926,-1.07795832,0.80832272,0.80832272,1.61664544,3.50999761,-0.96225065,1.91000092,-1.19366598
2.70999956,-1.08806017,0.80807246,0.80807246,1.61614492,3.50999880,-0.97412020,1.91000032,-1.20200014
2.70999950,-1.09815303,0.80782219,0.80782219,1.61564438,3.50999784,-0.98599535,1.91000116,-1.21031070
2.71000034,-1.10824064,0.80757444,0.80757444,1.61514888,3.50999880,-0.99788243,1.91000187,-1.21859884
2.71000058,-1.11832112,0.80732785,0.80732785,1.61465571,3.50999928,-1.00978386,1.91000187,-1.22685838
2.71000022,-1.12839430,0.80708250,0.80708250,1.61416501,3.50999928,-1.02170002,1.91000116,-1.23508859
2.70999950,-1.13845992,0.80683835,0.80683835,1.61367669,3.50999904,-1.03363216,1.90999997,-1.24328768
2.71564901,-1.14779097,0.80089843,0.80089843,1.60179687,3.50999880,-1.04558182,1.92129922,-1.25000012
2.76000083,-1.15225423,0.80635129,0.80635129,1.61270259,3.55999947,-1.05123651,1.96000218,-1.25327194
2.75999999,-1.16241807,0.80611083,0.80611083,1.61222165,3.55999970,-1.06334674,1.96000028,-1.26148939
2.76000017,-1.17257541,0.80587039,0.80587039,1.61174078,3.55999994,-1.07548034,1.96000040,-1.26967049
2.75999928,-1.18272436,0.80562991,0.80562991,1.61125982,3.55999780,-1.08763540,1.96000075,-1.27781332
2.75999987,-1.19286841,0.80539186,0.80539186,1.61078371,3.55999827,-1.09981680,1.96000147,-1.28592002
2.76000070,-1.20300573,0.80515503,0.80515503,1.61031005,3.55999899,-1.11202574,1.96000242,-1.29398572
2.76000083,-1.21313625,0.80492076,0.80492076,1.60984153,3.56000018,-1.12426293,1.96000147,-1.30200958
2.76000023,-1.22325986,0.80468630,0.80468630,1.60937259,3.55999899,-1.13653028,1.96000147,-1.30998945
2.76000023,-1.23337603,0.80445316,0.80445316,1.60890631,3.55999804,-1.14882791,1.96000242,-1.31792414
2.76000095,-1.24348468,0.80422359,0.80422359,1.60844718,3.55999947,-1.16115642,1.96000242,-1.32581294
2.75999993,-1.25358581,0.80399532,0.80399532,1.60799064,3.55999827,-1.17351627,1.96000159,-1.33365536
2.75999939,-1.26367694,0.80377069,0.80377069,1.60754138,3.55999851,-1.18590331,1.96000028,-1.34145057
2.76000047,-1.27376169,0.80354728,0.80354728,1.60709455,3.55999851,-1.19832063,1.96000242,-1.34920275
2.76000005,-1.28383809,0.80333010,0.80333010,1.60666021,3.55999994,-1.21076667,1.96000016,-1.35690951
2.76000082,-1.29390562,0.80311401,0.80311401,1.60622802,3.55999994,-1.22324073,1.96000171,-1.36457050
2.76000040,-1.30396443,0.80290159,0.80290159,1.60580318,3.55999851,-1.23574424,1.96000230,-1.37218463
2.75999910,-1.31401420,0.80269523,0.80269523,1.60539046,3.55999780,-1.24827445,1.96000040,-1.37975395
2.75999933,-1.32405430,0.80249266,0.80249266,1.60498532,3.55999756,-1.26083004,1.96000111,-1.38727856
2.76000112,-1.33408469,0.80229615,0.80229615,1.60459229,3.55999970,-1.27341032,1.96000254,-1.39475906
2.75999963,-1.34410357,0.80210569,0.80210569,1.60421138,3.55999899,-1.28601253,1.96000028,-1.40219462
2.76000017,-1.35411394,0.80191897,0.80191897,1.60383793,3.55999804,-1.29863930,1.96000230,-1.40958858
