s,left_x,left_y,right_x,right_y
0.00000000,3.07362258,1.34999924,1.76000065,-0.81309554
0.01000000,3.10317265,1.34999922,1.76000134,-0.80789289
0.02000000,3.10999945,1.31383615,1.76000128,-0.80295781
0.03000000,3.13064140,1.29999966,1.75887644,-0.79999854
0.04000000,3.15999996,1.29931477,1.75588014,-0.79999902
0.05000000,3.15999938,1.25525209,1.75290236,-0.79999908
0.06000000,3.18615179,1.24999957,1.74994553,-0.79999876
0.07000000,3.20999897,1.24124735,1.74701022,-0.79999983
0.08000000,3.20999980,1.19983481,1.74409969,-0.79999851
0.09000000,3.21000000,1.15972465,1.74121409,-0.79999865
0.10000000,3.23233423,1.14999820,1.73835735,-0.79999998
0.11000000,3.25999884,1.14699337,1.73553336,-0.79999988
0.12000000,3.25999974,1.10903279,1.73274459,-0.79999969
0.13000000,3.25999998,1.07216399,1.72999447,-0.79999918
0.14000000,3.25999880,1.03633140,1.72728498,-0.79999918
0.15000001,3.25999975,1.00148689,1.72461988,-0.79999940
0.16000000,3.25999934,0.96758075,1.72200052,-0.79999870
0.17000000,3.25999949,0.93456674,1.71942792,-0.80000004
0.18000001,3.25999982,0.90239877,1.71691051,-0.79999839
0.19000000,3.28678797,0.89999809,1.71444753,-0.79999845
0.20000000,3.30999870,0.89342213,1.71204181,-0.79999971
0.20999999,3.30999849,0.86250866,1.71000179,-0.79968489
0.22000000,3.30999941,0.83231818,1.71000158,-0.79737164
0.23000000,3.30999995,0.80281497,1.71000068,-0.79521709
0.23999999,3.30999838,0.77396651,1.71000036,-0.79321712
0.25000000,3.30999874,0.74574762,1.71000055,-0.79136916
0.25999999,3.30999981,0.71812683,1.71000161,-0.78966770
0.27000001,3.30999918,0.69107511,1.71000140,-0.78811079
0.28000000,3.30999963,0.66457137,1.71000028,-0.78669406
0.28999999,3.30999986,0.63858761,1.71000119,-0.78541355
0.30000001,3.31000003,0.61310144,1.71000178,-0.78426857
0.31000000,3.31000002,0.58809097,1.71000181,-0.78325671
0.31999999,3.30999874,0.56353470,1.71000056,-0.78237560
0.33000001,3.30999939,0.53941603,1.71000172,-0.78162001
0.34000000,3.30999959,0.51571406,1.71000140,-0.78099083
0.34999999,3.30999869,0.49241110,1.71000032,-0.78048450
0.36000001,3.30999817,0.46949150,1.71000073,-0.78009757
0.37000000,3.31398705,0.44999960,1.71000109,-0.77983101
0.38000000,3.34354909,0.44999933,1.71000020,-0.77968180
0.38999999,3.35999902,0.43983778,1.71000151,-0.77964498
0.40000001,3.35999993,0.41763158,1.71000046,-0.77972179
0.41000000,3.35999859,0.39574809,1.71000065,-0.77990768
0.41999999,3.35999892,0.37417733,1.71000168,-0.78020109
0.43000001,3.35999837,0.35290470,1.71000109,-0.78060164
0.44000000,3.35999885,0.33192064,1.71000050,-0.78110670
0.44999999,3.35999876,0.31121261,1.71000137,-0.78171329
0.46000001,3.35999974,0.29077100,1.71000123,-0.78242118
0.47000000,3.35999887,0.27058402,1.71000164,-0.78322780
0.47999999,3.35999845,0.25064433,1.71000024,-0.78413370
0.49000001,3.35999890,0.23094308,1.71000080,-0.78513528
0.50000000,3.35999894,0.21147038,1.71000079,-0.78623072
0.50999999,3.35999996,0.19221855,1.71000129,-0.78741758
0.51999998,3.35999865,0.17317722,1.71000159,-0.78869545
0.52999997,3.35999839,0.15434071,1.71000099,-0.79006301
0.54000002,3.35999981,0.13570179,1.71000136,-0.79151789
0.55000001,3.35999919,0.11725163,1.71000032,-0.79306013
0.56000000,3.35999828,0.09898442,1.71000083,-0.79468609
0.56999999,3.35999914,0.08089520,1.71000073,-0.79639624
0.57999998,3.35999949,0.06297607,1.71000149,-0.79818789
0.58999997,3.35999824,0.04522089,1.71011981,-0.80000013
0.60000002,3.35999896,0.02762590,1.71400591,-0.79999983
0.61000001,3.35999785,0.01018403,1.71819816,-0.79999922
0.62000000,3.35999994,-0.00710668,1.72270758,-0.79999991
0.63000000,3.35999925,-0.02425459,1.72754852,-0.79999998
0.63999999,3.35999919,-0.04126225,1.73272919,-0.79999981
0.64999998,3.37778150,-0.05000022,1.73826570,-0.79999970
0.66000003,3.40999786,-0.05243950,1.74417132,-0.79999983
0.67000002,3.40999977,-0.06948328,1.75046110,-0.80000002
0.68000001,3.40999854,-0.08640017,1.75715233,-0.79999985
0.69000000,3.40999856,-0.10319232,1.76000210,-0.80180282
0.69999999,3.40999872,-0.11986379,1.76000224,-0.80489911
0.70999998,3.40999845,-0.13641826,1.76000116,-0.80805824
0.72000003,3.40999945,-0.15285881,1.76000157,-0.81127861
0.73000002,3.40999992,-0.16918879,1.76000224,-0.81455989
0.74000001,3.40999925,-0.18541086,1.76000130,-0.81790129
0.75000000,3.40999846,-0.20152852,1.76000055,-0.82130246
0.75999999,3.40999857,-0.21754404,1.76000030,-0.82476334
0.76999998,3.40999996,-0.23346007,1.76000195,-0.82828237
0.77999997,3.40999880,-0.24928030,1.76000098,-0.83186125
0.79000002,3.40999812,-0.26500613,1.76000199,-0.83549795
0.80000001,3.40999790,-0.28063944,1.76000200,-0.83919325
0.81000000,3.40999870,-0.29618251,1.76000111,-0.84294666
0.81999999,3.40999956,-0.31163718,1.76000225,-0.84675693
0.82999998,3.40999923,-0.32700524,1.76197310,-0.84999990
0.83999997,3.40999823,-0.34228875,1.77466430,-0.84999975
0.85000002,3.40999935,-0.35748882,1.78811285,-0.84999998
0.86000001,3.40999953,-0.37260766,1.80236206,-0.84999956
0.87000000,3.40999888,-0.38764638,1.81000058,-0.85216344
0.88000000,3.41917796,-0.40000070,1.81000235,-0.85664986
0.88999999,3.45999854,-0.40362063,1.81000160,-0.86119229
0.89999998,3.45999887,-0.41874283,1.81000043,-0.86579072
0.91000003,3.45999933,-0.43378407,1.81000201,-0.87044449
0.92000002,3.45999879,-0.44874323,1.81000183,-0.87515856
0.93000001,3.45999945,-0.46362111,1.81000245,-0.87993224
0.94000000,3.45999872,-0.47841986,1.81000096,-0.88476610
0.94999999,3.45999850,-0.49313903,1.81000235,-0.88966008
0.95999998,3.45999806,-0.50777902,1.81000168,-0.89461635
0.97000003,3.45999941,-0.52233939,1.81000143,-0.89963576
0.98000002,3.45999975,-0.53682078,1.83116943,-0.89999995
0.99000001,3.45999837,-0.55122254,1.85540828,-0.89999986
1.00000000,3.45999823,-0.56554779,1.86000213,-0.90449071
1.00999999,3.45999902,-0.57974259,1.86000084,-0.91010139
1.01999998,3.45999943,-0.59385699,1.86000058,-0.91577827
1.02999997,3.45999853,-0.60789223,1.86000048,-0.92152116
1.03999996,3.45999818,-0.62184938,1.86000022,-0.92732948
1.04999995,3.45999797,-0.63572941,1.86000182,-0.93320267
1.05999994,3.45999807,-0.64953388,1.86000089,-0.93914093
1.07000005,3.50999865,-0.65445547,1.86000115,-0.94514265
1.08000004,3.50999989,-0.66834627,1.86000086,-0.95121149
1.09000003,3.51000007,-0.68215780,1.86000026,-0.95734662
1.10000002,3.50999928,-0.69589580,1.86000081,-0.96354251
1.11000001,3.50999955,-0.70956142,1.86000020,-0.96979846
1.12000000,3.51000000,-0.72315711,1.86000223,-0.97611191
1.13000000,3.50999835,-0.73668441,1.86000052,-0.98248333
1.13999999,3.50999848,-0.75014421,1.86000192,-0.98891049
1.14999998,3.50999966,-0.76353819,1.86000140,-0.99539282
1.15999997,3.50999821,-0.77686483,1.87416992,-1.00000000
1.16999996,3.50999965,-0.79012643,1.91000232,-1.00190888
1.17999995,3.50999990,-0.80332784,1.91000095,-1.00875243
1.19000006,3.50999969,-0.81647051,1.91000008,-1.01564176
1.20000005,3.50999904,-0.82955603,1.91000049,-1.02257501
1.21000004,3.50999837,-0.84258607,1.91000129,-1.02955102
1.22000003,3.50999844,-0.85556245,1.91000178,-1.03656809
1.23000002,3.50999908,-0.86848659,1.91000047,-1.04362543
1.24000001,3.50999848,-0.88136053,1.91000140,-1.05072087
1.25000000,3.50999926,-0.89418555,1.91000135,-1.05785347
1.25999999,3.50999945,-0.90696366,1.91000179,-1.06502171
1.26999998,3.50999848,-0.91969576,1.91000144,-1.07222470
1.27999997,3.50999967,-0.93238217,1.91000235,-1.07946247
1.28999996,3.50999772,-0.94502693,1.91000072,-1.08673135
1.29999995,3.50999799,-0.95763122,1.91000056,-1.09402999
1.30999994,3.50999786,-0.97019681,1.91000107,-1.10135704
1.32000005,3.50999967,-0.98272496,1.91000101,-1.10871129
1.33000004,3.50999882,-0.99521742,1.91000011,-1.11609155
1.34000003,3.50999986,-1.00767542,1.91000188,-1.12349629
1.35000002,3.50999786,-1.02010048,1.91000086,-1.13092493
1.36000001,3.50999786,-1.03249387,1.91000149,-1.13837589
1.37000000,3.50999940,-1.04485682,1.91000227,-1.14584795
1.38000000,3.55999781,-1.05418649,1.91000075,-1.15334039
1.38999999,3.55999895,-1.06664274,1.91000066,-1.16085180
1.39999998,3.55999798,-1.07907120,1.91000117,-1.16838133
1.40999997,3.55999988,-1.09147283,1.91000165,-1.17592804
1.41999996,3.55999962,-1.10384931,1.91000157,-1.18349098
1.42999995,3.55999883,-1.11620168,1.91000212,-1.19106886
1.44000006,3.55999782,-1.12853118,1.91000074,-1.19866154
1.45000005,3.55999855,-1.14083872,1.91000131,-1.20626731
1.46000004,3.55999799,-1.15312561,1.91000065,-1.21388581
1.47000003,3.55999838,-1.16539280,1.91000045,-1.22151613
1.48000002,3.55999942,-1.17764146,1.91000014,-1.22915738
1.49000001,3.55999825,-1.18987261,1.91000162,-1.23680902
1.50000000,3.55999928,-1.20208647,1.91000160,-1.24447106
1.50999999,3.55999951,-1.21428395,1.96000073,-1.25099562
1.51999998,3.55999882,-1.22646674,1.96000102,-1.25881210
1.52999997,3.55999902,-1.23863575,1.96000233,-1.26663570
1.53999996,3.55999964,-1.25079207,1.96000140,-1.27446546
1.54999995,3.55999793,-1.26293657,1.96000038,-1.28230102
1.55999994,3.55999784,-1.27506993,1.96000047,-1.29014215
1.57000005,3.55999959,-1.28719316,1.96000185,-1.29798797
1.58000004,3.55999945,-1.29930686,1.96000047,-1.30583797
1.59000003,3.55999961,-1.31141207,1.96000121,-1.31369186
1.60000002,3.55999968,-1.32350950,1.96000090,-1.32154905
1.61000001,3.55999912,-1.33559975,1.96000130,-1.32940924
1.62000000,3.55999953,-1.34768384,1.96000175,-1.33727177
1.63000000,3.55999817,-1.35976231,1.96000153,-1.34513666
1.63999999,3.55999895,-1.37183464,1.96000231,-1.35300460
1.64999998,3.55999921,-1.38390229,1.96000140,-1.36087421
1.65999997,3.55999855,-1.39596659,1.96000064,-1.36874499
1.66999996,3.55999819,-1.40802817,1.96000128,-1.37661629
1.67999995,3.55999785,-1.42008786,1.96000086,-1.38448783
1.69000006,3.55999959,-1.43214647,1.96000103,-1.39235931
1.70000005,3.55999979,-1.44420434,1.96000084,-1.40023046
1.71000004,3.55999829,-1.45626188,1.96000027,-1.40810077
1.72000003,3.55999890,-1.46832021,1.96000057,-1.41597023
1.73000002,3.55999911,-1.48037969,1.96000177,-1.42383859
1.74000001,3.55999782,-1.49243912,1.96000255,-1.43170724
1.75000000,3.60999965,-1.50653016,1.96000016,-1.43957399
1.75999999,3.60999812,-1.51872661,1.96000178,-1.44743861
1.76999998,3.60999994,-1.53092718,1.96000123,-1.45530109
1.77999997,3.60999994,-1.54313200,1.96000076,-1.46316096
1.78999996,3.60999759,-1.55534217,1.96000254,-1.47101773
1.79999995,3.60999919,-1.56755838,1.96000061,-1.47887158
1.80999994,3.60999912,-1.57978073,1.96000163,-1.48672232
1.82000005,3.60999922,-1.59200980,1.96000029,-1.49457021
1.83000004,3.60999931,-1.60424504,1.96000132,-1.50241543
1.84000003,3.60999837,-1.61648860,1.96000159,-1.51025673
1.85000002,3.60999775,-1.62874093,1.96000233,-1.51809404
1.86000001,3.60999868,-1.64100295,1.96000041,-1.52592705
1.87000000,3.60999878,-1.65327502,1.96000052,-1.53375566
1.88000000,3.60999994,-1.66555741,1.96000032,-1.54157973
1.88999999,3.60999908,-1.67785095,1.96000125,-1.54939926
1.89999998,3.60999768,-1.69015600,1.96000045,-1.55721381
1.90999997,3.60999796,-1.70247243,1.96000253,-1.56502444
1.91999996,3.60999925,-1.71480214,1.96000216,-1.57282957
1.92999995,3.60999810,-1.72714515,1.96000133,-1.58062911
1.94000006,3.60999896,-1.73950260,1.96000182,-1.58842322
1.95000005,3.60999847,-1.75187460,1.96000071,-1.59621134
1.96000004,3.60999854,-1.76426198,1.96000029,-1.60399357
1.97000003,3.60999871,-1.77666537,1.96000238,-1.61176999
1.98000002,3.60999787,-1.78908544,1.96000178,-1.61953974
1.99000001,3.60999853,-1.80152175,1.96000066,-1.62730395
2.00000000,3.60999943,-1.81397634,1.96000082,-1.63506145
2.00999999,3.60999767,-1.82644897,1.96000201,-1.64281250
2.01999998,3.60999977,-1.83894134,1.96000149,-1.65055604
2.02999997,3.60999815,-1.85145292,1.96000137,-1.65829286
2.03999996,3.60999908,-1.86398543,1.96000121,-1.66602246
2.04999995,3.60999996,-1.87653879,1.96000099,-1.67374476
2.05999994,3.60999970,-1.88911387,1.96000250,-1.68145960
2.06999993,3.60999798,-1.90171099,1.96000064,-1.68916668
2.07999992,3.60999897,-1.91433151,1.96000042,-1.69686608
2.08999991,3.60999963,-1.92697606,1.92619313,-1.70000027
2.09999990,3.60999932,-1.93964515,1.91000189,-1.70534993
2.10999990,3.60999764,-1.95233927,1.91000094,-1.71287272
2.11999989,3.60999997,-1.96506016,1.91000007,-1.72038590
2.13000011,3.60999969,-1.97780791,1.91000040,-1.72788963
2.14000010,3.60999979,-1.99058306,1.91000017,-1.73538336
2.15000010,3.65999979,-2.01104878,1.91000223,-1.74286738
2.16000009,3.65999798,-2.02403854,1.91000207,-1.75034093
2.17000008,3.65999834,-2.03705892,1.91000052,-1.75780459
2.18000007,3.65999766,-2.05010972,1.91000161,-1.76525927
2.19000006,3.65999927,-2.06319204,1.91000209,-1.77270474
2.20000005,3.65999807,-2.07630481,1.91000159,-1.78014156
2.21000004,3.65999866,-2.08944944,1.91000044,-1.78757012
2.22000003,3.65999818,-2.10262565,1.91000122,-1.79499102
2.23000002,3.65999762,-2.11583355,1.91000220,-1.80240475
2.24000001,3.65999869,-2.12907368,1.91000090,-1.80981128
2.25000000,3.65999909,-2.14234577,1.91000014,-1.81721166
2.25999999,3.65999904,-2.15564991,1.91000004,-1.82460656
2.26999998,3.65999834,-2.16898595,1.91000083,-1.83199664
2.27999997,3.65999930,-2.18235479,1.91000033,-1.83938202
2.28999996,3.65999968,-2.19575576,1.91000101,-1.84676389
2.29999995,3.65999925,-2.20918910,1.88958660,-1.85000057
2.30999994,3.65999798,-2.22265466,1.86000104,-1.85120014
2.31999993,3.65999844,-2.23615314,1.86000067,-1.85839944
2.32999992,3.65999819,-2.24968413,1.86000090,-1.86559607
2.33999991,3.65999949,-2.26324819,1.86000143,-1.87279145
2.34999990,3.65999971,-2.27684478,1.86000213,-1.87998612
2.35999990,3.65999908,-2.29047415,1.86000146,-1.88717984
2.36999989,3.65999996,-2.30413666,1.86000141,-1.89437425
2.38000011,3.65999959,-2.31783213,1.85321582,-1.90000066
2.39000010,3.65999812,-2.33156009,1.82267955,-1.90000025
2.40000010,3.65999801,-2.34532147,1.81000040,-1.90403921
2.41000009,3.65999922,-2.35911628,1.81000056,-1.91105863
2.42000008,3.65999915,-2.37294395,1.81000246,-1.91808133
2.43000007,3.65999770,-2.38680452,1.81000134,-1.92510698
2.44000006,3.65999973,-2.40069920,1.81000239,-1.93213723
2.45000005,3.65999789,-2.41462614,1.81000033,-1.93917192
2.46000004,3.65999935,-2.42858714,1.81000014,-1.94621268
2.47000003,3.65999947,-2.44258093,1.81000197,-1.95326057
2.48000002,3.70999965,-2.47002159,1.81000048,-1.96031497
2.49000001,3.70999842,-2.48427096,1.81000095,-1.96737768
2.50000000,3.70999938,-2.49855463,1.81000086,-1.97444882
2.50999999,3.70999804,-2.51287138,1.81000242,-1.98152986
2.51999998,3.70999867,-2.52722290,1.81000082,-1.98862041
2.52999997,3.70999954,-2.54160801,1.81000075,-1.99572181
2.53999996,3.70999954,-2.55602644,1.80026438,-2.00000047
2.54999995,3.70999929,-2.57047877,1.77623993,-2.00000075
2.55999994,3.70999896,-2.58496438,1.76000082,-2.00215560
2.56999993,3.70999836,-2.59948353,1.76000039,-2.00911391
2.57999992,3.70999928,-2.61403632,1.76000110,-2.01608694
2.58999991,3.70999991,-2.62862216,1.76000119,-2.02307426
2.59999990,3.70999785,-2.64324045,1.76000017,-2.03007698
2.60999990,3.70999789,-2.65789228,1.76000025,-2.03709644
2.61999989,3.70999944,-2.67257747,1.76000097,-2.04413316
2.63000011,3.70999829,-2.68729512,1.76000238,-2.05118826
2.64000010,3.70999879,-2.70204505,1.76000183,-2.05826089
2.65000010,3.70999903,-2.71682713,1.76000137,-2.06535334
2.66000009,3.70999887,-2.73164170,1.76000115,-2.07246565
2.67000008,3.70999807,-2.74648755,1.76000020,-2.07959894
2.68000007,3.70999930,-2.76136599,1.76000147,-2.08675434
2.69000006,3.71000002,-2.77627556,1.76000154,-2.09393182
2.70000005,3.70999793,-2.79121572,1.75680345,-2.10000088
2.71000004,3.70999813,-2.80618735,1.73665033,-2.10000070
2.72000003,3.70999995,-2.82119037,1.71687259,-2.10000066
2.73000002,3.70999935,-2.83622327,1.71000156,-2.10459032
2.74000001,3.70652026,-2.84999980,1.71000016,-2.11169159
2.75000000,3.66617905,-2.84999997,1.71000112,-2.11882067
2.75999999,3.62660777,-2.84999937,1.71000202,-2.12597690
2.76999998,3.58778966,-2.85000021,1.71000234,-2.13316155
2.77999997,3.54969577,-2.84999970,1.71000190,-2.14037476
2.78999996,3.51230775,-2.84999962,1.71000197,-2.14761806
2.79999995,3.50999795,-2.86354019,1.69757876,-2.15000101
2.80999994,3.50999776,-2.87800879,1.67933204,-2.15000075
2.81999993,3.50999785,-2.89250515,1.66136851,-2.15000090
2.82999992,3.49266887,-2.89999996,1.66000143,-2.15662294
2.83999991,3.45999867,-2.90110070,1.66000024,-2.16382737
2.84999990,3.45999861,-2.91547989,1.66000026,-2.17106666
2.85999990,3.45999984,-2.92988604,1.66000112,-2.17834198
2.86999989,3.45999824,-2.94431695,1.66000020,-2.18565225
2.88000011,3.43937238,-2.94999994,1.66000129,-2.19300046
2.89000010,3.40999983,-2.95178990,1.66000023,-2.20038449
2.90000010,3.40999900,-2.96610073,1.66000045,-2.20780741
2.91000009,3.40999854,-2.98043699,1.66000194,-2.21526959
2.92000008,3.40999790,-2.99479800,1.66000134,-2.22277000
2.93000007,3.38936381,-2.99999979,1.66000082,-2.23031044
2.94000006,3.35999931,-3.00114479,1.66000208,-2.23789235
2.95000005,3.35999797,-3.01538239,1.66000037,-2.24551443
2.96000004,3.35999996,-3.02964501,1.65304177,-2.25000110
2.97000003,3.35999885,-3.04392931,1.63636706,-2.25000087
2.98000002,3.34226565,-3.05000003,1.61987626,-2.25000088
2.99000001,3.31181154,-3.04999931,1.61000023,-2.25301595
3.00000000,3.30999898,-3.06331012,1.61000098,-2.26066368
3.00999999,3.30999960,-3.07749173,1.61000038,-2.26835631
3.01999998,3.30999823,-3.09169397,1.61000201,-2.27609674
3.02999997,3.29775944,-3.09999962,1.61000188,-2.28388296
3.03999996,3.26862545,-3.09999962,1.61000067,-2.29171617
3.04999995,3.25999842,-3.10987143,1.61000072,-2.29959794
3.05999994,3.25999994,-3.12396837,1.61000132,-2.30752873
3.06999993,3.25999872,-3.13808313,1.61000013,-2.31550749
3.07999992,3.25558310,-3.14999999,1.61000048,-2.32353662
3.08999991,3.22763943,-3.14999959,1.61000200,-2.33161666
3.09999990,3.21000000,-3.15506308,1.61000010,-2.33974550
3.10999990,3.21000003,-3.16906893,1.61000074,-2.34792660
3.11999989,3.20999826,-3.18309076,1.59808527,-2.35000095
3.13000011,3.20999908,-3.19713153,1.58224726,-2.35000033
3.14000010,3.18864615,-3.19999926,1.56652858,-2.35000072
3.15000010,3.16211356,-3.19999924,1.56000157,-2.35479129
3.16000009,3.15999847,-3.21279616,1.56000144,-2.36305487
3.17000008,3.15999848,-3.22672592,1.56000171,-2.37137188
3.18000007,3.15999973,-3.24067233,1.56000160,-2.37974229
3.19000006,3.15999994,-3.25463442,1.56000097,-2.38816568
3.20000005,3.15999966,-3.26861185,1.56000169,-2.39664341
3.21000004,3.15999883,-3.28260406,1.56000094,-2.40517426
3.22000003,3.15999798,-3.29661052,1.56000073,-2.41375926
3.23000002,3.14084597,-3.29999974,1.56000127,-2.42239843
3.24000001,3.11583014,-3.29999969,1.56000022,-2.43109083
3.25000000,3.10999792,-3.31062491,1.56000194,-2.43983870
3.25999999,3.10999964,-3.32452203,1.56000031,-2.44863889
3.26999998,3.10999928,-3.33843140,1.54681618,-2.45000110
3.27999997,3.10588154,-3.35000020,1.53130220,-2.45000059
3.28999996,3.08165990,-3.34999935,1.51586800,-2.45000110
3.29999995,3.05999894,-3.35133637,1.51000142,-2.45548869
3.30999994,3.05999856,-3.36513583,1.51000140,-2.46440388
3.31999993,3.05999909,-3.37894801,1.51000025,-2.47337462
3.32999992,3.05999901,-3.39277097,1.51000205,-2.48240270
3.33999991,3.04881267,-3.40000018,1.51000107,-2.49148500
3.34999990,3.02554080,-3.39999940,1.50895174,-2.50000121
3.35999990,3.00999959,-3.40447959,1.49353935,-2.50000071
3.36999989,3.00999897,-3.41819207,1.47818797,-2.50000079
3.38000011,3.00999910,-3.43191477,1.46289282,-2.50000100
3.39000010,3.00999813,-3.44564535,1.46000101,-2.50747641
3.40000010,2.99456530,-3.44999904,1.46000109,-2.51675126
3.41000009,2.97213888,-3.44999927,1.46000118,-2.52608331
3.42000008,2.95999869,-3.45619411,1.46000097,-2.53547298
3.43000007,2.95999921,-3.46981437,1.46000086,-2.54491976
3.44000006,2.96000009,-3.48344144,1.45285874,-2.55000078
3.45000005,2.96000013,-3.49707358,1.43751920,-2.55000124
3.46000004,2.96000002,-3.51071017,1.42221655,-2.55000061
3.47000003,2.95999895,-3.52434970,1.41000110,-2.55191479
3.48000002,2.95999954,-3.53799262,1.41000193,-2.56152084
3.49000001,2.95741113,-3.54999961,1.41000068,-2.57118584
3.50000000,2.93593799,-3.55000013,1.41000192,-2.58091221
3.50999999,2.91463312,-3.55000008,1.41000143,-2.59069798
3.51999998,2.90999978,-3.56056449,1.41000166,-2.60054410
3.52999997,2.90999985,-3.57408211,1.41000008,-2.61045009
3.53999996,2.90999898,-3.58759591,1.41000188,-2.62041852
3.54999995,2.90828754,-3.59999935,1.41000011,-2.63044531
3.55999994,2.88749533,-3.59999913,1.41000007,-2.64053342
3.56999993,2.86685751,-3.60000023,1.40895391,-2.65000053
3.57999992,2.85999926,-3.60891333,1.39334413,-2.65000155
3.58999991,2.85999980,-3.62228936,1.37774018,-2.65000029
3.59999990,2.85999817,-3.63565589,1.36214568,-2.65000069
3.60999990,2.85999947,-3.64901486,1.36000178,-2.65887728
3.61999989,2.84132733,-3.64999949,1.36000079,-2.66922667
3.63000011,2.82130007,-3.65000012,1.36000149,-2.67963993
3.64000010,2.80999879,-3.65572236,1.36000067,-2.69011411
3.65000010,2.80999952,-3.66893715,1.35902798,-2.70000092
3.66000009,2.80999908,-3.68213734,1.34320184,-2.70000054
3.67000008,2.80999911,-3.69532237,1.32736615,-2.70000021
3.68000007,2.80999989,-3.70849150,1.31151985,-2.70000118
3.69000006,2.80999945,-3.72164129,1.31000170,-2.70968012
3.70000005,2.81000008,-3.73477207,1.31000154,-2.72044364
3.71000004,2.80999961,-3.74788090,1.31000115,-2.73127027
3.72000003,2.79385169,-3.74999951,1.31000036,-2.74215939
3.73000002,2.77469252,-3.74999877,1.31000029,-2.75311108
3.74000001,2.75999840,-3.75296605,1.31000084,-2.76412516
3.75000000,2.75999925,-3.76591090,1.31000080,-2.77520064
3.75999999,2.75999907,-3.77882864,1.31000035,-2.78633677
3.76999998,2.75999894,-3.79171864,1.31000019,-2.79753352
3.77999997,2.75999829,-3.80457907,1.29720133,-2.80000076
3.78999996,2.75999828,-3.81740882,1.28076718,-2.80000085
3.79999995,2.76000004,-3.83020694,1.26429346,-2.80000091
3.80999994,2.75999844,-3.84296919,1.26000076,-2.80843195
3.81999993,2.75174817,-3.84999906,1.26000009,-2.81988025
3.82999992,2.73340371,-3.85000024,1.26000170,-2.83138999
3.83999991,2.71515005,-3.84999947,1.26000043,-2.84295709
3.84999990,2.70999956,-3.85901241,1.25338382,-2.85000025
3.85999990,2.70999953,-3.87155076,1.23653634,-2.85000083
3.86999989,2.70999986,-3.88404867,1.21962961,-2.85000048
3.88000011,2.70999981,-3.89650438,1.21000083,-2.85509554
3.89000010,2.69716353,-3.89999943,1.21000111,-2.86692988
3.90000010,2.67937526,-3.89999926,1.21000116,-2.87882216
3.91000009,2.66166557,-3.89999909,1.21000145,-2.89077169
3.92000008,2.65999931,-3.91110237,1.20600997,-2.90000144
3.93000007,2.65999832,-3.92331663,1.18866820,-2.90000031
3.94000006,2.65999809,-3.93548295,1.17125139,-2.90000026
3.95000005,2.65999954,-3.94760069,1.16000004,-2.90434450
3.96000004,2.65999816,-3.95966501,1.16000166,-2.91657110
3.97000003,2.65999857,-3.97167736,1.16000071,-2.92885064
3.98000002,2.65999804,-3.98363484,1.16000040,-2.94118421
3.99000001,2.65999972,-3.99553759,1.15486244,-2.95000136
4.00000000,2.64936762,-3.99999999,1.13694410,-2.95000103
4.01000023,2.63237212,-3.99999894,1.11892861,-2.95000091
4.01999998,2.61543946,-3.99999936,1.11000097,-2.95637027
4.03000021,2.60999824,-4.00792036,1.11000091,-2.96898551
4.03999996,2.60999851,-4.01955317,1.11000191,-2.98165088
4.05000019,2.60999885,-4.03112544,1.11000022,-2.99436373
4.05999994,2.60999915,-4.04263426,1.09968039,-3.00000049
4.07000017,2.60999965,-4.05407986,1.08109028,-3.00000082
4.07999992,2.60999982,-4.06545914,1.06238102,-3.00000069
4.09000015,2.60999821,-4.07677092,1.06000099,-3.01131103
4.09999990,2.60999825,-4.08801519,1.06000144,-3.02430528
4.11000013,2.60999989,-4.09919185,1.06000178,-3.03734481
4.11999989,2.60999987,-4.11029419,1.05937854,-3.05000167
4.13000011,2.60999947,-4.12132465,1.04014362,-3.05000144
4.13999987,2.60999993,-4.13228231,1.02077040,-3.05000139
4.15000010,2.60999971,-4.14316538,1.01000062,-3.05594620
4.15999985,2.60413983,-4.14999960,1.01000118,-3.06926586
4.17000008,2.58825905,-4.15000026,1.01000117,-3.08262505
4.17999983,2.57241162,-4.14999952,1.01000017,-3.09602069
4.19000006,2.55999933,-4.15228980,0.99594926,-3.10000060
4.19999981,2.55999975,-4.16287689,0.97583801,-3.10000087
4.21000004,2.56000006,-4.17338685,0.96000073,-3.10297260
4.21999979,2.55999963,-4.18381757,0.96000177,-3.11660518
4.23000002,2.55999853,-4.19416902,0.96000165,-3.13027168
4.23999977,2.55999972,-4.20444141,0.96000048,-3.14396858
4.25000000,2.55999929,-4.21463212,0.96000099,-3.15769726
4.26000023,2.55999812,-4.22474093,0.96000067,-3.17145433
4.26999998,2.55999928,-4.23476678,0.96000062,-3.18523904
4.28000021,2.55999968,-4.24470676,0.96000080,-3.19905209
4.28999996,2.55999896,-4.25456118,0.94020507,-3.20000073
4.30000019,2.55999953,-4.26433160,0.91875475,-3.20000092
4.30999994,2.55999998,-4.27401546,0.91000009,-3.20833525
4.32000017,2.55999863,-4.28361161,0.91000098,-3.22237102
4.32999992,2.56000004,-4.29312132,0.91000042,-3.23642690
4.34000015,2.55999878,-4.30254068,0.90921026,-3.25000042
4.34999990,2.55999938,-4.31187158,0.88699832,-3.25000049
4.36000013,2.56000006,-4.32111220,0.86455072,-3.25000126
4.36999989,2.55999961,-4.33026021,0.86000115,-3.26140857
4.38000011,2.55999993,-4.33931667,0.86000091,-3.27570888
4.38999987,2.55999823,-4.34827776,0.86000021,-3.29002652
4.40000010,2.55999998,-4.35714337,0.85295378,-3.30000145
4.40999985,2.55999837,-4.36591075,0.82961471,-3.30000119
4.42000008,2.55999960,-4.37458403,0.81000136,-3.30245501
4.42999983,2.55999837,-4.38315731,0.81000127,-3.31700653
4.44000006,2.55999887,-4.39163392,0.81000059,-3.33157418
4.44999981,2.55999995,-4.40001086,0.81000167,-3.34615664
4.46000004,2.55999815,-4.40828605,0.79203775,-3.35000024
4.46999979,2.55999887,-4.41646034,0.76737136,-3.35000024
4.48000002,2.55999818,-4.42453145,0.76000047,-3.36042433
4.48999977,2.55999912,-4.43249941,0.76000029,-3.37524706
4.50000000,2.55999811,-4.44036103,0.76000038,-3.39008477
4.51000023,2.55999822,-4.44811746,0.76000069,-3.40493614
4.51999998,2.55999805,-4.45576558,0.76000056,-3.41979933
4.53000021,2.55999817,-4.46330548,0.76000060,-3.43467580
4.53999996,2.55999942,-4.47073569,0.76000086,-3.44956323
4.55000019,2.55999837,-4.47805248,0.73431833,-3.45000130
4.55999994,2.55999870,-4.48525518,0.71000156,-3.45143449
4.57000017,2.55999990,-4.49234437,0.71000056,-3.46657427
4.57999992,2.55999884,-4.49931612,0.71000175,-3.48172808
4.59000015,2.55999947,-4.50617262,0.71000154,-3.49689488
4.59999990,2.55999915,-4.51290921,0.68768480,-3.50000060
4.61000013,2.56000011,-4.51952650,0.66000075,-3.50044780
4.61999989,2.55999897,-4.52602067,0.66000016,-3.51588640
4.63000011,2.56000010,-4.53239269,0.66000215,-3.53134341
4.63999987,2.56000009,-4.53863857,0.66000027,-3.54681306
4.65000010,2.55999956,-4.54475725,0.63621382,-3.55000071
4.65999985,2.55999886,-4.55074675,0.61000159,-3.55219929
4.67000008,2.55999829,-4.55660642,0.61000018,-3.56797137
4.67999983,2.55999843,-4.56233322,0.61000105,-3.58376348
4.69000006,2.55999981,-4.56792644,0.61000106,-3.59957545
4.69999981,2.55999801,-4.57338143,0.57864235,-3.60000120
4.71000004,2.56000008,-4.57870001,0.56000194,-3.60696570
4.71999979,2.55999788,-4.58387560,0.56000082,-3.62311059
4.73000002,2.55999961,-4.58891084,0.56000088,-3.63928105
4.73999977,2.55999881,-4.59379609,0.54832380,-3.65000099
4.75000000,2.55999796,-4.59853482,0.51316749,-3.65000073
4.76000023,2.60999890,-4.62600438,0.51000217,-3.66507562
4.76999998,2.60999874,-4.63014677,0.51000025,-3.68164523
4.78000021,2.60999853,-4.63413269,0.51000162,-3.69824773
4.78999996,2.60999806,-4.63795887,0.47615233,-3.70000019
4.80000019,2.60999911,-4.64162516,0.46000024,-3.70987232
4.80999994,2.60999855,-4.64512789,0.46000018,-3.72687838
4.82000017,2.60999787,-4.64846682,0.46000036,-3.74392090
4.82999992,2.60999871,-4.65164074,0.43345379,-3.75000043
4.84000015,2.60999953,-4.65464831,0.41000121,-3.75772517
4.84999990,2.60999942,-4.65748709,0.41000147,-3.77520294
4.86000013,2.60999988,-4.66014936,0.41000054,-3.79272820
4.86999989,2.60999973,-4.66264541,0.38344904,-3.80000068
4.88000011,2.60999808,-4.66497830,0.36000129,-3.80885458
4.88999987,2.60999925,-4.66715245,0.36000137,-3.82682519
4.90000010,2.60999808,-4.66916914,0.36000164,-3.84482561
4.90999985,2.60999863,-4.67103241,0.32422332,-3.85000075
4.92000008,2.60999817,-4.67274500,0.31000067,-3.86330604
4.92999983,2.60999858,-4.67430905,0.31000099,-3.88174318
4.94000006,2.60999816,-4.67572416,0.30938964,-3.90000068
4.94999981,2.60999830,-4.67699440,0.26000073,-3.90220623
4.96000004,2.60999964,-4.67812682,0.26000065,-3.92108528
4.96999979,2.60999960,-4.67912234,0.26000065,-3.93998067
4.98000002,2.60999771,-4.67998396,0.23102339,-3.95000056
4.98999977,2.60999836,-4.68071525,0.21000243,-3.96286178
5.00000000,2.60999913,-4.68131820,0.21000203,-3.98218931
5.01000023,2.60999931,-4.68179417,0.20460641,-4.00000069
5.01999998,2.60999900,-4.68214547,0.13421257,-4.00000065
5.03000021,2.60999790,-4.68237407,0.11000021,-4.01349169
5.03999996,2.60999858,-4.68248104,0.11000046,-4.03367089
5.05000019,2.60999840,-4.68246716,0.09462411,-4.05000077
5.05999994,2.60999907,-4.68233671,0.06000038,-4.06191162
5.07000017,2.60999817,-4.68208984,0.06000242,-4.08254622
5.07999992,2.60999812,-4.68172847,0.04591713,-4.10000048
5.09000015,2.60999886,-4.68125421,-0.04917145,-4.10000031
5.09999990,2.60999767,-4.68066679,-0.08999819,-4.11301115
5.11000013,2.60999940,-4.67996886,-0.08999888,-4.13497269
5.11999989,2.60999771,-4.67915952,-0.12597517,-4.15000041
5.13000011,2.60999874,-4.67824110,-0.23999825,-4.15123487
5.13999987,2.60999792,-4.67721292,-0.23999876,-4.17455532
5.15000010,2.60999957,-4.67607660,-0.23999787,-4.19791292
5.15999985,2.60999931,-4.67483183,-0.23999813,-4.22130598
5.17000008,2.60999846,-4.67347892,-0.18999928,-4.25225911
5.17999983,2.60999777,-4.67201927,-0.18999761,-4.27529191
5.19000006,2.60999864,-4.67045231,-0.18999791,-4.29836294
5.19999981,2.60999888,-4.66877907,-0.18999886,-4.32147258
5.21000004,2.60999786,-4.66699908,-0.18999891,-4.34462434
5.21999979,2.60999801,-4.66511245,-0.18999801,-4.36781711
5.23000002,2.60999915,-4.66312015,-0.18999780,-4.39105551
5.23999977,2.60999870,-4.66102213,-0.18999792,-4.41433918
5.25000000,2.60999909,-4.65881796,-0.18999955,-4.43767174
5.26000023,2.60999777,-4.65650831,-0.13999975,-4.46454471
5.26999998,2.60999971,-4.65409371,-0.13999891,-4.48751744
5.28000021,2.60999940,-4.65157432,-0.13999989,-4.51054323
5.28999996,2.60999779,-4.64894970,-0.13999946,-4.53362161
5.30000019,2.60999759,-4.64622026,-0.13999775,-4.55675741
5.30999994,2.60999901,-4.64338632,-0.13999934,-4.57995045
5.32000017,2.60999968,-4.64044706,-0.13999944,-4.60320508
5.32999992,2.60999797,-4.63740239,-0.13999773,-4.62652285
5.34000015,2.60999842,-4.63425365,-0.13999860,-4.64990791
5.34999990,2.60999964,-4.63100093,-0.13999886,-4.67335992
5.36000013,2.60999939,-4.62764403,-0.13999830,-4.69688388
5.36999989,2.60999834,-4.62418396,-0.13999842,-4.72048078
5.38000011,2.60999952,-4.62062061,-0.13999825,-4.74415562
5.38999987,2.60999889,-4.61695462,-0.13999912,-4.76790926
5.40000010,2.60999970,-4.61318710,-0.13999796,-4.79174748
5.40999985,2.60999816,-4.60931806,-0.13999785,-4.81567070
5.42000008,2.60999982,-4.60534702,-0.13999976,-4.83968382
5.42999983,2.60999866,-4.60127578,-0.13999758,-4.86378790
5.44000006,2.58260964,-4.60000027,-0.13999924,-4.88798964
5.44999981,2.55999964,-4.59863892,-0.13999802,-4.91228927
5.46000004,2.55999972,-4.59479088,-0.13999896,-4.93669172
5.46999979,2.55999884,-4.59085000,-0.08999768,-4.95433982
5.48000002,2.55999892,-4.58681650,-0.08999882,-4.97842590
5.48999977,2.55999937,-4.58269137,-0.08999940,-5.00261854
5.50000000,2.56000002,-4.57847698,-0.08999917,-5.02692475
5.51000023,2.55999863,-4.57417398,-0.08999790,-5.05134622
5.51999998,2.55999995,-4.56978328,-0.08999781,-5.07588580
5.53000021,2.55999923,-4.56530732,-0.08999779,-5.10055113
5.53999996,2.56000010,-4.56074613,-0.08999972,-5.12534302
5.55000019,2.55999902,-4.55610342,-0.08999903,-5.15026804
5.55999994,2.55999989,-4.55138069,-0.08999921,-5.17532862
5.57000017,2.55999987,-4.54657973,-0.08999824,-5.20053040
5.57999992,2.55999835,-4.54170323,-0.08999916,-5.22587617
5.59000015,2.55999881,-4.53675046,-0.08999932,-5.25137211
5.59999990,2.55999903,-4.53172631,-0.08999828,-5.27702088
5.61000013,2.55999871,-4.52663238,-0.08999930,-5.30283097
5.61999989,2.55999999,-4.52146928,-0.08999844,-5.32880327
5.63000011,2.55999888,-4.51624196,-0.08999911,-5.35494708
5.63999987,2.55999849,-4.51095246,-0.08999953,-5.38126413
5.65000010,2.55999996,-4.50560225,-0.08999763,-5.40776127
5.65999985,2.56000009,-4.50019607,-0.08999766,-5.43444268
5.67000008,2.55999999,-4.49473538,-0.08999977,-5.46131701
5.67999983,2.55999807,-4.48922540,-0.08999831,-5.48838555
5.69000006,2.55999830,-4.48366667,-0.08999995,-5.51565851
5.69999981,2.55999884,-4.47806344,-0.08999800,-5.54313784
5.71000004,2.55999813,-4.47241949,-0.08999886,-5.57083319
5.71999979,2.55999798,-4.46673863,-0.08999851,-5.59874677
5.73000002,2.55999873,-4.46102300,-0.03999800,-5.60489008
5.73999977,2.55999991,-4.45527764,-0.03999955,-5.63262004
5.75000000,2.55999859,-4.44950670,-0.03999977,-5.66058477
5.76000023,2.55999872,-4.44371079,-0.03999986,-5.68878977
5.76999998,2.55999895,-4.43789508,-0.03999859,-5.71723925
5.78000021,2.55999958,-4.43206135,-0.03999974,-5.74594361
5.78999996,2.55999886,-4.42621420,-0.03999805,-5.77490463
5.80000019,2.55999990,-4.42035516,-0.03999893,-5.80413378
5.80999994,2.55999925,-4.41448817,-0.03999885,-5.83363268
5.82000017,2.55999967,-4.40861459,-0.03999899,-5.86341171
5.82999992,2.55999861,-4.40273952,-0.03999827,-5.89347311
5.84000015,2.55999842,-4.39686200,-0.03999938,-5.92382665
5.84999990,2.55999837,-4.39098667,-0.03999800,-5.95447209
5.86000013,2.55999942,-4.38511347,-0.03999853,-5.98542187
5.86999989,2.55999829,-4.37924709,-0.03999968,-6.01667388
5.88000011,2.55999958,-4.37338618,-0.03999818,-6.04823676
5.88999987,2.55999875,-4.36753511,-0.03999834,-6.08011528
5.90000010,2.55999963,-4.36169296,-0.03999874,-6.11231652
5.90999985,2.55999958,-4.35586532,-0.03999879,-6.14484377
5.92000008,2.55999868,-4.35005193,-0.03999902,-6.17770632
5.92999983,2.55999907,-4.34425649,-0.03999966,-6.21090635
5.94000006,2.55999996,-4.33847889,-0.03999896,-6.24445022
5.94999981,2.55999971,-4.33272474,-0.03999827,-6.27834213
5.96000004,2.55999928,-4.32699593,-0.02350681,-6.29999908
5.96999979,2.55999857,-4.32129918,0.01000088,-6.30824619
5.98000002,2.55999945,-4.31563427,0.01000145,-6.34244803
5.98999977,2.55999919,-4.31000768,0.01000115,-6.37702002
6.00000000,2.55999852,-4.30442284,0.01000032,-6.41197267
6.01000023,2.55999859,-4.29888181,0.01000169,-6.44730827
6.01999998,2.55999874,-4.29339162,0.01000136,-6.48303669
6.03000021,2.55999889,-4.28795553,0.01000020,-6.51916687
6.03999996,2.55999860,-4.28257685,0.01000172,-6.55569813
6.05000019,2.56000003,-4.27725945,0.01000186,-6.59264497
6.05999994,2.55999968,-4.27201265,0.01000096,-6.63001452
6.07000017,2.55999874,-4.26684232,0.02892138,-6.64999963
6.07999992,2.55999977,-4.26175015,0.06847410,-6.64999856
6.09000015,2.55999876,-4.25674792,0.10708835,-6.65000020
6.09999990,2.55999986,-4.25183566,0.19516111,-6.59999962
6.11000013,2.55999856,-4.24702278,0.23115454,-6.59999886
6.11999989,2.55999944,-4.24231398,0.26634234,-6.59999851
6.13000011,2.55999960,-4.23771534,0.30076244,-6.59999878
6.13999987,2.55999924,-4.23323340,0.33444333,-6.59999888
6.15000010,2.55999863,-4.22887403,0.36741741,-6.60000005
6.15999985,2.56000006,-4.22464173,0.39971277,-6.59999876
6.17000008,2.55999944,-4.22054658,0.43135358,-6.59999950
6.17999983,2.55999911,-4.21659300,0.46236579,-6.59999832
6.19000006,2.55999878,-4.21278858,0.49277332,-6.59999937
6.19999981,2.55999913,-4.20913939,0.52259942,-6.59999860
6.21000004,2.55999911,-4.20565299,0.55186432,-6.59999999
6.21999979,2.55999984,-4.20233567,0.58059088,-6.59999838
6.23000002,2.55999858,-4.19919775,0.60879646,-6.59999824
6.23999977,2.55999998,-4.19624101,0.63649739,-6.59999984
6.25000000,2.55999885,-4.19347919,0.66371711,-6.59999901
6.26000023,2.55999891,-4.19091631,0.72926926,-6.54999917
6.26999998,2.55999998,-4.18856063,0.75498228,-6.54999882
6.28000021,2.55999935,-4.18642557,0.78027050,-6.54999861
6.28999996,2.55999998,-4.18451287,0.80514642,-6.54999955
6.30000019,2.55999918,-4.18283497,0.82962733,-6.54999904
6.30999994,2.55999929,-4.18139744,0.85372264,-6.54999892
6.32000017,2.55999890,-4.18020775,0.87744584,-6.54999984
6.32999992,2.55999966,-4.17927210,0.90080480,-6.55000046
6.34000015,2.55999893,-4.17860473,0.92381692,-6.54999912
6.34999990,2.55999983,-4.17820996,0.94648612,-6.55000037
6.36000013,2.55999926,-4.17810212,0.96882675,-6.55000036
6.36999989,2.55999918,-4.17828729,1.02392716,-6.49999900
6.38000011,2.55999956,-4.17877309,1.04518504,-6.49999821
6.38999987,2.55999935,-4.17957189,1.06614661,-6.49999993
6.40000010,2.55999915,-4.18069760,1.08682217,-6.50000001
6.40999985,2.56000005,-4.18215248,1.10721866,-6.50000005
6.42000008,2.55999936,-4.18395079,1.12734541,-6.49999991
6.42999983,2.55999999,-4.18609898,1.14720624,-6.49999961
6.44000006,2.56000001,-4.18860790,1.16680826,-6.49999958
6.44999981,2.55999905,-4.19148805,1.18615579,-6.50000027
6.46000004,2.55999884,-4.19474799,1.20525939,-6.49999868
6.46999979,2.55999961,-4.19839663,1.22411955,-6.49999988
6.48000002,2.55999982,-4.20244608,1.24274564,-6.49999963
6.48999977,2.55999912,-4.20690933,1.26113963,-6.49999920
6.50000000,2.55999998,-4.21178872,1.27930925,-6.49999840
6.51000023,2.55999895,-4.21710245,1.29725553,-6.49999884
6.51999998,2.55999925,-4.22285462,1.31498269,-6.49999990
6.53000021,2.55999892,-4.22905708,1.33249741,-6.49999869
6.53999996,2.56000003,-4.23571559,1.34979944,-6.49999939
6.55000019,2.55999952,-4.24284713,1.36689495,-6.49999931
6.55999994,2.55999991,-4.25045859,1.38378530,-6.49999896
6.57000017,2.55999898,-4.25856019,1.40047468,-6.50000008
6.57999992,2.55999924,-4.26715588,1.41696717,-6.49999916
6.59000015,2.55999954,-4.27625871,1.43326372,-6.49999870
6.59999990,2.55999993,-4.28587408,1.44936678,-6.49999851
6.61000013,2.55999949,-4.29601349,1.46528012,-6.49999851
6.61999989,2.55999919,-4.30668270,1.48100177,-6.49999940
6.63000011,2.55999931,-4.31789869,1.52090164,-6.44999805
6.63999987,2.55999915,-4.32965786,1.53602495,-6.44999888
6.65000010,2.55999996,-4.34196774,1.55097304,-6.44999923
6.65999985,2.55999971,-4.35483533,1.56574532,-6.44999936
6.67000008,2.55999961,-4.36826404,1.58034398,-6.44999940
6.67999983,2.55999974,-4.38225786,1.59476960,-6.44999855
6.69000006,2.55999966,-4.39682248,1.60902262,-6.44999875
6.69999981,2.55999917,-4.41196028,1.62310253,-6.44999961
6.71000004,2.55999966,-4.42767121,1.63701103,-6.44999964
6.71999979,2.55999977,-4.44395788,1.65074776,-6.44999945
6.73000002,2.55999993,-4.46082219,1.66431335,-6.44999850
6.73999977,2.55999982,-4.47828261,1.67769654,-6.44999968
6.75000000,2.55999961,-4.49631978,1.69090664,-6.44999872
6.76000023,2.55999980,-4.51492709,1.70394205,-6.44999845
6.76999998,2.55999934,-4.53410156,1.71680095,-6.44999800
6.78000021,2.55999992,-4.55383587,1.72948262,-6.44999896
6.78999996,2.56000006,-4.57412343,1.74198578,-6.44999934
6.80000019,2.55999924,-4.59495808,1.75431001,-6.44999808
6.80999994,2.56706275,-4.60000146,1.76645063,-6.44999949
6.82000017,2.57648206,-4.60000082,1.77840988,-6.44999785
6.82999992,2.58606704,-4.60000161,1.79018363,-6.44999801
6.84000015,2.59582613,-4.60000015,1.80177172,-6.44999850
6.84999990,2.60576148,-4.60000051,1.81316945,-6.44999907
6.86000013,2.60999965,-4.61375432,1.82437223,-6.44999802
6.86999989,2.60999940,-4.63786790,1.83538799,-6.44999958
6.88000011,2.60999984,-4.66241371,1.84622211,-6.44999938
6.88999987,2.60999985,-4.68736060,1.85687591,-6.44999945
6.90000010,2.61541908,-4.70000019,1.86735235,-6.44999866
6.90999985,2.62639739,-4.70000087,1.87765314,-6.44999905
6.92000008,2.63753701,-4.70000059,1.88778225,-6.44999898
6.92999983,2.64883555,-4.70000016,1.89774201,-6.44999813
6.94000006,2.65999943,-4.70069842,1.90752940,-6.44999874
6.94999981,2.65999908,-4.72765545,1.91714959,-6.44999814
6.96000004,2.65999945,-4.75481320,1.92660995,-6.44999901
6.96999979,2.65999943,-4.78213471,1.93591547,-6.44999836
6.98000002,2.66417792,-4.80000217,1.94506641,-6.44999967
6.98999977,2.67625195,-4.80000220,1.95406941,-6.44999845
7.00000000,2.68846510,-4.80000240,1.96292787,-6.44999869
7.01000023,2.70081735,-4.80000159,1.97164529,-6.44999900
7.01999998,2.70999961,-4.80744379,1.98022511,-6.44999908
7.03000021,2.70999927,-4.83566139,1.98867219,-6.44999796
7.03999996,2.71622261,-4.85000134,1.99698476,-6.44999787
7.05000019,2.72898426,-4.85000167,2.00516900,-6.44999884
7.05999994,2.74187340,-4.85000120,2.01323196,-6.44999828
7.07000017,2.75489053,-4.85000014,2.02117685,-6.44999849
7.07999992,2.75999989,-4.86739398,2.02900683,-6.44999816
7.09000015,2.75999939,-4.89578448,2.03672613,-6.44999838
7.09999990,2.77125432,-4.90000071,2.04433741,-6.44999828
7.11000013,2.78459087,-4.90000250,2.05184476,-6.44999963
7.11999989,2.79804816,-4.90000114,2.05925178,-6.44999905
7.13000011,2.81162519,-4.90000116,2.06656167,-6.44999814
7.13999987,2.82532170,-4.90000154,2.07377661,-6.44999804
7.15000010,2.83914026,-4.90000039,2.08090091,-6.44999798
7.15999985,2.85307816,-4.90000123,2.08793657,-6.44999909
7.17000008,2.85999932,-4.91433060,2.09488837,-6.44999848
7.17999983,2.85999914,-4.94239458,2.10175711,-6.44999978
7.19000006,2.87023635,-4.95000095,2.10854816,-6.44999997
7.19999981,2.88441561,-4.95000086,2.11526430,-6.44999847
7.21000004,2.89871309,-4.95000191,2.12190677,-6.44999871
7.21999979,2.91312934,-4.95000067,2.12847861,-6.44999912
7.23000002,2.92766545,-4.95000172,2.13498414,-6.44999809
7.23999977,2.94232213,-4.95000169,2.14142408,-6.44999842
7.25000000,2.95710215,-4.95000145,2.14780216,-6.44999946
7.26000023,2.97200520,-4.95000152,2.15412187,-6.44999888
7.26999998,2.98703233,-4.95000170,2.16038373,-6.44999966
7.28000021,3.00218703,-4.95000133,2.16659234,-6.44999950
7.28999996,3.01746900,-4.95000047,2.17275028,-6.44999800
7.30000019,3.03288071,-4.95000103,2.17885795,-6.44999904
7.30999994,3.04842319,-4.95000077,2.18492085,-6.44999827
7.32000017,3.05999915,-4.95704516,2.19093784,-6.44999952
7.32999992,3.05999945,-4.98382839,2.19691186,-6.44999873
7.34000015,3.06609548,-5.00000104,2.20284732,-6.44999836
7.34999990,3.08184397,-5.00000176,2.20874513,-6.44999993
7.36000013,3.09772928,-5.00000113,2.21461043,-6.44999918
7.36999989,3.11375020,-5.00000176,2.22044456,-6.44999831
7.38000011,3.12991245,-5.00000079,2.22624892,-6.44999837
7.38999987,3.14621518,-5.00000216,2.23202539,-6.44999980
7.40000010,3.16266502,-5.00000127,2.23777997,-6.44999853
7.40999985,3.17926096,-5.00000117,2.24351178,-6.44999837
7.42000008,3.19600677,-5.00000143,2.24922412,-6.44999962
7.42999983,3.21290541,-5.00000073,2.25492098,-6.44999924
7.44000006,3.22996039,-5.00000112,2.26060291,-6.44999821
7.44999981,3.24717399,-5.00000196,2.26627141,-6.44999945
7.46000004,3.26455072,-5.00000073,2.27193265,-6.44999891
7.46999979,3.28208962,-5.00000130,2.27758681,-6.44999929
7.48000002,3.29979651,-5.00000167,2.28323856,-6.44999908
7.48999977,3.35314926,-4.95000028,2.28888959,-6.44999905
7.50000000,3.37162616,-4.95000200,2.29454281,-6.44999904
7.51000023,3.39028831,-4.95000112,2.30020122,-6.44999824
7.51999998,3.40913511,-4.95000125,2.30586588,-6.44999930
7.53000021,3.42817386,-4.95000032,2.31000052,-6.45206885
7.53999996,3.44740413,-4.95000134,2.31000018,-6.45959217
7.55000019,3.46683406,-4.95000061,2.31000097,-6.46695487
7.55999994,3.48646254,-4.95000083,2.31000091,-6.47416501
7.57000017,3.50629653,-4.95000024,2.31000020,-6.48122751
7.57999992,3.52633684,-4.95000013,2.31000024,-6.48814727
7.59000015,3.54658944,-4.95000153,2.31000079,-6.49492962
7.59999990,3.56705719,-4.95000163,2.31128307,-6.49999889
7.61000013,3.58774612,-4.95000021,2.31665016,-6.49999990
7.61999989,3.60865680,-4.95000071,2.32204864,-6.49999859
7.63000011,3.62979750,-4.95000035,2.32748057,-6.50000010
7.63999987,3.65116784,-4.95000087,2.33295055,-6.49999942
7.65000010,3.67277436,-4.95000082,2.33846180,-6.49999887
7.65999985,3.69461798,-4.95000186,2.34401585,-6.49999926
7.67000008,3.71670748,-4.95000043,2.34961606,-6.49999999
7.67999983,3.73904173,-4.95000052,2.35526806,-6.49999905
7.69000006,3.76162870,-4.95000068,2.36097238,-6.49999958
7.69999981,3.78446965,-4.95000081,2.36673365,-6.49999943
7.71000004,3.80757127,-4.95000139,2.37255440,-6.50000005
7.71999979,3.83093457,-4.95000130,2.37844025,-6.49999886
7.73000002,3.90199115,-4.90000183,2.38439166,-6.49999978
7.73999977,3.92647000,-4.90000174,2.39041410,-6.49999964
7.75000000,3.95123213,-4.90000104,2.39650995,-6.50000009
7.76000023,3.96000001,-4.91655434,2.40268359,-6.49999882
7.76999998,3.95999886,-4.94181131,2.40893468,-6.49999926
7.78000021,3.95999877,-4.96675353,2.41000038,-6.50522976
7.78999996,3.95999897,-4.99138614,2.41000072,-6.51146307
7.80000019,3.95999957,-5.01571817,2.41000160,-6.51763271
7.80999994,3.96000011,-5.03975410,2.41000080,-6.52374002
7.82000017,3.97427335,-5.05000128,2.41000074,-6.52978725
7.82999992,3.99955056,-5.05000169,2.41000048,-6.53577580
7.84000015,4.00999920,-5.06398305,2.41000054,-6.54170708
7.84999990,4.00999828,-5.08745318,2.41000076,-6.54758351
7.86000013,4.00999977,-5.11065185,2.41377898,-6.55000030
7.86999989,4.00999938,-5.13358559,2.42030575,-6.54999943
7.88000011,4.00999940,-5.15626240,2.42693408,-6.54999907
7.88999987,4.00999867,-5.17868453,2.43366454,-6.54999976
7.90000010,4.00999992,-5.20086075,2.44050357,-6.54999987
7.90999985,4.00999937,-5.22279496,2.44745362,-6.54999927
7.92000008,4.00999954,-5.24449523,2.45451746,-6.54999896
7.92999983,4.00999904,-5.26596468,2.46000072,-6.55140618
7.94000006,4.00999886,-5.28720973,2.46000090,-6.55737230
7.94999981,4.00999850,-5.30823484,2.46000207,-6.56329634
7.96000004,4.00999822,-5.32904653,2.46000128,-6.56918282
7.96999979,4.00999902,-5.34964628,2.46000172,-6.57503095
7.98000002,4.00999941,-5.37004236,2.46000211,-6.58084315
7.98999977,4.00999853,-5.39023887,2.46000132,-6.58662172
8.00000000,4.02342437,-5.40000146,2.46000033,-6.59236845
8.01000023,4.04987813,-5.40000132,2.46000210,-6.59808184
8.02000046,4.05999859,-5.41245220,2.46506330,-6.59999967
8.02999973,4.05999910,-5.43234105,2.47281637,-6.59999901
8.03999996,4.05999987,-5.45204983,2.48072011,-6.59999962
8.05000019,4.05999942,-5.47158273,2.48878103,-6.59999960
8.06000042,4.05999852,-5.49094389,2.49700261,-6.59999891
8.06999969,4.05999875,-5.51013359,2.50538820,-6.59999924
8.07999992,4.05999842,-5.52916031,2.51000055,-6.60273120
8.09000015,4.05999863,-5.54802582,2.51000026,-6.60867534
8.10000038,4.05999884,-5.56673470,2.51000128,-6.61459675
8.10999966,4.05999827,-5.58528885,2.51000173,-6.62049749
8.11999989,4.06559850,-5.60000100,2.51000146,-6.62638039
8.13000011,4.09368314,-5.60000146,2.51000119,-6.63224565
8.14000034,4.10999971,-5.60788138,2.51000066,-6.63809463
8.14999962,4.10999868,-5.62625258,2.51000133,-6.64392688
8.15999985,4.10999946,-5.64448577,2.51000187,-6.64974617
8.17000008,4.10999858,-5.66258422,2.51894854,-6.65000003
8.18000031,4.10999967,-5.68054848,2.52851320,-6.64999928
8.18999958,4.10999794,-5.69838328,2.53829496,-6.64999906
8.19999981,4.10999785,-5.71609258,2.54830207,-6.64999971
8.21000004,4.10999794,-5.73367772,2.55854319,-6.64999921
8.22000027,4.10999795,-5.75114238,2.56000061,-6.65526089
8.22999954,4.10999813,-5.76848754,2.56000184,-6.66137232
8.23999977,4.10999897,-5.78571883,2.56000140,-6.66747576
8.25000000,4.10999890,-5.80283849,2.56000059,-6.67357082
8.26000023,4.10999857,-5.81984788,2.56000113,-6.67965758
8.27000046,4.10999939,-5.83674959,2.56000218,-6.68573716
8.27999973,4.10999931,-5.85354562,2.56000107,-6.69181145
8.28999996,4.10999780,-5.87024060,2.56000141,-6.69788002
8.30000019,4.10999965,-5.88683387,2.56000035,-6.70394570
8.31000042,4.10999869,-5.90333013,2.56000127,-6.71000631
8.31999969,4.10999985,-5.91972829,2.56000112,-6.71606405
8.32999992,4.10999990,-5.93603510,2.56000155,-6.72212022
8.34000015,4.10999865,-5.95225010,2.56000086,-6.72817446
8.35000038,4.10999899,-5.96837508,2.56000092,-6.73422767
8.35999966,4.10999843,-5.98441145,2.56000065,-6.74028044
8.36999989,4.10999817,-6.00036249,2.56000124,-6.74633319
8.38000011,4.10999789,-6.01622980,2.56502740,-6.74999997
8.39000034,4.10999940,-6.03201364,2.57801682,-6.74999936
8.39999962,4.10999963,-6.04771550,2.59135465,-6.75000003
8.40999985,4.10999790,-6.06334073,2.60505873,-6.75000007
8.42000008,4.10999908,-6.07888715,2.61000012,-6.75411422
8.43000031,4.10999984,-6.09435752,2.61000203,-6.76048363
8.43999958,4.10999786,-6.10975245,2.61000116,-6.76685524
8.44999981,4.10999838,-6.12507418,2.61000111,-6.77322895
8.46000004,4.10999810,-6.14032467,2.61000213,-6.77960506
8.47000027,4.10999925,-6.15550349,2.61000138,-6.78598516
8.47999954,4.10999912,-6.17061285,2.61000167,-6.79236819
8.48999977,4.10999785,-6.18565525,2.61000209,-6.79875559
8.50000000,4.10999882,-6.20062977,2.61000056,-6.80514838
8.51000023,4.10999983,-6.21553846,2.61000086,-6.81154548
8.52000046,4.10999780,-6.23038368,2.61000127,-6.81794832
8.52999973,4.10999903,-6.24516204,2.61000061,-6.82435649
8.53999996,4.10999862,-6.25987972,2.61000182,-6.83077131
8.55000019,4.10999843,-6.27453560,2.61000157,-6.83719366
8.56000042,4.10999973,-6.28912968,2.61000027,-6.84362347
8.56999969,4.10999897,-6.30366302,2.61000071,-6.85005950
8.57999992,4.10999841,-6.31813797,2.61000146,-6.85650387
8.59000015,4.10999975,-6.33255411,2.61000145,-6.86295772
8.60000038,4.10999794,-6.34691332,2.61000190,-6.86942046
8.60999966,4.14267668,-6.35000085,2.61000060,-6.87589230
8.61999989,4.15999942,-6.35856055,2.61000135,-6.88237405
8.63000011,4.15999917,-6.37300357,2.61000066,-6.88886904
8.64000034,4.15999985,-6.38738913,2.61000068,-6.89537445
8.64999962,4.15999798,-6.40171778,2.61585952,-6.89999986
8.65999985,4.15999837,-6.41599015,2.63649939,-6.90000014
8.67000008,4.15999983,-6.43020685,2.65783000,-6.89999971
8.68000031,4.15999858,-6.44436892,2.66000053,-6.90611794
8.68999958,4.15999874,-6.45847477,2.66000020,-6.91292499
8.69999981,4.15999941,-6.47252679,2.66000104,-6.91974250
8.71000004,4.15999960,-6.48652553,2.66000170,-6.92657184
8.72000027,4.15999888,-6.50047055,2.66000083,-6.93341238
8.72999954,4.15999789,-6.51436175,2.66000089,-6.94026403
8.73999977,4.15999797,-6.52819764,2.66000156,-6.94713134
8.75000000,4.15999881,-6.54198043,2.66000075,-6.95401192
8.76000023,4.15999923,-6.55571095,2.66000085,-6.96090440
8.77000046,4.15999859,-6.56939015,2.66000060,-6.96781046
8.77999973,4.15999778,-6.58301613,2.66000032,-6.97472855
8.78999996,4.15999826,-6.59659207,2.66000044,-6.98166057
8.80000019,4.15999992,-6.61011638,2.66000038,-6.98860565
8.81000042,4.15999816,-6.62359162,2.66000173,-6.99556408
8.81999969,4.15999939,-6.63701476,2.66000075,-7.00253524
8.82999992,4.15999999,-6.65039065,2.66000185,-7.00951838
8.84000015,4.15999956,-6.66371896,2.66000141,-7.01651385
8.85000038,4.16000007,-6.67699875,2.66000161,-7.02352190
8.85999966,4.15999970,-6.69023366,2.66000018,-7.03053862
8.86999989,4.15999911,-6.70342692,2.66000144,-7.03756280
8.88000011,4.15999995,-6.71657855,2.66000173,-7.04459471
8.89000034,4.15999849,-6.72969028,2.66000061,-7.05163202
8.89999962,4.15999792,-6.74276221,2.66000095,-7.05867380
8.90999985,4.15999955,-6.75579698,2.66000020,-7.06572002
8.92000008,4.15999779,-6.76879617,2.66000189,-7.07276841
8.93000031,4.15999801,-6.78176025,2.66000076,-7.07981967
8.93999958,4.15999893,-6.79468888,2.66000220,-7.08687009
8.94999981,4.15999893,-6.80758699,2.66000124,-7.09392204
8.96000004,4.15999783,-6.82045378,2.66520460,-7.09999975
8.97000027,4.15999986,-6.83328965,2.70379812,-7.09999974
8.97999954,4.15999974,-6.84609483,2.71000213,-7.10610268
8.98999977,4.20999792,-6.85009901,2.71000123,-7.11333821
9.00000000,4.20999951,-6.86304078,2.71000241,-7.12056790
9.01000023,4.21000000,-6.87595702,2.71000214,-7.12779140
9.02000046,4.20999947,-6.88884875,2.71000245,-7.13500852
9.02999973,4.20999964,-6.90171525,2.71000240,-7.14221702
9.03999996,4.20999802,-6.91455998,2.71000134,-7.14941786
9.05000019,4.20999919,-6.92738247,2.71000113,-7.15660971
9.06000042,4.20999982,-6.94018402,2.71000058,-7.16379290
9.06999969,4.20999940,-6.95296439,2.71000136,-7.17096571
9.07999992,4.20999827,-6.96572632,2.71000091,-7.17812884
9.09000015,4.21000015,-6.97846904,2.71000072,-7.18528139
9.10000038,4.21000013,-6.99119477,2.71000241,-7.19242269
9.10999966,4.20999966,-7.00390204,2.71000043,-7.19955201
9.11999989,4.20999861,-7.01659449,2.71000139,-7.20666975
9.13000011,4.20999891,-7.02927205,2.71000230,-7.21377531
9.14000034,4.20999986,-7.04193538,2.71000187,-7.22086635
9.14999962,4.20999825,-7.05458480,2.71000235,-7.22794391
9.15999985,4.20999902,-7.06722221,2.71000084,-7.23500792
9.17000008,4.20999811,-7.07984822,2.71000072,-7.24205785
9.18000031,4.20999820,-7.09246297,2.71000190,-7.24909264
9.18999958,4.20999816,-7.10506660,2.71000091,-7.25611181
9.19999981,4.21000026,-7.11766175,2.71000247,-7.26311609
9.21000004,4.20999913,-7.13024832,2.71000105,-7.27010397
9.22000027,4.20999852,-7.14282751,2.71000039,-7.27707553
9.22999954,4.21000013,-7.15539805,2.71000243,-7.28402922
9.23999977,4.20999905,-7.16796425,2.71000205,-7.29096655
9.25000000,4.20999876,-7.18052482,2.71000041,-7.29788569
9.26000023,4.20999908,-7.19308090,2.71000228,-7.30478650
9.27000046,4.20999890,-7.20563388,2.71000177,-7.31166923
9.27999973,4.20999968,-7.21818222,2.71000054,-7.31853171
9.28999996,4.20999889,-7.23073019,2.71000079,-7.32537570
9.30000019,4.21000030,-7.24327662,2.71000190,-7.33219965
9.31000042,4.25999961,-7.25305054,2.71000055,-7.33900356
9.31999969,4.25999852,-7.26578817,2.71000095,-7.34578586
9.32999992,4.25999909,-7.27852873,2.71000027,-7.35254747
9.34000015,4.25999794,-7.29127296,2.71000019,-7.35928819
9.35000038,4.25999891,-7.30402113,2.71000257,-7.36600593
9.35999966,4.25999896,-7.31677375,2.71000181,-7.37270009
9.36999989,4.25999943,-7.32953284,2.71000212,-7.37937181
9.38000011,4.25999968,-7.34229908,2.71000105,-7.38602108
9.39000034,4.25999857,-7.35507226,2.71000229,-7.39264669
9.39999962,4.25999987,-7.36785173,2.71000040,-7.39924808
9.40999985,4.25999787,-7.38064169,2.71000227,-7.40582626
9.42000008,4.25999935,-7.39344246,2.71000028,-7.41237959
9.43000031,4.25999787,-7.40625401,2.71000068,-7.41890790
9.43999958,4.25999773,-7.41907630,2.71000088,-7.42540998
9.44999981,4.25999993,-7.43191288,2.71000236,-7.43188673
9.46000004,4.25999879,-7.44476349,2.71000240,-7.43833732
9.47000027,4.25999829,-7.45762924,2.71000042,-7.44476136
9.47999954,4.25999947,-7.47050963,2.71000068,-7.45115740
9.48999977,4.25999922,-7.48340817,2.71000052,-7.45752644
9.50000000,4.25999883,-7.49632460,2.71000165,-7.46386784
9.51000023,4.25999918,-7.50926027,2.71000108,-7.47018111
9.52000046,4.25999950,-7.52221645,2.71000065,-7.47646595
9.52999973,4.25999837,-7.53519223,2.71000258,-7.48272051
9.53999996,4.25999761,-7.54819161,2.71000156,-7.48894639
9.55000019,4.25999780,-7.56121442,2.71000172,-7.49514221
9.56000042,4.25999828,-7.57426268,2.71000036,-7.50130675
9.56999969,4.25999979,-7.58733544,2.71000186,-7.50743975
9.57999992,4.25999908,-7.60043628,2.71000122,-7.51354212
9.59000015,4.25999973,-7.61356549,2.71000033,-7.51961329
9.60000038,4.25999817,-7.62672353,2.71000139,-7.52565207
9.60999966,4.25999983,-7.63991110,2.71000112,-7.53165750
9.61999989,4.25999889,-7.65313209,2.71000195,-7.53763045
9.63000011,4.25999926,-7.66638623,2.71000143,-7.54356999
9.64000034,4.25999903,-7.67967462,2.71000118,-7.54947566
9.64999962,4.25999909,-7.69299797,2.66000220,-7.55090623
9.65999985,4.25999910,-7.70636006,2.66000240,-7.55649987
9.67000008,4.25999785,-7.71976092,2.66000216,-7.56205579
9.68000031,4.25999826,-7.73320189,2.66000078,-7.56757327
9.68999958,4.25999822,-7.74668379,2.66000238,-7.57305168
9.69999981,4.25999939,-7.76021033,2.66000235,-7.57849152
9.71000004,4.25999960,-7.77378143,2.66000041,-7.58389069
9.72000027,4.25999773,-7.78739886,2.66000155,-7.58924979
9.72999954,4.30999971,-7.80751686,2.66000057,-7.59456697
9.73999977,4.30999822,-7.82149641,2.66000029,-7.59984303
9.75000000,4.30999789,-7.83553138,2.66000065,-7.60507722
9.76000023,4.30999918,-7.84962264,2.66000150,-7.61026831
9.77000046,4.30999834,-7.86377220,2.66000097,-7.61541566
9.77999973,4.30999858,-7.87798134,2.66000140,-7.62051844
9.78999996,4.30999973,-7.89225437,2.66000019,-7.62557740
9.80000019,4.30999874,-7.90659082,2.66000061,-7.63059170
9.81000042,4.30999789,-7.92099331,2.66000221,-7.63556197
9.81999969,4.30999841,-7.93546223,2.66000056,-7.64048728
9.82999992,4.30999829,-7.95000109,2.66000095,-7.64536832
9.84000015,4.30999792,-7.96461064,2.66000056,-7.65020532
9.85000038,4.30999845,-7.97929328,2.66000048,-7.65499808
9.85999966,4.30999776,-7.99404897,2.66000035,-7.65974680
9.86999989,4.30999822,-8.00888318,2.66000041,-7.66445153
9.88000011,4.30999889,-8.02379536,2.66000167,-7.66911218
9.89000034,4.30999916,-8.03878917,2.66000129,-7.67372908
9.89999962,4.35999870,-8.06524423,2.66000052,-7.67830092
9.90999985,4.35999924,-8.08072824,2.66000173,-7.68283014
9.92000008,4.35999835,-8.09630293,2.66000048,-7.68731490
9.93000031,4.35999878,-8.11197179,2.66000236,-7.69175638
9.93999958,4.35999812,-8.12773602,2.66000048,-7.69615325
9.94999981,4.35999870,-8.14360088,2.65805601,-7.70000032
9.96000004,4.35999848,-8.15956729,2.64199305,-7.70000030
9.97000027,4.35999970,-8.17563903,2.62690295,-7.70000037
9.97999954,4.35999787,-8.19181649,2.61272757,-7.70000019
9.98999977,4.35999940,-8.20810692,2.61000019,-7.70305585
10.00000000,4.35999797,-8.22450931,2.61000010,-7.70683231
10.01000023,4.35999759,-8.24102807,2.61000143,-7.71056284
10.02000046,4.35999906,-8.25766454,2.61000078,-7.71424672
10.02999973,4.35999984,-8.27442037,2.61000051,-7.71788717
10.03999996,4.35999768,-8.29129872,2.61000204,-7.72148517
10.05000019,4.35999762,-8.30830232,2.61000135,-7.72503910
10.06000042,4.35999853,-8.32543491,2.61000029,-7.72855333
10.06999969,4.35999832,-8.34269584,2.61000199,-7.73202783
10.07999992,4.35999846,-8.36009150,2.61000037,-7.73546157
10.09000015,4.35999965,-8.37762488,2.61000147,-7.73885830
10.10000038,4.35999926,-8.39529583,2.61000081,-7.74221711
10.10999966,4.35999867,-8.41310691,2.61000227,-7.74554148
10.11999989,4.35999849,-8.43106447,2.61000157,-7.74883133
10.13000011,4.35999881,-8.44916979,2.61000179,-7.75208774
10.14000034,4.35999911,-8.46742707,2.61000105,-7.75531277
10.14999962,4.35999948,-8.48583635,2.61000026,-7.75850621
10.15999985,4.35999817,-8.50440432,2.61000197,-7.76167150
10.17000008,4.35999784,-8.52313473,2.61000029,-7.76480844
10.18000031,4.35999923,-8.54202954,2.61000183,-7.76791873
10.18999958,4.35999781,-8.56109101,2.61000112,-7.77100268
10.19999981,4.35999833,-8.58032584,2.61000038,-7.77406122
10.21000004,4.40999970,-8.62324261,2.61000185,-7.77709843
10.22000027,4.40999791,-8.64330813,2.61000150,-7.78011342
10.22999954,4.40999898,-8.66356210,2.61000211,-7.78310676
10.23999977,4.40999927,-8.68401297,2.61000127,-7.78608052
10.25000000,4.40999798,-8.70466248,2.61000086,-7.78903786
10.26000023,4.40999980,-8.72551585,2.61000138,-7.79197719
10.27000046,4.40999831,-8.74657761,2.61000051,-7.79490219
10.27999973,4.40999854,-8.76785046,2.61000021,-7.79781283
10.28999996,4.40999873,-8.78934385,2.60870808,-7.80000123
10.30000019,4.41000004,-8.81105954,2.60357364,-7.80000099
10.31000042,4.40999869,-8.83300369,2.59864659,-7.80000131
10.31999969,4.40999819,-8.85518032,2.59391591,-7.80000073
10.32999992,4.41000002,-8.87759953,2.58937308,-7.80000118
10.34000015,4.45999911,-8.93040658,2.58500849,-7.80000144
10.35000038,4.45999900,-8.95387749,2.58081093,-7.80000110
10.35999966,4.45999912,-8.97761119,2.57677459,-7.80000074
10.36999989,4.45999888,-9.00161796,2.57288734,-7.80000091
10.38000011,4.45999870,-9.02590159,2.56914587,-7.80000088
10.39000034,4.45999943,-9.05046866,2.56554050,-7.80000061
10.39999962,4.45999848,-9.07532337,2.56206380,-7.80000093
10.40999985,4.45999899,-9.10047917,2.56000024,-7.80088405
10.42000008,4.45999958,-9.12593975,2.56000045,-7.80315487
10.43000031,4.45999994,-9.15171272,2.56000157,-7.80542910
10.43999958,4.45999868,-9.17780164,2.56000009,-7.80770590
10.44999981,4.45999855,-9.20422257,2.56000093,-7.80999173
10.46000004,4.45999934,-9.23097927,2.56000070,-7.81228518
10.47000027,4.45999998,-9.25808015,2.56000040,-7.81458922
10.47999954,4.46000012,-9.28553150,2.56000036,-7.81690682
10.48999977,4.45999937,-9.31334550,2.56000135,-7.81923899
10.50000000,4.45999917,-9.34153079,2.56000168,-7.82158831
10.51000023,4.43530264,-9.34999934,2.56000181,-7.82395706
10.52000046,4.40073842,-9.34999895,2.56000157,-7.82634786
10.52999973,4.36687369,-9.34999841,2.56000124,-7.82876151
10.53999996,4.35999984,-9.37253774,2.56000104,-7.83120305
10.55000019,4.35855016,-9.39999936,2.56000039,-7.83367440
10.56000042,4.32568026,-9.39999908,2.56000121,-7.83617751
10.56999969,4.29344206,-9.39999871,2.56000053,-7.83871569
10.57999992,4.26181097,-9.39999896,2.56000047,-7.84129144
10.59000015,4.23076978,-9.39999853,2.56000085,-7.84390927
10.60000038,4.20999910,-9.40918126,2.56000075,-7.84657101
10.60999966,4.20999981,-9.43813669,2.56000138,-7.84927916
10.61999989,4.19208795,-9.44999923,2.55791993,-7.85000057
10.63000011,4.16239459,-9.44999882,2.55512947,-7.85000078
10.64000034,4.13322101,-9.44999886,2.55237330,-7.85000117
10.64999962,4.10455681,-9.44999869,2.54965041,-7.85000154
10.65999985,4.07637966,-9.44999958,2.54695567,-7.85000117
10.67000008,4.04867902,-9.44999915,2.54428611,-7.85000080
10.68000031,4.02144022,-9.45000014,2.54164015,-7.85000182
10.68999958,3.99464962,-9.44999926,2.53901203,-7.85000028
10.69999981,3.96829178,-9.44999970,2.53640299,-7.85000180
10.71000004,3.94235658,-9.44999966,2.53380703,-7.85000147
10.72000027,3.91682937,-9.44999842,2.53122258,-7.85000079
10.72999954,3.89170328,-9.44999907,2.52864652,-7.85000043
10.73999977,3.86695947,-9.44999856,2.52607851,-7.85000161
10.75000000,3.84259195,-9.44999837,2.52351292,-7.85000033
10.76000023,3.81858818,-9.44999882,2.52094859,-7.85000113
10.77000046,3.79493868,-9.44999968,2.51838388,-7.85000117
10.77999973,3.77163351,-9.44999908,2.51581565,-7.85000083
10.78999996,3.75999968,-9.46468560,2.51324210,-7.85000155
10.80000019,3.75999986,-9.49474366,2.51065988,-7.85000064
10.81000042,3.74104132,-9.49999987,2.51000075,-7.85258733
10.81999969,3.71840825,-9.49999968,2.51000113,-7.85617213
10.82999992,3.69608066,-9.49999953,2.51000130,-7.85989411
10.84000015,3.67405233,-9.49999929,2.51000091,-7.86376080
10.85000038,3.65231479,-9.49999866,2.51000117,-7.86777801
10.85999966,3.63086108,-9.49999891,2.51000041,-7.87195153
10.86999989,3.60968180,-9.49999892,2.51000125,-7.87629362
10.88000011,3.58876959,-9.49999967,2.51000118,-7.88080791
10.89000034,3.56811796,-9.50000045,2.51000118,-7.88550392
10.89999962,3.54772182,-9.49999930,2.51000119,-7.89038839
10.90999985,3.52757073,-9.50000039,2.51000060,-7.89547117
10.92000008,3.50765925,-9.49999925,2.50952667,-7.90000107
10.93000031,3.48798169,-9.49999905,2.50615679,-7.90000204
10.93999958,3.46853565,-9.50000004,2.50276060,-7.90000070
10.94999981,3.44930843,-9.49999923,2.49933843,-7.90000212
10.96000004,3.43029801,-9.49999890,2.49588543,-7.90000036
10.97000027,3.41149901,-9.49999847,2.49240448,-7.90000087
10.97999954,3.40999935,-9.53024831,2.48889228,-7.90000031
10.98999977,3.40230267,-9.54999868,2.48534743,-7.90000037
11.00000000,3.38364986,-9.54999868,2.48176957,-7.90000166
11.01000023,3.36519663,-9.54999964,2.47815482,-7.90000115
11.02000046,3.34693640,-9.55000011,2.47450388,-7.90000073
11.02999973,3.32886596,-9.55000022,2.47081649,-7.90000094
11.03999996,3.31097694,-9.55000063,2.46709088,-7.90000092
11.05000019,3.29326607,-9.55000019,2.46332682,-7.90000032
11.06000042,3.27572714,-9.55000014,2.45952519,-7.90000113
11.06999969,3.25835904,-9.54999988,2.45568581,-7.90000216
11.07999992,3.24115273,-9.54999963,2.45180664,-7.90000210
11.09000015,3.22410436,-9.54999883,2.44788828,-7.90000084
11.10000038,3.20721221,-9.54999920,2.44393109,-7.90000157
11.10999966,3.19047152,-9.54999982,2.43993381,-7.90000114
11.11999989,3.17387440,-9.54999995,2.43589674,-7.90000056
11.13000011,3.15742028,-9.55000021,2.43182015,-7.90000235
11.14000034,3.14110394,-9.54999895,2.42770103,-7.90000123
11.14999962,3.12492476,-9.54999873,2.42354123,-7.90000129
11.15999985,3.10887596,-9.55000048,2.41933907,-7.90000111
11.17000008,3.09295199,-9.55000005,2.41509663,-7.90000183
11.18000031,3.07715220,-9.54999838,2.41081174,-7.90000227
11.18999958,3.06147533,-9.54999921,2.40999999,-7.90885699
11.19999981,3.04591444,-9.54999989,2.41000001,-7.92021224
11.21000004,3.03046732,-9.55000061,2.41000006,-7.93207183
11.22000027,3.01513028,-9.54999963,2.41000063,-7.94445767
11.22999954,3.00999935,-9.57725526,2.40726555,-7.95000189
11.23999977,3.00297996,-9.59999791,2.40240068,-7.95000025
11.25000000,2.98764347,-9.59999825,2.39749746,-7.95000200
11.26000023,2.97241216,-9.59999954,2.39255210,-7.95000104
11.27000046,2.95728081,-9.59999946,2.38756751,-7.95000028
11.27999973,2.94225041,-9.59999855,2.38254216,-7.95000205
11.28999996,2.92731516,-9.59999797,2.37747474,-7.95000125
11.30000019,2.91247422,-9.59999948,2.37236577,-7.95000219
11.31000042,2.89772438,-9.59999901,2.36721434,-7.95000118
11.31999969,2.88306510,-9.59999764,2.36202144,-7.95000187
11.32999992,2.86849210,-9.59999788,2.35678526,-7.95000140
11.34000015,2.85400391,-9.59999803,2.35150558,-7.95000145
11.35000038,2.83959932,-9.59999913,2.34618160,-7.95000095
11.35999966,2.82527840,-9.59999986,2.34081362,-7.95000201
11.36999989,2.81103378,-9.59999923,2.33540191,-7.95000202
11.38000011,2.79686694,-9.59999858,2.32994443,-7.95000217
11.39000034,2.78277576,-9.59999924,2.32444207,-7.95000096
11.39999962,2.76875884,-9.59999946,2.31889595,-7.95000195
11.40999985,2.75999989,-9.61938527,2.31330326,-7.95000082
11.42000008,2.75406568,-9.64999849,2.31000041,-7.95889503
11.43000031,2.74001233,-9.64999934,2.31000019,-7.98112255
11.43999958,2.72603120,-9.64999903,2.30889229,-8.00000213
11.44999981,2.69971617,-9.59999892,2.30287622,-8.00000114
11.46000004,2.68610651,-9.59999983,2.29681616,-8.00000265
11.47000027,2.67255878,-9.59999755,2.29071248,-8.00000210
11.47999954,2.65907491,-9.59999853,2.28456597,-8.00000224
11.48999977,2.64565014,-9.59999826,2.27837358,-8.00000205
11.50000000,2.63228508,-9.59999961,2.27213642,-8.00000055
11.51000023,2.61897717,-9.59999965,2.26585600,-8.00000249
11.52000046,2.60572637,-9.59999929,2.25952854,-8.00000108
11.52999973,2.59253371,-9.59999837,2.25315692,-8.00000186
11.53999996,2.57939380,-9.59999829,2.24673958,-8.00000201
11.55000019,2.56630804,-9.59999768,2.24027544,-8.00000177
11.56000042,2.55327725,-9.59999820,2.23376370,-8.00000223
11.56999969,2.54029936,-9.59999894,2.22720590,-8.00000058
11.57999992,2.52737211,-9.59999816,2.22060073,-8.00000108
11.59000015,2.51449547,-9.59999926,2.21394908,-8.00000117
11.60000038,2.50999983,-9.64527485,2.20724968,-8.00000237
11.60999966,2.49790516,-9.64999943,2.20050264,-8.00000086
11.61999989,2.48499123,-9.65000004,2.19370735,-8.00000114
11.63000011,2.47212860,-9.64999868,2.18686385,-8.00000139
11.64000034,2.45931577,-9.64999931,2.17997276,-8.00000187
11.64999962,2.44655507,-9.64999926,2.17303289,-8.00000204
11.65999985,2.43384192,-9.64999787,2.16604343,-8.00000191
11.67000008,2.42117915,-9.64999971,2.15900405,-8.00000067
11.68000031,2.40856438,-9.64999911,2.15191569,-8.00000120
11.68999958,2.39599941,-9.64999985,2.14477771,-8.00000156
11.69999981,2.38348071,-9.64999955,2.13758959,-8.00000065
11.71000004,2.37101027,-9.64999935,2.13035043,-8.00000174
11.72000027,2.35858727,-9.64999844,2.12306023,-8.00000249
11.72999954,2.34621288,-9.64999896,2.11571981,-8.00000225
11.73999977,2.33388456,-9.64999899,2.10832738,-8.00000282
11.75000000,2.32160371,-9.64999924,2.10088238,-8.00000204
11.76000023,2.30936863,-9.64999889,2.09338613,-8.00000246
11.77000046,2.29718117,-9.64999805,2.08583692,-8.00000162
11.77999973,2.28504274,-9.64999886,2.07823527,-8.00000103
11.78999996,2.27294959,-9.64999798,2.07057969,-8.00000104
11.80000019,2.26090385,-9.64999862,2.06287024,-8.00000179
11.81000042,2.24890496,-9.65000012,2.05510712,-8.00000188
11.81999969,2.23695466,-9.64999982,2.04728979,-8.00000055
11.82999992,2.22505139,-9.64999891,2.03941692,-8.00000084
11.84000015,2.21319513,-9.64999826,2.03148915,-8.00000269
11.85000038,2.20138725,-9.64999810,2.02350476,-8.00000090
11.85999966,2.18962876,-9.64999878,2.01546616,-8.00000247
11.86999989,2.17791812,-9.64999948,2.00736877,-8.00000115
11.88000011,2.16625637,-9.64999938,1.99921474,-8.00000068
11.89000034,2.15464405,-9.64999939,1.99100280,-8.00000099
11.89999962,2.14308277,-9.64999818,1.98273377,-8.00000281
11.90999985,2.13157065,-9.64999939,1.97440481,-8.00000190
11.92000008,2.12010945,-9.64999936,1.96601661,-8.00000141
11.93000031,2.10999996,-9.66420017,1.95756893,-8.00000186
11.93999958,2.10183576,-9.69999852,1.94906132,-8.00000128
11.94999981,2.09044729,-9.69999985,1.94049228,-8.00000162
11.96000004,2.07911470,-9.69999890,1.93186213,-8.00000214
11.97000027,2.06783925,-9.69999911,1.92316974,-8.00000112
11.97999954,2.05662352,-9.69999919,1.91441530,-8.00000183
11.98999977,2.04546522,-9.69999896,1.90559674,-8.00000094
12.00000000,2.03436478,-9.69999957,1.89671604,-8.00000157
12.01000023,2.02332291,-9.69999912,1.88777182,-8.00000170
12.02000046,2.01233829,-9.69999958,1.87876649,-8.00000213
12.02999973,2.00141201,-9.69999810,1.86970012,-8.00000243
12.03999996,1.99054118,-9.69999877,1.86057308,-8.00000123
12.05000019,1.97972777,-9.69999949,1.85138560,-8.00000080
12.06000042,1.96896891,-9.69999895,1.84214023,-8.00000179
12.06999969,1.95826730,-9.69999975,1.83283714,-8.00000166
12.07999992,1.94761975,-9.69999870,1.82347539,-8.00000166
12.09000015,1.93702800,-9.69999829,1.81405596,-8.00000177
12.10000038,1.92648990,-9.69999988,1.80458105,-8.00000250
12.10999966,1.91600528,-9.69999853,1.79505254,-8.00000149
12.11999989,1.90557229,-9.69999992,1.78546939,-8.00000139
12.13000011,1.89519101,-9.69999873,1.77583305,-8.00000156
12.14000034,1.88486105,-9.69999905,1.76614453,-8.00000106
12.14999962,1.87458217,-9.69999948,1.75640556,-8.00000053
12.15999985,1.86435138,-9.70000020,1.74661593,-8.00000241
12.17000008,1.85416865,-9.69999934,1.73677716,-8.00000227
12.18000031,1.84403415,-9.69999791,1.72688953,-8.00000094
12.18999958,1.83394811,-9.69999940,1.71695500,-8.00000176
12.19999981,1.82390627,-9.69999815,1.70697363,-8.00000122
12.21000004,1.81391014,-9.69999897,1.69694604,-8.00000173
12.22000027,1.80395859,-9.69999954,1.68687361,-8.00000088
12.22999954,1.79405144,-9.69999991,1.67675802,-8.00000100
12.23999977,1.78418599,-9.70000013,1.66659825,-8.00000193
12.25000000,1.77436194,-9.69999782,1.65986603,-8.05000076
12.26000023,1.76457859,-9.69999793,1.64963672,-8.05000252
12.27000046,1.75483557,-9.69999943,1.63936890,-8.05000155
12.27999973,1.74513269,-9.69999953,1.62906450,-8.05000217
12.28999996,1.73546716,-9.69999860,1.61872219,-8.05000251
12.30000019,1.72583817,-9.69999931,1.60834497,-8.05000243
12.31000042,1.71624558,-9.70000000,1.59793288,-8.05000305
12.31999969,1.70668900,-9.69999841,1.58748713,-8.05000175
12.32999992,1.69716545,-9.69999847,1.57700794,-8.05000254
12.34000015,1.68767388,-9.70000023,1.56649728,-8.05000286
12.35000038,1.67821294,-9.69999877,1.55595653,-8.05000282
12.35999966,1.66878410,-9.69999994,1.54538588,-8.05000093
12.36999989,1.65938187,-9.69999964,1.53478689,-8.05000232
12.38000011,1.65000689,-9.69999960,1.52416047,-8.05000185
12.39000034,1.64065811,-9.69999812,1.51350752,-8.05000229
12.39999962,1.63133458,-9.69999849,1.50283074,-8.05000227
12.40999985,1.62203409,-9.69999834,1.49212809,-8.05000171
12.42000008,1.61275584,-9.69999927,1.48140274,-8.05000211
12.43000031,1.60349843,-9.69999879,1.47065493,-8.05000098
12.43999958,1.59426211,-9.69999792,1.45988668,-8.05000167
12.44999981,1.58504340,-9.69999827,1.44909731,-8.05000084
12.46000004,1.57584225,-9.69999830,1.43828872,-8.05000187
12.47000027,1.56665733,-9.69999871,1.42746185,-8.05000265
12.47999954,1.56000008,-9.72941968,1.41661862,-8.05000189
12.48999977,1.55265230,-9.75000021,1.40575833,-8.05000185
12.50000000,1.54356199,-9.75000015,1.39488209,-8.05000262
12.51000023,1.53448349,-9.74999953,1.38399197,-8.05000211
12.52000046,1.52541606,-9.74999885,1.37308804,-8.05000088
12.52999973,1.51635998,-9.74999882,1.36217247,-8.05000170
12.53999996,1.50731139,-9.74999842,1.35124444,-8.05000119
12.55000019,1.49827063,-9.74999975,1.34030596,-8.05000119
12.56000042,1.48923624,-9.74999937,1.32935747,-8.05000081
12.56999969,1.48020771,-9.74999900,1.31840170,-8.05000129
12.57999992,1.47118257,-9.74999954,1.31000021,-8.07661393
12.59000015,1.46216054,-9.75000031,1.30133865,-8.10000187
12.60000038,1.45313954,-9.74999987,1.29041906,-8.10000116
12.60999966,1.44412012,-9.74999979,1.27949552,-8.10000099
12.61999989,1.43509968,-9.75000003,1.26856704,-8.10000143
12.63000011,1.42607756,-9.74999856,1.25763560,-8.10000227
12.64000034,1.41705331,-9.74999913,1.24670159,-8.10000018
12.64999962,1.40802548,-9.74999822,1.23576779,-8.10000072
12.65999985,1.39899274,-9.74999963,1.22483207,-8.10000059
12.67000008,1.38995315,-9.74999974,1.21389780,-8.10000050
12.68000031,1.38090667,-9.75000014,1.20296494,-8.10000188
12.68999958,1.37185268,-9.74999851,1.19203524,-8.10000222
12.69999981,1.36278857,-9.74999888,1.18110802,-8.10000044
12.71000004,1.35371378,-9.75000003,1.17018581,-8.10000218
12.72000027,1.34462781,-9.74999961,1.15926840,-8.10000010
12.72999954,1.33553022,-9.74999920,1.14835830,-8.10000041
12.73999977,1.32641851,-9.74999900,1.13745427,-8.10000050
12.75000000,1.31729140,-9.74999931,1.12655904,-8.10000025
12.76000023,1.30814861,-9.74999921,1.11567335,-8.10000103
12.77000046,1.29898930,-9.74999983,1.10479770,-8.10000113
12.77999973,1.28981303,-9.74999888,1.09393428,-8.10000052
12.78999996,1.28061755,-9.74999897,1.08308162,-8.10000148
12.80000019,1.27140120,-9.74999855,1.07224358,-8.10000177
12.81000042,1.26216419,-9.74999857,1.06141928,-8.09999988
12.81999969,1.25290612,-9.74999929,1.05061204,-8.10000046
12.82999992,1.24362484,-9.74999834,1.03981972,-8.10000099
12.84000015,1.23431861,-9.75000012,1.02904621,-8.10000013
12.85000038,1.22498741,-9.74999974,1.01829163,-8.10000026
12.85999966,1.21563124,-9.74999975,1.00755804,-8.10000121
12.86999989,1.20624598,-9.74999815,0.99684517,-8.10000017
12.88000011,1.19683355,-9.74999978,0.98615493,-8.10000203
12.89000034,1.18739107,-9.75000018,0.97548837,-8.10000160
12.89999962,1.17791938,-9.74999986,0.96484815,-8.10000165
12.90999985,1.16841561,-9.74999860,0.95423291,-8.10000145
12.92000008,1.16000000,-9.75858733,0.94364529,-8.09999990
12.93000031,1.15586294,-9.80000049,0.93308655,-8.10000147
12.93999958,1.14628870,-9.79999962,0.92255858,-8.10000040
12.94999981,1.13667622,-9.80000038,0.91206177,-8.10000198
12.96000004,1.12702535,-9.79999943,0.90159728,-8.10000037
12.97000027,1.11733458,-9.79999857,0.89116812,-8.10000155
12.97999954,1.10760547,-9.79999963,0.88077413,-8.10000004
12.98999977,1.09783371,-9.79999965,0.87041706,-8.10000185
13.00000000,1.08801932,-9.80000022,0.86009825,-8.10000101
13.01000023,1.07816083,-9.80000009,0.85653599,-8.15000078
13.02000046,1.06825858,-9.79999983,0.84630876,-8.15000231
13.02999973,1.05831158,-9.79999906,0.83612249,-8.15000177
13.03999996,1.04831819,-9.79999855,0.82597664,-8.15000203
13.05000019,1.03827998,-9.79999984,0.81587128,-8.15000014
13.06000042,1.02819398,-9.79999829,0.80581040,-8.15000248
13.06999969,1.01806352,-9.79999924,0.79579306,-8.15000056
13.07999992,1.00788418,-9.79999823,0.78582024,-8.15000126
13.09000015,0.99765770,-9.79999841,0.77589268,-8.15000069
13.10000038,0.98738442,-9.80000037,0.76601168,-8.15000176
13.10999966,0.97706317,-9.79999948,0.75617950,-8.15000182
13.11999989,0.96669250,-9.79999896,0.74639503,-8.15000169
13.13000011,0.95627281,-9.80000033,0.73666062,-8.15000042
13.14000034,0.94580423,-9.79999859,0.72697658,-8.15000034
13.14999962,0.93528763,-9.79999870,0.71734530,-8.15000144
13.15999985,0.92472015,-9.79999964,0.70776593,-8.15000018
13.17000008,0.91410407,-9.79999863,0.69823931,-8.15000166
13.18000031,0.90343787,-9.79999935,0.68876754,-8.15000164
13.18999958,0.89272269,-9.80000054,0.67935206,-8.15000169
13.19999981,0.88195603,-9.79999887,0.66999218,-8.15000085
13.21000004,0.87113994,-9.79999988,0.66068924,-8.15000015
13.22000027,0.86027314,-9.79999873,0.65144526,-8.15000189
13.22999954,0.84935714,-9.79999904,0.64226118,-8.15000042
13.23999977,0.83839040,-9.80000061,0.63313613,-8.15000076
13.25000000,0.82737255,-9.79999853,0.62407235,-8.15000032
13.26000023,0.81630492,-9.79999889,0.61507054,-8.15000089
13.27000046,0.80518733,-9.80000010,0.60613134,-8.15000089
13.27999973,0.79402019,-9.79999938,0.59725704,-8.15000053
13.28999996,0.78280247,-9.80000044,0.58844636,-8.15000154
13.30000019,0.77153482,-9.80000059,0.57970080,-8.15000150
13.31000042,0.76021691,-9.79999870,0.57102194,-8.15000211
13.31999969,0.75450011,-9.84999855,0.56241080,-8.15000108
13.32999992,0.74299683,-9.84999773,0.55386595,-8.15000031
13.34000015,0.73144075,-9.84999871,0.54538936,-8.15000035
13.35000038,0.71983193,-9.84999760,0.53698157,-8.15000061
13.35999966,0.70817153,-9.84999744,0.52864448,-8.15000231
13.36999989,0.69645842,-9.84999888,0.52037585,-8.15000193
13.38000011,0.68469386,-9.84999911,0.51217695,-8.15000234
13.39000034,0.67287882,-9.84999775,0.50404719,-8.15000137
13.39999962,0.66101636,-9.84999854,0.49598736,-8.15000169
13.40999985,0.64910458,-9.84999970,0.48799511,-8.15000212
13.42000008,0.63714596,-9.84999878,0.48007092,-8.15000125
13.43000031,0.62514094,-9.84999826,0.47221480,-8.15000254
13.43999958,0.61309229,-9.84999867,0.46442637,-8.15000245
13.44999981,0.60099830,-9.84999914,0.45670432,-8.15000112
13.46000004,0.58885999,-9.84999781,0.44904986,-8.15000226
13.47000027,0.57668034,-9.84999932,0.44146073,-8.15000237
13.47999954,0.56445937,-9.84999908,0.43393874,-8.15000224
13.48999977,0.55219621,-9.84999813,0.42648175,-8.15000147
13.50000000,0.53989290,-9.84999797,0.41908993,-8.15000245
13.51000023,0.52755063,-9.84999805,0.41176229,-8.15000118
13.52000046,0.51516803,-9.84999762,0.40450086,-8.15000224
13.52999973,0.50274869,-9.84999812,0.39730367,-8.15000110
13.53999996,0.49029059,-9.84999825,0.39016964,-8.15000208
13.55000019,0.47779455,-9.84999841,0.38310002,-8.15000194
13.56000042,0.46526159,-9.84999783,0.37609321,-8.15000083
13.56999969,0.45269327,-9.84999760,0.36915067,-8.15000076
13.57999992,0.44008718,-9.84999869,0.36227057,-8.15000142
13.59000015,0.42744557,-9.84999826,0.35545264,-8.15000099
13.60000038,0.41476819,-9.84999885,0.34869728,-8.15000050
13.60999966,0.40205665,-9.84999808,0.34200449,-8.15000129
13.61999989,0.38930851,-9.84999908,0.33537326,-8.15000231
13.63000011,0.37652553,-9.84999928,0.32880369,-8.15000243
13.64000034,0.36370826,-9.84999746,0.32229465,-8.15000133
13.64999962,0.35085701,-9.84999854,0.31584807,-8.15000251
13.65999985,0.33797004,-9.84999815,0.30946137,-8.15000042
13.67000008,0.32504792,-9.84999949,0.30313603,-8.15000158
13.68000031,0.31209154,-9.84999812,0.29687044,-8.15000024
13.68999958,0.29910141,-9.84999890,0.29066602,-8.15000034
13.69999981,0.28607541,-9.84999815,0.28452072,-8.15000131
13.71000004,0.27301458,-9.84999838,0.27843481,-8.15000212
13.72000027,0.25991798,-9.84999907,0.27240919,-8.15000099
13.72999954,0.24678745,-9.84999887,0.26644329,-8.15000013
13.73999977,0.23362039,-9.84999782,0.26053548,-8.15000086
13.75000000,0.22041722,-9.84999840,0.25468639,-8.15000203
13.76000023,0.20717776,-9.84999781,0.24889605,-8.15000185
13.77000046,0.19390142,-9.84999844,0.24316410,-8.15000172
13.77999973,0.18058928,-9.84999890,0.23749097,-8.15000133
13.78999996,0.16723788,-9.84999871,0.23187603,-8.15000150
13.80000019,0.15384890,-9.84999835,0.22631782,-8.15000173
13.81000042,0.14042106,-9.84999977,0.22081729,-8.15000035
13.81999969,0.12695423,-9.84999803,0.21537602,-8.15000116
13.82999992,0.11344613,-9.84999848,0.20999159,-8.15000093
13.84000015,0.09681590,-9.89999856,0.20466389,-8.15000077
13.85000038,0.08298147,-9.89999939,0.19939221,-8.15000230
13.85999966,0.06910298,-9.89999997,0.19417791,-8.15000109
13.86999989,0.05517744,-9.89999861,0.18901889,-8.15000195
13.88000011,0.04120497,-9.89999863,0.18391620,-8.15000231
13.89000034,0.02718451,-9.89999974,0.17886945,-8.15000115
13.89999962,0.01311744,-9.89999798,0.17387825,-8.15000082
13.90999985,-0.00100125,-9.89999882,0.16894233,-8.15000120
13.92000008,-0.01517056,-9.89999880,0.16406140,-8.15000043
13.93000031,-0.02939197,-9.89999844,0.15923538,-8.15000067
13.93999958,-0.04366472,-9.89999954,0.15446428,-8.15000049
13.94999981,-0.05799323,-9.89999981,0.14974679,-8.15000174
13.96000004,-0.07237733,-9.89999820,0.14508417,-8.15000078
13.97000027,-0.08681842,-9.89999999,0.14047422,-8.15000159
13.97999954,-0.10131668,-9.89999862,0.13591970,-8.15000238
13.98999977,-0.11587640,-9.89999909,0.13141846,-8.15000020
14.00000000,-0.13049722,-9.89999840,0.12696966,-8.15000135
14.01000023,-0.14518174,-9.89999940,0.12257465,-8.15000106
14.02000046,-0.15992946,-9.89999780,0.11823135,-8.15000141
14.02999973,-0.17474366,-9.89999904,0.11394235,-8.15000072
14.03999996,-0.18962711,-9.90000008,0.10999976,-8.14827500
14.05000019,-0.20458004,-9.89999822,0.10999983,-8.12471760
14.06000042,-0.21960530,-9.89999845,0.10999988,-8.10303874
14.06999969,-0.23470288,-9.90000005,0.10679067,-8.10000076
14.07999992,-0.24987722,-9.89999819,0.10307827,-8.10000189
14.09000015,-0.26513059,-9.89999838,0.09942191,-8.10000080
14.10000038,-0.28046358,-9.89999949,0.09581992,-8.10000060
14.10999966,-0.30665958,-9.94999885,0.09227309,-8.10000093
14.11999989,-0.32249414,-9.94999970,0.08878046,-8.10000022
14.13000011,-0.33842026,-9.95000003,0.08534233,-8.10000069
14.14000034,-0.35443934,-9.94999810,0.08195839,-8.10000091
14.14999962,-0.37055410,-9.94999958,0.07862920,-8.09999995
14.15999985,-0.38676892,-9.94999928,0.07535294,-8.10000076
14.17000008,-0.40308392,-9.94999897,0.07212950,-8.10000009
14.18000031,-0.41950322,-9.94999861,0.06895801,-8.10000138
14.18999958,-0.43602786,-9.94999929,0.06583971,-8.10000156
14.19999981,-0.45266161,-9.94999850,0.06277128,-8.10000082
14.21000004,-0.46940720,-9.94999833,0.05975388,-8.10000002
14.22000027,-0.48626731,-9.94999815,0.05678566,-8.10000183
14.22999954,-0.50324404,-9.94999936,0.05386808,-8.10000118
14.23999977,-0.52034129,-9.94999926,0.05099824,-8.10000103
14.25000000,-0.53756184,-9.94999920,0.04817591,-8.10000146
14.26000023,-0.55490800,-9.94999882,0.04540084,-8.10000081
14.27000046,-0.57238435,-9.95000019,0.04267254,-8.09999996
14.27999973,-0.58999118,-9.94999800,0.03999014,-8.10000174
14.28999996,-0.60773607,-9.94999859,0.03735276,-8.10000017
14.30000019,-0.62562126,-9.95000025,0.03475881,-8.10000166
14.31000042,-0.66191440,-9.99999909,0.03220842,-8.10000073
14.31999969,-0.68051033,-10.00000001,0.02970075,-8.09999988
14.32999992,-0.69926172,-10.00000016,0.02723266,-8.10000166
14.34000015,-0.71817030,-9.99999868,0.02480381,-8.10000183
14.35000038,-0.73724078,-9.99999879,0.02241363,-8.10000016
14.35999966,-0.75647558,-9.99999862,0.02006023,-8.10000133
14.36999989,-0.77588122,-10.00000018,0.01774101,-8.10000190
14.38000011,-0.79545823,-9.99999998,0.01545680,-8.09999997
14.39000034,-0.81521195,-9.99999834,0.01320342,-8.10000196
14.39999962,-0.83514460,-10.00000009,0.01098136,-8.10000172
14.40999985,-0.85526411,-10.00000020,0.01000008,-8.09734102
14.42000008,-0.87557180,-9.99999951,0.00999983,-8.09273573
14.43000031,-0.89607235,-9.99999890,0.00999964,-8.08837287
14.43999958,-0.91677024,-10.00000023,0.00999975,-8.08424257
14.44999981,-0.93767152,-10.00000015,0.00999975,-8.08032676
14.46000004,-0.95878060,-9.99999999,0.00999991,-8.07661230
14.47000027,-0.98010092,-9.99999847,0.00999997,-8.07309062
14.47999954,-1.00163783,-10.00000019,0.00999968,-8.06974591
14.48999977,-1.02339734,-9.99999865,0.00999925,-8.06656847
14.50000000,-1.04538703,-9.99999991,0.00999965,-8.06354892
14.51000023,-1.06760853,-10.00000039,0.00999973,-8.06067480
14.52000046,-1.09006999,-10.00000042,0.00999960,-8.05793867
14.52999973,-1.11277287,-9.99999977,0.00999945,-8.05533213
14.53999996,-1.13572847,-9.99999969,0.00999978,-8.05284265
14.55000019,-1.18892151,-10.04999965,0.00999957,-8.05046612
14.56000042,-1.21296394,-10.04999974,0.00889607,-8.05000145
14.56999969,-1.26839979,-10.09999902,0.00752151,-8.05000067
14.57999992,-1.29358256,-10.09999879,0.00615183,-8.05000199
14.59000015,-1.31906258,-10.09999927,0.00478717,-8.05000232
14.60000038,-1.28999948,-10.01660660,0.00342541,-8.05000139
14.60999966,-1.30396316,-10.00000006,0.00206309,-8.05000113
14.61999989,-1.32915560,-9.99999916,0.00069681,-8.05000256
14.63000011,-1.38937744,-10.04999871,-0.00067204,-8.05000254
14.64000034,-1.41582679,-10.04999924,-0.00204616,-8.05000126
14.64999962,-1.44260853,-10.05000000,-0.00343188,-8.05000247
14.65999985,-1.46973646,-10.05000001,-0.00482589,-8.05000144
14.67000008,-1.57176189,-10.14999820,-0.00623597,-8.05000160
14.68000031,-1.53999866,-10.06970183,-0.00766007,-8.05000086
14.68999958,-1.55325355,-10.04999944,-0.00910344,-8.05000084
14.69999981,-1.58183748,-10.05000043,-0.01056955,-8.05000233
14.71000004,-1.61080494,-10.05000014,-0.01205737,-8.05000167
14.72000027,-1.63999867,-10.04978989,-0.01357270,-8.05000213
14.72999954,-1.63999855,-10.01381640,-0.01511555,-8.05000209
14.73999977,-1.65803481,-9.99999888,-0.01669019,-8.05000193
14.75000000,-1.68792060,-10.00000021,-0.01829991,-8.05000199
14.76000023,-1.68999905,-9.96758359,-0.01994709,-8.05000178
14.77000046,-1.68999842,-9.93341888,-0.02163395,-8.05000079
14.77999973,-1.68999974,-9.89991749,-0.02336587,-8.05000171
14.78999996,-1.68999949,-9.86704598,-0.02514322,-8.05000156
14.80000019,-1.68999979,-9.83479242,-0.02697043,-8.05000134
14.81000042,-1.68999926,-9.80313479,-0.02885157,-8.05000219
14.81999969,-1.68999904,-9.77205866,-0.03078803,-8.05000138
14.82999992,-1.68999956,-9.74153863,-0.03278479,-8.05000178
14.84000015,-1.68999830,-9.71156013,-0.03484560,-8.05000145
14.85000038,-1.68999851,-9.68210856,-0.03697387,-8.05000188
14.85999966,-1.68999909,-9.65316964,-0.03917366,-8.05000233
14.86999989,-1.68999880,-9.62472092,-0.04144714,-8.05000121
14.88000011,-1.68999820,-9.59675080,-0.04380204,-8.05000231
14.89000034,-1.68999953,-9.56924678,-0.04623848,-8.05000168
14.89999962,-1.68999920,-9.54219377,-0.04876281,-8.05000148
14.90999985,-1.68999886,-9.51557442,-0.05137929,-8.05000183
14.92000008,-1.68999918,-9.48938061,-0.05409181,-8.05000169
14.93000031,-1.68999929,-9.46359763,-0.05690524,-8.05000093
14.93999958,-1.68999981,-9.43821631,-0.05982355,-8.05000084
14.94999981,-1.68999809,-9.41321948,-0.06285425,-8.05000180
14.96000004,-1.70382803,-9.39999890,-0.06599952,-8.05000147
14.97000027,-1.73396274,-9.39999973,-0.06926694,-8.05000183
14.97999954,-1.73999905,-9.38034383,-0.07266068,-8.05000202
14.98999977,-1.73999878,-9.35614685,-0.07618573,-8.05000174
15.00000000,-1.73999843,-9.33229635,-0.07984875,-8.05000149
15.01000023,-1.73999966,-9.30878332,-0.08365639,-8.05000138
15.02000046,-1.73999849,-9.28559628,-0.08761355,-8.05000206
15.02999973,-1.73999869,-9.26272938,-0.09000015,-8.04873129
15.03999996,-1.73999864,-9.24017017,-0.09000101,-8.04565547
15.05000019,-1.73999863,-9.21791160,-0.09000059,-8.04255860
15.06000042,-1.73999827,-9.19594597,-0.09000017,-8.03943618
15.06999969,-1.73999909,-9.17426729,-0.09000173,-8.03629174
15.07999992,-1.73999878,-9.15286359,-0.09000041,-8.03311818
15.09000015,-1.73999959,-9.13173079,-0.09000157,-8.02991809
15.10000038,-1.73999941,-9.11085982,-0.09000015,-8.02668834
15.10999966,-1.73999991,-9.09024685,-0.09000008,-8.02342811
15.11999989,-1.73999951,-9.06988172,-0.09000133,-8.02013620
15.13000011,-1.73999829,-9.04975850,-0.09000091,-8.01680875
15.14000034,-1.73999838,-9.02987360,-0.09000157,-8.01344847
15.14999962,-1.73999905,-9.01022119,-0.09000034,-8.01005095
15.15999985,-1.75543806,-8.99999958,-0.09000074,-8.00661541
15.17000008,-1.78842223,-9.00000047,-0.09000090,-8.00314264
15.18000031,-1.78999946,-8.98145977,-0.09064413,-8.00000054
15.18999958,-1.78999951,-8.96220999,-0.09691095,-8.00000099
15.19999981,-1.78999777,-8.94316870,-0.10345577,-8.00000050
15.21000004,-1.78999987,-8.92433486,-0.11029146,-8.00000080
15.22000027,-1.78999855,-8.90569935,-0.11742903,-8.00000079
15.22999954,-1.78999934,-8.88726176,-0.12488232,-8.00000138
15.23999977,-1.78999975,-8.86901387,-0.13265677,-8.00000068
15.25000000,-1.78999913,-8.85095218,-0.14000143,-7.99960381
15.26000023,-1.78999985,-8.83307323,-0.14000000,-7.99531234
15.27000046,-1.78999929,-8.81537212,-0.14000013,-7.99097716
15.27999973,-1.78999935,-8.79784588,-0.13999991,-7.98659611
15.28999996,-1.78999792,-8.78048888,-0.14000144,-7.98216983
15.30000019,-1.78999904,-8.76329856,-0.14000119,-7.97769409
15.31000042,-1.78999979,-8.74627124,-0.14000148,-7.97316966
15.31999969,-1.78999924,-8.72940350,-0.14000022,-7.96859421
15.32999992,-1.78999820,-8.71268948,-0.14000010,-7.96396834
15.34000015,-1.78999938,-8.69612903,-0.14000100,-7.95929170
15.35000038,-1.78999823,-8.67971519,-0.14000117,-7.95456207
15.35999966,-1.78999984,-8.66344867,-0.14000019,-7.94977946
15.36999989,-1.78999806,-8.64731990,-0.14000100,-7.94494377
15.38000011,-1.78999848,-8.63132906,-0.14000100,-7.94005491
15.39000034,-1.78999969,-8.61547224,-0.14000202,-7.93511401
15.39999962,-1.78999896,-8.59974562,-0.14000210,-7.93012143
15.40999985,-1.78999777,-8.58414179,-0.14000071,-7.92507469
15.42000008,-1.78999935,-8.56866197,-0.14000022,-7.91997774
15.43000031,-1.78999815,-8.55329996,-0.14000088,-7.91482991
15.43999958,-1.78999940,-8.53805473,-0.13999997,-7.90963114
15.44999981,-1.78999765,-8.52291882,-0.14000217,-7.90438231
15.46000004,-1.78999799,-8.50789372,-0.14248826,-7.90000076
15.47000027,-1.80934608,-8.50000038,-0.15725677,-7.90000105
15.47999954,-1.83999822,-8.49603231,-0.17262944,-7.90000071
15.48999977,-1.83999884,-8.48103458,-0.18863256,-7.90000077
15.50000000,-1.83999930,-8.46613913,-0.19000166,-7.89471062
15.51000023,-1.83999801,-8.45134192,-0.19000189,-7.88889483
15.52000046,-1.83999937,-8.43664306,-0.19000094,-7.88303485
15.52999973,-1.83999932,-8.42203865,-0.19000153,-7.87713260
15.53999996,-1.83999895,-8.40752453,-0.19000191,-7.87118652
15.55000019,-1.83999788,-8.39310022,-0.19000196,-7.86519793
15.56000042,-1.83999853,-8.37876262,-0.19000209,-7.85916593
15.56999969,-1.83999896,-8.36451188,-0.19000049,-7.85309176
15.57999992,-1.83999916,-8.35034177,-0.19000188,-7.84697477
15.59000015,-1.83999920,-8.33625290,-0.19000202,-7.84081600
15.60000038,-1.83999902,-8.32224298,-0.19000147,-7.83461521
15.60999966,-1.83999832,-8.30831092,-0.19000023,-7.82837289
15.61999989,-1.83999955,-8.29445352,-0.19000098,-7.82208944
15.63000011,-1.83999776,-8.28066751,-0.19000217,-7.81576373
15.64000034,-1.83999965,-8.26695475,-0.19000145,-7.80939682
15.64999962,-1.83999782,-8.25331233,-0.19000173,-7.80299000
15.65999985,-1.87821036,-8.25000047,-0.20288435,-7.80000075
15.67000008,-1.88999989,-8.23944598,-0.22764251,-7.80000092
15.68000031,-1.88999873,-8.22579307,-0.24000166,-7.79652845
15.68999958,-1.88999994,-8.21220904,-0.24000068,-7.78975189
15.69999981,-1.88999895,-8.19868829,-0.24000161,-7.78293754
15.71000004,-1.88999955,-8.18523250,-0.24000227,-7.77608631
15.72000027,-1.88999899,-8.17183895,-0.24000060,-7.76919698
15.72999954,-1.88999877,-8.15850821,-0.24000205,-7.76227185
15.73999977,-1.88999864,-8.14523696,-0.24000227,-7.75530954
15.75000000,-1.88999788,-8.13202399,-0.24000177,-7.74830963
15.76000023,-1.88999788,-8.11886959,-0.24000122,-7.74127276
15.77000046,-1.88999833,-8.10577209,-0.24000092,-7.73419906
15.77999973,-1.88999809,-8.09273143,-0.24000154,-7.72709000
15.78999996,-1.88999908,-8.07974433,-0.24000103,-7.71994264
15.80000019,-1.88999792,-8.06681028,-0.23999995,-7.71275857
15.81000042,-1.88999807,-8.05392976,-0.24000090,-7.70553838
15.81999969,-1.88999910,-8.04110373,-0.24000043,-7.69828068
15.82999992,-1.88999776,-8.02832695,-0.24000100,-7.69098578
15.84000015,-1.88999804,-8.01560062,-0.24000079,-7.68365364
15.85000038,-1.88999906,-8.00292362,-0.24000048,-7.67628524
15.85999966,-1.93981268,-8.00000004,-0.24000031,-7.66888074
15.86999989,-1.93999898,-7.98729986,-0.24000099,-7.66143905
15.88000011,-1.93999775,-7.97461273,-0.24000090,-7.65396012
15.89000034,-1.93999916,-7.96197519,-0.24000017,-7.64644465
15.89999962,-1.93999757,-7.94938667,-0.24000203,-7.63889373
15.90999985,-1.93999928,-7.93684487,-0.24000212,-7.63130436
15.92000008,-1.93999835,-7.92435018,-0.24000109,-7.62367824
15.93000031,-1.93999844,-7.91190185,-0.24000183,-7.61601555
15.93999958,-1.93999839,-7.89950104,-0.24000005,-7.60831632
15.94999981,-1.93999959,-7.88714432,-0.24000128,-7.60057965
15.96000004,-1.93999849,-7.87483254,-0.24000118,-7.59280554
15.97000027,-1.93999866,-7.86256506,-0.24000040,-7.58499375
15.97999954,-1.93999889,-7.85034332,-0.24000180,-7.57714632
15.98999977,-1.93999809,-7.83816401,-0.24000128,-7.56926032
16.00000000,-1.93999977,-7.82602801,-0.24000186,-7.56133631
16.01000023,-1.93999798,-7.81393492,-0.24000152,-7.55337483
16.02000046,-1.93999853,-7.80188524,-0.27065017,-7.55000048
16.03000069,-1.93999799,-7.78987717,-0.29000155,-7.54476612
16.04000092,-1.93999964,-7.77791256,-0.29000197,-7.53657678
16.04999924,-1.93999758,-7.76599084,-0.29000099,-7.52835225
16.05999947,-1.93999782,-7.75410965,-0.29000178,-7.52009099
16.06999969,-1.93999897,-7.74227008,-0.28999997,-7.51179263
16.07999992,-1.93999955,-7.73047152,-0.29000108,-7.50345795
16.09000015,-1.93999860,-7.71871465,-0.29000090,-7.49508707
16.10000038,-1.93999921,-7.70699896,-0.29000007,-7.48667879
16.11000061,-1.93999787,-7.69532444,-0.29000169,-7.47823366
16.12000084,-1.93999807,-7.68369126,-0.29000149,-7.46975106
16.12999916,-1.93999841,-7.67210118,-0.29000032,-7.46123175
16.13999939,-1.93999981,-7.66055076,-0.29000117,-7.45267364
16.14999962,-1.93999886,-7.64904073,-0.29000214,-7.44407786
16.15999985,-1.93999877,-7.63757150,-0.29000156,-7.43544396
16.17000008,-1.93999817,-7.62614222,-0.29000002,-7.42677245
16.18000031,-1.93999842,-7.61475267,-0.29000056,-7.41806377
16.19000053,-1.93999794,-7.60340233,-0.29000143,-7.40931780
16.20000076,-1.93999801,-7.59209108,-0.29000106,-7.40053532
16.20999908,-1.93999946,-7.58082063,-0.29000209,-7.39171771
16.21999931,-1.93999858,-7.56958534,-0.29000055,-7.38286181
16.22999954,-1.93999900,-7.55838771,-0.29000212,-7.37396978
16.23999977,-1.93999935,-7.54722744,-0.29000011,-7.36504177
16.25000000,-1.93999811,-7.53610388,-0.28999999,-7.35607866
16.26000023,-1.93999866,-7.52501649,-0.29000001,-7.34708004
16.27000046,-1.93999776,-7.51396498,-0.29000108,-7.33804661
16.28000069,-1.93999832,-7.50294864,-0.29000147,-7.32897812
16.29000092,-1.93999934,-7.49196798,-0.29000178,-7.31987570
16.29999924,-1.93999904,-7.48102338,-0.29000032,-7.31074039
16.30999947,-1.93999859,-7.47011073,-0.29000013,-7.30156985
16.31999969,-1.93999916,-7.45923225,-0.29000222,-7.29236662
16.32999992,-1.95610726,-7.44999997,-0.29000191,-7.28313030
16.34000015,-1.98999899,-7.44253476,-0.29000166,-7.27386135
16.35000038,-1.98999932,-7.43170922,-0.29000106,-7.26456032
16.36000061,-1.98999881,-7.42091784,-0.28999997,-7.25522798
16.37000084,-1.98999988,-7.41015982,-0.29000047,-7.24586458
16.37999916,-1.98999979,-7.39943679,-0.29000231,-7.23647296
16.38999939,-1.98999919,-7.38874402,-0.29000079,-7.22704873
16.39999962,-1.98999770,-7.37808278,-0.29000014,-7.21759482
16.40999985,-1.98999782,-7.36745361,-0.29000043,-7.20811183
16.42000008,-1.98999958,-7.35685569,-0.29000118,-7.19860045
16.43000031,-1.98999811,-7.34628760,-0.29000002,-7.18906041
16.44000053,-1.98999815,-7.33575032,-0.29000124,-7.17949344
16.45000076,-1.98999749,-7.32524173,-0.29000014,-7.16989804
16.45999908,-1.98999816,-7.31476484,-0.29000113,-7.16027843
16.46999931,-1.98999794,-7.30431397,-0.29000179,-7.15063023
16.47999954,-1.98999938,-7.29389120,-0.29000189,-7.14095621
16.48999977,-1.98999986,-7.28349544,-0.29000120,-7.13125620
16.50000000,-1.98999920,-7.27312702,-0.29000182,-7.12153188
16.51000023,-1.98999767,-7.26278432,-0.29000129,-7.11178263
16.52000046,-1.98999755,-7.25246770,-0.29000205,-7.10200937
16.53000069,-1.98999847,-7.24217651,-0.29000106,-7.09221243
16.54000092,-1.98999833,-7.23190993,-0.29000081,-7.08239246
16.54999924,-1.98999917,-7.22166961,-0.29000088,-7.07255177
16.55999947,-1.98999895,-7.21145093,-0.29000154,-7.06268698
16.56999969,-1.98999974,-7.20125537,-0.29000226,-7.05280054
16.57999992,-2.03999752,-7.19544071,-0.34000139,-7.04725110
16.59000015,-2.03999852,-7.18528271,-0.34000005,-7.03731529
16.60000038,-2.03999783,-7.17514775,-0.34000083,-7.02736092
16.61000061,-2.03999785,-7.16503505,-0.34000097,-7.01738765
16.62000084,-2.03999842,-7.15494408,-0.34000030,-7.00739583
16.62999916,-2.03999935,-7.14487579,-0.34000092,-6.99738743
16.63999939,-2.03999846,-7.13482653,-0.34000069,-6.98735975
16.64999962,-2.03999794,-7.12479746,-0.34000153,-6.97731476
16.65999985,-2.03999784,-7.11478801,-0.34000104,-6.96725264
16.67000008,-2.03999788,-7.10479773,-0.34000140,-6.95717387
16.68000031,-2.03999800,-7.09482607,-0.34000009,-6.94707863
16.69000053,-2.03999813,-7.08487254,-0.34000167,-6.93696765
16.70000076,-2.03999827,-7.07493658,-0.34000121,-6.92684090
16.70999908,-2.03999797,-7.06502004,-0.34000086,-6.91670133
16.71999931,-2.03999780,-7.05511781,-0.34000075,-6.90654437
16.72999954,-2.03999968,-7.04523230,-0.34000066,-6.89637336
16.73999977,-2.03999848,-7.03536172,-0.34000015,-6.88618759
16.75000000,-2.03999928,-7.02550694,-0.34000180,-6.87598859
16.76000023,-2.03999950,-7.01566626,-0.34000055,-6.86577535
16.77000046,-2.03999898,-7.00584021,-0.34000105,-6.85554949
16.78000069,-2.03999765,-6.99602774,-0.34000059,-6.84531077
16.79000092,-2.03999783,-6.98622863,-0.34000166,-6.83505966
16.79999924,-2.03999912,-6.97644395,-0.34000136,-6.82479760
16.80999947,-2.03999944,-6.96667012,-0.34000237,-6.81452230
16.81999969,-2.03999859,-6.95690787,-0.34000193,-6.80423551
16.82999992,-2.03999868,-6.94715717,-0.34000234,-6.79393757
16.84000015,-2.03999749,-6.93741721,-0.34000101,-6.78362869
16.85000038,-2.03999954,-6.92768799,-0.34000021,-6.77330940
16.86000061,-2.03999754,-6.91796840,-0.34000214,-6.76298024
16.87000084,-2.03999854,-6.90825865,-0.34000178,-6.75264107
16.87999916,-2.03999739,-6.89855964,-0.34000130,-6.74229446
16.88999939,-2.03999948,-6.88886768,-0.34000092,-6.73193680
16.89999962,-2.03999947,-6.87918371,-0.34000024,-6.72157037
16.90999985,-2.03999962,-6.86950714,-0.34000155,-6.71119518
16.92000008,-2.03999756,-6.85983808,-0.33999996,-6.70081218
16.93000031,-2.03999791,-6.85017577,-0.34000229,-6.69042129
16.94000053,-2.08999802,-6.84524093,-0.34000160,-6.68002315
16.95000076,-2.08999845,-6.83561340,-0.34000191,-6.66961764
16.95999908,-2.08999816,-6.82599370,-0.34000093,-6.65920725
16.96999931,-2.08999782,-6.81637772,-0.34000120,-6.64878861
16.97999954,-2.08999925,-6.80676662,-0.34000229,-6.63836352
16.98999977,-2.08999997,-6.79716065,-0.34000155,-6.62793307
17.00000000,-2.08999999,-6.78755846,-0.34000153,-6.61749679
17.01000023,-2.08999917,-6.77795950,-0.34000183,-6.60705517
17.02000046,-2.08999984,-6.76836472,-0.33999997,-6.59660905
17.03000069,-2.08999926,-6.75877240,-0.34000051,-6.58615839
17.04000092,-2.08999774,-6.74918250,-0.34000095,-6.57570383
17.04999924,-2.08999936,-6.73959663,-0.34000089,-6.56524705
17.05999947,-2.08999986,-6.73001053,-0.34000060,-6.55478505
17.06999969,-2.08999893,-6.72042572,-0.34000195,-6.54432028
17.07999992,-2.08999878,-6.71084155,-0.34000033,-6.53385215
17.09000015,-2.08999933,-6.70125759,-0.33999995,-6.52338148
17.10000038,-2.08999799,-6.69167365,-0.34000096,-6.51290912
17.11000061,-2.08999984,-6.68208986,-0.34000049,-6.50243512
17.12000084,-2.08999949,-6.67250434,-0.39000177,-6.49711767
17.12999916,-2.08999937,-6.66292021,-0.39000029,-6.48666865
17.13999939,-2.08999959,-6.65333194,-0.39000191,-6.47621663
17.14999962,-2.08999987,-6.64374198,-0.39000151,-6.46576432
17.15999985,-2.08999792,-6.63414919,-0.39000133,-6.45531186
17.17000008,-2.08999821,-6.62455418,-0.39000112,-6.44486003
17.18000031,-2.08999841,-6.61495533,-0.39000088,-6.43440824
17.19000053,-2.08999818,-6.60535316,-0.39000016,-6.42395783
17.20000076,-2.08999766,-6.59574689,-0.39000136,-6.41350885
17.20999908,-2.08999895,-6.58613811,-0.39000161,-6.40306347
17.21999931,-2.08999966,-6.57652275,-0.39000110,-6.39261790
17.22999954,-2.08999991,-6.56690208,-0.39000217,-6.38217487
17.23999977,-2.08999945,-6.55727565,-0.39000176,-6.37173456
17.25000000,-2.08999798,-6.54764318,-0.39000001,-6.36129723
17.26000023,-2.08999799,-6.53800474,-0.39000139,-6.35086362
17.27000046,-2.08999940,-6.52835955,-0.39000101,-6.34043393
17.28000069,-2.08999972,-6.51870720,-0.39000099,-6.33000860
17.29000092,-2.08999888,-6.50904726,-0.39000113,-6.31958806
17.29999924,-2.08999889,-6.49938107,-0.39000111,-6.30917411
17.30999947,-2.08999761,-6.48970477,-0.39000106,-6.29876368
17.31999969,-2.08999977,-6.48002036,-0.39000082,-6.28835916
17.32999992,-2.08999778,-6.47032682,-0.39000223,-6.27796105
17.34000015,-2.08999896,-6.46062449,-0.39000044,-6.26756839
17.35000038,-2.08999819,-6.45091286,-0.39000033,-6.25718177
17.36000061,-2.08999782,-6.44119335,-0.39000162,-6.24680202
17.37000084,-2.08999772,-6.43146458,-0.39000177,-6.23642744
17.37999916,-2.08999983,-6.42173014,-0.39000023,-6.22606146
17.38999939,-2.08999962,-6.41198443,-0.38999995,-6.21569898
17.39999962,-2.08999930,-6.40223058,-0.39000048,-6.20534293
17.40999985,-2.13999945,-6.39827700,-0.39000179,-6.19499320
17.42000008,-2.13999877,-6.38852322,-0.39000093,-6.18464864
17.43000031,-2.13999993,-6.37876145,-0.39000055,-6.17431045
17.44000053,-2.13999794,-6.36899065,-0.39000031,-6.16397818
17.45000076,-2.13999995,-6.35921237,-0.39000024,-6.15365222
17.45999908,-2.13999828,-6.34942658,-0.39000218,-6.14333394
17.46999931,-2.13999807,-6.33963139,-0.39000164,-6.13301962
17.47999954,-2.13999889,-6.32982802,-0.39000067,-6.12271125
17.48999977,-2.13999827,-6.32001593,-0.39000175,-6.11240846
17.50000000,-2.13999850,-6.31019652,-0.39000210,-6.10211186
17.51000023,-2.13999928,-6.30036921,-0.39000154,-6.09182112
17.52000046,-2.13999830,-6.29053335,-0.38999991,-6.08153571
17.53000069,-2.13999989,-6.28069019,-0.39000223,-6.07125656
17.54000092,-2.13999939,-6.27083965,-0.39000058,-6.06098335
17.54999924,-2.13999885,-6.26098298,-0.39000232,-6.05071791
17.55999947,-2.13999825,-6.25111654,-0.39000032,-6.04045550
17.56999969,-2.13999989,-6.24124357,-0.39000131,-6.03019979
17.57999992,-2.13999879,-6.23136264,-0.39000046,-6.01994923
17.59000015,-2.13999941,-6.22147434,-0.39000001,-6.00970414
17.60000038,-2.13999964,-6.21157940,-0.39000004,-5.99946549
17.61000061,-2.13999916,-6.20167700,-0.39000041,-5.98923224
17.62000084,-2.13999816,-6.19176725,-0.39000107,-5.97900436
17.62999916,-2.13999845,-6.18185290,-0.39000181,-5.96878421
17.63999939,-2.13999853,-6.17192988,-0.39000059,-5.95856771
17.64999962,-2.13999793,-6.16199970,-0.38999992,-5.94835655
17.65999985,-2.13999901,-6.15206322,-0.39000189,-5.93815148
17.67000008,-2.13999951,-6.14212025,-0.39000176,-5.92795187
17.68000031,-2.13999927,-6.13217041,-0.39000200,-5.91775749
17.69000053,-2.13999828,-6.12221381,-0.39000000,-5.90756799
17.70000076,-2.13999906,-6.11225166,-0.41130322,-5.90000057
17.70999908,-2.13999873,-6.10228430,-0.44000136,-5.89335366
17.71999931,-2.13999800,-6.09230947,-0.44000201,-5.88318700
17.72999954,-2.13999887,-6.08232836,-0.44000053,-5.87302493
17.73999977,-2.13999898,-6.07234093,-0.44000192,-5.86286785
17.75000000,-2.13999826,-6.06234809,-0.44000114,-5.85271621
17.76000023,-2.13999913,-6.05234886,-0.44000063,-5.84256879
17.77000046,-2.18999799,-6.04851828,-0.44000045,-5.83242703
17.78000069,-2.18999928,-6.03851169,-0.44000058,-5.82228995
17.79000092,-2.18999965,-6.02849882,-0.44000102,-5.81215749
17.79999924,-2.18999905,-6.01848209,-0.44000169,-5.80203204
17.80999947,-2.18999787,-6.00845779,-0.44000020,-5.79190944
17.81999969,-2.18999813,-5.99842775,-0.44000155,-5.78179168
17.82999992,-2.18999990,-5.98839252,-0.44000075,-5.77167861
17.84000015,-2.18999842,-5.97835111,-0.44000019,-5.76157000
17.85000038,-2.18999861,-5.96830463,-0.44000011,-5.75146637
17.86000061,-2.18999781,-5.95825286,-0.44000018,-5.74136768
17.87000084,-2.18999850,-5.94819578,-0.44000053,-5.73127335
17.87999916,-2.18999800,-5.93813559,-0.44000097,-5.72118569
17.88999939,-2.18999917,-5.92806822,-0.44000182,-5.71110053
17.89999962,-2.18999939,-5.91799592,-0.44000062,-5.70101985
17.90999985,-2.18999861,-5.90791837,-0.44000216,-5.69094365
17.92000008,-2.18999913,-5.89783621,-0.44000131,-5.68087198
17.93000031,-2.18999865,-5.88774951,-0.44000105,-5.67080485
17.94000053,-2.18999969,-5.87765794,-0.44000105,-5.66074194
17.95000076,-2.18999955,-5.86756185,-0.44000107,-5.65068362
17.95999908,-2.18999815,-5.85746287,-0.44000127,-5.64063117
17.96999931,-2.18999833,-5.84735782,-0.44000190,-5.63058141
17.97999954,-2.18999981,-5.83724832,-0.44000056,-5.62053535
17.98999977,-2.18999784,-5.82713432,-0.44000178,-5.61049401
18.00000000,-2.18999959,-5.81701631,-0.44000103,-5.60045629
18.01000023,-2.18999753,-5.80689392,-0.44000021,-5.59042296
18.02000046,-2.18999942,-5.79676817,-0.43999992,-5.58039394
18.03000069,-2.18999762,-5.78663774,-0.43999996,-5.57036872
18.04000092,-2.18999923,-5.77650408,-0.43999993,-5.56034773
18.04999924,-2.18999964,-5.76636817,-0.44000028,-5.55033233
18.05999947,-2.18999901,-5.75622666,-0.44000091,-5.54031919
18.06999969,-2.18999955,-5.74608189,-0.44000192,-5.53031014
18.07999992,-2.18999881,-5.73593253,-0.44000072,-5.52030400
18.09000015,-2.18999919,-5.72578063,-0.44000000,-5.51030227
18.10000038,-2.18999828,-5.71562488,-0.44000174,-5.50030435
18.11000061,-2.18999853,-5.70546610,-0.44000136,-5.49031009
18.12000084,-2.18999982,-5.69530401,-0.44000142,-5.48031918
18.12999916,-2.18999966,-5.68514015,-0.44000148,-5.47033360
18.13999939,-2.18999816,-5.67497182,-0.44000186,-5.46035036
18.14999962,-2.18999794,-5.66480031,-0.44000028,-5.45037012
18.15999985,-2.18999869,-5.65462574,-0.44000144,-5.44039337
18.17000008,-2.18999798,-5.64444835,-0.44000029,-5.43041996
18.18000031,-2.18999837,-5.63426795,-0.44000198,-5.42045004
18.19000053,-2.18999956,-5.62408520,-0.44000136,-5.41048332
18.20000076,-2.18999947,-5.61389984,-0.44000131,-5.40052013
18.20999908,-2.18999987,-5.60371361,-0.44000097,-5.39056187
18.21999931,-2.23999914,-5.59960602,-0.44000144,-5.38060451
18.22999954,-2.23999787,-5.58940630,-0.44000215,-5.37065109
18.23999977,-2.23999977,-5.57920379,-0.44000058,-5.36069967
18.25000000,-2.23999776,-5.56899849,-0.44000178,-5.35075190
18.26000023,-2.23999928,-5.55879155,-0.44000101,-5.34080692
18.27000046,-2.23999900,-5.54858230,-0.44000039,-5.33086516
18.28000069,-2.23999965,-5.53837018,-0.44000005,-5.32092557
18.29000092,-2.23999880,-5.52815636,-0.44000004,-5.31098958
18.29999924,-2.23999846,-5.51794231,-0.44000011,-5.30105792
18.30999947,-2.23999916,-5.50772422,-0.44000063,-5.29112681
18.31999969,-2.23999832,-5.49750422,-0.44000171,-5.28119860
18.32999992,-2.23999827,-5.48728265,-0.44000051,-5.27127298
18.34000015,-2.23999903,-5.47705919,-0.44000211,-5.26134991
18.35000038,-2.23999794,-5.46683358,-0.44000137,-5.25142879
18.36000061,-2.23999771,-5.45660662,-0.49000195,-5.24748536
18.37000084,-2.23999823,-5.44637844,-0.49000056,-5.23756069
18.37999916,-2.23999914,-5.43615055,-0.49000174,-5.22764017
18.38999939,-2.23999862,-5.42591926,-0.49000110,-5.21771992
18.39999962,-2.23999866,-5.41568653,-0.49000061,-5.20780149
18.40999985,-2.23999957,-5.40545271,-0.49000074,-5.19788547
18.42000008,-2.23999868,-5.39521737,-0.49000112,-5.18797107
18.43000031,-2.23999842,-5.38498117,-0.49000182,-5.17805889
18.44000053,-2.23999861,-5.37474374,-0.49000029,-5.16814805
18.45000076,-2.23999956,-5.36450567,-0.49000173,-5.15823954
18.45999908,-2.23999829,-5.35426870,-0.49000069,-5.14833455
18.46999931,-2.23999796,-5.34402895,-0.49000038,-5.13842900
18.47999954,-2.23999802,-5.33378834,-0.49000031,-5.12852475
18.48999977,-2.23999872,-5.32354747,-0.49000061,-5.11862220
18.50000000,-2.23999757,-5.31330612,-0.49000150,-5.10872127
18.51000023,-2.23999925,-5.30306457,-0.49000020,-5.09882102
18.52000046,-2.23999908,-5.29282223,-0.49000175,-5.08892208
18.53000069,-2.23999930,-5.28257999,-0.49000116,-5.07902420
18.54000092,-2.23999751,-5.27233767,-0.49000105,-5.06912756
18.54999924,-2.23999837,-5.26209727,-0.49000099,-5.05923361
18.55999947,-2.23999987,-5.25185493,-0.49000158,-5.04933829
18.56999969,-2.23999935,-5.24161269,-0.49000016,-5.03944379
18.57999992,-2.23999924,-5.23137105,-0.49000163,-5.02955042
18.59000015,-2.23999942,-5.22112959,-0.49000107,-5.01965712
18.60000038,-2.23999759,-5.21088844,-0.49000080,-5.00976468
18.61000061,-2.23999853,-5.20064779,-0.49000112,-4.99987253
18.62000084,-2.23999983,-5.19040785,-0.49000178,-4.98998113
18.62999916,-2.23999882,-5.18016987,-0.49000030,-4.98009153
18.63999939,-2.23999839,-5.16993073,-0.49000172,-4.97020102
18.64999962,-2.23999815,-5.15969185,-0.49000111,-4.96031046
18.65999985,-2.23999826,-5.14945381,-0.49000090,-4.95042052
18.67000008,-2.23999866,-5.13921615,-0.49000105,-4.94053068
18.68000031,-2.23999931,-5.12897931,-0.49000171,-4.93064147
18.69000053,-2.23999800,-5.11874265,-0.49000035,-4.92075200
18.70000076,-2.23999918,-5.10850718,-0.49000159,-4.91086334
18.70999908,-2.23999806,-5.09827379,-0.49000080,-4.90097633
18.71999931,-2.23999753,-5.08803942,-0.49000054,-4.89108791
18.72999954,-2.23999961,-5.07780585,-0.49000057,-4.88119943
18.73999977,-2.23999934,-5.06757297,-0.49000100,-4.87131140
18.75000000,-2.23999936,-5.05734067,-0.49000177,-4.86142324
18.76000023,-2.26586657,-5.05000021,-0.49000059,-4.85153516
18.77000046,-2.28999772,-5.04245693,-0.49000212,-4.84164776
18.78000069,-2.28999949,-5.03221720,-0.49000168,-4.83175939
18.79000092,-2.28999914,-5.02197884,-0.49000147,-4.82187174
18.79999924,-2.28999861,-5.01174303,-0.49000143,-4.81198581
18.80999947,-2.28999844,-5.00150602,-0.49000191,-4.80209770
18.81999969,-2.28999858,-4.99127026,-0.49000043,-4.79220947
18.82999992,-2.28999884,-4.98103520,-0.49000167,-4.78232123
18.84000015,-2.28999936,-4.97080138,-0.49000094,-4.77243286
18.85000038,-2.28999745,-4.96056857,-0.49000044,-4.76254457
18.86000061,-2.28999821,-4.95033636,-0.49000023,-4.75265543
18.87000084,-2.28999887,-4.94010596,-0.54000102,-4.74824850
18.87999916,-2.28999971,-4.92987829,-0.53999998,-4.73835171
18.88999939,-2.28999838,-4.91964939,-0.54000183,-4.72845277
18.89999962,-2.28999942,-4.90942209,-0.54000153,-4.71855359
18.90999985,-2.28999835,-4.89919545,-0.54000164,-4.70865392
18.92000008,-2.28999954,-4.88897059,-0.54000185,-4.69875408
18.93000031,-2.28999856,-4.87874681,-0.54000015,-4.68885398
18.94000053,-2.28999777,-4.86852404,-0.54000116,-4.67895353
18.95000076,-2.28999925,-4.85830255,-0.54000235,-4.66905245
18.95999908,-2.28999838,-4.84808423,-0.54000144,-4.65915281
18.96999931,-2.28999769,-4.83786507,-0.54000088,-4.64925057
18.97999954,-2.28999935,-4.82764769,-0.54000060,-4.63934813
18.98999977,-2.28999858,-4.81743158,-0.54000049,-4.62944545
19.00000000,-2.28999814,-4.80721613,-0.54000091,-4.61954151
19.01000023,-2.28999974,-4.79700314,-0.54000142,-4.60963760
19.02000046,-2.28999928,-4.78679091,-0.54000229,-4.59973300
19.03000069,-2.28999861,-4.77657996,-0.54000095,-4.58982719
19.04000092,-2.28999796,-4.76637071,-0.54000006,-4.57992093
19.04999924,-2.28999959,-4.75616474,-0.54000154,-4.57001601
19.05999947,-2.28999900,-4.74595838,-0.54000112,-4.56010840
19.06999969,-2.28999837,-4.73575373,-0.54000093,-4.55020029
19.07999992,-2.28999765,-4.72554993,-0.54000090,-4.54029066
19.09000015,-2.28999927,-4.71534859,-0.54000116,-4.53038098
19.10000038,-2.28999849,-4.70514835,-0.54000171,-4.52047020
19.11000061,-2.28999762,-4.69494946,-0.54000011,-4.51055804
19.12000084,-2.28999922,-4.68475259,-0.54000124,-4.50064554
19.12999916,-2.28999806,-4.67455880,-0.53999998,-4.49073347
19.13999939,-2.28999936,-4.66436527,-0.54000139,-4.48081900
19.14999962,-2.28999826,-4.65417286,-0.54000060,-4.47090309
19.15999985,-2.28999945,-4.64398258,-0.54000022,-4.46098642
19.17000008,-2.28999820,-4.63379354,-0.54000012,-4.45106842
19.18000031,-2.28999911,-4.62360675,-0.59000003,-4.44636259
19.19000053,-2.28999751,-4.61342116,-0.59000106,-4.43643488
19.20000076,-2.28999826,-4.60323774,-0.59000226,-4.42650642
19.20999908,-2.33999841,-4.59824854,-0.59000106,-4.41657809
19.21999931,-2.33999970,-4.58806147,-0.59000027,-4.40664711
19.22999954,-2.33999835,-4.57787578,-0.59000219,-4.39671502
19.23999977,-2.33999923,-4.56769263,-0.59000179,-4.38678158
19.25000000,-2.33999990,-4.55751113,-0.59000150,-4.37684674
19.26000023,-2.33999806,-4.54733143,-0.59000149,-4.36691102
19.27000046,-2.33999846,-4.53715386,-0.59000170,-4.35697364
19.28000069,-2.33999864,-4.52697853,-0.59000197,-4.34703518
19.29000092,-2.33999844,-4.51680489,-0.59000228,-4.33709521
19.29999924,-2.33999799,-4.50663548,-0.59000027,-4.32715572
19.30999947,-2.33999996,-4.49646628,-0.59000115,-4.31721286
19.31999969,-2.33999935,-4.48629901,-0.59000231,-4.30726895
19.32999992,-2.33999837,-4.47613364,-0.59000092,-4.29732302
19.34000015,-2.33999956,-4.46597085,-0.59000219,-4.28737609
19.35000038,-2.33999814,-4.45580977,-0.59000125,-4.27742707
19.36000061,-2.33999889,-4.44565125,-0.59000042,-4.26747681
19.37000084,-2.33999944,-4.43549471,-0.59000220,-4.25752490
19.37999916,-2.33999951,-4.42534200,-0.59000159,-4.24757281
19.38999939,-2.33999938,-4.41518979,-0.59000104,-4.23761742
19.39999962,-2.33999907,-4.40504008,-0.59000089,-4.22766054
19.40999985,-2.33999845,-4.39489228,-0.59000063,-4.21770179
19.42000008,-2.33999758,-4.38474702,-0.59000060,-4.20774146
19.43000031,-2.33999878,-4.37460404,-0.59000079,-4.19777912
19.44000053,-2.33999980,-4.36446323,-0.59000121,-4.18781461
19.45000076,-2.33999820,-4.35432505,-0.59000187,-4.17784912
19.45999908,-2.33999873,-4.34419072,-0.59000016,-4.16788259
19.46999931,-2.33999955,-4.33405700,-0.59000164,-4.15791280
19.47999954,-2.33999770,-4.32392568,-0.59000093,-4.14794100
19.48999977,-2.33999847,-4.31379678,-0.59000087,-4.13796697
19.50000000,-2.33999923,-4.30367038,-0.59000123,-4.12799127
19.51000023,-2.33999786,-4.29354650,-0.58999998,-4.11801343
19.52000046,-2.33999903,-4.28342502,-0.59000154,-4.10803356
19.53000069,-2.33999797,-4.27330603,-0.59000154,-4.09805152
19.54000092,-2.33999969,-4.26318947,-0.59000232,-4.08806714
19.54999924,-2.33999911,-4.25307733,-0.59000121,-4.07808246
19.55999947,-2.33999907,-4.24296605,-0.59000117,-4.06809386
19.56999969,-2.33999946,-4.23285702,-0.59000202,-4.05810283
19.57999992,-2.33999802,-4.22275050,-0.60895043,-4.05000053
19.59000015,-2.33999955,-4.21264704,-0.64000064,-4.04310066
19.60000038,-2.33999921,-4.20254569,-0.64000015,-4.03309950
19.61000061,-2.33999953,-4.19244714,-0.64000077,-4.02309638
19.62000084,-2.33999803,-4.18235112,-0.64000003,-4.01309105
19.62999916,-2.33999957,-4.17225973,-0.64000048,-4.00308500
19.63999939,-2.33999965,-4.16216897,-0.63999995,-3.99307481
19.64999962,-2.33999815,-4.15208097,-0.64000075,-3.98306238
19.65999985,-2.38999778,-4.14696493,-0.64000047,-3.97304760
19.67000008,-2.38999841,-4.13688041,-0.64000179,-3.96303010
19.68000031,-2.38999988,-4.12679940,-0.64000204,-3.95301066
19.69000053,-2.38999762,-4.11672045,-0.64000152,-3.94298835
19.70000076,-2.38999888,-4.10664497,-0.64000029,-3.93296340
19.70999908,-2.38999861,-4.09657384,-0.64000037,-3.92293756
19.71999931,-2.38999971,-4.08650417,-0.64000003,-3.91290749
19.72999954,-2.38999959,-4.07643739,-0.64000141,-3.90287508
19.73999977,-2.38999836,-4.06637346,-0.64000221,-3.89283965
19.75000000,-2.38999851,-4.05631265,-0.64000017,-3.88280138
19.76000023,-2.38999998,-4.04625484,-0.63999996,-3.87276039
19.77000046,-2.38999804,-4.03620004,-0.64000178,-3.86271711
19.78000069,-2.38999761,-4.02614822,-0.64000082,-3.85267061
19.79000092,-2.38999874,-4.01609972,-0.64000195,-3.84262150
19.79999924,-2.38999877,-4.00605593,-0.64000028,-3.83257097
19.80999947,-2.38999823,-3.99601347,-0.64000090,-3.82251620
19.81999969,-2.38999944,-3.98597389,-0.64000146,-3.81245846
19.82999992,-2.38999990,-3.97593731,-0.64000179,-3.80239787
19.84000015,-2.38999963,-3.96590359,-0.64000208,-3.79233454
19.85000038,-2.38999898,-3.95587286,-0.64000013,-3.78226810
19.86000061,-2.38999775,-3.94584504,-0.64000046,-3.77219906
19.87000084,-2.38999847,-3.93582035,-0.64000103,-3.76212722
19.87999916,-2.38999862,-3.92580010,-0.64000145,-3.75205432
19.88999939,-2.38999857,-3.91578109,-0.64000230,-3.74197687
19.89999962,-2.38999825,-3.90576498,-0.64000098,-3.73189631
19.90999985,-2.38999768,-3.89575136,-0.63999993,-3.72181277
19.92000008,-2.38999934,-3.88574109,-0.64000174,-3.71172683
19.93000031,-2.38999838,-3.87573327,-0.64000155,-3.70163791
19.94000053,-2.38999988,-3.86572841,-0.64000181,-3.69154621
19.95000076,-2.38999876,-3.85572617,-0.64000008,-3.68145135
19.95999908,-2.38999987,-3.84572864,-0.64000117,-3.67135596
19.96999931,-2.38999890,-3.83573181,-0.64000080,-3.66125549
19.97999954,-2.38999808,-3.82573764,-0.64000095,-3.65115222
19.98999977,-2.38999964,-3.81574669,-0.69000233,-3.64603780
20.00000000,-2.38999921,-3.80575780,-0.69000131,-3.63593211
20.01000023,-2.38999907,-3.79577185,-0.69000113,-3.62582393
20.02000046,-2.38999916,-3.78578850,-0.69000169,-3.61571311
20.03000069,-2.38999983,-3.77580803,-0.69000090,-3.60559959
20.04000092,-2.38999836,-3.76582961,-0.69000103,-3.59548321
20.04999924,-2.38999960,-3.75585621,-0.69000183,-3.58536626
20.05999947,-2.38999919,-3.74588313,-0.69000159,-3.57524457
20.06999969,-2.38999936,-3.73591283,-0.69000008,-3.56512021
20.07999992,-2.38999780,-3.72594494,-0.69000215,-3.55499329
20.09000015,-2.38999928,-3.71597968,-0.69000067,-3.54486333
20.10000038,-2.38999909,-3.70601694,-0.69000036,-3.53473089
20.11000061,-2.42909829,-3.70000016,-0.69000162,-3.52459576
20.12000084,-2.43999849,-3.69114708,-0.69000156,-3.51445801
20.12999916,-2.43999781,-3.68119891,-0.69000041,-3.50431929
20.13999939,-2.43999819,-3.67125157,-0.69000111,-3.49417585
20.14999962,-2.43999969,-3.66130698,-0.69000085,-3.48402976
20.15999985,-2.43999969,-3.65136459,-0.69000216,-3.47388107
20.17000008,-2.43999838,-3.64142474,-0.69000025,-3.46372942
20.18000031,-2.43999837,-3.63148767,-0.69000023,-3.45357531
20.19000053,-2.43999941,-3.62155307,-0.69000172,-3.44341852
20.20000076,-2.43999927,-3.61162094,-0.69000029,-3.43325879
20.20999908,-2.43999799,-3.60169294,-0.69000062,-3.42309827
20.21999931,-2.43999808,-3.59176564,-0.69000057,-3.41293320
20.22999954,-2.43999971,-3.58184099,-0.68999993,-3.40276545
20.23999977,-2.43999801,-3.57191826,-0.69000158,-3.39259500
20.25000000,-2.43999774,-3.56199821,-0.69000031,-3.38242155
20.26000023,-2.43999901,-3.55208069,-0.69000105,-3.37224571
20.27000046,-2.43999969,-3.54216554,-0.69000173,-3.36206717
20.28000069,-2.43999943,-3.53225251,-0.69000226,-3.35188563
20.29000092,-2.43999852,-3.52234183,-0.69000008,-3.34170111
20.29999924,-2.43999916,-3.51243550,-0.69000013,-3.33151614
20.30999947,-2.43999956,-3.50252952,-0.69000037,-3.32132654
20.31999969,-2.43999933,-3.49262577,-0.69000054,-3.31113427
20.32999992,-2.43999852,-3.48272408,-0.69000093,-3.30093899
20.34000015,-2.43999748,-3.47282486,-0.69000134,-3.29074124
20.35000038,-2.43999841,-3.46292782,-0.69000192,-3.28054056
20.36000061,-2.43999894,-3.45303291,-0.69000036,-3.27033695
20.37000084,-2.43999942,-3.44314046,-0.69000155,-3.26013108
20.37999916,-2.43999922,-3.43325176,-0.69000042,-3.24992395
20.38999939,-2.43999915,-3.42336344,-0.68999994,-3.23971207
20.39999962,-2.43999892,-3.41347734,-0.69000221,-3.22949807
20.40999985,-2.43999866,-3.40359312,-0.69000009,-3.21928058
20.42000008,-2.43999836,-3.39371124,-0.69000118,-3.20906085
20.43000031,-2.43999814,-3.38383139,-0.69000033,-3.19883815
20.44000053,-2.43999819,-3.37395353,-0.69000027,-3.18861277
20.45000076,-2.43999814,-3.36407758,-0.69000070,-3.17838477
20.45999908,-2.43999813,-3.35420550,-0.69000184,-3.16815600
20.46999931,-2.43999861,-3.34433332,-0.69000148,-3.15792249
20.47999954,-2.43999936,-3.33446324,-0.69000195,-3.14768660
20.48999977,-2.43999824,-3.32459471,-0.69000098,-3.13744786
20.50000000,-2.43999972,-3.31472815,-0.69000096,-3.12720660
20.51000023,-2.43999938,-3.30486321,-0.69000198,-3.11696309
20.52000046,-2.48647448,-3.30000029,-0.69000150,-3.10671674
20.53000069,-2.48999881,-3.29052876,-0.69000224,-3.09646800
20.54000092,-2.48999899,-3.28068000,-0.69000169,-3.08621674
20.54999924,-2.48999955,-3.27083473,-0.69000217,-3.07596499
20.55999947,-2.48999888,-3.26098913,-0.69000170,-3.06570891
20.56999969,-2.48999883,-3.25114514,-0.69000001,-3.05545012
20.57999992,-2.48999976,-3.24130261,-0.73415989,-3.05000036
20.59000015,-2.48999906,-3.23146175,-0.74000165,-3.04038549
20.60000038,-2.48999934,-3.22162200,-0.74000064,-3.03013148
20.61000061,-2.48999828,-3.21178392,-0.74000103,-3.01987570
20.62000084,-2.48999809,-3.20194714,-0.74000043,-3.00961752
20.62999916,-2.48999906,-3.19211356,-0.74000159,-2.99935910
20.63999939,-2.48999875,-3.18227928,-0.74000178,-2.98909664
20.64999962,-2.48999985,-3.17244642,-0.74000147,-2.97883208
20.65999985,-2.48999973,-3.16261476,-0.74000032,-2.96856534
20.67000008,-2.48999859,-3.15278405,-0.74000116,-2.95829692
20.68000031,-2.48999879,-3.14295447,-0.74000133,-2.94802615
20.69000053,-2.48999791,-3.13312591,-0.74000084,-2.93775332
20.70000076,-2.48999861,-3.12329847,-0.73999992,-2.92747859
20.70999908,-2.48999829,-3.11347389,-0.74000105,-2.91720401
20.71999931,-2.48999984,-3.10364860,-0.74000184,-2.90692549
20.72999954,-2.48999806,-3.09382356,-0.74000209,-2.89664486
20.73999977,-2.48999811,-3.08399984,-0.73999995,-2.88636225
20.75000000,-2.48999987,-3.07417702,-0.74000215,-2.87607839
20.76000023,-2.48999865,-3.06435449,-0.74000196,-2.86579205
20.77000046,-2.48999927,-3.05453312,-0.74000149,-2.85550409
20.78000069,-2.48999934,-3.04471232,-0.74000090,-2.84521435
20.79000092,-2.48999910,-3.03489201,-0.74000033,-2.83492287
20.79999924,-2.48999809,-3.02507415,-0.74000194,-2.82463178
20.80999947,-2.48999921,-3.01525542,-0.74000108,-2.81433695
20.81999969,-2.48999974,-3.00543687,-0.74000016,-2.80404018
20.82999992,-2.48999972,-2.99561896,-0.74000140,-2.79374220
20.84000015,-2.48999923,-2.98580117,-0.73999998,-2.78344203
20.85000038,-2.48999814,-2.97598383,-0.74000078,-2.77314081
20.86000061,-2.48999872,-2.96616711,-0.74000139,-2.76283790
20.87000084,-2.48999869,-2.95635035,-0.74000162,-2.75253317
20.87999916,-2.51966932,-2.94999998,-0.74000122,-2.74222900
20.88999939,-2.53999949,-2.94257144,-0.74000078,-2.73192140
20.89999962,-2.53999831,-2.93276979,-0.74000001,-2.72161246
20.90999985,-2.53999878,-2.92296826,-0.74000127,-2.71130210
20.92000008,-2.53999841,-2.91316684,-0.74000213,-2.70099022
20.93000031,-2.53999975,-2.90336564,-0.74000001,-2.69067667
20.94000053,-2.53999783,-2.89356433,-0.74000218,-2.68036255
20.95000076,-2.53999756,-2.88376311,-0.74000148,-2.67004641
20.95999908,-2.53999859,-2.87396414,-0.73999998,-2.65973111
20.96999931,-2.53999919,-2.86416288,-0.74000064,-2.64941260
20.97999954,-2.53999873,-2.85436172,-0.74000063,-2.63909297
20.98999977,-2.53999745,-2.84456009,-0.74000022,-2.62877180
21.00000000,-2.53999757,-2.83475863,-0.74000140,-2.61844999
21.01000023,-2.53999923,-2.82495694,-0.74000179,-2.60812667
21.02000046,-2.53999752,-2.81515484,-0.74000167,-2.59780237
21.03000069,-2.53999971,-2.80535289,-0.74000060,-2.58747692
21.04000092,-2.53999840,-2.79555001,-0.74000135,-2.57715036
21.04999924,-2.53999840,-2.78574904,-0.74000106,-2.56682485
21.05999947,-2.53999745,-2.77594546,-0.74000011,-2.55649605
21.06999969,-2.53999781,-2.76614182,-0.77137134,-2.55000051
21.07999992,-2.53999970,-2.75633765,-0.79000038,-2.54196118
21.09000015,-2.53999793,-2.74653279,-0.79000224,-2.53164483
21.10000038,-2.53999740,-2.73672726,-0.79000093,-2.52132701
21.11000061,-2.53999841,-2.72692157,-0.79000105,-2.51100877
21.12000084,-2.53999806,-2.71711496,-0.79000019,-2.50068931
21.12999916,-2.53999866,-2.70730962,-0.79000032,-2.49037128
21.13999939,-2.53999849,-2.69750184,-0.79000223,-2.48005097
21.14999962,-2.53999957,-2.68769324,-0.79000058,-2.46972931
21.15999985,-2.53999917,-2.67788374,-0.79000021,-2.45940714
21.17000008,-2.53999765,-2.66807332,-0.79000120,-2.44908445
21.18000031,-2.53999968,-2.65826239,-0.79000094,-2.43876114
21.19000053,-2.53999799,-2.64845003,-0.79000203,-2.42843707
21.20000076,-2.53999979,-2.63863742,-0.79000193,-2.41811258
21.20999908,-2.53999763,-2.62882520,-0.79000018,-2.40778943
21.21999931,-2.53999925,-2.61901041,-0.79000234,-2.39746403
21.22999954,-2.53999935,-2.60919443,-0.79000075,-2.38713776
21.23999977,-2.53999820,-2.59937700,-0.79000024,-2.37681144
21.25000000,-2.53999805,-2.58955802,-0.79000064,-2.36648545
21.26000023,-2.53999908,-2.57973691,-0.79000199,-2.35616037
21.27000046,-2.53999896,-2.56991241,-0.79000168,-2.34583631
21.28000069,-2.53999763,-2.56008465,-0.79000218,-2.33551442
21.29000092,-2.53999757,-2.55025284,-0.79000084,-2.32519450
21.29999924,-2.53999859,-2.54041846,-0.79000216,-2.31487998
21.30999947,-2.53999879,-2.53057695,-0.79000167,-2.30456686
21.31999969,-2.53999803,-2.52072947,-0.79000150,-2.29425764
21.32999992,-2.53999864,-2.51087589,-0.79000152,-2.28395325
21.34000015,-2.53999861,-2.50101555,-0.79000167,-2.27365409
21.35000038,-2.53999756,-2.49114771,-0.79000185,-2.26336090
21.36000061,-2.53999811,-2.48127224,-0.79000179,-2.25307416
21.37000084,-2.53999801,-2.47138805,-0.79000173,-2.24279423
21.37999916,-2.53999949,-2.46149712,-0.79000092,-2.23252378
21.38999939,-2.53999811,-2.45159450,-0.79000017,-2.22225957
21.39999962,-2.58999938,-2.44824422,-0.79000127,-2.21200423
21.40999985,-2.58999808,-2.43833011,-0.79000157,-2.20175827
21.42000008,-2.58999886,-2.42840469,-0.79000137,-2.19152222
21.43000031,-2.58999916,-2.41846678,-0.79000024,-2.18129653
21.44000053,-2.58999922,-2.40851634,-0.79000052,-2.17108258
21.45000076,-2.58999889,-2.39855234,-0.79000219,-2.16088004
21.45999908,-2.58999829,-2.38857658,-0.79000000,-2.15069180
21.46999931,-2.58999764,-2.37858439,-0.79000174,-2.14051497
21.47999954,-2.58999935,-2.36857755,-0.79000194,-2.13035138
21.48999977,-2.58999868,-2.35855520,-0.79000070,-2.12020228
21.50000000,-2.58999786,-2.34851657,-0.79000038,-2.11006778
21.51000023,-2.58999959,-2.33846206,-0.79038560,-2.10000032
21.52000046,-2.58999902,-2.32839025,-0.84000158,-2.09647308
21.53000069,-2.58999831,-2.31830081,-0.84000051,-2.08638699
21.54000092,-2.58999804,-2.30819381,-0.84000014,-2.07631775
21.54999924,-2.58999996,-2.29807038,-0.84000228,-2.06626736
21.55999947,-2.58999998,-2.28792589,-0.84000005,-2.05623227
21.56999969,-2.58999785,-2.27776196,-0.84000057,-2.04621581
21.57999992,-2.58999857,-2.26757834,-0.84000126,-2.03621818
21.59000015,-2.58999947,-2.25737478,-0.84000198,-2.02623994
21.60000038,-2.58999816,-2.24715004,-0.84000009,-2.01628137
21.61000061,-2.58999989,-2.23690459,-0.84000054,-2.00634390
21.62000084,-2.58999937,-2.22663730,-0.84000065,-1.99642739
21.62999916,-2.58999914,-2.21635008,-0.84000032,-1.98653475
21.63999939,-2.58999962,-2.20603852,-0.84000209,-1.97666274
21.64999962,-2.58999800,-2.19570369,-0.84000102,-1.96681336
21.65999985,-2.58999936,-2.18534624,-0.84000181,-1.95698789
21.67000008,-2.58999857,-2.17496477,-0.84000181,-1.94718653
21.68000031,-2.58999836,-2.16455960,-0.84000105,-1.93740995
21.69000053,-2.58999868,-2.15413012,-0.84000204,-1.92765883
21.70000076,-2.58999920,-2.14367594,-0.84000198,-1.91793344
21.70999908,-2.58999995,-2.13319882,-0.84000077,-1.90823656
21.71999931,-2.58999916,-2.12269409,-0.85120863,-1.90000037
21.72999954,-2.58999850,-2.11216388,-0.89000074,-1.89529933
21.73999977,-2.58999838,-2.10160766,-0.89000230,-1.88565707
21.75000000,-2.58999837,-2.09102522,-0.89000040,-1.87604147
21.76000023,-2.58999885,-2.08041632,-0.89000000,-1.86645384
21.77000046,-2.58999965,-2.06978062,-0.89000090,-1.85689454
21.78000069,-2.58999818,-2.05911763,-0.89000068,-1.84736394
21.79000092,-2.60269499,-2.05000016,-0.89000166,-1.83786271
21.79999924,-2.63999837,-2.04386846,-0.89000124,-1.82839293
21.80999947,-2.63999941,-2.03308479,-0.89000230,-1.81895180
21.81999969,-2.63999824,-2.02227106,-0.89000211,-1.80954149
21.82999992,-2.63999959,-2.01142785,-0.89000069,-1.80016211
21.84000015,-2.63999835,-2.00055449,-0.89000044,-1.79081453
21.85000038,-2.63999959,-1.98965117,-0.89000136,-1.78149897
21.86000061,-2.63999811,-1.97871758,-0.89000110,-1.77221583
21.87000084,-2.63999890,-1.96775386,-0.89000213,-1.76296547
21.87999916,-2.63999900,-1.95676182,-0.89000164,-1.75375006
21.88999939,-2.63999881,-1.94573717,-0.89000027,-1.74456633
21.89999962,-2.63999815,-1.93468188,-0.89000023,-1.73541671
21.90999985,-2.63999908,-1.92359620,-0.89000144,-1.72630155
21.92000008,-2.63999928,-1.91247994,-0.89000186,-1.71722106
21.93000031,-2.63999838,-1.90133279,-0.89000100,-1.70817537
21.94000053,-2.63999864,-1.89015527,-0.89000171,-1.69916531
21.95000076,-2.63999785,-1.87894709,-0.89000167,-1.69019075
21.95999908,-2.63999766,-1.86771054,-0.89000044,-1.68125380
21.96999931,-2.63999857,-1.85644143,-0.89000124,-1.67235159
21.97999954,-2.63999789,-1.84514171,-0.89000150,-1.66348586
21.98999977,-2.63999764,-1.83381165,-0.89000113,-1.65465689
22.00000000,-2.63999764,-1.82245151,-0.93098349,-1.65000031
22.01000023,-2.63999791,-1.81106117,-0.94000171,-1.64208013
22.02000046,-2.63999815,-1.79964087,-0.94000058,-1.63328564
22.03000069,-2.63999824,-1.78819075,-0.94000182,-1.62452711
22.04000092,-2.63999792,-1.77671064,-0.94000071,-1.61580437
22.04999924,-2.63999912,-1.76520310,-0.94000188,-1.60711998
22.05999947,-2.63999998,-1.75366355,-0.94000120,-1.59847045
22.06999969,-2.63999995,-1.74209274,-0.94000074,-1.58985937
22.07999992,-2.63999895,-1.73049068,-0.94000079,-1.58128685
22.09000015,-2.63999906,-1.71885887,-0.94000143,-1.57275231
22.10000038,-2.63999758,-1.70719671,-0.94000031,-1.56425625
22.11000061,-2.68999930,-1.69961364,-0.94000018,-1.55579919
22.12000084,-2.68999981,-1.68779383,-0.94000119,-1.54738156
22.12999916,-2.68999769,-1.67594353,-0.94000055,-1.53900518
22.13999939,-2.68999850,-1.66405828,-0.94000158,-1.53066796
22.14999962,-2.68999910,-1.65213999,-0.94000163,-1.52237180
22.15999985,-2.68999927,-1.64018838,-0.94000088,-1.51411711
22.17000008,-2.68999904,-1.62820293,-0.94000204,-1.50590491
22.18000031,-2.68999778,-1.61618358,-0.94000027,-1.49773553
22.19000053,-2.68999789,-1.60413009,-0.94000085,-1.48961007
22.20000076,-2.68999916,-1.59204181,-0.94000129,-1.48152887
22.20999908,-2.68999848,-1.57992067,-0.94000165,-1.47349455
22.21999931,-2.68999867,-1.56776171,-0.94000023,-1.46550473
22.22999954,-2.68999917,-1.55556404,-0.94000177,-1.45756414
22.23999977,-2.68999925,-1.54332998,-0.94000128,-1.44967126
22.25000000,-2.68999765,-1.53105848,-0.94000055,-1.44182673
22.26000023,-2.68999770,-1.51874931,-0.94000110,-1.43403174
22.27000046,-2.68999771,-1.50640161,-0.94000193,-1.42628679
22.28000069,-2.68999900,-1.49401454,-0.93999997,-1.41859284
22.29000092,-2.68999989,-1.48158719,-0.94000149,-1.41095095
22.29999924,-2.68999842,-1.46912114,-0.94000055,-1.40336329
22.30999947,-2.68999872,-1.45661080,-0.94000182,-1.39582796
22.31999969,-2.68999895,-1.44405745,-0.94000168,-1.38834746
22.32999992,-2.68999979,-1.43146032,-0.94000177,-1.38092280
22.34000015,-2.68999750,-1.41881801,-0.94000174,-1.37355508
22.35000038,-2.68999987,-1.40612981,-0.94000023,-1.36624528
22.36000061,-2.68999816,-1.39339436,-0.94000174,-1.35899466
22.37000084,-2.68999809,-1.38061024,-0.94000085,-1.35180421
22.37999916,-2.68999766,-1.36777904,-0.89000067,-1.34401660
22.38999939,-2.68999818,-1.35489433,-0.89000057,-1.33711666
22.39999962,-2.68999756,-1.34195718,-0.89000127,-1.33028386
22.40999985,-2.68999890,-1.32896642,-0.89000232,-1.32351958
22.42000008,-2.68999828,-1.31592035,-0.89000093,-1.31682546
22.43000031,-2.68999846,-1.30281759,-0.89000141,-1.31020255
22.44000053,-2.68999766,-1.28965657,-0.89000078,-1.30365256
22.45000076,-2.68999907,-1.27643587,-0.89000140,-1.29717692
22.45999908,-2.68999783,-1.26315612,-0.89000219,-1.29077816
22.46999931,-2.73999796,-1.24884849,-0.89000116,-1.28445565
22.47999954,-2.73999947,-1.23523920,-0.89000049,-1.27821181
22.48999977,-2.73999915,-1.22155933,-0.89000191,-1.27204832
22.50000000,-2.73999970,-1.20780690,-0.89000057,-1.26596677
22.51000023,-2.73999890,-1.19398012,-0.89000109,-1.25996858
22.52000046,-2.73999967,-1.18007703,-0.89000120,-1.25405534
22.53000069,-2.73999968,-1.16609585,-0.85009620,-1.25000013
22.54000092,-2.73999906,-1.15203436,-0.84000084,-1.24493434
22.54999924,-2.73999796,-1.13789353,-0.84000117,-1.23951537
22.55999947,-2.73999879,-1.12366581,-0.84000044,-1.23419091
22.56999969,-2.73999936,-1.10935206,-0.84000086,-1.22896324
22.57999992,-2.73999930,-1.09495039,-0.84000041,-1.22383396
22.59000015,-2.73999896,-1.08045893,-0.84000218,-1.21880428
22.60000038,-2.73999786,-1.06587583,-0.84000150,-1.21387551
22.61000061,-2.73999817,-1.05119896,-0.84000104,-1.20904877
22.62000084,-2.73999989,-1.03642406,-0.84000185,-1.20432737
22.62999916,-2.73999793,-1.02155717,-0.84000163,-1.19970894
22.63999939,-2.73999953,-1.00659303,-0.84000072,-1.19518914
22.64999962,-2.73999749,-0.99153514,-0.84000201,-1.19076738
22.65999985,-2.73999900,-0.97638312,-0.84000091,-1.18644293
22.67000008,-2.73999905,-0.96113743,-0.84000026,-1.18221380
22.68000031,-2.73999767,-0.94579796,-0.84000048,-1.17807905
22.69000053,-2.73999933,-0.93036387,-0.84000198,-1.17403719
22.70000076,-2.73999936,-0.91483572,-0.84000043,-1.17008756
22.70999908,-2.78999920,-0.89218899,-0.84000083,-1.16622895
22.71999931,-2.78999927,-0.87615608,-0.84000178,-1.16245914
22.72999954,-2.78999923,-0.86002227,-0.84000087,-1.15877800
22.73999977,-2.78999868,-0.84378701,-0.84000132,-1.15518418
22.75000000,-2.78999750,-0.82744911,-0.84000099,-1.15167699
22.76000023,-2.78999765,-0.81100734,-0.82991363,-1.15000009
22.77000046,-2.78999878,-0.79446040,-0.81173081,-1.14999988
22.78000069,-2.78999786,-0.77780741,-0.79534341,-1.14999971
22.79000092,-2.78999959,-0.76104613,-0.79000092,-1.14817639
22.79999924,-2.78999858,-0.74417877,-0.79000170,-1.14544492
22.80999947,-2.78999810,-0.72719589,-0.79000160,-1.14280128
22.81999969,-2.78999753,-0.71009956,-0.79000097,-1.14024472
22.82999992,-2.78999941,-0.69288709,-0.79000142,-1.13777476
22.84000015,-2.78999785,-0.67555751,-0.79000142,-1.13539157
22.85000038,-2.78999950,-0.65810675,-0.79000173,-1.13309493
22.86000061,-2.78999849,-0.64053342,-0.79000158,-1.13088497
22.87000084,-2.78999871,-0.62283370,-0.79000180,-1.12876167
22.87999916,-2.78999958,-0.60500828,-0.79000076,-1.12672590
22.88999939,-2.78999891,-0.58704773,-0.79000051,-1.12477643
22.89999962,-2.78999865,-0.56895151,-0.79000198,-1.12291388
22.90999985,-2.78999954,-0.55071606,-0.79000168,-1.12113944
22.92000008,-2.78999793,-0.53233855,-0.79000121,-1.11945313
22.93000031,-2.78999921,-0.51381334,-0.79000198,-1.11785532
22.94000053,-2.78999949,-0.49513773,-0.79000095,-1.11634730
22.95000076,-2.78999973,-0.47630729,-0.78999998,-1.11492916
22.95999908,-2.78999853,-0.45732198,-0.79000014,-1.11360110
22.96999931,-2.83999896,-0.42131404,-0.79000145,-1.11236343
22.97999954,-2.83999836,-0.40153846,-0.79000085,-1.11121831
22.98999977,-2.83999797,-0.38158305,-0.79000034,-1.11016565
23.00000000,-2.83999794,-0.36144250,-0.79000193,-1.10920561
23.01000023,-2.83999782,-0.34111133,-0.79000076,-1.10834117
23.02000046,-2.83999919,-0.32058350,-0.79000123,-1.10757130
23.03000069,-2.83999932,-0.29985403,-0.79000101,-1.10689820
23.04000092,-2.83999939,-0.27891630,-0.79000201,-1.10632198
23.04999924,-2.83999928,-0.25776822,-0.79000136,-1.10584488
23.05999947,-2.83999939,-0.23639463,-0.79000179,-1.10546689
23.06999969,-2.83999829,-0.21479295,-0.79000184,-1.10518894
23.07999992,-2.83999866,-0.19295453,-0.79000169,-1.10501247
23.09000015,-2.83999828,-0.17087372,-0.79000129,-1.10493912
23.10000038,-2.83999853,-0.14854191,-0.79000001,-1.10497009
23.11000061,-2.83999889,-0.12595121,-0.79000014,-1.10510585
23.12000084,-2.83999933,-0.10309181,-0.79000179,-1.10534878
23.12999916,-2.83999836,-0.07996144,-0.79000165,-1.10570054
23.13999939,-2.83999947,-0.05654040,-0.79000212,-1.10616110
23.14999962,-2.83999982,-0.03282495,-0.79000014,-1.10673348
23.15999985,-2.83999862,-0.00880595,-0.78999995,-1.10741661
23.17000008,-2.83999911,0.01552912,-0.79000093,-1.10821230
23.18000031,-2.83999983,0.04018986,-0.79000047,-1.10912307
23.19000053,-2.88999857,0.09385307,-0.79000033,-1.11014957
23.20000076,-2.88999837,0.11984475,-0.79000209,-1.11129201
23.20999908,-2.88999807,0.14620372,-0.79000028,-1.11255478
23.21999931,-2.88999818,0.17295342,-0.79000157,-1.11393588
23.22999954,-2.88999936,0.20010412,-0.79000110,-1.11543785
23.23999977,-2.88999996,0.22766848,-0.79000043,-1.11706346
23.25000000,-2.88999895,0.25565971,-0.79000030,-1.11881263
23.26000023,-2.88999952,0.28409331,-0.79000110,-1.12068477
23.27000046,-2.88999991,0.31298304,-0.79000196,-1.12268131
23.28000069,-2.88999905,0.34234448,-0.79000129,-1.12480400
23.29000092,-2.88999977,0.37219595,-0.79000170,-1.12705156
23.29999924,-2.88999889,0.40254655,-0.79000122,-1.12942561
23.30999947,-2.88999842,0.43342741,-0.79000159,-1.13192656
23.31999969,-2.88999932,0.46485244,-0.79000022,-1.13455616
23.32999992,-2.93999935,0.53574776,-0.79000126,-1.13731195
23.34000015,-2.93999809,0.56916179,-0.79000102,-1.14019747
23.35000038,-2.93605892,0.59999925,-0.79000130,-1.14321167
23.36000061,-2.89434938,0.59999981,-0.79000025,-1.14635725
23.37000084,-2.85361487,0.59999824,-0.79000141,-1.14963212
23.37999916,-2.83999934,0.62266299,-0.79350970,-1.14999895
23.38999939,-2.83145428,0.64999885,-0.79743346,-1.14999854
23.39999962,-2.79225219,0.64999912,-0.80133440,-1.14999864
23.40999985,-2.75391850,0.64999910,-0.80520870,-1.14999962
23.42000008,-2.71642052,0.64999826,-0.80905573,-1.14999888
23.43000031,-2.67973210,0.64999972,-0.81286936,-1.14999905
23.44000053,-2.64381874,0.64999877,-0.81664733,-1.14999918
23.45000076,-2.60865644,0.64999921,-0.82038680,-1.14999946
23.45999908,-2.57422324,0.64999959,-0.82408467,-1.14999920
23.46999931,-2.54047824,0.64999835,-0.82773921,-1.14999925
23.47999954,-2.53999876,0.68500255,-0.83134921,-1.14999847
23.48999977,-2.52053588,0.69999881,-0.83491011,-1.14999915
23.50000000,-2.48775058,0.69999873,-0.83842265,-1.14999886
23.51000023,-2.45558409,0.69999933,-0.84000151,-1.15215698
23.52000046,-2.42401276,0.69999892,-0.84000136,-1.15619976
23.53000069,-2.39301576,0.69999853,-0.84000150,-1.16035711
23.54000092,-2.36257343,0.69999855,-0.84000134,-1.16463086
23.54999924,-2.33267030,0.69999795,-0.84000076,-1.16902241
23.55999947,-2.30327879,0.69999950,-0.84000077,-1.17353387
23.56999969,-2.27438319,0.69999886,-0.84000113,-1.17816738
23.57999992,-2.24596906,0.69999941,-0.84000095,-1.18292639
23.59000015,-2.21801753,0.69999861,-0.84000082,-1.18781360
23.60000038,-2.19051519,0.69999882,-0.84000027,-1.19283311
23.61000061,-2.16344580,0.69999870,-0.84000054,-1.19798706
23.62000084,-2.13999891,0.70470026,-0.84000037,-1.20328256
23.62999916,-2.13999897,0.74423084,-0.84000094,-1.20872177
23.63999939,-2.11721257,0.74999814,-0.84000006,-1.21431548
23.64999962,-2.09097813,0.74999921,-0.84000072,-1.22006375
23.65999985,-2.06512045,0.74999863,-0.84000004,-1.22597655
23.67000008,-2.03962862,0.74999968,-0.84000102,-1.23205578
23.68000031,-2.01448797,0.74999861,-0.83999999,-1.23831339
23.69000053,-1.98968835,0.74999851,-0.84000012,-1.24475126
23.70000076,-1.96521811,0.74999946,-0.84077536,-1.24999999
23.70999908,-1.94106840,0.74999802,-0.84449822,-1.24999856
23.71999931,-1.91722199,0.74999975,-0.84814264,-1.25000006
23.72999954,-1.89366887,0.74999795,-0.85171095,-1.24999886
23.73999977,-1.87040219,0.74999878,-0.85520112,-1.24999894
23.75000000,-1.84740938,0.74999901,-0.85861323,-1.24999995
23.76000023,-1.82468145,0.74999952,-0.86194859,-1.24999918
23.77000046,-1.80220766,0.74999897,-0.86520595,-1.24999844
23.78000069,-1.77997966,0.74999975,-0.86838443,-1.24999947
23.79000092,-1.75798742,0.74999962,-0.87148525,-1.24999942
23.79999924,-1.73999957,0.75875672,-0.87450728,-1.24999834
23.80999947,-1.73561106,0.79999901,-0.87745085,-1.24999910
23.81999969,-1.71366986,0.79999819,-0.88031505,-1.24999963
23.82999992,-1.69193824,0.79999960,-0.88309975,-1.25000013
23.84000015,-1.67040658,0.79999931,-0.88580555,-1.24999833
23.85000038,-1.64906729,0.79999772,-0.88843021,-1.24999902
23.86000061,-1.62791421,0.79999954,-0.89000070,-1.25270889
23.87000084,-1.60693813,0.79999973,-0.89000061,-1.25987785
23.87999916,-1.58613639,0.79999919,-0.89000011,-1.26728693
23.88999939,-1.56549432,0.79999863,-0.88999997,-1.27495353
23.89999962,-1.54500918,0.79999799,-0.89000049,-1.28289369
23.90999985,-1.52467482,0.79999811,-0.88999995,-1.29113347
23.92000008,-1.50448496,0.79999948,-0.89000050,-1.29969029
23.93000031,-1.48443276,0.79999776,-0.89000053,-1.30859721
23.94000053,-1.46451394,0.79999809,-0.89000034,-1.31788515
23.95000076,-1.44472175,0.79999895,-0.89000013,-1.32758779
23.95999908,-1.42505453,0.79999881,-0.89000033,-1.33774321
23.96999931,-1.40549923,0.79999785,-0.89000014,-1.34840663
23.97999954,-1.38605528,0.79999902,-0.89221184,-1.34999966
23.98999977,-1.36671694,0.79999854,-0.89471529,-1.34999916
24.00000000,-1.34748004,0.79999938,-0.89712835,-1.34999793
24.01000023,-1.32833959,0.79999960,-0.89945089,-1.34999800
24.02000046,-1.30929130,0.79999941,-0.90168336,-1.34999939
24.03000069,-1.29033084,0.79999874,-0.90382647,-1.34999952
24.04000092,-1.27995574,0.84999756,-0.90588057,-1.34999838
24.04999924,-1.26067990,0.84999807,-0.90784513,-1.34999813
24.05999947,-1.24148051,0.84999928,-0.90972106,-1.34999974
24.06999969,-1.22235768,0.84999796,-0.91150824,-1.34999795
24.07999992,-1.20330812,0.84999800,-0.91320609,-1.34999785
24.09000015,-1.18432791,0.84999850,-0.91481572,-1.34999987
24.10000038,-1.16541361,0.84999837,-0.91633793,-1.34999953
24.11000061,-1.14656204,0.84999858,-0.91777255,-1.34999966
24.12000084,-1.12777102,0.84999766,-0.91912096,-1.34999831
24.12999916,-1.10904073,0.84999822,-0.92038206,-1.34999885
24.13999939,-1.09036080,0.84999931,-0.92155659,-1.34999896
24.14999962,-1.07173187,0.84999921,-0.92264409,-1.34999900
24.15999985,-1.05315220,0.84999829,-0.92364428,-1.34999931
24.17000008,-1.03462089,0.84999929,-0.92455527,-1.34999819
24.18000031,-1.01613714,0.84999764,-0.92537508,-1.34999863
24.19000053,-0.99770044,0.84999834,-0.92610205,-1.34999897
24.20000076,-0.98050579,0.89999952,-0.92673352,-1.34999997
24.20999908,-0.96173749,0.89999958,-0.92726735,-1.35000002
24.21999931,-0.94301554,0.89999844,-0.92770181,-1.34999828
24.22999954,-0.92434461,0.89999896,-0.92803339,-1.34999796
24.23999977,-0.90572412,0.89999837,-0.92826237,-1.34999875
24.25000000,-0.88715379,0.89999795,-0.92838640,-1.34999782
24.26000023,-0.86863351,0.89999761,-0.92840333,-1.34999967
24.27000046,-0.85016366,0.89999980,-0.92831105,-1.34999846
24.28000069,-0.83174486,0.89999742,-0.92810762,-1.34999798
24.29000092,-0.81337757,0.89999806,-0.92779099,-1.35000008
24.29999924,-0.79506618,0.89999964,-0.92735892,-1.34999870
24.30999947,-0.77680481,0.89999919,-0.92680932,-1.34999867
24.31999969,-0.75859803,0.89999961,-0.92613985,-1.34999916
24.32999992,-0.74044809,0.89999895,-0.92534721,-1.34999959
24.34000015,-0.72235689,0.89999739,-0.92442847,-1.34999961
24.35000038,-0.70432520,0.89999779,-0.92338199,-1.34999865
24.36000061,-0.68635539,0.89999883,-0.92220515,-1.34999798
24.37000084,-0.66844974,0.89999852,-0.92089553,-1.35000019
24.37999916,-0.65061384,0.89999967,-0.91944949,-1.35000006
24.38999939,-0.63999994,0.84350741,-0.91786336,-1.34999848
24.39999962,-0.63521187,0.74999953,-0.91613452,-1.35000002
24.40999985,-0.61863972,0.74999824,-0.91425883,-1.34999973
24.42000008,-0.60213138,0.74999825,-0.91223245,-1.34999783
24.43000031,-0.59000025,0.72209630,-0.91005220,-1.34999959
24.44000053,-0.58543516,0.64999845,-0.90771280,-1.34999817
24.45000076,-0.56979822,0.64999816,-0.88843982,-1.24999875
24.45999908,-0.55423234,0.64999979,-0.88512526,-1.24999850
24.46999931,-0.54000036,0.64299809,-0.88164977,-1.25000002
24.47999954,-0.54000012,0.56064209,-0.87800877,-1.24999987
24.48999977,-0.52725882,0.54999958,-0.87419754,-1.25000000
24.50000000,-0.51260572,0.54999957,-0.87021076,-1.24999977
24.51000023,-0.49803334,0.54999815,-0.86604286,-1.24999866
24.52000046,-0.49000034,0.51927883,-0.86168826,-1.24999882
24.53000069,-0.47993023,0.49999840,-0.83558600,-1.14999917
24.54000092,-0.46590067,0.49999756,-0.83030885,-1.14999930
24.54999924,-0.45197073,0.49999831,-0.82484407,-1.14999856
24.55999947,-0.44000018,0.49195428,-0.81918413,-1.14999950
24.56999969,-0.43621089,0.44999768,-0.81332311,-1.14999897
24.57999992,-0.42284143,0.44999934,-0.80725532,-1.14999891
24.59000015,-0.40958973,0.44999760,-0.78874328,-1.09999852
24.60000038,-0.39646243,0.44999782,-0.78203534,-1.09999875
24.61000061,-0.39000013,0.42414602,-0.77511235,-1.09999865
24.62000084,-0.38343447,0.39999911,-0.76796663,-1.10000021
24.62999916,-0.37090844,0.39999870,-0.76059427,-1.09999934
24.63999939,-0.35852816,0.39999845,-0.75298579,-1.09999882
24.64999962,-0.34629681,0.39999799,-0.74514749,-1.09999932
24.65999985,-0.34000045,0.37847475,-0.73707681,-1.09999858
24.67000008,-0.33585253,0.34999746,-0.72877314,-1.09999854
24.68000031,-0.32420752,0.34999919,-0.72023646,-1.09999890
24.69000053,-0.31271682,0.34999812,-0.71147081,-1.09999993
24.70000076,-0.30137865,0.34999944,-0.70248233,-1.09999896
24.70999908,-0.29019514,0.34999928,-0.67938158,-1.04999806
24.71999931,-0.29000045,0.31117352,-0.66991211,-1.04999851
24.72999954,-0.28228590,0.29999791,-0.66025099,-1.04999907
24.73999977,-0.27158712,0.29999809,-0.65041278,-1.04999852
24.75000000,-0.26102131,0.29999926,-0.64040679,-1.04999987
24.76000023,-0.25058754,0.29999856,-0.63024013,-1.04999896
24.77000046,-0.24028331,0.29999803,-0.61992184,-1.04999853
24.78000069,-0.23010612,0.29999918,-0.60946020,-1.04999873
24.79000092,-0.22005495,0.29999915,-0.59886333,-1.04999984
24.79999924,-0.21012986,0.29999809,-0.58814002,-1.04999890
24.80999947,-0.20032514,0.29999874,-0.57729368,-1.04999795
24.81999969,-0.19064039,0.29999860,-0.56633536,-1.04999833
24.82999992,-0.19000056,0.26779571,-0.55527082,-1.04999809
24.84000015,-0.18542185,0.24999903,-0.54410687,-1.04999998
24.85000038,-0.17601730,0.24999810,-0.53285102,-1.04999885
24.86000061,-0.16671789,0.24999885,-0.52151102,-1.04999978
24.87000084,-0.15752335,0.24999840,-0.51009165,-1.04999832
24.87999916,-0.14843383,0.24999937,-0.49860204,-1.04999858
24.88999939,-0.13944613,0.24999751,-0.48704272,-1.04999800
24.89999962,-0.13055987,0.24999774,-0.47542159,-1.04999853
24.90999985,-0.12177451,0.24999971,-0.46374330,-1.04999819
24.92000008,-0.11309080,0.24999822,-0.45201346,-1.04999990
24.93000031,-0.10450771,0.24999782,-0.44023496,-1.04999956
24.94000053,-0.09602467,0.24999805,-0.42841332,-1.05000023
24.95000076,-0.08764120,0.24999844,-0.41655266,-1.04999992
24.95999908,-0.07935830,0.24999969,-0.40465931,-1.04999846
24.96999931,-0.07117322,0.24999962,-0.39273332,-1.04999844
24.97999954,-0.06308712,0.24999882,-0.38078065,-1.04999947
24.98999977,-0.05509944,0.24999933,-0.36880458,-1.05000022
25.00000000,-0.04721155,0.24999888,-0.35680735,-1.04999927
25.01000023,-0.04000019,0.24753931,-0.34479372,-1.04999958
25.02000046,-0.04000042,0.21429217,-0.33276681,-1.04999975
25.03000069,-0.03554740,0.19999955,-0.32072935,-1.04999825
25.04000092,-0.02787957,0.19999882,-0.30868511,-1.04999843
25.04999924,-0.02030805,0.19999854,-0.29663874,-1.04999802
25.05999947,-0.01283007,0.19999918,-0.28999980,-1.07488731
25.06999969,-0.00544777,0.19999893,-0.28322365,-1.09999876
25.07999992,0.00183857,0.19999779,-0.27098837,-1.09999982
25.09000015,0.00902907,0.19999782,-0.25875526,-1.09999847
25.10000038,0.01612338,0.19999889,-0.24652751,-1.09999818
25.11000061,0.02312066,0.19999845,-0.23430779,-1.10000012
25.12000084,0.03001919,0.19999892,-0.22209553,-1.09999855
25.12999916,0.03681839,0.19999843,-0.20989768,-1.09999819
25.13999939,0.04352007,0.19999745,-0.19771145,-1.10000004
25.14999962,0.05012432,0.19999894,-0.18999953,-1.12459125
25.15999985,0.05663046,0.19999882,-0.18223675,-1.14999834
25.17000008,0.06303959,0.19999742,-0.16988444,-1.14999977
25.18000031,0.06935329,0.19999748,-0.15754859,-1.15000007
25.19000053,0.07557261,0.19999894,-0.14522959,-1.14999789
25.20000076,0.08169876,0.19999828,-0.13999967,-1.19447829
25.20999908,0.08773260,0.19999916,-0.12836394,-1.19999835
25.21999931,0.09367755,0.19999975,-0.11586314,-1.19999916
25.22999954,0.09953375,0.19999855,-0.10337717,-1.19999972
25.23999977,0.10530139,0.19999822,-0.09090434,-1.19999894
25.25000000,0.11098303,0.19999861,-0.08521117,-1.24999891
25.26000023,0.11658129,0.19999936,-0.07252326,-1.24999922
25.27000046,0.12209767,0.19999810,-0.05984770,-1.24999849
25.28000069,0.12753462,0.19999942,-0.04718442,-1.24999794
25.29000092,0.13289349,0.19999842,-0.03999966,-1.29734048
25.29999924,0.13817575,0.19999844,-0.02741560,-1.29999790
25.30999947,0.14338533,0.19999757,-0.01453127,-1.29999888
25.31999969,0.14852386,0.19999924,-0.00165532,-1.29999910
25.32999992,0.15359383,0.19999764,0.01121352,-1.29999846
25.34000015,0.15859851,0.19999828,0.02407582,-1.29999978
25.35000038,0.16353976,0.19999769,0.03693200,-1.29999823
25.36000061,0.16842002,0.19999908,0.04978300,-1.29999931
25.37000084,0.17324162,0.19999784,0.06000025,-1.33566407
25.37999916,0.17800762,0.19999833,0.07205361,-1.35000021
25.38999939,0.18272259,0.19999956,0.08516639,-1.34999984
25.39999962,0.18738835,0.19999885,0.09828055,-1.34999803
25.40999985,0.19200808,0.19999757,0.11000014,-1.37686797
25.42000008,0.19658498,0.19999740,0.12219449,-1.40000017
25.43000031,0.20112237,0.19999778,0.13559996,-1.39999900
25.44000053,0.20562365,0.19999852,0.14901542,-1.39999888
25.45000076,0.21009236,0.19999735,0.16095386,-1.44999853
25.45999908,0.21453132,0.19999790,0.17467431,-1.44999929
25.46999931,0.21894556,0.19999943,0.18841561,-1.44999894
25.47999954,0.22333756,0.19999893,0.20217787,-1.44999966
25.48999977,0.22771085,0.19999814,0.21560806,-1.49999772
25.50000000,0.23206901,0.19999924,0.22970736,-1.49999913
25.51000023,0.23641566,0.19999952,0.24383749,-1.49999891
25.52000046,0.24075448,0.19999743,0.25800135,-1.49999814
25.53000069,0.24508923,0.19999862,0.27299915,-1.54999863
25.54000092,0.24942372,0.19999745,0.28753015,-1.54999792
25.54999924,0.25376061,0.19999903,0.30210159,-1.54999996
25.55999947,0.25810547,0.19999734,0.32007083,-1.64999790
25.56999969,0.26246077,0.19999862,0.33532800,-1.64999998
25.57999992,0.26682998,0.19999912,0.35063714,-1.64999803
25.59000015,0.27121635,0.19999813,0.36856210,-1.69999989
25.60000038,0.27562253,0.19999785,0.38427809,-1.69999842
25.61000061,0.28005108,0.19999816,0.40005134,-1.69999788
25.62000084,0.28450394,0.19999955,0.41588247,-1.69999989
25.62999916,0.28898330,0.19999927,0.43176924,-1.69999945
25.63999939,0.29349358,0.19999947,0.44771873,-1.69999915
25.64999962,0.29803093,0.19999810,0.46808316,-1.74999864
25.65999985,0.30259451,0.19999788,0.48444186,-1.74999829
25.67000008,0.30718296,0.19999878,0.50085023,-1.74999984
25.68000031,0.31179426,0.19999863,0.51730348,-1.74999793
25.69000053,0.31642491,0.19999954,0.53379672,-1.74999995
25.70000076,0.32107133,0.19999951,0.55032325,-1.74999833
25.70999908,0.32572910,0.19999977,0.56687490,-1.74999973
25.71999931,0.33039711,0.19999742,0.58345171,-1.74999922
25.72999954,0.33507024,0.19999813,0.60004498,-1.74999873
25.73999977,0.33974726,0.19999801,0.61000006,-1.70316531
25.75000000,0.34442675,0.19999790,0.62585834,-1.69999946
25.76000023,0.34910786,0.19999822,0.64217102,-1.69999878
25.77000046,0.35379035,0.19999908,0.65848604,-1.69999928
25.78000069,0.35847474,0.19999847,0.66647639,-1.64999898
25.79000092,0.36000031,0.21831202,0.68248296,-1.64999840
25.79999924,0.36000026,0.24392322,0.69848322,-1.64999819
25.80999947,0.36330392,0.24999915,0.70999975,-1.62574692
25.81999969,0.36770082,0.24999804,0.71138270,-1.54999991
25.82999992,0.37210590,0.24999928,0.72676031,-1.54999915
25.84000015,0.37652137,0.24999945,0.74213134,-1.54999800
25.85000038,0.38095175,0.24999853,0.75749845,-1.55000009
25.86000061,0.38539940,0.24999884,0.76209808,-1.49999980
25.87000084,0.38986773,0.24999812,0.77715400,-1.49999840
25.87999916,0.39435851,0.24999880,0.79220495,-1.49999826
25.88999939,0.39887702,0.24999848,0.80725745,-1.49999977
25.89999962,0.40342542,0.24999799,0.80999983,-1.44857561
25.90999985,0.40800653,0.24999895,0.81282566,-1.39999951
25.92000008,0.41262398,0.24999881,0.82728151,-1.39999925
25.93000031,0.41728103,0.24999755,0.84174134,-1.39999923
25.94000053,0.42197990,0.24999790,0.85620570,-1.39999819
25.95000076,0.42672404,0.24999823,0.85999998,-1.36031888
25.95999908,0.43151541,0.24999862,0.85999972,-1.30851770
25.96999931,0.43635843,0.24999962,0.87155824,-1.29999934
25.97999954,0.44125537,0.24999950,0.88547009,-1.30000020
25.98999977,0.44620846,0.24999978,0.89939338,-1.29999808
26.00000000,0.45121913,0.24999876,0.90999963,-1.28883172
26.01000023,0.45629034,0.24999820,0.90999962,-1.24313749
26.02000046,0.46142414,0.24999972,0.91028487,-1.19999815
26.03000069,0.46662434,0.24999851,0.92369758,-1.19999916
26.04000092,0.47189121,0.24999957,0.93712933,-1.19999918
26.04999924,0.47722749,0.24999758,0.95057829,-1.19999810
26.05999947,0.48263458,0.24999951,0.96000002,-1.18779692
26.06999969,0.48811576,0.24999802,0.96066821,-1.14999800
26.07999992,0.49367064,0.24999844,0.97391041,-1.14999933
26.09000015,0.49930125,0.24999920,0.98717638,-1.14999873
26.10000038,0.50500925,0.24999870,1.00046763,-1.14999860
26.11000061,0.51079552,0.24999794,1.01000002,-1.13946465
26.12000084,0.51666060,0.24999775,1.00999999,-1.10302340
26.12999916,0.52260398,0.24999828,1.00999942,-1.06755859
26.13999939,0.52862730,0.24999885,1.01637281,-1.04999803
26.14999962,0.53473286,0.24999800,1.02927472,-1.04999931
26.15999985,0.54092055,0.24999921,1.04220851,-1.04999978
26.17000008,0.54719565,0.24999799,1.05517219,-1.05000000
26.18000031,0.55355600,0.24999966,1.05999985,-1.02936966
26.19000053,0.56000034,0.25001014,1.06114558,-0.99999970
26.20000076,0.56000060,0.26611487,1.07394879,-0.99999859
26.20999908,0.56000057,0.28204805,1.08678109,-0.99999842
26.21999931,0.56000039,0.29783003,1.09964628,-0.99999825
26.22999954,0.56566785,0.29999783,1.10999982,-0.99395713
26.23999977,0.57233161,0.29999890,1.10999949,-0.96365241
26.25000000,0.57909338,0.29999776,1.10999932,-0.93395332
26.26000023,0.58595200,0.29999981,1.10999929,-0.90483007
26.27000046,0.59291050,0.29999977,1.12043729,-0.89999916
26.28000069,0.59996905,0.29999905,1.13300720,-0.89999863
26.29000092,0.60712774,0.29999909,1.14560754,-0.89999950
26.29999924,0.61438885,0.29999869,1.15823190,-0.89999964
26.30999947,0.62175351,0.29999853,1.15999953,-0.87621054
26.31999969,0.62922049,0.29999845,1.16046783,-0.84999930
26.32999992,0.63679094,0.29999764,1.17295851,-0.84999910
26.34000015,0.64446406,0.29999944,1.18547556,-0.84999873
26.35000038,0.65224302,0.29999766,1.19801835,-0.84999874
26.36000061,0.66000044,0.30025982,1.20999966,-0.84877542
26.37000084,0.66000034,0.31680778,1.20999987,-0.82270327
26.37999916,0.66000024,0.33330159,1.21145168,-0.79999843
26.38999939,0.66000043,0.34975549,1.22388602,-0.79999812
26.39999962,0.66799557,0.34999920,1.23634047,-0.79999996
26.40999985,0.67622070,0.34999815,1.24880951,-0.79999972
26.42000008,0.68455655,0.34999792,1.26129083,-0.80000000
26.43000031,0.69300058,0.34999939,1.27378291,-0.80000011
26.44000053,0.70155527,0.34999803,1.28628166,-0.79999809
26.45000076,0.71021878,0.34999773,1.29878607,-0.79999866
26.45999908,0.71898943,0.34999899,1.30999929,-0.79749469
26.46999931,0.72787210,0.34999946,1.30999958,-0.77338329
26.47999954,0.73686491,0.34999972,1.31022540,-0.74999861
26.48999977,0.74596871,0.34999933,1.32256393,-0.74999962
26.50000000,0.75518406,0.34999774,1.33489136,-0.74999826
26.51000023,0.76000074,0.35850986,1.34720582,-0.74999983
26.52000046,0.76000095,0.37619750,1.35949962,-0.74999909
26.53000069,0.76000069,0.39393490,1.37176958,-0.74999967
26.54000092,0.76630569,0.39999877,1.38400743,-0.74999933
26.54999924,0.77597347,0.39999865,1.39620542,-0.74999889
26.55999947,0.78576466,0.39999859,1.40836335,-0.74999934
26.56999969,0.79567856,0.39999930,1.40999960,-0.73072503
26.57999992,0.80571753,0.39999823,1.40999980,-0.70867772
26.59000015,0.81000117,0.41075544,1.41717613,-0.69999907
26.60000038,0.81000018,0.42950698,1.42901745,-0.69999819
26.61000061,0.81000106,0.44840842,1.44078716,-0.70000017
26.62000084,0.81962407,0.44999954,1.45247323,-0.69999955
26.62999916,0.83026250,0.44999905,1.46406394,-0.69999952
26.63999939,0.84105170,0.44999842,1.47554886,-0.69999852
26.64999962,0.85198644,0.44999823,1.48692182,-0.69999953
26.65999985,0.86000112,0.45555248,1.49817057,-0.69999968
26.67000008,0.86000033,0.47589445,1.50928359,-0.69999856
26.68000031,0.86000022,0.49653451,1.52025211,-0.69999975
26.69000053,0.86964715,0.49999821,1.53106590,-0.69999922
26.70000076,0.88136169,0.49999786,1.54171995,-0.69999840
26.70999908,0.89322498,0.49999776,1.55220804,-0.69999931
26.71999931,0.90523998,0.49999859,1.56252316,-0.69999806
26.72999954,0.91000095,0.51355086,1.57265978,-0.69999866
26.73999977,0.91000006,0.53619681,1.58261973,-0.69999840
26.75000000,0.91000099,0.55926390,1.59240124,-0.69999879
26.76000023,0.91000038,0.58278406,1.60200165,-0.69999920
26.77000046,0.91364016,0.59999803,1.63825646,-0.74999916
26.78000069,0.92669671,0.59999966,1.64734207,-0.74999909
26.79000092,0.93987873,0.59999966,1.65623058,-0.74999973
26.79999924,0.95317627,0.59999850,1.66491931,-0.74999994
26.80999947,0.96000113,0.61257540,1.67341133,-0.74999992
26.81999969,0.96000018,0.63867263,1.68170424,-0.74999818
26.82999992,0.96000057,0.66537613,1.68979911,-0.74999907
26.84000015,0.96000021,0.69272815,1.69769277,-0.74999827
26.85000038,0.97052077,0.69999835,1.70539148,-0.74999985
26.86000061,0.98485583,0.69999862,1.73799852,-0.79999941
26.87000084,0.99928225,0.69999793,1.74506032,-0.79999812
26.87999916,1.01000046,0.70769918,1.75191876,-0.79999953
26.88999939,1.01000100,0.73775346,1.78291473,-0.84999929
26.89999962,1.01000094,0.76865572,1.78909094,-0.84999852
26.90999985,1.01000065,0.80045040,1.79505918,-0.84999916
26.92000008,1.01000044,0.83319229,1.80082009,-0.84999894
26.93000031,1.01785928,0.84999841,1.80637629,-0.84999989
26.94000053,1.03369129,0.84999959,1.83461202,-0.89999952
26.95000076,1.04959411,0.84999762,1.83945000,-0.89999957
26.95999908,1.06000022,0.86258379,1.84403226,-0.89999918
26.96999931,1.06000084,0.89947153,1.84839981,-0.89999999
26.97999954,1.06000049,0.93767242,1.85256146,-0.89999849
26.98999977,1.06000028,0.97726021,1.85652935,-0.89999953
27.00000000,1.06000019,1.01833406,1.90202210,-0.99999868
27.01000023,1.06000099,1.06099025,1.90488521,-0.99999924
27.02000046,1.06000014,1.10534378,1.90755404,-0.99999914
27.03000069,1.06059681,1.14999909,1.91308983,-1.00773479
27.04000092,1.07922811,1.14999848,1.91837301,-1.01559875
27.04999924,1.09791339,1.14999788,1.92339513,-1.02358743
27.05999947,1.11664845,1.14999945,1.92816069,-1.03169816
27.06999969,1.13542595,1.14999842,1.93266731,-1.03992490
27.07999992,1.15424015,1.14999871,1.93691239,-1.04826336
27.09000015,1.17308818,1.14999781,1.94089383,-1.05670939
27.10000038,1.19196536,1.14999813,1.94460893,-1.06525835
27.11000061,1.21086900,1.14999773,1.94805545,-1.07390529
27.12000084,1.22979535,1.14999965,1.95123081,-1.08264504
27.12999916,1.24874180,1.14999970,1.95412883,-1.09147205
27.13999939,1.26771324,1.14999879,1.95674788,-1.10038413
27.14999962,1.28669987,1.14999785,1.95908899,-1.10937371
27.15999985,1.30569947,1.14999783,1.96115003,-1.11843510
27.17000008,1.32471123,1.14999824,1.96293018,-1.12756759
27.18000031,1.34373334,1.14999856,1.96442605,-1.13676294
27.19000053,1.36276476,1.14999833,1.96563494,-1.14601485
27.20000076,1.38180427,1.14999894,1.96655496,-1.15531835
27.20999908,1.40084800,1.14999800,1.96718398,-1.16466592
27.21999931,1.41990170,1.14999917,1.96752028,-1.17405621
27.22999954,1.43896266,1.14999781,1.96756197,-1.18348191
27.23999977,1.45803018,1.14999756,1.96730594,-1.19293770
27.25000000,1.47710355,1.14999971,1.96675196,-1.20241807
27.26000023,1.49618352,1.14999857,1.96589865,-1.21191753
27.27000046,1.51526999,1.14999759,1.96474420,-1.22143061
27.28000069,1.53436248,1.14999786,1.96328811,-1.23095132
27.29000092,1.55346164,1.14999863,1.96152946,-1.24047460
27.29999924,1.56450467,1.19999821,1.95946908,-1.24999825
27.30999947,1.58409723,1.19999914,1.95566079,-1.24999835
27.31999969,1.60370160,1.19999750,1.95173248,-1.24999864
27.32999992,1.62331764,1.19999929,1.94768549,-1.24999868
27.34000015,1.64294705,1.19999814,1.94352133,-1.24999970
27.35000038,1.66259024,1.19999756,1.93924159,-1.24999880
27.36000061,1.68224794,1.19999839,1.90907245,-0.99999964
27.37000084,1.70192182,1.19999926,1.90703320,-0.99999841
27.37999916,1.72160994,1.19999812,1.90489573,-0.99999979
27.38999939,1.74132129,1.19999938,1.90265914,-0.99999852
27.39999962,1.76105474,1.19999825,1.90032499,-0.99999972
27.40999985,1.78081255,1.19999760,1.89789329,-0.99999956
27.42000008,1.80059730,1.19999834,1.89536533,-0.99999994
27.43000031,1.82041027,1.19999848,1.89274099,-0.99999924
27.44000053,1.84025386,1.19999853,1.89002089,-1.00000011
27.45000076,1.86013047,1.19999866,1.88720564,-0.99999826
27.45999908,1.88003850,1.19999896,1.88429634,-0.99999940
27.46999931,1.89998836,1.19999764,1.88129264,-0.99999871
27.47999954,1.92092814,1.24999752,1.87819551,-0.99999940
27.48999977,1.94148939,1.24999912,1.87500588,-0.99999797
27.50000000,1.96209938,1.24999767,1.87172415,-0.99999973
27.51000023,1.98276122,1.24999760,1.86835122,-0.99999830
27.52000046,2.00347798,1.24999849,1.86488760,-0.99999987
27.53000069,2.02425257,1.24999965,1.86133449,-0.99999843
27.54000092,2.04508855,1.24999893,1.86000012,-0.97229686
27.54999924,2.06598545,1.24999870,1.86000023,-0.93594730
27.55999947,2.08695359,1.24999856,1.86000028,-0.90638951
27.56999969,2.10799373,1.24999961,1.85787804,-0.89999816
27.57999992,2.12910839,1.24999775,1.85500437,-0.89999973
27.59000015,2.15030131,1.24999918,1.85205370,-0.89999892
27.60000038,2.17157619,1.24999943,1.84902679,-0.90000016
27.61000061,2.19293673,1.24999945,1.84592524,-0.89999889
27.62000084,2.21438739,1.24999931,1.84275003,-0.89999981
27.62999916,2.23592772,1.24999972,1.83950303,-0.89999888
27.63999939,2.25757048,1.24999979,1.83618480,-0.89999813
27.64999962,2.27931532,1.24999761,1.83279680,-0.89999866
27.65999985,2.30116816,1.24999964,1.82934080,-0.89999886
27.67000008,2.32313284,1.24999784,1.82581738,-0.89999960
27.68000031,2.34521548,1.24999892,1.82222851,-0.89999984
27.69000053,2.38018340,1.29999968,1.81857658,-0.89999853
27.70000076,2.40311959,1.29999850,1.81486239,-0.89999968
27.70999908,2.42618829,1.29999894,1.81108981,-0.89999868
27.71999931,2.44940357,1.29999955,1.81000046,-0.89060341
27.72999954,2.47276642,1.29999900,1.81000025,-0.87820877
27.73999977,2.49628279,1.29999742,1.81000050,-0.86662180
27.75000000,2.51995967,1.29999872,1.81000048,-0.85576763
27.76000023,2.54380363,1.29999975,1.80848899,-0.84999849
27.77000046,2.56781994,1.29999963,1.80503398,-0.84999870
27.78000069,2.59201526,1.29999978,1.80153874,-0.84999781
27.79000092,2.61639598,1.29999844,1.79800437,-0.84999988
27.79999924,2.64096540,1.29999979,1.79443520,-0.84999993
27.80999947,2.66573839,1.29999892,1.79083228,-0.84999903
27.81999969,2.69071910,1.29999935,1.78719772,-0.84999999
27.82999992,2.73759693,1.34999858,1.78353603,-0.84999825
27.84000015,2.76369151,1.34999785,1.77984685,-0.84999888
27.85000038,2.79002288,1.34999825,1.77613348,-0.84999975
27.86000061,2.81659783,1.34999856,1.77239996,-0.84999986
27.87000084,2.84342504,1.34999943,1.76864913,-0.84999832
27.87999916,2.87050658,1.34999841,1.76488305,-0.84999876
27.88999939,2.89786292,1.34999849,1.76110319,-0.84999952
27.89999962,2.92549815,1.34999917,1.76000092,-0.84494123
27.90999985,2.95341871,1.34999834,1.76000029,-0.83811626
27.92000008,2.98163549,1.34999975,1.76000015,-0.83163620
27.93000031,3.01015450,1.34999792,1.76000065,-0.82548305
27.94000053,3.03898741,1.34999859,1.76000044,-0.81964337
27.95000076,3.06814112,1.34999877,1.76000009,-0.81410167
