7.89934587,18.85000038
7.88867712,18.85000038
7.87935781,18.85390854
7.87386227,18.86886787
7.86531734,18.87500000
7.85465002,18.87500191
7.84398127,18.87500000
7.82464027,18.85000038
7.81396341,18.85000038
7.80328560,18.85000038
7.79260683,18.85000038
7.78192616,18.85000038
7.77124453,18.85000038
7.76056290,18.85000038
7.74116611,18.82499886
7.73047638,18.82499886
7.71978569,18.82499886
7.70909452,18.82500076
7.69897604,18.82664299
7.69347477,18.84149361
7.68576050,18.85000038
7.67507172,18.85000038
7.66438150,18.85000038
7.65369034,18.85000038
7.64299917,18.85000038
7.63230705,18.85000038
7.61283398,18.82500076
7.60213566,18.82500076
7.59143686,18.82500076
7.58073664,18.82500076
7.57003689,18.82500076
7.55933666,18.82500076
7.54863596,18.82500076
7.53793526,18.82500076
7.51841259,18.80000114
7.51291656,18.81475830
7.50583029,18.82500076
7.49512815,18.82500076
7.48442507,18.82499886
7.47372341,18.82500076
7.46302080,18.82499886
7.44346476,18.79999924
7.43275928,18.80000114
7.42205238,18.79999924
7.41134691,18.80000114
7.40064049,18.80000114
7.38993454,18.80000114
7.37923002,18.79999924
7.36852503,18.80000114
7.34893227,18.77500153
7.33822441,18.77499962
7.33244467,18.78884888
7.32571030,18.80000114
7.31500769,18.80000114
7.30430651,18.80000114
7.29360485,18.79999924
7.28290510,18.80000114
7.27220583,18.80000114
7.26150799,18.79999924
7.25081062,18.79999924
7.24011326,18.79999924
7.22048807,18.77499962
7.20979118,18.77499962
7.19909525,18.77499962
7.18840027,18.77499962
7.17770767,18.77499962
7.16701508,18.77499962
7.16131544,18.78894043
7.15458679,18.80000114
7.14390278,18.80000114
7.13321877,18.79999924
7.12253904,18.80000114
7.11185837,18.79999924
7.10118055,18.79999924
7.09050465,18.80000114
7.07983065,18.79999924
7.06915665,18.79999924
7.05848789,18.80000114
7.03884840,18.77499962
7.02818012,18.77500153
7.01751423,18.77499962
7.00685167,18.77499962
6.99635839,18.77546692
6.99099016,18.79019928
6.98385668,18.79999924
6.97320366,18.79999924
6.96255493,18.80000114
6.95190859,18.80000114
6.94126415,18.80000114
6.93062210,18.79999924
6.91998386,18.79999924
6.90934896,18.79999924
6.89871645,18.79999924
6.88808775,18.80000114
6.87746048,18.79999924
6.85785389,18.77499962
6.84723473,18.77499962
6.83661795,18.77499962
6.82708359,18.77799606
6.82179880,18.79281425
6.81377506,18.79999924
6.80319214,18.80000114
6.79261541,18.80000114
6.78204107,18.79999924
6.77147293,18.79999924
6.76090765,18.80000114
6.75034809,18.79999924
6.73979187,18.80000114
6.72923994,18.79999924
6.71869373,18.80000114
6.70815229,18.80000114
6.69761467,18.79999924
6.67812681,18.77500153
6.66760111,18.77500153
6.65977812,18.78253555
6.65499973,18.79856682
6.67550707,18.88528633
6.67013025,18.89966583
6.66475344,18.91404915
6.65937376,18.92842293
6.65399265,18.94279480
6.64605427,18.94999886
6.63554573,18.95000076
6.62504196,18.95000076
6.61454248,18.94999886
6.60698605,18.95824623
6.60188675,18.97338867
6.59196854,18.97499847
6.58148289,18.97499847
6.57100010,18.97500038
6.56052113,18.97500038
6.55357599,18.98493767
6.54817295,18.99921799
6.53797960,19.00000000
6.52751255,19.00000000
6.51704931,19.00000000
6.50659132,19.00000000
6.49613667,19.00000191
6.49072647,19.01425552
6.48531628,19.02851677
6.50500011,19.11384773
6.50500011,19.14350510
6.52789307,19.23810959
6.52247286,19.25249672
6.54205227,19.33788681
6.53663015,19.35234070
6.53120708,19.36680603
6.52578354,19.38128090
6.52035904,19.39577103
6.51493406,19.41027069
6.50950813,19.42478371
6.50408268,19.43931389
6.49865723,19.45385742
6.49323034,19.46841240
6.48780346,19.48298454
6.48237610,19.49757195
6.47694874,19.51217651
6.47152042,19.52679443
6.46609306,19.54142952
6.45854712,19.55000114
6.44801950,19.54999924
6.44268608,19.56494522
6.43564939,19.57500076
6.42512131,19.57499886
6.41718388,19.58246803
6.41174746,19.59716797
6.40631294,19.61189270
6.40031242,19.62500000
6.38978100,19.62500000
6.37925148,19.62500000
6.36872578,19.62500000
6.35820198,19.62500000
6.34869909,19.62796402
6.34326506,19.64276505
6.33783054,19.65758705
6.33239698,19.67243385
6.32578564,19.68386650
6.32069302,19.69974709
6.31024790,19.70000076
6.29971838,19.70000076
6.28919077,19.70000076
6.28332520,19.71366882
6.27665663,19.72500038
6.26612854,19.72500038
6.25560188,19.72500038
6.24507761,19.72500038
6.23455572,19.72500038
6.22570133,19.72991371
6.22026634,19.74493408
6.21145821,19.75000191
6.20093727,19.75000191
6.19145203,19.75306702
6.18636703,19.76917839
6.17780685,19.77500153
6.17108440,19.78629112
6.16516972,19.80000114
6.15464449,19.79999924
6.14412117,19.79999924
6.13360071,19.79999924
6.12308311,19.80000114
6.11347342,19.80271339
6.10804224,19.81793404
6.10227108,19.83215714
6.09718275,19.84845352
6.08717251,19.84999847
6.07664967,19.84999847
6.06612921,19.85000038
6.05561113,19.84999847
6.04509497,19.85000038
6.03458071,19.84999847
6.02406931,19.85000038
6.01355934,19.85000038
6.00662899,19.86083221
6.00079346,19.87500000
5.99028158,19.87500000
5.97977114,19.87499809
5.96926355,19.87500000
5.95875883,19.87500000
5.94909811,19.87757111
5.94368124,19.89308548
5.93544006,19.89999962
5.92493439,19.89999962
5.91698933,19.90783119
5.91189766,19.92440987
5.90158224,19.92500114
5.89107609,19.92500114
5.88057184,19.92500114
5.87006998,19.92500114
5.85957003,19.92500114
5.84907198,19.92500114
5.84230804,19.93651581
5.83617735,19.95000267
5.82567596,19.95000076
5.81907845,19.96207047
5.81275225,19.97500038
5.80224991,19.97500038
5.79174900,19.97500229
5.78125048,19.97500038
5.77075291,19.97500038
5.76025724,19.97500038
5.74976349,19.97500038
5.74097013,19.98029709
5.73557854,19.99621201
5.72629595,20.00000000
5.71580219,20.00000000
5.70530987,20.00000000
5.69481897,20.00000000
5.68433094,20.00000000
5.67999983,20.01932144
5.67842579,20.04733086
5.66877699,20.04999924
5.65828133,20.05000114
5.64778662,20.04999924
5.63729382,20.04999924
5.62680244,20.05000114
5.61631250,20.04999924
5.60582447,20.04999924
5.59533834,20.05000114
5.58485365,20.04999924
5.57712364,20.05872154
5.57176304,20.07496643
5.56128597,20.07500076
5.55080128,20.07500076
5.54031754,20.07500076
5.53448963,20.08980370
5.52720976,20.10000038
5.51672411,20.10000038
5.50623989,20.10000038
5.49575758,20.10000038
5.48527622,20.10000038
5.47479630,20.10000038
5.46431780,20.10000038
5.45384026,20.10000038
5.44336414,20.10000038
5.43288898,20.10000038
5.42241478,20.10000038
5.41194248,20.10000038
5.40147066,20.09999847
5.39100027,20.10000038
5.38237762,20.10593414
5.37722588,20.12302399
5.36736917,20.12500000
5.35689688,20.12500000
5.34642696,20.12500000
5.33595800,20.12500000
5.32548904,20.12500000
5.31502199,20.12500000
5.30455542,20.12500000
5.29408836,20.12500000
5.28362322,20.12500000
5.26541567,20.09999847
5.25495434,20.09999847
5.24449301,20.09999847
5.23669100,20.10859299
5.23140812,20.12533760
5.23000002,20.15462685
5.22583103,20.17500114
5.21536493,20.17499924
5.20489883,20.17499924
5.19443321,20.17499924
5.18396854,20.17500114
5.17722321,20.18704987
5.17075491,20.20000076
5.16028976,20.20000076
5.14982510,20.20000076
5.13936043,20.20000076
5.12889576,20.20000076
5.12069654,20.20734406
5.11545181,20.22427368
5.10521173,20.22500038
5.09477472,20.22509003
5.08954620,20.24207115
5.08152723,20.25000191
5.07106256,20.25000000
5.06059933,20.25000000
5.05013561,20.25000000
5.03967237,20.25000000
5.02920914,20.25000000
5.02088261,20.25692940
5.01567221,20.27395630
5.00553083,20.27499962
4.99506807,20.27499962
4.98460579,20.27499962
4.97414255,20.27499962
4.96367931,20.27499962
4.95321560,20.27499962
4.94347095,20.27732658
4.93819427,20.29410934
4.92955256,20.30000114
4.91908979,20.29999924
4.90862751,20.30000114
4.89816332,20.29999924
4.88769913,20.30000114
4.87723494,20.30000114
4.87061071,20.31239510
4.86405563,20.32500076
4.85359335,20.32500076
4.84313011,20.32500076
4.83266544,20.32500076
4.82220030,20.32500076
4.81173420,20.32500076
4.80126762,20.32500076
4.79079962,20.32500076
4.78033066,20.32500076
4.76986122,20.32500076
4.75939035,20.32500076
4.74891853,20.32500076
4.73972034,20.32908440
4.73437309,20.34547806
4.72629499,20.35312653
4.72117901,20.37022591
4.71220827,20.37500000
4.70174122,20.37500000
4.69127226,20.37500000
4.68080282,20.37500000
4.67033052,20.37500000
4.65985823,20.37500000
4.64938450,20.37500000
4.63890886,20.37500000
4.62843084,20.37500000
4.61795139,20.37500000
4.60747004,20.37500000
4.59698677,20.37500000
4.58660841,20.37533379
4.58120394,20.39134598
4.57347059,20.39999962
4.56298923,20.39999962
4.55250549,20.39999962
4.54201889,20.39999962
4.53153181,20.39999962
4.52104092,20.39999962
4.51054907,20.39999962
4.50005436,20.39999962
4.48955727,20.39999962
4.48213100,20.40956497
4.47659874,20.42500114
4.46610451,20.42499924
4.45560837,20.42499924
4.44510984,20.42499924
4.43460846,20.42499924
4.42410469,20.42500114
4.41359806,20.42500114
4.40308857,20.42500114
4.39257622,20.42499924
4.38206148,20.42500114
4.37487459,20.43520927
4.36919117,20.45000076
4.35867929,20.45000076
4.34816408,20.45000076
4.33974648,20.45639801
4.33472919,20.47312546
4.32483387,20.47500038
4.31432009,20.47500038
4.30380344,20.47500038
4.29328346,20.47500038
4.28275967,20.47500038
4.27223301,20.47500038
4.26170349,20.47500038
4.25116968,20.47500038
4.24063206,20.47500038
4.23009253,20.47500038
4.21995687,20.47621918
4.21441889,20.49115753
4.20684624,20.50000000
4.19797516,20.50495911
4.19298077,20.52141380
4.18365669,20.52499962
4.17312002,20.52499962
4.16257954,20.52499962
4.15203619,20.52499962
4.14148903,20.52499962
4.13093805,20.52499962
4.12038326,20.52500153
4.10982466,20.52499962
4.09926128,20.52499962
4.08869505,20.52499962
4.07812452,20.52499962
4.06754971,20.52499962
4.05697155,20.52499962
4.04804325,20.52978706
4.04304361,20.54591560
4.03388309,20.55000114
4.02330399,20.54999924
4.01467848,20.55562401
4.00909233,20.56995010
4.00027895,20.57500076
3.98969889,20.57500076
3.97911453,20.57500076
3.96852684,20.57500076
3.95793462,20.57500076
3.94733715,20.57500076
3.93673635,20.57500076
3.92613053,20.57500076
3.91552114,20.57500076
3.90684104,20.58044434
3.90499973,20.60508347
3.90074205,20.62286758
3.89090848,20.62500000
3.88030958,20.62500000
3.86970663,20.62500000
3.85909915,20.62500000
3.84848762,20.62500000
3.83787036,20.62500000
3.82724929,20.62500000
3.81662345,20.62500000
3.79692125,20.60000038
3.78626847,20.60000038
3.77561235,20.60000038
3.76495051,20.60000038
3.75667214,20.60653114
3.75500011,20.63108635
3.75049710,20.64784813
3.74064064,20.65000153
3.72998953,20.64999962
3.71933484,20.65000153
3.70867467,20.65000153
3.69800949,20.65000153
3.68733907,20.64999962
3.67666459,20.64999962
3.66598439,20.64999962
3.65530109,20.65000153
3.64461184,20.65000153
3.63842416,20.66202927
3.63260007,20.67500114
3.62480402,20.68268776
3.61977243,20.69770241
3.60995841,20.69999886
3.59927559,20.70000076
3.58858681,20.69999886
3.57789421,20.69999886
3.56719661,20.70000076
3.55649400,20.69999886
3.54578638,20.69999886
3.53565812,20.70152855
3.52999949,20.71474457
3.52321792,20.72500038
3.51250839,20.72500038
3.50179434,20.72500229
3.49107504,20.72500038
3.48366547,20.73358727
3.47860241,20.74822998
3.46857023,20.75000000
3.45784879,20.75000000
3.44712210,20.75000000
3.43639135,20.75000000
3.42565584,20.75000000
3.41491461,20.75000000
3.40417075,20.75000000
3.39341974,20.75000000
3.38288403,20.75055504
3.37999988,20.77059364
3.37830114,20.79359055
3.37008572,20.79999924
3.35934544,20.80000114
3.34859872,20.80000114
3.33784842,20.79999924
3.32709336,20.80000114
3.31633425,20.80000114
3.30556941,20.79999924
3.29480124,20.79999924
3.28402829,20.79999924
3.27325153,20.79999924
3.26247001,20.79999924
3.25168514,20.80000114
3.24103379,20.80034447
3.23589063,20.81440735
3.22936463,20.82499886
3.22298503,20.83593941
3.21734881,20.84870148
3.20709062,20.85000038
3.19630432,20.85000038
3.18551278,20.85000038
3.17471886,20.85000038
3.16392016,20.85000038
3.15311766,20.85000038
3.14440656,20.85514641
3.13922977,20.86895370
3.13089442,20.87500191
3.12008905,20.87500191
3.10927963,20.87500000
3.09846830,20.87500000
3.08765221,20.87500000
3.07683301,20.87500000
3.06814766,20.88019943
3.06253409,20.89286041
3.05465460,20.90000153
3.04383326,20.90000153
3.03300929,20.90000153
3.02218032,20.89999962
3.01135015,20.90000153
3.00162935,20.90269089
2.99639440,20.91620064
2.98921180,20.92500114
2.97837949,20.92500114
2.96754289,20.92500114
2.95670438,20.92500114
2.94586253,20.92499924
2.93501878,20.92499924
2.92417264,20.92500114
2.91397357,20.92655754
2.90839839,20.93918037
2.90424871,20.95519829
2.89897108,20.96850014
2.89084911,20.97500038
2.88000417,20.97499847
2.86915779,20.97500038
2.85830832,20.97500038
2.84745812,20.97500038
2.83660460,20.97499847
2.82574987,20.97500038
2.81489253,20.97499847
2.80403352,20.97499847
2.79317355,20.97499847
2.78231215,20.97500038
2.77145004,20.97500038
2.76065922,20.97517204
2.75513744,20.98782921
2.75479412,21.01273537
2.74911785,21.02500153
2.73825884,21.02500153
2.72739887,21.02500153
2.71653771,21.02500153
2.70567560,21.02500153
2.69481206,21.02499962
2.68394876,21.02499962
2.67308474,21.02499962
2.66222143,21.02500153
2.65135622,21.02499962
2.64569974,21.03728676
2.64022541,21.05000114
2.62936306,21.04999924
2.61849952,21.05000114
2.60763741,21.05000114
2.59677386,21.04999924
2.58591127,21.04999924
2.57505012,21.05000114
2.56681228,21.05618668
2.56138611,21.06899834
2.55307078,21.07499886
2.54221177,21.07499886
2.53135347,21.07499886
2.52049637,21.07500076
2.50963950,21.07499886
2.49984956,21.07751083
2.49438548,21.09022903
2.48767138,21.10000038
2.47681856,21.10000038
2.46596646,21.10000038
2.45511603,21.10000038
2.44426751,21.10000038
2.43342161,21.10000038
2.42257690,21.10000038
2.41619730,21.11055565
2.41085482,21.12356949
2.40061617,21.12500000
2.39458823,21.13639641
2.38907456,21.14902115
2.37864804,21.15000153
2.36780858,21.14999962
2.35697365,21.14999962
2.34614015,21.15000153
2.33530974,21.15000153
2.32448339,21.14999962
2.31365871,21.14999962
2.30283880,21.14999962
2.29202056,21.15000153
2.28120708,21.15000153
2.27039647,21.15000153
2.25959015,21.14999962
2.24878764,21.15000153
2.23799014,21.14999962
2.23096013,21.15902138
2.22999978,21.18260574
2.22620845,21.19943047
2.21564412,21.19999886
2.20484662,21.19999886
2.19405389,21.20000076
2.18326545,21.20000076
2.17248154,21.20000076
2.16170216,21.19999886
2.15092826,21.20000076
2.14015818,21.19999886
2.12939453,21.19999886
2.11863613,21.19999886
2.10788321,21.20000076
2.09713578,21.19999886
2.08639383,21.20000076
2.07883120,21.20774841
2.07372141,21.22150803
2.06441045,21.22500038
2.05367804,21.22499847
2.04295254,21.22500038
2.03386045,21.22900772
2.02821374,21.24150276
2.02093625,21.25000000
2.01022029,21.25000000
1.99950981,21.25000000
1.98880637,21.25000000
1.97810984,21.25000000
1.96742117,21.25000000
1.95673871,21.25000000
1.94606519,21.25000000
1.93539727,21.25000000
1.92473912,21.25000000
1.91408706,21.25000000
1.90344429,21.25000000
1.89320779,21.25100708
1.88825560,21.26537895
1.88141596,21.27499962
1.87078476,21.27499962
1.86016178,21.27499962
1.84954667,21.27499962
1.83894205,21.27500153
1.82834530,21.27500153
1.81886888,21.27785873
1.81315744,21.29042435
1.80627608,21.30000114
1.79569149,21.29999924
1.78511786,21.30000114
1.77455199,21.30000114
1.76399708,21.29999924
1.75345135,21.29999924
1.74291527,21.29999924
1.73238993,21.30000114
1.72187531,21.30000114
1.71137011,21.30000114
1.70563579,21.31265640
1.69976509,21.32500076
1.68926334,21.32500076
1.67877209,21.32499886
1.66829252,21.32499886
1.65782464,21.32499886
1.65008998,21.33237839
1.64432669,21.34513855
1.63564897,21.35000038
1.62519467,21.35000038
1.61475205,21.35000038
1.60432112,21.35000038
1.59390199,21.35000038
1.58349550,21.35000038
1.57414389,21.35291290
1.56953228,21.36907768
1.56124330,21.37500000
1.55085194,21.37500000
1.54047120,21.37500000
1.53010404,21.37500000
1.51974905,21.37500000
1.50940728,21.37500000
1.49907863,21.37500191
1.48876369,21.37500191
1.47982395,21.37895966
1.47400892,21.39203262
1.46642518,21.39999962
1.45612550,21.39999962
1.44583869,21.40000153
1.43982494,21.41266251
1.43367541,21.42499924
1.42338955,21.42499924
1.41311765,21.42500114
1.40285945,21.42500114
1.39261448,21.42499924
1.38238502,21.42499924
1.37216938,21.42499924
1.36196840,21.42500114
1.35178232,21.42500114
1.34161127,21.42500114
1.33145487,21.42499924
1.32131410,21.42500114
1.31118870,21.42500114
1.30405450,21.43453979
1.29873610,21.45000076
1.28861010,21.45000076
1.27849972,21.44999886
1.26840484,21.44999886
1.25832641,21.45000076
1.24928248,21.45339394
1.24335480,21.46722412
1.23559308,21.47499847
1.22552848,21.47500038
1.21547866,21.47499847
1.20544577,21.47499847
1.19542944,21.47499847
1.18542969,21.47500038
1.17544603,21.47500038
1.16547990,21.47500038
1.15553010,21.47500038
1.14559770,21.47500038
1.13761067,21.48201370
1.13259876,21.50000000
1.12266195,21.50000000
1.11274171,21.50000000
1.10283911,21.50000000
1.09295380,21.50000000
1.08308625,21.50000000
1.07323635,21.50000000
1.06340373,21.50000000
1.05589533,21.50909615
1.04988086,21.52424622
1.04022956,21.52499962
1.03040731,21.52500153
1.02060235,21.52500153
1.01500773,21.54240227
1.00700402,21.54999924
0.99718809,21.54999924
0.98738897,21.54999924
0.97760832,21.54999924
0.96784490,21.54999924
0.95810026,21.55000114
0.94837260,21.54999924
0.93866420,21.54999924
0.92897356,21.55000114
0.91930109,21.55000114
0.90964699,21.54999924
0.90001202,21.55000114
0.89290243,21.56222153
0.88585186,21.57500076
0.87619931,21.57500076
0.86656392,21.57500076
0.85694736,21.57500076
0.84734875,21.57500076
0.83776873,21.57500076
0.82820672,21.57500076
0.81866360,21.57500076
0.80913800,21.57500076
0.79963177,21.57500076
0.79014319,21.57500076
0.78304207,21.58909798
0.77853841,21.61941338
0.76986086,21.62500000
0.76027995,21.62500000
0.75071663,21.62500000
0.74116963,21.62500000
0.73163998,21.62500000
0.72212583,21.62500000
0.71262950,21.62500000
0.70314866,21.62500000
0.69368500,21.62500000
0.68423754,21.62500000
0.67480588,21.62500000
0.66539073,21.62500000
0.65599102,21.62500000
0.64660752,21.62500000
0.63723874,21.62500000
0.62873304,21.63280678
0.62116808,21.64999962
0.61175162,21.64999771
0.60234857,21.64999962
0.59296024,21.64999962
0.58358550,21.64999962
0.57422423,21.64999962
0.56487572,21.64999962
0.55554110,21.64999962
0.54621840,21.64999962
0.53690898,21.64999962
0.52761126,21.64999962
0.51967627,21.67175293
0.51050347,21.67499924
0.50114065,21.67500114
0.49178764,21.67499924
0.48244566,21.67500114
0.47311345,21.67500114
0.46472985,21.70000076
0.45531261,21.70000076
0.44590485,21.70000076
0.43650478,21.70000076
0.42711198,21.70000076
0.41772705,21.70000076
0.40865627,21.72500038
0.39917749,21.72500038
0.38970500,21.72500038
0.38023826,21.72500038
0.37077704,21.72500038
0.36131990,21.72500038
0.35186729,21.72500038
0.34241909,21.72500038
0.33297542,21.72500038
0.32353348,21.72500038
0.31409410,21.72500038
0.30375201,21.75000000
0.29420474,21.75000000
0.28465751,21.75000000
0.27511156,21.75000191
0.26556557,21.75000000
0.25601989,21.75000000
0.24647182,21.75000191
0.23692305,21.75000191
0.22737211,21.75000191
0.21781915,21.75000191
0.20620388,21.77499962
0.19652566,21.77500153
0.18684359,21.77499962
0.17715612,21.77500153
0.16746496,21.77500153
0.15776646,21.77500153
0.14806107,21.77500153
0.13834903,21.77499962
0.12863012,21.77499962
0.11890230,21.77499962
0.10590178,21.80000114
0.09603197,21.80000114
0.08264334,21.82499886
0.07262806,21.82500076
0.06260072,21.82500076
0.05256090,21.82499886
0.04250851,21.82500076
0.03244168,21.82499886
0.02236061,21.82499886
0.01226326,21.82499886
0.00215200,21.82500076
-0.00797698,21.82499886
-0.01812367,21.82499886
-0.03318954,21.85000038
-0.04350168,21.85000038
-0.05383335,21.85000038
-0.06418560,21.85000038
-0.07455875,21.85000038
-0.08495326,21.85000038
-0.09536947,21.85000038
-0.10581035,21.85000038
-0.11627442,21.85000038
-0.13284549,21.87500000
-0.14349200,21.87499809
-0.15416652,21.87500000
-0.16486782,21.87500000
-0.17559680,21.87500000
-0.18635416,21.87500000
-0.19714217,21.87500000
-0.20795982,21.87500000
-0.22597328,21.89999962
-0.23699088,21.90000153
-0.24804188,21.89999962
-0.25912657,21.90000153
-0.27024519,21.89999962
-0.28139833,21.90000153
-0.29258862,21.90000153
-0.30381635,21.89999962
-0.31508124,21.90000153
-0.32638445,21.90000153
-0.33772546,21.89999962
-0.35781106,21.92500114
-0.36937687,21.92500114
-0.38098505,21.92500114
-0.39263490,21.92500114
-0.40433049,21.92500114
-0.41607034,21.92500114
-0.42785522,21.92499924
-0.44939759,21.94999886
-0.46142232,21.95000076
-0.47349477,21.95000076
-0.49576914,21.97499847
-0.50808817,21.97499847
-0.52045977,21.97499847
-0.53288287,21.97499847
-0.54536027,21.97500038
-0.55788994,21.97500038
-0.57047486,21.97500038
-0.58311570,21.97500038
-0.59581399,21.97500038
-0.62006623,22.00000000
-0.63303185,22.00000000
-0.64605683,22.00000000
-0.65914178,22.00000000
-0.67228854,22.00000000
-0.68549627,22.00000000
-0.69876868,22.00000000
-0.71210343,22.00000000
-0.72550344,22.00000000
-0.73896867,22.00000000
-0.75250059,22.00000000
-0.77929908,22.02499962
-0.79312348,22.02499962
-0.80701572,22.02499962
-0.82098120,22.02499962
-0.83501625,22.02499962
-0.84912217,22.02499962
-0.86330062,22.02499962
-0.87755620,22.02499962
-0.89086330,22.02323723
-0.89427888,22.00448608
-0.90596896,22.00000000
-0.92036200,22.00000000
-0.93483287,22.00000000
-0.94938254,22.00000000
-0.96400708,22.00000000
-0.97871262,22.00000000
-0.99349964,22.00000000
-0.99762350,21.98314667
-1.00721371,21.97500038
-1.02207839,21.97500038
-1.03375292,21.97002029
-1.03752720,21.95311356
-1.05040872,21.95000076
-1.06526852,21.94974327
-1.06999934,21.93456268
-1.06999981,21.91270256
-1.06999981,21.89113998
-1.07533848,21.87745094
-1.08857107,21.87500000
-1.10100222,21.87135696
-1.10492122,21.85591316
-1.11568654,21.85000038
-1.13082552,21.85000038
-1.14189887,21.84442139
-1.14596784,21.82950783
-1.15007436,21.81479454
-1.15422165,21.80027962
-1.16925776,21.80000114
-1.18459725,21.79999924
-1.19190073,21.78966331
-1.19620967,21.77561188
-1.20055771,21.76173782
-1.20495057,21.74804306
-1.20938361,21.73451424
-1.21701479,21.72500038
-1.23248422,21.72500038
-1.24500012,21.72134972
-1.24500000,21.70277786
-1.24499953,21.68439674
-1.24499989,21.66620636
-1.24508417,21.64829826
-1.24969888,21.63577652
-1.25576282,21.62500000
-1.27129662,21.62500000
-1.28692675,21.62500191
-1.29362226,21.61494255
-1.29847252,21.60289383
-1.30336952,21.59097481
-1.30831718,21.57918549
-1.32023585,21.57500076
-1.33609390,21.57500076
-1.34500027,21.56749916
-1.34500003,21.55059433
-1.34499943,21.53383446
-1.34500027,21.51721954
-1.34513199,21.50087547
-1.35030174,21.48983383
-1.35551941,21.47889900
-1.36764264,21.47500038
-1.38368726,21.47500038
-1.39500046,21.47017860
-1.39499986,21.45411491
-1.39499962,21.43817520
-1.39499998,21.42235184
-1.39499962,21.40664673
-1.40428126,21.39999962
-1.42051065,21.39999962
-1.43423390,21.39752007
-1.43984473,21.38731003
-1.44500005,21.37671089
-1.44499958,21.36134148
-1.44499981,21.34607697
-1.44791937,21.33359909
-1.45864415,21.32832909
-1.47153223,21.32499886
-1.47792101,21.31574440
-1.48377967,21.30603600
-1.48969316,21.29640198
-1.49499965,21.28625679
-1.49499905,21.27146530
-1.50306106,21.26382637
-1.51384509,21.25855637
-1.51999915,21.24925232
-1.52224362,21.23660469
-1.52835858,21.22732735
-1.53452814,21.21811485
-1.54075205,21.20896530
-1.54514706,21.19829369
-1.55594695,21.19301224
-1.56680143,21.18774605
-1.56999993,21.17612267
-1.57000005,21.16191673
-1.56999910,21.14778328
-1.56999934,21.13371658
-1.56999934,21.11971855
-1.57084703,21.10646820
-1.58174121,21.10130692
-1.59752572,21.10000038
-1.60635483,21.09312248
-1.61292911,21.08445930
-1.61955702,21.07584572
-1.61999965,21.06242752
-1.62000024,21.04872513
-1.62000012,21.03507805
-1.63064945,21.02964211
-1.64172792,21.02450180
-1.64500034,21.01341820
-1.64500010,20.99990082
-1.64499950,20.98643684
-1.64500010,20.97303009
-1.64634120,20.96066666
-1.65320837,20.95242310
-1.66801000,20.95000076
-1.68621731,20.95000076
-1.69500005,20.94307137
-1.69499981,20.92977905
-1.69500041,20.91654015
-1.69500065,20.90334702
-1.69499993,20.89020157
-1.69500005,20.87710381
-1.69500005,20.86405373
-1.69500029,20.85104942
-1.69500029,20.83808708
-1.69710147,20.82662773
-1.71341681,20.82500076
-1.73209918,20.82492638
-1.73940289,20.81699562
-1.74500048,20.80789566
-1.74500024,20.79501915
-1.74499905,20.78218269
-1.74500000,20.76939011
-1.74499953,20.75663567
-1.75257051,20.74893570
-1.76436913,20.74400520
-1.76999903,20.73499298
-1.76999962,20.72231483
-1.76999986,20.70967293
-1.76999950,20.69706917
-1.77000010,20.68450546
-1.77000070,20.67197800
-1.77067673,20.65991592
-1.78278530,20.65510750
-1.79498804,20.65031242
-1.79499972,20.63785553
-1.79499924,20.62542725
-1.79499984,20.61303520
-1.79499960,20.60067749
-1.79499912,20.58835411
-1.80012631,20.57918549
-1.80789244,20.57161331
-1.81571710,20.56406212
-1.81999934,20.55437088
-1.82166791,20.54313087
-1.83435273,20.53843307
-1.84499943,20.53248405
-1.84500027,20.52026939
-1.84500027,20.50808716
-1.84499931,20.49593735
-1.84500003,20.48381996
-1.84500015,20.47173882
-1.84500039,20.45968437
-1.85172415,20.45146751
-1.86501169,20.44692612
-1.86999917,20.43769264
-1.87000000,20.42568588
-1.87000024,20.41370964
-1.87000024,20.40176773
-1.86999965,20.38985634
-1.86999917,20.37797546
-1.87000072,20.36612892
-1.86999941,20.35431099
-1.86999977,20.34252739
-1.86999941,20.33077240
-1.88133264,20.32500076
-1.90381515,20.32499886
-1.91505086,20.31904793
-1.92000031,20.30981255
-1.92000008,20.29804420
-1.92000020,20.28630447
-1.91999900,20.27459335
-1.91999948,20.26291656
-1.92000031,20.25127029
-1.92000043,20.23965454
-1.91999960,20.22806931
-1.91999948,20.21651459
-1.93018031,20.20991516
-1.94499969,20.20549965
-1.94500017,20.19394875
-1.94499958,20.18243027
-1.94499958,20.17094040
-1.94500017,20.15948105
-1.94500101,20.14805412
-1.94500077,20.13665581
-1.94500017,20.12528992
-1.94863641,20.11559296
-1.95749509,20.10823631
-1.96645260,20.10088921
-1.98465669,20.09757423
-1.99499977,20.09072495
-1.99500012,20.07935715
-1.99500000,20.06801796
-1.99499965,20.05670738
-1.99499989,20.04542923
-1.99500084,20.03417969
-1.99500000,20.02296066
-1.99500012,20.01177216
-1.99500024,20.00061035
-1.99500000,19.98948097
-1.99927819,19.98008537
-2.01795197,19.97636032
-2.02600217,19.96837044
-2.03558755,19.96094322
-2.04500079,19.95339966
-2.04499984,19.94225121
-2.04499960,19.93113136
-2.04499984,19.92004204
-2.04500055,19.90897751
-2.04500079,19.89794540
-2.04500031,19.88694191
-2.04500031,19.87596512
-2.06107926,19.87064552
-2.06999946,19.86274529
-2.06999898,19.85175133
-2.06999969,19.84078789
-2.06999993,19.82984924
-2.06999898,19.81894112
-2.07000017,19.80805969
-2.06999922,19.79720306
-2.06999969,19.78637505
-2.06999946,19.77557755
-2.07000017,19.76480484
-2.08229756,19.75779343
-2.09500051,19.75082588
-2.09499931,19.74002647
-2.09500027,19.72925377
-2.09499955,19.71850777
-2.09499931,19.70778656
-2.09499979,19.69709015
-2.09500027,19.68642426
-2.09500003,19.67577744
-2.09500051,19.66515732
-2.09500027,19.65456200
-2.10877633,19.64751244
-2.11999965,19.63972092
-2.11999965,19.62908745
-2.12000036,19.61847687
-2.11999965,19.60788918
-2.11999917,19.59732628
-2.11999917,19.58678436
-2.11999989,19.57626534
-2.12000012,19.56576920
-2.12000012,19.55529404
-2.12000012,19.54483986
-2.11999965,19.53441048
-2.11999941,19.52399826
-2.12000012,19.51360893
-2.13444924,19.50600052
-2.14500046,19.49755096
-2.14500046,19.48710251
-2.14499950,19.47667122
-2.14499974,19.46626091
-2.14499927,19.45586586
-2.14500070,19.44548798
-2.14500022,19.43513107
-2.14499998,19.42478752
-2.14499998,19.41446304
-2.14499974,19.40415192
-2.16999936,19.39732742
-2.17000031,19.38692665
-2.17000079,19.37654114
-2.16999960,19.36616707
-2.16999984,19.35581017
-2.16999936,19.34546471
-2.17000008,19.33513260
-2.16999960,19.32481003
-2.16999984,19.31450081
-2.16999936,19.30420303
-2.19499993,19.29614639
-2.21999979,19.28784561
-2.21999979,19.27732277
-2.22000074,19.26680946
-2.21999931,19.25630379
-2.21999884,19.24580574
-2.21999979,19.23531342
-2.22000051,19.22482872
-2.21999979,19.21434784
-2.23141122,19.20436096
-2.24500012,19.19434357
-2.24499965,19.18374634
-2.24499917,19.17314720
-2.24500084,19.16255379
-2.24500036,19.15196037
-2.24499989,19.14136696
-2.24500108,19.13077545
-2.24499989,19.12018394
-2.24499941,19.10958862
-2.27000093,19.09873199
-2.27000070,19.08799744
-2.27000022,19.07725906
-2.27000022,19.06651688
-2.26999950,19.05576897
-2.27000022,19.04501343
-2.27000046,19.03425407
-2.26999998,19.02348518
-2.26999974,19.01270866
-2.29499888,19.00040817
-2.29499984,18.98946953
-2.29499960,18.97852135
-2.29499984,18.96755981
-2.29500031,18.95658493
-2.29500055,18.94559860
-2.29499912,18.93459320
-2.29500055,18.92357445
-2.31999969,18.90986252
-2.31999946,18.89866066
-2.32000017,18.88743973
-2.31999993,18.87619781
-2.31999993,18.86493683
-2.31999993,18.85364914
-2.32000041,18.84234047
-2.31999922,18.83100510
-2.34500051,18.81575584
-2.34500051,18.80421448
-2.34500074,18.79264259
-2.34500003,18.78104019
-2.34500027,18.76940536
-2.34499907,18.75774002
-2.34499931,18.74603844
-2.36999965,18.72929764
-2.36999965,18.71736145
-2.37000060,18.70538330
-2.37000036,18.69336700
-2.36999989,18.68130684
-2.36843419,18.66956711
-2.36016083,18.65941620
-2.37737608,18.64303398
-2.37005806,18.63259506
-2.36999917,18.62031174
-2.36999965,18.60796356
-2.36999989,18.59555817
-2.37000060,18.58309746
-2.37000060,18.57057762
-2.37000108,18.55800056
-2.37000084,18.54536057
-2.37000060,18.53265572
-2.37000036,18.51988602
-2.39500022,18.49888420
-2.39500022,18.48578262
-2.39500022,18.47260666
-2.39499927,18.45935059
-2.39499950,18.44601822
-2.39290023,18.43336678
-2.38860059,18.42148590
-2.38452148,18.40950394
-2.38065076,18.39741898
-2.37697673,18.38522530
-2.39849114,18.36275673
-2.39518833,18.35012627
-2.39206123,18.33737183
-2.38909912,18.32449532
-2.38629389,18.31149483
-2.38363457,18.29836845
-2.38111424,18.28510857
-2.37172318,18.27499962
-2.35146880,18.27013397
-2.34932756,18.25670433
-2.33347631,18.25000000
-2.30473828,18.25000000
-2.27683425,18.25000000
-2.24973869,18.25000000
-2.24026108,18.24097252
-2.23873520,18.22767067
-2.21791434,18.22500038
-2.19291139,18.22500038
-2.18465376,18.21572495
-2.18344569,18.20234871
-2.16363120,18.20000076
-2.14044309,18.20000076
-2.11785865,18.20000076
-2.10429025,18.19466591
-2.10340333,18.18133354
-2.09164047,18.17500114
-2.07057285,18.17499924
-2.05001450,18.17499924
-2.02995491,18.17499924
-2.02474165,18.16489410
-2.02414918,18.15145302
-2.00689316,18.14999962
-1.98804975,18.15000153
-1.96963203,18.14999962
-1.95162880,18.15000153
-1.94676483,18.14004898
-1.94639516,18.12648773
-1.93087947,18.12500000
-1.91385829,18.12500000
-1.89719594,18.12500000
-1.88088119,18.12500000
-1.86996579,18.12061119
-1.86975551,18.10692215
-1.86178374,18.10000038
-1.84626639,18.10000038
-1.83104908,18.10000038
-1.81612158,18.10000038
-1.80147636,18.10000038
-1.79394078,18.09332657
-1.79386830,18.07926750
-1.78388309,18.07500076
-1.76985586,18.07500076
-1.75607681,18.07500076
-1.74371839,18.07374382
-1.74371397,18.05931664
-1.73883402,18.05000114
-1.72557735,18.04999924
-1.71253717,18.04999924
-1.69970405,18.04999924
-1.68707550,18.05000114
-1.67464399,18.04999924
-1.66893327,18.04200745
-1.66899383,18.02676964
-1.65818226,18.02500153
-1.64612830,18.02499962
-1.63424742,18.02499962
-1.62253094,18.02500153
-1.61934674,18.01359558
-1.61759853,18.00000000
-1.60602808,18.00000000
-1.59460449,18.00000000
-1.58332741,18.00000000
-1.57219160,18.00000000
-1.56119144,18.00000000
-1.55032325,18.00000000
-1.54494667,17.99152565
-1.54449117,17.97500038
-1.53369617,17.97500038
-1.52302337,17.97500038
-1.51246119,17.97500038
-1.50201023,17.97500038
-1.49527931,17.96858788
-1.49523127,17.95000076
-1.48481333,17.95000076
-1.47449458,17.95000076
-1.46427047,17.95000076
-1.45413852,17.95000076
-1.44409394,17.95000076
-1.43413413,17.95000076
-1.42425597,17.95000076
-1.42030263,17.93749046
-1.41616011,17.92500114
-1.40625739,17.92500114
-1.39642835,17.92500114
-1.38666904,17.92499924
-1.37697434,17.92500114
-1.36734557,17.92499924
-1.35777688,17.92499924
-1.34826851,17.92499924
-1.34439516,17.91029930
-1.33867264,17.89999962
-1.32909667,17.89999962
-1.31957150,17.89999962
-1.31009746,17.89999962
-1.30067062,17.90000153
-1.29128850,17.89999962
-1.28195024,17.89999962
-1.27265549,17.89999962
-1.26719534,17.88730431
-1.26144087,17.87500000
-1.25204527,17.87500000
-1.24268603,17.87500000
-1.23336112,17.87500000
-1.22406816,17.87500000
-1.21480381,17.87500000
-1.20556951,17.87500000
-1.19636071,17.87500000
-1.18717694,17.87500000
-1.17801619,17.87500000
-1.16887701,17.87500000
-1.15975702,17.87500000
-1.15065622,17.87500000
-1.14157200,17.87500000
-1.12804067,17.89999962
-1.11917102,17.90000153
-1.11031127,17.90000153
-1.10146046,17.89999962
-1.09261644,17.89999962
-1.08023500,17.92500114
-1.07158005,17.92500114
-1.06292522,17.92499924
-1.05427027,17.92499924
-1.04561555,17.92500114
-1.03695774,17.92500114
-1.02829468,17.92499924
-1.01730311,17.95000076
-1.00879800,17.95000076
-1.00028157,17.95000076
-0.98993206,17.97500038
-0.98155767,17.97500038
-0.97316980,17.97500038
-0.96476609,17.97500038
-0.95634693,17.97500038
-0.94790977,17.97500038
-0.93945581,17.97500038
-0.93098164,17.97500038
-0.92248809,17.97500038
-0.91397387,17.97500038
-0.90543866,17.97500038
-0.89688015,17.97500038
-0.88829911,17.97500038
-0.87969440,17.97500038
-0.87106520,17.97500038
-0.86241198,17.97500038
-0.85373187,17.97500038
-0.84502631,17.97500038
-0.83629376,17.97500229
-0.82753468,17.97500038
-0.81874740,17.97500038
-0.80993181,17.97500038
-0.80108762,17.97500038
-0.79221570,17.97499847
-0.78331387,17.97500038
-0.77618235,18.00000000
-0.76734531,18.00000000
-0.75847882,18.00000000
-0.74958009,18.00000000
-0.74064934,18.00000000
-0.73168695,18.00000000
-0.72269320,18.00000000
-0.71366704,18.00000000
-0.70460993,18.00000000
-0.69552034,18.00000000
-0.68639994,18.00000000
-0.67724758,18.00000000
-0.66806293,18.00000000
-0.65884727,18.00000000
-0.64960033,17.99999809
-0.64032227,18.00000000
-0.63101292,18.00000000
-0.62167174,18.00000000
-0.61230010,18.00000000
-0.60289878,18.00000000
-0.59346676,18.00000000
-0.58400387,18.00000000
-0.57451171,18.00000000
-0.56499070,18.00000000
-0.55543911,18.00000000
-0.54585922,18.00000000
-0.53625041,18.00000000
-0.53070372,18.02233505
-0.52160513,18.02499962
-0.51198989,18.02500153
-0.50234532,18.02499962
-0.49267334,18.02500153
-0.48297298,18.02499962
-0.47324476,18.02500153
-0.46348909,18.02499962
-0.45370835,18.02499962
-0.44390121,18.02500153
-0.43406796,18.02499962
-0.42421004,18.02499962
-0.41432738,18.02500153
-0.40442339,18.02500153
-0.39449546,18.02500153
-0.38454551,18.02499962
-0.37457493,18.02500153
-0.36458543,18.02500153
-0.35457560,18.02500153
-0.34454697,18.02499962
-0.33450049,18.02499962
-0.32443801,18.02499962
-0.31435895,18.02500153
-0.30426413,18.02500153
-0.29415506,18.02499962
-0.28403375,18.02499962
-0.27389863,18.02500153
-0.26375082,18.02499962
-0.25359178,18.02499962
-0.24342357,18.02499962
-0.23324552,18.02499962
-0.22305794,18.02499962
-0.21286274,18.02499962
-0.20266037,18.02500153
-0.19245066,18.02500153
-0.18223478,18.02499962
-0.17201446,18.02500153
-0.16178901,18.02500153
-0.15156026,18.02499962
-0.14132734,18.02500153
-0.13297582,18.03267479
-0.12699299,18.04999924
-0.11675333,18.04999924
-0.10651011,18.04999924
-0.09626476,18.05000114
-0.08601800,18.04999924
-0.07577183,18.04999924
-0.06552394,18.04999924
-0.05527688,18.05000114
-0.04503002,18.05000114
-0.03478606,18.04999924
-0.02454287,18.05000114
-0.01430113,18.04999924
-0.00406202,18.04999924
0.00617297,18.04999924
0.01640628,18.05000114
0.02663573,18.05000114
0.03686136,18.05000114
0.04708258,18.05000114
0.05729960,18.04999924
0.06751184,18.05000114
0.07771884,18.04999924
0.08792047,18.05000114
0.09811586,18.04999924
0.10830640,18.04999924
0.11849110,18.05000114
0.12867026,18.04999924
0.13884090,18.05000114
0.14900677,18.04999924
0.15916583,18.05000114
0.16931783,18.05000114
0.17946184,18.04999924
0.18959989,18.04999924
0.19655545,18.06445885
0.20440006,18.07500076
0.21455118,18.07500076
0.22469601,18.07500076
0.23483372,18.07500076
0.24496405,18.07500076
0.25508577,18.07500076
0.26520053,18.07500076
0.27530825,18.07500076
0.28540787,18.07500076
0.29549879,18.07500076
0.30136111,18.09584618
0.31063798,18.10000038
0.32074884,18.10000038
0.33085337,18.10000038
0.34094909,18.10000038
0.35103840,18.10000038
0.36112007,18.10000038
0.37119442,18.10000038
0.38126084,18.10000038
0.39132079,18.10000038
0.40137324,18.10000038
0.41141906,18.10000038
0.42145646,18.10000038
0.43148771,18.10000038
0.44151211,18.10000038
0.45152915,18.10000038
0.46153876,18.10000038
0.47154155,18.10000038
0.48153794,18.10000038
0.49152759,18.10000038
0.50151002,18.10000038
0.51148635,18.10000038
0.52145672,18.10000038
0.53142035,18.10000038
0.54137689,18.10000038
0.54864955,18.11698532
0.55737823,18.12500000
0.56736439,18.12500000
0.57734466,18.12500000
0.58731824,18.12500000
0.59728771,18.12500000
0.60725099,18.12500000
0.61720943,18.12500000
0.62716103,18.12500000
0.63710880,18.12500000
0.64705098,18.12500000
0.65698808,18.12500000
0.66691953,18.12500000
0.67684776,18.12500000
0.68677121,18.12500000
0.69668984,18.12500000
0.70660353,18.12500000
0.71651340,18.12500000
0.72641897,18.12500000
0.73632103,18.12500000
0.74621844,18.12500000
0.75611269,18.12500000
0.76600337,18.12500000
0.77589071,18.12500000
0.78577280,18.12500000
0.79565263,18.12500000
0.80552965,18.12500000
0.81540275,18.12500000
0.82527483,18.12500000
0.83514333,18.12500000
0.84500855,18.12500000
0.85486913,18.12500000
0.86472887,18.12500000
0.87458789,18.12499809
0.88444406,18.12500000
0.89429855,18.12500000
0.90376002,18.12939072
0.90964729,18.17500114
0.91958845,18.17499924
0.92952567,18.17500114
0.93946296,18.17500114
0.94939852,18.17499924
0.95933253,18.17500114
0.96926510,18.17499924
0.97919625,18.17500114
0.98912632,18.17499924
0.99905521,18.17499924
1.00898123,18.17499924
1.01890814,18.17500114
1.02883482,18.17499924
1.03876030,18.17499924
1.04868543,18.17500114
1.05861008,18.17499924
1.06853437,18.17499924
1.07845831,18.17500114
1.08838212,18.17500114
1.09830391,18.17499924
1.10822570,18.17499924
1.11814749,18.17499924
1.12686265,18.19999886
1.13682556,18.20000076
1.14678860,18.19999886
1.15675175,18.20000076
1.16671479,18.20000076
1.17667592,18.19999886
1.18663919,18.20000076
1.19660258,18.20000076
1.20656610,18.20000076
1.21652973,18.20000076
1.22649372,18.19999886
1.23645782,18.19999886
1.24642217,18.20000076
1.25708854,18.17500114
1.26701689,18.17500114
1.27694607,18.17499924
1.28687561,18.17500114
1.29680586,18.17500114
1.30621159,18.20000076
1.31617773,18.19999886
1.32614410,18.19999886
1.33611083,18.19999886
1.34607577,18.20000076
1.35604477,18.20000076
1.36601400,18.20000076
1.37569642,18.22500038
1.38569939,18.22500038
1.39570248,18.22500038
1.40570426,18.22500038
1.41570640,18.22500038
1.42570758,18.22500038
1.43571138,18.22500038
1.44571447,18.22500229
1.45571864,18.22500038
1.46572149,18.22500038
1.47572601,18.22500038
1.48573029,18.22500038
1.49573457,18.22500038
1.50573695,18.22500038
1.51574159,18.22500038
1.52592611,18.25000000
1.53596091,18.25000000
1.54599452,18.25000000
1.55602849,18.25000000
1.56606138,18.25000000
1.57609546,18.25000000
1.58612847,18.25000000
1.59616113,18.25000000
1.60619485,18.25000000
1.61622846,18.25000000
1.62626183,18.25000000
1.63629699,18.25000000
1.64633262,18.25000000
1.65636647,18.25000000
1.66640067,18.25000000
1.67643416,18.25000000
1.68646872,18.25000000
1.69650435,18.25000000
1.70653927,18.25000000
1.71657562,18.25000000
1.72661173,18.25000000
1.73664749,18.25000000
1.74668348,18.25000000
1.75752997,18.27499962
1.76759386,18.27499962
1.77765834,18.27499962
1.78772151,18.27499962
1.79778540,18.27499962
1.80785024,18.27499962
1.81791615,18.27499962
1.82798123,18.27499962
1.83804798,18.27500153
1.84811246,18.27500153
1.85817850,18.27499962
1.86933684,18.29999924
1.87943065,18.29999924
1.88952434,18.30000114
1.90078402,18.32499886
1.91090429,18.32500076
1.92102361,18.32499886
1.93114269,18.32500076
1.94126463,18.32500076
1.95138645,18.32499886
1.96151006,18.32500076
1.97163355,18.32499886
1.98175943,18.32500076
1.99327457,18.35000038
2.00342631,18.35000038
2.01357722,18.35000038
2.02373123,18.35000038
2.03388619,18.35000038
2.04404259,18.35000038
2.05420089,18.35000038
2.06435919,18.35000038
2.07610822,18.37500000
2.08629394,18.37500000
2.09648252,18.37500000
2.10666919,18.37500000
2.11686110,18.37500000
2.13048387,18.42499924
2.14072967,18.42499924
2.15097809,18.42499924
2.16480875,18.47500038
2.17511129,18.47500038
2.18541646,18.47500038
2.19572353,18.47500038
2.20792866,18.50000000
2.21826816,18.50000000
2.22861004,18.50000191
2.23895454,18.50000000
2.25130153,18.52499962
2.26167798,18.52499962
2.27205968,18.52499962
2.28244114,18.52499962
2.29493499,18.55000114
2.30535412,18.55000114
2.31577754,18.54999924
2.32839298,18.57500076
2.33676219,18.55143738
2.34706903,18.54999924
2.35750890,18.54999924
2.36795306,18.54999924
2.37839937,18.54999924
2.38885307,18.54999924
2.39931178,18.55000114
2.40977502,18.54999924
2.42024422,18.55000114
2.43071938,18.54999924
2.44119811,18.55000114
2.45168376,18.54999924
2.46217322,18.54999924
2.47184706,18.54206085
2.48054957,18.52500153
2.49102712,18.52499962
2.50151110,18.52500153
2.51200056,18.52499962
2.52249599,18.52499962
2.53299952,18.52500153
2.54350829,18.52500153
2.55402374,18.52500153
2.56323528,18.51360703
2.57216501,18.50000000
2.58266759,18.50000000
2.59317923,18.50000191
2.60369730,18.50000191
2.61422300,18.50000191
2.62475634,18.50000191
2.63529491,18.50000191
2.64584351,18.50000000
2.65442681,18.48454285
2.66373801,18.47500038
2.67427468,18.47500038
2.68481898,18.47500038
2.69537091,18.47500038
2.70593238,18.47500038
2.71649981,18.47500038
2.72707748,18.47500038
2.73766518,18.47500038
2.74826288,18.47500038
2.75886917,18.47500038
2.76948524,18.47500038
2.78011107,18.47500038
2.78851128,18.45982742
2.79766655,18.45000076
2.80828333,18.45000076
2.81891131,18.45000076
2.82954979,18.45000076
2.84019876,18.45000076
2.85085964,18.45000076
2.86153221,18.45000076
2.87221575,18.45000076
2.88291216,18.45000076
2.89005733,18.42838097
2.90017605,18.42499924
2.91086531,18.42499924
2.91773653,18.40251160
2.92797613,18.40000153
2.93865538,18.39999962
2.94934916,18.39999962
2.96005630,18.39999962
2.97077632,18.39999962
2.98151302,18.39999962
2.99226379,18.39999962
3.00303102,18.39999962
3.01381564,18.39999962
3.02461624,18.39999962
3.03543329,18.39999962
3.04540181,18.39556503
3.05218196,18.37500000
3.06299472,18.37500000
3.07040715,18.35808563
3.07956409,18.35000038
3.09037447,18.35000038
3.10120368,18.35000038
3.11205125,18.35000038
3.12292075,18.35000038
3.13381052,18.35000038
3.14471889,18.35000038
3.15565372,18.35000038
3.16641021,18.34910583
3.17189765,18.32500076
3.18283296,18.32500076
3.19379282,18.32500076
3.20173502,18.31212997
3.20980358,18.30000114
3.22076416,18.29999924
3.23175192,18.30000114
3.24276638,18.30000114
3.24751258,18.27499962
3.25850391,18.27499962
3.26933289,18.27426529
3.27643800,18.25922012
3.28501511,18.25000000
3.29603314,18.25000000
3.30708504,18.25000000
3.31816912,18.25000000
3.32928634,18.25000000
3.34043741,18.25000000
3.35162330,18.25000000
3.35500002,18.22313118
3.36032653,18.20347214
3.37038684,18.20000076
3.38150978,18.20000076
3.39267135,18.20000076
3.40387106,18.20000076
3.41510987,18.20000076
3.42639065,18.20000076
3.43771434,18.20000076
3.44763446,18.19564819
3.45500016,18.18373680
3.45535970,18.15163040
3.46349788,18.14269257
3.47171426,18.13412094
3.48001027,18.12590981
3.49092221,18.12500000
3.50220847,18.12500000
3.51354098,18.12500000
3.52492356,18.12500000
3.53635240,18.12500000
3.54625034,18.12099075
3.54933262,18.10000038
3.56075954,18.10000038
3.57224107,18.10000038
3.58223391,18.09633827
3.59134197,18.09060478
3.60054016,18.08513069
3.60982823,18.07990837
3.61920691,18.07493019
3.62867880,18.07018280
3.63000035,18.04795265
3.63607049,18.03635406
3.64562845,18.03225136
3.65527892,18.02834892
3.66502404,18.02463531
3.67486453,18.02110863
3.68480086,18.01775932
3.69483662,18.01457596
3.70497370,18.01155472
3.71521378,18.00868988
3.72555971,18.00597954
3.73000026,17.99263382
3.73239613,17.97598076
3.74359322,17.97500038
3.75542140,17.97500038
3.76733303,17.97500038
3.77932882,17.97500038
3.79141116,17.97500038
3.80358243,17.97500038
3.81584668,17.97500038
3.82820821,17.97500038
3.84007788,17.97410583
3.84109664,17.95683098
3.84892750,17.95000076
3.86142898,17.95000076
3.87403989,17.95000076
3.88676500,17.95000076
3.89569616,17.94459915
3.89651728,17.92819214
3.90695620,17.92500114
3.91987276,17.92500114
3.93291855,17.92500114
3.94610047,17.92499924
3.95942593,17.92500114
3.97289777,17.92500114
3.98652244,17.92500114
4.00030375,17.92499924
4.01425314,17.92500114
4.02837229,17.92499924
4.04266596,17.92499924
4.07891226,17.94927979
4.07933521,17.93324852
4.07972956,17.91749191
4.07999992,17.90189934
4.09266710,17.89954185
4.10500002,17.89669609
4.10500002,17.88126755
4.11261845,17.87368393
4.12774992,17.87345886
4.13000059,17.86063766
4.13233471,17.84808159
4.14783144,17.84792709
4.15499926,17.83993149
4.15500069,17.82552528
4.16770077,17.82255745
4.18387985,17.82245445
4.20035934,17.82235909
4.20500040,17.81207657
4.20499992,17.79804993
4.22087336,17.79709053
4.23813295,17.79699707
4.25500059,17.79632187
4.25500059,17.78240395
4.25895023,17.77166367
4.27705431,17.77152824
4.27999926,17.76002312
4.27999973,17.74650192
4.29820633,17.74599838
4.31722403,17.74577332
4.32999992,17.74099350
4.32999992,17.72750664
4.33870935,17.71990776
4.35499954,17.71716309
4.35500097,17.70383835
4.35989332,17.69371223
4.37999964,17.69296074
4.38000011,17.67977715
4.38064003,17.66710854
4.40171099,17.66647148
4.40499973,17.65534210
4.40500021,17.64242363
4.40500021,17.62963295
4.40500069,17.61695671
4.41994810,17.61240959
4.42999983,17.60513306
4.43000078,17.59258842
4.42999983,17.58016396
4.43000031,17.56785774
4.42999887,17.55566597
4.43000031,17.54359245
4.42999983,17.53163147
4.42999983,17.51978302
4.42999983,17.50805092
4.43000031,17.49643135
4.42999983,17.48492622
4.40499973,17.46243286
4.40500069,17.45129585
4.40500021,17.44025612
4.40500069,17.42931175
4.40500069,17.41845703
4.40499973,17.40768623
4.40500021,17.39700317
4.40500116,17.38640022
4.40500069,17.37587738
4.40500116,17.36543274
4.38000011,17.34526825
4.38000011,17.33506584
4.38000011,17.32492638
4.37999964,17.31484413
4.37999964,17.30481911
4.38000011,17.29484749
4.37999916,17.28492928
4.37999916,17.27505875
4.35500002,17.25616264
4.35500002,17.24645996
4.33000040,17.22786140
4.33000040,17.21829987
4.33000088,17.20877075
4.32999992,17.19927216
4.33000088,17.18980217
4.32999945,17.18036270
4.32999992,17.17094612
4.32999992,17.16155815
4.32999992,17.15219307
4.32999992,17.14285088
4.33000088,17.13352966
4.30499983,17.11586380
4.30499935,17.10661888
4.30500031,17.09738731
4.30499983,17.08817101
4.30500031,17.07896614
4.30500031,17.06977844
4.30499983,17.06059456
4.30500031,17.05142403
4.30500031,17.04226494
4.30499935,17.03310966
4.30500031,17.02396393
4.28000021,17.00674438
4.27999973,16.99762344
4.25499916,16.98045349
4.25500011,16.97134590
4.25499964,16.96223831
4.25500011,16.95313263
4.25500011,16.94402122
4.25500059,16.93490601
4.25499964,16.92578888
4.25499964,16.91666603
4.25499964,16.90753555
4.25500059,16.89840126
4.25500011,16.88925743
4.25500011,16.88010788
4.25500059,16.87094688
4.22999907,16.85370827
4.23000002,16.84451485
4.20500088,16.82720375
4.20499945,16.81796074
4.20500040,16.80870056
4.20499992,16.79942131
4.20500088,16.79012489
4.20499945,16.78080177
4.20500040,16.77146149
4.20499992,16.76209641
4.20500040,16.75270844
4.20499992,16.74329567
4.20499992,16.73385811
4.18000031,16.71596146
4.17999935,16.70642090
4.17999935,16.69684792
4.17999983,16.68723869
4.18000031,16.67759895
4.18000031,16.66791725
4.17999983,16.65819931
4.17999983,16.64844131
4.18000031,16.63864326
4.17999983,16.62880135
4.17999983,16.61890984
4.15499973,16.59986687
4.15500021,16.58979797
4.15500069,16.57967377
4.15500069,16.56949234
4.15500116,16.55925179
4.13000059,16.53938103
4.13000059,16.52890778
4.12999964,16.51836395
4.13000011,16.50774574
4.12999964,16.49704933
4.10499954,16.47612572
4.10500002,16.46513939
4.10500050,16.45406151
4.10500002,16.44289207
4.10499954,16.43162727
4.10500002,16.42026329
4.10593462,16.40921402
4.10969734,16.39933777
4.11314535,16.38926506
4.11629438,16.37899780
4.11915874,16.36853600
4.12174749,16.35788345
4.12407446,16.34704208
4.12615442,16.33600807
4.12799835,16.32478333
4.12962198,16.31337166
4.13000011,16.30123138
4.12999916,16.28878784
4.13000011,16.27623367
4.10500050,16.24992371
4.05500031,16.20914078
4.05754757,16.19693565
4.07999992,16.19608116
4.07999897,16.18240547
4.08443403,16.17122459
4.10721588,16.17110634
4.12954187,16.17104149
4.15141344,16.17103004
4.17283344,16.17107010
4.17999935,16.16217422
4.18000031,16.14854431
4.19738913,16.14646530
4.21775818,16.14667892
4.23771143,16.14693260
4.25500011,16.14561844
4.25499964,16.13207245
4.26117992,16.12289429
4.28015518,16.12327385
4.29875517,16.12368011
4.31698561,16.12410927
4.33000040,16.12072754
4.32996082,16.10702324
4.33834648,16.10000038
4.35514212,16.10000038
4.37161827,16.10000038
4.38777876,16.10000038
4.40204477,16.09860039
4.40149355,16.08420181
4.40695190,16.07500076
4.42246056,16.07499886
4.43770552,16.07499886
4.45269632,16.07499886
4.46744347,16.07500076
4.48195171,16.07499886
4.49623632,16.07500076
4.49780703,16.06221199
4.50014544,16.05000114
4.51421213,16.04999924
4.52808142,16.05000114
4.54175520,16.04999924
4.54635668,16.04009438
4.54650497,16.02499962
4.56001568,16.02499962
4.57335758,16.02500153
4.58653212,16.02499962
4.59568405,16.02030945
4.59564686,16.00429535
4.60522795,16.00000000
4.61813641,16.00000000
4.63090563,15.99999905
4.64353371,16.00000000
4.64596939,15.98646164
4.65014029,15.97500038
4.66269779,15.97500038
4.67513084,15.97500038
4.68744469,15.97500038
4.69964409,15.97500038
4.71173048,15.97499943
4.72284222,15.97368336
4.72324467,15.95593071
4.73146248,15.94999981
4.74341774,15.94999981
4.75527573,15.94999981
4.76703787,15.94999981
4.77870941,15.95000076
4.79029274,15.94999981
4.80179024,15.94999981
4.80267382,15.93126678
4.81073570,15.92500019
4.82223988,15.92500019
4.83366680,15.92500019
4.84432411,15.92367363
4.85476351,15.92201710
4.85500002,15.90022564
4.86293936,15.89331436
4.87329340,15.89125347
4.88354683,15.88904476
4.89370012,15.88668156
4.90375614,15.88415527
4.91371536,15.88145638
4.92357874,15.87857819
4.92999983,15.86782265
4.93233633,15.84724140
4.94211817,15.84376431
4.95180702,15.84006500
4.96140289,15.83613396
4.97090626,15.83195686
4.98000050,15.82670498
4.98009777,15.79781723
4.98950768,15.79282284
4.99882174,15.78752422
5.00804472,15.78191280
5.01717758,15.77598190
5.02805996,15.77500153
5.03405142,15.75975609
5.04202414,15.75000000
5.05327034,15.75000095
5.06446838,15.75000000
5.07562065,15.75000095
5.08672905,15.75000000
5.09779310,15.75000095
5.10881615,15.74999905
5.11980152,15.75000000
5.13018608,15.74803638
5.13854122,15.73889446
5.14683008,15.72928143
5.15656996,15.72479534
5.15934515,15.69392586
5.16550016,15.67500019
5.17662716,15.67500019
5.18771791,15.67499924
5.19570112,15.66242313
5.20381165,15.64999962
5.21492386,15.65000057
5.22600222,15.64999962
5.23000002,15.61871243
5.23711586,15.60038757
5.24824142,15.59999943
5.25942469,15.59999943
5.26539230,15.57499981
5.27662420,15.57499981
5.28782558,15.57499981
5.29899883,15.57499981
5.31014347,15.57499981
5.32126236,15.57499981
5.33235216,15.57499981
5.33896494,15.55000019
5.35010910,15.54999924
5.36122799,15.54999924
5.37232351,15.54999924
5.38339520,15.55000019
5.39444590,15.55000019
5.40355825,15.53763771
5.41269827,15.52500057
5.42377901,15.52500057
5.43483925,15.52499962
5.44236803,15.50000000
5.45347977,15.50000095
5.46457338,15.49999905
5.47564745,15.49999905
5.48563337,15.49151993
5.49466896,15.47500038
5.50577497,15.47499943
5.51395893,15.44999981
5.52511644,15.44999981
5.53625822,15.44999886
5.54738474,15.44999981
5.55849504,15.44999981
5.56959200,15.45000076
5.58067417,15.44999981
5.59407806,15.47500038
5.60505342,15.47499943
5.62256145,15.55000019
5.63328075,15.55000114
5.64399052,15.55000019
5.65273905,15.52500153
5.66538048,15.54999924
5.67606211,15.54999924
5.68673468,15.55000019
5.69739914,15.54999924
5.70805740,15.55000019
5.71870899,15.54999924
5.72935343,15.55000019
5.74134779,15.57499886
5.75190592,15.57500076
5.76245689,15.57499981
5.77300406,15.57499981
5.78354263,15.57499981
5.79407787,15.57500076
5.80460787,15.57499981
5.81599903,15.60000038
5.82645226,15.59999943
5.83690119,15.59999943
5.84734440,15.60000038
5.85778570,15.60000038
5.86822081,15.60000134
5.87865543,15.60000038
5.88908720,15.59999943
5.89951515,15.60000038
5.90994120,15.59999943
5.92036438,15.60000134
5.93078566,15.59999943
5.94127464,15.62500095
5.95162439,15.62500000
5.96197605,15.62500000
5.97232485,15.62500095
5.98267365,15.62499905
5.99302101,15.62500095
6.00336742,15.62500000
6.01371384,15.62500000
6.02405787,15.62500095
6.03440094,15.62500095
6.04474211,15.62499905
6.05508375,15.62500095
6.06475592,15.65000153
6.07503796,15.65000153
6.08532095,15.65000057
6.09560299,15.64999962
6.10588694,15.64999962
6.11616993,15.64999962
6.12645054,15.65000057
6.13673449,15.65000057
6.14701843,15.65000057
6.15730238,15.65000057
6.16758728,15.65000057
6.17732811,15.66049099
6.18680620,15.67500114
6.19704008,15.67499924
6.20727301,15.67500019
6.21750832,15.67500019
6.22617769,15.69999981
6.23636436,15.69999981
6.24655199,15.69999886
6.25674200,15.69999981
6.26693439,15.69999886
6.27712870,15.69999886
6.28732491,15.69999981
6.29752111,15.69999981
6.30772066,15.69999981
6.31590033,15.72499943
6.32605457,15.72499943
6.33621311,15.72500038
6.34637213,15.72500038
6.35653448,15.72499943
6.36669874,15.72500038
6.37686396,15.72500038
6.38703299,15.72499943
6.39720583,15.72499943
6.40738010,15.72499943
6.41755676,15.72500038
6.42773485,15.72499847
6.43791533,15.72499943
6.44549322,15.74999905
6.45563507,15.74999905
6.46578217,15.75000000
6.47593117,15.75000000
6.48608303,15.75000095
6.49623871,15.74999905
6.50639534,15.74999905
6.51655531,15.75000000
6.52671719,15.75000095
6.53392649,15.77500057
6.54405594,15.77500057
6.55418873,15.77499962
6.56432533,15.77499962
6.57306337,15.78630829
6.58147526,15.80000114
6.59158659,15.80000114
6.60170031,15.80000019
6.61181641,15.80000019
6.62193346,15.80000019
6.63205528,15.80000019
6.64218092,15.80000114
6.65230989,15.79999924
6.66244030,15.80000019
6.67257357,15.80000019
6.68270826,15.80000019
6.69284439,15.80000019
6.70298147,15.80000114
6.71186256,15.80897331
6.71972942,15.82500076
6.72984934,15.82500076
6.73997164,15.82500076
6.74958181,15.82857037
6.75659370,15.85000038
6.76670122,15.84999943
6.77680922,15.85000038
6.78691959,15.85000038
6.79703426,15.85000038
6.80715036,15.84999943
6.81726789,15.85000038
6.82738781,15.85000038
6.83750820,15.84999943
6.84763098,15.85000038
6.85775518,15.85000038
6.86787748,15.85000038
6.87800407,15.84999943
6.88813162,15.84999943
6.89825916,15.84999943
6.90838861,15.84999943
6.91554880,15.86903667
6.92473698,15.87500000
6.93485737,15.87500000
6.94370794,15.88306141
6.95115662,15.89999962
6.96126938,15.90000057
6.97138214,15.90000057
6.98149824,15.90000057
6.99161386,15.90000153
7.00172997,15.90000057
7.01184750,15.89999962
7.02196455,15.90000057
7.03207874,15.90000057
7.04219532,15.90000153
7.05231094,15.89999962
7.06242657,15.90000153
7.06910086,15.92156029
7.07866716,15.92500019
7.08878088,15.92500019
7.09889603,15.92499924
7.10900688,15.92500019
7.11911964,15.92500019
7.12923193,15.92500019
7.13934326,15.92500019
7.14945316,15.92499924
7.15956163,15.92499924
7.16966772,15.92500114
7.17977333,15.92499924
7.18987465,15.92499924
7.19628763,15.94848824
7.20615911,15.95000076
7.21450949,15.96124268
7.22247744,15.97499943
7.23259306,15.97500038
7.24270725,15.97499943
7.25282097,15.97500038
7.26293135,15.97499943
7.27303743,15.97500038
7.28314543,15.97499847
7.29325056,15.97499943
7.30335426,15.97500038
7.31239653,15.98204422
7.31981707,16.00000000
7.32993269,16.00000000
7.34004498,16.00000000
7.35015202,16.00000000
7.36025953,16.00000000
7.37036371,16.00000000
7.38046455,16.00000000
7.39056396,16.00000000
7.40065908,15.99999905
7.40878391,16.01395226
7.41734362,16.02499962
7.42745495,16.02499962
7.43756580,16.02499962
7.44767332,16.02499962
7.45639086,16.03526115
7.46453047,16.05000114
7.47465992,16.04999924
7.48478556,16.05000114
7.49490976,16.04999924
7.50503016,16.05000114
7.51514482,16.04999924
7.52525759,16.04999924
7.53536749,16.05000114
7.54296160,16.07047844
7.55254841,16.07500076
7.56268549,16.07500076
7.57282209,16.07500076
7.58295441,16.07500076
7.59308195,16.07500076
7.60320663,16.07499886
7.61332798,16.07499886
7.62344599,16.07500076
7.63162184,16.09299088
7.64102268,16.10000038
7.65117598,16.10000038
7.66132641,16.10000038
7.67147064,16.10000038
7.68161392,16.09999847
7.69175386,16.10000038
7.70189047,16.09999847
7.71202278,16.10000038
7.72215319,16.10000038
7.73227930,16.09999847
7.74240255,16.10000038
7.75126219,16.11494064
7.75852871,16.14999962
7.76874876,16.14999962
7.77896547,16.14999962
7.78918076,16.14999962
7.79939318,16.14999962
7.80960226,16.14999962
7.81980944,16.14999962
7.83001518,16.14999962
7.84021568,16.14999962
7.85041666,16.14999962
7.86061430,16.14999962
7.87081051,16.14999962
7.88100338,16.14999962
7.89119434,16.14999962
7.90138435,16.14999962
7.91157007,16.14999962
7.92175341,16.14999962
7.93193674,16.14999962
7.94211721,16.14999962
7.95229626,16.14999962
7.96247435,16.14999962
7.97184896,16.17500114
7.98208809,16.17500114
7.99232483,16.17499924
8.00256157,16.17499924
8.01279545,16.17499924
8.02303123,16.17500114
8.03326511,16.17500114
8.04349804,16.17499924
8.05373192,16.17500114
8.06396580,16.17499924
8.07419777,16.17500114
8.08443165,16.17500114
8.09466267,16.17500114
8.10489559,16.17499924
8.11512947,16.17500114
8.12536240,16.17500114
8.13559723,16.17499924
8.14583302,16.17500114
8.15606976,16.17500114
8.16630745,16.17500114
8.17654514,16.17500114
8.18678379,16.17500114
8.19702530,16.17500114
8.20807266,16.20000076
8.21926880,16.22500038
8.22966480,16.22500038
8.24006367,16.22500038
8.25046539,16.22500038
8.26087093,16.22500038
8.27127743,16.22500038
8.28169060,16.22500038
8.29210758,16.22500038
8.30252838,16.22500038
8.31295395,16.22499847
8.32338333,16.22500038
8.33381748,16.22500038
8.34425640,16.22499847
8.35469913,16.22500038
8.36514854,16.22500038
8.37560463,16.22500038
8.38606453,16.22500038
8.39653015,16.22500038
8.40700245,16.22500038
8.41748142,16.22500038
8.42796612,16.22500038
8.43845654,16.22500038
8.44895649,16.22500038
8.45946217,16.22500038
8.46997452,16.22500038
8.48049545,16.22500038
8.49102306,16.22500038
8.50156116,16.22500038
8.51210594,16.22500038
8.52265930,16.22500038
8.53321934,16.22500038
8.54379082,16.22499847
8.55142498,16.20315933
8.56150818,16.20000076
8.57202530,16.20000076
8.58255291,16.20000076
8.59309101,16.20000076
8.60363865,16.20000076
8.61419392,16.20000076
8.62476254,16.20000076
8.63534260,16.20000076
8.64593124,16.19999886
8.65653324,16.20000076
8.66714573,16.20000076
8.67776871,16.20000076
8.68840504,16.20000076
8.69905090,16.20000076
8.70970917,16.20000076
8.72038174,16.20000076
8.73106480,16.20000076
8.74176216,16.20000076
8.75247192,16.20000076
8.76319599,16.20000076
8.77393341,16.20000076
8.78468323,16.20000076
8.79544640,16.20000076
8.80622482,16.20000076
8.81701660,16.20000076
8.82453823,16.18505096
8.83306885,16.17500114
8.84382248,16.17500114
8.85459137,16.17499924
8.86502647,16.17350197
8.87026882,16.14999962
8.88100052,16.14999962
8.89174652,16.15000153
8.90250969,16.14999962
8.91328907,16.14999962
8.92408371,16.14999962
8.93489456,16.15000153
8.94572163,16.15000153
8.95656300,16.14999962
8.96742249,16.14999962
8.97829914,16.15000153
8.98739624,16.14338684
8.99323368,16.12500191
9.00408077,16.12500000
9.01494598,16.12500191
9.02582550,16.12500000
9.03672314,16.12500000
9.04763794,16.12500000
9.05856991,16.12500000
9.06952000,16.12500000
9.08048820,16.12500191
9.09147167,16.12500000
9.10247421,16.12500191
9.11349487,16.12500000
9.12453461,16.12500000
9.13558960,16.12500000
9.14666367,16.12500000
9.15313911,16.11064720
9.16074753,16.10000038
9.17180157,16.10000038
9.18287373,16.10000038
9.19396114,16.09999847
9.20506859,16.10000038
9.21619129,16.10000038
9.22733593,16.10000038
9.23727703,16.09646606
9.24160671,16.07685089
9.25208569,16.07500076
9.26323032,16.07500076
9.27439308,16.07500076
9.28406525,16.07080650
9.28846550,16.05212975
9.29883671,16.04999924
9.31000423,16.05000114
9.32119083,16.04999924
9.33118439,16.04677391
9.33793545,16.03495979
9.34534454,16.02499962
9.35653496,16.02499962
9.36452961,16.01667786
9.36924362,16.00000000
9.38042259,16.00000191
9.39162159,16.00000000
9.40283775,16.00000000
9.41198540,15.99477863
9.41652203,15.97813511
9.42646503,15.97500038
9.43769073,15.97500038
9.44893360,15.97499943
9.46019745,15.97500038
9.47148132,15.97500134
9.48278332,15.97499943
9.49410439,15.97500038
9.50336075,15.97008896
9.50500011,15.94734669
9.50972176,15.93201351
9.51797867,15.92500019
9.52926159,15.92500019
9.54056549,15.92500019
9.54564095,15.91078186
9.55218315,15.89999962
9.56348133,15.90000057
9.57479763,15.90000057
9.58613396,15.90000057
9.59748650,15.89999962
9.60885811,15.90000057
9.62025070,15.90000057
9.62797451,15.89196968
9.63000011,15.87163353
9.63175201,15.85087681
9.64269161,15.84999943
9.65405846,15.84999943
9.66544342,15.84999943
9.67684364,15.84999943
9.68740845,15.84819412
9.69398403,15.83801937
9.70056534,15.82791233
9.70843792,15.82053947
9.71328735,15.80695629
9.72131920,15.80000019
9.73274136,15.80000019
9.74418068,15.80000019
9.75563812,15.80000019
9.76711559,15.80000114
9.77861023,15.80000019
9.79012489,15.79999924
9.80165672,15.79999924
9.80499935,15.78371525
9.80499935,15.76093102
9.81114769,15.75039768
9.82244492,15.75000095
9.83396530,15.75000000
9.84469318,15.74842548
9.84968376,15.73572922
9.85566044,15.72500038
9.86250401,15.71598339
9.86904049,15.70641518
9.87721157,15.69999981
9.88875771,15.69999981
9.90032482,15.70000076
9.91191006,15.70000076
9.92351341,15.69999981
9.93000031,15.69040775
9.93000126,15.66878414
9.93310642,15.65304565
9.94304276,15.65000057
9.95464134,15.64999962
9.96625900,15.65000057
9.97789669,15.65000057
9.98955536,15.64999962
10.00123215,15.65000057
10.01292801,15.65000057
10.02464390,15.65000057
10.03637981,15.64999962
10.04813576,15.65000057
10.05500031,15.64126682
10.05500031,15.62038708
10.05534935,15.60023785
10.06694889,15.59999943
10.07870102,15.60000038
10.09047413,15.59999943
10.10226631,15.59999943
10.11309814,15.59829235
10.11977577,15.58938408
10.12646770,15.58052063
10.13191795,15.56955624
10.13704872,15.55808353
10.14414024,15.55000019
10.15597725,15.55000019
10.16783524,15.55000019
10.17705059,15.54550648
10.18000031,15.53046894
10.18000031,15.51055717
10.18554115,15.50000000
10.19740105,15.50000095
10.20928288,15.50000095
10.22118855,15.50000095
10.23311424,15.50000095
10.24099350,15.49332047
10.24777603,15.48485470
10.25457096,15.47643566
10.25927162,15.46463299
10.26443195,15.45361805
10.27415371,15.45000076
10.28613281,15.44999981
10.29813766,15.45000076
10.30500031,15.44175911
10.30500031,15.42261791
10.30500031,15.40357685
10.31473064,15.39999962
10.32674599,15.40000057
10.33878136,15.40000057
10.35084343,15.40000057
10.36293030,15.39999962
10.37504292,15.40000057
10.38718128,15.40000057
10.39626789,15.39525604
10.40148735,15.38457584
10.40569019,15.37237358
10.41263771,15.36440086
10.41960049,15.35647106
10.42751884,15.35000038
10.43613815,15.34459591
10.44135094,15.33407021
10.44751167,15.32499981
10.45973587,15.32499981
10.46994781,15.32196522
10.47698021,15.31420326
10.48000050,15.30053711
10.48081112,15.28368378
10.48714447,15.27500057
10.49941349,15.27500057
10.51171398,15.27500057
10.52404022,15.27500057
10.53440952,15.27213192
10.54153156,15.26457214
10.54867077,15.25705242
10.55529881,15.24881649
10.56053162,15.23861313
10.56577682,15.22845650
10.57574463,15.22500038
10.58817959,15.22500038
10.60064602,15.22500038
10.61185646,15.22319984
10.61715317,15.21315002
10.62246323,15.20314693
10.63271713,15.19999981
10.64215851,15.19571304
10.64940262,15.18840694
10.65499973,15.17885780
10.65580559,15.16282463
10.66111946,15.15297127
10.67150879,15.14999962
10.68412685,15.14999962
10.69677734,15.15000057
10.70499992,15.14404392
10.70499992,15.12715340
10.70499992,15.11034679
10.71010685,15.10036182
10.72251320,15.09999943
10.73522758,15.10000038
10.74580479,15.09716606
10.75119114,15.08755970
10.75499916,15.07593441
10.76005459,15.06595898
10.76744366,15.05901432
10.77485466,15.05210209
10.78374290,15.04708385
10.78914165,15.03761768
10.79455471,15.02819443
10.80488396,15.02499962
10.81777382,15.02499962
10.83070278,15.02500057
10.84135818,15.02212238
10.84684849,15.01279354
10.85235405,15.00351143
10.85964489,14.99644852
10.86714649,14.98965073
10.87467003,14.98288536
10.88000011,14.97344398
10.88457680,14.96311188
10.89011002,14.95396805
10.89991474,14.94999886
10.91303253,14.94999981
10.92437935,14.94782829
10.93000031,14.93879128
10.93000031,14.92308712
10.93000031,14.90745068
10.93687439,14.89999962
10.95007896,14.89999962
10.96332073,14.89999962
10.97504234,14.89817715
10.98000050,14.88845253
10.97999954,14.87299728
10.98296165,14.86102772
10.99060345,14.85448551
11.00003624,14.85000038
11.01246357,14.84892178
11.01817417,14.84015274
11.02390671,14.83142376
11.03166103,14.82499981
11.04511642,14.82500076
11.05860901,14.82499981
11.07205105,14.82489681
11.07789326,14.81626511
11.07999992,14.80349445
11.07999992,14.78842735
11.07999992,14.77341461
11.07999992,14.75846004
11.08586788,14.75000000
11.09945679,14.75000000
11.11308575,14.75000000
11.12675476,14.75000095
11.13703632,14.74628735
11.14478588,14.73981857
11.15254879,14.73336506
11.15499973,14.72120571
11.15920258,14.71095848
11.16522598,14.70267200
11.17651844,14.69999981
11.19035339,14.69999981
11.20078373,14.69636059
11.20499992,14.68614960
11.20499992,14.67152500
11.20499992,14.65694714
11.21225548,14.65000057
11.22617531,14.65000057
11.24013233,14.65000057
11.25269318,14.64851665
11.25500011,14.63640213
11.25500011,14.62193775
11.25554657,14.60807610
11.26331043,14.60165310
11.27573586,14.60000038
11.28981018,14.60000038
11.29726791,14.59323311
11.30361462,14.58533573
11.30998421,14.57746887
11.32169247,14.57499981
11.33586788,14.57499981
11.35007381,14.57500076
11.35500050,14.56565666
11.35500050,14.55139351
11.35500050,14.53715992
11.35704803,14.52499962
11.37129307,14.52499962
11.38556480,14.52499962
11.39986515,14.52499962
11.41275597,14.52358150
11.42049313,14.51705456
11.42822933,14.51053238
11.43000031,14.49813938
11.43000031,14.48402691
11.42999935,14.46994114
11.43363380,14.45943832
11.44132805,14.45291328
11.45272732,14.44999981
11.46541595,14.44833088
11.47214794,14.44085979
11.47890377,14.43341160
11.48568249,14.42598820
11.49910545,14.42500019
11.51356792,14.42500019
11.52690220,14.42389679
11.52999973,14.41291046
11.52999973,14.39895630
11.52999973,14.38502312
11.53137016,14.37242413
11.53895092,14.36579704
11.54652500,14.35916328
11.55409336,14.35252571
11.55930614,14.34363651
11.56626987,14.33642673
11.57325172,14.32923794
11.58307362,14.32476044
11.59057713,14.31807232
11.59807110,14.31137562
11.60500050,14.30414391
11.60714245,14.29236221
11.61421394,14.28527546
11.62130260,14.27820492
11.63245964,14.27499962
11.64146709,14.26975346
11.64886570,14.26298904
11.65500069,14.25502205
11.65560722,14.24181938
11.66277885,14.23484612
11.66996670,14.22789001
11.68144131,14.22500038
11.69158554,14.22084904
11.69888020,14.21400356
11.70616150,14.20714760
11.71342373,14.20028019
11.72763920,14.19999981
11.74214649,14.19999981
11.75154114,14.19516277
11.75499916,14.18470764
11.75499916,14.17097855
11.75524426,14.15748405
11.76238441,14.15052509
11.76950169,14.14355373
11.77660275,14.13656616
11.77999973,14.12606907
11.78258991,14.11480618
11.78999424,14.10811520
11.79740810,14.10143852
11.81032181,14.09999943
11.82473469,14.10000038
11.83913040,14.10000038
11.85214138,14.09869671
11.85500050,14.08771896
11.85499954,14.07400703
11.85499954,14.06029034
11.85773659,14.04918194
11.86457062,14.04199886
11.87138176,14.03479481
11.87816811,14.02757168
11.88000011,14.01559544
11.88000107,14.00184345
11.87999916,13.98807812
11.88158512,13.97582722
11.89499760,13.97500038
11.90924358,13.97499943
11.92346668,13.97500038
11.93000031,13.96756363
11.93000031,13.95377636
11.93000031,13.93997097
11.93403625,13.93008327
11.94299412,13.92500019
11.95713711,13.92499924
11.96935368,13.92313957
11.97582150,13.91565704
11.98000050,13.90592003
11.98000050,13.89206219
11.98702240,13.88511276
11.99466896,13.87878609
12.00487041,13.87500000
12.01392078,13.87008572
12.02025509,13.86247921
12.02656269,13.85484695
12.03281116,13.84715557
12.04047489,13.84087944
12.04812813,13.83460426
12.05500031,13.82754707
12.05499935,13.81355858
12.05500031,13.79954052
12.05499935,13.78549194
12.05500031,13.77141285
12.05805111,13.76040936
12.06421280,13.75256538
12.07553482,13.74999905
12.08933926,13.75000000
12.10310745,13.75000000
12.11361408,13.74667740
12.11965275,13.73875427
12.12566566,13.73080254
12.13209820,13.72328091
12.13978100,13.71706295
12.14745235,13.71083927
12.15499973,13.70448875
12.15655899,13.69185257
12.16248894,13.68379116
12.16839504,13.67569923
12.18128490,13.67500114
12.19466305,13.67485619
12.20230484,13.66864014
12.20500088,13.65714359
12.20500088,13.64273834
12.20506763,13.62835598
12.21540356,13.62500000
12.22882366,13.62500000
12.24220943,13.62500000
12.25316811,13.62240410
12.25499916,13.60988140
12.25499916,13.59531879
12.25499916,13.58071423
12.25500011,13.56605911
12.25889969,13.55566025
12.26709843,13.55000019
12.28038692,13.55000019
12.29363632,13.55000019
12.30499935,13.54793549
12.30499935,13.53315353
12.30499935,13.51832485
12.30587769,13.50443077
12.31515408,13.50000000
12.32831669,13.49999905
12.34144306,13.49999905
12.35453129,13.50000000
12.36758518,13.50000000
12.38059902,13.50000000
12.38991737,13.49577618
12.39538956,13.48711491
12.40084553,13.47841740
12.40499973,13.46818829
12.40499973,13.45307159
12.40500069,13.43789959
12.41071892,13.42940426
12.41821384,13.42299271
12.42568874,13.41655636
12.42999935,13.40635872
12.43000031,13.39098644
12.43241215,13.37844372
12.44243145,13.37500000
12.45529175,13.37500000
12.46811485,13.37500000
12.48090267,13.37500000
12.49365520,13.37500000
12.50637150,13.37500000
12.51905632,13.37500000
12.52538967,13.36722469
12.52999973,13.35731506
12.53074360,13.34258461
12.53808403,13.33599854
12.54540539,13.32938576
12.55451012,13.32499981
12.56210423,13.31873035
12.56739235,13.30955601
12.57266617,13.30034065
12.57792759,13.29108620
12.57999992,13.27774811
12.57999992,13.26171207
12.58000088,13.24560547
12.57999992,13.22943020
12.58915043,13.22499943
12.60170841,13.22500038
12.61423683,13.22500038
12.62539768,13.22325420
12.63000011,13.21295547
12.63000011,13.19657803
12.63000107,13.18013000
12.63000011,13.16360950
12.63251877,13.15036106
12.64475155,13.15000057
12.65722656,13.14999962
12.66967106,13.15000057
12.67833996,13.14495754
12.68000031,13.13046265
12.68000031,13.11365414
12.68692112,13.10618305
12.69479656,13.10000038
12.70719147,13.10000038
12.71604824,13.09518623
12.72122765,13.08530998
12.72639561,13.07538700
12.73690319,13.07284546
12.74406910,13.06567383
12.75121593,13.05846786
12.75834465,13.05122757
12.76545811,13.04395103
12.77255154,13.03664303
12.77963066,13.02929878
12.78216934,13.01549339
12.78736210,13.00541782
12.79583168,13.00000000
12.80807590,13.00000000
12.82029247,13.00000000
12.82945442,12.99562359
12.83647537,12.98815536
12.84348392,12.98065281
12.85176754,12.97500038
12.86390877,12.97499943
12.87602520,12.97500038
12.88811684,12.97500038
12.90018272,12.97500038
12.90499973,12.96427536
12.90499973,12.94633484
12.90728283,12.93172455
12.91486454,12.92500114
12.92691803,12.92500019
12.93894482,12.92500019
12.95094776,12.92499924
12.96292400,12.92500019
12.97366047,12.92314339
12.98050880,12.91535568
12.98734188,12.90753174
12.99437904,12.89999962
13.00628853,12.89999962
13.01540565,12.89569855
13.02048492,12.88510799
13.02589607,12.87500000
13.03776455,12.87500000
13.04960823,12.87500000
13.06142807,12.87500000
13.07322311,12.87500095
13.08499622,12.87500000
13.09604263,12.87387562
13.10278225,12.86587334
13.10500050,12.85056686
13.10515308,12.83184910
13.11268234,12.82499981
13.12442398,12.82499981
13.13614178,12.82499981
13.14783764,12.82500076
13.17468834,12.85000038
13.18627739,12.85000038
13.19784355,12.84999943
13.20454597,12.84193516
13.21121979,12.83380318
13.21788216,12.82563114
13.22903347,12.82499981
13.23936367,12.82301331
13.24421406,12.81174660
13.24905014,12.80040836
13.26030159,12.80000019
13.27176952,12.80000019
13.28321266,12.80000114
13.29463196,12.79999924
13.30602741,12.80000114
13.31739902,12.80000114
13.32622719,12.79558182
13.33282566,12.78724384
13.33941650,12.77886391
13.34856701,12.77500153
13.35987854,12.77499962
13.36703682,12.76760674
13.37174702,12.75579357
13.37982082,12.75000095
13.39109421,12.75000000
13.40234375,12.75000000
13.41357040,12.75000000
13.42477226,12.75000000
13.43594933,12.74999905
13.44710159,12.74999905
13.45435047,12.74277115
13.46088314,12.73418617
13.46740627,12.72554779
13.47823143,12.72500038
13.48889160,12.72418308
13.49345970,12.71178818
13.49838066,12.69999981
13.50946140,12.70000076
13.52051735,12.69999981
13.53154469,12.69999981
13.54254913,12.69999981
13.55352974,12.69999981
13.56448460,12.70000076
13.57541561,12.70000076
13.57999992,12.68740368
13.57999992,12.66553593
13.58323097,12.65000057
13.59418964,12.65000057
13.60512161,12.65000057
13.61602879,12.64999962
13.62691116,12.65000057
13.63776684,12.64999962
13.64859962,12.65000057
13.65940380,12.64999962
13.67018414,12.65000153
13.68093777,12.65000057
13.69166183,12.65000153
13.70236015,12.64999962
13.70701313,12.63701630
13.71215725,12.62500000
13.72284794,12.62500095
13.73351192,12.62500000
13.74415016,12.62500095
13.75475979,12.62500000
13.76346874,12.62080479
13.76995373,12.61160278
13.77643299,12.60232449
13.78307724,12.59335995
13.78715706,12.57843781
13.79625797,12.57499981
13.80682659,12.57499981
13.81736755,12.57499981
13.82788181,12.57499981
13.83613014,12.56967068
13.84263992,12.56014538
13.84914303,12.55052853
13.85940647,12.55000019
13.86986256,12.55000114
13.88028908,12.55000114
13.89068604,12.55000114
13.89947701,12.54602528
13.90334797,12.52957439
13.91194248,12.52500057
13.92231178,12.52500057
13.93265152,12.52499962
13.94296455,12.52499866
13.95324993,12.52499962
13.96350670,12.52500057
13.97373390,12.52500057
13.98045444,12.51553154
13.98696518,12.50538540
13.99523544,12.50000000
14.00543594,12.50000000
14.01413631,12.49582958
14.01778603,12.47722435
14.02721500,12.47499943
14.03739071,12.47500038
14.04754257,12.47500038
14.05551624,12.46859932
14.06208229,12.45788956
14.06962013,12.45000076
14.07975292,12.44999981
14.08985329,12.44999981
14.09992599,12.45000076
14.10997295,12.45000076
14.11999035,12.44999981
14.12704659,12.44038296
14.13240910,12.42499924
14.14244270,12.42500019
14.15244389,12.42500019
14.16241932,12.42500019
14.17236900,12.42499924
14.18228912,12.42500019
14.19218826,12.42500114
14.20205116,12.42500019
14.21189213,12.42500019
14.22170353,12.42500019
14.23148823,12.42500019
14.24124336,12.42500019
14.24465942,12.39999962
14.25447178,12.39999962
14.26425552,12.39999962
14.27401257,12.40000057
14.28374100,12.39999962
14.29344845,12.39999962
14.30312538,12.40000057
14.31278038,12.39999962
14.31877422,12.38330936
14.32667732,12.37500095
14.33637047,12.37500000
14.34603214,12.37500095
14.35540009,12.37361908
14.36219692,12.35916328
14.37011623,12.35000038
14.37980175,12.35000038
14.38946533,12.35000038
14.39910984,12.35000038
14.40872765,12.35000038
14.41832924,12.35000038
14.42790604,12.35000038
14.43746471,12.35000038
14.44699764,12.34999943
14.45639038,12.34916306
14.46241474,12.32499981
14.47200871,12.32499981
14.48158741,12.32499981
14.49114513,12.32500076
14.50068665,12.32499981
14.51020718,12.32500076
14.51971340,12.32499981
14.52753544,12.30979252
14.53605843,12.30000019
14.54563808,12.30000114
14.55520153,12.30000019
14.56475449,12.30000114
14.57429028,12.30000019
14.58381653,12.30000114
14.59332561,12.29999924
14.60282516,12.29999924
14.61230659,12.30000114
14.62177753,12.30000019
14.62989330,12.27499962
14.63947296,12.27499962
14.64904594,12.27499962
14.65860462,12.27500057
14.66815948,12.27500057
14.67770195,12.27499962
14.68723869,12.27499962
14.69676399,12.27500057
14.70628357,12.27499962
14.71580124,12.27500057
14.72531033,12.27500057
14.73503399,12.22499943
14.74480534,12.22499943
14.75457478,12.22500038
14.76433849,12.22500038
14.77410316,12.22499943
14.78386402,12.22500038
14.79362679,12.22500134
14.80339146,12.22499943
14.81315327,12.22499943
14.82291985,12.22500038
14.83268738,12.22500038
14.84246254,12.22499943
14.85223770,12.22500038
14.86392593,12.19999886
14.87385750,12.19999981
14.88378906,12.20000076
14.89373493,12.20000076
14.90368366,12.19999981
14.91364479,12.20000076
14.92360973,12.20000076
14.93650723,12.17500019
14.94664001,12.17500114
14.95678616,12.17500019
14.96695042,12.17500019
14.97712326,12.17500019
14.98731613,12.17500019
14.99752235,12.17500114
15.00774860,12.17500019
15.01798630,12.17500019
15.02824974,12.17500019
15.03852940,12.17500019
15.04882526,12.17500019
15.06385899,12.15000057
15.07435417,12.14999962
15.08487892,12.14999962
15.09542274,12.14999962
15.10599422,12.14999962
15.11659145,12.15000057
15.12721729,12.14999962
15.13787270,12.14999962
15.15451527,12.12500000
15.16539192,12.12500095
15.18257999,12.09999943
15.19368553,12.10000038
15.20481873,12.09999943
15.21599770,12.09999943
15.22720528,12.09999943
15.23845291,12.09999943
15.24974632,12.09999943
15.26107693,12.09999943
15.27245522,12.10000038
15.28387070,12.10000038
15.29533863,12.09999943
15.31494617,12.07499981
15.32667828,12.07499981
15.33845615,12.07499981
15.35028458,12.07499981
15.36216736,12.07500076
15.37410259,12.07500076
15.38609505,12.07499981
15.39814186,12.07499981
15.41024971,12.07499981
15.42241192,12.07499886
15.43406963,12.07644176
15.44390774,12.08254242
15.45379448,12.08845043
15.46373940,12.09417439
15.47373772,12.09972191
15.48599339,12.10000038
15.49843311,12.10000038
15.51094723,12.10000038
15.52353001,12.10000038
15.53618813,12.10000038
15.54892731,12.09999943
15.56174088,12.10000038
15.57463932,12.10000038
15.58761406,12.10000038
15.60067368,12.10000038
15.60599327,12.11544037
15.61418819,12.12500095
15.62730598,12.12500000
15.64051437,12.12500000
15.65382099,12.12500095
15.66721630,12.12500000
15.67095947,12.14257431
15.68021965,12.15000057
15.69370270,12.15000057
15.70367241,12.15622902
15.70499992,12.17714024
15.71592903,12.18155193
15.72696400,12.18583298
15.73000050,12.20319748
15.72999954,12.22511482
15.73000050,12.24660778
15.73997307,12.25210190
15.75102234,12.25597191
15.75500011,12.27063942
15.75670052,12.28849030
15.76780891,12.29214668
15.77900791,12.29573059
15.77999878,12.31407833
15.78600121,12.32499981
15.79972935,12.32499981
15.81184864,12.32739067
15.81435490,12.34300327
15.82308865,12.34999943
15.83709145,12.35000038
15.84701633,12.35552692
15.84962273,12.37054157
15.85225964,12.38531780
15.85492134,12.39985085
15.86639118,12.40325069
15.87801361,12.40655041
15.88000011,12.42161751
15.88071918,12.43800735
15.89243603,12.44116783
15.90428066,12.44428444
15.90499973,12.46030521
15.90634918,12.47539806
15.91829395,12.47839451
15.92999935,12.48177433
15.92999935,12.49805164
15.93179989,12.51216602
15.94400215,12.51502132
15.95499992,12.51925564
15.95499992,12.53501701
15.95500088,12.55056858
15.95610809,12.56480312
15.96107292,12.57499981
15.97628212,12.57499981
15.98935223,12.57727146
15.99218464,12.58956051
15.99505997,12.60170078
15.99798107,12.61368847
16.00152206,12.62500000
16.01727867,12.62500000
16.03000069,12.62794781
16.03000069,12.64241219
16.03000069,12.65671730
16.03000069,12.67087364
16.03000069,12.68487358
16.03000069,12.69872570
16.03000069,12.71243191
16.03637314,12.72070122
16.04961395,12.72331524
16.05500031,12.73243999
16.05500031,12.74584961
16.05500031,12.75912857
16.05500031,12.77228451
16.05500031,12.78531075
16.05500031,12.79821968
16.05500031,12.81100750
16.06183243,12.81860065
16.07565880,12.82106972
16.07999992,12.83056450
16.07999992,12.84312820
16.07999992,12.85558701
16.07999992,12.86794662
16.07999992,12.88019657
16.08991432,12.88560200
16.10442924,12.88798046
16.10500145,12.89977264
16.10499954,12.91184711
16.10499954,12.92382717
16.10500145,12.93572426
16.10499954,12.94752884
16.10825539,12.95722103
16.11204910,12.96654797
16.11724854,12.97500038
16.13656425,12.97500038
16.14894104,12.97932243
16.15308380,12.98855686
16.15500069,12.99905682
16.15500069,13.01060009
16.15499878,13.02206421
16.15500069,13.03346062
16.15499878,13.04478073
16.15500069,13.05603409
16.15756607,13.06585407
16.17426682,13.06824589
16.18000031,13.07646847
16.18000031,13.08763027
16.18000031,13.09873199
16.18000031,13.10976696
16.18000031,13.12074375
16.18000031,13.13165569
16.18000031,13.14251137
16.18000031,13.15330887
16.18000031,13.16404915
16.18000031,13.17474079
16.18000031,13.18537617
16.18000031,13.19596195
16.19797134,13.19868755
16.20499992,13.20628166
16.20499992,13.21687698
16.20499992,13.22742748
16.20499992,13.23792648
16.20500183,13.24837971
16.20499992,13.25879383
16.20499992,13.26915741
16.20500183,13.27947998
16.20499992,13.28976059
16.21434021,13.29653740
16.22999954,13.30108261
16.23298454,13.31032753
16.23945999,13.31833839
16.24615288,13.32631302
16.25307465,13.33425426
16.25500107,13.34391117
16.25499916,13.35419178
16.25499916,13.36443424
16.25499916,13.37464714
16.25500107,13.38482189
16.27528000,13.38877201
16.28000069,13.39759254
16.28000069,13.40781879
16.28000069,13.41801929
16.28000069,13.42818451
16.28000069,13.43832684
16.28000069,13.44843769
16.28000069,13.45852661
16.28000069,13.46858406
16.28000069,13.47861958
16.28338432,13.48778820
16.30499840,13.49252033
16.30500031,13.50262070
16.30500031,13.51269722
16.30500031,13.52275276
16.30500031,13.53278351
16.30500031,13.54279995
16.30500031,13.55279160
16.30500031,13.56276417
16.30500031,13.57272148
16.30500031,13.58265591
16.30500031,13.59257793
16.30500031,13.60247993
16.30500031,13.61237049
16.30810738,13.62169266
16.33000183,13.62783241
16.32999992,13.63780499
16.32999992,13.64775944
16.32999992,13.65770340
16.32999992,13.66763210
16.33000183,13.67755032
16.32999992,13.68745518
16.32999992,13.69735146
16.32999992,13.70723438
16.33000183,13.71710682
16.33000183,13.72697163
16.32999992,13.73682880
16.32999992,13.74667740
16.33090782,13.75641823
16.35499954,13.76380920
16.35500145,13.77375031
16.35499954,13.78368855
16.35499954,13.79361916
16.35499954,13.80354309
16.35499954,13.81346703
16.35499954,13.82338047
16.35500145,13.83329391
16.35499954,13.84319973
16.35499954,13.85310459
16.37999916,13.86163425
16.37999916,13.87164593
16.37999916,13.88165855
16.37999916,13.89166641
16.38000107,13.90167618
16.37999916,13.91168022
16.38000107,13.92168617
16.37999916,13.93168640
16.37999916,13.94169140
16.37999916,13.95169353
16.37999916,13.96169758
16.37999916,13.97170639
16.38000107,13.98171043
16.37999916,13.99172115
16.40500069,14.00192165
16.40500069,14.01204681
16.43000031,14.02257729
16.43000031,14.03281307
16.42999840,14.04304695
16.43000031,14.05328560
16.43000031,14.06353283
16.43000031,14.07378101
16.43000031,14.08403683
16.43000031,14.09429359
16.43000031,14.10455704
16.43000031,14.11482143
16.43000031,14.12509155
16.45499992,14.13693810
16.45499992,14.14732456
16.45499992,14.15772057
16.45499992,14.16811943
16.45499802,14.17852974
16.45499992,14.18894196
16.45499992,14.19936180
16.45499992,14.20978546
16.45499992,14.22021961
16.45499992,14.23066425
16.45499992,14.24111080
16.45499802,14.25157166
16.45499992,14.26203823
16.45499992,14.27251720
16.47999954,14.28596973
16.48000145,14.29656315
16.47999954,14.30716038
16.47999954,14.31776619
16.47999954,14.32838726
16.47999954,14.33901119
16.47999954,14.34965229
16.48000145,14.36029911
16.47999954,14.37095833
16.47999954,14.38162327
16.48000145,14.39230156
16.48000145,14.40299320
16.48000145,14.41369152
16.47999954,14.42440510
16.47999954,14.43512726
16.47999954,14.44586563
16.48000145,14.45661163
16.47999954,14.46737385
16.47999954,14.47814178
16.48000145,14.48892498
16.48000145,14.49972534
16.48000145,14.51053238
16.47999954,14.52135754
16.50499916,14.53730202
16.50500107,14.54823971
16.50499916,14.55918789
16.50500107,14.57015610
16.50500107,14.58113194
16.50500107,14.59212112
16.50499916,14.60312939
16.50499916,14.61414433
16.50500107,14.62518120
16.50499916,14.63622761
16.50500107,14.64729309
16.50499916,14.65836811
16.50499916,14.66945744
16.50500107,14.68056488
16.50499916,14.69168472
16.50500107,14.70282364
16.50499916,14.71397495
16.50500107,14.72514725
16.50500107,14.73632908
16.50230408,14.74680328
16.47999954,14.75190830
16.47999954,14.76305389
16.47999954,14.77421951
16.47999954,14.78540039
16.47999954,14.79660034
16.47999954,14.80781555
16.48000145,14.81905079
16.47366333,14.82841492
16.46100998,14.83586788
16.45499992,14.84526443
16.45245361,14.85570335
16.43000031,14.85997581
16.43000031,14.87114716
16.43000031,14.88234425
16.43000031,14.89355564
16.43000031,14.90479183
16.43000031,14.91604042
16.43000031,14.92730999
16.42292023,14.93624306
16.40500069,14.94150639
16.40500069,14.95275784
16.40500069,14.96402550
16.39974403,14.97350025
16.37169075,14.97499943
16.35499954,14.98034668
16.35499954,14.99153423
16.35499954,15.00274467
16.35499954,15.01397800
16.35499954,15.02522850
16.35499954,15.03650761
16.35499954,15.04780197
16.33064270,15.05000019
16.31101608,15.05384636
16.30500031,15.06277847
16.30500031,15.07400227
16.30288124,15.08442783
16.28408051,15.08835411
16.28000069,15.09797382
16.28000069,15.10921669
16.27949333,15.12027454
16.26322365,15.12500000
16.23553085,15.12500000
16.22999954,15.13392353
16.22999954,15.14512634
16.22999954,15.15634632
16.22082901,15.16375256
16.20499992,15.16830826
16.20500183,15.17952919
16.20339012,15.19008064
16.19412994,15.19734669
16.17436028,15.19999981
16.15281868,15.20178032
16.13646507,15.20574093
16.12999916,15.21401787
16.13000107,15.22517681
16.13000107,15.23635960
16.12808418,15.24670219
16.11074257,15.25000000
16.09467316,15.25380707
16.08602715,15.26097298
16.07999992,15.26933289
16.07924843,15.28016853
16.06402206,15.28416729
16.05500031,15.29105663
16.05500031,15.30224133
16.05500031,15.31346226
16.05442238,15.32442284
16.03258324,15.32499981
16.01293182,15.32654667
16.00481606,15.33371258
15.99677849,15.34090042
15.98882675,15.34809971
15.97042751,15.35000038
15.95533466,15.35348606
15.94132614,15.35746479
15.92746925,15.36145401
15.91375446,15.36545372
15.90017033,15.36946678
15.88672733,15.37348938
15.87522316,15.37848473
15.86765003,15.38551998
15.86014462,15.39257717
15.85271358,15.39964962
15.83290768,15.40000057
15.81306076,15.40021992
15.80583763,15.40727043
15.80500126,15.41783142
15.80499935,15.42888165
15.80500031,15.43996716
15.80500031,15.45108128
15.80500031,15.46222878
15.80500031,15.47340584
15.78821087,15.47500038
15.76879311,15.47500324
15.76188850,15.48215389
15.75504589,15.48932934
15.74826527,15.49652290
15.74154758,15.50374317
15.73488808,15.51098251
15.73000050,15.51927280
15.72910786,15.52995777
15.71701717,15.53390312
15.70502090,15.53786087
15.69313335,15.54182911
15.68133926,15.54581261
15.66964531,15.54980373
15.65804768,15.55380821
15.65500069,15.56311226
15.65499973,15.57435417
15.65499973,15.58562851
15.65188026,15.59494972
15.64052200,15.59901524
15.62519646,15.60047722
15.61890507,15.60771847
15.61267090,15.61498260
15.60648346,15.62227440
15.59803486,15.62806225
15.58699512,15.63211155
15.57999992,15.63881779
15.57999992,15.65019226
15.57999992,15.66161251
15.57999897,15.67306614
15.57999992,15.68456554
15.57999992,15.69610214
15.57999897,15.70768452
15.57999897,15.71930122
15.57999992,15.73096371
15.57999992,15.74267006
15.58000088,15.75441742
15.57999897,15.76620865
15.57999897,15.77804375
15.57999992,15.78992462
15.57999897,15.80184746
15.57999992,15.81381798
15.57579803,15.82276821
15.59494686,15.84885025
15.58913612,15.85674000
15.58337021,15.86465645
15.58000088,15.87436485
15.57999992,15.88661003
15.57999992,15.89890957
15.57999992,15.91125870
15.58000088,15.92365456
15.58000088,15.93610573
15.58000088,15.94859982
15.58000088,15.96115303
15.58000088,15.97375393
15.57999992,15.98640919
15.57999992,15.99911404
15.57999992,16.01187515
15.58000088,16.02468681
15.57999992,16.03754997
15.57999992,16.05047417
15.57999992,16.06344414
15.58000088,16.07648277
15.58000088,16.08956909
15.57999992,16.10271645
15.57999992,16.11591339
15.57999897,16.12917519
15.57999992,16.14249229
15.57278347,16.14980125
15.56245422,16.15448380
15.55499935,16.16156387
15.55499935,16.17501068
15.55499935,16.18850899
15.55075932,16.19841766
15.53690052,16.20000076
15.52130985,16.20000076
15.51534748,16.20836830
15.50991726,16.21720695
15.50500011,16.22652054
15.50500011,16.24022484
15.50500011,16.25400162
15.52944374,16.28985214
15.51932144,16.29471016
15.50926018,16.29958916
15.50500011,16.30974388
15.50499916,16.32384872
15.50499916,16.33802223
15.50500011,16.35226822
15.50500011,16.36657715
15.50032330,16.37656593
15.49499512,16.38595772
15.48969364,16.39540291
15.47930431,16.39999962
15.46497822,16.40078926
15.45512676,16.40582848
15.45500088,16.42026329
15.45500088,16.43490219
15.45141792,16.44610023
15.44165134,16.45125008
15.43194103,16.45642471
15.42999935,16.46930504
15.42999935,16.48419189
15.42999935,16.49914742
15.42761803,16.51177597
15.42239857,16.52157021
15.41091728,16.52499962
15.39614677,16.52499962
15.38187981,16.52544975
15.38000011,16.53867912
15.38000011,16.55392456
15.37505627,16.56407547
15.36558056,16.56947327
15.35615063,16.57490730
15.34995365,16.58375931
15.34484291,16.59379005
15.33615685,16.60000038
15.32173252,16.60000038
15.30773735,16.60038757
15.29847908,16.60587692
15.28926373,16.61139870
15.28009796,16.61695480
15.28000069,16.63255501
15.27999973,16.64834595
15.27517223,16.65882683
15.26607418,16.66451836
15.25701714,16.67024803
15.24711132,16.67499924
15.23307514,16.67499924
15.21910095,16.67500114
15.20518875,16.67500114
15.19133568,16.67499924
15.18000031,16.67786217
15.18000031,16.69398880
15.17999935,16.71020317
15.18000031,16.72651291
15.17999935,16.74292183
15.17212868,16.75000000
15.15837097,16.75000000
15.14467430,16.75000000
15.13102913,16.75000000
15.11744499,16.75000000
15.10851097,16.75564384
15.10499954,16.76796150
15.10500050,16.78469276
15.10297108,16.79900169
15.09026241,16.80000114
15.07679939,16.80000114
15.06339073,16.79999924
15.05003166,16.80000114
15.03672981,16.80000114
15.02630234,16.80362320
15.02143764,16.81440544
15.01640224,16.82500076
15.00320148,16.82500076
14.99005699,16.82500076
14.97982883,16.82878304
14.97157097,16.83514023
14.96334648,16.84154701
14.95516109,16.84799385
14.95165730,16.86073303
14.94682312,16.87174797
14.93623734,16.87500000
14.90493298,16.85000038
14.89211369,16.85000038
14.88171768,16.85327721
14.88000011,16.86852074
14.88000011,16.88624573
14.87583542,16.89825821
14.86430740,16.89999962
14.85157108,16.89999962
14.83887959,16.89999962
14.82622719,16.89999962
14.81361866,16.90000153
14.80356503,16.90361404
14.79579163,16.91049957
14.78805161,16.91743851
14.78033543,16.92442513
14.77999973,16.94223404
14.77999973,16.96065903
14.77426052,16.97070694
14.76462173,16.97499847
14.75212288,16.97499847
14.74336147,16.98055840
14.73853588,16.99204063
14.73134995,17.00000000
14.71891689,17.00000000
14.70652771,17.00000000
14.69416714,17.00000000
14.68184853,17.00000000
14.66956234,17.00000000
14.65731716,17.00000000
14.65025997,17.00807953
14.64551449,17.01981926
14.63658905,17.02499962
14.62439919,17.02499962
14.61224461,17.02499962
14.60350990,17.03043365
14.59612942,17.03804207
14.58876991,17.04570961
14.57932377,17.04999924
14.57312965,17.05958366
14.56837654,17.07158470
14.55838871,17.07500076
14.54634380,17.07500076
14.53433514,17.07499886
14.52235031,17.07500076
14.51040268,17.07500076
14.49847603,17.07500076
14.48658562,17.07500076
14.48060799,17.08501625
14.47591305,17.09727287
14.46563435,17.10000038
14.45378590,17.10000038
14.44197083,17.10000038
14.43017673,17.10000038
14.42089939,17.10433960
14.41382599,17.11255455
14.40677643,17.12082863
14.39739513,17.12500191
14.38566875,17.12500000
14.37397385,17.12500000
14.36229897,17.12500000
14.35065365,17.12500000
14.33902836,17.12500000
14.32743359,17.12500000
14.31972694,17.13206482
14.31503963,17.14468384
14.30635166,17.14999962
14.29478455,17.14999962
14.28324986,17.14999962
14.27172947,17.14999962
14.26023769,17.14999962
14.24876022,17.14999962
14.23731232,17.14999962
14.22588634,17.14999962
14.21447563,17.14999962
14.20308971,17.14999962
14.19171906,17.14999962
14.18037319,17.14999962
14.16969776,17.15126419
14.16304493,17.16031456
14.15640736,17.16944313
14.15314198,17.18522072
14.14844322,17.19826126
14.13799000,17.20000076
14.12667656,17.20000076
14.11537647,17.20000076
14.10409927,17.20000076
14.09283733,17.20000076
14.08159733,17.20000076
14.07037258,17.20000076
14.05916214,17.20000076
14.04797745,17.20000076
14.03680420,17.20000076
14.02565002,17.20000076
14.01450539,17.20000076
14.00338268,17.20000076
13.99227524,17.20000076
13.98118687,17.20000076
13.97343349,17.20696449
13.96875095,17.22041512
13.95984173,17.22500038
13.94876480,17.22500038
13.93799496,17.22561455
13.93162727,17.23561287
13.92527771,17.24568176
13.91623020,17.25000000
13.90518475,17.25000000
13.89415359,17.25000000
13.88313198,17.25000000
13.87212753,17.25000000
13.86113262,17.25000000
13.85015583,17.25000000
13.84422588,17.26111412
13.83950233,17.27494049
13.82854939,17.27500153
13.81757927,17.27499962
13.80662537,17.27499962
13.79568005,17.27500153
13.78475285,17.27499962
13.77383137,17.27499962
13.76292610,17.27499962
13.75203037,17.27499962
13.74114609,17.27499962
13.73027706,17.27500153
13.71941090,17.27499962
13.70856380,17.27500153
13.70499992,17.29183769
13.70438099,17.31557274
13.69755077,17.32499886
13.68667507,17.32499886
13.67580318,17.32500076
13.66494846,17.32500076
13.65410042,17.32500076
13.64326096,17.32499886
13.63243389,17.32500076
13.62160969,17.32499886
13.61080074,17.32500076
13.59999657,17.32499886
13.58920670,17.32499886
13.57842731,17.32499886
13.56765270,17.32500076
13.55688763,17.32500076
13.54613018,17.32500076
13.53538227,17.32500076
13.52773666,17.33256149
13.52293777,17.34711266
13.51336288,17.35000038
13.50261974,17.34999847
13.49188328,17.35000038
13.48243427,17.35317421
13.47652149,17.36512947
13.46974945,17.37500000
13.45901775,17.37500000
13.44828701,17.37500000
13.43756676,17.37500000
13.42685318,17.37500000
13.41614723,17.37500000
13.40544987,17.37500000
13.39518833,17.37609482
13.39033031,17.39091873
13.38319778,17.40000153
13.37250137,17.40000153
13.36180687,17.40000153
13.35112572,17.40000153
13.34044647,17.39999962
13.32977009,17.40000153
13.31910324,17.39999962
13.31206703,17.40940475
13.30629444,17.42210770
13.29673386,17.42500114
13.28606701,17.42499924
13.27540588,17.42500114
13.26475143,17.42500114
13.25656319,17.43146133
13.25164318,17.44656754
13.24228668,17.45000076
13.23163033,17.45000076
13.22098255,17.44999886
13.21033478,17.44999886
13.19969559,17.44999886
13.18905735,17.44999886
13.17842770,17.44999886
13.16780472,17.45000076
13.15718269,17.45000076
13.14923191,17.45716286
13.14356327,17.47050285
13.13460827,17.47500038
13.12398338,17.47500038
13.11336613,17.47500038
13.10275173,17.47500038
13.09213829,17.47500038
13.08153152,17.47500038
13.07186031,17.47754478
13.06687927,17.49290466
13.05886173,17.50000191
13.04825687,17.50000191
13.03765392,17.50000191
13.02705574,17.50000000
13.01646328,17.50000000
13.00586796,17.50000191
12.99527740,17.50000000
12.98775291,17.50849152
12.98217487,17.52238846
12.97251797,17.52500153
12.96192932,17.52500153
12.95134068,17.52499962
12.94075775,17.52500153
12.93017960,17.52499962
12.91960049,17.52499962
12.90902519,17.52500153
12.89844894,17.52499962
12.88788128,17.52500153
12.88063240,17.53435898
12.87558937,17.54994774
12.86503696,17.54999924
12.85446548,17.54999924
12.84389496,17.54999924
12.83332539,17.55000114
12.82742310,17.56323814
12.82099056,17.57500076
12.81042194,17.57500076
12.79985237,17.57499886
12.78928757,17.57500076
12.77872467,17.57499886
12.76816177,17.57500076
12.75760555,17.57500076
12.74704838,17.57500076
12.73649406,17.57499886
12.72593880,17.57500076
12.71539021,17.57499886
12.70483685,17.57499886
12.69429207,17.57500076
12.68799400,17.58725929
12.68185329,17.60000038
12.67130375,17.60000038
12.66075134,17.60000038
12.65020466,17.60000038
12.63965511,17.59999847
12.62911129,17.59999847
12.61856842,17.59999847
12.60802269,17.60000038
12.59748459,17.59999847
12.58694458,17.59999847
12.57640839,17.60000038
12.56919384,17.60970116
12.56378269,17.62467575
12.55335140,17.62500000
12.54281139,17.62500000
12.53227425,17.62500000
12.52173233,17.62500000
12.51119900,17.62500000
12.50065899,17.62500000
12.49414349,17.63680267
12.48809242,17.64999962
12.47755718,17.65000153
12.46701622,17.64999962
12.45648193,17.65000153
12.44594669,17.64999962
12.43541145,17.65000153
12.42487812,17.64999962
12.40588284,17.62500000
12.39535713,17.62500000
12.38482761,17.62500000
12.37430286,17.62500000
12.36377811,17.62500000
12.35325146,17.62500000
12.34273243,17.62500000
12.33220673,17.62500000
12.32351398,17.63041878
12.31816006,17.64577866
12.30906010,17.65000153
12.29853344,17.64999962
12.28801060,17.64999962
12.27748871,17.65000153
12.26696110,17.64999962
12.25643921,17.64999962
12.24591541,17.64999962
12.23539352,17.64999962
12.22487068,17.65000153
12.20597172,17.62500000
12.19545174,17.62500000
12.18583775,17.62770081
12.18064880,17.64360809
12.17226505,17.64999962
12.16174698,17.64999962
12.15122223,17.64999962
12.14070415,17.64999962
12.12182713,17.62500000
12.11131191,17.62500000
12.10079765,17.62500000
12.08193302,17.60000038
12.07142162,17.60000038
12.06090546,17.60000038
12.05039310,17.60000038
12.02320480,17.55000114
12.01269627,17.54999924
12.00218201,17.54999924
11.99428749,17.55784416
11.98908329,17.57377052
11.97897625,17.57500076
11.96979713,17.57899857
11.96449184,17.59465981
11.95575523,17.60000038
11.94523525,17.60000038
11.93472099,17.60000038
11.92420006,17.60000038
11.91368484,17.60000038
11.90317059,17.60000038
11.89264965,17.60000038
11.88213539,17.60000038
11.87161732,17.60000038
11.86150932,17.60123444
11.85621452,17.61696625
11.84836292,17.62500000
11.83784580,17.62500000
11.82732582,17.62500191
11.81680584,17.62500191
11.80652142,17.62571335
11.80500031,17.65282822
11.80182934,17.67499924
11.79130840,17.67500114
11.78078461,17.67499924
11.77026272,17.67499924
11.75974178,17.67499924
11.75104523,17.68051147
11.74575996,17.69631577
11.73645592,17.69999886
11.72593498,17.69999886
11.71550083,17.70028114
11.71026134,17.71622849
11.70264149,17.72499847
11.69211960,17.72500038
11.68159676,17.72500038
11.67107201,17.72499847
11.66054821,17.72500038
11.65120888,17.72858429
11.64592934,17.74441910
11.63724804,17.75000000
11.62672615,17.75000000
11.61620522,17.75000000
11.61087322,17.76570702
11.60342503,17.77500153
11.59289932,17.77499962
11.58237839,17.77499962
11.57185173,17.77500153
11.56133080,17.77499962
11.55138874,17.77677155
11.54610825,17.79262543
11.53802299,17.80000114
11.52749825,17.79999924
11.51697540,17.80000114
11.51146507,17.81517410
11.50419044,17.82500076
11.49366665,17.82500076
11.48314571,17.82500076
11.47262001,17.82499886
11.46210194,17.82500076
11.45158005,17.82500076
11.44627094,17.84079742
11.43879128,17.85000038
11.42826843,17.85000038
11.41775131,17.85000038
11.40722847,17.85000038
11.39671040,17.85000038
11.38957691,17.86025238
11.38391781,17.87500000
11.37439156,17.87800789
11.36915588,17.89403343
11.36060524,17.89999962
11.35008240,17.89999962
11.33956337,17.89999962
11.32904339,17.90000153
11.31852627,17.89999962
11.30801201,17.90000153
11.29749107,17.89999962
11.28968525,17.90822792
11.28439999,17.92411232
11.27506161,17.92768860
11.26982975,17.94374847
11.26137161,17.95000076
11.25085068,17.95000076
11.24033546,17.95000076
11.22982311,17.95000076
11.21930218,17.95000076
11.20878696,17.95000076
11.19827080,17.94999886
11.18975544,17.95607376
11.18446732,17.97196960
11.17495155,17.97500038
11.16443729,17.97500038
11.15392017,17.97500038
11.14341068,17.97500038
11.13289261,17.97500038
11.12464523,17.98189735
11.11942101,17.99801064
11.10956192,18.00000000
11.09904766,18.00000000
11.08978176,18.00379181
11.08449268,18.01969910
11.07571507,18.02499962
11.06520271,18.02499962
11.05468941,18.02499962
11.04417992,18.02499962
11.03366756,18.02499962
11.02541542,18.03188324
11.02019501,18.04803848
11.01032639,18.05000114
10.99981689,18.04999924
10.98976135,18.05139732
10.98446846,18.06732750
10.97646904,18.07500076
10.96596050,18.07500076
10.95545006,18.07500076
10.94494057,18.07500076
10.93443680,18.07500076
10.92392445,18.07500076
10.91341877,18.07500076
10.90290833,18.07500076
10.89240456,18.07500076
10.88189697,18.07500076
10.87623787,18.08983421
10.86905003,18.10000038
10.85854816,18.10000038
10.84804630,18.10000038
10.83753681,18.10000038
10.83226395,18.11603546
10.82762718,18.13404083
10.82232571,18.14999962
10.81181622,18.14999962
10.80131054,18.14999962
10.79080296,18.14999962
10.78030014,18.14999962
10.76979733,18.14999962
10.75929165,18.14999962
10.74879074,18.14999962
10.73831558,18.15008736
10.73311043,18.16635704
10.72751427,18.18144989
10.72222042,18.19745827
10.71254539,18.20000076
10.70204067,18.20000076
10.69153786,18.20000076
10.68103504,18.20000076
10.67053223,18.20000076
10.66002655,18.20000076
10.64952946,18.20000076
10.63902473,18.20000076
10.62852669,18.20000076
10.61926842,18.20382881
10.61397171,18.21988869
10.60512829,18.22500038
10.59624195,18.22998810
10.59103680,18.24632835
10.58172131,18.25000000
10.57122135,18.25000000
10.56071663,18.25000000
10.55021954,18.25000000
10.53972149,18.25000000
10.52921772,18.25000000
10.51912498,18.25124931
10.51383209,18.26734734
10.50580692,18.27500153
10.49530506,18.27500153
10.48480797,18.27499962
10.47430897,18.27499962
10.46380806,18.27500153
10.45707607,18.28666306
10.45087814,18.30000114
10.44038010,18.29999924
10.42988300,18.29999924
10.41938591,18.30000114
10.40888786,18.29999924
10.40306091,18.31447792
10.39595604,18.32499886
10.38545895,18.32500076
10.37496471,18.32499886
10.36446667,18.32499886
10.35694218,18.33422470
10.35151958,18.35000038
10.34102440,18.35000038
10.33052540,18.34999847
10.32002926,18.34999847
10.30953407,18.34999847
10.30500031,18.36855698
10.30295849,18.39487076
10.29410934,18.40000153
10.28361511,18.40000153
10.27311516,18.39999962
10.26262188,18.40000153
10.25212765,18.39999962
10.24162960,18.40000153
10.23113537,18.39999962
10.22063637,18.40000153
10.21014214,18.40000153
10.20010090,18.40142441
10.19481754,18.41767883
10.18666649,18.42499924
10.17617321,18.42499924
10.16670895,18.42820740
10.16149521,18.44470406
10.15269661,18.44999886
10.14613056,18.46228790
10.13970184,18.47500038
10.12920570,18.47500038
10.11871338,18.47500038
10.10821629,18.47500038
10.09772301,18.47500038
10.08722973,18.47500038
10.07673264,18.47500038
10.06623936,18.47500038
10.05574417,18.47500038
10.04525471,18.47500038
10.03475952,18.47500038
10.02426815,18.47500038
10.01625729,18.48276901
10.01103783,18.49930191
10.00076771,18.50000191
9.99026966,18.50000000
9.97978020,18.50000191
9.96928501,18.50000000
9.95879364,18.50000191
9.94858074,18.50088501
9.94330883,18.51726151
9.93528366,18.52499962
9.92478943,18.52500153
9.91429996,18.52500153
9.90380573,18.52500153
9.89331245,18.52499962
9.88281918,18.52499962
9.87233067,18.52500153
9.86567783,18.53705406
9.85931110,18.55000114
9.84882164,18.55000114
9.83832645,18.54999924
9.82783699,18.54999924
9.81733990,18.55000114
9.80684853,18.54999924
9.79635334,18.55000114
9.78586483,18.55000114
9.77537632,18.55000114
9.76488304,18.55000114
9.75439072,18.54999924
9.74389839,18.54999924
9.73340797,18.55000114
9.72291565,18.55000114
9.71242905,18.55000114
9.70700169,18.56593132
9.70262718,18.58516693
9.69685268,18.60000038
9.68635845,18.60000038
9.67586613,18.59999847
9.66537189,18.60000038
9.65488338,18.60000038
9.64438725,18.60000038
9.63389778,18.60000038
9.62340355,18.59999847
9.61291313,18.60000038
9.60242176,18.59999847
9.59192657,18.59999847
9.58143520,18.60000038
9.57093811,18.60000038
9.56134129,18.60280800
9.55609322,18.61931992
9.54740906,18.62500000
9.53691864,18.62500000
9.52642345,18.62500000
9.51593113,18.62500000
9.50543499,18.62500000
9.49494553,18.62500000
9.48444653,18.62500191
9.47395325,18.62500000
9.46345711,18.62500000
9.45438862,18.62947845
9.44915295,18.64601326
9.43992233,18.65000153
9.42942905,18.64999962
9.41893005,18.64999962
9.41022778,18.65563774
9.40496445,18.67210388
9.39539051,18.67499924
9.38489056,18.67499924
9.37439728,18.67500114
9.36390305,18.67499924
9.35476685,18.67928123
9.34953880,18.69583321
9.34036541,18.70000076
9.32986927,18.69999886
9.31937027,18.70000076
9.30887222,18.69999886
9.29837322,18.69999886
9.28787041,18.70000076
9.27737141,18.70000076
9.26687050,18.70000076
9.25885868,18.70781136
9.25357819,18.72419357
9.24333668,18.72500038
9.23283482,18.72500038
9.22233677,18.72500038
9.21183586,18.72500038
9.20133114,18.72500038
9.19082928,18.72500038
9.18032169,18.72500038
9.16981697,18.72500038
9.15930939,18.72500038
9.14880753,18.72500038
9.13830090,18.72500038
9.12779331,18.72500038
9.11728764,18.72500038
9.10677814,18.72500038
9.09921455,18.73419952
9.09375763,18.75000000
9.08325100,18.75000000
9.07273960,18.75000000
9.06423855,18.75626945
9.05903816,18.77283859
9.04921722,18.77499962
9.03870869,18.77500153
9.02819347,18.77499962
9.01768303,18.77500153
9.00716496,18.77499962
8.99665260,18.77499962
8.98613644,18.77500153
8.97562027,18.77499962
8.96510696,18.77500153
8.95458889,18.77500153
8.94720650,18.78474426
8.94159412,18.79999924
8.93107700,18.79999924
8.92055511,18.80000114
8.91003418,18.80000114
8.89950752,18.80000114
8.88898468,18.80000114
8.87845993,18.80000114
8.86792946,18.79999924
8.85740185,18.80000114
8.84686852,18.80000114
8.83835411,18.80623627
8.83298969,18.82221413
8.82336330,18.82500076
8.81283188,18.82500076
8.80229568,18.82500076
8.79176044,18.82500267
8.78122139,18.82500076
8.77068520,18.82500267
8.76014137,18.82500076
8.74960136,18.82500076
8.73906040,18.82500076
8.72924614,18.82724190
8.72386169,18.84308243
8.71557426,18.85000038
8.70503139,18.85000038
8.69448471,18.85000038
8.68393993,18.85000038
8.67339134,18.85000038
8.66284561,18.85000038
8.65229416,18.85000038
8.64174557,18.85000229
8.63119411,18.85000038
8.62063789,18.85000038
8.61008453,18.85000038
8.59952545,18.85000038
8.58896637,18.85000038
8.57840252,18.85000038
8.56789398,18.85015678
8.56248379,18.86579895
8.55495262,18.87500191
8.53614521,18.85000038
8.52557278,18.85000038
8.51500416,18.85000038
8.50442886,18.85000038
8.49385643,18.85000229
8.48327732,18.85000038
8.47270107,18.85000038
8.46212101,18.85000038
8.45153809,18.85000038
8.44095612,18.85000038
8.43036842,18.85000038
8.41978359,18.85000038
8.40919399,18.85000038
8.39860439,18.85000038
8.39236450,18.86306572
8.38575554,18.87500000
8.37516975,18.87500000
8.36457443,18.87499809
8.35398579,18.87500000
8.34338856,18.87500000
8.33279324,18.87500000
8.32219315,18.87500000
8.31159687,18.87500000
8.30099678,18.87500000
8.29039097,18.87500000
8.27978516,18.87500000
8.26076794,18.85000038
8.25015545,18.85000038
8.23953629,18.85000038
8.22892094,18.85000038
8.22170925,18.86011124
8.21612072,18.87500000
8.20550728,18.87500000
8.19488335,18.87500000
8.18426609,18.87500000
8.17363930,18.87500000
8.16301823,18.87500000
8.15238857,18.87500000
8.14176464,18.87500000
8.13113117,18.87500000
8.12050056,18.87500000
8.11152363,18.87986755
8.10604763,18.89501381
8.08859825,18.87500000
8.07795715,18.87500000
8.06731892,18.87500000
8.05667496,18.87500000
8.04603386,18.87500000
8.03539085,18.87500000
8.02474213,18.87500000
8.01409721,18.87500000
8.00344467,18.87500000
7.99279785,18.87500000
7.98214388,18.87500000
7.97149324,18.87500000
7.95223951,18.85000038
7.94158077,18.85000038
7.93092060,18.85000038
7.92025375,18.85000038
7.90959120,18.85000038
