s,left_x,left_y,right_x,right_y
0.00000000,7.98445804,17.70000174,8.81669429,20.00000028
0.00996761,7.97612395,17.70000056,8.80509316,20.00000051
0.01992469,7.96779845,17.69999991,8.79350451,20.00000083
0.02987540,7.95947748,17.70000086,8.78192405,20.00000018
0.04434860,7.95116856,17.70000159,8.77999956,20.02707660
0.05723294,7.94286024,17.70000022,8.77653448,20.04999982
0.06719224,7.93455770,17.70000009,8.76491842,20.04999951
0.07714363,7.92626142,17.70000201,8.75331191,20.04999877
0.08708593,7.91797122,17.70000030,8.74171753,20.04999825
0.09702020,7.90968594,17.70000045,8.73013425,20.04999868
0.10694879,7.90140103,17.69999982,8.71856198,20.04999812
0.11686820,7.89312258,17.69999979,8.70700162,20.04999990
0.12677966,7.88484852,17.70000034,8.69545275,20.04999836
0.15787579,7.85940043,17.65000121,8.68391432,20.04999874
0.16773915,7.85119879,17.65000192,8.67238924,20.04999808
0.17759521,7.84300068,17.65000100,8.66087525,20.04999950
0.18744469,7.83480385,17.65000120,8.64937312,20.04999944
0.19728743,7.82660985,17.65000259,8.63788164,20.04999908
0.20693836,7.81841473,17.65000178,8.62999944,20.06068081
0.22454511,7.81022199,17.65000162,8.62999917,20.09492807
0.23390235,7.80203244,17.65000259,8.62017471,20.09999940
0.24375601,7.79383464,17.65000069,8.60866520,20.09999717
0.25360209,7.78564216,17.65000101,8.59716551,20.09999943
0.26344243,7.77744943,17.65000110,8.58567757,20.09999840
0.27327797,7.76925316,17.65000134,8.57420274,20.09999863
0.28310817,7.76105452,17.65000199,8.56274100,20.09999777
0.29293317,7.75285597,17.65000124,8.55128954,20.09999835
0.30275360,7.74465292,17.65000108,8.53985173,20.09999790
0.31210425,7.73644769,17.65000131,8.52999970,20.10486335
0.33030838,7.72823927,17.65000050,8.52999976,20.14033503
0.33989802,7.72002851,17.65000258,8.52164537,20.14999939
0.34973264,7.71181271,17.65000275,8.51019191,20.14999997
0.35956371,7.70359156,17.65000051,8.49875094,20.14999878
0.36938962,7.69536712,17.65000095,8.48732357,20.14999921
0.37921214,7.68713534,17.65000215,8.47591027,20.14999997
0.40983126,7.66318517,17.59999950,8.46450752,20.14999976
0.41961494,7.65500672,17.59999983,8.45311856,20.14999881
0.42939484,7.64682342,17.59999996,8.44174208,20.14999885
0.43917352,7.63862904,17.60000153,8.43037908,20.14999930
0.44894886,7.63042875,17.60000128,8.41902869,20.14999883
0.45871994,7.62222413,17.60000147,8.40769117,20.14999986
0.46849266,7.61400316,17.60000100,8.39636672,20.14999848
0.47825930,7.60578046,17.60000111,8.38505614,20.14999926
0.48802698,7.59754271,17.60000039,8.37375853,20.15000015
0.49779162,7.58929872,17.60000035,8.36247321,20.15000036
0.50755572,7.58104389,17.60000095,8.35119984,20.14999878
0.51731718,7.57277930,17.60000099,8.33994156,20.14999857
0.52668202,7.56450431,17.60000162,8.32999976,20.15435126
0.54595542,7.55621781,17.60000108,8.32999972,20.19199734
0.55543506,7.54791681,17.59999989,8.32111227,20.19999931
0.56522185,7.53960706,17.60000181,8.30984843,20.19999945
0.57500970,7.53128129,17.60000135,8.29859852,20.19999791
0.60531831,7.50824745,17.55000255,8.28736098,20.19999746
0.61507761,7.49995151,17.55000127,8.27613834,20.19999768
0.62483698,7.49164063,17.55000161,8.26493052,20.19999789
0.63459575,7.48331866,17.55000043,8.25373491,20.19999962
0.64435536,7.47498150,17.55000100,8.24255287,20.19999966
0.65411794,7.46662643,17.55000091,8.23138277,20.19999746
0.66387928,7.45825800,17.55000023,8.22022859,20.19999895
0.67364275,7.44987064,17.55000233,8.20908890,20.19999852
0.68340975,7.44146433,17.55000060,8.19796124,20.19999807
0.69317627,7.43304453,17.55000069,8.18684802,20.19999911
0.70388526,7.42460754,17.55000226,8.17999967,20.21500049
0.72204059,7.41615033,17.55000190,8.17878510,20.24999970
0.73183918,7.40767524,17.55000046,8.16766303,20.24999883
0.74164051,7.39917816,17.55000165,8.15655737,20.25000029
0.75144327,7.39066662,17.55000097,8.14546349,20.25000025
0.76124930,7.38213293,17.55000106,8.13438509,20.25000071
0.79134274,7.35969584,17.50000225,8.12332002,20.24999885
0.80113226,7.35116644,17.50000114,8.11227034,20.24999967
0.81092471,7.34261837,17.50000152,8.10123351,20.24999887
0.82072157,7.33404447,17.50000318,8.09021372,20.25000042
0.83052254,7.32545035,17.50000129,8.07920593,20.25000057
0.84032822,7.31683084,17.50000251,8.06821405,20.25000039
0.85013860,7.30818864,17.50000288,8.05723543,20.25000053
0.85995454,7.29951953,17.50000191,8.04627273,20.25000096
0.86977434,7.29083137,17.50000174,8.03532129,20.24999968
0.88231981,7.28211276,17.50000248,8.02999979,20.27079390
0.89868557,7.25991358,17.45000057,8.02692286,20.29999987
0.90852207,7.25118554,17.45000129,8.01597784,20.29999966
0.91836411,7.24243344,17.45000067,8.00504587,20.29999947
0.92821330,7.23364994,17.45000174,7.99413100,20.29999886
0.93806875,7.22483946,17.45000038,7.98323057,20.29999851
0.94793010,7.21600418,17.45000048,7.97234326,20.29999816
0.95779687,7.20714238,17.45000054,7.96147147,20.29999814
0.96767110,7.19825020,17.45000162,7.95061515,20.29999812
0.97755194,7.18933096,17.45000201,7.93977274,20.29999816
0.98743981,7.18038431,17.45000184,7.92894359,20.29999822
0.99733627,7.17140428,17.45000008,7.91813075,20.29999789
1.00723755,7.16240257,17.45000150,7.90732995,20.29999803
1.01714706,7.15336755,17.45000183,7.89654597,20.29999830
1.02706420,7.14430557,17.45000059,7.88577370,20.29999850
1.03920460,7.13521572,17.45000199,7.87999983,20.31919701
1.05490661,7.11314217,17.40000036,7.87722331,20.34999765
1.06484723,7.10401839,17.40000152,7.86646588,20.34999785
1.07479429,7.09486700,17.40000196,7.85572304,20.34999833
1.08475184,7.08567954,17.40000075,7.84499532,20.34999800
1.09471846,7.07645940,17.40000127,7.83428225,20.34999913
1.10469198,7.06721168,17.40000132,7.82358291,20.34999883
1.11467469,7.05793252,17.40000083,7.81289685,20.34999829
1.12466598,7.04862097,17.40000053,7.80222574,20.34999790
1.13465059,7.03932533,17.40000216,7.79155223,20.34999845
1.16452813,7.01726469,17.35000006,7.78089481,20.34999835
1.17452109,7.00792389,17.35000092,7.77024979,20.34999833
1.18452394,6.99854754,17.35000030,7.75962052,20.34999843
1.19453645,6.98914026,17.34999992,7.74900266,20.34999784
1.20455909,6.97969740,17.35000015,7.73840030,20.34999927
1.21449292,6.97022414,17.35000097,7.72999991,20.35867363
1.23571336,6.96071508,17.35000040,7.72984239,20.39999942
1.24577236,6.95117822,17.35000006,7.71926111,20.40000034
1.25584137,6.94160870,17.35000047,7.70869253,20.40000038
1.26592052,6.93200515,17.35000108,7.69813800,20.39999844
1.29579675,6.90982496,17.30000191,7.68759743,20.40000041
1.30588686,6.90017297,17.30000102,7.67706927,20.40000038
1.31598806,6.89048713,17.30000055,7.66655269,20.39999916
1.32609749,6.88077158,17.30000193,7.65604935,20.39999877
1.33621705,6.87102417,17.30000069,7.64555772,20.39999985
1.34634650,6.86124423,17.30000130,7.63507866,20.39999882
1.35648608,6.85143254,17.30000155,7.62461125,20.39999935
1.36663473,6.84159150,17.30000047,7.61415487,20.40000048
1.37679374,6.83171788,17.30000041,7.60371057,20.39999926
1.40668595,6.80937275,17.25000306,7.59327670,20.39999935
1.41686094,6.79944381,17.25000178,7.58285561,20.39999986
1.43335533,6.78948814,17.25000236,7.57999990,20.43039872
1.44585717,6.77949694,17.25000106,7.57446502,20.44999889
1.45606554,6.76947489,17.25000298,7.56407025,20.44999784
1.46628213,6.75942658,17.25000133,7.55368539,20.44999937
1.47650957,6.74934640,17.25000216,7.54331067,20.44999770
1.48674774,6.73923148,17.25000166,7.53294916,20.44999790
1.49699318,6.72909402,17.25000149,7.52259582,20.44999868
1.50724971,6.71892358,17.25000149,7.51225308,20.44999868
1.51751661,6.70872100,17.25000229,7.50192196,20.44999835
1.52779150,6.69849509,17.25000302,7.49159821,20.44999817
1.53807771,6.68823420,17.25000235,7.48128663,20.44999764
1.56802738,6.66555560,17.20000051,7.47098285,20.44999846
1.57833171,6.65524079,17.19999970,7.46068892,20.44999760
1.58864748,6.64489271,17.20000171,7.45040563,20.44999846
1.59897220,6.63451827,17.20000191,7.44013052,20.44999941
1.60924351,6.62411403,17.20000093,7.42999955,20.45054706
1.63057184,6.61367912,17.19999984,7.42999974,20.49190889
1.64075959,6.60321834,17.20000014,7.42176092,20.50000079
1.65112138,6.59273323,17.20000176,7.41152234,20.49999915
1.66149473,6.58221360,17.19999982,7.40129521,20.50000020
1.67187631,6.57167023,17.19999999,7.39107543,20.50000040
1.68226838,6.56109755,17.20000115,7.38086408,20.49999998
1.69266927,6.55049839,17.20000111,7.37066136,20.49999952
1.70308065,6.53986949,17.19999987,7.36046744,20.50000078
1.71349943,6.52921975,17.20000037,7.35027975,20.49999966
1.72392952,6.51853757,17.20000108,7.34010171,20.50000045
1.73436773,6.50783333,17.20000012,7.32992962,20.50000039
1.74481535,6.49710237,17.20000040,7.31976535,20.50000036
1.75527442,6.48634102,17.20000150,7.30960845,20.49999931
1.78534365,6.46307503,17.15000197,7.29945865,20.49999868
1.79582524,6.45225430,17.15000069,7.28931620,20.49999917
1.80603874,6.44140884,17.15000184,7.27999947,20.50327694
1.82698870,6.43053796,17.15000130,7.27999955,20.54374247
1.83720052,6.41964152,17.15000070,7.27145385,20.54999886
1.84771407,6.40871944,17.15000196,7.26134885,20.54999932
1.85823596,6.39777283,17.15000175,7.25125167,20.55000002
1.86876845,6.38679973,17.15000076,7.24115991,20.54999908
1.87930918,6.37580390,17.15000199,7.23107419,20.54999817
1.88985956,6.36478198,17.15000057,7.22099540,20.54999849
1.90041816,6.35373786,17.15000140,7.21092233,20.54999886
1.91098571,6.34267020,17.15000136,7.20085480,20.54999832
1.92156267,6.33157687,17.15000156,7.19079417,20.54999952
1.93214869,6.32046204,17.15000220,7.18073706,20.54999959
1.95146489,6.30932394,17.15000059,7.17999962,20.58676309
1.96257102,6.29816056,17.15000102,7.17332390,20.59999728
1.97317398,6.28697857,17.15000192,7.16330008,20.59999904
2.00339198,6.26305478,17.09999991,7.15328054,20.59999751
2.01402259,6.25180557,17.10000007,7.14326851,20.59999764
2.02466154,6.24053676,17.09999976,7.13325956,20.59999875
2.03530931,6.22924430,17.10000011,7.12325610,20.59999744
2.04596567,6.21793028,17.10000051,7.11325744,20.59999934
2.05662990,6.20659715,17.09999967,7.10326248,20.59999887
2.06730366,6.19523970,17.10000023,7.09327245,20.59999886
2.07798481,6.18386162,17.10000037,7.08328787,20.59999922
2.08867383,6.17246857,17.10000108,7.07330323,20.59999815
2.09937358,6.16104561,17.10000042,7.06332629,20.59999818
2.11008143,6.14960393,17.10000052,7.05335254,20.59999782
2.12079573,6.13814608,17.10000106,7.04338174,20.59999718
2.13152003,6.12666499,17.09999962,7.03341424,20.59999746
2.14617825,6.11516580,17.10000151,7.02999993,20.62523555
2.16066289,6.10364653,17.10000175,7.02648803,20.64999942
2.17139888,6.09210868,17.10000092,7.01655353,20.65000010
2.20178270,6.06750473,17.05000177,7.00662250,20.64999920
2.21254635,6.05590708,17.05000239,6.99669287,20.64999830
2.22331786,6.04428924,17.05000198,6.98676759,20.64999927
2.31449604,6.08000063,17.23052611,6.97684323,20.64999920
2.33705997,6.08000039,17.27455006,6.96692302,20.64999913
2.35958028,6.08000056,17.31848377,6.95700618,20.65000053
2.37665749,6.07675505,17.35000100,6.94708959,20.64999964
2.38739371,6.06519542,17.35000015,6.93717673,20.64999833
2.39813614,6.05362224,17.35000088,6.92726506,20.64999897
2.40888643,6.04203037,17.35000017,6.91735611,20.64999923
2.41964340,6.03042289,17.34999978,6.90744958,20.64999934
2.43040705,6.01880199,17.35000087,6.89754338,20.64999912
2.44117594,6.00716998,17.35000067,6.88763772,20.64999874
2.45195270,5.99551927,17.34999969,6.87773471,20.64999844
2.46273446,5.98385813,17.35000024,6.86783232,20.64999846
2.47885418,5.98000062,17.37915590,6.85793321,20.64999979
2.49198341,5.97393233,17.40000118,6.84803365,20.64999986
2.50277185,5.96225480,17.40000185,6.83813425,20.64999952
2.51320910,5.95056354,17.40000216,6.82999998,20.65653293
2.53240037,5.93885670,17.40000080,6.82999954,20.69308800
2.54453278,5.93000009,17.41054506,6.82199964,20.69999798
2.85024834,6.08000032,18.00570150,6.81213050,20.69999807
2.87174726,6.08000067,18.04755043,6.80226109,20.69999903
2.89318609,6.08000057,18.08927656,6.79239400,20.69999966
2.91455078,6.08000020,18.13085204,6.78252581,20.69999853
2.93584728,6.08000034,18.17228678,6.77265735,20.69999774
2.95707774,6.08000059,18.21358346,6.76279055,20.69999945
2.97823405,6.08000021,18.25472964,6.75292213,20.69999928
2.99932194,6.08000019,18.29573423,6.74305259,20.69999915
3.02033591,6.08000081,18.33658837,6.73318242,20.69999776
3.04128098,6.08000034,18.37729777,6.72331391,20.69999926
3.06214929,6.08000034,18.41785040,6.71344129,20.69999899
3.07933807,6.07770142,18.45000192,6.70357019,20.69999879
3.08988905,6.06647387,18.45000008,6.69369579,20.69999768
3.10044289,6.05524010,18.45000166,6.68382196,20.69999752
3.11361670,6.04399556,18.45000169,6.67999949,20.72161214
3.12925816,6.03274894,18.45000132,6.67809979,20.74999863
3.14564228,6.03000046,18.48025153,6.66825184,20.74999902
3.16618848,6.03000060,18.52014421,6.65840390,20.75000100
3.18239880,6.02721051,18.55000046,6.64855098,20.74999887
3.19293070,6.01599828,18.55000252,6.63869935,20.74999933
3.20346594,6.00478179,18.55000037,6.62884534,20.74999948
3.21400523,5.99356008,18.55000069,6.61898856,20.75000049
3.22454858,5.98233196,18.55000103,6.60912987,20.74999934
3.24128509,5.98000035,18.58117310,6.59926842,20.75000026
3.26149726,5.98000079,18.62037637,6.58940445,20.74999981
3.27758813,5.97729679,18.65000158,6.57953881,20.74999998
3.28811383,5.96611377,18.65000067,6.56967033,20.75000010
3.29864478,5.95492262,18.65000231,6.55979979,20.75000031
3.30917907,5.94372944,18.65000106,6.54992447,20.75000026
3.31971645,5.93253213,18.65000272,6.54004670,20.74999921
3.33590698,5.93000039,18.67991060,6.53016686,20.74999914
3.36281347,5.92464873,18.70000203,6.52999987,20.78343702
3.37440515,5.91347081,18.70000180,6.52495629,20.79999987
3.38492608,5.90228757,18.70000162,6.51509751,20.80000015
3.39545083,5.89109894,18.70000001,6.50523652,20.79999992
3.40593481,5.88000017,18.70030453,6.49536961,20.79999970
3.42562175,5.88000005,18.73842161,6.48550233,20.80000001
3.43617082,5.87223646,18.75000107,6.47562804,20.79999800
3.44669318,5.86106967,18.75000157,6.46575014,20.79999790
3.45721960,5.84989746,18.75000205,6.45586962,20.79999885
3.46774936,5.83872260,18.75000244,6.44598495,20.79999933
3.47793245,5.83000082,18.75827421,6.43609620,20.79999990
3.50328135,5.83000068,18.79583972,6.42999960,20.81276415
3.52259755,5.82008827,18.80000054,6.42999962,20.84594263
3.53271079,5.80893445,18.80000107,6.42133830,20.84999924
3.54322696,5.79777942,18.80000024,6.41146094,20.84999867
3.55374599,5.78662049,18.80000032,6.40158156,20.84999762
3.56493139,5.78000070,18.81509842,6.39169549,20.84999930
3.58315849,5.77936172,18.85000001,6.38180375,20.84999787
3.59367180,5.76822988,18.85000172,6.37190904,20.84999882
3.60418940,5.75709430,18.85000095,6.36200951,20.84999938
3.61471057,5.74596038,18.85000055,6.35210089,20.84999790
3.62523460,5.73482243,18.85000106,6.34219107,20.84999830
3.63576150,5.72368515,18.85000032,6.33227440,20.84999919
3.64629292,5.71254606,18.85000106,6.32235058,20.84999716
3.65682650,5.70140703,18.85000139,6.31242241,20.84999805
3.66736412,5.69026518,18.85000144,6.30248931,20.84999868
3.67756748,5.68000009,18.85285764,6.29254846,20.84999784
3.69636440,5.68000021,18.88911208,6.28260411,20.84999858
3.70676255,5.67223631,18.90000158,6.27265058,20.84999837
3.71729755,5.66112307,18.90000220,6.26269401,20.84999758
3.72783637,5.65000947,18.90000158,6.25272978,20.84999727
3.73837733,5.63889698,18.90000281,6.24276033,20.84999760
3.74846673,5.63000037,18.90714271,6.23278418,20.84999834
3.77794743,5.63000027,18.94288291,6.22999974,20.87315381
3.79572010,5.62113125,18.94999975,6.22838303,20.90000053
3.80624485,5.61004812,18.95000094,6.21841661,20.89999887
3.81677318,5.59896560,18.95000065,6.20844236,20.90000026
3.82730365,5.58788471,18.95000207,6.19846258,20.90000008
3.83783770,5.57680605,18.95000166,6.18847318,20.89999855
3.84837556,5.56572418,18.95000087,6.17847923,20.89999913
3.85891485,5.55464721,18.95000134,6.16847770,20.89999924
3.86945748,5.54357137,18.94999979,6.15846786,20.89999968
3.88000369,5.53249579,18.95000000,6.14845127,20.89999846
3.89493656,5.53000042,18.97711452,6.13843024,20.90000029
3.91018486,5.52619715,19.00000167,6.12999976,20.90504872
3.92692494,5.51515352,19.00000234,6.12999924,20.93665403
3.93766141,5.50411084,19.00000169,6.12421787,20.94999808
3.94819474,5.49306827,19.00000266,6.11419381,20.94999786
3.95873094,5.48202849,19.00000171,6.10416137,20.94999868
3.96926951,5.47098994,19.00000285,6.09412278,20.94999831
3.97981143,5.45995185,19.00000257,6.08407704,20.94999852
3.99035573,5.44891764,19.00000296,6.07402255,20.94999795
4.00090265,5.43788233,19.00000271,6.06396394,20.94999959
4.01112747,5.43000058,19.00980218,6.05389614,20.94999790
4.02897167,5.43000019,19.04403790,6.04382343,20.94999949
4.03900719,5.42091559,19.05000171,6.03374311,20.94999972
4.04955339,5.40991212,19.05000110,6.02365462,20.94999890
4.06010199,5.39890943,19.05000178,6.01356044,20.94999828
4.07065296,5.38790782,19.05000138,6.00346023,20.94999865
4.08084249,5.38000061,19.05953010,5.99335228,20.94999789
4.09849930,5.38000027,19.09336333,5.98323771,20.94999811
4.11364603,5.37118385,19.10000027,5.98000016,20.97115379
4.12920856,5.36021283,19.10000051,5.97928152,21.00000026
4.13974905,5.34924305,19.10000123,5.96917068,21.00000086
4.15029287,5.33827305,19.10000160,5.95905295,21.00000027
4.16083860,5.32730718,19.10000024,5.94892760,20.99999890
4.17138672,5.31634042,19.10000074,5.93879773,21.00000028
4.18193769,5.30537603,19.09999974,5.92866013,21.00000064
4.19249105,5.29441382,19.09999988,5.91851570,20.99999970
4.20304680,5.28345416,19.10000102,5.90836406,20.99999988
4.21631813,5.28000036,19.12278948,5.89820722,20.99999887
4.23121738,5.27802491,19.15000157,5.88804405,21.00000071
4.24176979,5.26709005,19.15000060,5.87787412,20.99999936
4.25232506,5.25615510,19.15000072,5.86769869,21.00000056
4.26288176,5.24522408,19.15000208,5.85751577,20.99999877
4.27344084,5.23429438,19.15000236,5.84732789,21.00000015
4.28400230,5.22336698,19.15000141,5.83713241,21.00000094
4.29414511,5.21244107,19.15000120,5.82999954,21.00924215
4.31043005,5.20151507,19.15000086,5.83000016,21.03992504
4.32064199,5.19059169,19.15000189,5.82315679,21.04999792
4.33120298,5.17967112,19.15000062,5.81295536,21.04999904
4.34176588,5.16875119,19.15000157,5.80274948,21.04999854
4.35233068,5.15783339,19.15000154,5.79253798,21.04999951
4.36289787,5.14691818,19.15000180,5.78231841,21.04999897
4.37346697,5.13600401,19.15000157,5.77209430,21.04999944
4.38403797,5.12509322,19.15000230,5.76186270,21.04999930
4.39461136,5.11418237,19.15000236,5.75162706,21.04999952
4.40518665,5.10327548,19.15000079,5.74138380,21.04999933
4.41576385,5.09237100,19.15000203,5.73113352,21.04999969
4.42634296,5.08146684,19.15000108,5.72087961,21.04999887
4.43692398,5.07056470,19.15000101,5.71061990,21.04999898
4.44750643,5.05966754,19.15000117,5.70035212,21.04999823
4.45809031,5.04877081,19.15000141,5.69008132,21.04999860
4.46858215,5.03787663,19.15000250,5.67999986,21.05057811
4.48473167,5.02698408,19.15000205,5.67999983,21.08098582
4.49675751,5.01609334,19.15000127,5.67615718,21.09999765
4.50734138,5.00520521,19.15000056,5.66587721,21.09999725
4.51792622,4.99431980,19.15000147,5.65559346,21.09999784
4.52851200,4.98343735,19.15000160,5.64530400,21.09999788
4.55996132,4.95557120,19.10000142,5.63500864,21.09999882
4.57055902,4.94467829,19.10000067,5.62470675,21.09999832
4.58115673,4.93378951,19.10000129,5.61439922,21.09999731
4.59373903,4.93000062,19.12084130,5.60408624,21.09999941
4.61050749,4.93000005,19.15275267,5.59376812,21.09999786
4.62725115,4.93000044,19.18460907,5.58344530,21.09999740
4.63832664,4.92440041,19.20000085,5.57311606,21.09999803
4.64891720,4.91355207,19.20000110,5.56278278,21.09999766
4.65951014,4.90270554,19.20000006,5.55244367,21.09999860
4.67010450,4.89186251,19.20000200,5.54209822,21.09999808
4.68069935,4.88102185,19.20000044,5.53174857,21.09999874
4.70761061,4.88000027,19.22864556,5.52999968,21.12510457
4.73088789,4.87649780,19.25000117,5.52818354,21.14999851
4.74147463,4.86567655,19.25000191,5.51783100,21.14999851
4.75206280,4.85485801,19.25000142,5.50747364,21.14999978
4.76265144,4.84404422,19.25000214,5.49710949,21.14999829
4.77324200,4.83323061,19.25000184,5.48674218,21.14999940
4.78618622,4.83000022,19.27202873,5.47637012,21.14999949
4.80131721,4.82883231,19.30000101,5.46599008,21.14999875
4.81190538,4.81803799,19.30000109,5.45560740,21.14999901
4.82249594,4.80724591,19.30000177,5.44521888,21.15000012
4.83308697,4.79645777,19.30000201,5.43482528,21.14999859
4.84367895,4.78567076,19.30000095,5.42442794,21.14999981
4.85427237,4.77488697,19.30000086,5.41402481,21.14999993
4.86486673,4.76410654,19.30000219,5.40361642,21.14999929
4.87546158,4.75332871,19.30000246,5.39320478,21.14999957
4.88605833,4.74255278,19.30000148,5.38278710,21.14999860
4.89900017,4.73177959,19.30000220,5.37999936,21.17204474
4.92598343,4.73000071,19.32595580,5.37926135,21.19999938
4.93961525,4.72757251,19.35000087,5.36884014,21.19999926
4.95020676,4.71681625,19.34999952,5.35841282,21.19999764
4.96079826,4.70606396,19.34999968,5.34798233,21.19999973
4.97139120,4.69531416,19.35000101,5.33754613,21.19999816
4.98198509,4.68456630,19.35000165,5.32710629,21.19999788
4.99257946,4.67382338,19.35000032,5.31666049,21.19999924
5.00317526,4.66308089,19.35000120,5.30621152,21.19999900
5.01377249,4.65234108,19.35000070,5.29575703,21.19999752
5.02436924,4.64160507,19.35000119,5.28529930,21.19999935
5.03496742,4.63087054,19.35000111,5.27483704,21.19999763
5.04556608,4.62014042,19.34999977,5.26437026,21.19999756
5.05616522,4.60941415,19.35000149,5.25389853,21.19999862
5.06676579,4.59868804,19.35000009,5.24342306,21.19999784
5.07736588,4.58796686,19.35000029,5.23294414,21.19999891
5.09309626,4.58000045,19.35788982,5.22999982,21.22161710
5.12264442,4.58000063,19.38860073,5.22941690,21.24999998
5.13296843,4.57327226,19.40000109,5.21893038,21.25000005
5.14356470,4.56256878,19.40000203,5.20844097,21.24999873
5.15416193,4.55186768,19.40000153,5.19794740,21.25000072
5.16475964,4.54117106,19.40000221,5.18744855,21.24999954
5.17535734,4.53047819,19.40000175,5.17694610,21.24999979
5.18595648,4.51978629,19.40000267,5.16643992,21.25000050
5.19655561,4.50909811,19.40000256,5.15592947,21.25000022
5.20715618,4.49841197,19.40000152,5.14541448,21.24999880
5.21775579,4.48773068,19.40000114,5.13489694,21.25000072
5.22835636,4.47705311,19.40000193,5.12437346,21.24999935
5.23895645,4.46637775,19.40000213,5.11384805,21.24999880
5.24955702,4.45570583,19.40000111,5.10331885,21.24999958
5.26015806,4.44503719,19.40000160,5.09278594,21.24999903
5.27075958,4.43437046,19.40000064,5.08224916,21.24999923
5.28243113,4.43000042,19.41795906,5.07170878,21.25000090
5.29852915,4.43000064,19.44838121,5.06116414,21.24999883
5.30887699,4.41991576,19.44999990,5.05061633,21.24999990
5.31947708,4.40926717,19.45000058,5.04006520,21.25000006
5.32985640,4.39862023,19.45000070,5.02999984,21.25139252
5.34582949,4.38797985,19.45000072,5.02999982,21.28151440
5.35764408,4.37733924,19.45000053,5.02592033,21.29999869
5.36824226,4.36670448,19.45000170,5.01535873,21.30000011
5.37884188,4.35607217,19.45000084,5.00479165,21.29999966
5.38944101,4.34544443,19.45000162,4.99422162,21.29999834
5.40004063,4.33481848,19.45000153,4.98364796,21.29999790
5.41063929,4.32419642,19.45000029,4.97307245,21.29999853
5.42123842,4.31357755,19.45000040,4.96249378,21.30000007
5.43183661,4.30296386,19.45000145,4.95191049,21.29999822
5.44243574,4.29235184,19.45000105,4.94132409,21.29999921
5.45303345,4.28174587,19.45000204,4.93073475,21.29999943
5.46363258,4.27114078,19.44999991,4.92014226,21.29999805
5.47422934,4.26054175,19.45000098,4.90954778,21.30000013
5.48482752,4.24994395,19.45000127,4.89894894,21.29999824
5.49542332,4.23935285,19.45000027,4.88834792,21.29999810
5.50542307,4.22876450,19.45000000,4.87999949,21.30643059
5.52144241,4.21817911,19.45000129,4.87999983,21.33666858
5.53205490,4.20759753,19.45000112,4.87406408,21.34999820
5.54264927,4.19702097,19.45000019,4.86345170,21.34999945
5.55324507,4.18644668,19.44999994,4.85283434,21.34999894
5.56360579,4.18000020,19.46175288,4.84221419,21.34999755
5.57958126,4.18000056,19.49188536,4.83159266,21.34999904
5.58961010,4.17228261,19.50000132,4.82096813,21.34999914
5.60020399,4.16172361,19.50000163,4.81033948,21.34999803
5.61079645,4.15116769,19.50000162,4.79971017,21.34999776
5.62138891,4.14061776,19.50000165,4.78907529,21.34999921
5.63198137,4.13006933,19.50000127,4.77843888,21.34999851
5.64257240,4.11952550,19.50000192,4.76780077,21.34999866
5.65316296,4.10898600,19.50000151,4.75715866,21.34999789
5.66375256,4.09845023,19.50000244,4.74651567,21.34999768
5.67434216,4.08791795,19.50000188,4.73586882,21.34999843
5.68493032,4.07739046,19.50000239,4.72521954,21.34999762
5.69551802,4.06686477,19.50000276,4.71457014,21.34999737
5.70610476,4.05634596,19.50000320,4.70391589,21.34999862
5.71669054,4.04583082,19.50000236,4.69325879,21.34999827
5.72727537,4.03531807,19.50000129,4.68260209,21.34999852
5.74662018,4.03000001,19.51483724,4.67999932,21.37303298
5.77512741,4.03000037,19.54487124,4.67876516,21.39999927
5.78515053,4.02129079,19.55000232,4.66809568,21.39999893
5.79573631,4.01079069,19.55000227,4.65742426,21.39999926
5.80632067,4.00029490,19.55000140,4.64675098,21.39999832
5.81690454,3.98980410,19.55000115,4.63607447,21.39999840
5.82748652,3.97931821,19.55000237,4.62539630,21.39999949
5.83806849,3.96883423,19.55000029,4.61471626,21.39999869
5.84864902,3.95835542,19.55000203,4.60403425,21.39999883
5.85922766,3.94788181,19.55000204,4.59335014,21.39999994
5.86980629,3.93741196,19.55000104,4.58266322,21.39999983
5.88038254,3.92694716,19.55000126,4.57197508,21.40000013
5.89095879,3.91648502,19.55000070,4.56128507,21.39999899
5.90153360,3.90602813,19.55000087,4.55059211,21.39999861
5.91210747,3.89557446,19.55000039,4.53989859,21.39999896
5.92234516,3.88512591,19.55000122,4.52999923,21.40228522
5.94549751,3.88000059,19.56528069,4.52999946,21.43302561
5.96911335,3.88000013,19.59529464,4.52519906,21.44999855
5.97914934,3.87119494,19.60000065,4.51449141,21.44999758
5.98972273,3.86075685,19.60000138,4.50378240,21.44999946
6.00029516,3.85032441,19.60000079,4.49307021,21.44999797
6.01086712,3.83989444,19.60000155,4.48235649,21.44999900
6.02143669,3.82946972,19.60000130,4.47164171,21.44999868
6.03200579,3.81904976,19.60000168,4.46092372,21.44999913
6.04257298,3.80863265,19.59999983,4.45020663,21.44999804
6.05313873,3.79822144,19.60000090,4.43948616,21.44999769
6.06370258,3.78781505,19.60000098,4.42876512,21.44999821
6.07426548,3.77741112,19.60000032,4.41804283,21.44999939
6.08482647,3.76701461,19.59999991,4.40731731,21.44999922
6.09538651,3.75662040,19.60000152,4.39659138,21.44999934
6.10594416,3.74623269,19.60000171,4.38586383,21.44999828
6.11650085,3.73584777,19.60000126,4.37513497,21.44999774
6.12707186,3.73000029,19.61312332,4.36440575,21.44999807
6.14303446,3.73000038,19.64318922,4.35367428,21.44999885
6.15301323,3.72197255,19.65000123,4.34294239,21.44999842
6.16356850,3.71159565,19.65000186,4.33220871,21.44999812
6.17744637,3.70122525,19.65000115,4.32999996,21.47474059
6.19151783,3.69085973,19.65000157,4.32795732,21.49999951
6.20207214,3.68049839,19.65000114,4.31720950,21.50000030
6.21262598,3.67014069,19.65000183,4.30645998,21.49999898
6.22317743,3.65978778,19.65000191,4.29571005,21.49999879
6.23372650,3.64944123,19.65000060,4.28495882,21.49999963
6.24427462,3.63909668,19.65000071,4.27420683,21.50000038
6.25481939,3.62875984,19.65000224,4.26345382,21.50000014
6.26536417,3.61842482,19.65000069,4.25269959,21.50000039
6.27590561,3.60809661,19.65000266,4.24194436,21.49999907
6.28644657,3.59777116,19.65000086,4.23118793,21.50000035
6.30156994,3.58745363,19.65000223,4.23000004,21.52797133
6.31767988,3.58000037,19.65837049,4.22676599,21.54999872
6.33370113,3.58000030,19.68854784,4.21599488,21.54999933
6.34402323,3.57359643,19.70000018,4.20522139,21.54999827
6.35456467,3.56328633,19.70000166,4.19444814,21.54999794
6.36510611,3.55297812,19.70000016,4.18367378,21.54999798
6.37564421,3.54267759,19.70000177,4.17289820,21.54999904
6.38618088,3.53238026,19.70000080,4.16212204,21.54999854
6.39671612,3.52208775,19.70000059,4.15134456,21.54999833
6.42813301,3.51180096,19.70000201,4.12357295,21.50000044
6.43865681,3.50151789,19.70000022,4.11280846,21.49999998
6.44917870,3.49124087,19.70000142,4.10204138,21.49999979
6.45969772,3.48096950,19.69999981,4.09127442,21.49999881
6.47021532,3.47070219,19.70000177,4.08050719,21.49999995
6.48629856,3.46044057,19.70000023,4.07999954,21.53031249
6.49848700,3.45018349,19.70000033,4.07588055,21.54999893
6.50900412,3.43993272,19.70000155,4.06509787,21.54999957
6.51937294,3.43000040,19.70093189,4.05431339,21.54999888
6.53548241,3.43000073,19.73129325,4.04352786,21.54999834
6.54738665,3.42606090,19.75000182,4.03274375,21.54999846
6.55790186,3.41581668,19.75000112,4.02195748,21.55000007
6.56841469,3.40557712,19.75000198,4.01117071,21.54999961
6.57892609,3.39534133,19.75000208,4.00038430,21.54999939
6.58943415,3.38511233,19.75000297,3.98959663,21.54999997
6.59950256,3.37488678,19.75000112,3.98000011,21.55354952
6.61638784,3.36466795,19.75000280,3.97999960,21.58573457
6.62719393,3.35445423,19.75000114,3.97397607,21.59999920
6.63770008,3.34424669,19.75000325,3.96317120,21.59999784
6.64820480,3.33404239,19.75000187,3.95236575,21.59999932
6.65870619,3.32384514,19.75000215,3.94156039,21.59999931
6.66920662,3.31365095,19.75000163,3.93075371,21.59999719
6.67970276,3.30346378,19.75000256,3.91994834,21.59999835
6.69019699,3.29328272,19.75000235,3.90914122,21.59999833
6.70068836,3.28310698,19.75000105,3.89833408,21.59999871
6.71339321,3.28000021,19.77126310,3.88752543,21.59999719
6.73313332,3.27936516,19.80000186,3.87999995,21.60988585
6.75021505,3.26918858,19.80000073,3.87999968,21.64249962
6.76020098,3.25901738,19.80000105,3.87166065,21.64999970
6.77069807,3.24885055,19.80000034,3.86083381,21.64999875
6.78119087,3.23869061,19.80000115,3.85000769,21.64999868
6.79168177,3.22853639,19.80000094,3.83918011,21.64999966
6.80217028,3.21838645,19.80000247,3.82835326,21.64999827
6.81265593,3.20824258,19.80000101,3.81752637,21.64999837
6.82313871,3.19810431,19.80000082,3.80669875,21.64999877
6.83361816,3.18797285,19.80000163,3.79587163,21.64999966
6.84409571,3.17784495,19.80000205,3.78504374,21.64999873
6.85456991,3.16772456,19.80000142,3.77421624,21.64999879
6.86504126,3.15760959,19.80000239,3.76338798,21.64999959
6.87551022,3.14750042,19.80000214,3.75255940,21.64999842
6.88597679,3.13739522,19.80000094,3.74173175,21.64999974
6.89598513,3.13000003,19.80828282,3.73090376,21.65000001
6.92670441,3.13000018,19.83926081,3.72999951,21.68045368
6.94282961,3.12339374,19.85000141,3.72552136,21.69999875
6.95330429,3.11329326,19.85000049,3.71467220,21.69999747
6.96377516,3.10319847,19.85000142,3.70382500,21.69999903
6.97424459,3.09310858,19.85000161,3.69297660,21.69999899
6.98471069,3.08302519,19.85000040,3.68212774,21.69999945
6.99517345,3.07294794,19.85000101,3.67127951,21.69999809
7.00563240,3.06287665,19.85000136,3.66043232,21.69999780
7.01608992,3.05280999,19.85000054,3.64958413,21.69999778
7.02654362,3.04275028,19.85000128,3.63873682,21.69999846
7.03699446,3.03269613,19.85000126,3.62788888,21.69999749
7.05028868,3.03000058,19.87288133,3.61704085,21.69999745
7.06515789,3.02864915,19.90000263,3.60619403,21.69999758
7.07560968,3.01859224,19.90000174,3.59534692,21.69999882
7.08605957,3.00853963,19.90000049,3.58449980,21.69999810
7.09836912,2.99849481,19.90000050,3.57999981,21.71986097
7.11445999,2.98845345,19.90000229,3.57876176,21.74999976
7.12491131,2.97841875,19.90000122,3.56789362,21.75000042
7.13535976,2.96839140,19.90000132,3.55702409,21.74999974
7.14580536,2.95836860,19.90000110,3.54615561,21.74999936
7.15624714,2.94835305,19.90000242,3.53528834,21.74999965
7.16668606,2.93834224,19.90000077,3.52442103,21.75000049
7.17712212,2.92833770,19.90000072,3.51355334,21.74999961
7.18755436,2.91833994,19.90000263,3.50268654,21.74999979
7.19798422,2.90834717,19.90000106,3.49182000,21.75000013
7.20840979,2.89836155,19.90000164,3.48095382,21.74999906
7.21883297,2.88838040,19.90000125,3.47008925,21.75000032
7.22878504,2.88000028,19.90507816,3.45922356,21.75000044
7.24559116,2.88000043,19.93688622,3.44836007,21.75000089
7.25622368,2.87412395,19.94999997,3.43749588,21.74999948
7.26648808,2.86414364,19.94999982,3.42999980,21.76077201
7.28460503,2.85416950,19.95000147,3.42999992,21.79560447
7.29459190,2.84419979,19.95000031,3.42048527,21.79999814
7.30501652,2.83423606,19.95000082,3.40959982,21.79999914
7.31543779,2.82427865,19.95000067,3.39871484,21.79999834
7.32585573,2.81432601,19.95000052,3.38783106,21.79999828
7.33627081,2.80437864,19.95000001,3.37694893,21.79999849
7.34668159,2.79443956,19.95000058,3.36606583,21.79999967
7.35708952,2.78450537,19.95000148,3.35518490,21.79999900
7.36878300,2.78000056,19.96761560,3.34430380,21.79999878
7.38582563,2.78000043,19.99991752,3.33342475,21.79999960
7.39622450,2.77008278,20.00000153,3.32254570,21.79999818
7.40663147,2.76014440,20.00000106,3.31166923,21.79999945
7.41703558,2.75021298,20.00000275,3.30079305,21.79999925
7.42743683,2.74028599,20.00000145,3.28991705,21.79999954
7.43747902,2.73036597,20.00000255,3.27999982,21.80313684
7.45602274,2.72044971,20.00000293,3.27999954,21.83887374
7.46635866,2.71054009,20.00000307,3.27248627,21.84999826
7.47675991,2.70063457,20.00000101,3.26158912,21.84999862
7.48715639,2.69073841,20.00000312,3.25069221,21.84999779
7.49755049,2.68084399,20.00000317,3.23979839,21.84999903
7.50794029,2.67095770,20.00000266,3.22890513,21.84999912
7.51832819,2.66107424,20.00000223,3.21801312,21.84999911
7.52871132,2.65119837,20.00000155,3.20712258,21.84999768
7.53909159,2.64132700,20.00000291,3.19623327,21.84999879
7.54946852,2.63146077,20.00000206,3.18534556,21.84999818
7.56481886,2.63000061,20.02811060,3.17445829,21.84999802
7.57787275,2.62666077,20.05000233,3.16357362,21.84999847
7.58825397,2.61678270,20.05000176,3.15268929,21.84999721
7.59863091,2.60691029,20.05000090,3.14180773,21.84999848
7.60900450,2.59704451,20.05000227,3.13092644,21.84999822
7.62665462,2.58718205,20.05000202,3.12999972,21.88360994
7.63807583,2.57732542,20.05000085,3.12394527,21.90000045
7.64845324,2.56747465,20.05000255,3.11304199,21.89999973
7.65882730,2.55762881,20.05000180,3.10213900,21.89999985
7.66919804,2.54778781,20.05000146,3.09123914,21.90000041
7.67956591,2.53795139,20.05000089,3.08033980,21.89999876
7.68952227,2.53000026,20.05642275,3.06944205,21.90000036
7.70721006,2.53000041,20.09007857,3.05854604,21.90000019
7.71741915,2.52304709,20.09999972,3.04765324,21.90000015
7.72778702,2.51320341,20.10000067,3.03676141,21.89999861
7.73815155,2.50336529,20.10000110,3.02587065,21.89999982
7.74851274,2.49353118,20.10000021,3.01498241,21.89999940
7.75887060,2.48370226,20.10000129,3.00409547,21.89999928
7.76922512,2.47387751,20.10000061,2.99321167,21.89999946
7.77957582,2.46405798,20.10000011,2.98232983,21.90000027
7.78992319,2.45424458,20.09999954,2.97144856,21.89999958
7.80026722,2.44443525,20.09999951,2.96056977,21.89999923
7.81060696,2.43463098,20.10000003,2.94969440,21.89999924
7.82094431,2.42483170,20.10000010,2.93881914,21.89999959
7.83092356,2.41503764,20.10000110,2.93000016,21.90720428
7.85065937,2.40524574,20.10000062,2.92999984,21.94544197
7.86061668,2.39546056,20.10000002,2.92039788,21.94999842
7.87095499,2.38568044,20.09999978,2.90950213,21.94999965
7.88196325,2.38000004,20.11449368,2.89860898,21.94999894
7.90014410,2.38000025,20.14918691,2.88771757,21.94999858
7.91038036,2.37043306,20.15000196,2.87682849,21.94999880
7.92072010,2.36064108,20.15000183,2.86594139,21.94999969
7.93105602,2.35085461,20.15000209,2.85505573,21.94999875
7.94138861,2.34107210,20.15000096,2.84417322,21.94999868
7.95171785,2.33129396,20.15000238,2.83329308,21.94999848
7.96204329,2.32151894,20.15000265,2.82241677,21.94999897
7.97236633,2.31174915,20.15000072,2.81154072,21.94999783
7.98268509,2.30198516,20.15000137,2.80066728,21.94999973
7.99300146,2.29222352,20.15000056,2.78979646,21.94999941
8.00296879,2.28246733,20.15000079,2.77999978,21.95388090
8.03597450,2.28000038,20.17647340,2.77999955,21.99337398
8.05227089,2.27669665,20.20000039,2.77092923,22.00000018
8.06260490,2.26692363,20.20000026,2.76003577,22.00000097
8.07293320,2.25715406,20.20000166,2.74914706,21.99999983
8.08326054,2.24738757,20.20000131,2.73826046,21.99999910
8.09358311,2.23762607,20.20000133,2.72737578,21.99999899
8.10390282,2.22786851,20.20000018,2.71649413,21.99999963
8.11421871,2.21811684,20.20000171,2.70561461,22.00000095
8.12453175,2.20836723,20.20000185,2.69473743,22.00000002
8.13484097,2.19862202,20.20000066,2.68386373,22.00000002
8.14514828,2.18888125,20.19999992,2.67299109,22.00000060
8.15545082,2.17914387,20.20000029,2.66212324,21.99999885
8.16574955,2.16941210,20.20000139,2.65125681,22.00000065
8.17604542,2.15968314,20.20000101,2.64039336,22.00000034
8.18633938,2.14995799,20.20000173,2.62953216,22.00000092
8.19662857,2.14023730,20.20000126,2.61867414,21.99999999
8.20691586,2.13051957,20.20000111,2.60781765,21.99999896
8.22519970,2.13000040,20.23475696,2.59696621,21.99999916
8.23645401,2.12429160,20.25000233,2.58611662,21.99999976
8.24843407,2.11455428,20.25000190,2.57999998,22.01796573
8.26556873,2.10482105,20.25000151,2.57755596,22.04999918
8.27587032,2.09509101,20.25000317,2.56668373,22.05000011
8.28616810,2.08536516,20.25000106,2.55581332,22.04999977
8.29646397,2.07564220,20.25000184,2.54494534,22.04999919
8.30675507,2.06592388,20.25000190,2.53408108,22.04999996
8.31704426,2.05620699,20.25000319,2.52321956,22.04999840
8.32732868,2.04649676,20.25000285,2.51236062,22.04999814
8.33761120,2.03678738,20.25000138,2.50150498,22.04999793
8.34809399,2.03000055,20.26133071,2.49065272,22.04999858
8.36775398,2.03000037,20.29912454,2.47980322,22.04999959
8.37793922,2.02049697,20.30000180,2.46895565,22.04999931
8.38822460,2.01076934,20.30000116,2.45811177,22.04999950
8.39850712,2.00104742,20.30000100,2.44726992,22.04999806
8.40878487,1.99132857,20.30000231,2.43643205,22.04999971
8.42063618,1.98161167,20.30000256,2.43000002,22.06734973
8.43807983,1.97189680,20.30000186,2.42741989,22.09999768
8.44836426,1.96218736,20.30000178,2.41655921,22.09999895
8.45864773,1.95247984,20.30000082,2.40570081,22.09999860
8.46892548,1.94277769,20.30000118,2.39484633,22.09999916
8.47920227,1.93307648,20.30000224,2.38399473,22.09999945
8.48947525,1.92337952,20.30000233,2.37314598,22.09999823
8.49974442,1.91368621,20.30000178,2.36230005,22.09999845
8.51001167,1.90399410,20.30000224,2.35145895,22.09999816
8.52027512,1.89430543,20.30000168,2.34062059,22.09999881
8.53053474,1.88462112,20.30000248,2.32978452,22.09999803
8.54338264,1.88000058,20.32053163,2.31895287,22.09999908
8.55954266,1.87755858,20.35000070,2.30812296,22.09999902
8.56980991,1.86784958,20.35000097,2.29729720,22.09999714
8.58007431,1.85814407,20.34999949,2.28647302,22.09999839
8.59033585,1.84844068,20.35000000,2.27565391,22.09999768
8.60059452,1.83874066,20.35000137,2.26483685,22.09999753
8.61084938,1.82904353,20.34999960,2.25402409,22.09999817
8.62110233,1.81934797,20.35000106,2.24321434,22.09999851
8.63135147,1.80965539,20.34999981,2.23240840,22.09999779
8.64979553,1.79996592,20.35000133,2.22999966,22.13484473
8.66113281,1.79027878,20.35000038,2.22281976,22.15000009
8.67138958,1.78059304,20.35000031,2.21199203,22.15000043
8.68164349,1.77091051,20.34999951,2.20116767,22.14999920
8.69189453,1.76123122,20.34999961,2.19034526,22.14999856
8.70214176,1.75155424,20.35000102,2.17952721,22.14999817
8.71238613,1.74187931,20.34999974,2.16871259,22.14999911
8.72262859,1.73220751,20.35000163,2.15790074,22.14999989
8.73286724,1.72253698,20.35000057,2.14709290,22.14999902
8.74310398,1.71287020,20.35000048,2.13628736,22.14999873
8.75333691,1.70320522,20.35000173,2.12548557,22.14999871
8.76356697,1.69354297,20.35000177,2.11468733,22.14999913
8.77379513,1.68388252,20.35000113,2.10389179,22.15000040
8.78820705,1.68000062,20.37480952,2.09309796,22.15000014
8.80276871,1.67617785,20.40000247,2.08230728,22.14999822
8.81300354,1.66649509,20.40000256,2.07152011,22.14999867
8.82323647,1.65681608,20.40000151,2.06073427,22.15000039
8.83346558,1.64714079,20.40000147,2.04995025,22.15000036
8.84369183,1.63746927,20.40000070,2.03917014,22.14999888
8.85374546,1.62780094,20.40000284,2.02999987,22.15702525
8.87587929,1.61813491,20.40000189,2.02902971,22.19999759
8.88611317,1.60847408,20.40000191,2.01822300,22.19999853
8.89634323,1.59881628,20.40000271,2.00741975,22.19999940
8.90657139,1.58916273,20.40000246,1.99661736,22.19999916
8.91679668,1.57951264,20.40000271,1.98581714,22.19999913
8.92701912,1.56986666,20.40000191,1.97501767,22.19999798
8.93723774,1.56022623,20.40000238,1.96422073,22.19999815
8.94745445,1.55058899,20.40000081,1.95342433,22.19999870
8.95766830,1.54095639,20.40000273,1.94262997,22.19999746
8.96787930,1.53132900,20.40000069,1.93183522,22.19999796
8.97808647,1.52170648,20.40000209,1.92104351,22.19999911
8.98829174,1.51208662,20.40000174,1.91025297,22.19999801
8.99849319,1.50247345,20.40000234,1.89946260,22.19999855
9.00869274,1.49286330,20.40000155,1.88867362,22.19999742
9.01902580,1.48326056,20.40000123,1.87999977,22.20964146
9.05380344,1.48000059,20.42900224,1.87802725,22.24999942
9.06696033,1.47496408,20.45000166,1.86720720,22.24999861
9.07718086,1.46534358,20.45000079,1.85638662,22.24999900
9.08739758,1.45572810,20.45000130,1.84556797,22.25000069
9.09761238,1.44611709,20.45000014,1.83474884,22.25000097
9.10782433,1.43651355,20.45000139,1.82392960,22.24999959
9.11803341,1.42691367,20.45000114,1.81311117,22.24999903
9.12823868,1.41732122,20.45000176,1.80229198,22.25000025
9.13844204,1.40773528,20.45000050,1.79147277,22.25000029
9.14864159,1.39815329,20.44999982,1.78065432,22.25000051
9.15883923,1.38857840,20.45000198,1.76983536,22.24999961
9.16903305,1.37900994,20.45000024,1.75901547,22.25000048
9.17922401,1.36944850,20.45000096,1.74819490,22.24999964
9.18941212,1.35989299,20.45000039,1.73737437,22.25000037
9.20122528,1.35034329,20.45000008,1.72999997,22.26648623
9.21926975,1.34080129,20.45000010,1.72614600,22.29999809
9.22946644,1.33126662,20.45000063,1.71528851,22.29999946
9.25033569,1.33000038,20.48993975,1.70442888,22.29999971
9.26079369,1.32252490,20.50000232,1.69356939,22.29999911
9.27099895,1.31297452,20.50000205,1.68270817,22.29999930
9.28120232,1.30343106,20.50000171,1.67184527,22.29999794
9.29140186,1.29389604,20.50000222,1.66098073,22.29999845
9.30159855,1.28436848,20.50000271,1.65011524,22.29999975
9.31179237,1.27484764,20.50000183,1.63924768,22.29999797
9.32198334,1.26533556,20.50000321,1.62837895,22.29999947
9.33217144,1.25582984,20.50000273,1.61750834,22.29999979
9.34235573,1.24633253,20.50000278,1.60663742,22.29999894
9.35253620,1.23684397,20.50000307,1.59576356,22.29999958
9.36271477,1.22736277,20.50000336,1.58488836,22.29999860
9.37946701,1.21788894,20.50000166,1.57999979,22.33026913
9.39231968,1.20842572,20.50000267,1.57298455,22.34999866
9.40250874,1.19896974,20.50000169,1.56206284,22.34999728
9.41269398,1.18952332,20.50000281,1.55113873,22.34999936
9.42287540,1.18008485,20.50000279,1.54021360,22.34999815
9.44759655,1.18000016,20.54820151,1.52928318,22.34999836
9.45765877,1.17088818,20.55000190,1.51835192,22.34999728
9.46785259,1.16143613,20.55000159,1.50741669,22.34999913
9.47804165,1.15199436,20.55000255,1.49647915,22.34999866
9.48822975,1.14256034,20.55000100,1.48553816,22.34999910
9.49841309,1.13313643,20.55000175,1.47459475,22.34999805
9.50859356,1.12372263,20.55000027,1.46364676,22.34999860
9.51877117,1.11431943,20.55000140,1.45269521,22.34999830
9.52894592,1.10492390,20.55000259,1.44174143,22.34999874
9.53911686,1.09553982,20.55000210,1.43078404,22.34999882
9.54928493,1.08616534,20.55000138,1.41982242,22.34999750
9.55944920,1.07680348,20.55000263,1.40885619,22.34999739
9.56961060,1.06744956,20.55000141,1.39788679,22.34999812
9.57976818,1.05810736,20.55000091,1.38691372,22.34999848
9.59358406,1.04877518,20.55000035,1.37999987,22.37235077
9.60939026,1.03945594,20.55000230,1.37399800,22.39999972
9.61956120,1.03014713,20.55000140,1.36296427,22.39999990
9.62972832,1.02084949,20.55000099,1.35192761,22.39999896
9.63989258,1.01156288,20.55000084,1.34088647,22.39999953
9.65005302,1.00229030,20.55000199,1.32983785,22.39999862
9.66020966,0.99302770,20.55000122,1.31878602,22.39999899
9.67036343,0.98377809,20.55000127,1.30772956,22.39999890
9.68770885,0.98000032,20.58135663,1.29666618,22.39999911
9.70035648,0.97397254,20.59999991,1.28559695,22.39999897
9.71052361,0.96470924,20.60000041,1.27452500,22.39999956
9.72068882,0.95545981,20.60000139,1.26344488,22.40000007
9.73085022,0.94622119,20.59999948,1.25236054,22.39999846
9.74100780,0.93699634,20.59999950,1.24126981,22.40000053
9.75116253,0.92778378,20.60000009,1.23017398,22.39999901
9.77686596,0.91858633,20.59999999,1.22741635,22.44999801
9.78703976,0.90940067,20.60000062,1.21625542,22.44999804
9.79720974,0.90022906,20.60000127,1.20508593,22.44999747
9.80737686,0.89106950,20.59999963,1.19391176,22.44999758
9.81754112,0.88192553,20.60000178,1.18272817,22.44999856
9.82770061,0.87279439,20.59999956,1.17153901,22.44999847
9.83785725,0.86367910,20.59999989,1.16034092,22.44999767
9.84801006,0.85457794,20.60000017,1.14913634,22.44999771
9.85816002,0.84548970,20.60000046,1.13792591,22.44999854
9.86830521,0.83641847,20.60000082,1.12670631,22.44999869
9.88053989,0.83000019,20.61695277,1.11548068,22.44999947
9.89872551,0.82604612,20.65000179,1.10424720,22.44999934
9.90888977,0.81696021,20.65000161,1.09300354,22.44999798
9.91905022,0.80788976,20.65000202,1.08175358,22.44999785
9.94485283,0.79883274,20.65000246,1.07804168,22.49999866
9.95503712,0.78979187,20.65000199,1.06671431,22.49999869
9.96521854,0.78076480,20.65000165,1.05537846,22.49999939
9.97539616,0.77175617,20.65000149,1.04403156,22.49999941
9.98557091,0.76276242,20.65000264,1.03267719,22.50000095
9.99574089,0.75378514,20.65000233,1.02131317,22.49999960
10.00590897,0.74482138,20.65000057,1.00994072,22.49999909
10.01607323,0.73587706,20.65000202,0.99855808,22.50000070
10.02623367,0.72694882,20.65000160,0.98716367,22.49999880
10.03639126,0.71803544,20.65000087,0.97576228,22.49999864
10.04654503,0.70914086,20.65000111,0.96435031,22.50000044
10.05669403,0.70026336,20.65000279,0.95292907,22.49999883
10.06684017,0.69140311,20.65000081,0.94149640,22.49999894
10.07698345,0.68256042,20.65000063,0.93005348,22.49999876
10.10290051,0.67373473,20.65000253,0.92521953,22.54999891
10.11307049,0.66492812,20.65000152,0.91368609,22.54999976
10.12323856,0.65613984,20.65000181,0.90213880,22.54999982
10.13340282,0.64736798,20.65000244,0.89058152,22.54999965
10.14356422,0.63861658,20.65000254,0.87901098,22.54999914
10.15367222,0.63000022,20.65093955,0.86743204,22.54999974
10.17921638,0.62734358,20.70000073,0.85583975,22.54999839
10.18940449,0.61857099,20.69999983,0.84423463,22.54999822
10.19959068,0.60981751,20.70000209,0.83261720,22.54999855
10.20977211,0.60108328,20.70000193,0.82098820,22.54999797
10.21995068,0.59236731,20.70000221,0.80934677,22.54999957
10.23012638,0.58366955,20.70000122,0.79769234,22.54999879
10.24029922,0.57499047,20.70000032,0.78602586,22.54999950
10.25046825,0.56633142,20.70000064,0.77434804,22.54999778
10.26063442,0.55769158,20.70000159,0.76265490,22.54999809
10.27079773,0.54907171,20.70000083,0.75094736,22.54999791
10.28095818,0.54047019,20.70000217,0.73922889,22.54999791
10.29577160,0.53188873,20.70000013,0.72999992,22.57367677
10.31160641,0.52332923,20.70000091,0.72095124,22.59999763
10.32179928,0.51478861,20.70000149,0.70910485,22.59999798
10.33199120,0.50626800,20.70000182,0.69724303,22.59999846
10.34217930,0.49776758,20.70000151,0.68536594,22.59999844
10.35236359,0.48928928,20.70000066,0.67347548,22.59999780
10.36254692,0.48083104,20.70000171,0.66156761,22.59999901
10.37272739,0.47239362,20.70000098,0.64964505,22.59999812
10.38290405,0.46397661,20.70000011,0.63770746,22.59999866
10.39307785,0.45558256,20.69999995,0.62575513,22.59999708
10.40324879,0.44720925,20.70000223,0.61378627,22.59999928
10.41341782,0.43885629,20.70000012,0.60180042,22.59999855
10.42358398,0.43052756,20.70000151,0.58979741,22.59999782
10.46277332,0.42631375,20.75000296,0.57999996,22.62711308
10.47753334,0.41792858,20.75000220,0.56973940,22.64999929
10.48779106,0.40956309,20.75000301,0.55758896,22.64999989
10.49804783,0.40121970,20.75000276,0.54541931,22.65000001
10.50830173,0.39289936,20.75000158,0.53323143,22.64999956
10.51855469,0.38459894,20.75000217,0.52102553,22.64999821
10.52880669,0.37632078,20.75000209,0.50880062,22.64999843
10.53905582,0.36806443,20.75000210,0.49655788,22.64999809
10.54930401,0.35983060,20.75000168,0.48429621,22.64999909
10.55955124,0.35161713,20.75000211,0.47201505,22.64999985
10.56979656,0.34342605,20.75000187,0.45971456,22.64999871
10.58004093,0.33525815,20.75000313,0.44739379,22.65000020
10.59028435,0.32711115,20.75000219,0.43505398,22.64999994
10.61681271,0.31898663,20.75000257,0.42542564,22.69999781
10.62711048,0.31088481,20.75000146,0.41293290,22.69999905
10.63740730,0.30280708,20.75000180,0.40041716,22.69999935
10.64770222,0.29474922,20.75000167,0.38788369,22.69999806
10.65799713,0.28671641,20.75000284,0.37532812,22.69999731
10.66829205,0.27870524,20.75000109,0.36274907,22.69999753
10.67858696,0.27071765,20.75000214,0.35014624,22.69999887
10.68888187,0.26275157,20.75000118,0.33752323,22.69999885
10.69917583,0.25481092,20.75000220,0.32487612,22.69999867
10.70946980,0.24689021,20.75000159,0.31220891,22.69999916
10.71976471,0.23899451,20.75000183,0.29951510,22.69999788
10.73005962,0.23112073,20.75000126,0.28679914,22.69999752
10.78086281,0.22457382,20.80000156,0.27536203,22.74999940
10.79128361,0.21662069,20.80000137,0.26247236,22.74999950
10.80170727,0.20869001,20.80000251,0.24955677,22.74999914
10.81213188,0.20078092,20.80000134,0.23661620,22.74999916
10.82255745,0.19289471,20.80000177,0.22365174,22.75000086
10.83298588,0.18503060,20.80000149,0.21065862,22.74999919
10.84341621,0.17718578,20.80000193,0.19764146,22.74999963
10.85384941,0.16936354,20.80000062,0.18459769,22.74999982
10.86428356,0.16156411,20.80000172,0.17152923,22.75000068
10.87472153,0.15378367,20.80000148,0.15843396,22.75000078
10.88516140,0.14602668,20.80000196,0.14531048,22.74999940
10.89560318,0.13828836,20.80000203,0.13216515,22.74999971
10.92275524,0.13057246,20.80000265,0.11869322,22.79999911
10.93327236,0.12287607,20.80000123,0.10535577,22.80000026
10.94379425,0.11520124,20.80000134,0.09198610,22.79999846
10.95432091,0.10754560,20.80000167,0.07858927,22.79999960
10.96485043,0.09991092,20.80000194,0.06516497,22.79999791
10.97538280,0.09229633,20.80000078,0.05171391,22.79999934
10.98592091,0.08469993,20.80000239,0.03823409,22.79999981
10.99646282,0.07712442,20.80000243,0.02472593,22.79999986
11.00700951,0.06956798,20.80000121,0.01118931,22.79999906
11.01756096,0.06203299,20.80000183,-0.00237750,22.80000017
11.02811718,0.05451528,20.80000148,-0.01597314,22.79999998
11.05564308,0.04701649,20.80000137,-0.03151149,22.84999930
11.06628609,0.03953583,20.80000058,-0.04531731,22.84999810
11.07693481,0.03207631,20.80000237,-0.05915593,22.84999717
11.08759117,0.02463292,20.80000243,-0.07302504,22.84999936
11.09825420,0.01720741,20.80000234,-0.08692478,22.84999844
11.10892391,0.00979961,20.80000090,-0.10085583,22.84999757
11.11959839,0.00241186,20.80000138,-0.11481818,22.84999924
11.13028145,-0.00496015,20.80000259,-0.12881213,22.84999765
11.14097214,-0.01231456,20.80000058,-0.14283874,22.84999756
11.16886616,-0.02300156,20.85000064,-0.15689483,22.84999886
11.17965412,-0.03048815,20.85000067,-0.17098324,22.84999876
11.19045067,-0.03795919,20.85000077,-0.18510577,22.84999792
11.20125580,-0.04541669,20.84999994,-0.19925904,22.84999758
11.21207047,-0.05286123,20.85000123,-0.21344368,22.84999798
11.24020958,-0.06028977,20.84999948,-0.23184578,22.89999917
11.25112724,-0.06770504,20.85000122,-0.24626593,22.89999810
11.26205635,-0.07510685,20.85000080,-0.26072362,22.89999829
11.27299595,-0.08249580,20.85000043,-0.27521375,22.89999995
11.28394699,-0.08987252,20.85000106,-0.28973880,22.90000032
11.29490757,-0.09723510,20.85000028,-0.30429764,22.89999924
11.30588150,-0.10458747,20.85000056,-0.31889244,22.89999889
11.31686687,-0.11192723,20.85000028,-0.33352351,22.89999913
11.32786465,-0.11925699,20.85000121,-0.34818953,22.89999950
11.33887386,-0.12657473,20.85000102,-0.36288905,22.89999964
11.36752415,-0.13388094,20.85000125,-0.38357399,22.94999891
11.37865067,-0.14117802,20.85000044,-0.39852955,22.94999816
11.38979053,-0.14846517,20.84999989,-0.41352311,22.94999861
11.40094471,-0.15574015,20.85000135,-0.42855662,22.94999838
11.41211414,-0.16300768,20.85000067,-0.44362780,22.94999881
11.42329979,-0.17026536,20.85000076,-0.45874034,22.94999879
11.43449974,-0.17751640,20.85000123,-0.47388983,22.94999870
11.44571590,-0.18475668,20.85000008,-0.48908091,22.94999749
11.45694733,-0.19199009,20.84999967,-0.50431174,22.94999738
11.48613644,-0.19921752,20.84999983,-0.52720985,23.00000089
11.49749851,-0.20643661,20.85000153,-0.54271520,22.99999971
11.50887680,-0.21364796,20.85000163,-0.55826064,22.99999999
11.52027512,-0.22085353,20.85000081,-0.57385218,22.99999910
11.53169346,-0.22805294,20.84999968,-0.58948834,22.99999937
11.54312897,-0.23524636,20.85000180,-0.60516672,22.99999980
11.55458450,-0.24243513,20.85000105,-0.62088815,23.00000082
11.56605911,-0.24961678,20.84999963,-0.63665656,23.00000089
11.57755566,-0.25679486,20.84999988,-0.65247152,22.99999965
11.58907318,-0.26397006,20.85000001,-0.66833096,23.00000073
11.60061169,-0.27114055,20.85000180,-0.68423669,22.99999951
11.61217117,-0.27830622,20.85000150,-0.70018999,22.99999871
11.62375450,-0.28547017,20.85000071,-0.71619313,23.00000027
11.65382767,-0.29263142,20.84999958,-0.74246590,23.04999920
11.66556072,-0.29979051,20.85000048,-0.75877231,23.04999786
11.67731762,-0.30694883,20.85000173,-0.77512786,23.04999968
11.68909931,-0.31410423,20.85000040,-0.79153754,23.04999976
11.70063496,-0.31999997,20.84431142,-0.80799865,23.04999847
11.71847153,-0.31999997,20.81269029,-0.82451187,23.04999820
11.73058701,-0.32407900,20.80000093,-0.84107678,23.04999805
11.74236774,-0.33101895,20.80000174,-0.85769776,23.04999934
11.75417519,-0.33795782,20.80000117,-0.87437266,23.04999891
11.76601028,-0.34489738,20.80000180,-0.89110357,23.04999933
11.77787304,-0.35183656,20.80000178,-0.90789054,23.05000014
11.80878448,-0.35877786,20.80000231,-0.93731053,23.09999775
11.82081699,-0.36572027,20.80000210,-0.95443479,23.09999815
11.83288002,-0.37266375,20.80000229,-0.97161727,23.09999737
11.84497452,-0.37960976,20.80000134,-0.98885914,23.09999795
11.85710144,-0.38655901,20.80000108,-1.00616353,23.09999862
11.86926079,-0.39351146,20.80000199,-1.02353070,23.09999878
11.88145351,-0.40046798,20.80000129,-1.04095859,23.09999822
11.89368057,-0.40742780,20.80000167,-1.05845369,23.09999755
11.90594006,-0.41439162,20.80000150,-1.07600905,23.09999867
11.91823673,-0.42136143,20.80000039,-1.09363205,23.09999950
11.93056965,-0.42833775,20.80000211,-1.11132236,23.09999802
11.96252918,-0.43531848,20.80000106,-1.14416129,23.14999971
11.97505379,-0.44230615,20.80000052,-1.16222165,23.14999873
11.98761749,-0.44930179,20.80000213,-1.18035381,23.14999889
12.00022125,-0.45630502,20.80000173,-1.19855754,23.15000038
12.01286221,-0.46331494,20.80000025,-1.21683106,23.14999855
12.02539062,-0.47000046,20.79897505,-1.23518131,23.15000046
12.03945923,-0.47000023,20.77771120,-1.25360581,23.14999900
12.05333138,-0.47000047,20.75703722,-1.27210787,23.14999985
12.06536674,-0.47444592,20.75000242,-1.29068267,23.14999882
12.07809925,-0.48125772,20.75000262,-1.30933601,23.14999918
12.09087849,-0.48808045,20.75000320,-1.32807231,23.15000031
12.10370255,-0.49491209,20.75000112,-1.34688773,23.14999860
12.11657238,-0.50175711,20.75000239,-1.36578225,23.14999899
12.14990139,-0.50861055,20.75000277,-1.40301280,23.19999768
12.16299438,-0.51547833,20.75000256,-1.42233106,23.19999862
12.17613602,-0.52235776,20.75000233,-1.44173560,23.19999937
12.18932724,-0.52925126,20.75000167,-1.46122315,23.19999812
12.20256901,-0.53615532,20.75000179,-1.48080353,23.19999819
12.21586609,-0.54307650,20.75000161,-1.50047632,23.19999786
12.22921658,-0.55001293,20.75000276,-1.52024055,23.19999770
12.24261951,-0.55696243,20.75000193,-1.54009638,23.19999794
12.25607967,-0.56392913,20.75000288,-1.56005058,23.19999785
12.27165794,-0.57000013,20.74778825,-1.56999908,23.17548872
12.29329014,-0.57000013,20.73104155,-1.57938040,23.15000021
12.30620003,-0.57000048,20.71468191,-1.59935537,23.14999964
12.31886292,-0.57055949,20.69999990,-1.61943007,23.14999958
12.33233929,-0.57734130,20.70000203,-1.63960194,23.14999864
12.34587765,-0.58413896,20.69999997,-1.65988078,23.14999870
12.35947800,-0.59095895,20.70000181,-1.68026126,23.14999831
12.37314034,-0.59779502,20.70000047,-1.70074922,23.15000050
12.38627625,-0.60465256,20.70000195,-1.71999895,23.14705535
12.40895271,-0.61152929,20.70000152,-1.71999932,23.10222778
12.42219830,-0.61842754,20.70000075,-1.73949787,23.09999734
12.43465900,-0.62000071,20.68869662,-1.76013586,23.09999743
12.45386124,-0.62000004,20.67432598,-1.76999947,23.07725208
12.47486401,-0.62000032,20.66025410,-1.77753134,23.04999972
12.48718929,-0.62172957,20.65000086,-1.79821962,23.04999953
12.50095081,-0.62844895,20.65000142,-1.81902360,23.04999856
12.52118492,-0.63519270,20.65000235,-1.81999882,23.01027259
12.54193974,-0.64195890,20.65000190,-1.81999954,22.96931854
12.55498600,-0.64874855,20.65000153,-1.83074772,22.94999898
12.56873417,-0.65556434,20.65000269,-1.85142731,22.94999847
12.58161545,-0.66240417,20.65000056,-1.86999904,22.94576203
12.60154629,-0.66927473,20.65000071,-1.86999932,22.90649704
12.61426258,-0.66999988,20.63853622,-1.88727858,22.89999879
12.62644482,-0.67000064,20.62595116,-1.90814043,22.89999845
12.64207840,-0.67000005,20.61359620,-1.91999940,22.88342069
12.66699886,-0.67000098,20.60146917,-1.91999984,22.84570779
12.68650723,-0.67588188,20.60000026,-1.91999943,22.80860566
12.69860649,-0.68260937,20.59999972,-1.93588761,22.79999834
12.71241951,-0.68936789,20.59999978,-1.95675504,22.79999942
12.72444344,-0.69615871,20.60000127,-1.96999875,22.78669493
12.74262810,-0.70297841,20.60000012,-1.96999865,22.75097195
12.76054001,-0.70983306,20.59999961,-1.96999916,22.71581082
12.77818489,-0.71672197,20.60000090,-1.96999954,22.68119846
12.79694557,-0.72000067,20.59401878,-1.97175288,22.64999964
12.80871201,-0.72000025,20.58277756,-1.99242904,22.65000000
12.82049370,-0.72000078,20.57172653,-2.01324039,22.65000031
12.83754730,-0.72000044,20.56085441,-2.01999960,22.62744311
12.85935593,-0.72000018,20.55015856,-2.01999938,22.59452133
12.87598991,-0.72666359,20.55000132,-2.01999976,22.56208397
12.89232922,-0.73346619,20.55000162,-2.01999861,22.53012227
12.90787983,-0.74030492,20.55000055,-2.02090016,22.50000053
12.92162609,-0.74718562,20.55000129,-2.04151351,22.50000090
12.93546581,-0.75410534,20.55000192,-2.06227215,22.50000028
12.94764519,-0.76106519,20.55000055,-2.06999946,22.48056726
12.96330261,-0.76807054,20.55000087,-2.06999931,22.45004717
12.98206711,-0.77000061,20.54261390,-2.06999858,22.41995358
12.99745369,-0.77000105,20.53255736,-2.07680605,22.40000032
13.00896072,-0.77000052,20.52264538,-2.09757787,22.40000028
13.02050781,-0.77000068,20.51287584,-2.11850247,22.39999943
13.03889847,-0.77000054,20.50324579,-2.11999939,22.37287852
13.05805683,-0.77000033,20.49375196,-2.11999974,22.34405624
13.07696152,-0.77000117,20.48439070,-2.11999888,22.31560718
13.09561443,-0.77000033,20.47515589,-2.11999974,22.28753735
13.11402225,-0.77000099,20.46605009,-2.12000001,22.25982746
13.12554932,-0.77000105,20.45706314,-2.13332436,22.24999973
13.13722897,-0.77138567,20.44999989,-2.15420615,22.24999934
13.14902496,-0.77819193,20.45000168,-2.16999946,22.24323119
13.16294479,-0.78504661,20.45000129,-2.16999986,22.21624825
13.17670822,-0.79195289,20.45000138,-2.16999967,22.18960238
13.19032097,-0.79891280,20.45000150,-2.16999908,22.16328170
13.20122433,-0.80592621,20.45000036,-2.18027978,22.14999980
13.21529770,-0.81299577,20.45000063,-2.20135757,22.14999880
13.22822762,-0.82000072,20.44985463,-2.21999987,22.14683574
13.24537849,-0.82000051,20.44123636,-2.21999886,22.12115208
13.26232529,-0.82000002,20.43272244,-2.21999942,22.09577153
13.27907467,-0.82000015,20.42430705,-2.21999891,22.07068867
13.29368496,-0.82000095,20.41598984,-2.22352174,22.04999975
13.30509949,-0.82000148,20.40777156,-2.24482103,22.05000011
13.31658363,-0.82000148,20.39964418,-2.26630333,22.05000007
13.33087635,-0.82000012,20.39160571,-2.26999900,22.02969359
13.34696960,-0.82000112,20.38366264,-2.26999936,22.00544899
13.36289120,-0.82000085,20.37580196,-2.26999846,21.98146648
13.37863445,-0.82000092,20.36802980,-2.26999944,21.95775292
13.38921547,-0.82000081,20.36033760,-2.28446488,21.94999864
13.40073013,-0.82000067,20.35272506,-2.30620099,21.94999969
13.41151142,-0.82451644,20.35000122,-2.31999952,21.94134311
13.42366314,-0.83163489,20.35000013,-2.31999972,21.91810695
13.43570900,-0.83882562,20.35000047,-2.31999954,21.89511352
13.44765186,-0.84608481,20.35000040,-2.31999895,21.87235672
13.45944118,-0.85341616,20.35000049,-2.32015262,21.84999815
13.47415066,-0.86082150,20.35000116,-2.34216652,21.84999902
13.48900223,-0.86830195,20.34999954,-2.36438929,21.84999827
13.50084305,-0.87000161,20.34418347,-2.36999970,21.83329028
13.51562214,-0.87000154,20.33673359,-2.36999847,21.81118138
13.53025818,-0.87000041,20.32935356,-2.36999910,21.78928900
13.54475498,-0.87000114,20.32203840,-2.36999884,21.76761129
13.55734634,-0.87000086,20.31479140,-2.37404109,21.75000083
13.56917572,-0.87000110,20.30760884,-2.39658197,21.75000079
13.58110523,-0.87000165,20.30048847,-2.41935388,21.75000018
13.59499741,-0.87000011,20.29342848,-2.41999822,21.72928317
13.60905647,-0.86999997,20.28642892,-2.41999956,21.70816551
13.62298965,-0.87000053,20.27948812,-2.41999868,21.68723988
13.63679600,-0.87000099,20.27260524,-2.41999938,21.66650945
13.64868259,-0.87000073,20.26577914,-2.42453307,21.64999998
13.66073704,-0.87000169,20.25901021,-2.44767174,21.64999972
13.67253590,-0.87000022,20.25229135,-2.46999826,21.64907153
13.68417645,-0.87506141,20.25000232,-2.46999899,21.62863679
13.69502449,-0.88283451,20.25000163,-2.46999876,21.60838088
13.70581055,-0.89070363,20.25000253,-2.46999963,21.58829512
13.71653366,-0.89866822,20.25000112,-2.46999998,21.56838364
13.72692585,-0.90672831,20.25000172,-2.47163584,21.54999943
13.74291992,-0.91489302,20.25000226,-2.49545849,21.54999880
13.75758266,-0.92000083,20.24743401,-2.51956329,21.54999921
13.77059841,-0.91999989,20.24071357,-2.51999947,21.53069024
13.78368759,-0.92000102,20.23404437,-2.51999923,21.51118273
13.79667473,-0.92000131,20.22742273,-2.51999825,21.49182838
13.80956078,-0.92000116,20.22084924,-2.51999843,21.47263082
13.82234955,-0.92000138,20.21432194,-2.51999792,21.45358084
13.83504009,-0.92000091,20.20783992,-2.51999979,21.43468122
13.84763718,-0.92000024,20.20140349,-2.51999943,21.41592374
13.85893822,-0.92000139,20.19501148,-2.52358359,21.39999952
13.87177658,-0.92000115,20.18866263,-2.54846295,21.39999969
13.88344669,-0.92000049,20.18235621,-2.56999906,21.39730552
13.89587021,-0.92000160,20.17609173,-2.56999861,21.37872408
13.90820408,-0.92000002,20.16986929,-2.56999795,21.36027782
13.92045116,-0.92000130,20.16368799,-2.56999793,21.34196479
13.93261242,-0.92000087,20.15754657,-2.56999810,21.32378385
13.94469166,-0.92000132,20.15144329,-2.56999848,21.30572828
13.95529556,-0.92000149,20.14537714,-2.58762272,21.29999936
13.96872330,-0.92000001,20.13934800,-2.61379475,21.30000012
13.97908783,-0.92000067,20.13335816,-2.61999844,21.28621108
13.99102592,-0.92000058,20.12740305,-2.61999815,21.26829077
14.00288486,-0.92000160,20.12148419,-2.61999878,21.25049178
14.01467133,-0.92000157,20.11559796,-2.61999938,21.23280540
14.02638149,-0.92000000,20.10974650,-2.61999914,21.21523529
14.03704834,-0.92000000,20.10393012,-2.62344671,21.19999868
14.05099392,-0.92000193,20.09814715,-2.65073028,21.19999966
14.06210232,-0.92000161,20.09239599,-2.66999979,21.19469437
14.07369614,-0.92000014,20.08667520,-2.66999950,21.17722747
14.08521748,-0.92000171,20.08098903,-2.66999885,21.15987136
14.09667301,-0.92000049,20.07533053,-2.66999927,21.14261857
14.10806084,-0.92000167,20.06970257,-2.66999882,21.12546946
14.11938286,-0.92000162,20.06410436,-2.66999966,21.10842440
14.13064098,-0.92000172,20.05853451,-2.66999789,21.09147797
14.14183617,-0.92000150,20.05299110,-2.66999973,21.07463159
14.15194607,-0.92437280,20.05000083,-2.66999840,21.05788033
14.16506577,-0.93403197,20.05000042,-2.68536759,21.04999926
14.18473053,-0.94386107,20.05000109,-2.71486888,21.05000017
14.19500065,-0.95386441,20.05000040,-2.71999790,21.03611129
14.20477676,-0.96404567,20.05000042,-2.71999925,21.01942069
14.21473694,-0.97000100,20.04759265,-2.71999894,21.00281969
14.22582531,-0.97000160,20.04192415,-2.71999966,20.98631086
14.23686123,-0.97000007,20.03627838,-2.71999981,20.96988550
14.24783707,-0.97000116,20.03066201,-2.71999970,20.95354895
14.26085281,-0.97000163,20.02506889,-2.74437218,20.94999955
14.27438164,-0.97000093,20.01949837,-2.76999879,20.94688681
14.28534889,-0.97000025,20.01395194,-2.76999954,20.93049849
14.29626369,-0.97000196,20.00842916,-2.76999829,20.91419157
14.30712509,-0.97000144,20.00292899,-2.76999981,20.89796918
14.31793880,-0.97000145,19.99744974,-2.76999838,20.88182068
14.32869911,-0.97000039,19.99199311,-2.76999929,20.86575607
14.33941269,-0.97000101,19.98655748,-2.76999891,20.84976577
14.35007668,-0.97000048,19.98114402,-2.76999830,20.83384989
14.36069584,-0.97000020,19.97574817,-2.76999940,20.81800833
14.37126637,-0.97000169,19.97037504,-2.76999887,20.80224106
14.38648701,-0.97000147,19.96502026,-2.79947789,20.79999958
14.39834309,-0.97000037,19.95968299,-2.81999916,20.79345392
14.40892220,-0.97000034,19.95436556,-2.81999800,20.77761391
14.41945648,-0.97000104,19.94906552,-2.81999955,20.76184394
14.42994881,-0.97000198,19.94378328,-2.81999889,20.74614190
14.44039917,-0.96999993,19.93851756,-2.81999875,20.73050757
14.45080662,-0.97000019,19.93326943,-2.81999965,20.71494020
14.46117496,-0.97000085,19.92803694,-2.81999802,20.69943720
14.47150326,-0.97000086,19.92281927,-2.81999866,20.68399800
14.48179245,-0.97000089,19.91761669,-2.81999783,20.66862075
14.49204159,-0.97000026,19.91243153,-2.81999773,20.65330831
14.50774288,-0.97000127,19.90725933,-2.85023221,20.64999984
14.51952171,-0.97000122,19.90210015,-2.86999990,20.64234333
14.52979755,-0.97000146,19.89695482,-2.86999879,20.62693749
14.54003525,-0.97000125,19.89182585,-2.86999804,20.61159136
14.55023670,-0.97000071,19.88670947,-2.86999913,20.59630401
14.56040478,-0.97000118,19.88160500,-2.86999999,20.58107286
14.57054043,-0.97000004,19.87651132,-2.86999828,20.56589590
14.58064079,-0.97000054,19.87143057,-2.86999776,20.55077500
14.59070873,-0.96999987,19.86636083,-2.86999806,20.53570965
14.60074329,-0.97000017,19.86130303,-2.86999794,20.52069754
14.61074924,-0.97000052,19.85625370,-2.86999891,20.50573601
14.62539959,-0.97000015,19.85121580,-2.89724782,20.50000073
14.64306927,-0.98150820,19.84999978,-2.91999772,20.49254026
14.65389824,-0.99706895,19.84999991,-2.91999885,20.47747582
14.66488457,-1.01310709,19.85000009,-2.91999781,20.46245721
14.67452812,-1.02000145,19.84695623,-2.91999901,20.44748909
14.68461227,-1.02000151,19.84170744,-2.91999923,20.43256912
14.69466877,-1.02000050,19.83646894,-2.91999886,20.41769522
14.70469666,-1.02000126,19.83123936,-2.91999783,20.40286778
14.71469879,-1.02000209,19.82601793,-2.91999768,20.38808551
14.72467518,-1.02000129,19.82080309,-2.91999907,20.37334779
14.73462486,-1.02000051,19.81559656,-2.91999923,20.35865524
14.74734783,-1.02000091,19.81039610,-2.94134232,20.34999880
14.76288319,-1.02000181,19.80520103,-2.96999844,20.34318986
14.77288246,-1.02000107,19.80001470,-2.96999985,20.32837772
14.78285789,-1.02000186,19.79483339,-2.96999920,20.31360815
14.79281235,-1.02000162,19.78965646,-2.96999775,20.29887634
14.80274391,-1.02000075,19.78448341,-2.96999772,20.28418555
14.81265163,-1.02000143,19.77931772,-2.96999799,20.26953495
14.82253742,-1.02000129,19.77415753,-2.96999828,20.25492430
14.83240509,-1.02000082,19.76899945,-2.96999774,20.24034759
14.84225082,-1.02000018,19.76384594,-2.96999874,20.22580906
14.85207844,-1.02000190,19.75869454,-2.96999934,20.21130588
14.86284542,-1.02000131,19.75354758,-2.98389361,20.19999933
14.88180733,-1.02000104,19.74840258,-3.01999847,20.19353976
14.89169502,-1.02000139,19.74325995,-3.01999852,20.17890733
14.90156651,-1.01999999,19.73811594,-3.01999899,20.16430782
14.91141701,-1.02000132,19.73297734,-3.01999783,20.14974513
14.92125130,-1.02000108,19.72783804,-3.01999793,20.13521579
14.93107033,-1.02000225,19.72269851,-3.01999821,20.12071809
14.94087219,-1.02000130,19.71756258,-3.01999877,20.10625067
14.95065784,-1.02000134,19.71242693,-3.01999945,20.09181552
14.96042728,-1.02000012,19.70729078,-3.01999861,20.07741125
14.97018242,-1.02000042,19.70215470,-3.01999961,20.06303698
14.98455524,-1.03696155,19.69999982,-3.02743984,20.04999997
15.02123642,-1.06742599,19.70000000,-3.06999815,20.04293705
15.03104305,-1.07000002,19.69507281,-3.06999799,20.02842106
15.04097176,-1.07000003,19.68970363,-3.06999784,20.01393175
15.05088902,-1.07000032,19.68433242,-3.06999763,19.99946881
15.06079102,-1.07000136,19.67896323,-3.06999823,19.98503458
15.07068157,-1.07000038,19.67359245,-3.06999983,19.97062355
15.08056068,-1.07000066,19.66822061,-3.06999851,19.95623729
15.09042835,-1.07000175,19.66284738,-3.06999894,19.94187564
15.10028362,-1.07000118,19.65747373,-3.06999904,19.92753950
15.11012840,-1.07000193,19.65209739,-3.06999951,19.91322643
15.12034893,-1.07000115,19.64671708,-3.07846866,19.90000039
15.14236546,-1.07000195,19.64133713,-3.11999791,19.89074639
15.15229321,-1.07000104,19.63595426,-3.11999842,19.87627522
15.16221142,-1.07000195,19.63056762,-3.11999981,19.86182393
15.17212009,-1.07000102,19.62518257,-3.11999965,19.84739318
15.18202114,-1.07000153,19.61979430,-3.11999878,19.83297923
15.19191170,-1.07000228,19.61440533,-3.11999818,19.81858620
15.20179749,-1.07000196,19.60901190,-3.11999980,19.80420884
15.21167374,-1.07000073,19.60361679,-3.11999881,19.78985034
15.22533607,-1.09059328,19.59999958,-3.11999815,19.77550754
15.24242210,-1.12000088,19.59692342,-3.11999813,19.76117978
15.25238800,-1.12000007,19.59130293,-3.11999911,19.74686762
15.26234722,-1.12000229,19.58568052,-3.11999861,19.73257085
15.27230358,-1.12000058,19.58005451,-3.11999982,19.71828588
15.28225327,-1.12000214,19.57442887,-3.11999810,19.70401172
15.30863762,-1.12000209,19.56880054,-3.16999943,19.69277406
15.31868649,-1.12000086,19.56316950,-3.16999752,19.67830840
15.32873058,-1.12000051,19.55753580,-3.16999938,19.66385374
15.33877087,-1.12000129,19.55189964,-3.16999801,19.64940837
15.34880733,-1.12000085,19.54626221,-3.16999878,19.63497393
15.35883999,-1.12000165,19.54062120,-3.16999932,19.62054784
15.36887264,-1.12000144,19.53497699,-3.16999754,19.60612842
15.37890053,-1.12000023,19.52933108,-3.16999838,19.59171711
15.38892841,-1.12000030,19.52368183,-3.16999962,19.57731063
15.39895248,-1.12000194,19.51803355,-3.16999903,19.56291114
15.42572594,-1.12000018,19.51238277,-3.21999877,19.54939459
15.43585587,-1.12000042,19.50672987,-3.21999857,19.53478780
15.44598484,-1.11999993,19.50107420,-3.21999851,19.52018493
15.45611382,-1.12000098,19.49541646,-3.21999829,19.50558415
15.46624184,-1.12000182,19.48975765,-3.21999913,19.49098722
15.47637081,-1.12000103,19.48409674,-3.21999909,19.47639023
15.48650360,-1.12000109,19.47843144,-3.21999860,19.46179058
15.49663448,-1.12000099,19.47276724,-3.21999908,19.44719318
15.50676727,-1.12000047,19.46710014,-3.21999781,19.43259335
15.51690197,-1.12000232,19.46143223,-3.21999977,19.41799162
15.52704048,-1.12000169,19.45576221,-3.21999802,19.40338461
15.55430126,-1.12000119,19.45009501,-3.26999787,19.38731368
15.56455135,-1.12000127,19.44442451,-3.26999908,19.37248347
15.57480526,-1.12000137,19.43875381,-3.26999784,19.35764649
15.58506298,-1.12000193,19.43308212,-3.26999945,19.34280234
15.59532547,-1.12000043,19.42740927,-3.26999851,19.32795045
15.60559082,-1.12000214,19.42173739,-3.26999793,19.31309105
15.61586285,-1.11999999,19.41606559,-3.26999780,19.29822038
15.62613964,-1.12000086,19.41039253,-3.26999748,19.28333846
15.63642406,-1.12000055,19.40471874,-3.26999760,19.26844387
15.64671230,-1.12000133,19.39904799,-3.26999767,19.25353925
15.67448425,-1.12000113,19.39337709,-3.31999765,19.23502012
15.68489552,-1.12000236,19.38770615,-3.31999851,19.21986755
15.69531441,-1.12000217,19.38203665,-3.31999756,19.20469882
15.70574188,-1.12000139,19.37636838,-3.31999800,19.18951325
15.71617699,-1.12000035,19.37070258,-3.31999926,19.17430827
15.72662163,-1.12000166,19.36503840,-3.31999900,19.15908366
15.73707581,-1.12000016,19.35937874,-3.31999873,19.14383519
15.74753952,-1.12000136,19.35372077,-3.31999899,19.12856445
15.75801468,-1.12000030,19.34806520,-3.31999915,19.11327008
15.78631496,-1.11999993,19.34241473,-3.36999926,19.09239558
15.79692173,-1.12000025,19.33676701,-3.36999835,19.07682998
15.80754089,-1.12000166,19.33112268,-3.36999838,19.06123483
15.81817245,-1.12000166,19.32548334,-3.36999860,19.04561155
15.82881641,-1.12000092,19.31985017,-3.36999897,19.02995748
15.83947468,-1.12000177,19.31422051,-3.36999872,19.01427000
15.85014915,-1.12000189,19.30859546,-3.36999978,18.99854657
15.86083603,-1.12000117,19.30297839,-3.36999907,18.98278985
15.87153816,-1.12000029,19.29736759,-3.36999879,18.96699681
15.88225746,-1.12000021,19.29176241,-3.36999894,18.95116268
15.91122627,-1.12000033,19.28616454,-3.41999941,18.92749088
15.92209244,-1.12000167,19.28057552,-3.41999911,18.91134777
15.93297863,-1.12000169,19.27499340,-3.41999834,18.89515710
15.94388294,-1.12000111,19.26942185,-3.41999917,18.87892110
15.95480824,-1.12000238,19.26385673,-3.41999813,18.86263485
15.96575069,-1.12000141,19.25830498,-3.41999783,18.84630175
15.97671700,-1.12000099,19.25276152,-3.41999910,18.82991282
15.98770332,-1.12000095,19.24723000,-3.41999867,18.81347102
16.01730156,-1.12000219,19.24170889,-3.46999800,18.78730401
16.02845383,-1.12000169,19.23619961,-3.46999951,18.77050777
16.03963089,-1.12000009,19.23070493,-3.46999921,18.75364889
16.05083466,-1.12000074,19.22522162,-3.46999981,18.73672453
16.06206703,-1.12000215,19.21975058,-3.46999815,18.71973303
16.07332230,-1.12000013,19.21429725,-3.46999808,18.70267473
16.10347176,-1.17000011,19.19772428,-3.46999800,18.68554593
16.11491013,-1.17000213,19.19204921,-3.46999864,18.66834055
16.12637901,-1.17000073,19.18639214,-3.46999938,18.65106005
16.15686607,-1.17000105,19.18074919,-3.51999749,18.62180497
16.16853142,-1.17000109,19.17512150,-3.51999764,18.60410429
16.18022919,-1.17000077,19.16951318,-3.51999799,18.58631648
16.19196701,-1.17000216,19.16391818,-3.51999918,18.56843622
16.20373726,-1.17000166,19.15834396,-3.51999854,18.55046842
16.21554947,-1.17000115,19.15278626,-3.51999930,18.53240180
16.22739983,-1.17000204,19.14724839,-3.51999887,18.51423790
16.25865746,-1.17000075,19.14173077,-3.56999929,18.48223017
16.27072906,-1.17000037,19.13623374,-3.56999851,18.46358561
16.28284264,-1.17000074,19.13075782,-3.56999843,18.44483140
16.29500389,-1.17000228,19.12530452,-3.56999818,18.42596195
16.30721474,-1.17000157,19.11987329,-3.56999858,18.40697225
16.31947517,-1.17000145,19.11446377,-3.56999863,18.38786261
16.33178902,-1.17000222,19.10908206,-3.56999754,18.36861771
16.36394310,-1.17000012,19.10372765,-3.61999895,18.33352640
16.37651062,-1.17000150,19.09839505,-3.61999855,18.31372296
16.38913536,-1.17000024,19.09309069,-3.61999881,18.29377955
16.40181923,-1.17000143,19.08781071,-3.61999790,18.27369226
16.41456223,-1.17000175,19.08256023,-3.61999869,18.25345466
16.42737007,-1.17000083,19.07733618,-3.61999869,18.23306401
16.44024277,-1.17000197,19.07214130,-3.61999814,18.21251456
16.45318222,-1.17000130,19.06697432,-3.61999966,18.19180143
16.46619225,-1.17000184,19.06184294,-3.61999878,18.17091235
16.47927475,-1.17000024,19.05674279,-3.61999940,18.14984878
16.49242973,-1.17000025,19.05167132,-3.62000001,18.12861048
16.50565910,-1.17000046,19.04663096,-3.61999824,18.10719014
16.53967285,-1.17000114,19.04162214,-3.66999798,18.06607535
16.55323029,-1.17000032,19.03664415,-3.66999830,18.04393732
16.56687355,-1.17000044,19.03169444,-3.66999858,18.02160232
16.58060074,-1.17000196,19.02677621,-3.66999791,17.99906397
16.59441757,-1.17000128,19.02189063,-3.66999906,17.97631685
16.60832405,-1.17000151,19.01703363,-3.66999832,17.95336134
16.62232018,-1.17000067,19.01220371,-3.66999861,17.93019637
16.63641357,-1.17000126,19.00739933,-3.66999975,17.90681695
16.65059853,-1.17000086,19.00262246,-3.66999961,17.88322171
16.66488457,-1.17000161,18.99786940,-3.66999840,17.85940412
16.70092773,-1.17000128,18.99314183,-3.71999941,17.81220522
16.71561432,-1.17000064,18.98843853,-3.71999966,17.78753562
16.73040771,-1.17000204,18.98376122,-3.71999816,17.76262592
16.74531364,-1.17000006,18.97910617,-3.71999928,17.73746780
16.76033211,-1.17000060,18.97447149,-3.71999791,17.71206689
16.77546692,-1.17000007,18.96985761,-3.71999858,17.68641062
16.79071808,-1.17000099,18.96526500,-3.71999898,17.66050192
16.80756760,-1.17000035,18.96068803,-3.68986104,17.65000159
16.82174492,-1.17000205,18.95613040,-3.66999914,17.63431840
16.83715439,-1.17000157,18.95159275,-3.66999846,17.60803936
16.85736656,-1.16464553,18.94999965,-3.63609228,17.59999967
16.88527679,-1.15662019,18.94999977,-3.58829827,17.60000057
16.91252708,-1.14887668,18.94999939,-3.54154248,17.60000008
16.93913460,-1.14141220,18.94999924,-3.49579274,17.60000029
16.95653343,-1.13421012,18.94999953,-3.46999980,17.58894267
16.97004890,-1.12726730,18.94999909,-3.46999818,17.56281863
16.98603630,-1.12056770,18.94999958,-3.44740534,17.55000121
17.00805283,-1.12000047,18.94639923,-3.40408714,17.55000095
17.02569389,-1.12000010,18.94247292,-3.36999820,17.54482360
17.04080391,-1.12000194,18.93856335,-3.36999872,17.51851253
17.05366516,-1.12000147,18.93466745,-3.35736726,17.50000191
17.07431793,-1.12000018,18.93079010,-3.31624706,17.50000118
17.09456062,-1.12000149,18.92692447,-3.27594312,17.50000123
17.11440849,-1.12000031,18.92307628,-3.23643649,17.50000184
17.12699699,-1.12000154,18.91923564,-3.21999843,17.48477271
17.14220810,-1.12000121,18.91540928,-3.21999980,17.45817410
17.15679741,-1.12000111,18.91159234,-3.19340167,17.45000101
17.17571259,-1.12000163,18.90778528,-3.15576252,17.45000014
17.19427872,-1.12000002,18.90398807,-3.11882777,17.45000015
17.21249771,-1.12000179,18.90019683,-3.08258225,17.45000053
17.22480774,-1.11522180,18.89999989,-3.06999933,17.43274584
17.23847198,-1.11034255,18.89999992,-3.06999919,17.40585520
17.25490761,-1.10562192,18.89999942,-3.04237489,17.40000183
17.27452469,-1.10105525,18.89999946,-3.00770642,17.40000057
17.29376221,-1.09663449,18.90000034,-2.97365470,17.40000107
17.31262398,-1.09236066,18.89999956,-2.94020246,17.40000057
17.32586479,-1.08822811,18.89999967,-2.91999887,17.38956070
17.33962059,-1.08422703,18.90000032,-2.91999940,17.36234040
17.35215187,-1.08035717,18.89999972,-2.90205727,17.35000025
17.37008667,-1.07661233,18.90000009,-2.86993286,17.35000055
17.38768578,-1.07299259,18.89999975,-2.83835117,17.35000021
17.40496826,-1.06948869,18.90000032,-2.80729225,17.34999989
17.42193985,-1.06609905,18.89999924,-2.77673841,17.35000066
17.43378258,-1.06282052,18.89999890,-2.76999905,17.32853668
17.44786835,-1.05964547,18.89999897,-2.76999836,17.30054646
17.46408653,-1.05656802,18.89999935,-2.74064379,17.30000125
17.48030663,-1.05359469,18.89999938,-2.71117584,17.30000163
17.49625206,-1.05071407,18.89999955,-2.68216491,17.30000139
17.51192856,-1.04792360,18.89999992,-2.65360350,17.30000191
17.52734375,-1.04522283,18.90000005,-2.62547263,17.30000187
17.53947639,-1.04260649,18.89999911,-2.61999874,17.27712754
17.55320358,-1.04007232,18.89999916,-2.61829356,17.25000200
17.56826019,-1.03761493,18.89999905,-2.59063902,17.25000227
17.58308029,-1.03523220,18.90000040,-2.56338142,17.25000246
17.59766769,-1.03292025,18.90000031,-2.53651645,17.25000275
17.60857201,-1.03067955,18.90000046,-2.51999940,17.23888220
17.62350273,-1.02850650,18.89999917,-2.51999877,17.20909921
17.63474274,-1.02638975,18.90000006,-2.50155928,17.19999985
17.64882278,-1.02433769,18.89999875,-2.47545218,17.20000063
17.66269875,-1.02234105,18.89999965,-2.44969565,17.20000064
17.67637444,-1.02040136,18.89999984,-2.42428422,17.20000080
17.68985748,-1.01851065,18.89999957,-2.39920891,17.20000059
17.70315552,-1.01667200,18.89999936,-2.37445444,17.20000108
17.71625328,-1.01487951,18.89999877,-2.36999930,17.17455876
17.72905540,-1.01313082,18.89999955,-2.36449916,17.15000223
17.74214745,-1.01142358,18.89999938,-2.34002152,17.15000135
17.75507164,-1.00975503,18.89999992,-2.31584260,17.15000151
17.76782990,-1.00812303,18.89999973,-2.29196017,17.15000102
17.77966309,-1.00652444,18.89999898,-2.26999879,17.14773323
17.79615402,-1.00496045,18.90000005,-2.26999914,17.11478849
17.80658722,-1.00342118,18.89999968,-2.25681596,17.10000024
17.81903839,-1.00191070,18.90000055,-2.23342448,17.10000054
17.83134460,-1.00042546,18.90000003,-2.21029821,17.09999946
17.84350777,-0.99896320,18.89999885,-2.18743273,17.09999947
17.85553932,-0.99751850,18.90000027,-2.16481405,17.10000136
17.86743736,-0.99609547,18.90000017,-2.14244161,17.10000047
17.87920952,-0.99468568,18.89999871,-2.12030846,17.10000142
17.89681053,-0.99329035,18.90000002,-2.11999896,17.06483769
17.90718842,-0.99190723,18.89999934,-2.10686917,17.05000167
17.91888046,-0.99053214,18.89999941,-2.08485925,17.05000160
17.93045616,-0.98916745,18.89999850,-2.06307271,17.05000030
17.94192123,-0.98780765,18.89999886,-2.04150149,17.05000125
17.95327950,-0.98645106,18.90000025,-2.02014193,17.05000056
17.97246552,-0.98510000,18.89999914,-2.01999963,17.01166031
17.98254395,-0.98375020,18.89999928,-2.00490596,17.00000117
17.99386024,-0.98239966,18.89999911,-1.98362328,17.00000195
18.00508118,-0.98104313,18.89999993,-1.96253862,17.00000277
18.01620674,-0.97968379,18.90000036,-1.94164596,17.00000302
18.02724266,-0.97831874,18.89999843,-1.92094122,17.00000256
18.03818893,-0.97694885,18.89999946,-1.90041906,17.00000127
18.04904747,-0.97557118,18.89999858,-1.88007704,17.00000227
18.06129456,-0.97418400,18.90000018,-1.86999912,16.97835430
18.07612038,-0.97278634,18.90000053,-1.86272694,16.95000112
18.08698082,-0.97137956,18.89999899,-1.84241038,16.95000125
18.09776497,-0.96995840,18.89999838,-1.82226409,16.95000062
18.10847473,-0.96852158,18.89999958,-1.80228005,16.95000021
18.11911392,-0.96706735,18.89999963,-1.78245590,16.95000161
18.12968445,-0.96559638,18.90000029,-1.76278904,16.94999995
18.14018440,-0.96410814,18.90000031,-1.74327593,16.95000091
18.15062141,-0.96259913,18.90000039,-1.72390993,16.95000095
18.17087936,-0.96106873,18.89999965,-1.71999935,16.90985510
18.18084335,-0.95951922,18.89999955,-1.70422855,16.90000060
18.19132233,-0.95794425,18.89999916,-1.68484403,16.90000102
18.20174599,-0.95634612,18.89999839,-1.66559523,16.90000279
18.21211433,-0.95471970,18.89999870,-1.64648530,16.90000254
18.22242928,-0.95306631,18.89999869,-1.62750691,16.90000078
18.23269653,-0.95138129,18.89999980,-1.60866021,16.90000069
18.24291420,-0.94966807,18.89999914,-1.58993756,16.90000082
18.25308609,-0.94792041,18.89999863,-1.57133834,16.90000196
18.27821732,-0.94613795,18.89999958,-1.56802673,16.85000109
18.28851128,-0.94432423,18.89999979,-1.54925244,16.85000023
18.29876328,-0.94247575,18.89999825,-1.53059666,16.84999997
18.30897713,-0.94059069,18.89999834,-1.51205312,16.85000034
18.31915474,-0.93866537,18.89999999,-1.49362239,16.85000176
18.32929802,-0.93670111,18.89999998,-1.47530090,16.85000029
18.33940697,-0.93469633,18.89999858,-1.45708824,16.85000096
18.34948540,-0.93264903,18.89999843,-1.43897620,16.84999991
18.35953712,-0.93055777,18.89999961,-1.42096512,16.85000029
18.36956024,-0.92841908,18.90000033,-1.40305616,16.85000106
18.37955856,-0.92623725,18.89999984,-1.38524374,16.85000172
18.38953209,-0.92400584,18.90000022,-1.36752595,16.85000041
18.39948463,-0.92172866,18.89999900,-1.34989891,16.85000044
18.40941620,-0.91940100,18.90000030,-1.33236324,16.84999959
18.43845177,-0.91702371,18.90000032,-1.30521130,16.90000269
18.44816589,-0.91459394,18.90000018,-1.28821294,16.90000151
18.45786667,-0.91211154,18.89999966,-1.27129463,16.90000227
18.46755409,-0.90957791,18.89999869,-1.25445390,16.90000168
18.47723007,-0.90698621,18.90000032,-1.23769302,16.90000196
18.50570107,-0.90434054,18.89999970,-1.21308785,16.95000112
18.51518631,-0.90163905,18.89999811,-1.19681963,16.95000101
18.52466583,-0.89887821,18.89999915,-1.18062010,16.95000098
18.53414154,-0.89605698,18.90000019,-1.16448987,16.95000071
18.54361534,-0.89317511,18.89999943,-1.14842416,16.95000089
18.55308723,-0.89023526,18.89999905,-1.13241985,16.95000035
18.58099937,-0.88723084,18.89999842,-1.11060257,17.00000260
18.59030724,-0.88416401,18.89999866,-1.09505360,17.00000161
18.59961891,-0.88103399,18.89999950,-1.07956191,17.00000145
18.62724876,-0.87783846,18.89999958,-1.05922295,17.05000071
18.63640976,-0.87457908,18.89999888,-1.04415998,17.05000111
18.64558029,-0.87125305,18.89999846,-1.02914814,17.05000065
18.65475655,-0.86785947,18.89999997,-1.01418654,17.05000147
18.66394424,-0.86439870,18.90000044,-0.99927173,17.05000069
18.67314148,-0.86087042,18.89999855,-0.98440523,17.05000240
18.68235016,-0.85727349,18.89999867,-0.96958473,17.05000129
18.69157028,-0.85360717,18.89999977,-0.95481313,17.05000223
18.70080185,-0.84987405,18.89999964,-0.94008180,17.05000031
18.71004868,-0.84606785,18.89999859,-0.92539591,17.05000184
18.71930695,-0.84219410,18.89999869,-0.91075189,17.05000144
18.72857857,-0.83825025,18.89999954,-0.89615109,17.05000208
18.73786736,-0.83423585,18.89999951,-0.88158945,17.05000238
18.74716949,-0.83014988,18.90000014,-0.86707000,17.05000230
18.75648880,-0.82599380,18.89999843,-0.85258869,17.05000155
18.76582336,-0.82176659,18.89999835,-0.83814852,17.05000255
18.77517319,-0.81746561,18.89999879,-0.82374711,17.05000205
18.78454208,-0.81309320,18.89999939,-0.80938319,17.05000059
18.79392815,-0.80864833,18.90000025,-0.79505601,17.05000127
18.80333138,-0.80412923,18.89999870,-0.78076973,17.05000209
18.81275177,-0.79953761,18.89999934,-0.76651870,17.05000105
18.82219124,-0.79487196,18.89999990,-0.75230551,17.05000123
18.83164978,-0.79013268,18.89999999,-0.73812894,17.05000072
18.84112740,-0.78531755,18.89999827,-0.72398901,17.05000133
18.86754608,-0.78042987,18.89999934,-0.71179379,17.10000134
18.87693977,-0.77546469,18.89999846,-0.69797353,17.10000061
18.88635254,-0.77042325,18.89999957,-0.68418899,17.10000102
18.89578629,-0.76530567,18.89999998,-0.67043866,17.10000055
18.90524101,-0.76011300,18.90000053,-0.65672230,17.10000123
18.91471672,-0.75484019,18.89999974,-0.64304063,17.10000159
18.92421532,-0.74949132,18.89999983,-0.62939247,17.10000052
18.93373489,-0.74406430,18.89999849,-0.61578012,17.10000111
18.94327545,-0.73855863,18.90000036,-0.60220471,17.10000128
18.95283890,-0.73297536,18.89999937,-0.58866271,17.10000122
18.96242332,-0.72731090,18.89999874,-0.57515781,17.09999952
18.97203064,-0.72156724,18.89999980,-0.56168928,17.10000113
18.98165512,-0.71574485,18.89999929,-0.54825963,17.10000100
18.99130440,-0.70984042,18.89999989,-0.53486586,17.10000058
19.00097656,-0.70385407,18.89999856,-0.52151069,17.09999947
19.01066589,-0.69778802,18.89999944,-0.50819504,17.10000077
19.02037811,-0.69163409,18.90000039,-0.49492652,17.10000146
19.03011131,-0.68539775,18.89999946,-0.48169589,17.09999985
19.03986549,-0.67907828,18.90000011,-0.46850864,17.10000179
19.04963875,-0.67267366,18.89999904,-0.45536484,17.10000040
19.05943108,-0.66618543,18.89999854,-0.44226712,17.10000057
19.06924629,-0.65961192,18.89999906,-0.42921235,17.09999959
19.07907867,-0.65295132,18.89999940,-0.41620562,17.10000129
19.08893394,-0.64620419,18.90000040,-0.40324548,17.10000014
19.09880638,-0.63937031,18.89999906,-0.39033403,17.10000134
19.10869598,-0.63244328,18.89999902,-0.37747939,17.10000040
19.12845039,-0.62542758,18.90000039,-0.37000024,17.13675228
19.13953781,-0.61832315,18.90000004,-0.35932621,17.15000177
19.14940643,-0.61112871,18.90000046,-0.34678288,17.15000201
19.15929222,-0.60384585,18.89999833,-0.33429292,17.15000153
19.16919708,-0.59647443,18.89999863,-0.32185343,17.15000160
19.17912102,-0.58901563,18.90000035,-0.30946417,17.15000287
19.18906403,-0.58146581,18.89999942,-0.29713103,17.15000121
19.19902039,-0.57382789,18.89999988,-0.28485500,17.15000180
19.20899582,-0.56610286,18.89999865,-0.27263067,17.15000183
19.21898460,-0.55829436,18.89999832,-0.26045786,17.15000104
19.22899055,-0.55040238,18.90000007,-0.24833841,17.15000161
19.23900986,-0.54242719,18.89999959,-0.23627495,17.15000296
19.24904633,-0.53436969,18.89999992,-0.22426250,17.15000294
19.25909424,-0.52623210,18.89999882,-0.21230336,17.15000128
19.26915550,-0.51801190,18.89999917,-0.20040052,17.15000122
19.27922821,-0.50971242,18.89999946,-0.18855343,17.15000130
19.28931427,-0.50133449,18.89999924,-0.17675882,17.15000083
19.29941177,-0.49288233,18.89999938,-0.16501749,17.15000075
19.30951881,-0.48435540,18.89999976,-0.15332920,17.15000245
19.31963730,-0.47575545,18.90000036,-0.14169324,17.15000098
19.32976532,-0.46708309,18.89999952,-0.13011030,17.15000121
19.33990288,-0.45833967,18.90000002,-0.11857897,17.15000118
19.35004807,-0.44952841,18.89999872,-0.10709875,17.15000284
19.36020088,-0.44064451,18.89999993,-0.09567536,17.15000267
19.37036324,-0.43169502,18.90000010,-0.08430367,17.15000165
19.38053131,-0.42267960,18.89999915,-0.07298199,17.15000205
19.39070511,-0.41360074,18.90000005,-0.06171059,17.15000170
19.40088844,-0.40446011,18.90000011,-0.05048821,17.15000070
19.41107368,-0.39525796,18.90000030,-0.03931939,17.15000122
19.42126465,-0.38599699,18.89999922,-0.02819629,17.15000114
19.43146133,-0.37667734,18.89999971,-0.01712256,17.15000220
19.44166183,-0.36730122,18.90000047,-0.00609674,17.15000125
19.45186615,-0.35786894,18.90000038,0.00487797,17.15000105
19.46207428,-0.34838249,18.89999818,0.01580754,17.15000182
19.47228432,-0.33884110,18.89999973,0.02668773,17.15000074
19.48249817,-0.32924877,18.89999910,0.03752042,17.15000270
19.49271202,-0.31960507,18.90000032,0.04830504,17.15000152
19.50292778,-0.30991276,18.89999877,0.05904653,17.15000122
19.51314735,-0.30017286,18.89999873,0.06974355,17.15000118
19.52321243,-0.29038543,18.90000035,0.07999969,17.15186873
19.54781532,-0.28055548,18.89999968,0.08038574,17.20000145
19.55802345,-0.27067955,18.90000015,0.09092908,17.20000161
19.56823540,-0.26075983,18.89999954,0.10143379,17.20000064
19.57844734,-0.25079895,18.89999857,0.11189688,17.20000196
19.58865929,-0.24079934,18.89999936,0.12232057,17.20000092
19.59887123,-0.23075898,18.90000012,0.13270422,17.20000010
19.60908508,-0.22067921,18.89999884,0.14305065,17.20000090
19.61929703,-0.21056288,18.89999975,0.15335859,17.20000040
19.62950897,-0.20041019,18.89999982,0.16362812,17.20000053
19.63971901,-0.19022281,18.89999820,0.17386074,17.20000108
19.64992714,-0.18000093,18.89999875,0.18405590,17.20000091
19.66013336,-0.16974592,18.90000006,0.19421592,17.20000183
19.67033958,-0.15945922,18.89999819,0.20433979,17.20000002
19.68054199,-0.14914156,18.89999972,0.21442699,17.19999976
19.69074249,-0.13879318,18.89999943,0.22448119,17.20000145
19.70094109,-0.12841487,18.89999841,0.23449931,17.20000098
19.71113777,-0.11800970,18.89999989,0.24448526,17.20000035
19.72132874,-0.10757602,18.90000040,0.25443459,17.20000002
19.73151779,-0.09711581,18.90000019,0.26435190,17.20000162
19.74170303,-0.08663149,18.90000053,0.27423734,17.20000193
19.75188446,-0.07611987,18.89999821,0.28408967,17.20000212
19.76206017,-0.06558688,18.90000044,0.29391018,17.20000068
19.77223396,-0.05502919,18.89999945,0.30369931,17.20000200
19.78240395,-0.04444903,18.89999850,0.31345707,17.19999988
19.79256821,-0.03384761,18.89999820,0.32318427,17.20000036
19.80272675,-0.02322702,18.89999927,0.33288147,17.19999988
19.81288147,-0.01258543,18.89999988,0.34254808,17.20000110
19.82303047,-0.00192453,18.89999863,0.35218735,17.20000117
19.83317566,0.00875522,18.90000027,0.36179854,17.20000004
19.84331512,0.01945310,18.89999878,0.37137732,17.20000078
19.85324287,0.03016721,18.89999938,0.37999966,17.20451788
19.87662888,0.04089907,18.89999840,0.38017587,17.25000224
19.88677025,0.05164546,18.89999994,0.38971239,17.25000221
19.89690781,0.06240848,18.89999904,0.39922216,17.25000163
19.90703773,0.07318456,18.90000044,0.40870691,17.25000159
19.91716385,0.08397667,18.89999948,0.41816743,17.25000192
19.92728424,0.09478283,18.89999896,0.42760223,17.25000312
19.93740082,0.10560100,18.89999932,0.43701465,17.25000197
19.94750786,0.11643075,18.89999921,0.44640228,17.25000170
19.95761299,0.12727279,18.89999896,0.45576724,17.25000296
19.97898483,0.13000037,18.94100616,0.46510986,17.25000199
19.98924828,0.13913107,18.94999834,0.47442928,17.25000259
19.99935722,0.15005320,18.94999879,0.48372795,17.25000202
20.00946236,0.16098636,18.94999822,0.49300486,17.25000308
20.01956367,0.17193020,18.94999902,0.50226122,17.25000098
20.02965736,0.18288429,18.94999861,0.51149632,17.25000315
20.03974724,0.19384596,18.94999861,0.52071237,17.25000224
20.04983139,0.20481878,18.94999739,0.52990738,17.25000319
20.05990982,0.21579934,18.94999888,0.53908416,17.25000118
20.06998253,0.22678607,18.94999840,0.54824242,17.25000195
20.08004761,0.23778221,18.94999909,0.55737860,17.25000219
20.09010887,0.24878724,18.94999754,0.56649643,17.25000204
20.10016441,0.25979632,18.94999847,0.57559858,17.25000275
20.11021614,0.27081281,18.94999930,0.58468329,17.25000102
20.12025833,0.28183413,18.94999858,0.59374864,17.25000271
20.13029861,0.29286095,18.94999930,0.60280035,17.25000195
20.14033127,0.30389379,18.94999830,0.61183435,17.25000246
20.15035820,0.31493179,18.94999886,0.62085069,17.25000281
20.16038132,0.32597256,18.94999915,0.62985347,17.25000213
20.17039680,0.33701695,18.94999916,0.63884152,17.25000288
20.18040848,0.34806691,18.94999870,0.64781376,17.25000177
20.19041252,0.35911764,18.94999775,0.65677164,17.25000241
20.20041084,0.37017299,18.94999852,0.66571533,17.25000150
20.21040535,0.38123179,18.94999883,0.67464559,17.25000236
20.22365189,0.39229214,18.94999812,0.68000003,17.27079536
20.24007416,0.40335550,18.94999874,0.68396554,17.30000089
20.25008392,0.41442149,18.94999896,0.69291983,17.30000242
20.26008987,0.42548666,18.94999760,0.70186598,17.30000130
20.27009010,0.43655328,18.94999756,0.71079966,17.30000174
20.28008461,0.44761911,18.94999863,0.71972056,17.30000163
20.29007339,0.45868813,18.94999901,0.72863207,17.30000137
20.30006027,0.46975744,18.94999976,0.73753497,17.30000042
20.31004143,0.48082695,18.94999960,0.74642861,17.30000210
20.32001686,0.49189523,18.94999785,0.75531212,17.30000132
20.32999039,0.50296352,18.94999943,0.76418751,17.30000039
20.33995628,0.51403021,18.94999943,0.77305334,17.30000191
20.34991837,0.52509806,18.94999796,0.78191156,17.30000089
20.35987473,0.53616152,18.94999959,0.79075970,17.30000259
20.36982727,0.54722423,18.94999933,0.79960326,17.30000240
20.37977600,0.55828615,18.94999754,0.80843858,17.30000231
20.38972092,0.56934590,18.94999888,0.81726660,17.30000255
20.39966011,0.58040228,18.94999822,0.82609048,17.30000119
20.40959740,0.59145696,18.94999764,0.83490841,17.30000232
20.41952896,0.60250980,18.94999776,0.84372087,17.30000154
20.42945862,0.61356017,18.94999842,0.85252864,17.30000149
20.43938255,0.62460569,18.94999948,0.86133090,17.30000242
20.44930267,0.63564788,18.94999827,0.87012766,17.30000108
20.45921898,0.64668701,18.94999927,0.87892261,17.30000041
20.46913338,0.65772218,18.94999872,0.88771578,17.30000140
20.47904396,0.66875475,18.94999783,0.89650414,17.30000211
20.48895073,0.67978186,18.94999963,0.90529021,17.30000175
20.49885368,0.69080438,18.94999888,0.91407391,17.30000212
20.50875282,0.70182285,18.94999868,0.92285498,17.30000109
20.51865005,0.71283569,18.94999814,0.93163617,17.30000117
20.52854156,0.72384147,18.94999794,0.94041461,17.30000023
20.53843307,0.73484445,18.94999958,0.94919455,17.30000198
20.54832077,0.74584061,18.94999901,0.95797364,17.30000056
20.55820656,0.75683104,18.94999825,0.96675411,17.30000260
20.56808853,0.76781560,18.94999925,0.97553394,17.30000028
20.58705521,0.77879499,18.94999818,0.98000000,17.33464636
20.59885025,0.78976682,18.94999874,0.98693720,17.34999975
20.60875702,0.80073187,18.94999969,0.99578734,17.34999966
20.61866188,0.81168945,18.94999734,1.00464004,17.35000039
20.62856674,0.82264156,18.94999970,1.01349681,17.34999976
20.64579773,0.83000020,18.98040876,1.02235466,17.35000015
20.65895081,0.83868938,18.99999895,1.03122012,17.34999983
20.66888237,0.84968559,18.99999981,1.04008557,17.35000177
20.67881012,0.86066988,19.00000069,1.04895649,17.35000088
20.68873596,0.87164602,19.00000062,1.05783302,17.35000094
20.69865990,0.88261497,18.99999978,1.06671447,17.35000173
20.70858383,0.89357416,18.99999861,1.07560019,17.35000147
20.71850395,0.90452247,18.99999900,1.08449234,17.34999970
20.72842216,0.91546169,19.00000088,1.09339225,17.35000140
20.73834229,0.92639419,19.00000014,1.10229933,17.34999954
20.74826050,0.93731690,19.00000051,1.11121190,17.35000048
20.75817680,0.94822821,19.00000047,1.12013328,17.35000064
20.76809120,0.95913092,18.99999879,1.12906118,17.35000045
20.77800560,0.97002427,18.99999987,1.13799547,17.34999975
20.78791809,0.98090674,19.00000013,1.14693873,17.35000009
20.79783058,0.99177905,18.99999875,1.15588855,17.35000016
20.80774117,1.00264466,18.99999974,1.16484706,17.35000154
20.81765175,1.01349855,19.00000007,1.17381392,17.35000139
20.82756233,1.02434553,18.99999947,1.18278734,17.35000129
20.83747101,1.03518074,19.00000063,1.19176942,17.34999974
20.84737968,1.04600888,19.00000089,1.20075918,17.35000069
20.85728836,1.05682697,19.00000013,1.20975707,17.35000188
20.86719513,1.06763403,18.99999889,1.21876397,17.35000141
20.87709999,1.07843230,18.99999925,1.22777729,17.35000098
20.90325165,1.08475048,19.04999865,1.23680239,17.35000034
20.91318321,1.09558406,19.04999993,1.24583451,17.35000079
20.92311668,1.10640887,19.04999978,1.25487495,17.35000076
20.93304825,1.11722410,19.04999869,1.26392440,17.35000085
20.94297981,1.12802871,19.04999880,1.27298044,17.35000025
20.95290947,1.13882447,19.04999851,1.28204459,17.35000030
20.96283913,1.14961164,19.04999992,1.29111739,17.35000025
20.97276878,1.16039158,19.05000015,1.30019824,17.34999947
20.98269653,1.17115883,19.04999957,1.30928486,17.35000115
20.99262619,1.18192192,19.04999787,1.31838114,17.34999962
21.00255394,1.19267560,19.04999807,1.32748332,17.35000021
21.01248169,1.20342101,19.04999904,1.33659275,17.34999957
21.02240944,1.21416098,19.05000005,1.34570845,17.35000153
21.03233719,1.22489260,19.05000006,1.35483141,17.35000018
21.05998802,1.23939179,18.99999915,1.36396057,17.34999998
21.06989098,1.25006255,18.99999861,1.37309607,17.35000170
21.08742523,1.26072494,18.99999968,1.38000000,17.38035238
21.10088730,1.27138283,18.99999984,1.38774640,17.40000210
21.11762428,1.28000032,19.02834378,1.39694476,17.40000108
21.13181305,1.28913509,19.04999885,1.40614753,17.40000205
21.14175987,1.29982012,19.04999942,1.41535545,17.40000129
21.15170670,1.31050033,19.04999864,1.42456837,17.40000135
21.16165161,1.32117322,19.05000016,1.43378574,17.40000064
21.17159653,1.33184236,19.04999794,1.44300744,17.40000070
21.18153954,1.34250265,19.04999937,1.45223199,17.40000142
21.19148445,1.35316148,19.04999963,1.46146327,17.40000276
21.20142937,1.36381490,19.04999921,1.47069750,17.40000287
21.21137238,1.37446344,19.04999962,1.47993523,17.40000295
21.22131348,1.38510641,19.04999939,1.48917729,17.40000175
21.23125648,1.39574594,19.04999863,1.49842095,17.40000159
21.24119759,1.40638094,19.04999861,1.50766839,17.40000153
21.25113678,1.41701200,19.04999948,1.51691864,17.40000140
21.26107788,1.42764009,19.04999990,1.52617248,17.40000222
21.27101898,1.43826241,19.04999864,1.53542889,17.40000070
21.28095818,1.44888287,19.04999885,1.54468682,17.40000203
21.29089737,1.45950115,19.04999818,1.55394772,17.40000123
21.30083656,1.47011670,19.04999778,1.56321247,17.40000239
21.31077576,1.48072897,19.04999895,1.57247770,17.40000143
21.32071495,1.49133917,19.04999968,1.58174572,17.40000142
21.33065224,1.50194751,19.04999790,1.59101360,17.40000262
21.34058952,1.51255224,19.05000012,1.60028317,17.40000170
21.35052490,1.52315344,19.04999846,1.60955096,17.40000063
21.37697792,1.53117789,19.09999788,1.61882318,17.40000230
21.38693619,1.54181883,19.09999792,1.62809590,17.40000080
21.39689255,1.55245828,19.09999900,1.63736897,17.40000148
21.40684700,1.56309641,19.09999861,1.64664253,17.40000199
21.41680145,1.57373204,19.09999879,1.65591393,17.40000166
21.42675400,1.58436685,19.09999758,1.66518630,17.40000107
21.43670845,1.59500120,19.09999739,1.67445848,17.40000272
21.44665909,1.60563421,19.09999835,1.68372812,17.40000155
21.45661163,1.61626755,19.09999930,1.69299821,17.40000150
21.46656227,1.62690170,19.09999888,1.70226772,17.40000120
21.47651291,1.63753513,19.09999717,1.71153497,17.40000296
21.48646355,1.64817040,19.09999795,1.72080130,17.40000091
21.49641418,1.65880595,19.09999931,1.73006476,17.40000290
21.50636292,1.66944433,19.09999943,1.73932647,17.40000204
21.51631355,1.68008185,19.09999765,1.74858743,17.40000282
21.52626038,1.69072070,19.09999841,1.75784516,17.40000218
21.53620720,1.70135905,19.09999779,1.76709774,17.40000129
21.54615402,1.71200246,19.09999732,1.77634739,17.40000135
21.55609894,1.72264594,19.09999944,1.78559577,17.40000238
21.56604385,1.73329294,19.09999774,1.79483968,17.40000072
21.57598877,1.74394258,19.09999810,1.80407991,17.40000192
21.58593369,1.75459517,19.09999719,1.81331670,17.40000277
21.59587669,1.76524878,19.09999877,1.82254836,17.40000224
21.62248802,1.77590698,19.09999801,1.83013183,17.45000016
21.64911270,1.78496559,19.14999859,1.83939574,17.45000061
21.65909576,1.79567324,19.14999992,1.84865438,17.45000013
21.66908073,1.80638478,19.14999830,1.85791039,17.45000017
21.67906380,1.81710064,19.14999920,1.86715958,17.45000121
21.68904495,1.82782156,19.14999827,1.87640097,17.45000133
21.69902611,1.83854813,19.14999928,1.88563846,17.45000196
21.70900726,1.84927923,19.15000032,1.89486930,17.45000119
21.71898651,1.86001522,19.14999948,1.90409370,17.45000201
21.72896576,1.87075583,19.15000005,1.91330835,17.45000036
21.73894310,1.88150408,19.14999826,1.92251764,17.45000216
21.74892235,1.89225892,19.14999937,1.93171917,17.45000075
21.75889969,1.90301919,19.14999887,1.94091480,17.45000129
21.76887703,1.91378945,19.14999947,1.95009943,17.45000150
21.77885437,1.92456520,19.14999894,1.95927824,17.45000180
21.80559349,1.93437366,19.19999816,1.96844717,17.45000022
21.81559372,1.94521239,19.19999739,1.97760707,17.45000171
21.82559013,1.95605870,19.19999887,1.98675629,17.45000202
21.83558655,1.96691279,19.19999972,1.99589499,17.45000050
21.84558487,1.97777745,19.19999940,2.00502418,17.45000152
21.85558128,1.98865197,19.19999883,2.01414493,17.45000141
21.86557770,1.99953547,19.19999752,2.02325461,17.45000203
21.87557411,2.01042911,19.19999740,2.03235277,17.45000040
21.88557053,2.02133680,19.19999887,2.04143822,17.45000204
21.91239929,2.03172947,19.24999976,2.05051544,17.45000017
21.92242050,2.04270878,19.24999956,2.05957915,17.45000051
21.93243980,2.05370006,19.25000087,2.06862726,17.45000174
21.94246101,2.06470513,19.24999880,2.07766505,17.45000141
21.95248222,2.07572233,19.24999944,2.08669080,17.45000107
21.96250343,2.08675339,19.24999957,2.09570281,17.44999981
21.97252464,2.09779642,19.25000051,2.10469914,17.45000150
21.98254395,2.10885333,19.24999977,2.11368169,17.45000132
21.99256325,2.11992635,19.24999972,2.12264921,17.45000176
22.01949310,2.13099543,19.29999788,2.13160145,17.45000043
22.02954102,2.14215545,19.29999965,2.14053694,17.45000032
22.03959084,2.15333503,19.29999886,2.14945812,17.45000050
22.04964066,2.16453015,19.29999853,2.15836271,17.45000146
22.05969048,2.17574175,19.29999908,2.16724984,17.45000140
22.11074638,2.18755877,19.39999810,2.17612003,17.44999995
22.12086296,2.19893707,19.39999876,2.18497281,17.45000003
22.13097954,2.21033568,19.39999943,2.19380811,17.45000116
22.14109612,2.22175266,19.40000044,2.20262579,17.45000158
22.19222450,2.23431038,19.49999861,2.21142437,17.45000180
22.20240974,2.24590735,19.49999904,2.22020117,17.45000153
22.21260262,2.25753329,19.49999934,2.22895909,17.45000077
22.23974991,2.26918226,19.49999998,2.23846598,17.50000155
22.26692390,2.28169888,19.54999919,2.24725480,17.50000293
22.27719688,2.29347437,19.54999942,2.25602620,17.50000201
22.28747368,2.30527642,19.54999992,2.26477598,17.50000197
22.29775429,2.31710948,19.54999999,2.27350463,17.50000238
22.30803871,2.32897056,19.54999789,2.28221299,17.50000123
22.33531189,2.34207746,19.59999838,2.29089819,17.50000180
22.34564400,2.35407746,19.59999928,2.29956307,17.50000116
22.35598183,2.36611276,19.59999771,2.30820538,17.50000239
22.36632729,2.37818104,19.59999773,2.31682661,17.50000272
22.39369011,2.39182849,19.65000045,2.32542443,17.50000268
22.40408897,2.40405092,19.64999974,2.33399839,17.50000305
22.41449356,2.41630824,19.64999822,2.34254943,17.50000327
22.42490387,2.42860358,19.64999832,2.35107412,17.50000176
22.45163536,2.43904305,19.59999875,2.35957285,17.50000284
22.46201515,2.45132590,19.59999796,2.36804879,17.50000298
22.47240067,2.46364636,19.59999846,2.37649900,17.50000176
22.48279190,2.47600715,19.59999758,2.38492214,17.50000176
22.49319267,2.48840946,19.59999791,2.39331882,17.50000134
22.50359726,2.50084906,19.59999953,2.40168885,17.50000288
22.51400948,2.51333153,19.59999939,2.41003148,17.50000190
22.52442932,2.52585872,19.59999772,2.41834428,17.50000158
22.53485680,2.53842659,19.59999893,2.42663276,17.50000134
22.54528999,2.55103726,19.59999753,2.43488908,17.50000158
22.55573463,2.56369317,19.59999938,2.44311909,17.50000341
22.56618500,2.57639607,19.59999907,2.45132013,17.50000230
22.59272766,2.58605657,19.55000017,2.45948949,17.50000223
22.60313797,2.59873994,19.54999812,2.46762924,17.50000206
22.61355972,2.61146984,19.54999835,2.47574021,17.50000190
22.62398720,2.62424834,19.54999823,2.48381848,17.50000277
22.63442421,2.63707220,19.54999925,2.49186786,17.50000109
22.64486694,2.64994243,19.54999930,2.49988174,17.50000327
22.65531731,2.66286105,19.54999829,2.50786685,17.50000207
22.66577911,2.67583152,19.54999982,2.51581849,17.50000232
22.69217110,2.68482770,19.50000040,2.52373750,17.50000295
22.70258713,2.69777266,19.49999859,2.53162437,17.50000332
22.71301270,2.71077062,19.49999956,2.53947719,17.50000217
22.72344589,2.72382251,19.49999983,2.54729484,17.50000177
22.73389053,2.73692385,19.49999991,2.55507994,17.50000262
22.74434090,2.75007656,19.49999959,2.56282783,17.50000334
22.75480270,2.76328614,19.50000031,2.57054342,17.50000124
22.76527405,2.77654845,19.49999992,2.57822412,17.50000187
22.79150200,2.78476618,19.44999830,2.58586979,17.50000328
22.80192184,2.79799625,19.44999930,2.59348016,17.50000144
22.81235123,2.81128026,19.44999816,2.60105512,17.50000097
22.82279205,2.82461954,19.44999783,2.60859518,17.50000326
22.83324051,2.83801351,19.44999864,2.61609818,17.50000223
22.84370041,2.85146457,19.44999914,2.62356668,17.50000226
22.85416794,2.86496613,19.44999879,2.63099890,17.50000278
22.86464691,2.87852679,19.44999769,2.63839872,17.50000302
22.87513924,2.89214600,19.44999904,2.64576226,17.50000234
22.88564110,2.90581836,19.44999855,2.65309367,17.50000115
22.89615440,2.91955034,19.44999799,2.66038887,17.50000316
22.91127396,2.93000015,19.42548911,2.66765163,17.50000316
22.92671394,2.94020342,19.39999849,2.67487942,17.50000189
22.93717957,2.95393618,19.39999974,2.68207503,17.50000271
22.94765091,2.96772068,19.40000005,2.68923478,17.50000282
22.95813751,2.98156194,19.39999941,2.69636487,17.50000300
22.96863556,2.99546254,19.39999875,2.70346310,17.50000338
22.97914696,3.00941936,19.39999877,2.71052883,17.50000268
22.98966980,3.02343200,19.39999898,2.71756302,17.50000113
23.00020790,3.03750209,19.39999897,2.72456804,17.50000129
23.01100349,3.05163039,19.39999944,2.73000023,17.49086224
23.03226852,3.06581571,19.39999900,2.73000046,17.45076798
23.04266739,3.08000003,19.39965987,2.73658522,17.45000068
23.06821823,3.08536282,19.34999940,2.74327238,17.45000086
23.07862854,3.09952797,19.34999818,2.74992910,17.45000142
23.08905220,3.11375350,19.34999820,2.75655133,17.45000004
23.09949303,3.12803793,19.34999896,2.76314638,17.45000090
23.10994530,3.14238175,19.34999796,2.76970825,17.45000076
23.12041473,3.15678639,19.34999757,2.77624052,17.45000028
23.13089752,3.17125189,19.34999732,2.78274062,17.45000048
23.14139557,3.18577830,19.34999748,2.78921304,17.45000174
23.15191078,3.20036448,19.34999914,2.79565486,17.45000155
23.16244316,3.21501812,19.34999890,2.80206816,17.45000133
23.17299461,3.22973290,19.34999931,2.80845405,17.45000061
23.19847107,3.23320375,19.29999926,2.81481135,17.45000191
23.20894623,3.24782436,19.29999911,2.82113956,17.45000002
23.21943855,3.26250682,19.29999957,2.82744270,17.45000185
23.22994995,3.27725391,19.29999796,2.83371845,17.45000194
23.24048042,3.29206738,19.29999998,2.83996580,17.45000015
23.25102997,3.30694527,19.29999987,2.84618774,17.45000075
23.26160240,3.32189053,19.29999952,2.85238437,17.44999981
23.27219582,3.33690600,19.29999965,2.85855652,17.45000213
23.28281021,3.35198865,19.29999797,2.86470429,17.45000088
23.29345131,3.36714344,19.29999828,2.87082871,17.45000186
23.30387115,3.37999948,19.29133502,2.87692712,17.44999996
23.33015633,3.38375385,19.25000036,2.88000039,17.43920752
23.34316635,3.39887310,19.25000066,2.88000026,17.41803084
23.35517120,3.41405912,19.24999955,2.88066950,17.40000153
23.36567879,3.42932318,19.24999940,2.88642020,17.40000235
23.37621307,3.44466175,19.25000099,2.89214849,17.40000253
23.38677216,3.46007556,19.25000001,2.89785487,17.40000146
23.39735985,3.47556751,19.25000034,2.90353785,17.40000075
23.41576576,3.48000000,19.21459937,2.90919918,17.40000194
23.42675400,3.49078455,19.19999890,2.91483933,17.40000155
23.43729019,3.50623793,19.19999810,2.92045726,17.40000135
23.44785690,3.52177051,19.19999792,2.92605934,17.40000204
23.45845222,3.53738093,19.19999853,2.93163994,17.40000152
23.46908188,3.55307498,19.19999962,2.93720422,17.40000066
23.47974205,3.56885006,19.19999917,2.94275122,17.40000102
23.49043655,3.58470797,19.19999939,2.94828256,17.40000084
23.50116730,3.60065185,19.19999882,2.95380012,17.40000264
23.51193237,3.61667918,19.19999873,2.95930112,17.40000159
23.52206230,3.62999941,19.19246494,2.96478793,17.40000093
23.54347992,3.63014708,19.14999869,2.97026552,17.40000206
23.55420876,3.64613991,19.14999909,2.97572870,17.40000084
23.56449890,3.66222410,19.14999968,2.98000087,17.39696481
23.57510376,3.67839690,19.14999965,2.98000085,17.38324111
23.58560371,3.69466342,19.14999953,2.98000017,17.36996157
23.59600449,3.71102545,19.14999986,2.98000096,17.35711634
23.60598946,3.72748146,19.15000000,2.98220434,17.34999991
23.61681366,3.74403316,19.14999842,2.98729987,17.35000053
23.62768364,3.76068642,19.15000048,2.99238743,17.34999955
23.63859749,3.77743651,19.14999986,2.99746640,17.35000078
23.65528679,3.77999974,19.11751066,3.00253975,17.34999984
23.66649437,3.78892556,19.09999759,3.00761067,17.35000127
23.67739487,3.80566034,19.09999801,3.01267612,17.35000078
23.68834496,3.82249758,19.09999768,3.01773834,17.35000016
23.69934845,3.83944298,19.09999796,3.02279845,17.35000129
23.71040535,3.85649810,19.09999774,3.02785847,17.35000149
23.72052574,3.87366473,19.09999797,3.03000020,17.34392505
23.73058319,3.89094421,19.09999738,3.03000074,17.33363388
23.74061584,3.90833998,19.09999770,3.03000050,17.32362855
23.75063324,3.92585330,19.09999902,3.03000039,17.31390092
23.76873589,3.93000005,19.07348943,3.03000116,17.30444194
23.78324890,3.93544329,19.05000000,3.03245606,17.30000166
23.79436493,3.95295740,19.04999862,3.03717501,17.30000195
23.80554771,3.97059858,19.04999958,3.04189957,17.30000174
23.81679726,3.98836397,19.04999886,3.04663097,17.30000167
23.82811165,4.00625710,19.04999961,3.05136642,17.30000170
23.83949471,4.02427863,19.04999973,3.05611389,17.30000231
23.85095215,4.04243540,19.04999865,3.06086893,17.30000223
23.86248207,4.06072983,19.04999945,3.06563460,17.30000034
23.87409019,4.07916504,19.04999998,3.07041707,17.30000228
23.88953018,4.07999952,19.01963835,3.07520906,17.30000034
23.90095520,4.08684552,18.99999953,3.08000083,17.29997557
23.91102600,4.10531377,19.00000002,3.08000090,17.29193781
23.92112541,4.12392492,18.99999899,3.08000055,17.28408890
23.93125725,4.14268302,18.99999906,3.08000086,17.27641906
23.94143105,4.16159886,18.99999967,3.08000059,17.26891985
23.95164680,4.18066797,18.99999937,3.08000014,17.26158685
23.96190834,4.19989663,19.00000094,3.08000077,17.25441741
23.97267532,4.21928320,19.00000020,3.08169240,17.25000213
23.98472404,4.23883362,18.99999962,3.08623729,17.25000232
23.99686813,4.25855232,18.99999924,3.09080962,17.25000213
24.00911140,4.27844417,19.00000038,3.09540427,17.25000164
24.02297401,4.27999962,18.97297269,3.10002794,17.25000255
24.03525925,4.28406009,18.94999899,3.10467601,17.25000135
24.04758453,4.30403213,18.94999862,3.10935499,17.25000128
24.06001663,4.32418563,18.94999895,3.11406471,17.25000128
24.07255554,4.34452193,18.94999906,3.11880686,17.25000107
24.08520508,4.36504650,18.94999828,3.12358136,17.25000268
24.09796906,4.38576528,18.94999959,3.12838996,17.25000204
24.10943604,4.40667666,18.94999830,3.13000038,17.24568055
24.12046242,4.42778698,18.94999909,3.13000015,17.23929158
24.13157082,4.44909439,18.94999841,3.13000050,17.23301237
24.14276314,4.47061195,18.94999894,3.13000087,17.22683696
24.15460396,4.47999978,18.93433018,3.13000116,17.22076258
24.17125130,4.47999899,18.90701755,3.13000081,17.21478164
24.18155479,4.49606184,18.89999876,3.13000029,17.20888959
24.19287109,4.51794065,18.89999939,3.13000002,17.20309382
24.20428658,4.54004300,18.89999919,3.13000119,17.19738231
24.21580124,4.56237467,18.89999894,3.13000001,17.19175084
24.22628784,4.58000015,18.89418512,3.13000125,17.18620284
24.24225235,4.57999958,18.86773013,3.13000004,17.18072816
24.25437546,4.58726496,18.84999907,3.13000115,17.17532830
24.26605797,4.61001440,18.84999915,3.13000123,17.16999775
24.27785110,4.63300562,18.84999902,3.13000110,17.16473102
24.28976059,4.65624792,18.84999833,3.13000122,17.15952845
24.30178642,4.67974712,18.84999914,3.13000016,17.15439151
24.31418037,4.70350437,18.84999828,3.13064024,17.15000064
24.32854843,4.72752656,18.84999863,3.13535236,17.15000131
24.34307861,4.75181550,18.84999861,3.14012580,17.15000111
24.35778618,4.77638860,18.84999851,3.14496810,17.15000146
24.37266922,4.80124370,18.84999914,3.14987710,17.15000145
24.38773155,4.82638529,18.84999794,3.15485856,17.15000222
24.40297508,4.85181989,18.84999807,3.15991291,17.15000149
24.45209694,4.92999852,18.90206591,3.16504472,17.15000194
24.46543694,4.92999909,18.87589992,3.17025402,17.15000059
24.47862625,4.92999934,18.85005710,3.17554813,17.15000184
24.49201775,4.92999858,18.82452993,3.18000103,17.14911701
24.50686836,4.93073002,18.79999882,3.18000111,17.14395773
24.52045059,4.95740898,18.79999911,3.18000180,17.13884053
24.53263855,4.97999954,18.79592144,3.18000135,17.13375958
24.54761314,4.97999861,18.77102410,3.18000131,17.12871126
24.56078148,4.98397063,18.75000016,3.18000136,17.12369604
24.57468224,5.01132041,18.74999964,3.18000151,17.11870837
24.58603287,5.02999989,18.74206294,3.18000152,17.11374840
24.60064316,5.02999980,18.71777463,3.18000119,17.10881433
24.61255455,5.03727049,18.69999941,3.18000119,17.10390275
24.62679482,5.06532626,18.69999953,3.18000090,17.09901117
24.63780022,5.07999860,18.68846276,3.18000037,17.09414159
24.65209198,5.07999888,18.66472924,3.18000178,17.08928859
24.66323853,5.09067387,18.64999947,3.18000019,17.08444853
24.67784309,5.11947965,18.64999969,3.18000121,17.07962383
24.69263268,5.14866477,18.65000014,3.18000159,17.07480934
24.70760727,5.17822797,18.64999942,3.18000184,17.07000687
24.72104454,5.18000001,18.62798197,3.18000202,17.06520860
24.73502922,5.17999827,18.60480660,3.18000095,17.06041549
24.74783707,5.20374772,18.59999842,3.18000085,17.05562859
24.76321411,5.23412648,18.59999948,3.18000128,17.05084391
24.77878761,5.26490635,18.59999863,3.18000144,17.04606161
24.79002190,5.27999807,18.58813986,3.18000067,17.04127670
24.80385017,5.27999923,18.56526937,3.18000164,17.03648924
24.81511116,5.29023971,18.54999923,3.18000063,17.03170143
24.83111000,5.32187874,18.54999974,3.18000097,17.02690695
24.84266281,5.32999996,18.53317046,3.18000194,17.02210535
24.85625839,5.32999895,18.51079237,3.18000071,17.01729340
24.86763382,5.34654908,18.50000055,3.18000107,17.01247272
24.88407516,5.37907372,18.50000014,3.18000142,17.00763977
24.90073586,5.41204078,18.50000073,3.18000047,17.00279556
24.91312599,5.42999988,18.48975631,3.18311323,17.00000180
24.92477798,5.42999938,18.46768134,3.19058851,17.00000122
24.93609238,5.43644556,18.44999921,3.19826155,17.00000121
24.95697212,5.47032765,18.44999850,3.20614027,17.00000149
24.96879768,5.48000002,18.43438176,3.21422809,17.00000131
24.98037148,5.47999918,18.41277762,3.22253549,17.00000155
24.99300194,5.49392608,18.39999998,3.23000197,16.99934375
25.01061249,5.52873804,18.39999939,3.23000088,16.99399141
25.02359772,5.52999993,18.37942778,3.23000125,16.98862152
25.03686333,5.52999955,18.35829153,3.23000107,16.98322860
25.04957008,5.55140160,18.34999924,3.23000187,16.97781297
25.06465530,5.57999933,18.34582836,3.23000148,16.97237288
25.07782936,5.57999922,18.32494712,3.23000221,16.96690740
25.09091949,5.57999946,18.30426137,3.23000207,16.96141201
25.10392761,5.57999885,18.28376640,3.23000156,16.95589037
25.11685562,5.57999904,18.26346175,3.23000113,16.95033856
25.12812233,5.59204179,18.25000058,3.23000203,16.94475605
25.14663887,5.62864632,18.24999998,3.23000100,16.93913954
25.15913582,5.62999768,18.23068932,3.23000128,16.93349121
25.17190552,5.62999941,18.21083266,3.23000095,16.92780797
25.18460655,5.62999900,18.19115037,3.23000117,16.92208769
25.19723511,5.62999874,18.17165315,3.23000214,16.91633031
25.20979309,5.62999832,18.15233624,3.23000050,16.91053184
25.22228241,5.62999950,18.13319401,3.23000204,16.90469473
25.23470688,5.62999828,18.11422890,3.23000062,16.89881115
25.24706268,5.62999957,18.09544015,3.23000116,16.89288496
25.25935745,5.62999796,18.07682235,3.23000196,16.88691559
25.27158356,5.62999807,18.05838394,3.23000041,16.88089949
25.28375435,5.62999915,18.04010768,3.23000029,16.87483748
25.29586411,5.62999867,18.02199773,3.23000102,16.86872610
25.33048058,5.57999818,17.98027413,3.23000194,16.86256285
25.34235573,5.58000006,17.96273650,3.23000111,16.85634969
25.35417747,5.57999965,17.94535749,3.23000029,16.85008459
25.38835526,5.58000011,17.92813585,3.18000125,16.82069501
25.39996147,5.57999857,17.91106951,3.18000134,16.81454860
25.41152191,5.57999877,17.89415539,3.18000087,16.80834228
25.42303467,5.57999903,17.87739583,3.18000169,16.80207770
25.43450546,5.57999928,17.86078110,3.18000211,16.79574940
25.44593430,5.57999856,17.84431625,3.18000143,16.78935829
25.45731926,5.57999853,17.82799738,3.18000156,16.78290585
25.49070930,5.52999964,17.79025293,3.18000033,16.77638451
25.50191879,5.52999885,17.77441975,3.18000043,16.76979857
25.51309204,5.52999882,17.75872412,3.18000154,16.76314741
25.52422905,5.52999838,17.74316596,3.18000199,16.75643193
25.53532982,5.52999845,17.72774545,3.18000060,16.74964922
25.54640198,5.52999958,17.71245409,3.18000063,16.74279704
25.55744362,5.52999830,17.69729323,3.18000050,16.73587518
25.56845284,5.52999970,17.68226560,3.18000223,16.72888387
25.60112762,5.47999883,17.64724935,3.18000138,16.72182192
25.61200142,5.47999818,17.63263903,3.18000152,16.71468477
25.62284851,5.47999826,17.61815628,3.18000031,16.70747507
25.63367081,5.47999909,17.60379477,3.18000169,16.70019230
25.64447021,5.47999960,17.58955720,3.18000038,16.69283233
25.65524483,5.47999857,17.57544024,3.18000232,16.68539672
25.66600037,5.47999905,17.56144467,3.18000070,16.67788123
25.67673683,5.48000007,17.54756901,3.18000188,16.67028738
25.68745041,5.47999823,17.53381398,3.18000049,16.66261228
25.69814491,5.47999839,17.52018033,3.18000194,16.65485786
25.75613213,5.42999885,17.48797625,3.13000032,16.62832672
25.76667213,5.42999799,17.47470003,3.13000114,16.62052124
25.77720451,5.42999888,17.46153690,3.13000101,16.61262017
25.78772354,5.42999840,17.44849020,3.13000217,16.60463094
25.79823112,5.42999994,17.43555749,3.13000052,16.59654577
25.80873299,5.42999974,17.42273538,3.13000059,16.58836487
25.81922531,5.42999797,17.41002874,3.13000054,16.58008843
25.82971001,5.42999797,17.39743474,3.13000087,16.57171088
25.84018898,5.42999827,17.38495555,3.13000127,16.56323537
25.85066032,5.42999819,17.37259088,3.13000211,16.55465660
25.88225555,5.37999784,17.34263857,3.12999997,16.54596950
25.89267921,5.37999811,17.33058399,3.12999992,16.53717652
25.90310860,5.37999764,17.31863389,3.13000002,16.52826960
25.91353226,5.37999858,17.30679849,3.13000195,16.51925707
25.92395973,5.37999908,17.29507267,3.13000020,16.51012818
25.95543671,5.37999776,17.28345754,3.08000080,16.48349472
25.96584320,5.37999860,17.27195377,3.08000035,16.47418230
25.97625732,5.37999901,17.26056412,3.08000090,16.46474638
25.98668098,5.37999842,17.24929141,3.08000234,16.45517169
25.99710846,5.37999816,17.23813863,3.08000014,16.44546932
26.00754929,5.37999841,17.22709548,3.08000172,16.43562979
26.03897667,5.32999937,17.19898409,3.08000011,16.42565729
26.04942894,5.32999999,17.18818757,3.08000243,16.41554706
26.05989838,5.32999850,17.17750149,3.08000158,16.40529561
26.07038498,5.32999965,17.16693402,3.08000231,16.39488721
26.08088875,5.33000004,17.15648082,3.08000128,16.38433295
26.09141159,5.32999919,17.14613976,3.08000104,16.37362865
26.10195351,5.32999925,17.13591140,3.08000231,16.36277307
26.11251450,5.32999873,17.12579911,3.08000216,16.35176648
26.14403534,5.32999956,17.11580916,3.03000134,16.32335809
26.15465927,5.32999799,17.10593598,3.03000135,16.31198253
26.16531181,5.32999812,17.09617748,3.03000116,16.30043815
26.17598915,5.32999883,17.08653578,3.03000196,16.28872302
26.18669701,5.32999890,17.07701523,3.03000028,16.27682687
26.19743729,5.32999895,17.06761861,3.03000053,16.26474400
26.20820808,5.32999870,17.05833688,3.03000145,16.25248561
26.21900940,5.32999930,17.04916796,3.03000197,16.24005240
26.22984314,5.33000012,17.04011105,3.03000028,16.22744119
26.24071121,5.32999959,17.03117485,3.03000150,16.21463880
26.25161362,5.32999829,17.02234745,3.03000212,16.20166356
26.28356934,5.32999869,17.01362644,2.98000245,16.17057680
26.29459000,5.32999915,17.00500940,2.98000027,16.15715013
26.30565071,5.32999929,16.99650683,2.98000093,16.14353070
26.31675148,5.32999911,16.98810789,2.98000048,16.12973038
26.32788849,5.32999884,16.97980834,2.98000024,16.11575510
26.36017609,5.33000005,16.97160621,2.93000197,16.08309040
26.37146187,5.32999828,16.96350582,2.93000069,16.06861699
26.38279343,5.32999807,16.95550556,2.93000183,16.05395445
26.39345360,5.33634822,16.94999969,2.93000049,16.03910930
26.40613365,5.35678055,16.94999905,2.93000099,16.02408515
26.41864395,5.37664746,16.94999945,2.93000153,16.00887921
26.44968796,5.37999793,16.94382432,2.88000082,15.97408253
26.46124840,5.37999850,16.93645244,2.88000003,15.95833406
26.47285271,5.37999851,16.92917393,2.88000034,15.94240435
26.48450661,5.37999865,16.92198197,2.88000159,15.92628704
26.49621010,5.37999798,16.91488156,2.88000056,15.90997974
26.50796509,5.37999770,16.90787304,2.88000110,15.89347676
26.51977158,5.37999839,16.90095068,2.88000187,15.87678949
26.53162766,5.37999851,16.89411300,2.88000179,15.85991542
26.54353523,5.37999788,16.88735931,2.88000108,15.84285313
26.55549431,5.37999960,16.88068771,2.88000050,15.82560569
26.56750679,5.37999769,16.87410457,2.88000055,15.80816500
26.57957649,5.37999867,16.86759949,2.88000136,15.79052945
26.59170151,5.37999765,16.86117288,2.88000152,15.77270520
26.60388374,5.37999812,16.85482692,2.88000152,15.75468901
26.61612320,5.37999882,16.84855662,2.88000113,15.73647977
26.62841988,5.37999955,16.84236578,2.87999998,15.71807743
26.64077759,5.37999975,16.83625123,2.88000148,15.69947515
26.65319824,5.37999794,16.83021259,2.88000064,15.68067093
26.66567993,5.37999927,16.82425415,2.88000012,15.66166922
26.67822647,5.37999768,16.81836643,2.88000196,15.64246236
26.69083977,5.37999848,16.81255145,2.88000202,15.62305032
26.70352173,5.37999908,16.80681078,2.88000065,15.60342947
26.73882294,5.37999822,16.80113919,2.83000183,15.55924940
26.76965904,5.38904878,16.80000007,2.78000040,15.51427763
26.79973602,5.40002733,16.79999937,2.73000210,15.46849690
26.81205750,5.41059795,16.79999927,2.73571430,15.45000031
26.83827400,5.42077603,16.79999944,2.77797171,15.45000066
26.85010147,5.42999816,16.79970614,2.78000184,15.42948693
26.86346245,5.42999868,16.79477770,2.78000208,15.40769484
26.87838364,5.42999923,16.78992166,2.80707569,15.40000120
26.89912415,5.42999842,16.78513929,2.84828215,15.40000034
26.91959000,5.42999910,16.78043558,2.88894134,15.40000092
26.93977165,5.42999832,16.77580426,2.92903802,15.40000107
26.95967102,5.42999863,16.77124681,2.96857724,15.40000033
26.97120476,5.42999878,16.76676078,2.98000112,15.38444924
26.98448944,5.42999892,16.76234867,2.98000153,15.36229130
26.99655724,5.42999900,16.75800840,2.99749552,15.35000094
27.01590157,5.42999796,16.75373960,3.03594897,15.35000106
27.03532791,5.43076920,16.75000093,3.07385002,15.35000112
27.05742836,5.43761352,16.75000087,3.11120731,15.35000078
27.07123947,5.44415987,16.75000082,3.13000010,15.33901003
27.08294678,5.45042439,16.75000051,3.13000173,15.31644961
27.09448242,5.45640548,16.75000038,3.14019825,15.30000028
27.11547661,5.46210936,16.75000001,3.17648464,15.30000071
27.13608170,5.46755063,16.75000003,3.21225022,15.30000015
27.15629578,5.47273336,16.75000097,3.24749799,15.30000101
27.17502403,5.47765977,16.75000004,3.28000017,15.29853024
27.18733215,5.47999944,16.74842820,3.28000017,15.27560076
27.20046043,5.48000019,16.74538710,3.28000172,15.25238275
27.21604919,5.47999865,16.74242333,3.31071838,15.25000066
27.23297501,5.48000004,16.73953292,3.34444572,15.25000083
27.24965286,5.47999901,16.73671868,3.37768407,15.25000052
27.26608658,5.47999908,16.73397893,3.41043699,15.25000070
27.27754021,5.47999962,16.73131582,3.43000124,15.24075339
27.29063034,5.48000005,16.72872517,3.43000056,15.21716290
27.30145454,5.47999995,16.72620698,3.43902228,15.20000086
27.31741905,5.47999872,16.72375978,3.47085855,15.20000042
27.33315468,5.48000001,16.72138614,3.50223700,15.20000153
27.34866142,5.47999980,16.71908133,3.53316683,15.20000074
27.36394882,5.47999874,16.71684648,3.56365830,15.20000172
27.37901306,5.47999840,16.71467824,3.59370934,15.20000038
27.39386559,5.47999926,16.71257699,3.62334145,15.20000040
27.40472794,5.47999969,16.71054271,3.63000118,15.18135738
27.41792870,5.47999869,16.70857320,3.63000067,15.15692550
27.42932320,5.47999984,16.70666636,3.65100772,15.15000163
27.44377899,5.47999851,16.70481947,3.67986223,15.15000075
27.45803261,5.47999926,16.70303330,3.70831210,15.15000028
27.46949196,5.47999980,16.70130354,3.73000163,15.14432817
27.48268127,5.48041292,16.69999969,3.73000060,15.11925439
27.49321938,5.48217513,16.69999979,3.73680718,15.10000123
27.50791550,5.48382923,16.69999940,3.76454743,15.10000041
27.52237701,5.48537730,16.69999947,3.79192189,15.10000144
27.53660583,5.48682760,16.69999868,3.81892945,15.10000098
27.54641342,5.48818420,16.69999909,3.83000030,15.08482706
27.55955315,5.48945754,16.69999918,3.83000025,15.05857733
27.57008743,5.49064569,16.69999973,3.84805626,15.05000053
27.58383179,5.49175436,16.69999896,3.87443743,15.05000057
27.59736824,5.49278984,16.69999935,3.90047396,15.05000132
27.61070442,5.49375565,16.69999889,3.92617956,15.04999982
27.62247086,5.49465750,16.69999842,3.93000156,15.02694572
27.63596153,5.49549499,16.69999879,3.93060101,15.00000067
27.64908791,5.49627099,16.69999822,3.95607766,15.00000126
27.66202927,5.49699196,16.69999923,3.98123760,15.00000073
27.67478943,5.49766225,16.69999838,4.00608785,15.00000052
27.68737221,5.49828400,16.69999955,4.03063330,15.00000106
27.69977951,5.49885581,16.69999825,4.05487592,15.00000132
27.71201897,5.49938642,16.69999873,4.07882438,15.00000105
27.72572327,5.49987627,16.69999934,4.08000030,14.97264245
27.73742104,5.50032659,16.69999937,4.08543987,14.95000028
27.74951172,5.50073878,16.69999954,4.10920844,14.95000171
27.76144409,5.50111622,16.69999943,4.13269608,14.95000092
27.77322578,5.50146219,16.69999873,4.15591024,14.95000094
27.78485680,5.50178192,16.69999969,4.17885337,14.95000100
27.79634094,5.50207424,16.69999881,4.20152894,14.95000078
27.80768585,5.50234365,16.69999883,4.22395122,14.95000217
27.81934357,5.50259128,16.69999865,4.23000040,14.92755412
27.83320045,5.50282140,16.69999878,4.23275420,14.90000139
27.84445190,5.50303426,16.69999904,4.25504263,14.90000019
27.85557365,5.50323417,16.69999825,4.27708964,14.90000088
27.86657333,5.50342357,16.69999954,4.29889809,14.90000187
27.87744904,5.50360595,16.69999892,4.32046895,14.90000084
27.88780785,5.50378206,16.69999926,4.33000021,14.88170163
27.90367317,5.50395577,16.69999791,4.33123362,14.85000036
27.91450119,5.50412976,16.69999887,4.35271437,14.85000093
27.92521667,5.50430324,16.69999791,4.37397152,14.85000011
27.93582916,5.50448074,16.69999910,4.39501977,14.85000167
27.94634056,5.50466224,16.69999791,4.41585839,14.85000118
27.95675468,5.50485695,16.69999818,4.43649356,14.85000165
27.96707726,5.50506318,16.69999773,4.45693206,14.85000166
27.97730827,5.50528263,16.69999949,4.47717607,14.85000137
27.99318504,5.50551684,16.69999801,4.48000045,14.81839715
28.00380707,5.50576904,16.69999954,4.49037375,14.79999986
28.01405144,5.50604041,16.69999852,4.51059032,14.80000150
28.02421761,5.50633632,16.69999755,4.53062632,14.80000029
28.03430748,5.50665596,16.69999784,4.55048878,14.80000164
28.04432678,5.50700350,16.69999798,4.57017755,14.80000066
28.05558777,5.50737817,16.69999779,4.58000072,14.77991852
28.07082558,5.50778333,16.69999843,4.58540992,14.75000230
28.08089066,5.50822109,16.69999934,4.60510125,14.75000252
28.09089470,5.50869100,16.69999766,4.62463908,14.75000197
28.10083771,5.50919661,16.69999824,4.64402234,14.75000139
28.11072922,5.50974266,16.69999965,4.66325683,14.75000199
28.11982155,5.51032593,16.69999869,4.68000068,14.74447874
28.14206886,5.51095025,16.69999931,4.68052954,14.70000060
28.15203667,5.51161523,16.69999782,4.69980001,14.70000088
28.16195488,5.51232318,16.69999951,4.71892783,14.70000028
28.17182732,5.51307648,16.69999870,4.73792184,14.70000058
28.18165588,5.51387422,16.69999766,4.75678009,14.70000161
28.19144440,5.51472015,16.69999832,4.77551047,14.70000075
28.20119286,5.51561381,16.69999863,4.79411582,14.70000250
28.21090698,5.51655957,16.69999953,4.81259615,14.70000081
28.22058487,5.51755675,16.69999960,4.83095767,14.70000218
28.23023224,5.51860448,16.69999940,4.84920214,14.70000095
28.23984718,5.51970527,16.69999851,4.86733350,14.70000093
28.25074196,5.52085908,16.69999902,4.88000034,14.68315777
28.27991295,5.52206649,16.69999867,4.88000033,14.62482628
28.29374695,5.52333176,16.69999950,4.89095309,14.60000170
28.30366898,5.52465345,16.69999969,4.90947611,14.60000148
28.31356621,5.52603174,16.69999826,4.92789024,14.60000099
28.33873940,5.52746907,16.69999911,4.93236028,14.55000087
28.34878922,5.52896599,16.69999940,4.95096346,14.55000094
28.35881615,5.53051975,16.69999899,4.96946131,14.55000011
28.37548256,5.53213454,16.69999905,4.98000026,14.51896197
28.38774300,5.53380948,16.69999867,4.99387841,14.50000277
28.39790344,5.53554829,16.69999760,5.01245920,14.50000139
28.40778732,5.53734906,16.69999823,5.03000014,14.49591574
28.43128777,5.53921281,16.69999892,5.03818950,14.45000238
28.44157982,5.54113926,16.69999904,5.05684835,14.45000031
28.45185661,5.54312946,16.69999846,5.07541150,14.45000202
28.46212006,5.54518737,16.69999873,5.09387925,14.45000248
28.47236633,5.54730796,16.69999774,5.11225147,14.45000030
28.48243523,5.54949545,16.69999767,5.12999998,14.44714903
28.50676155,5.55174772,16.69999964,5.13976280,14.40000016
28.51714897,5.55406853,16.69999915,5.15821524,14.40000224
28.52752304,5.55645493,16.69999830,5.17657648,14.40000123
28.53788757,5.55891163,16.69999913,5.19484890,14.40000146
28.54824066,5.56143533,16.69999771,5.21303241,14.40000063
28.55858612,5.56402940,16.69999945,5.23112853,14.40000174
28.56892395,5.56669354,16.69999758,5.24913923,14.40000205
28.57925415,5.56943041,16.69999782,5.26706208,14.40000041
28.60037231,5.57223757,16.69999815,5.28000011,14.36080426
28.61156654,5.57511718,16.69999817,5.29672722,14.35000214
28.62203789,5.57806971,16.69999826,5.31471915,14.35000122
28.63323021,5.58000005,16.68962600,5.33262504,14.35000150
28.65146065,5.58000011,16.65781858,5.35044568,14.35000070
28.66240501,5.58270644,16.64999851,5.36818350,14.35000080
28.68878555,5.58626303,16.64999956,5.38147764,14.30000160
28.69953537,5.58989671,16.64999944,5.39934414,14.29999992
28.71027565,5.59360368,16.64999817,5.41711813,14.30000213
28.72101212,5.59738531,16.64999966,5.43480883,14.30000135
28.73174095,5.60124361,16.64999908,5.45240912,14.30000056
28.74246597,5.60517847,16.64999995,5.46992465,14.30000214
28.77020454,5.60919056,16.65000023,5.48994349,14.35000108
28.78077698,5.61328930,16.64999861,5.50699070,14.35000016
28.79134750,5.61746764,16.64999822,5.52395382,14.35000166
28.86750221,5.62172800,16.65000037,5.54610446,14.50000173
28.87766075,5.62606960,16.65000026,5.56207941,14.50000261
28.89182854,5.62999986,16.62975540,5.57797601,14.50000250
28.90634918,5.63405371,16.59999920,5.59474457,14.55000000
28.91651726,5.63891718,16.59999709,5.61021662,14.55000023
28.92668724,5.64386467,16.59999851,5.62561266,14.55000164
28.93686485,5.64889783,16.59999883,5.64093120,14.55000214
28.94704437,5.65402225,16.59999841,5.65616752,14.55000195
28.95722771,5.65923856,16.59999753,5.67131617,14.55000135
28.98412323,5.66454356,16.59999804,5.68585410,14.60000167
28.99419594,5.66993327,16.59999712,5.70060932,14.60000053
29.00427628,5.67541224,16.59999910,5.71529026,14.60000123
29.01436424,5.68098884,16.59999751,5.72988833,14.60000191
29.02445793,5.68665252,16.59999765,5.74441161,14.60000143
29.03455734,5.69240096,16.59999865,5.75886177,14.60000158
29.04466248,5.69823522,16.59999732,5.77323773,14.60000181
29.07125664,5.70416474,16.59999891,5.78544787,14.65000043
29.08127022,5.71018006,16.59999845,5.79946258,14.65000032
29.09129143,5.71627696,16.59999828,5.81340790,14.65000127
29.10132408,5.72246007,16.59999784,5.82728792,14.65000098
29.12883377,5.73161351,16.54999889,5.84109606,14.65000120
29.13897514,5.73816044,16.54999896,5.85483330,14.65000124
29.14912415,5.74478481,16.54999860,5.86850484,14.65000146
29.15927696,5.75148465,16.54999951,5.88211063,14.65000211
29.16943550,5.75826260,16.54999963,5.89565236,14.65000200
29.17959976,5.76512234,16.54999922,5.90912049,14.65000135
29.18976974,5.77205688,16.54999843,5.92252624,14.65000255
29.21605301,5.77906317,16.54999953,5.93174111,14.70000232
29.22615242,5.78614274,16.54999986,5.94486128,14.70000144
29.23625946,5.79329679,16.55000004,5.95791988,14.70000060
29.24637222,5.80052555,16.54999873,5.97091772,14.70000200
29.25649261,5.80782327,16.55000010,5.98385937,14.70000205
29.26661873,5.81518804,16.54999823,5.99674530,14.70000151
29.27675056,5.82262110,16.54999797,6.00957850,14.70000179
29.28689003,5.83011993,16.54999981,6.02235732,14.70000239
29.29703331,5.83768840,16.54999798,6.03507565,14.70000040
29.30718422,5.84532245,16.54999960,6.04774412,14.70000086
29.31734085,5.85301842,16.54999816,6.06035999,14.70000145
29.32750130,5.86077539,16.54999842,6.07292573,14.70000139
29.35187912,5.86859345,16.54999828,6.08000006,14.74642811
29.36194038,5.87647165,16.54999958,6.09192414,14.75000140
29.37205887,5.88441059,16.54999938,6.10421871,14.75000168
29.38218117,5.89240892,16.54999806,6.11646679,14.75000274
29.39230919,5.90046291,16.54999904,6.12866823,14.75000063
29.40244484,5.90857295,16.54999834,6.14082913,14.75000126
29.41258430,5.91673718,16.54999942,6.15294641,14.75000215
29.42273140,5.92495437,16.54999891,6.16502231,14.75000235
29.43288422,5.93322411,16.54999943,6.17705845,14.75000163
29.44304276,5.94154560,16.54999787,6.18905229,14.75000117
29.45320320,5.94991702,16.54999786,6.20100400,14.75000161
29.46337128,5.95834020,16.54999975,6.21291407,14.75000256
29.47354126,5.96681104,16.54999982,6.22478526,14.75000102
29.48371506,5.97532798,16.54999846,6.23661416,14.75000136
29.49389458,5.98389473,16.54999803,6.24840923,14.75000120
29.50407982,5.99250671,16.54999918,6.26016629,14.75000085
29.51426697,6.00116259,16.54999950,6.27188640,14.75000272
29.52870369,6.00986239,16.55000018,6.27999989,14.77347307
29.54426575,6.01860572,16.54999964,6.28753342,14.80000061
29.55442429,6.02739024,16.54999859,6.29906672,14.80000155
29.56458664,6.03621639,16.54999851,6.31056589,14.80000099
29.57475281,6.04508300,16.54999805,6.32203181,14.80000217
29.58492470,6.05399148,16.54999863,6.33346843,14.80000169
29.59510040,6.06293812,16.55000020,6.34487298,14.80000199
29.60528183,6.07192488,16.54999822,6.35624614,14.80000031
29.61546326,6.08094869,16.54999980,6.36758877,14.80000155
29.62565041,6.09000889,16.54999910,6.37889980,14.79999995
29.65136719,6.09910649,16.54999870,6.38186481,14.85000164
29.66152954,6.10823932,16.55000005,6.39305559,14.84999993
29.67169380,6.11740630,16.54999830,6.40421560,14.85000159
29.68185997,6.12660763,16.54999816,6.41535008,14.85000187
29.70042610,6.13000014,16.58418020,6.42645783,14.85000149
29.71225548,6.13651226,16.59999827,6.43753896,14.85000197
29.72240639,6.14576207,16.59999706,6.44859201,14.85000222
29.73256302,6.15504584,16.59999919,6.45962022,14.85000226
29.74272156,6.16436197,16.59999743,6.47062130,14.85000207
29.75288391,6.17371140,16.59999812,6.48159644,14.85000053
29.76304817,6.18309229,16.59999882,6.49254523,14.85000004
29.77321434,6.19250218,16.59999786,6.50346639,14.85000171
29.78338432,6.20194491,16.59999923,6.51436481,14.85000201
29.79355812,6.21141873,16.59999812,6.52523794,14.85000084
29.81190109,6.22092153,16.59999818,6.52999975,14.88380175
29.82378960,6.23045429,16.59999728,6.53786892,14.90000067
29.83395195,6.24001562,16.59999758,6.54863286,14.90000046
29.84411621,6.24960394,16.59999811,6.55937206,14.90000191
29.85428238,6.25922064,16.59999883,6.57009042,14.90000016
29.86444855,6.26886166,16.59999833,6.58078164,14.90000089
29.87461853,6.27853050,16.59999927,6.59145249,14.90000237
29.88479233,6.28822738,16.59999792,6.60210320,14.90000056
29.89496613,6.29794873,16.59999715,6.61272901,14.90000073
29.90514183,6.30769481,16.59999873,6.62333268,14.90000244
29.91531754,6.31746670,16.59999934,6.63391557,14.90000226
29.92549515,6.32726236,16.59999789,6.64447513,14.90000171
29.93567467,6.33708222,16.59999940,6.65501254,14.90000049
29.94585228,6.34692389,16.59999855,6.66552656,14.90000150
29.95603371,6.35679345,16.59999935,6.67602060,14.90000011
29.97463036,6.36668435,16.59999731,6.67999965,14.93451219
29.98629189,6.37659731,16.59999883,6.68751919,14.95000241
29.99646568,6.38653320,16.59999860,6.69793294,14.95000038
30.00664330,6.39649194,16.59999750,6.70832669,14.95000189
30.01681900,6.40647004,16.59999916,6.71869981,14.95000135
30.02699471,6.41647093,16.59999899,6.72905378,14.95000087
30.03717232,6.42649189,16.59999826,6.73938624,14.95000202
30.05571365,6.43000021,16.63441036,6.74969820,14.95000099
30.06739044,6.43709605,16.64999874,6.75999189,14.95000163
30.07756424,6.44717033,16.64999820,6.77026415,14.95000151
30.08773804,6.45726652,16.64999875,6.78051640,14.95000185
30.09791183,6.46738318,16.65000016,6.79074832,14.95000042
30.10808563,6.47752001,16.65000006,6.80095945,14.95000194
30.11826134,6.48767788,16.64999970,6.81115196,14.95000079
30.12843704,6.49785455,16.65000003,6.82132450,14.95000029
30.13863564,6.50804798,16.64999855,6.82999974,14.95775205
30.16063881,6.51826123,16.64999874,6.83209859,15.00000269
30.17081261,6.52849221,16.65000016,6.84221455,15.00000207
30.18098831,6.53874344,16.64999864,6.85231330,15.00000141
30.19116211,6.54901265,16.65000022,6.86239115,15.00000133
30.20133400,6.55929960,16.65000009,6.87244998,15.00000273
30.21150589,6.56960244,16.64999820,6.88249136,15.00000087
30.22167778,6.57992428,16.64999821,6.89251239,15.00000109
30.23184586,6.59025892,16.64999971,6.90251284,15.00000140
30.24201584,6.60061404,16.64999850,6.91249715,15.00000210
30.25218391,6.61098450,16.64999873,6.92246260,15.00000283
30.26235008,6.62137163,16.65000036,6.93241090,15.00000117
30.27275658,6.63000019,16.65942343,6.94233845,15.00000238
30.29401588,6.63279711,16.69999951,6.95224806,15.00000261
30.30418777,6.64324804,16.69999960,6.96213844,15.00000182
30.31435585,6.65371467,16.69999928,6.97200889,15.00000145
30.32452202,6.66419574,16.69999807,6.98186142,15.00000193
30.33468628,6.67469217,16.69999875,6.99169343,15.00000283
30.34485054,6.68520506,16.69999961,7.00150972,15.00000056
30.35501289,6.69573208,16.69999956,7.01130726,15.00000143
30.36517334,6.70627533,16.69999899,7.02108314,15.00000262
30.37532997,6.71683330,16.69999753,7.03084008,15.00000206
30.38548660,6.72740423,16.69999874,7.04058026,15.00000145
30.39563942,6.73798908,16.69999896,7.05030048,15.00000153
30.40579033,6.74858948,16.69999977,7.06000127,15.00000115
30.41593552,6.75920064,16.69999931,7.06968203,15.00000168
30.42608261,6.76982764,16.69999889,7.07934852,15.00000226
30.45270729,6.78000029,16.70258129,7.07999991,15.04955669
30.47733688,6.78207828,16.75000069,7.08957622,15.05000168
30.48750687,6.79277705,16.74999917,7.09921514,15.04999991
30.49767303,6.80348939,16.74999931,7.10883598,15.05000203
30.50783730,6.81421461,16.74999936,7.11843999,15.05000206
30.51799965,6.82495338,16.75000100,7.12802644,15.05000119
30.52815819,6.83570249,16.75000055,7.13759355,15.05000116
30.53831673,6.84646816,16.74999876,7.14714344,15.05000212
30.54847145,6.85724605,16.74999970,7.15667612,15.05000144
30.55862427,6.86803592,16.74999936,7.16619152,15.05000023
30.56877327,6.87883710,16.75000034,7.17568741,15.05000067
30.57891846,6.88965017,16.74999879,7.18516674,15.04999985
30.58906364,6.90047636,16.74999992,7.19462879,15.04999976
30.59920311,6.91131327,16.74999962,7.20407183,15.05000161
30.60934067,6.92216096,16.74999922,7.21349758,15.05000213
30.62169456,6.93000035,16.76769884,7.22290369,15.05000030
30.63945961,6.93540801,16.79999963,7.23229430,15.05000189
30.64961052,6.94633419,16.79999804,7.24166695,15.04999978
30.65975761,6.95727109,16.79999830,7.25102421,15.05000164
30.66990089,6.96821993,16.79999906,7.26036271,15.05000017
30.68004036,6.97917894,16.79999957,7.26968217,15.04999996
30.69017601,6.99015076,16.79999985,7.27898362,15.05000093
30.70031166,7.00113249,16.79999988,7.28827040,15.05000171
30.71043968,7.01212223,16.80000002,7.29753665,15.05000193
30.72056389,7.02312380,16.80000015,7.30678702,15.05000168
30.73068810,7.03413808,16.79999978,7.31602033,15.05000046
30.74080849,7.04516131,16.79999807,7.32523814,15.05000059
30.75684166,7.05619569,16.79999977,7.33000000,15.07790265
30.77071190,7.06723957,16.79999856,7.33572307,15.10000213
30.78084755,7.07829397,16.79999968,7.34494149,15.10000093
30.80661392,7.08156761,16.84999829,7.35414454,15.10000055
30.81676865,7.09269254,16.84999757,7.36332886,15.10000008
30.82692146,7.10382861,16.84999776,7.37249976,15.10000123
30.83707237,7.11497502,16.84999745,7.38165441,15.10000009
30.84721947,7.12613213,16.84999820,7.39079224,15.10000041
30.85736084,7.13729611,16.84999763,7.39991306,15.10000077
30.86750221,7.14847024,16.84999718,7.40902128,15.10000008
30.87763786,7.15965246,16.84999809,7.41811054,15.10000159
30.88777351,7.17084507,16.84999864,7.42718615,15.10000168
30.89928436,7.18000022,16.86408045,7.43624580,15.10000135
30.91876602,7.18605170,16.89999974,7.44528663,15.10000197
30.92891884,7.19733128,16.90000035,7.45431565,15.10000058
30.93906975,7.20862066,16.89999821,7.46332741,15.10000020
30.94921875,7.21991833,16.90000012,7.47232594,15.10000125
30.95936394,7.23122507,16.90000043,7.48130967,15.10000026
30.96950531,7.24253972,16.89999907,7.49027711,15.10000212
30.97964287,7.25386290,16.89999989,7.49923048,15.10000110
30.98977661,7.26519347,16.89999978,7.50816834,15.10000169
30.99990463,7.27653049,16.89999944,7.51708848,15.10000184
31.02581787,7.28126181,16.94999851,7.52599567,15.10000034
31.03597450,7.29268320,16.94999958,7.53488922,15.10000120
31.04612923,7.30411230,16.94999761,7.54376839,15.10000200
31.05628014,7.31555086,16.94999769,7.55263229,15.10000012
31.06642914,7.32699713,16.94999790,7.56148304,15.10000179
31.07657242,7.33844965,16.94999785,7.57031840,15.10000168
31.08671570,7.34991116,16.94999952,7.57914134,15.10000165
31.11269569,7.36137709,16.94999933,7.58182370,15.15000093
31.12286758,7.37285323,16.94999739,7.59068961,15.15000094
31.13303566,7.38433492,16.94999911,7.59954470,15.15000149
31.14319992,7.39582446,16.94999911,7.60838399,15.15000129
31.15336418,7.40732256,16.94999858,7.61721256,15.15000207
31.16352081,7.41882454,16.94999735,7.62602679,15.15000157
31.17361832,7.43000011,16.95294635,7.63482878,15.15000060
31.19831657,7.43624515,16.99999918,7.64361761,15.15000094
31.20850563,7.44784334,17.00000026,7.65239553,15.15000019
31.21868706,7.45944610,17.00000078,7.66115804,15.15000052
31.22887039,7.47105904,17.00000020,7.66991189,15.15000241
31.23905182,7.48267953,16.99999890,7.67865285,15.15000071
31.24922943,7.49430457,17.00000037,7.68738230,15.15000211
31.25940323,7.50593618,16.99999983,7.69610044,15.15000173
31.26957512,7.51757311,16.99999978,7.70480442,15.15000194
31.27974319,7.52921602,17.00000000,7.71349930,15.15000054
31.30590630,7.53596542,17.04999925,7.72218300,15.15000144
31.31610870,7.54769951,17.04999958,7.73085269,15.15000076
31.32630920,7.55944136,17.04999968,7.73951091,15.15000036
31.33650780,7.57118865,17.05000025,7.74815963,15.15000160
31.34670258,7.58294310,17.04999911,7.75679628,15.15000186
31.35689545,7.59470405,17.04999853,7.76542129,15.15000132
31.36708641,7.60646991,17.04999781,7.77403626,15.15000204
31.37727547,7.61824409,17.04999918,7.78263980,15.15000082
31.38746071,7.63002332,17.04999947,7.79123262,15.15000014
31.39764214,7.64180665,17.04999972,7.79981207,15.15000071
31.40782356,7.65359775,17.05000024,7.80838378,15.15000084
31.41800308,7.66539748,17.04999885,7.81694469,15.15000033
31.42818260,7.67720355,17.05000013,7.82549457,15.15000191
31.47858238,7.68519735,17.09999784,7.83021640,15.20000175
31.48884201,7.69710168,17.09999830,7.83883140,15.20000130
31.49910164,7.70901302,17.09999946,7.84743692,15.20000094
31.50935745,7.72093022,17.09999863,7.85603160,15.20000089
31.51961327,7.73285452,17.09999721,7.86461744,15.20000252
31.52986336,7.74478292,17.09999938,7.87319116,15.20000247
31.54011536,7.75672073,17.09999842,7.88175654,15.20000180
31.55036545,7.76866516,17.09999738,7.89031289,15.20000100
31.56061363,7.78061667,17.09999734,7.89885864,15.20000114
31.57086182,7.79257486,17.09999944,7.90739636,15.20000137
31.58110809,7.80453882,17.09999887,7.91592292,15.20000164
31.59135246,7.81651113,17.09999855,7.92444117,15.20000256
31.60159492,7.82848943,17.09999903,7.93294879,15.20000222
31.61183739,7.84047356,17.09999914,7.94144726,15.20000212
31.62207794,7.85246650,17.09999888,7.94993780,15.20000225
31.63231850,7.86446626,17.09999914,7.95841927,15.20000141
31.64255905,7.87647412,17.09999907,7.96689202,15.20000083
31.65279579,7.88848609,17.09999942,7.97535382,15.20000183
31.66303444,7.90050729,17.09999742,7.98380890,15.20000130
31.67327118,7.91253528,17.09999771,7.99225484,15.20000189
31.68350601,7.92456872,17.09999839,8.00069118,15.20000170
31.71017265,7.93469824,17.14999865,8.00911757,15.20000212
31.72045326,7.94684153,17.15000013,8.01753622,15.20000182
31.73073578,7.95899314,17.14999879,8.02594755,15.20000034
31.74101639,7.97115260,17.14999936,8.03435015,15.20000266
31.75129700,7.98332050,17.15000001,8.04274561,15.20000196
31.76157761,7.99549456,17.15000010,8.05113248,15.20000267
31.77185822,8.00767539,17.15000010,8.05951053,15.20000052
31.78213882,8.01986569,17.14999961,8.06788119,15.20000221
31.79241943,8.03206460,17.14999832,8.07624383,15.20000065
31.80269814,8.04426811,17.14999927,8.08459806,15.20000123
31.81297874,8.05648139,17.14999996,8.09294533,15.20000156
31.82325745,8.06870276,17.15000039,8.10128382,15.20000164
31.83353996,8.08093267,17.14999945,8.10961684,15.20000047
31.84382057,8.09316940,17.14999860,8.11794067,15.20000218
31.85410118,8.10541601,17.14999930,8.12625843,15.20000079
31.86438370,8.11767070,17.14999996,8.13456820,15.20000239
31.87466621,8.12993264,17.14999900,8.14287103,15.20000050
31.88494873,8.14220096,17.15000000,8.15116597,15.20000104
31.89523315,8.15447979,17.15000024,8.15945522,15.20000175
31.90551949,8.16676873,17.15000040,8.16773931,15.20000063
31.91580391,8.17906266,17.14999875,8.17601399,15.20000107
31.94287300,8.19136759,17.14999973,8.18446499,15.25000253
31.95321274,8.20368027,17.14999889,8.19283051,15.25000051
31.96355247,8.21600281,17.14999811,8.20119082,15.25000216
31.97389603,8.22833334,17.15000027,8.20954578,15.25000281
32.00106430,8.24126909,17.19999835,8.21789228,15.25000170
32.01146317,8.25372162,17.19999948,8.22623523,15.25000271
32.02186203,8.26618563,17.19999922,8.23457300,15.25000152
32.03226471,8.27865943,17.19999811,8.24290388,15.25000111
32.04267120,8.29114227,17.19999737,8.25123173,15.25000050
32.05307770,8.30363434,17.19999952,8.25955193,15.25000208
32.06348801,8.31613539,17.19999814,8.26786806,15.25000213
32.07389832,8.32864781,17.19999752,8.27618042,15.25000260
32.08431244,8.34116943,17.19999770,8.28448584,15.25000099
32.09472656,8.35369972,17.19999841,8.29278670,15.25000236
32.10514832,8.36624148,17.19999924,8.30108268,15.25000121
32.11557007,8.37879379,17.19999873,8.30937494,15.25000107
32.12599182,8.39135550,17.19999812,8.31766110,15.25000098
32.13642120,8.40392763,17.19999791,8.32594407,15.25000144
32.14685059,8.41651013,17.19999795,8.33422097,15.25000256
32.15728378,8.42910385,17.19999838,8.34249616,15.25000177
32.16772079,8.44170782,17.19999895,8.35076589,15.25000167
32.17816162,8.45432204,17.19999960,8.35903203,15.25000227
32.18860626,8.46694926,17.19999786,8.36729439,15.25000113
32.19905472,8.47958664,17.19999805,8.37555376,15.25000259
32.20950699,8.49223445,17.19999812,8.38380849,15.25000237
32.21996307,8.50489509,17.19999857,8.39206066,15.25000100
32.23041916,8.51756609,17.19999810,8.40030727,15.25000242
32.24088669,8.53024788,17.19999751,8.40855299,15.25000208
32.25135422,8.54294327,17.19999879,8.41679491,15.25000269
32.26182175,8.55564623,17.19999976,8.42503071,15.25000160
32.27230072,8.56836310,17.19999766,8.43326602,15.25000142
32.28277969,8.58109319,17.19999920,8.44149845,15.25000165
32.29326630,8.59383544,17.19999815,8.44972749,15.25000084
32.30375671,8.60658931,17.19999875,8.45795389,15.25000094
32.31425095,8.61935592,17.19999788,8.46617835,15.25000149
32.32475281,8.63213625,17.19999899,8.47440108,15.25000108
32.33525848,8.64492891,17.19999856,8.48262112,15.25000108
32.34577179,8.65773315,17.19999951,8.49083814,15.25000200
32.35628510,8.67055036,17.19999910,8.49905275,15.25000155
32.37698364,8.67999969,17.16255940,8.50726520,15.25000212
32.38871002,8.69159251,17.14999898,8.51547628,15.25000184
32.39918518,8.70433183,17.14999810,8.52368609,15.25000200
32.40966415,8.71708451,17.14999845,8.53189432,15.25000071
32.42015076,8.72984945,17.15000023,8.54009947,15.25000107
32.43064117,8.74262972,17.15000004,8.54830520,15.25000193
32.44113922,8.75542284,17.14999832,8.55650884,15.25000139
32.45164490,8.76822702,17.14999979,8.56470932,15.25000189
32.46215439,8.78104980,17.14999980,8.57290969,15.25000170
32.47267151,8.79388601,17.14999996,8.58111010,15.25000198
32.48320007,8.80673733,17.14999863,8.58931019,15.25000144
32.49372864,8.81960109,17.15000022,8.59750908,15.25000188
32.50426865,8.83248194,17.14999897,8.60570761,15.25000054
32.51481628,8.84537843,17.14999873,8.61390422,15.25000141
32.52537155,8.85828848,17.14999817,8.62210235,15.25000273
32.53592682,8.87121089,17.14999982,8.63029557,15.25000278
32.54649734,8.88415107,17.14999898,8.63849130,15.25000138
32.55707169,8.89710756,17.14999819,8.64668712,15.25000167
32.56765747,8.91008050,17.14999936,8.65488266,15.25000062
32.57824707,8.92306833,17.14999999,8.66307779,15.25000062
32.58885193,8.93607620,17.14999873,8.67127421,15.25000090
32.59946060,8.94909929,17.14999922,8.67947091,15.25000214
32.61007690,8.96213694,17.15000036,8.68766673,15.25000097
32.62070465,8.97519362,17.15000021,8.69586393,15.25000100
32.63133621,8.98826303,17.14999829,8.70406223,15.25000086
32.64198303,9.00135437,17.14999880,8.71226277,15.25000088
32.65263748,9.01446195,17.15000020,8.72046305,15.25000194
32.66329956,9.02758534,17.14999851,8.72866659,15.25000184
32.68917847,9.03273058,17.09999895,8.73687063,15.25000133
32.69979477,9.04576103,17.09999880,8.74507862,15.25000220
32.71042252,9.05880608,17.09999871,8.75328662,15.25000051
32.72106171,9.07186772,17.09999792,8.76149961,15.25000232
32.73771286,9.08000004,17.07097852,8.76971223,15.25000111
32.75140762,9.08939131,17.04999875,8.77792904,15.25000133
32.76200867,9.10237400,17.04999862,8.78615090,15.25000107
32.77262115,9.11537438,17.04999967,8.79437497,15.25000203
32.78324509,9.12839065,17.04999912,8.80260298,15.25000112
32.79387665,9.14142381,17.04999977,8.81083445,15.25000119
32.80451965,9.15447421,17.05000006,8.81907039,15.25000073
32.81517410,9.16754154,17.04999983,8.82731181,15.25000212
32.82583618,9.18062494,17.04999879,8.83555396,15.25000064
32.83651352,9.19372670,17.04999861,8.84380371,15.25000224
32.84720230,9.20684792,17.04999878,8.85205820,15.25000233
32.85789871,9.21998607,17.04999946,8.86031629,15.25000067
32.86988831,9.22999990,17.03448643,8.86858130,15.25000055
32.88855743,9.23605208,16.99999977,8.87685069,15.25000198
32.89922333,9.24910635,16.99999894,8.88512571,15.25000155
32.90990067,9.26218075,17.00000089,8.89340751,15.25000155
32.92058945,9.27527269,16.99999973,8.90169592,15.25000098
32.93128967,9.28838068,17.00000070,8.90998948,15.25000255
32.94200516,9.30150814,17.00000078,8.91829052,15.25000099
32.95273209,9.31465470,16.99999995,8.92660072,15.25000091
32.96347427,9.32781983,17.00000046,8.93491497,15.25000066
32.97422791,9.34100277,16.99999899,8.94323839,15.25000070
32.98499298,9.35420597,16.99999933,8.95156957,15.25000073
32.99577332,9.36742553,16.99999929,8.95990847,15.25000284
33.00656509,9.38066660,17.00000073,8.96825452,15.25000244
33.01737213,9.39392331,16.99999895,8.97660701,15.25000171
33.02819061,9.40720284,16.99999923,8.98497117,15.25000091
33.03902817,9.42049952,16.99999956,8.99334404,15.25000280
33.05084610,9.42999943,16.98454112,9.00172329,15.25000100
33.06930923,9.43466412,16.94999806,9.01011372,15.25000199
33.08011627,9.44788073,16.94999853,9.01851316,15.25000156
33.09093857,9.46111380,16.94999744,9.02692316,15.25000129
33.10411453,9.47436817,16.94999848,9.03000075,15.22932033
33.12035370,9.48763813,16.94999849,9.03071376,15.20000207
33.13114929,9.50093107,16.94999805,9.03900854,15.20000117
33.14196014,9.51424535,16.94999871,9.04731505,15.20000223
33.15278625,9.52757924,16.94999969,9.05563265,15.20000161
33.17354965,9.53000004,16.90988225,9.06396001,15.20000243
33.18420410,9.54053828,16.90000044,9.07229774,15.20000112
33.19500351,9.55379004,16.89999952,9.08064735,15.20000225
33.20582199,9.56706259,16.89999941,9.08900711,15.20000245
33.21649551,9.57999991,16.89874859,9.09737930,15.20000135
33.24005508,9.57999986,16.85238043,9.10576177,15.20000095
33.25057220,9.59250741,16.84999897,9.11415761,15.20000228
33.26138306,9.60571913,16.84999887,9.12256575,15.20000066
33.27220917,9.61895113,16.84999931,9.13098603,15.20000220
33.28305054,9.63220394,16.84999885,9.13941755,15.20000064
33.29391479,9.64547980,16.84999920,9.14786455,15.20000232
33.30479050,9.65877703,16.84999819,9.15632318,15.20000076
33.31568527,9.67209479,16.84999732,9.16479544,15.20000171
33.32767487,9.67999942,16.83249256,9.17327902,15.20000041
33.34738541,9.68312854,16.79999988,9.18000004,15.19432439
33.36235809,9.69636544,16.79999960,9.18000035,15.16746721
33.37424088,9.70962588,16.79999828,9.18285612,15.15000186
33.38507462,9.72290630,16.79999819,9.19124847,15.15000049
33.39737701,9.72999977,16.78089573,9.19965724,15.15000040
33.41386795,9.73313069,16.74999884,9.20807924,15.15000109
33.42469025,9.74633254,16.74999889,9.21651802,15.15000069
33.43552780,9.75955355,16.74999875,9.22496999,15.15000179
33.44638443,9.77280052,16.74999904,9.23343859,15.15000145
33.45726013,9.78606947,16.74999990,9.24192134,15.15000159
33.46815491,9.79936175,16.75000041,9.25042100,15.15000095
33.47907257,9.81267654,16.74999879,9.25893633,15.15000054
33.49000931,9.82601780,16.75000076,9.26746905,15.15000163
33.50473022,9.82999976,16.72335688,9.27601865,15.15000237
33.52341080,9.83501276,16.69999920,9.28000035,15.13709296
33.53705978,9.84827302,16.69999909,9.28000070,15.11323956
33.54782867,9.86155487,16.69999814,9.28370639,15.09999997
33.55871582,9.87486287,16.69999816,9.29217248,15.10000050
33.57178879,9.87999895,16.67768130,9.30065696,15.10000046
33.58678436,9.88303903,16.64999964,9.30915872,15.09999993
33.59765625,9.89626725,16.64999903,9.31767843,15.10000212
33.60855484,9.90952061,16.64999863,9.32621716,15.10000105
33.61915207,9.92279829,16.64999880,9.33000097,15.08742037
33.63214493,9.93610110,16.64999863,9.33000093,15.06509502
33.64314270,9.94942711,16.64999989,9.33266925,15.05000078
33.65404892,9.96277835,16.64999966,9.34113032,15.05000026
33.66497803,9.97615594,16.64999924,9.34961152,15.05000192
33.67856979,9.97999918,16.62577976,9.35811158,15.05000086
33.69271088,9.98309973,16.59999776,9.36663372,15.05000150
33.70363235,9.99640156,16.59999798,9.37517459,15.05000182
33.71457291,10.00972637,16.59999852,9.38373580,15.05000060
33.72554016,10.02307788,16.59999913,9.39231893,15.05000066
33.73653030,10.03645308,16.59999847,9.40092176,15.05000038
33.74754333,10.04985564,16.59999817,9.40954590,15.04999993
33.75857925,10.06328406,16.59999761,9.41819224,15.05000000
33.76964569,10.07674010,16.59999892,9.42686226,15.05000033
33.78858948,10.08000017,16.57579840,9.43000020,15.03685423
33.81171036,10.08245443,16.54999966,9.43000020,15.01647646
33.82283401,10.09583286,16.54999879,9.43157084,15.00000163
33.83383942,10.10923866,16.54999962,9.44017536,15.00000252
33.84486771,10.12267105,16.54999803,9.44880226,15.00000197
33.85591888,10.13612726,16.54999965,9.45744991,15.00000263
33.86699677,10.14961125,16.54999983,9.46612154,15.00000268
33.87810135,10.16312291,16.54999941,9.47481667,15.00000057
33.88826370,10.17666179,16.54999859,9.48000101,14.99209051
33.90937042,10.17999959,16.52728355,9.48000086,14.97272505
33.93259811,10.18115328,16.50000092,9.48000048,14.95356974
33.94299316,10.19461795,16.50000003,9.48702185,14.95000137
33.95407104,10.20810876,16.49999946,9.49568567,14.95000167
33.96517563,10.22162625,16.49999953,9.50437267,14.95000085
33.97536469,10.22999958,16.48889363,9.51308842,14.95000073
33.99044800,10.22999948,16.46002088,9.52182949,14.95000129
34.00061417,10.23874397,16.44999948,9.53000122,14.94874340
34.01205444,10.25221900,16.44999962,9.53000083,14.93024610
34.02342987,10.26571869,16.44999927,9.53000116,14.91193939
34.03361511,10.27924619,16.44999779,9.53297983,14.90000224
34.04475021,10.29280274,16.44999887,9.54169605,14.90000156
34.05591202,10.30638366,16.44999902,9.55043703,14.90000094
34.06710434,10.31999524,16.44999765,9.55920824,14.90000057
34.07720184,10.32999968,16.44263735,9.56800911,14.90000084
34.09161758,10.32999964,16.41519036,9.57683615,14.90000161
34.10223389,10.33598697,16.39999927,9.58569019,14.90000051
34.11346054,10.34955487,16.39999869,9.59457478,14.90000068
34.12471771,10.36315155,16.39999887,9.60348962,14.90000170
34.13600159,10.37677627,16.39999837,9.61243355,14.90000219
34.14731216,10.39042693,16.39999911,9.62140399,14.90000152
34.15845490,10.40410589,16.39999887,9.62999975,14.89921664
34.16952896,10.41781432,16.39999984,9.63000074,14.88182015
34.18055344,10.43155101,16.40000053,9.63000057,14.86457149
34.19104767,10.44531610,16.39999865,9.63133066,14.85000129
34.20242691,10.45910831,16.39999881,9.64029681,14.85000201
34.21383286,10.47292869,16.39999955,9.64929268,14.85000048
34.22527313,10.48677732,16.39999985,9.65832185,14.85000195
34.23674011,10.50065622,16.39999996,9.66738104,14.85000121
34.24823761,10.51455858,16.39999971,9.67646947,14.85000014
34.27811813,10.55568003,16.44999886,9.68000008,14.83971813
34.28904343,10.56979778,16.44999957,9.68000000,14.82303835
34.30195236,10.57999937,16.44283295,9.68000018,14.80648906
34.31821823,10.57999975,16.41725219,9.68549598,14.80000102
34.32920456,10.58450408,16.39999941,9.69459586,14.80000161
34.34080505,10.59857670,16.39999985,9.70372512,14.79999995
34.35243607,10.61267720,16.39999996,9.71288944,14.80000001
34.36409760,10.62680277,16.39999961,9.72208603,14.80000166
34.37623978,10.62999912,16.38072443,9.73000120,14.79768819
34.39669037,10.62999964,16.35601640,9.73000063,14.78149013
34.40895081,10.64061627,16.34999890,9.73000027,14.76540552
34.41949844,10.65469991,16.34999838,9.73032817,14.75000059
34.43116379,10.66881191,16.34999922,9.73954401,14.75000198
34.44285965,10.68295105,16.34999853,9.74879387,14.75000071
34.45458603,10.69711799,16.34999753,9.75808151,14.75000145
34.46634293,10.71131156,16.34999900,9.76740252,14.75000058
34.47813034,10.72552879,16.34999766,9.77675806,14.75000124
34.49203491,10.72999974,16.33359829,9.78000125,14.73968304
34.51174927,10.72999955,16.30985385,9.78000036,14.72399336
34.52512360,10.73824398,16.29999853,9.78000109,14.70840361
34.53526688,10.75241841,16.29999854,9.78429294,14.70000204
34.54706192,10.76661865,16.29999857,9.79368148,14.70000229
34.55888748,10.78084703,16.29999973,9.80310598,14.70000111
34.57074738,10.79509987,16.29999951,9.81256875,14.70000066
34.58263397,10.80937490,16.29999855,9.82206638,14.70000202
34.59382629,10.82367914,16.29999982,9.83000134,14.69741503
34.60828400,10.82999967,16.28714565,9.83000154,14.68205868
34.62735367,10.82999929,16.26427519,9.83000051,14.66678471
34.64232254,10.83529514,16.24999958,9.83000170,14.65159448
34.65375137,10.84955278,16.25000030,9.83854289,14.65000101
34.66568375,10.86383395,16.25000058,9.84812405,14.65000151
34.67764282,10.87813833,16.24999995,9.85774440,14.65000075
34.68963623,10.89246467,16.25000025,9.86740199,14.65000088
34.70166397,10.90681687,16.24999950,9.87710180,14.65000196
34.71371841,10.92119358,16.25000076,9.88683918,14.65000039
34.72396088,10.92999895,16.24138578,9.89661691,14.65000042
34.73604202,10.92999854,16.21930995,9.90643657,14.65000148
34.74729538,10.93170376,16.19999840,9.91629441,14.65000123
34.75940704,10.94602830,16.19999789,9.92619223,14.65000094
34.76959991,10.96037684,16.19999979,9.93000096,14.64072531
34.77998734,10.97474539,16.19999937,9.93000048,14.62572851
34.79035187,10.98913446,16.19999894,9.92999989,14.61079787
34.80047989,11.00354685,16.19999808,9.93272434,14.60000159
34.81267929,11.01798066,16.19999936,9.94268509,14.60000154
34.82383728,11.02999968,16.19638932,9.95268748,14.60000111
34.83562851,11.02999965,16.17504553,9.96272930,14.60000097
34.84737015,11.02999964,16.15384182,9.97281566,14.60000091
34.85768127,11.04176154,16.14999917,9.98000125,14.59569690
34.86800766,11.05615633,16.14999853,9.98000139,14.58088960
34.87831879,11.07057054,16.14999870,9.98000062,14.56613750
34.89025879,11.08000021,16.14275997,9.98000078,14.55144003
34.90228653,11.07999976,16.12195987,9.98916336,14.55000019
34.91380692,11.07999941,16.10129460,9.99936447,14.54999988
34.92567444,11.09345415,16.09999890,10.00960845,14.55000116
34.93800354,11.10782803,16.09999810,10.01989411,14.54999985
34.95025635,11.12222049,16.09999762,10.03000101,14.54968507
34.96053696,11.13663024,16.09999780,10.03000132,14.53502015
34.97080231,11.15105304,16.09999812,10.03000062,14.52040516
34.98106003,11.16549390,16.09999746,10.03000114,14.50583498
34.99179840,11.17995209,16.09999784,10.03621457,14.50000063
35.00313187,11.17999949,16.07989165,10.04662661,14.50000214
35.01443863,11.17999884,16.05983391,10.05708284,14.50000184
35.02460861,11.18729598,16.04999827,10.06758306,14.50000173
35.03707504,11.20168885,16.05000014,10.07812570,14.50000211
35.04957199,11.21609511,16.04999976,10.08870980,14.50000131
35.06209183,11.23051490,16.04999942,10.09933575,14.50000116
35.07464218,11.24494627,16.04999850,10.11000363,14.50000239
35.08722305,11.25939443,16.04999943,10.12071495,14.50000095
35.09913635,11.27385545,16.04999852,10.13000086,14.49800962
35.11242676,11.27999965,16.03873351,10.13000013,14.48341535
35.12945175,11.27999941,16.01924084,10.13000012,14.46885912
35.14633179,11.28010852,16.00000009,10.13000106,14.45434006
35.15752792,11.29450332,15.99999911,10.13757571,14.45000108
35.17015457,11.30891164,16.00000082,10.14842231,14.45000125
35.18280411,11.32332744,16.00000040,10.15930544,14.45000104
35.19300079,11.33000032,15.98970217,10.17023320,14.45000201
35.20443344,11.32999905,15.97061571,10.17999980,14.44841303
35.22118759,11.32999988,15.95163054,10.18000106,14.43389106
35.23158264,11.34311876,15.95000015,10.18000121,14.41939546
35.24177551,11.35748160,15.94999924,10.18000089,14.40493162
35.25287247,11.37185709,15.94999910,10.18726377,14.40000038
35.26559448,11.38624141,15.94999908,10.19832457,14.40000144
35.27833939,11.40063263,15.94999911,10.20942400,14.40000116
35.29111099,11.41503839,15.94999979,10.22056450,14.40000092
35.30308914,11.42945214,15.94999972,10.23000084,14.39774222
35.31928635,11.42999966,15.93209077,10.23000121,14.38326621
35.33577728,11.42999846,15.91355773,10.23000021,14.36881473
35.34989929,11.43380534,15.90000000,10.23000047,14.35438896
35.36119461,11.44815251,15.89999893,10.23781945,14.35000177
35.37401199,11.46250773,15.89999948,10.24909389,14.35000027
35.38685226,11.47687161,15.89999839,10.26040897,14.35000024
35.39971161,11.49124301,15.89999985,10.27176147,14.35000157
35.41259766,11.50562008,15.89999849,10.28315200,14.35000038
35.42550659,11.52000953,15.89999964,10.29458313,14.35000109
35.43658829,11.52999929,15.89444669,10.30604750,14.35000032
35.44731522,11.52999952,15.87633211,10.31755356,14.35000133
35.45802307,11.52999967,15.85829656,10.32909381,14.35000130
35.46968460,11.53771292,15.84999886,10.33000062,14.33662941
35.47986984,11.55203685,15.84999890,10.33000061,14.32213988
35.49005127,11.56636492,15.84999863,10.33000185,14.30767394
35.50050354,11.57999913,15.84912389,10.33544827,14.30000007
35.51114273,11.57999958,15.83131366,10.34708219,14.30000033
35.52175903,11.57999914,15.81357300,10.35875289,14.30000154
35.53187943,11.58331007,15.79999820,10.37045614,14.30000013
35.54386520,11.59757950,15.79999831,10.38000063,14.29729152
35.55403519,11.61185409,15.79999941,10.37999972,14.28279276
35.56420517,11.62613159,15.79999801,10.38000089,14.26831355
35.57436752,11.64041209,15.79999970,10.38000020,14.25385024
35.58599854,11.65469733,15.79999887,10.38866061,14.25000068
35.59906006,11.66898533,15.79999903,10.40049153,14.25000095
35.61067200,11.67999836,15.79600064,10.41235915,14.25000162
35.62120819,11.67999971,15.77861314,10.42425795,14.25000227
35.63396454,11.67999931,15.76127911,10.43000041,14.24247931
35.64984512,11.67999849,15.74400987,10.42999998,14.22798068
35.66569138,11.67999891,15.72680417,10.43000121,14.21349631
35.68101883,11.67999847,15.70965240,10.43081127,14.20000160
35.69129944,11.68616393,15.70000004,10.44279970,14.20000085
35.70439148,11.70031884,15.69999884,10.45482265,14.20000148
35.71749496,11.71447711,15.70000006,10.46687774,14.20000146
35.73062134,11.72863701,15.69999958,10.47896512,14.20000139
35.74375916,11.74279710,15.69999895,10.49108383,14.20000206
35.75691223,11.75695692,15.69999927,10.50323066,14.20000088
35.77008438,11.77111735,15.69999884,10.51541093,14.20000172
35.78108978,11.78000001,15.69370421,10.52761956,14.20000115
35.79543304,11.77999944,15.67685286,10.53000132,14.18826420
35.81111908,11.77999929,15.66004908,10.53000150,14.17369223
35.82374573,11.78564218,15.64999953,10.53000049,14.15912930
35.83413696,11.79973790,15.64999958,10.53457949,14.15000123
35.84733200,11.81383038,15.64999931,10.54687323,14.15000171
35.86053848,11.82792289,15.64999837,10.55919648,14.15000016
35.87065506,11.82999952,15.63581376,10.57154839,14.15000082
35.88208008,11.82999966,15.61922180,10.58000127,14.14536988
35.89765167,11.82999893,15.60267754,10.58000156,14.13076831
35.90810013,11.84175224,15.59999871,10.58000159,14.11616926
35.91821671,11.85577703,15.59999888,10.58000056,14.10157748
35.93080139,11.86980081,15.59999935,10.59109405,14.10000123
35.94235229,11.87999838,15.59552204,10.60355543,14.10000102
35.95265579,11.87999956,15.57912604,10.61604311,14.10000006
35.96295166,11.87999813,15.56277074,10.62855647,14.10000022
35.97600937,11.88303193,15.54999847,10.63000034,14.08704321
35.98612213,11.89698683,15.54999943,10.62999970,14.07240400
35.99623108,11.91093705,15.54999973,10.63000103,14.05777187
36.00688553,11.92488250,15.54999913,10.63589672,14.05000004
36.01712036,11.92999865,15.53973547,10.64849205,14.05000017
36.02737808,11.92999905,15.52356017,10.66111016,14.05000010
36.03762817,11.92999913,15.50742305,10.67375334,14.05000102
36.04774475,11.93748678,15.50000049,10.68000118,14.04256117
36.05784988,11.95136845,15.49999966,10.68000108,14.02787404
36.06795502,11.96524283,15.49999884,10.68000112,14.01318779
36.07799911,11.97910936,15.49999884,10.68129562,14.00000072
36.08811951,11.97999925,15.48501858,10.69401623,14.00000139
36.09833908,11.98000003,15.46904419,10.70675711,14.00000063
36.10855103,11.97999972,15.45310101,10.71952377,14.00000157
36.12060165,11.99111886,15.44999956,10.73231077,14.00000096
36.13390732,12.00492100,15.44999851,10.74512033,14.00000170
36.14722061,12.01871771,15.44999917,10.75795111,14.00000089
36.15937424,12.02999943,15.44711739,10.77080094,14.00000050
36.17039490,12.02999979,15.43129855,10.78000175,13.99579109
36.18568420,12.02999956,15.41550467,10.78000168,13.98100086
36.20083618,12.03022245,15.39999849,10.78000145,13.96620724
36.21092606,12.04395027,15.39999899,10.78000135,13.95141294
36.22365189,12.05767105,15.39999964,10.79168985,13.95000191
36.23697662,12.07138404,15.39999861,10.80463000,13.95000154
36.24814987,12.07999988,15.39417950,10.81758705,13.95000202
36.25839233,12.07999932,15.37852487,10.83000076,13.94935936
36.27363205,12.07999976,15.36289753,10.83000082,13.93451089
36.28755569,12.08236285,15.34999825,10.83000179,13.91966243
36.29764175,12.09600676,15.34999803,10.83000156,13.90480530
36.30772781,12.10964321,15.34999841,10.83000125,13.88994220
36.31781006,12.12326890,15.34999834,10.83000114,13.87507256
36.32966232,12.12999950,15.34214831,10.83000121,13.86019777
36.34267044,12.12999953,15.32664921,10.83411226,13.85000065
36.35280228,12.12999861,15.31117174,10.84718454,13.85000099
36.36291122,12.13375866,15.29999869,10.86027350,13.85000047
36.37623978,12.14731421,15.29999858,10.87337710,13.85000090
36.38957214,12.16086212,15.29999848,10.88649658,13.85000034
36.40291214,12.17440026,15.29999954,10.89963315,13.85000002
36.41331482,12.17999950,15.29098294,10.91278697,13.85000078
36.42343140,12.17999950,15.27561859,10.92595371,13.84999993
36.43645096,12.17999953,15.26027626,10.93000099,13.83961954
36.44927597,12.18443842,15.24999927,10.93000114,13.82463065
36.45935822,12.19791138,15.25000040,10.93000011,13.80962958
36.46943665,12.21136529,15.24999898,10.93000084,13.79462742
36.47951508,12.22481348,15.24999903,10.92999981,13.77960693
36.49198151,12.22999941,15.24063320,10.93000065,13.76458255
36.50689316,12.22999985,15.22539676,10.93040240,13.75000126
36.51698685,12.22999856,15.21017489,10.94366192,13.75000149
36.52719498,12.23442705,15.19999980,10.95693177,13.75000122
36.54052734,12.24780894,15.19999967,10.97021628,13.75000231
36.55227280,12.26117598,15.19999924,10.98000145,13.74602205
36.56235123,12.27453097,15.19999949,10.98000030,13.73091987
36.57242966,12.28786909,15.19999869,10.98000115,13.71581279
36.58250809,12.30119655,15.19999909,10.98000050,13.70068928
36.59553528,12.31451165,15.19999977,10.99273149,13.70000055
36.60886002,12.32781061,15.19999865,11.00608093,13.70000053
36.61886597,12.32999882,15.18740273,11.01944262,13.70000178
36.62940979,12.33000006,15.17233970,11.03000110,13.69681306
36.64452744,12.32999986,15.15728754,11.03000064,13.68162453
36.65628052,12.33682457,15.14999940,11.03000032,13.66642328
36.66635895,12.35005330,15.14999886,11.03000141,13.65121359
36.67915344,12.36327017,15.14999838,11.04234458,13.65000121
36.69246674,12.37647228,15.14999953,11.05576578,13.65000146
36.70256424,12.37999892,15.13902357,11.06919639,13.65000165
36.71304321,12.37999842,15.12405668,11.08000149,13.64701223
36.72816086,12.37999909,15.10909995,11.08000132,13.63173112
36.74062729,12.38514139,15.09999884,11.08000167,13.61643606
36.75071335,12.39827705,15.09999917,11.08000124,13.60112390
36.76353073,12.41139386,15.09999835,11.09249019,13.60000098
36.77682495,12.42449755,15.09999871,11.10597467,13.60000139
36.79011536,12.43758514,15.09999877,11.11946541,13.60000136
36.80203629,12.45065750,15.09999933,11.13000006,13.59662560
36.81212234,12.46371086,15.09999892,11.13000027,13.58124679
36.82221222,12.47675071,15.09999906,11.13000096,13.56584974
36.83558655,12.47999946,15.08886157,11.13000008,13.55043402
36.85071945,12.47999859,15.07403181,11.13000088,13.53500206
36.86585617,12.47999996,15.05921069,11.13000040,13.51954928
36.87843704,12.48490746,15.04999904,11.13000124,13.50408395
36.89009857,12.49787809,15.04999941,11.13999571,13.50000191
36.90336227,12.51083160,15.04999862,11.15357169,13.50000140
36.91662216,12.52376697,15.04999794,11.16715414,13.50000195
36.92724228,12.52999961,15.04235640,11.18073840,13.50000059
36.93727112,12.52999998,15.02760107,11.19432718,13.50000219
36.94729996,12.52999887,15.01284711,11.20791934,13.50000115
36.95727539,12.53165999,14.99999975,11.22151489,13.50000084
36.96834183,12.54452470,14.99999887,11.23000112,13.49414843
36.97844696,12.55737695,15.00000010,11.23000026,13.47855577
36.98855209,12.57021280,15.00000037,11.23000094,13.46294024
36.99928665,12.58000040,14.99652723,11.23000088,13.44730662
37.01446152,12.57999892,14.98183107,11.23000101,13.43165053
37.02964783,12.57999896,14.96713782,11.23000046,13.41597043
37.04484558,12.58000020,14.95244923,11.23000092,13.40026976
37.05537415,12.59063731,14.94999859,11.23000036,13.38454478
37.06550217,12.60338767,14.94999966,11.23000102,13.36879904
37.07563782,12.61611834,14.94999945,11.23000074,13.35302630
37.08762741,12.62883050,14.95000020,11.24107752,13.35000168
37.09760284,12.62999875,14.93670464,11.25478129,13.35000087
37.10763168,12.62999964,14.92206339,11.26848554,13.35000115
37.11796951,12.62999813,14.90741868,11.28000137,13.34747015
37.13001633,12.63624356,14.89999960,11.28000161,13.33161769
37.14016724,12.64889141,14.89999920,11.28000053,13.31573727
37.15030289,12.66151812,14.89999880,11.28014542,13.29999997
37.16347504,12.67412245,14.89999968,11.29388504,13.30000141
37.17402649,12.67999920,14.89221617,11.30762684,13.30000087
37.18405151,12.67999894,14.87761644,11.32137076,13.30000050
37.19519043,12.67999832,14.86301653,11.33000143,13.29406149
37.20971298,12.68135998,14.84999921,11.33000132,13.27807093
37.21988297,12.69390246,14.84999872,11.33000164,13.26205348
37.22987747,12.70642319,14.84999969,11.33342860,13.25000176
37.24301529,12.71892282,14.84999965,11.34720663,13.25000216
37.25547028,12.72999888,14.84836327,11.36098089,13.25000174
37.26549149,12.72999880,14.83380556,11.37475580,13.25000179
37.27803802,12.72999990,14.81924446,11.38000101,13.24002458
37.29338837,12.72999951,14.80467845,11.38000030,13.22388548
37.30463409,12.73843571,14.79999927,11.38000076,13.20771891
37.31518555,12.75084736,14.79999883,11.38722888,13.20000079
37.32828522,12.76323679,14.79999927,11.40104080,13.20000183
37.34136963,12.77560127,14.79999795,11.41484848,13.20000026
37.35160446,12.78000003,14.79064899,11.42865542,13.20000191
37.36622238,12.77999993,14.77612209,11.43000085,13.18532206
37.38163757,12.77999968,14.76158983,11.43000082,13.16902259
37.39565659,12.78249688,14.74999993,11.43000059,13.15268810
37.40589142,12.79479377,14.75000021,11.43000021,13.13632221
37.41613388,12.80706917,14.75000027,11.43000137,13.11991844
37.42638397,12.81931691,14.74999874,11.43000124,13.10348184
37.43752289,12.82999995,14.74816864,11.44095283,13.10000104
37.44755936,12.82999943,14.73367245,11.45483587,13.10000141
37.45759583,12.82999900,14.71917310,11.46871478,13.10000029
37.46804810,12.83000026,14.70466460,11.48000033,13.09691292
37.47943115,12.83825996,14.69999901,11.48000121,13.08036426
37.48971176,12.85041286,14.69999872,11.48000036,13.06377634
37.49971771,12.86254065,14.69999971,11.48238418,13.05000020
37.51272964,12.87464462,14.69999994,11.49630653,13.05000148
37.52317429,12.87999845,14.69194111,11.51022202,13.05000024
37.53321075,12.87999913,14.67746586,11.52413436,13.05000068
37.54563522,12.87999812,14.66298452,11.53000019,13.04033684
37.56051636,12.88125062,14.64999842,11.53000046,13.02358820
37.57084274,12.89328007,14.64999988,11.53000105,13.00679786
37.58155823,12.90528558,14.64999938,11.53831900,13.00000138
37.59452057,12.91726210,14.64999952,11.55226823,13.00000082
37.60746765,12.92921153,14.64999854,11.56621506,13.00000198
37.61746597,12.92999913,14.63649773,11.58000160,12.99981157
37.63315964,12.92999930,14.62203502,11.58000195,12.98289061
37.64887619,12.92999941,14.60756393,11.58000111,12.96592560
37.66107178,12.93568308,14.59999960,11.58089569,12.95000121
37.67399979,12.94755724,14.59999943,11.59487811,12.95000189
37.68691635,12.95940538,14.59999983,11.60885794,12.95000143
37.69981003,12.97122435,14.59999919,11.62283150,12.95000167
37.70979691,12.97999978,14.59630125,11.62999996,12.94166803
37.72559738,12.97999938,14.58185522,11.63000101,12.92451509
37.74142838,12.97999943,14.56739784,11.63000079,12.90731309
37.75728989,12.97999961,14.55292633,11.62999983,12.89005865
37.76843643,12.98936434,14.54999794,11.63000075,12.87275811
37.77890396,13.00107831,14.54999793,11.63000103,12.85540591
37.78993225,13.01276623,14.54999912,11.63969766,12.85000017
37.80279160,13.02442200,14.54999810,11.65375831,12.85000062
37.81330109,13.02999954,14.54248196,11.66781423,12.85000044
37.82366562,13.02999919,14.52803345,11.67999991,12.84768258
37.83965302,13.02999962,14.51357260,11.68000107,12.83016874
37.85522842,13.03072671,14.49999875,11.68000042,12.81259799
37.86525345,13.04230329,14.49999941,11.68401588,12.80000161
37.87807465,13.05385459,14.49999975,11.69811146,12.80000128
37.89088058,13.06537485,14.49999964,11.71219869,12.80000073
37.90366364,13.07686528,14.50000050,11.72627910,12.80000064
37.91374207,13.07999892,14.48950097,11.74035212,12.80000017
37.92383194,13.07999911,14.47504018,11.75441922,12.80000124
37.93391800,13.07999965,14.46056263,11.76847443,12.80000090
37.94396210,13.08310010,14.44999932,11.78000099,12.79680241
37.95455551,13.09451150,14.44999916,11.78000124,12.77895169
37.96516800,13.10589232,14.44999850,11.78000166,12.76103554
37.97579956,13.11724322,14.44999927,11.78000112,12.74305753
37.98644638,13.12856172,14.44999986,11.78000033,12.72501320
38.00182724,13.12999903,14.43737523,11.78000093,12.70690942
38.01338959,13.12999960,14.42289218,11.78877018,12.70000104
38.02352142,13.12999906,14.40838564,11.80292070,12.70000184
38.03385925,13.13475819,14.39999844,11.81706001,12.70000033
38.04597473,13.14600045,14.39999959,11.83000090,12.69846091
38.05670547,13.15720945,14.39999918,11.83000142,12.68016209
38.06745911,13.16838881,14.39999963,11.83000073,12.66178647
38.07749939,13.17953446,14.40000011,11.83511470,12.65000040
38.08759308,13.17999859,14.38610752,11.84929478,12.65000171
38.09773636,13.17999951,14.37158650,11.86346430,12.65000012
38.10788727,13.17999909,14.35704012,11.87762520,12.65000030
38.11843491,13.18573088,14.34999934,11.89177543,12.65000100
38.13103867,13.19680166,14.34999962,11.90591344,12.65000020
38.14361572,13.20783497,14.34999921,11.92003902,12.65000163
38.15445328,13.21883949,14.34999805,11.93000083,12.64450123
38.16530609,13.22981334,14.34999965,11.93000121,12.62577644
38.18185425,13.22999886,14.33570398,11.93000056,12.60697571
38.19351578,13.22999858,14.32113096,11.93893258,12.60000172
38.20368958,13.22999898,14.30653180,11.95309641,12.60000134
38.21430206,13.23604066,14.29999872,11.96724900,12.60000068
38.22616196,13.24693917,14.29999917,11.98000118,12.59813519
38.23711777,13.25779968,14.29999869,11.98000085,12.57910637
38.24810410,13.26862922,14.29999844,11.98000113,12.55999142
38.25911713,13.27942526,14.29999942,11.98000042,12.54079101
38.27567673,13.27999994,14.28617037,11.98000110,12.52150589
38.29267883,13.28000010,14.27153202,11.98000150,12.50213599
38.30974579,13.27999884,14.25685922,11.98000073,12.48267547
38.32325745,13.28573218,14.25000021,11.98000121,12.46312478
38.33340073,13.29645450,14.24999996,11.98474758,12.45000117
38.34590912,13.30714307,14.24999867,11.99907314,12.45000110
38.35839081,13.31779831,14.24999982,12.01338392,12.45000095
38.37085342,13.32841889,14.25000034,12.02768547,12.45000177
38.38554001,13.33000034,14.23750274,12.03000041,12.43338632
38.40285492,13.32999988,14.22278080,12.03000074,12.41347241
38.42024231,13.32999912,14.20802249,12.03000035,12.39346153
38.43451691,13.33483590,14.19999825,12.03000049,12.37335102
38.44591522,13.34538876,14.19999843,12.03000096,12.35313881
38.45738220,13.35590843,14.19999972,12.04219721,12.35000051
38.46982956,13.36638962,14.19999947,12.05661257,12.35000005
38.48225784,13.37683844,14.19999865,12.07101807,12.35000061
38.49311066,13.37999863,14.18969024,12.08000079,12.34231194
38.51078415,13.37999862,14.17486274,12.08000124,12.32179409
38.52853394,13.37999879,14.15999465,12.08000169,12.30116709
38.53873062,13.38342792,14.14999987,12.09364573,12.29999977
38.55114746,13.39381194,14.14999816,12.10809326,12.30000160
38.56353760,13.40416202,14.14999948,12.12252348,12.30000072
38.57375336,13.41447502,14.14999992,12.13000013,12.28995227
38.58542633,13.42475453,14.14999915,12.12999975,12.26899496
38.59656906,13.43499880,14.14999945,12.13142710,12.25000223
38.60891724,13.44520713,14.14999848,12.14591220,12.25000136
38.62123871,13.45538064,14.14999957,12.16038311,12.25000089
38.63353729,13.46552001,14.14999899,12.17484041,12.25000055
38.64581299,13.47562439,14.14999900,12.18928370,12.25000208
38.65611267,13.48000004,14.14156410,12.20370763,12.25000150
38.66649628,13.47999899,14.12661260,12.21811867,12.25000087
38.67759323,13.47999909,14.11161577,12.23000099,12.24625553
38.69421387,13.48229208,14.09999924,12.23000116,12.22471136
38.70615768,13.49233622,14.09999808,12.23000012,12.20303351
38.71749115,13.50234755,14.09999953,12.24244683,12.20000139
38.72970200,13.51232074,14.09999903,12.25689491,12.20000169
38.74188614,13.52226168,14.09999833,12.27132867,12.20000044
38.75308609,13.52999928,14.09669679,12.28574608,12.20000116
38.76352692,13.52999973,14.08158472,12.30014749,12.20000159
38.77397537,13.52999975,14.06642011,12.31452610,12.20000073
38.78443909,13.52999974,14.05119545,12.32889259,12.20000213
38.79618454,13.53910923,14.04999950,12.34324088,12.20000032
38.80827713,13.54895901,14.04999801,12.35757540,12.20000210
38.82034302,13.55877482,14.04999858,12.37189016,12.20000145
38.83051300,13.56855560,14.04999785,12.38000006,12.19032093
38.84275818,13.57830032,14.04999818,12.38000053,12.16785689
38.85818481,13.58000017,14.03736312,12.38301934,12.15000129
38.86869812,13.58000008,14.02199993,12.39738141,12.15000019
38.87923431,13.57999941,14.00656416,12.41173235,12.15000189
38.88972855,13.58560036,13.99999959,12.42606210,12.15000039
38.90173340,13.59529839,13.99999941,12.44037721,12.15000039
38.91371536,13.60496237,13.99999986,12.45467174,12.15000102
38.92566681,13.61459291,13.99999943,12.46894958,12.15000153
38.93759537,13.62418737,13.99999935,12.48320827,12.15000036
38.94807434,13.62999838,13.99389632,12.49744918,12.15000114
38.95862961,13.62999887,13.97829805,12.51166849,12.15000168
38.96920395,13.62999888,13.96262649,12.52586778,12.15000111
38.98410797,13.63189517,13.94999998,12.53000123,12.13343197
38.99680328,13.64144725,13.94999890,12.53000113,12.10990977
39.00699234,13.65096631,13.94999950,12.53828794,12.10000062
39.01885986,13.66045279,13.94999896,12.55254160,12.10000045
39.03070450,13.66990371,13.94999851,12.56677575,12.10000002
39.04251862,13.67932241,13.94999821,12.58099055,12.10000121
39.05298996,13.67999948,13.93526496,12.59518637,12.10000033
39.06365967,13.67999962,13.91931027,12.60936111,12.10000182
39.07435608,13.67999916,13.90326464,12.62351687,12.10000060
39.08512878,13.68750169,13.89999835,12.63000007,12.08688085
39.09818649,13.69688520,13.89999858,12.63000009,12.06250711
39.10846710,13.70623581,13.89999828,12.63696648,12.05000065
39.12023163,13.71555502,13.89999976,12.65117543,12.05000077
39.13196945,13.72483873,13.89999828,12.66536591,12.05000045
39.14368057,13.73409090,13.89999833,12.67953816,12.05000133
39.15536118,13.74330758,13.89999919,12.69368468,12.05000148
39.16701889,13.75249374,13.89999965,12.70781531,12.05000015
39.17865372,13.76164555,13.89999807,12.72192661,12.05000124
39.19025803,13.77076867,13.89999901,12.73601805,12.05000155
39.20183945,13.77985901,13.89999957,12.75008737,12.05000018
39.21256638,13.77999993,13.88390694,12.76413809,12.05000126
39.22337723,13.77999926,13.86746061,12.77816749,12.04999981
39.24277496,13.77999996,13.85090695,12.78000021,12.02779696
39.25677872,13.78859727,13.84999905,12.78000117,12.00205431
39.26784897,13.79765826,13.84999885,12.79298593,12.00000131
39.27940369,13.80668785,13.84999815,12.80707109,12.00000249
39.29093933,13.81568511,13.84999916,12.82113857,12.00000256
39.30244446,13.82465192,13.84999836,12.83518581,12.00000074
39.31392670,13.83358413,13.84999828,12.84921372,12.00000234
39.32537842,13.84248379,13.84999869,12.86322067,12.00000093
39.33680725,13.85135289,13.84999929,12.87720917,12.00000152
39.34820938,13.86018974,13.84999901,12.89117873,12.00000252
39.35958481,13.86899406,13.84999823,12.90512545,12.00000099
39.37093735,13.87776731,13.84999939,12.91905328,12.00000075
39.38224411,13.87999958,13.83737043,12.93000041,11.99425343
39.40433502,13.87999881,13.82030888,12.92999990,11.96712838
39.42168808,13.87999938,13.80312764,12.93522977,11.95000203
39.43239212,13.88719092,13.79999901,12.94921886,11.95000159
39.44375610,13.89594659,13.79999931,12.96318949,11.95000240
39.45509720,13.90467137,13.79999860,12.97714189,11.95000212
39.46640396,13.91336100,13.79999839,12.99106972,11.95000066
39.47769165,13.92202028,13.79999933,13.00498227,11.95000205
39.48864746,13.92999921,13.79868041,13.01887654,11.95000225
39.49983215,13.92999930,13.78112843,13.03274927,11.95000118
39.51107025,13.92999938,13.76343323,13.04660546,11.95000205
39.52150726,13.93213446,13.74999900,13.06044070,11.95000082
39.53273773,13.94078297,13.74999931,13.07425806,11.95000216
39.54380035,13.94939904,13.74999885,13.08000064,11.93317484
39.55895233,13.95798544,13.74999910,13.08000097,11.90411056
39.56940460,13.96653821,13.74999866,13.09194543,11.90000226
39.58060837,13.97506492,13.74999848,13.10582910,11.90000097
39.59178925,13.98356188,13.75000035,13.11969263,11.90000176
39.60294342,13.99202622,13.75000017,13.13353784,11.90000115
39.61407471,14.00046121,13.74999919,13.14736258,11.90000059
39.62517929,14.00886262,13.74999857,13.16117046,11.90000015
39.63626099,14.01723494,13.75000029,13.17495894,11.90000025
39.64800262,14.02557802,13.74999919,13.18000019,11.88070044
39.66780472,14.03000014,13.74134301,13.18001065,11.85000023
39.67941284,14.02999935,13.72273263,13.19389043,11.85000023
39.69108963,14.03000014,13.70394526,13.20775354,11.85000009
39.70150757,14.03662057,13.69999828,13.22159819,11.85000019
39.71259308,14.04496088,13.69999871,13.23542515,11.85000196
39.72365189,14.05327165,13.69999846,13.24923298,11.85000151
39.73468781,14.06155360,13.69999837,13.26302402,11.85000189
39.74570084,14.06980608,13.69999822,13.27679619,11.85000083
39.75668716,14.07802642,13.69999973,13.29054664,11.85000014
39.76765060,14.08621970,13.69999905,13.30428384,11.85000031
39.77859497,14.09438435,13.69999983,13.31800379,11.85000057
39.78886795,14.10251864,13.69999937,13.33000043,11.84590278
39.80591202,14.11062064,13.69999806,13.33000055,11.81278562
39.81639099,14.11869409,13.69999859,13.33852987,11.79999984
39.82731628,14.12674031,13.69999941,13.35233474,11.80000044
39.83821869,14.13475671,13.70000020,13.36611904,11.80000161
39.84909821,14.14274640,13.69999837,13.37989442,11.80000020
39.85995102,14.15070290,13.70000021,13.39364438,11.80000120
39.87078857,14.15863446,13.69999959,13.40738585,11.80000090
39.88159561,14.16652944,13.69999840,13.42110312,11.79999987
39.89200974,14.17440189,13.70000016,13.43000001,11.78763808
39.91286850,14.17999937,13.69419728,13.42999998,11.75210445
39.92588043,14.17999967,13.67376190,13.44301447,11.75000111
39.93832397,14.17999946,13.65306356,13.45682885,11.75000066
39.94870758,14.18674298,13.64999835,13.47062581,11.75000114
39.95954132,14.19462496,13.64999954,13.48441028,11.75000081
39.97034836,14.20247167,13.64999826,13.49817452,11.75000066
39.98113632,14.21029236,13.64999897,13.51193110,11.75000163
39.99190140,14.21808340,13.64999792,13.52567066,11.75000196
40.00264359,14.22584484,13.64999829,13.53939434,11.75000238
40.01337051,14.23358112,13.64999892,13.55310918,11.75000071
40.02406693,14.24128471,13.64999974,13.56680313,11.75000140
40.03453064,14.24896435,13.64999849,13.58000058,11.74860158
40.05450439,14.25660957,13.64999830,13.58000062,11.70939333
40.06472778,14.26422794,13.64999852,13.59054344,11.70000032
40.07542038,14.27181485,13.64999786,13.60434368,11.70000063
40.08609772,14.27937640,13.64999922,13.61813718,11.70000155
40.09864807,14.27999969,13.62943744,13.63191310,11.70000243
40.11194229,14.27999977,13.60668959,13.64567651,11.70000204
40.12209320,14.28541060,13.59999918,13.65943436,11.70000184
40.13276672,14.29301644,13.59999846,13.67317532,11.70000143
40.14342499,14.30059682,13.59999905,13.68690950,11.70000133
40.15405655,14.30814371,13.59999982,13.70062639,11.70000165
40.16467285,14.31566453,13.59999858,13.71433883,11.70000083
40.17526627,14.32315481,13.59999844,13.72803682,11.70000174
40.19476318,14.33061740,13.59999898,13.73000041,11.66216644
40.20542145,14.33804993,13.59999786,13.74007080,11.65000113
40.21603775,14.34545389,13.59999787,13.75390395,11.65000052
40.22663879,14.35282901,13.59999767,13.76772840,11.65000029
40.23721695,14.36017053,13.59999769,13.78154018,11.65000081
40.24777603,14.36748762,13.59999845,13.79534773,11.65000069
40.25831985,14.37477265,13.59999919,13.80914292,11.65000193
40.26884460,14.38203327,13.59999932,13.82293693,11.65000057
40.27935028,14.38926131,13.59999972,13.83671773,11.65000170
40.28983307,14.39645831,13.59999817,13.85048786,11.65000022
40.30030441,14.40363065,13.59999916,13.86425934,11.65000207
40.31075287,14.41076946,13.59999956,13.87801683,11.65000090
40.33303833,14.41787958,13.59999859,13.87999980,11.60637199
40.34318924,14.42495916,13.59999754,13.89219679,11.60000191
40.35340881,14.42999980,13.59234037,13.90611221,11.60000170
40.36866379,14.42999954,13.56518640,13.92001747,11.59999988
40.38010788,14.43322188,13.54999758,13.93391961,11.60000148
40.39062119,14.44035240,13.54999919,13.94781282,11.60000119
40.40111542,14.44745339,13.54999816,13.96170067,11.60000168
40.41159821,14.45453010,13.54999898,13.97559231,11.60000189
40.42206192,14.46157301,13.54999910,13.98947402,11.60000043
40.43251038,14.46858710,13.54999772,14.00335585,11.60000067
40.44293976,14.47557101,13.54999770,14.01723370,11.60000139
40.45309067,14.48252891,13.54999927,14.03000021,11.59519852
40.47629166,14.48945128,13.54999906,14.03358641,11.55000050
40.48676682,14.49634650,13.54999865,14.04763847,11.55000105
40.49721909,14.50320799,13.54999903,14.06168501,11.55000070
40.50765991,14.51004249,13.54999862,14.07573265,11.55000032
40.51808929,14.51684685,13.54999856,14.08978528,11.55000035
40.52849960,14.52361819,13.54999892,14.10383183,11.55000011
40.53889847,14.53035981,13.54999923,14.11788565,11.55000022
40.54944992,14.53706846,13.54999775,14.12999964,11.54045401
40.57065201,14.54374560,13.54999832,14.13604416,11.50000279
40.58109283,14.55039287,13.54999807,14.15028156,11.50000248
40.59152222,14.55700698,13.54999827,14.16452158,11.50000060
40.60194016,14.56359225,13.54999945,14.17877183,11.50000215
40.61233902,14.57014257,13.54999858,14.19301849,11.50000135
40.62272644,14.57666388,13.54999894,14.20727596,11.50000280
40.63309860,14.58315060,13.54999925,14.22153090,11.50000182
40.64345932,14.58960836,13.54999749,14.23580010,11.50000253
40.65380859,14.59603216,13.54999749,14.25006958,11.50000092
40.66414261,14.60242345,13.54999846,14.26434743,11.50000285
40.67446136,14.60878127,13.54999928,14.27862914,11.50000100
40.68476868,14.61510640,13.54999796,14.29291996,11.50000295
40.69506836,14.62140127,13.54999901,14.30722135,11.50000156
40.70534897,14.62765924,13.54999739,14.32152428,11.50000258
40.72674942,14.63388983,13.54999913,14.33000050,11.45980664
40.73756790,14.64008193,13.54999863,14.34309530,11.45000137
40.74791718,14.64624577,13.54999772,14.35763311,11.45000133
40.75825119,14.65237132,13.54999838,14.37217635,11.45000262
40.76857758,14.65846692,13.54999825,14.38673479,11.45000102
40.77889252,14.66452524,13.54999914,14.40130272,11.45000091
40.78919601,14.67055093,13.54999893,14.41588368,11.45000110
40.79945755,14.67654329,13.54999858,14.42999993,11.44590211
40.82366180,14.68249702,13.54999742,14.43943419,11.40000182
40.83404160,14.68841969,13.54999780,14.45426844,11.40000071
40.84440613,14.69430534,13.54999753,14.46911324,11.40000097
40.85476685,14.70015964,13.54999891,14.48397943,11.40000252
40.86511612,14.70597893,13.54999888,14.49886089,11.40000097
40.87545776,14.71176283,13.54999817,14.51375926,11.40000220
40.88579559,14.71751251,13.54999799,14.52868188,11.40000045
40.89612198,14.72322912,13.54999845,14.54362043,11.40000229
40.90644073,14.72890821,13.54999968,14.55858231,11.40000250
40.93283081,14.73080813,13.50000022,14.57356125,11.40000030
40.95928574,14.73663394,13.49999849,14.58504085,11.35000173
40.96980286,14.74242488,13.49999960,14.60028342,11.35000081
40.98031616,14.74818300,13.49999851,14.61555598,11.35000080
40.99082565,14.75390678,13.49999834,14.63084892,11.35000156
41.00132751,14.75959619,13.49999890,14.64616727,11.35000067
41.01182938,14.76525088,13.49999980,14.66151464,11.35000086
41.02232361,14.77086886,13.49999880,14.67688350,11.35000140
41.03281784,14.77645365,13.49999835,14.69228767,11.35000211
41.06027222,14.78373055,13.54999948,14.70771191,11.35000144
41.07064819,14.78901872,13.54999972,14.72317559,11.35000106
41.09748077,14.79426738,13.54999837,14.73739834,11.30000156
41.10796738,14.79948293,13.54999922,14.75315638,11.30000001
41.11844254,14.80465575,13.54999883,14.76893850,11.30000161
41.12892532,14.80979593,13.54999929,14.78475884,11.30000179
41.13940430,14.81490100,13.54999894,14.80061728,11.30000033
41.14988327,14.81996581,13.54999779,14.81650646,11.30000047
41.16036224,14.82499893,13.54999834,14.83243614,11.30000078
41.18754959,14.83040180,13.49999954,14.84839772,11.30000000
41.19815826,14.83560798,13.49999889,14.86440621,11.30000179
41.20876312,14.84077700,13.50000043,14.88044635,11.30000163
41.21936798,14.84591287,13.49999837,14.89652322,11.30000187
41.22998428,14.85101875,13.49999854,14.91264914,11.29999976
41.24060059,14.85609105,13.49999900,14.92880622,11.30000168
41.26814651,14.86112966,13.50000015,14.94691549,11.25000164
41.27889633,14.86613545,13.49999824,14.96340912,11.25000279
41.28965759,14.87111244,13.49999949,14.97994922,11.25000093
41.30041885,14.87605671,13.49999867,14.99652931,11.25000145
41.31118774,14.88097143,13.50000005,15.01315763,11.25000275
41.33908463,14.88585561,13.49999952,15.03302382,11.20000095
41.34999847,14.89070896,13.50000033,15.04999847,11.20000192
41.36092758,14.89553530,13.49999810,15.06702764,11.20000084
41.37186050,14.90033020,13.49999937,15.08409826,11.20000251
41.38280869,14.90509910,13.50000015,15.10122327,11.20000206
41.39376450,14.90983968,13.50000009,15.11839398,11.20000260
41.40473175,14.91455515,13.49999826,15.13561986,11.20000193
41.41571426,14.91924375,13.49999816,15.15289537,11.20000230
41.42671204,14.92390620,13.49999869,15.17022899,11.20000181
41.45528030,14.93417084,13.45000003,15.18760684,11.20000235
41.46643829,14.93905694,13.44999990,15.20504018,11.20000042
41.47761536,14.94392071,13.44999848,15.22253253,11.20000268
41.50648117,14.94876348,13.44999943,15.24654921,11.15000016
41.51783752,14.95358376,13.44999942,15.26443812,11.15000036
41.52920914,14.95838212,13.44999944,15.28238301,11.15000078
41.54060364,14.96315657,13.44999943,15.30039432,11.15000195
41.55201340,14.96791263,13.45000020,15.31846173,11.15000075
41.56344604,14.97264687,13.44999991,15.33659002,11.15000052
41.57490540,14.97736381,13.44999817,15.35479289,11.15000113
41.58638000,14.98205739,13.44999945,15.37305213,11.15000133
41.61601257,14.98673716,13.44999851,15.40017777,11.10000132
41.62768555,14.99139427,13.44999928,15.41886958,11.10000058
41.63939285,14.99603607,13.44999870,15.43763900,11.10000046
41.65112305,15.00066033,13.44999954,15.45647684,11.10000120
41.66288376,15.00526820,13.44999987,15.47539062,11.10000053
41.67467117,15.00986017,13.44999851,15.49437335,11.09999990
41.68648529,15.01443489,13.44999873,15.51343094,11.10000017
41.69834137,15.01899639,13.44999914,15.53257650,11.10000088
41.71022415,15.02354352,13.44999830,15.55179596,11.10000157
41.72214508,15.02807721,13.45000004,15.57110257,11.10000006
41.73411942,15.03000053,13.46093348,15.59048615,11.10000103
41.74744034,15.03000076,13.47912258,15.60995754,11.10000145
41.77036667,15.03000055,13.49634906,15.64201881,11.05000034
41.78211594,15.03324583,13.50000049,15.66198792,11.05000148
41.79421616,15.03739389,13.49999901,15.68203954,11.05000104
41.80635834,15.04153000,13.50000011,15.70218715,11.05000017
41.81854248,15.04565454,13.49999891,15.72243716,11.05000189
41.83076859,15.04976346,13.49999841,15.74277584,11.05000071
41.84304047,15.05386576,13.50000008,15.76322121,11.05000214
41.85535431,15.05795669,13.49999899,15.78375822,11.05000208
41.86772156,15.06204141,13.49999979,15.80440804,11.05000147
41.88013458,15.06611411,13.49999823,15.82515673,11.05000007
41.89259338,15.07017882,13.50000008,15.84601347,11.05000186
41.90511322,15.07423907,13.50000013,15.86698918,11.05000037
41.91767502,15.07828865,13.50000026,15.88806681,11.05000036
41.93029785,15.08233462,13.49999967,15.90926485,11.05000201
41.94297028,15.08637150,13.50000046,15.93057049,11.05000051
41.95570755,15.09041064,13.49999911,15.95200494,11.05000056
41.96849823,15.09444350,13.50000015,15.97355376,11.05000064
41.98135376,15.09847651,13.49999850,15.99523218,11.05000091
41.99426270,15.10250419,13.49999947,16.01702782,11.05000015
42.00724030,15.10653143,13.49999955,16.03895319,11.05000202
42.02028656,15.11055466,13.50000012,16.06101824,11.05000169
42.03339386,15.11458137,13.49999839,16.08321069,11.05000097
42.04657364,15.11860604,13.49999952,16.10554762,11.05000045
42.05982208,15.12263328,13.49999984,16.12801655,11.05000098
42.08469391,15.12666348,13.49999957,16.12999961,11.09937580
42.09746933,15.13000039,13.50163118,16.15211564,11.10000123
42.10965347,15.13000026,13.51091293,16.17464458,11.10000033
42.12184525,15.12999973,13.51988204,16.19731926,11.10000156
42.13405228,15.13000048,13.52854935,16.22014146,11.10000087
42.15325546,15.13000012,13.53693270,16.23000039,11.12873875
42.16932297,15.12999970,13.54504306,16.24303127,11.15000086
42.18143082,15.13000008,13.55289485,16.26593873,11.15000149
42.19635010,15.13000016,13.56049279,16.27999877,11.16872492
42.21605682,15.12999997,13.56785083,16.28778801,11.20000044
42.22808838,15.13000045,13.57497498,16.31077485,11.20000041
42.24018478,15.13000008,13.58188479,16.33000029,11.20777612
42.26618195,15.13000062,13.58858604,16.32999983,11.25307188
42.29151154,15.12999977,13.59508103,16.33000065,11.29723051
42.30322647,15.13073881,13.59999899,16.35140168,11.30000077
42.31639481,15.13405592,13.59999968,16.37442002,11.30000069
42.33309174,15.13738603,13.59999834,16.37999910,11.33218041
42.34524155,15.14072571,13.59999816,16.39318397,11.35000084
42.35848999,15.14407801,13.59999781,16.41632697,11.35000139
42.37045288,15.14744123,13.59999949,16.42999808,11.36680509
42.38745880,15.15082146,13.59999821,16.43400454,11.40000090
42.40078735,15.15421456,13.59999951,16.45727477,11.40000112
42.41386795,15.15762256,13.59999946,16.47999945,11.40122353
42.43331909,15.16105057,13.59999896,16.47999948,11.43997357
42.44483185,15.16449305,13.59999895,16.49728182,11.45000218
42.45837402,15.16795376,13.59999931,16.52090841,11.45000170
42.47151566,15.17144139,13.59999853,16.52999876,11.47307662
42.48997879,15.17494469,13.59999950,16.52999861,11.50983941
42.50806808,15.17847813,13.59999791,16.52999899,11.54584621
42.51979065,15.18000081,13.60304101,16.55078623,11.55000057
42.53195190,15.18000075,13.60827948,16.57454177,11.55000049
42.54821396,15.18000065,13.61340622,16.57999960,11.57692969
42.56279373,15.18000072,13.61842110,16.58784804,11.60000021
42.57500839,15.18000066,13.62333225,16.61178041,11.60000088
42.58623505,15.18000090,13.62815162,16.62999997,11.60830838
42.60530090,15.18000109,13.63287242,16.62999937,11.64171841
42.61642075,15.18000067,13.63750061,16.64810930,11.65000125
42.62883377,15.18000126,13.64203796,16.67251172,11.65000146
42.64286041,15.18000068,13.64648808,16.67999797,11.67258545
42.65885162,15.18000000,13.65085786,16.68354672,11.70000195
42.67135620,15.18000074,13.65514714,16.70818293,11.70000193
42.68299484,15.18000027,13.65936309,16.72999946,11.70390436
42.70069885,15.18000113,13.66350244,16.72999923,11.73517269
42.71811295,15.18000020,13.66758061,16.73000050,11.76592870
42.73523712,15.18000061,13.67158573,16.72999957,11.79616985
42.74676895,15.17999989,13.67552686,16.75171606,11.80000066
42.75951004,15.18000025,13.67940891,16.77690111,11.80000046
42.77448654,15.18000002,13.68322969,16.77999956,11.82596870
42.79094696,15.18000108,13.68699223,16.77999977,11.85513034
42.80715942,15.18000133,13.69070530,16.77999870,11.88383753
42.81846237,15.18000062,13.69436264,16.79086978,11.90000102
42.83133316,15.18000114,13.69797027,16.81635919,11.90000150
42.84214020,15.18000033,13.70153334,16.82999979,11.91320082
42.85778046,15.18000055,13.70505127,16.82999938,11.94096353
42.87319565,15.18000145,13.70852437,16.82999919,11.96832323
42.88840103,15.18000093,13.71195963,16.83000064,11.99530282
42.90338898,15.18000115,13.71534566,16.82999954,12.02189188
42.91817856,15.18000054,13.71869860,16.83000017,12.04811878
42.93046188,15.18000116,13.72200719,16.85400741,12.05000051
42.94357681,15.18000118,13.72528995,16.87999937,12.05023334
42.95811462,15.18000000,13.72853370,16.87999933,12.07606517
42.97246170,15.18000007,13.73174433,16.87999985,12.10155409
42.98664093,15.18000112,13.73492645,16.87999940,12.12672433
43.00063705,15.18000055,13.73808344,16.87999988,12.15155966
43.01446152,15.18000012,13.74120675,16.87999888,12.17609016
43.02796936,15.18000087,13.74430834,16.88033278,12.20000026
43.04141235,15.18000118,13.74738496,16.90703891,12.20000164
43.05337143,15.18000162,13.75043109,16.92999929,12.20365874
43.06685638,15.18000163,13.75345773,16.92999885,12.22760459
43.08018494,15.18000147,13.75646095,16.92999756,12.25125596
43.09336472,15.18000026,13.75944656,16.92999936,12.27462835
43.10640335,15.18000015,13.76241279,16.92999908,12.29774231
43.11913681,15.17999982,13.76535713,16.95493075,12.30000029
43.13195801,15.18000049,13.76828381,16.98000017,12.30245820
43.14485931,15.18000158,13.77119615,16.97999891,12.32535016
43.15763092,15.18000012,13.77409236,16.97999994,12.34799167
43.17026138,15.18000056,13.77696818,16.98000052,12.37038352
43.18278122,15.18000140,13.77983582,16.97999971,12.39255006
43.19516373,15.18000163,13.78268631,16.98000016,12.41446838
43.20743179,15.18000013,13.78552361,16.98000004,12.43616237
43.21723938,15.17999994,13.78835483,16.99033724,12.45000138
43.23195648,15.18000037,13.79117341,17.01963886,12.45000050
43.24182892,15.18000134,13.79397791,17.02999943,12.46400450
43.25389481,15.18000034,13.79677412,17.02999920,12.48534072
43.26585770,15.18000085,13.79956022,17.02999976,12.50647943
43.27771378,15.18000041,13.80234239,17.02999838,12.52741090
43.28946686,15.18000142,13.80511599,17.02999907,12.54814259
43.30112457,15.18000101,13.80788144,17.02999808,12.56869135
43.31267929,15.18000154,13.81064261,17.02999803,12.58904217
43.32253647,15.18000152,13.81340189,17.04415435,12.60000018
43.33827209,15.18000167,13.81615230,17.07550634,12.60000023
43.34859085,15.18000058,13.81890146,17.08000082,12.61739619
43.36001205,15.18000186,13.82164465,17.07999994,12.63748785
43.37134552,15.18000069,13.82438900,17.07999997,12.65741629
43.38258743,15.18000164,13.82712434,17.07999978,12.67716456
43.39374924,15.17999981,13.82986243,17.08000038,12.69674503
43.40483093,15.17999995,13.83260421,17.07999979,12.71617334
43.41583252,15.17999978,13.83534210,17.08000022,12.73543680
43.42676163,15.18000008,13.83808202,17.07999887,12.75455102
43.43761063,15.17999976,13.84082411,17.07999896,12.77350616
43.44838715,15.18000178,13.84356621,17.07999921,12.79231894
43.45973206,15.18000144,13.84631498,17.10015123,12.80000035
43.47489929,15.18000009,13.84906794,17.12999836,12.80267794
43.48566818,15.18000169,13.85181835,17.12999795,12.82146495
43.49637222,15.18000009,13.85457612,17.12999927,12.84011672
43.50701904,15.18000130,13.85734295,17.13000003,12.85863753
43.51759338,15.18000013,13.86011354,17.12999833,12.87701958
43.52810669,15.18000112,13.86288990,17.12999904,12.89527303
43.53855896,15.18000038,13.86567151,17.12999952,12.91339109
43.54895401,15.18000167,13.86846155,17.12999854,12.93139126
43.55928802,15.18000144,13.87125948,17.12999914,12.94926023
43.57765198,15.18000065,13.87406643,17.16656230,12.95000055
43.58756638,15.18000183,13.87687998,17.17999923,12.96176666
43.59792709,15.18000106,13.87970617,17.17999744,12.97966196
43.60823822,15.18000062,13.88254311,17.17999929,12.99744467
43.61849213,15.18000081,13.88538646,17.17999921,13.01510526
43.62870026,15.18000100,13.88824410,17.17999813,13.03266429
43.63885498,15.17999985,13.89111327,17.17999822,13.05010432
43.64896393,15.17999985,13.89399730,17.17999854,13.06744275
43.65902328,15.18000183,13.89689088,17.17999736,13.08466980
43.66841507,15.18000054,13.89979562,17.18449266,13.10000005
43.69364548,15.18693020,13.89999960,17.22802066,13.10000006
43.70321655,15.19467073,13.89999933,17.22999985,13.11649374
43.71270370,15.20273869,13.89999963,17.22999846,13.13367208
43.72222137,15.21114045,13.89999999,17.22999964,13.15074390
43.73177338,15.21989872,13.89999995,17.22999963,13.16772830
43.74137115,15.22901865,13.89999987,17.22999837,13.18461353
43.75127792,15.23000193,13.90299365,17.22999860,13.20141017
43.76130676,15.23000206,13.90635156,17.22999833,13.21811196
43.77129745,15.23000240,13.90972050,17.23000021,13.23472252
43.78082275,15.23000152,13.91310917,17.23379799,13.25000088
43.80405045,15.23000238,13.91651108,17.27999773,13.25147694
43.81410217,15.23000118,13.91992995,17.27999882,13.26816473
43.82411957,15.23000074,13.92336458,17.27999751,13.28476285
43.83410645,15.23000078,13.92681447,17.27999886,13.30128455
43.84405136,15.23000102,13.93027702,17.27999844,13.31771713
43.85396957,15.23000199,13.93375661,17.27999819,13.33407377
43.86386490,15.23000073,13.93725461,17.27999743,13.35036011
43.87372208,15.23000076,13.94076602,17.27999941,13.36656580
43.88355637,15.23000108,13.94429512,17.27999748,13.38270653
43.89336014,15.23000176,13.94783686,17.27999804,13.39876965
43.90282440,15.23533617,13.95000018,17.27999820,13.41477061
43.91345978,15.24943381,13.94999986,17.27999938,13.43069649
43.92431641,15.26426303,13.95000024,17.27999792,13.44656403
43.95717239,15.27986779,13.94999993,17.33000031,13.45017031
43.96712875,15.28000216,13.95388178,17.32999920,13.46619960
43.97707748,15.28000181,13.95780864,17.33000014,13.48217282
43.98700333,15.28000094,13.96175050,17.33000034,13.49807944
43.99691010,15.28000145,13.96570735,17.32999903,13.51393739
44.00678635,15.28000044,13.96967198,17.32999950,13.52972983
44.01664734,15.28000228,13.97365251,17.33000049,13.54546903
44.02648544,15.28000101,13.97764594,17.32999957,13.56115193
44.03630447,15.28000225,13.98165282,17.32999944,13.57678514
44.04610443,15.28000043,13.98567041,17.32999964,13.59236293
44.05588150,15.28000060,13.98970172,17.32999913,13.60789035
44.06564713,15.28000215,13.99374769,17.32999907,13.62337370
44.07538986,15.28000142,13.99780523,17.33000001,13.63880132
44.08990860,15.28000086,14.00187613,17.35469649,13.65000034
44.10472107,15.28000223,14.00596020,17.37999861,13.66132258
44.11455536,15.28000090,14.01005736,17.37999967,13.67689694
44.12437439,15.28000047,14.01416697,17.37999797,13.69242304
44.13417435,15.28000084,14.01829158,17.37999894,13.70790315
44.14396667,15.28000063,14.02242774,17.37999947,13.72335002
44.15373993,15.28000073,14.02657520,17.37999924,13.73874925
44.16350555,15.28000086,14.03073939,17.37999989,13.75411687
44.17325592,15.28000023,14.03491334,17.37999822,13.76944062
44.18299484,15.28000149,14.03910137,17.37999877,13.78473449
44.19272614,15.28000225,14.04330637,17.37999852,13.79998794
44.21867371,15.28000209,14.04752423,17.42999690,13.80968186
44.23090744,15.29665918,14.04999969,17.42999900,13.82512785
44.24948883,15.33000220,14.05098700,17.42999899,13.84054050
44.25943756,15.33000162,14.05550177,17.42999755,13.85592612
44.26937485,15.33000100,14.06002928,17.42999700,13.87127494
44.27931213,15.33000134,14.06457302,17.42999796,13.88660233
44.28923416,15.33000152,14.06912409,17.42999907,13.90189374
44.29915237,15.33000075,14.07369232,17.42999789,13.91716254
44.30905914,15.33000191,14.07827208,17.42999768,13.93240005
44.31896591,15.33000204,14.08286685,17.42999918,13.94761600
44.32885742,15.33000066,14.08747031,17.42999713,13.96280000
44.33874893,15.33000051,14.09208839,17.42999733,13.97796029
44.34863663,15.33000080,14.09672134,17.42999726,13.99310238
44.37512970,15.33000195,14.10136591,17.47999978,14.00599974
44.38513947,15.33000117,14.10602984,17.47999935,14.02134978
44.39513779,15.33000093,14.11070433,17.47999872,14.03667074
44.40513229,15.33000139,14.11539403,17.47999888,14.05197661
44.41512680,15.33000126,14.12009401,17.47999909,14.06725899
44.42511368,15.33000089,14.12480939,17.48000013,14.08252182
44.43510818,15.33000063,14.12954304,17.48000034,14.09777522
44.44509506,15.33000221,14.13428837,17.47999940,14.11300264
44.45508194,15.33000239,14.13904798,17.47999950,14.12822024
44.46506882,15.33000198,14.14382493,17.47999954,14.14341693
44.47505951,15.33000277,14.14861681,17.47999911,14.15860811
44.50207138,15.38000171,14.15389549,17.48000035,14.17377388
44.51218414,15.38000069,14.15896001,17.47999916,14.18893720
44.53933334,15.38000189,14.16403992,17.52999941,14.20503463
44.54956818,15.38000132,14.16913323,17.52999778,14.22040765
44.55980301,15.37999998,14.17424244,17.52999865,14.23577116
44.57004166,15.38000161,14.17936912,17.52999852,14.25112286
44.58028793,15.38000177,14.18451240,17.52999791,14.26647122
44.59053421,15.38000197,14.18966825,17.52999904,14.28180220
44.60078430,15.38000019,14.19484358,17.52999756,14.29713159
44.61103821,15.38000049,14.20003126,17.52999796,14.31244896
44.62129974,15.38000061,14.20524036,17.52999856,14.32776390
44.63156128,15.38000139,14.21046777,17.52999872,14.34306285
44.64183426,15.37999998,14.21571061,17.52999936,14.35836106
44.65211105,15.38000161,14.22096937,17.52999922,14.37365702
44.66239166,15.38000140,14.22624554,17.52999923,14.38894446
44.69025421,15.38000130,14.23154135,17.57999867,14.40824828
44.70066452,15.38000187,14.23685480,17.57999913,14.42375846
44.71109009,15.38000020,14.24218567,17.58000086,14.43927222
44.72151566,15.37999990,14.24753587,17.57999905,14.45477807
44.73195267,15.38000105,14.25290460,17.58000061,14.47028314
44.74240494,15.38000201,14.25829553,17.57999930,14.48579291
44.75286102,15.38000122,14.26370362,17.57999922,14.50129757
44.76333237,15.38000120,14.26913433,17.57999995,14.51680898
44.77380753,15.38000114,14.27458088,17.57999970,14.53231338
44.78429794,15.38000118,14.28005065,17.58000038,14.54782451
44.79479599,15.38000074,14.28553874,17.57999990,14.56333257
44.80530930,15.38000173,14.29105013,17.57999980,14.57884758
44.81583023,15.38000179,14.29657699,17.58000076,14.59436171
44.82636261,15.38000045,14.30212805,17.58000055,14.60987810
44.83691406,15.38000019,14.30770307,17.57999868,14.62540504
44.84747314,15.38000121,14.31330227,17.58000002,14.64092846
44.85805130,15.38000055,14.31892106,17.57999931,14.65646145
44.86863708,15.38000093,14.32455979,17.57999884,14.67199397
44.87924194,15.38000112,14.33022750,17.57999898,14.68754074
44.88985825,15.37999991,14.33591090,17.57999965,14.70308665
44.90049362,15.38000159,14.34162396,17.57999993,14.71864564
44.91114044,15.38000081,14.34735434,17.58000001,14.73420541
44.94038010,15.38000021,14.35311112,17.62999971,14.75878944
44.95117569,15.38000199,14.35889340,17.62999897,14.77459322
44.96197891,15.38000155,14.36469636,17.62999864,14.79039769
44.97280502,15.38000129,14.37052701,17.62999960,14.80622100
44.98364258,15.38000095,14.37638007,17.62999905,14.82204625
44.99450302,15.38000126,14.38226008,17.62999900,14.83788565
45.00537491,15.38000071,14.38816255,17.62999979,14.85372749
45.01626968,15.38000184,14.39409448,17.62999831,14.86958370
45.02718735,15.38000031,14.40005307,17.62999932,14.88545557
45.03811646,15.38000153,14.40603726,17.62999872,14.90133215
45.04906845,15.38000092,14.41205156,17.62999806,14.91722322
45.06003571,15.38000030,14.41808960,17.62999993,14.93312181
45.07102966,15.37999998,14.42415636,17.62999858,14.94903914
45.08203888,15.38000039,14.43024992,17.62999968,14.96496150
45.09307098,15.38000042,14.43637433,17.62999970,14.98090469
45.10411835,15.38000033,14.44252534,17.62999980,14.99685244
45.11518860,15.38000026,14.44870067,17.62999811,15.01281198
45.12628174,15.38000055,14.45490948,17.62999813,15.02879100
45.13739395,15.38000149,14.46114491,17.62999884,15.04477836
45.15864182,15.38000071,14.46741234,17.58908518,15.04999958
45.16948700,15.37999999,14.47370552,17.57999914,15.06340417
45.18056107,15.37999975,14.48003195,17.58000032,15.07922501
45.19165421,15.38000156,14.48638784,17.58000049,15.09505864
45.20277786,15.38000056,14.49277853,17.57999928,15.11091269
45.21392059,15.38000075,14.49919593,17.57999937,15.12677672
45.22674942,15.36050723,14.50000114,17.58000046,15.14265725
45.24023056,15.33872808,14.50000056,17.57999958,15.15855486
45.25098038,15.33000044,14.50373730,17.57999987,15.17446482
45.26211166,15.33000143,14.51007201,17.58000030,15.19039547
45.27517319,15.33000144,14.51643961,17.55933054,15.19999963
45.29124832,15.33000169,14.52284349,17.52999778,15.20676040
45.30234909,15.33000227,14.52927794,17.52999903,15.22252721
45.31347275,15.33000055,14.53574240,17.52999757,15.23830829
45.32463074,15.33000053,14.54224742,17.52999911,15.25411750
45.33580399,15.33000130,14.54878265,17.52999879,15.26993524
45.34701157,15.33000196,14.55535488,17.52999836,15.28577645
45.35770416,15.33000102,14.56195802,17.52513763,15.29999911
45.38055420,15.33000171,14.56859933,17.48000049,15.30049476
45.39173508,15.33000174,14.57527418,17.47999832,15.31618011
45.40294647,15.33000215,14.58198702,17.48000026,15.33189172
45.41418076,15.33000124,14.58873005,17.47999916,15.34761666
45.43343735,15.33000147,14.59551051,17.44258848,15.34999985
45.44573212,15.32355094,14.60000044,17.42999865,15.36106598
45.45789337,15.30487009,14.60000026,17.42999873,15.37664454
45.46994781,15.28649923,14.60000033,17.42999802,15.39225287
45.48043442,15.28000177,14.60432203,17.42999813,15.40787345
45.49163818,15.28000196,14.61108394,17.42999703,15.42352168
45.50287247,15.28000213,14.61788372,17.42999800,15.43918693
45.51372147,15.28000113,14.62471976,17.41737322,15.44999938
45.53282547,15.28000018,14.63159651,17.37999978,15.45107009
45.54404449,15.28000109,14.63850884,17.37999961,15.46658948
45.55529404,15.28000225,14.64546314,17.37999793,15.48213723
45.56579590,15.27391202,14.65000087,17.37999832,15.49770226
45.59079742,15.25667284,14.65000081,17.34729174,15.50000032
45.60844040,15.23968513,14.65000048,17.32999877,15.50837647
45.61882019,15.23000180,14.65293357,17.32999944,15.52381131
45.63002014,15.23000200,14.65987997,17.32999978,15.53926225
45.64050674,15.23000194,14.66686925,17.31878929,15.54999951
45.65895844,15.23000196,14.67390271,17.28256458,15.54999878
45.66968155,15.23000174,14.68097348,17.27999822,15.56422420
45.68091583,15.23000097,14.68808629,17.27999941,15.57957439
45.69217300,15.23000191,14.69523793,17.27999930,15.59494258
45.70741272,15.22450549,14.70000122,17.25664616,15.59999963
45.72887421,15.20836261,14.70000054,17.22999917,15.60341666
45.73990631,15.19241488,14.70000107,17.22999931,15.61866528
45.75034714,15.18000163,14.70152262,17.22999869,15.63393231
45.76157379,15.18000078,14.70868134,17.23000048,15.64922893
45.77779770,15.17999999,14.71588737,17.19855160,15.64999959
45.79450226,15.18000156,14.72313285,17.16593677,15.65000004
45.81097794,15.18000185,14.73042201,17.13380097,15.64999912
45.82142639,15.18000079,14.73775094,17.12999972,15.66321457
45.83263397,15.18000171,14.74512862,17.12999839,15.67825265
45.84294128,15.17473296,14.75000153,17.12999965,15.69331399
45.85956955,15.15943693,14.75000096,17.11271787,15.70000020
45.88248062,15.14430625,14.75000096,17.08202478,15.69999973
45.89332962,15.13000118,14.75033530,17.07999903,15.71395261
45.90451813,15.13000078,14.75773033,17.07999871,15.72893381
45.91574097,15.12999979,14.76516607,17.08000060,15.74394127
45.92690659,15.13000128,14.77264706,17.06224358,15.75000013
45.94208908,15.13000073,14.78016704,17.03282658,15.74999983
45.95269775,15.13000164,14.78773734,17.02999943,15.76346246
45.96396637,15.13000060,14.79534554,17.02999895,15.77839096
45.97418594,15.12425447,14.80000059,17.02999975,15.79334894
45.98979950,15.10963229,14.80000017,17.01410817,15.79999888
46.01118088,15.09515023,14.80000037,16.98583063,15.79999873
46.02286530,15.08079453,14.80000076,16.98000018,15.81177603
46.03392410,15.08000144,14.80721386,16.97999871,15.82666329
46.04522324,15.08000134,14.81489198,16.97999941,15.84158544
46.05527878,15.08000140,14.82261081,16.96799443,15.84999895
46.06945038,15.08000162,14.83037564,16.94073187,15.84999936
46.08347702,15.08000145,14.83818561,16.91379094,15.84999880
46.09735489,15.08000154,14.84603751,16.88716484,15.84999938
46.11416245,15.07295977,14.85000077,16.86082955,15.84999949
46.13420105,15.05891158,14.85000063,16.83479968,15.84999870
46.15404892,15.04496456,14.85000083,16.80904707,15.84999905
46.17369843,15.03112886,14.85000003,16.78358854,15.84999969
46.18435287,15.01739445,14.85000076,16.77999923,15.86241158
46.19430161,15.00376245,14.85000109,16.77999781,15.87689812
46.20422745,14.99022669,14.85000044,16.77999867,15.89142626
46.21570587,14.98000057,14.85187765,16.76978190,15.89999977
46.22866821,14.98000093,14.85975113,16.74508753,15.89999902
46.23878098,14.98000018,14.86766970,16.73000014,15.90554986
46.24999619,14.98000055,14.87562968,16.73000019,15.92002332
46.26125717,14.98000183,14.88363884,16.72999944,15.93453824
46.27255630,14.98000040,14.89168692,16.72999986,15.94908438
46.28389359,14.98000120,14.89978262,16.72999909,15.96366868
46.29373932,14.96705456,14.90000036,16.72999938,15.97828406
46.30360413,14.95384069,14.90000017,16.72999977,15.99293656
46.31681442,14.94070995,14.90000102,16.71767165,15.99999972
46.33512115,14.92766482,14.90000039,16.69410188,16.00000090
46.34896088,14.91470553,14.90000024,16.67999747,16.00579773
46.35869980,14.90182799,14.90000096,16.67999890,16.02041129
46.36842728,14.88902939,14.90000071,16.67999838,16.03506559
46.37807083,14.87999998,14.90235385,16.67999930,16.04975467
46.38949585,14.88000039,14.91047290,16.67999897,16.06448327
46.40095520,14.88000074,14.91863225,16.67999794,16.07924477
46.41245651,14.88000096,14.92683525,16.67999830,16.09404362
46.42229843,14.88000029,14.93508383,16.66636900,16.09999822
46.43433762,14.88000047,14.94337375,16.64376290,16.09999832
46.44728088,14.87740400,14.95000133,16.62133354,16.09999894
46.46471024,14.86478026,14.95000107,16.59910378,16.09999840
46.48201370,14.85222601,14.95000149,16.57705017,16.09999934
46.49918365,14.83975063,14.95000042,16.55518555,16.09999853
46.51623154,14.82734624,14.95000057,16.53349153,16.09999833
46.52622604,14.81501077,14.95000111,16.52999954,16.11221050
46.53576660,14.80274161,14.95000064,16.52999868,16.12681716
46.54529953,14.79054108,14.95000127,16.52999816,16.14146745
46.55616379,14.78000151,14.95109959,16.52105537,16.14999988
46.56757736,14.78000055,14.95946004,16.49982004,16.15000001
46.57851791,14.78000044,14.96786044,16.48000033,16.15086528
46.59005737,14.78000054,14.97630909,16.47999992,16.16550142
46.60163879,14.78000112,14.98479670,16.48000004,16.18017196
46.61326218,14.78000215,14.99332770,16.47999940,16.19488724
46.62290192,14.78000024,15.00190096,16.46641744,16.19999968
46.63409042,14.78000102,15.01051562,16.44576436,16.19999861
46.64401627,14.78000196,15.01917667,16.42999885,16.20340459
46.65571594,14.78000052,15.02787366,16.42999735,16.21810435
46.66746521,14.78000126,15.03662172,16.42999785,16.23285619
46.67924881,14.78000108,15.04540295,16.42999857,16.24764496
46.68938828,14.77421983,15.04999979,16.42999867,16.26248495
46.69895172,14.76220085,15.05000087,16.42999824,16.27736177
46.70851517,14.75023920,15.05000109,16.42999855,16.29228671
46.71807861,14.73833472,15.05000014,16.42999746,16.30725823
46.72782898,14.73000095,15.05261769,16.42999777,16.32227216
46.73979187,14.73000088,15.06147516,16.42999797,16.33733730
46.75178909,14.73000061,15.07036573,16.42999924,16.35243926
46.76383591,14.73000028,15.07930744,16.42999763,16.36759287
46.77592087,14.73000109,15.08828296,16.42999911,16.38278695
46.78805542,14.73000010,15.09730441,16.42999899,16.39803606
46.80022812,14.73000115,15.10636304,16.42999816,16.41332317
46.81244659,14.73000130,15.11546583,16.42999933,16.42866020
46.82471466,14.73000026,15.12460901,16.42999916,16.44405076
46.86516953,14.73000096,15.13379402,16.47999922,16.49847392
46.87762070,14.73000137,15.14302263,16.47999900,16.51414534
46.89011002,14.73000123,15.15228623,16.48000043,16.52986205
46.90264893,14.73000160,15.16159665,16.48000022,16.54563288
46.91522980,14.73000069,15.17094470,16.47999947,16.56144571
46.92786026,14.73000128,15.18033535,16.47999904,16.57731179
46.94053650,14.73000053,15.18976703,16.47999942,16.59323289
46.95325470,14.73000093,15.19923836,16.47999944,16.60920040
46.96323776,14.71918896,15.20000153,16.47999927,16.62522232
46.97317886,14.70748778,15.20000118,16.47999944,16.64129583
46.98312378,14.69584143,15.20000141,16.48000027,16.65742591
46.99307632,14.68425614,15.20000101,16.47999886,16.67360327
47.00439453,14.67999990,15.20599845,16.48000013,16.68983979
47.01730347,14.68000135,15.21552981,16.47999985,16.70612694
47.03026199,14.67999983,15.22510420,16.48000041,16.72246881
47.04326630,14.67999987,15.23471611,16.47999872,16.73886913
47.05632019,14.68000011,15.24436658,16.47999943,16.75532144
47.06942368,14.68000160,15.25406551,16.47999891,16.77183379
47.08257294,14.68000018,15.26379872,16.47999911,16.78839971
47.09577560,14.68000150,15.27357492,16.47999926,16.80502792
47.10902786,14.68000065,15.28339382,16.48000012,16.82171183
47.12233353,14.68000126,15.29325765,16.47999914,16.83846049
47.13568497,14.68000089,15.30315576,16.48000041,16.85526308
47.14908218,14.68000024,15.31309491,16.47999882,16.87212234
47.16254044,14.68000043,15.32307936,16.47999975,16.88905167
47.17358017,14.68000108,15.33310220,16.47309487,16.89999917
47.18450546,14.68000052,15.34316647,16.45370239,16.90000030
47.19539261,14.68000020,15.35326988,16.43441203,16.89999980
47.20721817,14.68000122,15.36341757,16.42999774,16.91308698
47.22082901,14.68000070,15.37360229,16.42999774,16.93012706
47.23449326,14.68000104,15.38382870,16.42999754,16.94722606
47.24483490,14.68000091,15.39410195,16.41394839,16.94999841
47.25566483,14.68000041,15.40441556,16.39489905,16.94999923
47.26589966,14.67999983,15.41476990,16.37999914,16.95367673
47.27968216,14.68000133,15.42517053,16.37999963,16.97084400
47.29352570,14.68000127,15.43561422,16.37999879,16.98808508
47.30741501,14.67999995,15.44609396,16.37999834,17.00538731
47.31864929,14.67281392,15.45000049,16.37999961,17.02276685
47.32906342,14.66142746,15.45000080,16.37999908,17.04020595
47.36349487,14.65009444,15.45000171,16.42549954,17.09999838
47.37865829,14.63881130,15.45000111,16.40645919,17.09999781
47.39258194,14.63000119,15.45226706,16.38751553,17.09999846
47.40383911,14.63000099,15.46280474,16.37999866,17.11068551
47.41802597,14.62999971,15.47337985,16.37999954,17.12848274
47.43227386,14.62999995,15.48399927,16.37999849,17.14636083
47.44657898,14.63000053,15.49465899,16.37999938,17.16430730
47.46094894,14.63000126,15.50536793,16.38000003,17.18233974
47.47537613,14.63000103,15.51611654,16.37999993,17.20044403
47.48986053,14.63000067,15.52690663,16.37999927,17.21862266
47.50441360,14.63000028,15.53774618,16.37999939,17.23688975
47.51670074,14.62999986,15.54862255,16.37464064,17.24999939
47.53098679,14.62025016,15.55000050,16.35585236,17.25000018
47.54589081,14.60914405,15.55000061,16.33714846,17.24999975
47.55661392,14.59808727,15.55000083,16.32999976,17.26133999
47.56735992,14.58708357,15.55000102,16.33000071,17.27979582
47.57909775,14.58000099,15.55385597,16.32999971,17.29832767
47.58965302,14.58000044,15.56478709,16.31306425,17.29999853
47.60042191,14.58000096,15.57576649,16.29453436,17.29999915
47.61085892,14.58000179,15.58678811,16.27999872,17.30395897
47.62572479,14.58000162,15.59785446,16.27999889,17.32261931
47.64065552,14.58000138,15.60896998,16.27999908,17.34137057
47.65565491,14.58000065,15.62012707,16.27999943,17.36021082
47.67072678,14.58000060,15.63133749,16.27999884,17.37914446
47.68586731,14.58000183,15.64259200,16.27999962,17.39816648
47.69706726,14.57625483,15.65000083,16.26334243,17.39999876
47.71168900,14.56537624,15.65000097,16.24497549,17.39999977
47.72470474,14.55455401,15.65000161,16.23000010,17.40346408
47.73569870,14.54377728,15.65000129,16.23000021,17.42263675
47.74672318,14.53305436,15.65000167,16.22999971,17.44189920
47.75731659,14.53000029,15.65808542,16.21938213,17.44999897
47.76804733,14.53000169,15.66944206,16.20116595,17.44999839
47.77877045,14.53000065,15.68085541,16.18301423,17.44999847
47.79267120,14.53000080,15.69231033,16.17999789,17.46618485
47.80638885,14.52646915,15.70000041,16.17999776,17.48569936
47.81695557,14.51582434,15.70000146,16.17508450,17.49999929
47.83128738,14.50523367,15.70000086,16.15700896,17.49999990
47.84556961,14.49468597,15.70000042,16.13899540,17.49999989
47.85978317,14.48419480,15.70000086,16.12106032,17.49999977
47.87134552,14.48000094,15.70691168,16.10318372,17.50000085
47.88196182,14.48000156,15.71848723,16.08537983,17.49999977
47.89494324,14.48000117,15.73011070,16.07999937,17.51377164
47.91071701,14.48000111,15.74179788,16.07999999,17.53362962
47.92485809,14.48000110,15.75353637,16.07680947,17.54999910
47.93551254,14.48000088,15.76533094,16.05906474,17.54999881
47.94615173,14.48000137,15.77718406,16.04139332,17.54999893
47.95678329,14.48000035,15.78909343,16.02378325,17.55000020
47.96750259,14.47907819,15.80000088,16.00624141,17.54999894
47.98146820,14.46863337,15.80000090,15.98876137,17.54999976
47.99536896,14.45823560,15.80000143,15.97135305,17.54999898
48.00922012,14.44788052,15.79999978,15.95401058,17.54999870
48.02301407,14.43757084,15.80000075,15.93672720,17.54999919
48.03354645,14.43000040,15.80316728,15.92999938,17.56229884
48.04971695,14.43000070,15.81523404,15.92999926,17.58257145
48.06596375,14.43000101,15.82735479,15.92999896,17.60294620
48.08231354,14.43000044,15.83954776,15.92999974,17.62344930
48.09785843,14.42849795,15.85000001,15.92999936,17.64405291
48.10952759,14.41824257,15.85000022,15.91768396,17.65000025
48.12324524,14.40803046,15.85000107,15.90045957,17.65000035
48.13690948,14.39786162,15.85000011,15.88330074,17.64999919
48.15052795,14.38772902,15.85000101,15.86619697,17.64999970
48.16299438,14.38000080,15.85289413,15.84916162,17.64999935
48.17349625,14.37999997,15.86526135,15.83218515,17.64999991
48.18884659,14.38000039,15.87770003,15.82999962,17.66818460
48.20560455,14.37999988,15.89021097,15.82999970,17.68918507
48.21716309,14.37776788,15.90000200,15.82173933,17.69999847
48.23066330,14.36768401,15.90000190,15.80482572,17.69999826
48.24411774,14.35763236,15.90000186,15.78796658,17.69999899
48.25752258,14.34761993,15.90000112,15.77117142,17.69999787
48.27087784,14.33764519,15.90000111,15.75443629,17.69999829
48.28418350,14.32770995,15.90000193,15.73776126,17.69999897
48.29468155,14.31780890,15.90000101,15.72999881,17.71135297
48.30645752,14.30794793,15.90000164,15.72999989,17.73274410
48.31729507,14.29811988,15.90000102,15.72670799,17.74999947
48.33050156,14.28832774,15.90000151,15.71008990,17.75000077
48.34297943,14.28000161,15.90187429,15.69352915,17.75000076
48.35342026,14.28000096,15.91466064,15.67702252,17.75000028
48.36385727,14.28000143,15.92751693,15.66058087,17.74999933
48.37429810,14.28000126,15.94045842,15.64419118,17.75000058
48.38473511,14.27739107,15.95000139,15.62999933,17.75284544
48.39668274,14.26761986,15.95000064,15.62999935,17.77465418
48.40868378,14.25788530,15.95000052,15.62999915,17.79659133
48.42056656,14.24818021,15.95000201,15.61618798,17.79999837
48.46067810,14.23851180,15.95000154,15.56311933,17.75000039
48.47298050,14.23000089,15.95154467,15.54707431,17.74999955
48.48334503,14.23000095,15.96473379,15.53108143,17.75000093
48.50022888,14.23000077,15.97800995,15.52999964,17.77047774
48.51796341,14.23000116,15.99137570,15.52999911,17.79258003
48.52864456,14.22653712,16.00000152,15.51935682,17.79999932
48.54145050,14.21687774,16.00000101,15.50340915,17.79999910
48.55420685,14.20724947,16.00000182,15.48752060,17.79999882
48.56692123,14.19765324,16.00000105,15.47168823,17.79999849
48.57960129,14.18808050,16.00000118,15.45590406,17.79999971
48.59154892,14.18000098,16.00207940,15.44017843,17.79999984
48.60194397,14.17999995,16.01573290,15.42450078,17.79999906
48.61234283,14.18000070,16.02946906,15.40888068,17.79999838
48.62275696,14.18000092,16.04330296,15.39331001,17.79999906
48.63360214,14.18000025,16.05722764,15.37999876,17.80320373
48.65193558,14.18000046,16.07125625,15.37999957,17.82583701
48.67037964,14.18000109,16.08537559,15.37999901,17.84860784
48.68105698,14.18000039,16.09959500,15.36542285,17.84999788
48.69348907,14.17062147,16.10000073,15.34994103,17.84999805
48.70601273,14.16100050,16.10000116,15.33451742,17.84999847
48.71678543,14.15139937,16.10000088,15.32999946,17.86627163
48.72931290,14.14182978,16.10000144,15.32999951,17.88942991
48.73973846,14.13228066,16.09999978,15.32157847,17.89999914
48.75218964,14.12276219,16.10000034,15.30619615,17.89999913
48.76460648,14.11326656,16.10000147,15.29085529,17.90000027
48.77698517,14.10379373,16.09999956,15.27556755,17.90000035
48.78932571,14.09435023,16.09999979,15.26032979,17.89999934
48.80163193,14.08492881,16.10000058,15.24513868,17.89999898
48.81389999,14.07553004,16.10000119,15.23000124,17.90000025
48.82662201,14.06615197,16.09999984,15.22999960,17.92365267
48.83941269,14.05680128,16.10000095,15.22999878,17.94745615
48.85091782,14.04746871,16.10000142,15.21645744,17.94999855
48.86312103,14.03816404,16.09999998,15.20135497,17.94999788
48.87476730,14.03000124,16.10179306,15.18629936,17.94999874
48.88533783,14.03000143,16.11668625,15.17128683,17.94999796
48.89593124,14.03000052,16.13168319,15.15632569,17.94999844
48.90655136,14.03000136,16.14680793,15.14140750,17.94999918
48.91693497,14.02261768,16.15000186,15.12999884,17.95563905
48.92996216,14.01328398,16.15000197,15.12999920,17.97996018
48.94164276,14.00397195,16.15000124,15.12729968,18.00000000
48.95373154,13.99468013,16.15000102,15.11241362,18.00000014
48.96578217,13.98540865,16.15000204,15.09758145,18.00000029
48.97780609,13.97615641,16.15000183,15.08278975,17.99999970
48.98979950,13.96692011,16.15000134,15.06804057,17.99999938
49.00175476,13.95770784,16.15000116,15.05334173,18.00000003
49.01368332,13.94850966,16.15000137,15.03868318,17.99999915
49.02394485,13.93933122,16.15000058,15.02999949,18.01010643
49.03726959,13.93016862,16.15000173,15.02999915,18.03513344
49.04787827,13.92102623,16.15000082,15.02400632,18.04999949
49.05975342,13.91189959,16.15000193,15.00937704,18.04999914
49.07159805,13.90279214,16.15000081,14.99479662,18.04999844
49.08341599,13.89369852,16.15000151,14.98025917,18.04999932
49.09520340,13.88461860,16.15000098,14.96575825,18.04999924
49.10551834,13.88000005,16.15784875,14.95130467,18.04999939
49.11632156,13.87999978,16.17394895,14.93688920,18.04999874
49.12715912,13.87999977,16.19018274,14.92252178,18.04999816
49.13740540,13.87634625,16.20000074,14.90819474,18.04999995
49.14911652,13.86720686,16.20000126,14.89391097,18.04999887
49.16080093,13.85808107,16.19999993,14.87966968,18.05000004
49.17245865,13.84896673,16.20000102,14.86546392,18.04999868
49.18408966,13.83986997,16.20000025,14.85130194,18.04999843
49.19569397,13.83078401,16.20000021,14.83717753,18.04999873
49.20602036,13.82171439,16.20000159,14.83000029,18.06275057
49.21985626,13.81265469,16.20000091,14.83000004,18.08889453
49.23009109,13.80360906,16.20000047,14.82184465,18.09999765
49.24165726,13.79457449,16.20000090,14.80774573,18.09999787
49.25319672,13.78555438,16.20000042,14.79368768,18.09999770
49.26470947,13.77654754,16.20000038,14.77967458,18.09999820
49.27619553,13.76755171,16.20000188,14.76569667,18.09999944
49.28765488,13.75856782,16.20000076,14.75175807,18.09999842
49.29909515,13.74959180,16.20000133,14.73785236,18.09999773
49.31050873,13.74062848,16.20000111,14.72399319,18.09999898
49.32189941,13.73167463,16.19999980,14.71016460,18.09999776
49.33326340,13.72273082,16.20000010,14.69637924,18.09999854
49.34460831,13.71379556,16.20000038,14.68262761,18.09999865
49.35592270,13.70487394,16.20000135,14.66891597,18.09999825
49.36721802,13.69595777,16.20000163,14.65524230,18.09999850
49.37849426,13.68704694,16.19999982,14.64159920,18.09999914
49.38858414,13.67999996,16.20369891,14.62999950,18.10399999
49.41117859,13.68000056,16.22159242,14.62999897,18.13129526
49.42968369,13.68000066,16.23964266,14.62565083,18.14999882
49.43984604,13.67613310,16.25000153,14.61203056,18.14999923
49.45112610,13.66714756,16.25000232,14.59845300,18.14999862
49.46239090,13.65816632,16.25000144,14.58490684,18.14999862
49.47363663,13.64918967,16.25000232,14.57139475,18.14999881
49.48485184,13.64022687,16.25000206,14.55792202,18.14999876
49.49605560,13.63126421,16.25000319,14.54447877,18.14999882
49.50723648,13.62231086,16.25000225,14.53107395,18.14999859
49.51839447,13.61336218,16.25000264,14.51770266,18.14999923
49.52952957,13.60442260,16.25000103,14.50436899,18.15000021
49.54065704,13.59548253,16.25000278,14.49106145,18.15000012
49.55175400,13.58655380,16.25000303,14.47779587,18.14999990
49.56283188,13.57763097,16.25000203,14.46455961,18.14999847
49.57389450,13.56870840,16.25000167,14.45135627,18.14999863
49.58493423,13.55979413,16.25000194,14.43818989,18.14999972
49.59503937,13.55087919,16.25000149,14.42999961,18.16076072
49.61005020,13.54197397,16.25000116,14.42999932,18.18942979
49.62016678,13.53306596,16.25000193,14.42165435,18.19999804
49.63118744,13.52416730,16.25000134,14.40850962,18.19999947
49.64219666,13.51526844,16.25000286,14.39539103,18.19999960
49.65318680,13.50637385,16.25000298,14.38230708,18.19999840
49.66415787,13.49748199,16.25000180,14.36925796,18.19999828
49.67511368,13.48858729,16.25000121,14.35623352,18.19999765
49.68590927,13.48000079,16.25068643,14.34324385,18.19999846
49.69789886,13.48000037,16.27086077,14.33028158,18.19999866
49.70995331,13.48000033,16.29120901,14.31735992,18.19999883
49.71998215,13.47486749,16.30000045,14.30446152,18.19999931
49.73090744,13.46588088,16.30000224,14.29159781,18.19999888
49.74129486,13.45689842,16.30000247,14.27999982,18.20285222
49.75683975,13.44790876,16.30000066,14.27999941,18.23261339
49.76811600,13.43892785,16.30000043,14.27461366,18.25000081
49.77902985,13.42994383,16.30000065,14.26176956,18.24999990
49.78992462,13.42096421,16.30000226,14.24895876,18.25000023
49.80081177,13.41197849,16.30000240,14.23617323,18.25000062
49.81167603,13.40299600,16.30000216,14.22342326,18.24999934
49.82253265,13.39400907,16.30000226,14.21069701,18.24999906
49.83337021,13.38502488,16.30000032,14.19800784,18.24999997
49.84419250,13.37604313,16.30000042,14.18534617,18.24999995
49.85500717,13.36705342,16.30000230,14.17270857,18.25000091
49.86579895,13.35806704,16.30000216,14.16010622,18.24999925
49.87658691,13.34907268,16.30000215,14.14752630,18.25000082
49.88735580,13.34008259,16.30000225,14.13498078,18.25000037
49.89897919,13.33108542,16.30000105,14.12999909,18.26857849
49.91511536,13.32208904,16.30000201,14.12999909,18.29956806
49.92580795,13.31308764,16.30000223,14.11762049,18.29999792
49.93656921,13.30408389,16.30000169,14.10509874,18.29999942
49.94731522,13.29507999,16.30000139,14.09260873,18.29999879
49.95805740,13.28606391,16.30000230,14.08014038,18.29999919
49.96803284,13.28000105,16.30745831,14.06770498,18.29999837
49.98107529,13.28000045,16.33040291,14.05529572,18.29999980
49.99304962,13.27860924,16.35000000,14.04291656,18.29999921
50.00378418,13.26949866,16.34999956,14.03056133,18.29999894
50.01449966,13.26038588,16.35000160,14.01823812,18.29999898
50.02520752,13.25126842,16.35000041,14.00594170,18.29999995
50.03590775,13.24214067,16.35000081,13.99366684,18.29999878
50.04659271,13.23301580,16.35000045,13.98142455,18.29999946
50.05727386,13.22387544,16.34999963,13.96920266,18.29999970
50.06793594,13.21473870,16.35000066,13.95701370,18.29999957
50.07859421,13.20559123,16.35000066,13.94484443,18.29999836
50.08923721,13.19644082,16.35000090,13.93270823,18.29999806
50.10308456,13.18727915,16.34999993,13.92999954,18.32501976
50.11692810,13.17811683,16.35000092,13.92723241,18.34999861
50.12757874,13.16894493,16.35000001,13.91509766,18.34999772
50.13822556,13.15976561,16.35000012,13.90298575,18.34999805
50.14886093,13.15058042,16.34999986,13.89090235,18.34999735
50.15948868,13.14138518,16.35000139,13.87884153,18.34999820
50.17010117,13.13218895,16.35000025,13.86681215,18.34999912
50.18070984,13.12298076,16.35000110,13.85480377,18.34999944
50.19130325,13.11376980,16.35000145,13.84282428,18.34999722
50.20189667,13.10454491,16.35000077,13.83086438,18.34999924
50.21247482,13.09531955,16.35000035,13.81893480,18.34999750
50.22304916,13.08608121,16.35000113,13.80702526,18.34999732
50.23305130,13.08000075,16.35881304,13.79514059,18.34999758
50.24729156,13.08000090,16.38470162,13.78328099,18.34999830
50.26726532,13.07614799,16.40000231,13.77999966,18.37400251
50.28157043,13.06681470,16.40000198,13.77739246,18.40000017
50.29216766,13.05747018,16.40000117,13.76553653,18.39999886
50.30275726,13.04812073,16.40000133,13.75370702,18.40000032
50.31333542,13.03876552,16.40000157,13.74190520,18.40000028
50.32391739,13.02939574,16.40000178,13.73011762,18.40000039
50.33448029,13.02002492,16.40000168,13.71836003,18.39999966
50.34503937,13.01064210,16.40000072,13.70662347,18.39999948
50.35559082,13.00125451,16.40000244,13.69491003,18.40000021
50.36613464,12.99185439,16.40000144,13.68321752,18.39999981
50.37667465,12.98244609,16.40000224,13.67155151,18.40000001
50.38721085,12.97302589,16.40000272,13.65989842,18.39999907
50.39773560,12.96360146,16.40000077,13.64827470,18.40000018
50.40825272,12.95416880,16.40000182,13.63667140,18.40000019
50.41907501,12.94471929,16.40000217,13.62999898,18.41444188
50.43678284,12.93526651,16.40000154,13.62999949,18.44857326
50.44750977,12.93000017,16.41242763,13.61888464,18.44999909
50.46271896,12.92999984,16.44056086,13.60731739,18.44999759
50.47283554,12.92364757,16.45000143,13.59576722,18.44999756
50.48336792,12.91410717,16.45000119,13.58424216,18.44999894
50.49390030,12.90455232,16.45000171,13.57273270,18.44999943
50.50442123,12.89499398,16.45000115,13.56124825,18.44999795
50.51493835,12.88542372,16.45000055,13.54978431,18.44999958
50.52545547,12.87584273,16.45000067,13.53833608,18.44999915
50.53596115,12.86625416,16.45000192,13.52691259,18.44999789
50.54646683,12.85664973,16.45000091,13.51550327,18.44999843
50.55696487,12.84704205,16.45000082,13.50411926,18.44999935
50.56745911,12.83741812,16.45000185,13.49274993,18.44999742
50.57794571,12.82779185,16.45000084,13.48140681,18.44999818
50.58842850,12.81815212,16.45000051,13.47007970,18.44999901
50.59890747,12.80850061,16.45000023,13.45877121,18.44999902
50.60938263,12.79884029,16.45000134,13.44748455,18.44999944
50.61985397,12.78916862,16.45000006,13.43621380,18.44999778
50.63138580,12.78000087,16.45158905,13.42999942,18.46559554
50.66364670,12.78000077,16.48170677,13.42982831,18.50000082
50.67550659,12.77615228,16.50000326,13.41858014,18.49999925
50.68600082,12.76639724,16.50000296,13.40734371,18.49999981
50.69648743,12.75663950,16.50000293,13.39613205,18.49999879
50.70697021,12.74686941,16.50000112,13.38493813,18.50000063
50.71745300,12.73708233,16.50000155,13.37375802,18.49999894
50.72792435,12.72729083,16.50000271,13.36260277,18.50000094
50.73839951,12.71748366,16.50000112,13.35145961,18.50000072
50.74887085,12.70766958,16.50000224,13.34033542,18.49999921
50.75933838,12.69784210,16.50000290,13.32922889,18.49999949
50.76979828,12.68800618,16.50000182,13.31814352,18.50000079
50.78026199,12.67815331,16.50000311,13.30707006,18.49999974
50.79071426,12.66829485,16.50000253,13.29602017,18.49999997
50.80116653,12.65842406,16.50000118,13.28498529,18.50000027
50.81162262,12.64853677,16.50000259,13.27396263,18.49999889
50.82207108,12.63864515,16.50000143,13.26296216,18.49999886
50.83209229,12.63000024,16.50405117,13.25197503,18.49999932
50.84895706,12.62999984,16.53594382,13.24100584,18.50000014
50.85980988,12.62441150,16.55000069,13.23005031,18.49999939
50.87805939,12.61444808,16.55000167,13.23000004,18.53509933
50.88910294,12.60446954,16.55000099,13.22367855,18.54999877
50.89956665,12.59447491,16.55000119,13.21274717,18.54999995
50.91001892,12.58447494,16.55000216,13.20183998,18.55000011
50.92047501,12.57445947,16.55000186,13.19094168,18.54999881
50.93092728,12.56443396,16.55000193,13.18006650,18.55000001
50.94137955,12.55439545,16.55000120,13.16920183,18.54999791
50.95182419,12.54434816,16.55000034,13.15835864,18.54999895
50.96226883,12.53428553,16.55000159,13.14752733,18.54999860
50.97271347,12.52420939,16.55000047,13.13671502,18.54999829
50.98315811,12.51412432,16.55000036,13.12591440,18.55000009
50.99360275,12.50402148,16.55000235,13.11512592,18.54999989
51.00403976,12.49391060,16.55000235,13.10436060,18.54999804
51.01448059,12.48378578,16.55000076,13.09360350,18.54999791
51.02718735,12.48000046,16.57085057,13.08286673,18.54999855
51.04295349,12.47871281,16.60000164,13.07214044,18.55000014
51.05339432,12.46854001,16.60000027,13.06143136,18.54999847
51.06383514,12.45835140,16.60000066,13.05073525,18.54999998
51.07427597,12.44815512,16.60000017,13.04005391,18.54999883
51.08445740,12.43794591,16.60000176,13.02999993,18.55201227
51.10276794,12.42771957,16.60000112,13.03000011,18.58718344
51.11341476,12.41748529,16.60000063,13.02323266,18.59999727
51.12385941,12.40723352,16.60000087,13.01259064,18.59999827
51.13430023,12.39697845,16.60000094,13.00197026,18.59999924
51.14474106,12.38670642,16.59999963,12.99135786,18.59999886
51.15517807,12.37642517,16.59999982,12.98076097,18.59999753
51.16561890,12.36613154,16.60000128,12.97017871,18.59999936
51.17605972,12.35582186,16.60000125,12.95960418,18.59999776
51.18649673,12.34550354,16.60000096,12.94904732,18.59999802
51.19693756,12.33516934,16.60000108,12.93849838,18.59999923
51.20737839,12.32482589,16.60000010,12.92796272,18.59999766
51.21781921,12.31446662,16.60000060,12.91743846,18.59999932
51.22826004,12.30409904,16.60000177,12.90692741,18.59999800
51.23870087,12.29371751,16.60000003,12.89642871,18.59999824
51.24913788,12.28332610,16.60000141,12.88594201,18.59999784
51.25957489,12.27292278,16.59999970,12.87547138,18.59999845
51.27001572,12.26250658,16.60000065,12.86500608,18.59999894
51.28045654,12.25207983,16.60000050,12.85455523,18.59999851
51.29089737,12.24163802,16.60000095,12.84411187,18.59999932
51.30133820,12.23118752,16.60000128,12.83368475,18.59999773
51.32803345,12.23000065,16.63080886,12.82999974,18.62235835
51.35169220,12.22530995,16.65000201,12.82792200,18.64999969
51.36213684,12.21481974,16.65000110,12.81752264,18.64999934
51.37257767,12.20432211,16.65000160,12.80713876,18.64999874
51.38301849,12.19381319,16.65000263,12.79676624,18.64999943
51.39346695,12.18328793,16.65000172,12.78639904,18.64999924
51.40390778,12.17275623,16.65000156,12.77604639,18.64999873
51.41435623,12.16220668,16.65000251,12.76570153,18.64999912
51.42480087,12.15164828,16.65000070,12.75536377,18.64999953
51.43525314,12.14107331,16.65000239,12.74503407,18.64999855
51.44570160,12.13049529,16.65000220,12.73472073,18.65000004
51.45615005,12.11990017,16.65000252,12.72441363,18.65000000
51.46660995,12.10928872,16.65000117,12.71411257,18.64999918
51.47706223,12.09867131,16.65000053,12.70382457,18.64999839
51.48751831,12.08803913,16.65000224,12.69354154,18.64999900
51.51834106,12.06225062,16.60000062,12.68327144,18.64999940
51.52880859,12.05158361,16.59999947,12.67300721,18.64999867
51.53927231,12.04090834,16.60000108,12.66275572,18.64999925
51.54973984,12.03021870,16.60000077,12.65250689,18.65000044
51.56021118,12.01951740,16.60000109,12.64226858,18.65000051
51.57067871,12.00880595,16.59999994,12.63204183,18.65000012
51.58115768,11.99807507,16.60000081,12.62181359,18.64999869
51.59163284,11.98733627,16.60000048,12.61160072,18.64999900
51.60204697,11.98000015,16.61121506,12.60139162,18.64999919
51.62040329,11.98000073,16.64648753,12.59119318,18.64999868
51.63050079,11.97030778,16.65000139,12.58100022,18.64999982
51.64097595,11.95953771,16.65000109,12.57081744,18.64999880
51.65146255,11.94875011,16.65000097,12.56063824,18.64999883
51.66194534,11.93795261,16.65000150,12.55046850,18.64999879
51.67243195,11.92714458,16.65000124,12.54030253,18.64999835
51.68292236,11.91632001,16.65000236,12.53014324,18.64999966
51.70010376,11.90548891,16.65000054,12.52999967,18.68256542
51.71181107,11.89464147,16.65000138,12.52522553,18.69999860
51.72229767,11.88378333,16.65000051,12.51510480,18.69999803
51.75322342,11.85749199,16.60000059,12.50498663,18.69999881
51.76372910,11.84659419,16.60000050,12.49487883,18.69999780
51.77423477,11.83568287,16.60000083,12.48477884,18.69999800
51.78474426,11.82475780,16.60000082,12.47468083,18.69999774
51.79525757,11.81381977,16.60000106,12.46458991,18.69999893
51.80577850,11.80286571,16.60000166,12.45450253,18.69999918
51.81629944,11.79190543,16.60000051,12.44442406,18.69999756
51.84728241,11.76537017,16.55000035,12.43434862,18.69999941
51.85782242,11.75436233,16.55000077,12.42427951,18.69999901
51.86837006,11.74333545,16.55000152,12.41421314,18.69999956
51.87891388,11.73230641,16.55000237,12.40415583,18.69999883
51.90993881,11.70560790,16.50000291,12.39410114,18.69999871
51.92050934,11.69451931,16.50000115,12.38404786,18.69999753
51.93269730,11.68342402,16.50000284,12.37999929,18.71909513
51.97335815,11.64086944,16.40000112,12.37967954,18.74999938
51.98395157,11.62969388,16.40000168,12.36966881,18.74999935
51.99455261,11.61850435,16.40000138,12.35965689,18.74999919
52.00515366,11.60730246,16.40000266,12.34965304,18.74999872
52.01576614,11.59608269,16.40000161,12.33965103,18.74999925
52.02637482,11.58485269,16.40000170,12.32965896,18.74999914
52.03887558,11.58000051,16.42012271,12.31966870,18.74999935
52.05492783,11.57825216,16.45000078,12.30968020,18.75000077
52.06554031,11.56700957,16.45000094,12.29969665,18.74999987
52.07616425,11.55574758,16.45000112,12.28971291,18.75000009
52.08678818,11.54447845,16.45000174,12.27973670,18.75000024
52.09741974,11.53318791,16.45000079,12.26976177,18.74999878
52.10805130,11.52189414,16.44999990,12.25979511,18.75000061
52.11868668,11.51058401,16.45000137,12.24982796,18.74999906
52.12933350,11.49925678,16.45000066,12.23986275,18.74999875
52.13998413,11.48792001,16.45000020,12.22990138,18.74999871
52.15038681,11.48000018,16.46063054,12.21994023,18.74999984
52.16860962,11.48000030,16.49569337,12.20998556,18.74999877
52.17879486,11.47004440,16.50000268,12.20002915,18.74999917
52.18944931,11.45868555,16.50000120,12.19007975,18.74999934
52.20011520,11.44730680,16.50000140,12.18012548,18.75000075
52.21622467,11.43592410,16.50000123,12.17999969,18.78009573
52.23513412,11.43000043,16.51674038,12.17658493,18.79999882
52.25255966,11.42949283,16.55000035,12.16667009,18.79999883
52.26320648,11.41810450,16.55000039,12.15676263,18.79999880
52.27386475,11.40669986,16.55000074,12.14685390,18.79999846
52.28452301,11.39528515,16.55000100,12.13695021,18.79999974
52.29519272,11.38385336,16.55000080,12.12704457,18.79999993
52.30855942,11.38000014,16.57292333,12.11714053,18.79999837
52.32344055,11.37754222,16.60000015,12.10723608,18.79999880
52.33410263,11.36611406,16.59999982,12.09733980,18.79999921
52.34477615,11.35467101,16.60000070,12.08743868,18.79999909
52.35491562,11.34321507,16.59999966,12.08000042,18.80737235
52.37077332,11.33175040,16.60000062,12.07999970,18.83693904
52.38148117,11.32026983,16.60000162,12.07450373,18.84999776
52.39215469,11.30877997,16.60000111,12.06464703,18.84999769
52.40284348,11.29727277,16.60000171,12.05478198,18.84999729
52.41352844,11.28575901,16.60000086,12.04492497,18.84999720
52.42509079,11.28000038,16.61705405,12.03506842,18.84999920
52.44233704,11.27963805,16.65000251,12.02520566,18.84999890
52.45302582,11.26812422,16.65000201,12.01534890,18.84999824
52.46371841,11.25659714,16.65000076,12.00548779,18.84999776
52.47441483,11.24506421,16.65000208,11.99563007,18.84999818
52.48511887,11.23351217,16.65000105,11.98576850,18.84999766
52.49563599,11.22195740,16.65000247,11.97999929,18.86192239
52.51110077,11.21038569,16.65000167,11.97999955,18.89060215
52.52132797,11.19880439,16.65000084,11.97340886,18.89999944
52.53203201,11.18721333,16.65000199,11.96358819,18.89999989
52.54266357,11.18000029,16.66271256,11.95376370,18.90000032
52.56010437,11.18000002,16.69618866,11.94394132,18.89999867
52.57033157,11.16973327,16.69999982,11.93411607,18.90000009
52.58103943,11.15813634,16.70000103,11.92429534,18.89999850
52.59175491,11.14652959,16.70000094,11.91446832,18.89999856
52.60247803,11.13490931,16.70000019,11.90464624,18.90000037
52.61320877,11.12327824,16.70000058,11.89481601,18.89999849
52.62393951,11.11163840,16.69999981,11.88499170,18.89999954
52.63473129,11.09998596,16.70000031,11.87999946,18.91373378
52.64980698,11.08832101,16.70000123,11.87999956,18.94154303
52.66153336,11.08000072,16.70946406,11.87319883,18.94999971
52.67869949,11.08000059,16.74237561,11.86340377,18.94999817
52.68881607,11.07105484,16.75000251,11.85360928,18.94999830
52.69955063,11.05938602,16.75000196,11.84381012,18.94999808
52.71028519,11.04771318,16.75000110,11.83401108,18.94999973
52.72102737,11.03603314,16.75000294,11.82421292,18.94999972
52.73220444,11.03000025,16.76578516,11.81440609,18.94999898
52.74916840,11.03000059,16.79826144,11.80460108,18.94999796
52.75963211,11.01895306,16.80000023,11.79479239,18.94999783
52.77037811,11.00726903,16.80000197,11.78498141,18.94999773
52.78113556,10.99557198,16.80000120,11.77516486,18.94999892
52.79189301,10.98387335,16.80000228,11.76534950,18.94999932
52.80266190,10.97215386,16.80000051,11.75553044,18.94999957
52.81343079,10.96043632,16.80000241,11.74571098,18.94999787
52.82421112,10.94870370,16.80000143,11.73588510,18.94999884
52.83453369,10.93695776,16.80000073,11.72999930,18.96074999
52.85469818,10.93000059,16.81302810,11.72999992,18.98744570
52.87705994,10.93000020,16.84489762,11.72482795,19.00000016
52.88720322,10.92015908,16.84999973,11.71503741,19.00000081
52.89797592,10.90841790,16.85000024,11.70523527,18.99999951
52.90874863,10.89667163,16.85000132,11.69543485,18.99999983
52.91953278,10.88491392,16.85000177,11.68562697,18.99999912
52.93031693,10.87315027,16.85000039,11.67582069,19.00000020
52.94110489,10.86138045,16.85000088,11.66600995,19.00000083
52.95191193,10.84958972,16.84999968,11.65618995,18.99999890
52.96271896,10.83779820,16.85000007,11.64636865,18.99999978
52.97301102,10.83000092,16.86063479,11.63654045,18.99999918
52.99323654,10.83000076,16.89185773,11.62999891,19.00869700
53.01082611,10.82130141,16.90000073,11.62999910,19.03463715
53.02182770,10.80952145,16.90000225,11.62602912,19.04999858
53.03262329,10.79772753,16.90000116,11.61623156,19.04999854
53.04342651,10.78592309,16.90000192,11.60642679,19.04999988
53.05423355,10.77411573,16.90000240,11.59661965,19.04999930
53.06505203,10.76229406,16.90000241,11.58680424,19.04999951
53.07587433,10.75046728,16.90000120,11.57698986,19.04999975
53.08670425,10.73862963,16.90000124,11.56716586,19.04999904
53.09682465,10.73000051,16.90832167,11.55734187,19.04999840
53.11289597,10.73000061,16.93892402,11.54750529,19.04999876
53.12319183,10.72247655,16.95000060,11.53766923,19.05000019
53.13402939,10.71065243,16.95000068,11.52782525,19.04999811
53.14487076,10.69881906,16.95000170,11.51797084,19.04999842
53.15571594,10.68698157,16.95000150,11.50811808,19.04999894
53.16657257,10.67513064,16.95000128,11.49825656,19.04999859
53.17743301,10.66327664,16.95000030,11.48839155,19.04999865
53.18773651,10.65141120,16.95000161,11.47999918,19.05376253
53.20157623,10.63953902,16.95000045,11.47999977,19.07877442
53.21622467,10.62999998,16.95592825,11.47853688,19.09999912
53.23199081,10.62999985,16.98587957,11.46869192,19.09999869
53.24269485,10.62375480,17.00000154,11.45884128,19.09999871
53.25355530,10.61189718,17.00000306,11.44898141,19.09999841
53.26441574,10.60003314,17.00000290,11.43911967,19.09999822
53.27529144,10.58815902,17.00000181,11.42924781,19.09999812
53.28616714,10.57628402,17.00000250,11.41937270,19.09999906
53.29705429,10.56439479,17.00000232,11.40948567,19.09999946
53.30794144,10.55250385,17.00000286,11.39959773,19.09999837
53.31884384,10.54060437,17.00000230,11.38969824,19.09999825
53.32916260,10.53000076,17.00322307,11.37999910,19.10050887
53.35602570,10.53000079,17.03254643,11.37999917,19.12491047
53.37704849,10.52521229,17.05000060,11.37999928,19.14922796
53.38777542,10.51333480,17.05000198,11.37043464,19.15000013
53.39867020,10.50144106,17.05000039,11.36054213,19.14999844
53.40956116,10.48955125,17.05000212,11.35064639,19.14999858
53.41970444,10.48000039,17.05572829,11.34073965,19.14999884
53.43497086,10.48000029,17.08460981,11.33082652,19.14999893
53.44587326,10.47447735,17.09999949,11.32090742,19.14999905
53.45677567,10.46260542,17.09999968,11.31097570,19.15000026
53.46767807,10.45073194,17.09999968,11.30104103,19.15000027
53.47859573,10.43884752,17.10000061,11.29109108,19.14999878
53.48951340,10.42696539,17.10000006,11.28113767,19.14999946
53.50044632,10.41507274,17.10000032,11.27116865,19.14999876
53.51137543,10.40317849,17.10000034,11.26119767,19.14999923
53.52231979,10.39127641,17.10000116,11.25121234,19.14999898
53.53297806,10.38000037,17.10149837,11.24122460,19.14999933
53.54796600,10.38000004,17.12975759,11.23122705,19.14999938
53.56009293,10.37665882,17.15000266,11.22121549,19.15000024
53.57103729,10.36478762,17.15000266,11.21119709,19.14999903
53.58199310,10.35290723,17.15000149,11.20116735,19.14999857
53.59295273,10.34102584,17.15000094,11.19113074,19.14999985
53.60391998,10.32913765,17.15000186,11.18108145,19.14999832
53.61627197,10.31724772,17.15000146,11.17999967,19.17101723
53.62942886,10.30535578,17.15000147,11.17999917,19.19449777
53.63959885,10.29345484,17.15000219,11.17231803,19.19999770
53.65056992,10.28155309,17.15000174,11.16227992,19.19999972
53.66392517,10.28000055,17.17405593,11.15222573,19.19999933
53.67796707,10.27930837,17.20000166,11.14216856,19.19999868
53.68893814,10.26743663,17.19999997,11.13209510,19.19999950
53.69991302,10.25556684,17.20000144,11.12201471,19.19999802
53.71089935,10.24368864,17.20000118,11.11192066,19.19999845
53.72188950,10.23181202,17.20000086,11.10181850,19.19999901
53.73288345,10.21993293,17.20000173,11.09170814,19.19999927
53.74388885,10.20804415,17.20000110,11.08158425,19.19999840
53.75575638,10.19615675,17.20000052,11.08000002,19.21953256
53.76874542,10.18426371,17.20000043,11.07999977,19.24262899
53.78230667,10.18000005,17.21736035,11.07312042,19.25000018
53.79671860,10.17999982,17.24434676,11.06299504,19.25000007
53.80686951,10.17063616,17.25000172,11.05286139,19.24999945
53.81787109,10.15877639,17.25000206,11.04271406,19.24999891
53.82888031,10.14691774,17.25000247,11.03256010,19.25000064
53.83989334,10.13505863,17.25000269,11.02239271,19.24999875
53.85069656,10.13000033,17.26532043,11.01221162,19.25000086
53.86494446,10.12999986,17.29193203,11.00202435,19.25000091
53.87500381,10.12176987,17.30000031,10.99181976,19.25000011
53.88602448,10.10994404,17.30000088,10.98160894,19.24999888
53.89704895,10.09811545,17.30000044,10.97138435,19.25000020
53.90807724,10.08629128,17.30000128,10.96115593,19.25000003
53.91911316,10.07446481,17.30000065,10.95091252,19.25000052
53.93015671,10.06263573,17.30000110,10.94065258,19.24999913
53.94120407,10.05080764,17.30000227,10.93038682,19.25000052
53.95374298,10.03897122,17.30000089,10.92999952,19.27189820
53.96892548,10.03000058,17.30631972,10.92999950,19.29459368
53.98514938,10.03000037,17.33240761,10.92218013,19.29999978
53.99642181,10.02618490,17.34999960,10.91190488,19.29999986
54.00746536,10.01438900,17.34999973,10.90161191,19.29999802
54.01851273,10.00259515,17.35000091,10.89131425,19.29999920
54.02956009,9.99080669,17.35000077,10.88100693,19.29999977
54.04018021,9.98000040,17.35216252,10.87068346,19.30000022
54.05404282,9.98000022,17.37789668,10.86035026,19.30000008
54.06661606,9.97836708,17.40000053,10.85000062,19.30000008
54.07767105,9.96661778,17.40000218,10.83964243,19.29999971
54.08873749,9.95485942,17.40000095,10.82926766,19.29999914
54.09980392,9.94310995,17.40000266,10.81888416,19.29999798
54.11087799,9.93135459,17.40000128,10.80848626,19.29999952
54.12195587,9.91960903,17.40000128,10.79808261,19.29999817
54.13303757,9.90786103,17.40000202,10.78766363,19.29999994
54.14412689,9.89611241,17.40000081,10.77723012,19.30000017
54.15522003,9.88437061,17.40000117,10.76678950,19.29999943
54.16607666,9.87999984,17.41585819,10.75633057,19.29999944
54.17970657,9.87999973,17.44103342,10.74586273,19.29999943
54.18976974,9.87246875,17.45000093,10.73538008,19.29999940
54.19991302,9.86076763,17.45000192,10.72999917,19.31093930
54.21256256,9.84906972,17.45000133,10.72999961,19.33337404
54.22356033,9.83737162,17.45000021,10.72728875,19.34999805
54.23361206,9.83000075,17.45921364,10.71679610,19.34999733
54.24711990,9.83000135,17.48409793,10.70628397,19.34999845
54.25794983,9.82581340,17.50000189,10.69576371,19.34999802
54.26904678,9.81415706,17.50000108,10.68522687,19.34999926
54.28013992,9.80251114,17.50000267,10.67468202,19.34999764
54.29124451,9.79086360,17.50000211,10.66412308,19.34999929
54.30234909,9.77922157,17.50000277,10.65355456,19.34999764
54.31345749,9.76758595,17.50000194,10.64297239,19.34999821
54.32457733,9.75595008,17.50000318,10.63237336,19.34999757
54.33572769,9.74431873,17.50000248,10.62999922,19.36735829
54.34832764,9.73268833,17.50000307,10.62999891,19.38971453
54.35840607,9.72107182,17.50000141,10.62428022,19.39999845
54.36952591,9.70945289,17.50000123,10.61365924,19.39999942
54.38064575,9.69784460,17.50000316,10.60303060,19.40000005
54.39177322,9.68623664,17.50000117,10.59238332,19.39999999
54.40290070,9.67463828,17.50000290,10.58172507,19.39999938
54.41402817,9.66304785,17.50000261,10.57106125,19.40000018
54.42516327,9.65146090,17.50000253,10.56037760,19.39999859
54.43629837,9.63988123,17.50000154,10.54968562,19.40000027
54.44674683,9.63000014,17.50353903,10.53897471,19.39999914
54.45993423,9.63000025,17.52763594,10.52825998,19.40000038
54.47251892,9.62918807,17.55000141,10.51752254,19.40000021
54.48365402,9.61765979,17.55000170,10.50677942,19.39999982
54.49479294,9.60613776,17.55000164,10.49602594,19.39999863
54.50593567,9.59461904,17.55000071,10.48525382,19.39999880
54.51608658,9.58311459,17.55000182,10.47999949,19.41145734
54.52866745,9.57161387,17.55000026,10.47999987,19.43383286
54.53951645,9.56012478,17.55000169,10.47701145,19.44999832
54.55066299,9.54863826,17.55000060,10.46620875,19.44999785
54.56180573,9.53716465,17.55000036,10.45539844,19.44999974
54.57294846,9.52569949,17.55000207,10.44457362,19.44999825
54.58409119,9.51424468,17.55000033,10.43374193,19.44999884
54.59523773,9.50280143,17.55000242,10.42289604,19.44999933
54.60638809,9.49136366,17.55000233,10.41203500,19.44999918
54.61753845,9.47993545,17.55000163,10.40116157,19.44999826
54.62869263,9.46851487,17.55000026,10.39027221,19.44999971
54.63984299,9.45711030,17.55000127,10.37937475,19.44999888
54.65099716,9.44571420,17.55000220,10.36846597,19.44999927
54.66214752,9.43433180,17.55000218,10.35754636,19.44999972
54.67330170,9.42295725,17.55000172,10.34661215,19.44999972
54.68445206,9.41159833,17.55000223,10.33566840,19.44999925
54.69454575,9.40024946,17.55000210,10.32999961,19.46086518
54.70716095,9.38890916,17.55000089,10.32999944,19.48340084
54.71944809,9.37999979,17.55495568,10.32711272,19.49999976
54.73228836,9.37999971,17.57817606,10.31612912,19.49999891
54.74465942,9.37934412,17.60000095,10.30513820,19.50000044
54.75580215,9.36806376,17.60000163,10.29413166,19.50000083
54.76694107,9.35680220,17.60000020,10.28311421,19.49999982
54.77807999,9.34555261,17.60000072,10.27208746,19.50000030
54.78922272,9.33431063,17.59999992,10.26104453,19.50000025
54.80035782,9.32309214,17.60000145,10.24999562,19.50000057
54.81149673,9.31187737,17.59999954,10.23892815,19.50000007
54.82262802,9.30068679,17.60000084,10.22785821,19.49999956
54.83376312,9.28950715,17.60000146,10.21676986,19.49999912
54.84488678,9.27834630,17.60000119,10.20567806,19.50000041
54.85601807,9.26719348,17.60000114,10.19456878,19.50000089
54.86714172,9.25606309,17.60000059,10.18345105,19.49999970
54.87786102,9.24494860,17.60000062,10.17999903,19.51572215
54.89055252,9.23384508,17.59999996,10.17999894,19.53855294
54.90065384,9.22276104,17.59999986,10.17443491,19.54999887
54.91177368,9.21169135,17.60000131,10.16326899,19.54999847
54.92288208,9.20064134,17.60000052,10.15209705,19.55000010
54.93399429,9.18960557,17.59999961,10.14091042,19.54999931
54.94509888,9.17859368,17.59999969,10.12971585,19.54999888
54.95620346,9.16759140,17.59999968,10.11850722,19.54999915
54.96730042,9.15661451,17.60000103,10.10729197,19.54999976
54.97839355,9.14565626,17.60000124,10.09606498,19.54999807
54.98948288,9.13471154,17.60000096,10.08482655,19.54999965
54.99969482,9.12999989,17.61274913,10.07357891,19.54999902
55.01223373,9.13000056,17.63514991,10.06231810,19.54999818
55.02275848,9.12634108,17.65000163,10.05105260,19.54999886
55.03383636,9.11546787,17.65000267,10.03977421,19.54999896
55.04426575,9.10461393,17.65000089,10.03000019,19.55310698
55.05708313,9.09378495,17.65000254,10.02999998,19.57634241
55.06992722,9.08297117,17.65000158,10.02999989,19.59963918
55.08089447,9.07218466,17.65000254,10.01885079,19.59999813
55.09195328,9.06141117,17.65000181,10.00751139,19.59999804
55.10299683,9.05066666,17.65000076,9.99616542,19.59999821
55.11404037,9.03993735,17.65000166,9.98480904,19.59999924
55.12471771,9.03000102,17.65157978,9.97344558,19.59999815
55.13713837,9.03000117,17.67365642,9.96206968,19.59999909
55.14954758,9.03000029,17.69571377,9.95068920,19.59999864
55.15976334,9.02141679,17.70000058,9.93929797,19.59999945
55.17078400,9.01077992,17.70000079,9.92789112,19.59999734
55.18179321,9.00017014,17.69999999,9.91648394,19.59999909
55.19279480,8.98958238,17.70000093,9.90506354,19.59999759
55.20378876,8.97901997,17.69999993,9.89363722,19.59999805
55.21477890,8.96847759,17.70000083,9.88219994,19.59999878
55.22630692,8.95796273,17.70000056,9.87999880,19.61923027
55.23934937,8.94747080,17.70000164,9.87999922,19.64311217
55.24928665,8.93700752,17.70000062,9.87182410,19.64999880
55.26025009,8.92656813,17.70000012,9.86033695,19.64999928
55.27121353,8.91614753,17.70000018,9.84883179,19.64999877
55.28215790,8.90575907,17.70000020,9.83732628,19.64999977
55.29310608,8.89536640,17.70000028,9.82582218,19.65000014
55.30404282,8.88500003,17.70000032,9.81431856,19.64999879
55.31497192,8.87465491,17.70000076,9.80280156,19.65000052
55.32588959,8.86434285,17.70000180,9.79128415,19.64999904
55.33679581,8.85405460,17.70000125,9.77975549,19.64999848
55.34769821,8.84378918,17.70000085,9.76821830,19.64999865
55.35858536,8.83355390,17.70000016,9.75668052,19.64999920
55.36946487,8.82334371,17.70000089,9.74513150,19.64999856
55.38032532,8.81316596,17.70000123,9.73358278,19.64999857
55.39122391,8.80300951,17.70000183,9.72999952,19.66691709
55.40452194,8.79288694,17.70000178,9.72999961,19.69150772
55.41434097,8.78278361,17.70000125,9.72238947,19.69999851
55.42518234,8.77270927,17.70000122,9.71078188,19.69999811
55.43601227,8.76266507,17.70000021,9.69916919,19.69999889
55.44683838,8.75263842,17.69999977,9.68754650,19.69999842
55.45764542,8.74264404,17.70000146,9.67592313,19.69999840
55.46844482,8.73267385,17.70000082,9.66429363,19.69999826
55.47903442,8.73000077,17.71562535,9.65266498,19.69999822
55.49121094,8.73000052,17.73701550,9.64102855,19.69999790
55.50133896,8.72609699,17.75000281,9.62939261,19.69999885
55.51211166,8.71618870,17.75000233,9.61774947,19.69999959
55.52287292,8.70631372,17.75000206,9.60610754,19.69999794
55.53361893,8.69646268,17.75000296,9.59446484,19.69999943
55.54435730,8.68663277,17.75000276,9.58281515,19.69999784
55.55587006,8.67683300,17.75000247,9.57999951,19.71926035
55.56952667,8.66705850,17.75000107,9.58000022,19.74476063
55.57940292,8.65731276,17.75000164,9.57070175,19.75000083
55.59011459,8.64759179,17.75000243,9.55899872,19.74999876
55.60081100,8.63789707,17.75000248,9.54729694,19.75000038
55.61149597,8.62822770,17.75000228,9.53559645,19.75000040
55.62217331,8.61858288,17.75000176,9.52388804,19.74999951
55.63283157,8.60896810,17.75000147,9.51218582,19.74999982
55.64348221,8.59937518,17.75000272,9.50048011,19.75000079
55.65411377,8.58981009,17.75000109,9.48877613,19.75000058
55.66474152,8.58026711,17.75000120,9.47706888,19.75000079
55.67535019,8.57074947,17.75000214,9.46536556,19.74999893
55.68594742,8.56125869,17.75000141,9.45366028,19.75000071
55.69653320,8.55179413,17.75000163,9.44196024,19.75000024
55.70709991,8.54235564,17.75000229,9.43026377,19.74999999
55.72089386,8.53293543,17.75000216,9.42999955,19.77583261
55.73405457,8.52354338,17.75000112,9.42894798,19.79999903
55.74461746,8.51417576,17.75000249,9.41719397,19.79999908
55.75516510,8.50483120,17.75000304,9.40544471,19.79999881
55.76570129,8.49550559,17.75000250,9.39369613,19.80000006
55.77621841,8.48621131,17.75000216,9.38195124,19.79999808
55.78673172,8.47693222,17.75000185,9.37020734,19.79999973
55.79722595,8.46768252,17.75000244,9.35846932,19.79999946
55.80770874,8.45845475,17.75000266,9.34673437,19.79999900
55.81817627,8.44924855,17.75000173,9.33500131,19.79999820
55.82863235,8.44006404,17.75000104,9.32327405,19.79999911
55.83907700,8.43090126,17.75000204,9.31154788,19.79999985
55.84950256,8.42176518,17.75000119,9.29983136,19.79999819
55.85992050,8.41264655,17.75000231,9.28811587,19.80000020
55.86950684,8.40355101,17.75000229,9.27999956,19.80843918
55.88402557,8.39447839,17.75000254,9.27999937,19.83602965
55.89423752,8.38542318,17.75000304,9.27416329,19.84999764
55.90463257,8.37638962,17.75000225,9.26240420,19.84999826
55.91501617,8.36737467,17.75000226,9.25064746,19.84999808
55.92538452,8.35838454,17.75000142,9.23890097,19.84999783
55.93574905,8.34940812,17.75000196,9.22715459,19.84999875
55.94609070,8.34045670,17.75000214,9.21541990,19.84999885
55.95642853,8.33151908,17.75000119,9.20368540,19.84999802
55.96674347,8.32260905,17.75000259,9.19196324,19.84999721
55.97705078,8.31371220,17.75000153,9.18024493,19.84999728
55.99172211,8.30483404,17.75000225,9.17999934,19.87788167
56.00419235,8.29598032,17.75000323,9.17732681,19.90000011
56.01449585,8.28713820,17.75000270,9.16555940,19.89999896
56.02478790,8.27831674,17.75000201,9.15380099,19.89999931
56.03506851,8.26950980,17.75000238,9.14204650,19.89999885
56.04533005,8.26072251,17.75000230,9.13030524,19.89999951
56.05558777,8.25194857,17.75000139,9.11856295,19.89999926
56.06583023,8.24319607,17.75000280,9.10683481,19.90000048
56.07605743,8.23445985,17.75000108,9.09511354,19.89999911
56.08627701,8.22573667,17.75000292,9.08339785,19.90000044
56.09835434,8.21703193,17.75000139,9.08000000,19.92090567
56.11356735,8.20833726,17.75000287,9.07979347,19.94999852
56.12378311,8.19966336,17.75000188,9.06803485,19.94999897
56.13399124,8.19100147,17.75000284,9.05628116,19.94999795
56.16600037,8.16276568,17.70000038,9.04454028,19.94999930
56.17614365,8.15420810,17.70000122,9.03280943,19.94999904
56.18628693,8.14565625,17.70000014,9.02107847,19.94999766
56.19640732,8.13712538,17.70000066,9.00936510,19.94999798
56.20652390,8.12860686,17.70000001,8.99765411,19.94999969
56.21662521,8.12010058,17.70000003,8.98595396,19.94999859
56.22672272,8.11160339,17.70000016,8.97425905,19.94999786
56.23680115,8.10312466,17.70000079,8.96258059,19.94999959
56.24687576,8.09465145,17.70000039,8.95090608,19.94999955
56.25693130,8.08619769,17.70000197,8.93924570,19.94999962
56.26633072,8.07775474,17.70000135,8.92999914,19.95636161
56.28237915,8.06931940,17.69999995,8.92999896,19.98733380
56.29233551,8.06089535,17.70000158,8.92306088,19.99999952
56.30239487,8.05247983,17.70000001,8.91136123,19.99999899
56.31243515,8.04407822,17.70000052,8.89967801,20.00000058
56.32247543,8.03568348,17.70000039,8.88799797,19.99999879
56.33249664,8.02729960,17.69999998,8.87633626,20.00000049
56.34251404,8.01892548,17.70000175,8.86467774,19.99999979
56.35251617,8.01055891,17.70000202,8.85303602,20.00000050
56.36251068,8.00220387,17.70000049,8.84140400,19.99999868
56.37249756,7.99385435,17.70000189,8.82977804,20.00000065
56.38247299,7.98551621,17.70000158,8.81816776,20.00000030
