s,left_width,right_width
0.00000000,1.69724854,0.94319824
0.01000000,1.75527588,0.93917236
0.02000000,1.75941650,0.93514404
0.03000000,1.76355469,0.93111328
0.04000000,1.76769775,0.93662598
0.05000000,1.77183838,0.96119629
0.06000000,1.77597900,0.97291016
0.07000000,1.78011963,0.96887207
0.08000000,1.83816650,0.96483398
0.09000000,1.84231201,0.96079346
0.10000000,1.84645264,0.95675049
0.11000000,1.85059814,0.95270508
0.12000000,1.85473877,0.94865967
0.13000000,1.85888184,0.94460938
0.14000000,1.86302734,0.94055664
0.15000001,1.92108643,0.93650391
0.16000000,1.92522949,0.93245117
0.17000000,1.92937012,0.92839600
0.18000001,1.93351563,0.92433594
0.19000000,1.93765869,0.92027588
0.20000000,1.94179932,0.92843994
0.20999999,1.94593994,0.95298828
0.22000000,2.00400879,0.96201660
0.23000000,2.00815186,0.95795166
0.23999999,2.01229248,0.95388672
0.25000000,2.01643555,0.94981445
0.25999999,2.02057617,0.94574463
0.27000001,2.02471191,0.94167480
0.28000000,2.02885254,0.93760010
0.28999999,2.03298584,0.93352783
0.30000001,2.03712402,0.92945068
0.31000000,2.04125977,0.92537354
0.31999999,2.04539551,0.92129395
0.33000001,2.04952881,0.91721436
0.34000000,2.10760254,0.91313232
0.34999999,2.11173584,0.90905029
0.36000001,2.11586670,0.92123779
0.37000000,2.11999512,0.94580322
0.38000000,2.12412354,0.95073975
0.38999999,2.12824951,0.94665283
0.40000001,2.13237549,0.94256592
0.41000000,2.13650146,0.93847412
0.41999999,2.14062256,0.93438477
0.43000001,2.14474365,0.93029297
0.44000000,2.14886230,0.92620117
0.44999999,2.15298096,0.92210693
0.46000001,2.15709717,0.91801270
0.47000000,2.16121094,0.91391846
0.47999999,2.16532471,0.90982178
0.49000001,2.16943604,0.90572510
0.50000000,2.17354492,0.90162842
0.50999999,2.23160156,0.89752930
0.51999998,2.23570557,0.91515137
0.52999997,2.23981201,0.93976807
0.54000002,2.24391357,0.93917725
0.55000001,2.24801270,0.93507568
0.56000000,2.25210937,0.93097412
0.56999999,2.25620605,0.92687012
0.57999998,2.26029785,0.92276855
0.58999997,2.26439209,0.91866211
0.60000002,2.26848145,0.91455811
0.61000001,2.27256592,0.91045410
0.62000000,2.27665039,0.90634766
0.63000000,2.28073486,0.90224121
0.63999999,2.28481445,0.89813232
0.64999998,2.28888916,0.89402588
0.66000003,2.29296387,0.88991943
0.67000002,2.29703613,0.88581299
0.68000001,2.35505371,0.88170410
0.69000000,2.35911865,0.87759766
0.69999999,2.36318359,0.87348633
0.70999998,2.36724365,0.86937988
0.72000003,2.37130371,0.87600098
0.73000002,2.37535645,0.90074463
0.74000001,2.37940918,0.91099365
0.75000000,2.38345703,0.90688477
0.75999999,2.38750488,0.90277344
0.76999998,2.39154785,0.89866455
0.77999997,2.39558838,0.89455322
0.79000002,2.39962402,0.89044434
0.80000001,2.40365967,0.88633301
0.81000000,2.40769043,0.88222412
0.81999999,2.41171875,0.87811279
0.82999998,2.41574463,0.87400391
0.83999997,2.41976562,0.86989502
0.85000002,2.47770752,0.86578613
0.86000001,2.48172363,0.86167725
0.87000000,2.48572998,0.85757080
0.88000000,2.46556641,0.87283936
0.88999999,2.30774658,0.89773193
0.89999998,2.28347900,0.89916260
0.91000003,2.25920898,0.89505371
0.92000002,2.23493896,0.89094482
0.93000001,2.21067383,0.88684082
0.94000000,2.19023193,0.88273193
0.94999999,2.19422363,0.87862549
0.95999998,2.19821289,0.87451660
0.97000003,2.20219727,0.87041504
0.98000002,2.20617920,0.86631104
0.99000001,2.21015869,0.86220459
1.00000000,2.21413330,0.85810059
1.00999999,2.21808838,0.85399170
1.01999998,2.22204102,0.84988281
1.02999997,2.22598633,0.84624512
1.03999996,2.21221680,0.87135986
1.04999995,2.18810791,0.89145264
1.05999994,2.18392334,0.88734375
1.07000005,2.18785645,0.88323975
1.08000004,2.19178955,0.87913330
1.09000003,2.19571289,0.87502930
1.10000002,2.19963623,0.87092773
1.11000001,2.17776123,0.86682373
1.12000000,2.15366455,0.86272461
1.13000000,2.12956055,0.85862305
1.13999999,1.97090576,0.85452393
1.14999998,1.94672852,0.85042725
1.15999997,1.78788818,0.84633057
1.16999996,1.76364014,0.84223877
1.17999995,1.73938721,0.83814453
1.19000006,1.71512451,0.83405273
1.20000005,1.55595703,0.82996338
1.21000004,1.53160400,0.82587402
1.22000003,1.50724365,0.82178711
1.23000002,1.48286377,0.81770264
1.24000001,1.45847168,0.83872803
1.25000000,1.43407227,0.86334961
1.25999999,1.40965088,0.85926514
1.26999998,1.38520752,0.85518311
1.27999997,1.36075195,0.85110107
1.28999996,1.33627930,0.84702393
1.29999995,1.31179443,0.84294678
1.30999994,1.28728516,0.83886963
1.32000005,1.26275879,0.83479492
1.33000004,1.23821289,0.83072510
1.34000003,1.21364746,0.82665527
1.35000002,1.18906250,0.82258545
1.36000001,1.17094238,0.81852051
1.37000000,1.17483887,0.81445557
1.38000000,1.17873291,0.81039307
1.38999999,1.18262207,0.81572998
1.39999998,1.18650635,0.84148682
1.40999997,1.17740967,0.85196533
1.41999996,1.15274414,0.84790771
1.42999995,1.12805908,0.84385254
1.44000006,1.10334473,0.83979980
1.45000005,1.09841309,0.83574951
1.46000004,1.10228271,0.83169922
1.47000003,1.10614990,0.82765381
1.48000002,1.11001221,0.82360840
1.49000001,1.11386963,0.81956543
1.50000000,1.09159180,0.82708252
1.50999999,1.06678711,0.85310059
1.51999998,1.04195068,0.86114990
1.52999997,1.02188721,0.85711426
1.53999996,1.02573486,0.85307861
1.54999995,1.02957764,0.84904785
1.55999994,1.03341553,0.84623779
1.57000005,1.03725098,0.87241943
1.58000004,1.03010498,0.89062744
1.59000003,1.00515869,0.88659912
1.60000002,0.99508301,0.88257568
1.61000001,0.99890381,0.87855713
1.62000000,1.00272217,0.87453857
1.63000000,1.00653564,0.87052246
1.63999999,1.01034424,0.86651123
1.64999998,0.99325684,0.86250244
1.65999997,0.96818115,0.85849609
1.66999996,0.96813965,0.85449219
1.67999995,0.97193604,0.85049316
1.69000006,0.97572754,0.84649658
1.70000005,0.97951660,0.84250244
1.71000004,0.98135742,0.83851318
1.72000003,0.95617432,0.85313232
1.73000002,0.93728516,0.87975098
1.74000001,0.94106201,0.88012939
1.75000000,0.94483398,0.87614746
1.75999999,0.94860107,0.87216797
1.76999998,0.95236328,0.86819092
1.77999997,0.94412842,0.86421875
1.78999996,0.91878906,0.86024902
1.79999995,0.91009766,0.85628418
1.80999994,0.91384766,0.85232422
1.82000005,0.91759521,0.84836426
1.83000004,0.92133545,0.84441162
1.84000003,0.92507324,0.84045898
1.85000002,0.92880615,0.83651367
1.86000001,0.93253418,0.83257080
1.87000000,0.93625488,0.82863525
1.88000000,0.93997314,0.82469971
1.88999999,0.94368652,0.82076660
1.89999998,0.91980713,0.81684082
1.90999997,0.89764160,0.81291992
1.91999996,0.90134766,0.82936035
1.92999995,0.90504883,0.85654541
1.94000006,0.90874756,0.85460693
1.95000005,0.91243652,0.85069580
1.96000004,0.90747559,0.84678711
1.97000003,0.88171387,0.84288330
1.98000002,0.87007324,0.83898438
1.99000001,0.87375244,0.83508789
2.00000000,0.87742432,0.83119629
2.00999999,0.88109375,0.82731201
2.01999998,0.88475830,0.82342773
2.02999997,0.88841797,0.81954834
2.03999996,0.89207031,0.81567627
2.04999995,0.89572021,0.81180664
2.05999994,0.89936523,0.80794434
2.06999993,0.90300293,0.81276611
2.07999992,0.88232178,0.84040771
2.08999991,0.85693115,0.84971191
2.09999990,0.86056396,0.84585938
2.10999990,0.86418945,0.84200928
2.11999989,0.86781006,0.83816895
2.13000011,0.87142578,0.83433105
2.14000010,0.87503662,0.83050049
2.15000010,0.87864502,0.82666992
2.16000009,0.88224365,0.82284668
2.17000008,0.88583984,0.81902832
2.18000007,0.88943115,0.81521484
2.19000006,0.88272461,0.81140869
2.20000005,0.85634277,0.80760498
2.21000004,0.84692139,0.80380859
2.22000003,0.85050049,0.80001465
2.23000002,0.85407227,0.82517822
2.24000001,0.85763916,0.84567383
2.25000000,0.86119873,0.84189209
2.25999999,0.84297852,0.83811279
2.26999998,0.81635498,0.83433838
2.27999997,0.81865234,0.83056885
2.28999996,0.82219971,0.82680664
2.29999995,0.82574219,0.82305176
2.30999994,0.82927979,0.81929688
2.31999993,0.83281006,0.81555176
2.32999992,0.83633545,0.81181152
2.33999991,0.83985596,0.80807617
2.34999990,0.84337402,0.80434570
2.35999990,0.84688232,0.80062256
2.36999989,0.84232666,0.79690186
2.38000011,0.81536377,0.81069580
2.39000010,0.80425537,0.83935059
2.40000010,0.80775146,0.83889893
2.41000009,0.81124268,0.83519531
2.42000008,0.81472656,0.83149902
2.43000007,0.81820801,0.82780762
2.44000006,0.82168213,0.82412109
2.45000005,0.82515137,0.82044189
2.46000004,0.82861328,0.81676758
2.47000003,0.83207275,0.81310059
2.48000002,0.83552490,0.80943848
2.49000001,0.83896973,0.80578369
2.50000000,0.84241211,0.80213379
2.50999999,0.84584717,0.79848877
2.51999998,0.84927734,0.79485107
2.52999997,0.85270264,0.79122070
2.53999996,0.85612305,0.78759277
2.54999995,0.85953613,0.78397461
2.55999994,0.86294434,0.78036133
2.56999993,0.86634766,0.77675293
2.57999992,0.86974609,0.79229736
2.58999991,0.87313721,0.82159668
2.59999990,0.87652100,0.81895508
2.60999990,0.87990234,0.81536621
2.61999989,0.88327881,0.81178223
2.63000011,0.88664795,0.80820557
2.64000010,0.89001221,0.80463623
2.65000010,0.89336914,0.80107178
2.66000009,0.89672363,0.79751221
2.67000008,0.90007324,0.79395996
2.68000007,0.95635010,0.79041260
2.69000006,0.95968262,0.78687256
2.70000005,0.96300781,0.78333984
2.71000004,0.96110107,0.77981201
2.72000003,0.93311279,0.77628662
2.73000002,0.90506104,0.77895996
2.74000001,0.87694824,0.80872314
2.75000000,0.87379150,0.81864014
2.75999999,0.87710205,0.81513428
2.76999998,0.88041016,0.81163330
2.77999997,0.88370850,0.80813965
2.78999996,0.88700684,0.80464844
2.79999995,0.86109131,0.80116455
2.80999994,0.84073242,0.79768555
2.81999993,0.84402100,0.79421387
2.82999992,0.84730469,0.79074707
2.83999991,0.85058350,0.78728516
2.84999990,0.85386230,0.78382568
2.85999990,0.84478027,0.78037598
2.86999989,0.81615234,0.77692871
2.88000011,0.81085449,0.77348633
2.89000010,0.81411865,0.79587158
2.90000010,0.81738037,0.81941895
2.91000009,0.82063721,0.81598877
2.92000008,0.82388916,0.81256348
2.93000007,0.82713867,0.80914063
2.94000006,0.83038574,0.80572266
2.95000005,0.83362793,0.80231201
2.96000004,0.83686279,0.79890625
2.97000003,0.83976318,0.79550537
2.98000002,0.81075684,0.79210938
2.99000001,0.79380615,0.78871582
3.00000000,0.79703369,0.78532959
3.00999999,0.80025879,0.78194824
3.01999998,0.80347900,0.77857178
3.02999997,0.80669678,0.77520020
3.03999996,0.80991211,0.78267578
3.04999995,0.81312500,0.81331543
3.05999994,0.81633301,0.81782227
3.06999993,0.81953857,0.81446289
3.07999992,0.82273926,0.81110840
3.08999991,0.82593994,0.80775635
3.09999990,0.82913574,0.80441162
3.10999990,0.83232666,0.80106934
3.11999989,0.83551758,0.79773193
3.13000011,0.83870361,0.79439941
3.14000010,0.81538574,0.79106934
3.15000010,0.79239746,0.78774658
3.16000009,0.79558105,0.78442383
3.17000008,0.79875977,0.78110840
3.18000007,0.80193848,0.77779541
3.19000006,0.80511475,0.77448975
3.20000005,0.80828613,0.77118408
3.21000004,0.81145752,0.76788330
3.22000003,0.81462646,0.76458740
3.23000002,0.81778809,0.76129639
3.24000001,0.82095215,0.76392090
3.25000000,0.82411377,0.79497803
3.25999999,0.82727295,0.80406494
3.26999998,0.83042969,0.80078369
3.27999997,0.83358398,0.79750488
3.28999996,0.83673340,0.79423340
3.29999995,0.81786377,0.79096191
3.30999994,0.79042969,0.78769531
3.31999993,0.79357910,0.78443115
3.32999992,0.79672852,0.78117188
3.33999991,0.79987305,0.77791748
3.34999990,0.80301758,0.77466553
3.35999990,0.80615967,0.77141846
3.36999989,0.80930176,0.76817139
3.38000011,0.81244141,0.76492676
3.39000010,0.81557861,0.76168945
3.40000010,0.81871338,0.77981934
3.41000009,0.82185059,0.80779297
3.42000008,0.82498291,0.80456055
3.43000007,0.82811523,0.80133057
3.44000006,0.83124512,0.79810303
3.45000005,0.83437256,0.79488037
3.46000004,0.83750244,0.79166016
3.47000003,0.84062988,0.78844482
3.48000002,0.84375488,0.78522949
3.49000001,0.84687988,0.78201904
3.50000000,0.85000488,0.77881104
3.50999999,0.85312500,0.77560547
3.51999998,0.85624756,0.77240234
3.52999997,0.85937012,0.76920410
3.53999996,0.86249023,0.76600586
3.54999995,0.86561035,0.76307373
3.55999994,0.83701172,0.79452148
3.56999993,0.81932129,0.80895508
3.57999992,0.82244141,0.80576660
3.58999991,0.82555908,0.80258057
3.59999990,0.82867920,0.79939697
3.60999990,0.83179688,0.79621582
3.61999989,0.83491455,0.79303711
3.63000011,0.83803467,0.78986084
3.64000010,0.84115234,0.78668457
3.65000010,0.84427002,0.78351318
3.66000009,0.84738770,0.78034424
3.67000008,0.85050293,0.77717773
3.68000007,0.85362061,0.77401123
3.69000006,0.85673584,0.77084961
3.70000005,0.85985352,0.76768799
3.71000004,0.86297119,0.76452881
3.72000003,0.83276123,0.76136963
3.73000002,0.81670898,0.75821533
3.74000001,0.81982666,0.75506104
3.75000000,0.82294678,0.75190918
3.75999999,0.82606445,0.76928223
3.76999998,0.82918457,0.79810303
3.77999997,0.83230469,0.79495605
3.78999996,0.83542480,0.79180908
3.79999995,0.83854248,0.78866699
3.80999994,0.84166260,0.78552490
3.81999993,0.84478516,0.78238281
3.82999992,0.84790527,0.77924561
3.83999991,0.85102783,0.77610596
3.84999990,0.85415283,0.77296631
3.85999990,0.85727539,0.76983154
3.86999989,0.85704834,0.76669678
3.88000011,0.82570801,0.76356445
3.89000010,0.81416504,0.76043213
3.90000010,0.81729248,0.75729980
3.91000009,0.82041992,0.75417236
3.92000008,0.82354980,0.77933350
3.93000007,0.82667969,0.80040283
3.94000006,0.82980957,0.79727783
3.95000005,0.83294434,0.79414795
3.96000004,0.83607422,0.79102539
3.97000003,0.83920898,0.78790039
3.98000002,0.84234375,0.78477783
3.99000001,0.84548340,0.78165527
4.00000000,0.84862061,0.77853271
4.01000023,0.85176025,0.77541260
4.01999998,0.85490234,0.77229004
4.03000021,0.84750000,0.76916992
4.03999996,0.81602783,0.76604980
4.05000019,0.81183838,0.76292969
4.05999994,0.81498535,0.75981201
4.07000017,0.81813477,0.75669189
4.07999992,0.82128174,0.78699707
4.09000015,0.82443115,0.80294922
4.09999990,0.82758545,0.79983154
4.11000013,0.83073730,0.79671387
4.11999989,0.83389404,0.79359619
4.13000011,0.83705078,0.79047852
4.13999987,0.84021240,0.78735840
4.15000010,0.84337158,0.78424072
4.15999985,0.84653564,0.78112061
4.17000008,0.84969727,0.77800537
4.17999983,0.85286377,0.77488525
4.19000006,0.83570557,0.77176514
4.19999981,0.80669189,0.76864502
4.21000004,0.80986328,0.76552246
4.21999979,0.81303467,0.76240234
4.23000002,0.81620850,0.76147217
4.23999977,0.81938721,0.79240479
4.25000000,0.82256348,0.80555420
4.26000023,0.82574463,0.80243164
4.26999998,0.82892822,0.79930664
4.28000021,0.83211426,0.79618408
4.28999996,0.83530029,0.79305664
4.30000019,0.83848877,0.78993164
4.30999994,0.84168213,0.78680176
4.32000017,0.84487549,0.78367432
4.32999992,0.84807129,0.78054443
4.34000015,0.85127197,0.77740967
4.34999990,0.82248535,0.77427734
4.36000013,0.80513184,0.77114502
4.36999989,0.80833496,0.76800781
4.38000011,0.81154053,0.76487061
4.38999987,0.81475098,0.76173096
4.40000010,0.81795898,0.75859131
4.40999985,0.82117432,0.75544678
4.42000008,0.82438965,0.75230469
4.42999983,0.82760986,0.74915771
4.44000006,0.83083008,0.75605469
4.44999981,0.83405273,0.78660400
4.46000004,0.83728027,0.79227295
4.46999979,0.84050781,0.78912109
4.48000002,0.84374268,0.78596680
4.48999977,0.84697510,0.78281250
4.50000000,0.83986084,0.77965332
4.51000023,0.80867432,0.77649414
4.51999998,0.80411865,0.77333008
4.53000021,0.80736084,0.77016602
4.53999996,0.81060791,0.76699951
4.55000019,0.81385742,0.76382813
4.55999994,0.81711182,0.76065430
4.57000017,0.82036865,0.75747803
4.57999992,0.82362549,0.75430176
4.59000015,0.82688965,0.75112061
4.59999990,0.83015137,0.75813965
4.61000013,0.83342041,0.78839844
4.61999989,0.83669189,0.79416748
4.63000011,0.83996582,0.79097900
4.63999987,0.84324219,0.78778564
4.65000010,0.84652344,0.78459229
4.65999985,0.82598633,0.78139160
4.67000008,0.80047363,0.77819092
4.67999983,0.80376221,0.77498535
4.69000006,0.80705322,0.77177490
4.69999981,0.81034912,0.76856201
4.71000004,0.81364746,0.76534668
4.71999979,0.81694824,0.76212646
4.73000002,0.82025146,0.75890625
4.73999977,0.82355957,0.75567871
4.75000000,0.82687500,0.75244873
4.76000023,0.83019043,0.75930176
4.76999998,0.80695313,0.78928223
4.78000021,0.78417725,0.79539063
4.78999996,0.78750000,0.79214600
4.80000019,0.79082764,0.78890137
4.80999994,0.79415771,0.78565186
4.82000017,0.79749268,0.78239502
4.82999992,0.80083252,0.77913574
4.84000015,0.80417480,0.77587158
4.84999990,0.80751953,0.77260498
4.86000013,0.81086914,0.76933594
4.86999989,0.81422363,0.76605957
4.88000011,0.81758057,0.76277832
4.88999987,0.82094238,0.75949463
4.90000010,0.82430908,0.75620361
4.90999985,0.82767822,0.75291016
4.92000008,0.82551758,0.75989746
4.92999983,0.79510742,0.78963623
4.94000006,0.78511475,0.79569580
4.94999981,0.78849854,0.79238525
4.96000004,0.79188477,0.78906982
4.96999979,0.79527588,0.78574951
4.98000002,0.79867188,0.78242432
4.98999977,0.80207275,0.77909424
5.00000000,0.80547363,0.77575928
5.01000023,0.80888184,0.77241943
5.01999998,0.81229004,0.76907715
5.03000021,0.80844482,0.76572754
5.03999996,0.77826416,0.76237549
5.05000019,0.76982178,0.75901855
5.05999994,0.77324463,0.75565674
5.07000017,0.77667236,0.75228760
5.07999992,0.78010010,0.76030029
5.09000015,0.78353027,0.78986572
5.09999990,0.78696777,0.79489258
5.11000013,0.79040527,0.79151367
5.11999989,0.79384277,0.78812744
5.13000011,0.79728516,0.78473877
5.13999987,0.80073242,0.78134521
5.15000010,0.80417969,0.77794922
5.15999985,0.80763184,0.77454590
5.17000008,0.81108398,0.77114258
5.17999983,0.81453857,0.76773438
5.19000006,0.80001221,0.77060059
5.19999981,0.77012695,0.80010010
5.21000004,0.77217285,0.81023193
5.21999979,0.77563232,0.80681152
5.23000002,0.77909424,0.80338867
5.23999977,0.78256104,0.79996094
5.25000000,0.78602783,0.79653076
5.26000023,0.78949707,0.79309326
5.26999998,0.79296631,0.78965576
5.28000021,0.79643799,0.78621582
5.28999996,0.79990723,0.78277588
5.30000019,0.78586426,0.78132324
5.30999994,0.75615234,0.81082031
5.32000017,0.75757324,0.82518555
5.32999992,0.76104736,0.82173096
5.34000015,0.76452393,0.81827393
5.34999990,0.76800049,0.81481445
5.36000013,0.77147949,0.81135254
5.36999989,0.77495605,0.80788818
5.38000011,0.77843262,0.80442383
5.38999987,0.78191162,0.80095459
5.40000010,0.78539063,0.79748047
5.40999985,0.78886963,0.79400879
5.42000008,0.79234619,0.79053223
5.42999983,0.79582520,0.78705566
5.44000006,0.79930176,0.78357666
5.44999981,0.80278076,0.78009521
5.46000004,0.78175293,0.78403809
5.46999979,0.75697021,0.81363770
5.48000002,0.76044678,0.82240479
5.48999977,0.76392334,0.81891602
5.50000000,0.76739746,0.81542480
5.51000023,0.77086914,0.81193359
5.51999998,0.77434326,0.80844238
5.53000021,0.77781494,0.80494629
5.53999996,0.78128418,0.80145264
5.55000019,0.78475342,0.79795410
5.55999994,0.78822266,0.79445557
5.57000017,0.77069336,0.79095703
5.57999992,0.74240234,0.78745605
5.59000015,0.74586182,0.78395752
5.59999990,0.74932617,0.78045654
5.61000013,0.75278564,0.77695557
5.61999989,0.75624512,0.77345215
5.63000011,0.75969971,0.76994873
5.63999987,0.76315430,0.76644775
5.65000010,0.76660645,0.76294189
5.65999985,0.77005371,0.75943848
5.67000008,0.77350342,0.78156494
5.67999983,0.77694580,0.80516602
5.69000006,0.78038818,0.80165771
5.69999981,0.78382568,0.79815186
5.71000004,0.78726318,0.79464355
5.71999979,0.79069580,0.79113770
5.73000002,0.77121094,0.78763184
5.73999977,0.74482666,0.78412598
5.75000000,0.74825195,0.78062012
5.76000023,0.75167480,0.77711426
5.76999998,0.75509521,0.77360840
5.78000021,0.75851074,0.77010498
5.78999996,0.76192383,0.76660156
5.80000019,0.76532959,0.76309814
5.80999994,0.76873535,0.75959717
5.82000017,0.77213623,0.76072021
5.82999992,0.77553223,0.79112061
5.84000015,0.76337891,0.80178955
5.84999990,0.73389893,0.79828857
5.86000013,0.73301270,0.79479004
5.86999989,0.73639648,0.79129150
5.88000011,0.73977539,0.78779297
5.88999987,0.74314941,0.78429688
5.90000010,0.74651855,0.78080322
5.90999985,0.74988281,0.77730957
5.92000008,0.75324219,0.77381836
5.92999983,0.75659668,0.77032959
5.94000006,0.75994629,0.76684326
5.94999981,0.76329102,0.76335693
5.96000004,0.76662842,0.75987549
5.96999979,0.76996338,0.75639404
5.98000002,0.77329102,0.77414551
5.98999977,0.77661377,0.80206055
6.00000000,0.76896729,0.79858154
6.01000023,0.73929443,0.79510498
6.01999998,0.73394287,0.79163086
6.03000021,0.73725098,0.78815918
6.03999996,0.74054932,0.78468994
6.05000019,0.74384277,0.78122559
6.05999994,0.74712891,0.77776367
6.07000017,0.75041016,0.77430420
6.07999992,0.75368652,0.77084717
6.09000015,0.75695557,0.76739258
6.09999990,0.76021973,0.76394287
6.11000013,0.76347412,0.76049561
6.11999989,0.76672363,0.75705322
6.13000011,0.76996582,0.76102051
6.13999987,0.77320557,0.79290283
6.15000010,0.77643555,0.79927002
6.15999985,0.77965820,0.79583496
6.17000008,0.78287354,0.79240479
6.17999983,0.78608398,0.78897705
6.19000006,0.78928467,0.78555420
6.19999981,0.79248047,0.78213867
6.21000004,0.79158203,0.77872314
6.21999979,0.76141357,0.77531494
6.23000002,0.74955566,0.77191162
6.23999977,0.75272949,0.76851074
6.25000000,0.75589600,0.76511475
6.26000023,0.75905518,0.76172363
6.26999998,0.76220703,0.75833984
6.28000021,0.76535156,0.75495850
6.28999996,0.76848877,0.75158447
6.30000019,0.77161621,0.74821289
6.30999994,0.77473633,0.74484863
6.32000017,0.77785156,0.74148926
6.32999992,0.78095459,0.74986328
6.34000015,0.78405518,0.78309814
6.34999990,0.78714355,0.78380859
6.36000013,0.79022217,0.78046631
6.36999989,0.79329590,0.77712646
6.38000011,0.79636230,0.77379150
6.38999987,0.79941895,0.77046387
6.40000010,0.80246582,0.76714111
6.40999985,0.80550537,0.76382568
6.42000008,0.80853760,0.76051514
6.42999983,0.78949219,0.75721436
6.44000006,0.76229248,0.75391602
6.44999981,0.76530762,0.75062500
6.46000004,0.76831299,0.74734131
6.46999979,0.77131348,0.74406494
6.48000002,0.77430176,0.74654785
6.48999977,0.77728271,0.78104248
6.50000000,0.78025146,0.78650146
6.51000023,0.78321533,0.78324219
6.51999998,0.78616943,0.77999023
6.53000021,0.78911377,0.77674316
6.53999996,0.79204834,0.77350586
6.55000019,0.79497559,0.77027588
6.55999994,0.79789307,0.76705078
6.57000017,0.80080078,0.76383789
6.57999992,0.80369873,0.76062988
6.59000015,0.80659180,0.75742676
6.59999990,0.77470459,0.75423340
6.61000013,0.76022705,0.75104980
6.61999989,0.76309814,0.74787354
6.63000011,0.76596191,0.74792236
6.63999987,0.76881592,0.78391846
6.65000010,0.77165771,0.79046143
6.65999985,0.77449219,0.78730713
6.67000008,0.77731689,0.78415771
6.67999983,0.78013428,0.78101807
6.69000006,0.78293945,0.77788818
6.69999981,0.78573486,0.77476318
6.71000004,0.78852051,0.77165039
6.71999979,0.79129639,0.76854492
6.73000002,0.79406250,0.76544922
6.73999977,0.79681885,0.76235840
6.75000000,0.79956543,0.75927979
6.76000023,0.79406250,0.75621094
6.76999998,0.76074707,0.75314941
6.78000021,0.75581543,0.75442139
6.78999996,0.75853271,0.79219238
6.80000019,0.76124023,0.79592529
6.80999994,0.76393799,0.79288574
6.82000017,0.76662598,0.78985840
6.82999992,0.76930176,0.78684326
6.84000015,0.77197021,0.78383301
6.84999990,0.77462646,0.78083496
6.86000013,0.77727295,0.77784424
6.86999989,0.77990723,0.77486328
6.88000011,0.78253418,0.77189453
6.88999987,0.78514893,0.76893311
6.90000010,0.78775391,0.76598389
6.90999985,0.79034912,0.76303955
6.92000008,0.79293213,0.76010986
6.92999983,0.79550781,0.75718750
6.94000006,0.79806885,0.75427734
6.94999981,0.80062012,0.75137695
6.96000004,0.80316162,0.74848389
6.96999979,0.80569336,0.74560303
6.98000002,0.80146484,0.77204834
6.98999977,0.76599854,0.79155762
7.00000000,0.76155029,0.78869629
7.01000023,0.76405029,0.78584473
7.01999998,0.76654053,0.78300293
7.03000021,0.76901855,0.78017090
7.03999996,0.77148682,0.77735107
7.05000019,0.77394287,0.77454102
7.05999994,0.77638916,0.77174072
7.07000017,0.77882568,0.76895264
7.07999992,0.78125000,0.76617432
7.09000015,0.78366455,0.76340820
7.09999990,0.78606689,0.76064941
7.11000013,0.78845703,0.75790527
7.11999989,0.79083740,0.75516846
7.13000011,0.79320801,0.79309570
7.13999987,0.79556396,0.80124268
7.15000010,0.79048340,0.79852783
7.15999985,0.75284668,0.79582520
7.17000008,0.75109863,0.79312988
7.17999983,0.75342285,0.79044922
7.19000006,0.75573730,0.78777832
7.19999981,0.75803955,0.78512207
7.21000004,0.76033203,0.78247070
7.21999979,0.76261230,0.77983643
7.23000002,0.76488525,0.77720703
7.23999977,0.76714111,0.77459229
7.25000000,0.76938721,0.77199219
7.26000023,0.77162354,0.76939941
7.26999998,0.77384521,0.77650635
7.28000021,0.77605957,0.81559082
7.28999996,0.77826172,0.81302002
7.30000019,0.78044922,0.81046143
7.30999994,0.78262695,0.80791504
7.32000017,0.78479248,0.80538086
7.32999992,0.78694824,0.80285645
7.34000015,0.78909180,0.80034424
7.34999990,0.79122314,0.79784180
7.36000013,0.79334473,0.79535156
7.36999989,0.79545166,0.79287598
7.38000011,0.76218750,0.79041016
7.38999987,0.74842285,0.78795410
7.40000010,0.75051025,0.78551270
7.40999985,0.75258301,0.78308105
7.42000008,0.75464600,0.81299805
7.42999983,0.75669434,0.82942139
7.44000006,0.75873291,0.82701416
7.44999981,0.76076172,0.82461914
7.46000004,0.76277832,0.82223389
7.46999979,0.76478271,0.81986084
7.48000002,0.76677246,0.81750244
7.48999977,0.76875488,0.81515381
7.50000000,0.77072266,0.81281738
7.51000023,0.77268066,0.81049072
7.51999998,0.77462402,0.80818115
7.53000021,0.77655762,0.80588135
7.53999996,0.77847900,0.80359375
7.55000019,0.78038818,0.80131592
7.55999994,0.78228760,0.79905273
7.57000017,0.78417236,0.79680176
7.57999992,0.78604736,0.79456299
7.59000015,0.78791016,0.79233154
7.59999990,0.77805176,0.79011719
7.61000013,0.74064697,0.82737793
7.61999989,0.74248535,0.83666260
7.63000011,0.74431152,0.83447266
7.63999987,0.74612549,0.83229248
7.65000010,0.74792969,0.83012695
7.65999985,0.74972168,0.82797119
7.67000008,0.75150146,0.82583008
7.67999983,0.75326904,0.82370117
7.69000006,0.75502441,0.82158447
7.69999981,0.75676758,0.81947998
7.71000004,0.75850098,0.81738770
7.71999979,0.76021973,0.81530762
7.73000002,0.76192871,0.81323975
7.73999977,0.76362305,0.81118652
7.75000000,0.76531006,0.83527100
7.76000023,0.76698242,0.85788818
7.76999998,0.76864502,0.85585693
7.78000021,0.77029541,0.85384033
7.78999996,0.77193115,0.85183594
7.80000019,0.77355713,0.84984375
7.80999994,0.77517090,0.84786377
7.82000017,0.77677490,0.84589600
7.82999992,0.75412109,0.84394287
7.84000015,0.72925781,0.84199951
7.84999990,0.73083496,0.84007080
7.86000013,0.73239990,0.83815430
7.86999989,0.73395508,0.83625000
7.88000011,0.73549805,0.83435791
7.88999987,0.73703125,0.85560303
7.90000010,0.73854980,0.88123047
7.90999985,0.74005859,0.87936523
7.92000008,0.74155518,0.87751221
7.92999983,0.74303955,0.87567139
7.94000006,0.74451172,0.87384766
7.94999981,0.74597168,0.87203125
7.96000004,0.74742188,0.87022949
7.96999979,0.74885986,0.86844238
7.98000002,0.75028564,0.86666504
7.98999977,0.75170166,0.86490234
8.00000000,0.75310547,0.86315186
8.01000023,0.75449707,0.86141357
8.02000046,0.75587402,0.85969238
8.02999973,0.75724121,0.85798340
8.03999996,0.75859619,0.85628662
8.05000019,0.75993652,0.85460449
8.06000042,0.76126953,0.85293457
8.06999969,0.76258789,0.85820313
8.07999992,0.76389404,0.90006104
8.09000015,0.76519043,0.89842041
8.10000038,0.76646973,0.89679688
8.10999966,0.76773926,0.89519043
8.11999989,0.71861328,0.89359619
8.13000011,0.71986816,0.89201660
8.14000034,0.72110596,0.89045410
8.14999962,0.72233398,0.88890381
8.15999985,0.72354736,0.88737061
8.17000008,0.72475098,0.88584961
8.18000031,0.72593994,0.88434570
8.18999958,0.72711426,0.88285645
8.19999981,0.72827637,0.88138428
8.21000004,0.72942383,0.93021973
8.22000027,0.73055908,0.92877197
8.22999954,0.73167969,0.92733643
8.23999977,0.73278564,0.92592285
8.25000000,0.73388184,0.92451904
8.26000023,0.73496338,0.92313477
8.27000046,0.73603027,0.92176758
8.27999973,0.73708252,0.92041748
8.28999996,0.73812012,0.91908447
8.30000019,0.73914307,0.91777100
8.31000042,0.74015381,0.91647461
8.31999969,0.74114990,0.91519287
8.32999992,0.74213135,0.91393311
8.34000015,0.74310059,0.95803467
8.35000038,0.74405518,0.96162842
8.35999966,0.74499512,0.96041260
8.36999989,0.74591797,0.95921875
8.38000011,0.74682617,0.95804199
8.39000034,0.74772217,0.95688477
8.39999962,0.74860107,0.95574951
8.40999985,0.74946533,0.95463135
8.42000008,0.75031982,0.95353271
8.43000031,0.75115479,0.95245605
8.43999958,0.75197754,0.95139893
8.44999981,0.75278320,0.95036133
8.46000004,0.75357178,0.94934814
8.47000027,0.80442627,0.99843506
8.47999954,0.80518066,0.99745850
8.48999977,0.80591797,0.99650391
8.50000000,0.80664307,0.99556885
8.51000023,0.80735352,0.99465576
8.52000046,0.80804688,0.99376709
8.52999973,0.80872803,0.99290283
8.53999996,0.80939209,0.99205811
8.55000019,0.81003662,1.03734131
8.56000042,0.81066650,1.04048584
8.56999969,0.81128662,1.03971191
8.57999992,0.81188965,1.03896484
8.59000015,0.81247314,1.03824219
8.60000038,0.81304443,1.03754639
8.60999966,0.81360352,1.03687500
8.61999989,0.81414307,1.03623047
8.63000011,0.81466797,1.08402344
8.64000034,0.81517334,1.08503418
8.64999962,0.81566650,1.08447021
8.65999985,0.86614746,1.08393799
8.67000008,0.86660889,1.08343262
8.68000031,0.86705566,1.08295654
8.68999958,0.86748535,1.08251221
8.69999981,0.86790283,1.08209717
8.71000004,0.86830322,1.08171143
8.72000027,0.86868896,1.08135986
8.72999954,0.86905762,1.08104492
8.73999977,0.86941162,1.08075684
8.75000000,0.86975342,1.13051270
8.76000023,0.87007813,1.13029541
8.77000046,0.87039063,1.13011230
8.77999973,0.87068604,1.12996582
8.78999996,0.92099121,1.12985352
8.80000019,0.92126221,1.12978027
8.81000042,0.92152100,1.12974365
8.81999969,0.92176514,1.12974609
8.82999992,0.92199219,1.12979004
8.84000015,0.92220703,1.12987305
8.85000038,0.92240723,1.12999512
8.85999966,0.94377930,1.18022461
8.86999989,0.97284668,1.18043945
8.88000011,0.97302002,1.18069580
8.89000034,0.97317871,1.18099854
8.89999962,0.97332764,1.18134766
8.90999985,0.97346436,1.18173828
8.92000008,0.97359131,1.18218018
8.93000031,0.97370117,1.18267090
8.93999958,0.97893799,1.18321289
8.94999981,1.02406738,1.18380371
8.96000004,1.02416016,1.23463867
8.97000027,1.02424561,1.23534912
8.97999954,1.02432129,1.23611572
8.98999977,1.02438721,1.23693848
9.00000000,1.02444580,1.23781494
9.01000023,1.02449463,1.23875000
9.02000046,1.02453369,1.23974609
9.02999973,1.02456543,1.24080078
9.03999996,1.06916992,1.24191895
9.05000019,1.07499756,1.24310059
9.06000042,1.07503662,1.24434570
9.06999969,1.07506592,1.24565674
9.07999992,1.07509033,1.24703613
9.09000015,1.07510742,1.29900146
9.10000038,1.07512207,1.30055420
9.10999966,1.07513184,1.30218262
9.11999989,1.07513672,1.30388428
9.13000011,1.07513916,1.30566162
9.14000034,1.08238281,1.30751709
9.14999962,1.11111084,1.30945068
9.15999985,1.13799072,1.31146484
9.17000008,1.16311523,1.31356445
9.18000031,1.17683594,1.36661865
9.18999958,1.17691162,1.36893799
9.19999981,1.17699219,1.37134277
9.21000004,1.17707275,1.37384277
9.22000027,1.17715576,1.37643555
9.22999954,1.17724121,1.37912354
9.23999977,1.17732666,1.38190918
9.25000000,1.17741455,1.38479492
9.26000023,1.17750244,1.43909180
9.27000046,1.17759521,1.44224609
9.27999973,1.17769043,1.44551025
9.28999996,1.17778809,1.44888184
9.30000019,1.17788818,1.45236572
9.31000042,1.18725342,1.45596680
9.31999969,1.20097168,1.45968262
9.32999992,1.21395264,1.51531494
9.34000015,1.22623779,1.51935059
9.35000038,1.23785156,1.52351563
9.35999966,1.24884521,1.52781006
9.36999989,1.25925781,1.53223389
9.38000011,1.26910645,1.53679199
9.39000034,1.27842773,1.54148682
9.39999962,1.28392090,1.54632324
9.40999985,1.28425781,1.55130371
9.42000008,1.28460693,1.55643066
9.43000031,1.28496582,1.61441895
9.43999958,1.28533203,1.61995361
9.44999981,1.28571045,1.57271484
9.46000004,1.28609863,1.57845215
9.47000027,1.28649414,1.58435547
9.47999954,1.28690186,1.55047119
9.48999977,1.28731689,1.49716309
9.50000000,1.28774414,1.49600098
9.51000023,1.28818115,1.50232910
9.52000046,1.28862793,1.48261230
9.52999973,1.28908447,1.46156738
9.53999996,1.28955078,1.46828369
9.55000019,1.29002197,1.46916504
9.56000042,1.29050293,1.42248291
9.56999969,1.29099365,1.38049316
9.57999992,1.29149170,1.38764648
9.59000015,1.29199951,1.39498779
9.60000038,1.29251221,1.36915283
9.60999966,1.29303955,1.32721191
9.61999989,1.29356934,1.28646973
9.63000011,1.29410889,1.25977295
9.64000034,1.29465332,1.26758057
9.64999962,1.29520752,1.27558838
9.65999985,1.29576416,1.24506348
9.67000008,1.29811035,1.20824219
9.68000031,1.30129150,1.17242432
9.68999958,1.30432373,1.13971191
9.69999981,1.30721191,1.14817627
9.71000004,1.30996582,1.15686035
9.72000027,1.31258789,1.14077393
9.72999954,1.31508789,1.10826172
9.73999977,1.31746582,1.07659668
9.75000000,1.31972900,1.07783203
9.76000023,1.32187988,1.08719727
9.77000046,1.32392822,1.08272217
9.77999973,1.32587158,1.05310791
9.78999996,1.32771973,1.02424805
9.80000019,1.32947266,0.99612061
9.81000042,1.33113525,0.96870850
9.81999969,1.33270264,0.96905273
9.82999992,1.33418945,0.97936035
9.84000015,1.33559326,0.97960693
9.85000038,1.33691895,0.95391357
9.85999966,1.33816895,0.92885742
9.86999989,1.33934570,0.90441895
9.88000011,1.34044922,0.91160156
9.89000034,1.34148682,0.92291748
9.89999962,1.34244629,0.91840332
9.90999985,1.34334229,0.89547363
9.92000008,1.34417236,0.87310547
9.93000031,1.34494385,0.85128174
9.93999958,1.34565674,0.85649414
9.94999981,1.34631104,0.86890625
9.96000004,1.34690674,0.86806396
9.97000027,1.34743896,0.84758301
9.97999954,1.34791504,0.82760498
9.98999977,1.34833496,0.80811035
10.00000000,1.34870361,0.80359863
10.01000023,1.34902100,0.81718262
10.02000046,1.34928955,0.82748291
10.02999973,1.34950684,0.80919434
10.03999996,1.34966553,0.79136230
10.05000019,1.34977539,0.77396484
10.06000042,1.34983887,0.75698975
10.06999969,1.34985840,0.76754883
10.07999992,1.34982910,0.78276611
10.09000015,1.34975586,0.77950684
10.10000038,1.34963135,0.76361816
10.10999966,1.34945801,0.74812500
10.11999989,1.34924561,0.73301270
10.13000011,1.34899414,0.71969238
10.14000034,1.34870361,0.73626465
10.14999962,1.34837646,0.75326416
10.15999985,1.34801514,0.74367188
10.17000008,1.34760986,0.72988525
10.18000031,1.34717285,0.71644043
10.18999958,1.34670898,0.70333008
10.19999981,1.34621582,0.69097656
10.21000004,1.34569580,0.70941162
10.22000027,1.34515381,0.72832764
10.22999954,1.34458496,0.71850342
10.23999977,1.34398682,0.70655029
10.25000000,1.34336670,0.69489014
10.26000023,1.34272949,0.68352295
10.27000046,1.34207031,0.67243164
10.27999973,1.34139893,0.68643311
10.28999996,1.34071045,0.70741211
10.30000019,1.34000977,0.70268311
10.31000042,1.33928711,0.69232666
10.31999969,1.33855225,0.68222900
10.32999992,1.33780518,0.67238037
10.34000015,1.33705078,0.66277588
10.35000038,1.33629150,0.65341309
10.35999966,1.33552246,0.64428223
10.36999989,1.33474854,0.63537842
10.38000011,1.33396973,0.64584961
10.39000034,1.33317871,0.67000488
10.39999962,1.33238281,0.66886230
10.40999985,1.33158691,0.66056152
10.42000008,1.33079102,0.65246826
10.43000031,1.32999268,0.64458008
10.43999958,1.32919678,0.63689209
10.44999981,1.32840088,0.62939941
10.46000004,1.32760498,0.65519287
10.47000027,1.32681396,0.67209229
10.47999954,1.32602539,0.66493164
10.48999977,1.32523682,0.65795654
10.50000000,1.32445313,0.65116455
10.51000023,1.32367188,0.64454834
10.52000046,1.32289551,0.63810303
10.52999973,1.32212891,0.64197998
10.53999996,1.32136719,0.67276123
10.55000019,1.32061035,0.67519775
10.56000042,1.31986328,0.66921387
10.56999969,1.31912354,0.66338867
10.57999992,1.31839111,0.65771973
10.59000015,1.31766846,0.65219971
10.60000038,1.31695557,0.64683105
10.60999966,1.31625000,0.64160645
10.61999989,1.31555664,0.63652344
10.63000011,1.31486816,0.63157959
10.64000034,1.31419189,0.64132568
10.64999962,1.31352539,0.67586670
10.65999985,1.31286865,0.67118164
10.67000008,1.31221924,0.66662842
10.68000031,1.31158203,0.66220459
10.68999958,1.31095459,0.65791016
10.69999981,1.31033691,0.65373535
10.71000004,1.30973145,0.64968506
10.72000027,1.30913574,0.67259766
10.72999954,1.30855225,0.69465576
10.73999977,1.30797852,0.69083984
10.75000000,1.30741699,0.68714111
10.76000023,1.30686279,0.68355713
10.77000046,1.30632080,0.68008301
10.77999973,1.30578857,0.67671631
10.78999996,1.30526855,0.67345947
10.80000019,1.30475586,0.67030762
10.81000042,1.30425537,0.66725830
10.81999969,1.30376465,0.66431152
10.82999992,1.30328369,0.68822510
10.84000015,1.30281250,0.71033691
10.85000038,1.30234863,0.70760010
10.85999966,1.30189453,0.70496338
10.86999989,1.30145020,0.70241943
10.88000011,1.30101563,0.69997070
10.89000034,1.30058594,0.69761475
10.89999962,1.30016846,0.69534912
10.90999985,1.29975586,0.69317383
10.92000008,1.29935303,0.69108398
10.93000031,1.29895508,0.68908203
10.93999958,1.29856445,0.71065918
10.94999981,1.29818115,0.73618652
10.96000004,1.29780029,0.73437988
10.97000027,1.29742920,0.73265625
10.97999954,1.29706055,0.73101563
10.98999977,1.29669678,0.72945313
11.00000000,1.29633789,0.72797119
11.01000023,1.29598389,0.72656494
11.02000046,1.29563232,0.72523438
11.02999973,1.27808105,0.72397949
11.03999996,1.25569580,0.72280029
11.05000019,1.24418945,0.73961670
11.06000042,1.24388428,0.77102783
11.06999969,1.24357666,0.77002930
11.07999992,1.24327148,0.76910156
11.09000015,1.24296143,0.76824463
11.10000038,1.24265137,0.76745605
11.10999966,1.24234131,0.76673584
11.11999989,1.24202637,0.76608154
11.13000011,1.24170654,0.76549316
11.14000034,1.24138428,0.76497070
11.14999962,1.24105469,0.76451172
11.15999985,1.24072021,0.77412109
11.17000008,1.24038086,0.81389160
11.18000031,1.24003662,0.81360352
11.18999958,1.23968506,0.81337891
11.19999981,1.23932617,0.81321533
11.21000004,1.23895996,0.81311035
11.22000027,1.23858887,0.81306396
11.22999954,1.23820801,0.81307373
11.23999977,1.23781982,0.81314209
11.25000000,1.23742188,0.81326904
11.26000023,1.23701660,0.81344971
11.27000046,1.23659668,0.81968750
11.27999973,1.23616699,0.86398682
11.28999996,1.23572754,0.86433350
11.30000019,1.23527588,0.86473145
11.31000042,1.23481445,0.86518555
11.31999969,1.23434082,0.86569092
11.32999992,1.23385498,0.86624756
11.34000015,1.23335938,0.86685791
11.35000038,1.23285156,0.86751709
11.35999966,1.23232910,0.86822754
11.36999989,1.23179199,0.86898926
11.38000011,1.23123779,0.91982910
11.39000034,1.23067383,0.92069824
11.39999962,1.23009521,0.92161621
11.40999985,1.22950195,0.92258301
11.42000008,1.22889404,0.92359863
11.43000031,1.22827148,0.92466064
11.43999958,1.22763428,0.92576904
11.44999981,1.22698242,0.92692627
11.46000004,1.22631348,0.92812988
11.47000027,1.22562744,0.92938477
11.47999954,1.22492432,0.93068359
11.48999977,1.22420654,0.98217285
11.50000000,1.22347412,0.98357666
11.51000023,1.17254883,0.98502441
11.52000046,1.17176514,0.98651855
11.52999973,1.17096436,0.98805664
11.53999996,1.17014893,0.98963867
11.55000019,1.16930908,0.99127197
11.56000042,1.16845215,0.99294678
11.56999969,1.16758057,0.99466309
11.57999992,1.16668701,0.99642578
11.59000015,1.16577881,0.99822998
11.60000038,1.16485107,1.00007813
11.60999966,1.16390625,1.00196777
11.61999989,1.16294434,1.00389893
11.63000011,1.16195801,1.05629395
11.64000034,1.16095215,1.05833740
11.64999962,1.15993164,1.06042480
11.65999985,1.15888916,1.06255371
11.67000008,1.15782959,1.06472412
11.68000031,1.15675293,1.06693604
11.68999958,1.15565674,1.06918945
11.69999981,1.15453857,1.07148926
11.71000004,1.15340088,1.07383057
11.72000027,1.15224365,1.07621338
11.72999954,1.15106934,1.07864014
11.73999977,1.14987305,1.13180908
11.75000000,1.14865967,1.13434570
11.76000023,1.14742920,1.13692627
11.77000046,1.14617676,1.13954590
11.77999973,1.14490234,1.14221436
11.78999996,1.14360840,1.14492188
11.80000019,1.14229492,1.14767334
11.81000042,1.14096436,1.15046631
11.81999969,1.13961426,1.15329834
11.82999992,1.08725830,1.15617432
11.84000015,1.08583496,1.21011230
11.85000038,1.08438721,1.21311035
11.85999966,1.08292236,1.21615234
11.86999989,1.08143799,1.21923584
11.88000011,1.07993164,1.22236084
11.89000034,1.07840820,1.22552979
11.89999962,1.07686523,1.22874023
11.90999985,1.07530273,1.23199463
11.92000008,1.07371338,1.23529785
11.93000031,1.07210693,1.23864258
11.93999958,1.07048096,1.29341797
11.94999981,1.06883545,1.29688965
11.96000004,1.06717041,1.30040527
11.97000027,1.06548828,1.30396484
11.97999954,1.06378174,1.30757080
11.98999977,1.06205566,1.31122559
12.00000000,1.06030762,1.31492432
12.01000023,1.05854248,1.31866943
12.02000046,1.05675781,1.32245850
12.02999973,1.00318848,1.37805908
12.03999996,1.00132080,1.38198730
12.05000019,0.99942871,1.38596191
12.06000042,0.99751709,1.38998779
12.06999969,0.99558350,1.39406006
12.07999992,0.99363281,1.39818115
12.09000015,0.99166260,1.40235107
12.10000038,0.98967285,1.40656982
12.10999966,0.98766357,1.41083740
12.11999989,0.98562988,1.46735107
12.13000011,0.98357422,1.47177246
12.14000034,0.98150146,1.47624512
12.14999962,0.92706543,1.48076904
12.15999985,0.92489990,1.48534668
12.17000008,0.92271729,1.48997559
12.18000031,0.92051025,1.49465576
12.18999958,0.91828125,1.49939697
12.19999981,0.91603271,1.50419189
12.21000004,0.91376221,1.56170898
12.22000027,0.91147461,1.56666992
12.22999954,0.90916504,1.57168701
12.23999977,0.90683594,1.57676270
12.25000000,0.90448730,1.58189697
12.26000023,0.90211182,1.58709473
12.27000046,0.89971924,1.59234863
12.27999973,0.89730713,1.59766602
12.28999996,0.89487305,1.65618896
12.30000019,0.89241943,1.66169189
12.31000042,0.88994873,1.66725586
12.31999969,0.88745361,1.67288818
12.32999992,0.88493896,1.67858643
12.34000015,0.88240234,1.68435303
12.35000038,0.87984619,1.69018555
12.35999966,0.87727051,1.69608643
12.36999989,0.87467529,1.75573730
12.38000011,0.87206055,1.76184814
12.39000034,0.86942383,1.76803223
12.39999962,0.86676514,1.77429199
12.40999985,0.86408691,1.78062744
12.42000008,0.86138916,1.78703613
12.43000031,0.85866943,1.79352539
12.43999958,0.85593262,1.85429443
12.44999981,0.85317627,1.86102051
12.46000004,0.85039551,1.86782959
12.47000027,0.84759277,1.87472412
12.47999954,0.84476807,1.88170410
12.48999977,0.84192627,1.88877197
12.50000000,0.83906250,1.89592773
12.51000023,0.83617676,1.90317139
12.52000046,0.83327393,1.91051025
12.52999973,0.83034668,1.91794189
12.53999996,0.82739502,1.92547607
12.55000019,0.82442383,1.93310303
12.56000042,0.82143066,1.94083008
12.56999969,0.81841797,2.00399902
12.57999992,0.81538330,2.01202881
12.59000015,0.81232666,2.02016602
12.60000038,0.80924805,2.02841064
12.60999966,0.80614746,2.03677002
12.61999989,0.80302246,2.04524658
12.63000011,0.79987305,2.05383789
12.64000034,0.79670410,2.06254883
12.64999962,0.73733887,2.07137939
12.65999985,0.73401123,2.08033447
12.67000008,0.73066162,2.08941650
12.68000031,0.72728516,2.15514648
12.68999958,0.72388428,2.16460937
12.69999981,0.72045166,2.17421387
12.71000004,0.71699463,2.18395508
12.72000027,0.71351318,2.19384033
12.72999954,0.71000488,2.20387207
12.73999977,0.70646973,2.21405518
12.75000000,0.70291016,2.22438965
12.76000023,0.69932129,2.23488281
12.77000046,0.69570313,2.20318115
12.77999973,0.69205566,2.19854248
12.78999996,0.68837891,2.20938721
12.80000019,0.68467285,2.20162109
12.81000042,0.68093750,2.16853516
12.81999969,0.67717529,2.13588623
12.82999992,0.67338379,2.10365723
12.84000015,0.66956055,2.07185791
12.85000038,0.66570557,2.04265625
12.85999966,0.66182129,2.05411865
12.86999989,0.65789795,2.06576904
12.88000011,0.65394287,2.04147705
12.89000034,0.64995605,2.01105713
12.89999962,0.64593506,1.98242188
12.90999985,0.64187988,1.99450439
12.92000008,0.63779053,2.00678711
12.93000031,0.63366211,1.98279297
12.93999958,0.62949951,1.95369141
12.94999981,0.63356201,1.92496094
12.96000004,0.64413330,1.89660889
12.97000027,0.65450195,1.88816895
12.97999954,0.66466797,1.90115967
12.98999977,0.66962891,1.89959717
13.00000000,0.66544434,1.87212891
13.01000023,0.66122314,1.84501465
13.02000046,0.65696533,1.81826416
13.02999973,0.65266602,1.79186523
13.03999996,0.64832764,1.79609863
13.05000019,0.64820557,1.81008789
13.06000042,0.65744873,1.79655029
13.06999969,0.66651611,1.77097900
13.07999992,0.67540527,1.74574951
13.09000015,0.68412598,1.72086182
13.10000038,0.69267334,1.69631836
13.10999966,0.70105713,1.70613281
13.11999989,0.70927979,1.72121094
13.13000011,0.71734619,1.70278076
13.14000034,0.72525879,1.67906006
13.14999962,0.73301514,1.65567383
13.15999985,0.74062256,1.63261963
13.17000008,0.74808594,1.60988281
13.18000031,0.75540527,1.61790771
13.18999958,0.76258057,1.63413818
13.19999981,0.76961914,1.61823975
13.21000004,0.77652588,1.59631104
13.22000027,0.78329834,1.57470215
13.22999954,0.78994141,1.55340820
13.23999977,0.79645752,1.53242432
13.25000000,0.80285156,1.53091064
13.26000023,0.80912354,1.54836670
13.27000046,0.81527588,1.54276855
13.27999973,0.82131104,1.52257324
13.28999996,0.82722900,1.50267578
13.30000019,0.83303711,1.48307617
13.31000042,0.83873291,1.49780518
13.31999969,0.84432129,1.51413086
13.32999992,0.84981201,1.49500732
13.34000015,0.85519531,1.47617188
13.35000038,0.86047852,1.45762451
13.35999966,0.86566162,1.43936279
13.36999989,0.87074707,1.42138184
13.38000011,0.87573730,1.41322998
13.39000034,0.88063477,1.43350830
13.39999962,0.88544189,1.43540039
13.40999985,0.89015869,1.41815674
13.42000008,0.89478760,1.40117676
13.43000031,0.89933105,1.38447266
13.43999958,0.90378662,1.38505371
13.44999981,0.90816406,1.40700928
13.46000004,0.91245605,1.40017578
13.47000027,0.91667236,1.38418457
13.47999954,0.92080811,1.36845703
13.48999977,0.92486816,1.35298584
13.50000000,0.92885010,1.33776367
13.51000023,0.93275879,1.32279297
13.52000046,0.93659180,1.32465576
13.52999973,0.94035645,1.34891113
13.53999996,0.94404785,1.34112549
13.55000019,0.94767090,1.32684326
13.56000042,0.95122314,1.31280762
13.56999969,0.95470947,1.29900879
13.57999992,0.95812744,1.30272217
13.59000015,0.96148193,1.32913574
13.60000038,0.96476807,1.31913574
13.60999966,0.96799072,1.30601563
13.61999989,0.97114990,1.29313232
13.63000011,0.97424561,1.28047607
13.64000034,0.97727783,1.26804932
13.64999962,0.98024658,1.25585205
13.65999985,0.98315674,1.24686768
13.67000008,0.98600342,1.27628174
13.68000031,0.98878906,1.27873779
13.68999958,0.99151855,1.26719727
13.69999981,0.99418457,1.25588135
13.71000004,0.99679688,1.24478027
13.72000027,0.99934814,1.23389893
13.72999954,1.00184082,1.22322998
13.73999977,1.00427246,1.21277832
13.75000000,1.00665039,1.22432617
13.76000023,1.00896973,1.24894531
13.77000046,1.01123047,1.23892822
13.77999973,1.01343506,1.22911865
13.78999996,1.01558105,1.21951904
13.80000019,1.01767334,1.21012451
13.81000042,1.01970215,1.20094238
13.81999969,1.02167236,1.19196289
13.82999992,1.02358398,1.18318848
13.84000015,1.02543945,1.20986328
13.85000038,1.02723633,1.22107666
13.85999966,1.02897217,1.21274170
13.86999989,1.03065430,1.20460693
13.88000011,1.03228027,1.19666992
13.89000034,1.03384521,1.18892822
13.89999962,1.03535156,1.18138672
13.90999985,1.03680176,1.17404053
13.92000008,1.03819092,1.16688477
13.93000031,1.03952148,1.15992432
13.93999958,1.04078613,1.15315918
13.94999981,1.04198730,1.14658691
13.96000004,1.04313477,1.14020264
13.97000027,1.04421875,1.08087891
13.97999954,1.04524170,1.07499023
13.98999977,1.04620361,1.06928467
14.00000000,1.04710693,1.06375977
14.01000023,1.04794434,1.05841553
14.02000046,1.04872070,1.00070557
14.02999973,1.04943604,0.99582520
14.03999996,1.05009033,0.99111816
14.05000019,1.05067627,0.98658691
14.06000042,1.05119629,0.98223145
14.06999969,1.05165283,0.92600342
14.07999992,1.05204834,0.92207764
14.09000015,1.05238770,0.86645264
14.10000038,1.05266846,0.86293213
14.10999966,1.05289307,0.85956543
14.11999989,1.05306152,0.85635010
14.13000011,1.05317627,0.85328125
14.14000034,1.05323730,0.85035889
14.14999962,1.05324707,0.84757813
14.15999985,1.05320801,0.84493896
14.17000008,1.05311768,0.84243896
14.18000031,1.05298096,0.84007324
14.18999958,1.05278809,0.83784668
14.19999981,1.05255615,0.83574707
14.21000004,1.05227539,0.83377686
14.22000027,1.05195313,0.83193359
14.22999954,1.05158691,0.83021484
14.23999977,1.05118164,0.82861328
14.25000000,1.05073730,0.82713135
14.26000023,1.05025146,0.82576660
14.27000046,1.04972656,0.82451660
14.27999973,1.04916504,0.82337891
14.28999996,1.04856689,0.82235107
14.30000019,1.04793213,0.82143066
14.31000042,1.04726563,0.77013428
14.31999969,1.04656250,0.76946045
14.32999992,1.04582764,0.76888672
14.34000015,1.04506104,0.76841064
14.35000038,1.04426025,0.76802979
14.35999966,1.04343262,0.76774414
14.36999989,1.04257324,0.76754883
14.38000011,1.04167969,0.76744629
14.39000034,1.04076172,0.76742920
14.39999962,1.03981201,0.76750000
14.40999985,1.03883789,0.76765625
14.42000008,1.03782959,0.76789551
14.43000031,1.03680176,0.76821289
14.43999958,1.03574463,0.76861328
14.44999981,1.03466553,0.76908691
14.46000004,1.03355713,0.76963867
14.47000027,1.03242432,0.77026367
14.47999954,1.03126709,0.77096191
14.48999977,1.03008789,0.77172852
14.50000000,1.02888428,0.77256592
14.51000023,1.02765625,0.77347168
14.52000046,1.02640625,0.77444336
14.52999973,1.02513184,0.77548096
14.53999996,1.02383545,0.77658203
14.55000019,1.02251709,0.77774170
14.56000042,1.02117676,0.77896240
14.56999969,1.01981445,0.73023926
14.57999992,1.01843018,0.73157959
14.59000015,1.01702393,0.73297363
14.60000038,1.01560059,0.73442139
14.60999966,1.01415283,0.73592041
14.61999989,1.01268555,0.73747070
14.63000011,1.01119873,0.73907227
14.64000034,1.00968994,0.74072266
14.64999962,1.00816406,0.74241699
14.65999985,1.00661377,0.74416260
14.67000008,1.00504395,0.74594971
14.68000031,1.00345703,0.74778076
14.68999958,1.00185059,0.74965576
14.69999981,1.00022461,0.75157227
14.71000004,0.99857910,0.75353027
14.72000027,0.99691406,0.75552490
14.72999954,0.99523193,0.75755859
14.73999977,0.99352783,0.75962891
14.75000000,0.99180908,0.76173584
14.76000023,0.99007080,0.76387451
14.77000046,0.98831299,0.76604736
14.77999973,0.98653809,0.76825684
14.78999996,0.98474365,0.77049561
14.80000019,0.98293213,0.77276367
14.81000042,0.98110352,0.77506104
14.81999969,0.97925537,0.77738770
14.82999992,0.97739258,0.77973877
14.84000015,0.97551025,0.78211914
14.85000038,0.97361328,0.78452393
14.85999966,0.97169922,0.78695068
14.86999989,0.96976563,0.78940186
14.88000011,0.96781738,0.79187500
14.89000034,0.96584961,0.79437012
14.89999962,0.96386719,0.79688477
14.90999985,0.96187012,0.79941650
14.92000008,0.95985352,0.77343750
14.93000031,0.95782471,0.75418457
14.93999958,0.95577881,0.75675537
14.94999981,0.95371582,0.75934082
14.96000004,0.95163574,0.76194092
14.97000027,0.94954102,0.76455322
14.97999954,0.94743164,0.76718018
14.98999977,0.94531006,0.76981689
15.00000000,0.94317139,0.77246338
15.01000023,0.94102051,0.77511963
15.02000046,0.93885254,0.77778564
15.02999973,0.93667236,0.78045898
15.03999996,0.93447754,0.78313965
15.05000019,0.93226807,0.78582764
15.06000042,0.93004883,0.78851807
15.06999969,0.92781494,0.79121338
15.07999992,0.92557129,0.79391113
15.09000015,0.92331299,0.79661377
15.10000038,0.92104248,0.79931885
15.10999966,0.91876465,0.80202148
15.11999989,0.91647217,0.80473145
15.13000011,0.91417236,0.80743652
15.14000034,0.91186279,0.81014160
15.14999962,0.90954346,0.81284424
15.15999985,0.90721436,0.81554688
15.17000008,0.90488037,0.81824463
15.18000031,0.90253906,0.82093994
15.18999958,0.90018799,0.77292725
15.19999981,0.89783447,0.77560059
15.21000004,0.89547363,0.77827148
15.22000027,0.89693848,0.78093506
15.22999954,0.94147461,0.78359131
15.23999977,0.93910889,0.78624268
15.25000000,0.93673828,0.78888428
15.26000023,0.93436768,0.79151611
15.27000046,0.93199463,0.79413818
15.27999973,0.92962158,0.79675049
15.28999996,0.92724854,0.79935303
15.30000019,0.92487305,0.80194580
15.31000042,0.92249756,0.80452637
15.31999969,0.92012695,0.80709229
15.32999992,0.91775635,0.80964600
15.34000015,0.91538818,0.81218750
15.35000038,0.91302734,0.81471191
15.35999966,0.91066895,0.81722168
15.36999989,0.90831543,0.81971680
15.38000011,0.90596924,0.82219238
15.39000034,0.90363037,0.82465332
15.39999962,0.90129883,0.82709717
15.40999985,0.89897461,0.82951904
15.42000008,0.89666016,0.83192627
15.43000031,0.89435791,0.83431152
15.43999958,0.89206543,0.83667480
15.44999981,0.88978516,0.83902100
15.46000004,0.88751709,0.84134277
15.47000027,0.88526367,0.84364258
15.47999954,0.88302490,0.80145752
15.48999977,0.88079834,0.79732178
15.50000000,0.87858643,0.79955566
15.51000023,0.87638672,0.80176758
15.52000046,0.87420410,0.80395508
15.52999973,0.87203369,0.80612305
15.53999996,0.86987549,0.80826904
15.55000019,0.86773438,0.81039307
15.56000042,0.86560791,0.81249512
15.56999969,0.86349365,0.81458008
15.57999992,0.86139648,0.81664063
15.59000015,0.85931152,0.81868164
15.60000038,0.85724121,0.82070313
15.60999966,0.85518799,0.82270264
15.61999989,0.85314453,0.82468506
15.63000011,0.85111816,0.82664551
15.64000034,0.84910645,0.82858398
15.64999962,0.84710938,0.83050537
15.65999985,0.84512451,0.83240723
15.67000008,0.84315674,0.83428711
15.68000031,0.84120361,0.83614990
15.68999958,0.83926270,0.83799316
15.69999981,0.83733643,0.83982178
15.71000004,0.83542480,0.84162598
15.72000027,0.83352783,0.84341553
15.72999954,0.83164551,0.84518311
15.73999977,0.82977783,0.84693604
15.75000000,0.82792480,0.84866943
15.76000023,0.82608643,0.85038818
15.77000046,0.82426025,0.85208740
15.77999973,0.82244873,0.85376953
15.78999996,0.82065186,0.80802979
15.80000019,0.81886719,0.80629883
15.81000042,0.81709717,0.80793457
15.81999969,0.81534424,0.80955566
15.82999992,0.81360107,0.81115967
15.84000015,0.81187500,0.81274902
15.85000038,0.81015625,0.81432373
15.85999966,0.80845703,0.81588135
15.86999989,0.80677002,0.81742676
15.88000011,0.80509521,0.81895508
15.89000034,0.80343262,0.82046875
15.89999962,0.80178711,0.82196777
15.90999985,0.80015137,0.82345459
15.92000008,0.80467529,0.82492676
15.93000031,0.84764893,0.82638428
15.93999958,0.84604492,0.82783203
15.94999981,0.84445801,0.82926270
15.96000004,0.84288330,0.83068115
15.97000027,0.84131592,0.83208740
15.97999954,0.83976563,0.83348145
15.98999977,0.83822266,0.83486328
16.00000000,0.83669434,0.83623535
16.01000023,0.83517822,0.83759277
16.02000046,0.83367188,0.83894043
16.03000069,0.83217773,0.84027588
16.04000092,0.83069336,0.84160156
16.04999924,0.82922119,0.84291748
16.05999947,0.82775879,0.84422119
16.06999969,0.82630859,0.84551514
16.07999992,0.82486816,0.84679932
16.09000015,0.82343506,0.84807373
16.10000038,0.82201660,0.84933594
16.11000061,0.82060547,0.85059326
16.12000084,0.81920166,0.85183838
16.12999916,0.81781250,0.85307373
16.13999939,0.81642822,0.85430420
16.14999962,0.81505371,0.85552490
16.15999985,0.81368896,0.85673584
16.17000008,0.86203857,0.85793701
16.18000031,0.86158936,0.85913574
16.19000053,0.86024414,0.86032471
16.20000076,0.85890869,0.86150391
16.20999908,0.85757813,0.82616943
16.21999931,0.85625732,0.81325195
16.22999954,0.85494141,0.81441895
16.23999977,0.85363525,0.81557617
16.25000000,0.85233643,0.81672607
16.26000023,0.85104004,0.81787598
16.27000046,0.84975342,0.81901611
16.28000069,0.84847168,0.82015137
16.29000092,0.84719727,0.82128174
16.29999924,0.84593018,0.82240479
16.30999947,0.79411377,0.82352539
16.31999969,0.79286133,0.82464111
16.32999992,0.79161377,0.82575195
16.34000015,0.79037109,0.82686035
16.35000038,0.78913086,0.82796387
16.36000061,0.83842773,0.82906494
16.37000084,0.83719482,0.83016113
16.37999916,0.83596680,0.83125244
16.38999939,0.83474121,0.83234375
16.39999962,0.83352051,0.83343262
16.40999985,0.83230469,0.83451660
16.42000008,0.83109131,0.83559814
16.43000031,0.82988037,0.83667969
16.44000053,0.82867188,0.83776123
16.45000076,0.82746826,0.83883545
16.45999908,0.82626465,0.83991455
16.46999931,0.82506592,0.84098877
16.47999954,0.82386963,0.84206299
16.48999977,0.82267578,0.84313721
16.50000000,0.82148193,0.84420898
16.51000023,0.82029053,0.84528076
16.52000046,0.81910156,0.84635498
16.53000069,0.81791260,0.84742432
16.54000092,0.81672363,0.84849854
16.54999924,0.81553711,0.84956787
16.55999947,0.81435059,0.85064209
16.56999969,0.81316406,0.85171631
16.57999992,0.81197998,0.85278809
16.59000015,0.81079102,0.85386475
16.60000038,0.84125488,0.85494141
16.61000061,0.85885254,0.85601807
16.62000084,0.85766113,0.85709717
16.62999916,0.85646729,0.85817627
16.63999939,0.85527588,0.85925781
16.64999962,0.85407959,0.86033936
16.65999985,0.85288330,0.86142578
16.67000008,0.85168457,0.86251221
16.68000031,0.85048340,0.85605469
16.69000053,0.84927979,0.81428467
16.70000076,0.84807129,0.81538330
16.70999908,0.84686523,0.81648193
16.71999931,0.84565430,0.81758301
16.72999954,0.84444092,0.81869141
16.73999977,0.84322510,0.81979736
16.75000000,0.84200195,0.82091064
16.76000023,0.84077881,0.82202637
16.77000046,0.83954834,0.82314697
16.78000069,0.83831787,0.82426758
16.79000092,0.83708252,0.82539307
16.79999924,0.83584229,0.82652344
16.80999947,0.83459717,0.82765625
16.81999969,0.83334473,0.82879639
16.82999992,0.83209229,0.82993652
16.84000015,0.83135254,0.83108154
16.85000038,0.87992676,0.83223145
16.86000061,0.87865479,0.83338623
16.87000084,0.87737549,0.83454590
16.87999916,0.87609131,0.83570801
16.88999939,0.87479980,0.83687744
16.89999962,0.87350586,0.83804932
16.90999985,0.87220215,0.83922852
16.92000008,0.87089600,0.84041016
16.93000031,0.86958008,0.84159912
16.94000053,0.86826172,0.84279053
16.95000076,0.86693115,0.84399170
16.95999908,0.86559814,0.84519531
16.96999931,0.86425537,0.84640381
16.97999954,0.86290527,0.84761963
16.98999977,0.89245605,0.84884033
17.00000000,0.91048584,0.85006836
17.01000023,0.90911133,0.85129883
17.02000046,0.90773193,0.85253662
17.03000069,0.90634277,0.85377930
17.04000092,0.90494873,0.85502686
17.04999924,0.90354492,0.85627930
17.05999947,0.90213867,0.85753418
17.06999969,0.90072754,0.85879150
17.07999992,0.89930908,0.86005371
17.09000015,0.94814941,0.86132080
17.10000038,0.94672119,0.86258545
17.11000061,0.94528564,0.82483154
17.12000084,0.94385010,0.81487305
17.12999916,0.94240967,0.81614746
17.13999939,0.94096680,0.81742432
17.14999962,0.93952148,0.81869629
17.15999985,0.93807617,0.81997314
17.17000008,0.93662842,0.82124756
17.18000031,0.93517822,0.82251953
17.19000053,0.98394531,0.82379150
17.20000076,0.98249023,0.82506104
17.20999908,0.98103760,0.82632813
17.21999931,0.97958252,0.82759521
17.22999954,0.97967773,0.82885498
17.23999977,1.07705811,0.83011475
17.25000000,1.07559814,0.83136963
17.26000023,1.07414063,0.83262207
17.27000046,1.07268555,0.83386963
17.28000069,1.07123291,0.83510986
17.29000092,1.17010986,0.83634766
17.29999924,1.16865234,0.83758057
17.30999947,1.16720215,0.83880859
17.31999969,1.16575439,0.84002930
17.32999992,1.16431152,0.84124512
17.34000015,1.21300781,0.84245361
17.35000038,1.21157471,0.84365479
17.36000061,1.21014404,0.84485107
17.37000084,1.20872070,0.84604004
17.37999916,1.25741943,0.84721924
17.38999939,1.25600830,0.84839111
17.39999962,1.25460449,0.84955566
17.40999985,1.25321045,0.85071289
17.42000008,1.25749756,0.85186035
17.43000031,1.30053467,0.85300293
17.44000053,1.29916748,0.85413330
17.45000076,1.29781250,0.85525635
17.45999908,1.29646729,0.85636963
17.46999931,1.24507568,0.85747314
17.47999954,1.24376465,0.85856689
17.48999977,1.24246582,0.85965332
17.50000000,1.24118408,0.86072754
17.51000023,1.23991699,0.86179443
17.52000046,1.23866699,0.86285156
17.53000069,1.23743652,0.86389648
17.54000092,1.23622314,0.86493164
17.54999924,1.23502686,0.86595947
17.55999947,1.23385254,0.86697266
17.56999969,1.23269775,0.86798096
17.57999992,1.18155273,0.86897705
17.59000015,1.18044678,0.86996094
17.60000038,1.17936279,0.87093750
17.61000061,1.17830078,0.87190674
17.62000084,1.17727051,0.87285889
17.62999916,1.17626465,0.87380371
17.63999939,1.17528564,0.87473877
17.64999962,1.12433594,0.87566650
17.65999985,1.12341553,0.87658447
17.67000008,1.12252441,0.87749023
17.68000031,1.12166748,0.87839111
17.69000053,1.12083984,0.87927979
17.70000076,1.12004639,0.88016357
17.70999908,1.11929199,0.88103516
17.71999931,1.11857422,0.93191162
17.72999954,1.06787598,0.93277100
17.73999977,1.06723145,0.93362305
17.75000000,1.06662598,0.93447021
17.76000023,1.06605957,0.93531006
17.77000046,1.06553955,0.93614502
17.78000069,1.06506104,0.93697510
17.79000092,1.06462891,0.93780029
17.79999924,1.06424561,0.93861816
17.80999947,1.06391113,0.93943359
17.81999969,1.06362549,0.94024414
17.82999992,1.01328857,0.94104736
17.84000015,1.01309326,0.94185059
17.85000038,1.01295410,0.94264893
17.86000061,1.01286865,0.94344482
17.87000084,1.01284180,0.94423584
17.87999916,1.01287354,0.94502686
17.88999939,1.01296387,0.94581543
17.89999962,1.01311523,0.94660400
17.90999985,1.01333008,0.94739014
17.92000008,1.01361084,0.94817139
17.93000031,1.01395752,0.94895508
17.94000053,0.96401123,0.94973633
17.95000076,0.96446533,0.95051514
17.95999908,0.96499023,0.95129395
17.96999931,0.96558594,0.95206787
17.97999954,0.96625732,0.95284668
17.98999977,0.96700195,0.97480713
18.00000000,0.96782471,1.00498291
18.01000023,0.96872803,1.00580566
18.02000046,0.96970947,1.00662842
18.03000069,0.97077637,1.00745361
18.04000092,0.92115479,1.00828125
18.04999924,0.92233887,1.00911133
18.05999947,0.92361328,1.00994141
18.06999969,0.92497559,1.01077637
18.07999992,0.92642822,1.01161133
18.09000015,0.92797363,1.01245117
18.10000038,0.92961670,1.01329346
18.11000061,0.93135498,1.01413574
18.12000084,0.93319580,1.01498047
18.12999916,0.93513916,1.01582520
18.13999939,0.89038330,1.01666992
18.14999962,0.88784668,1.01751709
18.15999985,0.89002930,1.01836670
18.17000008,0.89232178,1.01921387
18.18000031,0.89472900,1.02006348
18.19000053,0.89725098,1.02091064
18.20000076,0.89988770,1.02176025
18.20999908,0.85923584,1.02260254
18.21999931,0.85339355,1.02344727
18.22999954,0.85630127,1.02428711
18.23999977,0.85933350,1.02512451
18.25000000,0.86249512,1.02595703
18.26000023,0.86578857,1.02678955
18.27000046,0.86922119,1.02761230
18.28000069,0.87279297,1.02980713
18.29000092,0.87650391,1.03939941
18.29999924,0.88036377,1.04852295
18.30999947,0.84560303,1.05720459
18.31999969,0.83519775,1.06547363
18.32999992,0.83937988,1.07334961
18.34000015,0.84371582,1.08085449
18.35000038,0.84821289,1.08766357
18.36000061,0.85287598,1.08854736
18.37000084,0.85770996,1.08941650
18.37999916,0.86271240,1.09027588
18.38999939,0.86789795,1.09111816
18.39999962,0.87326416,1.09194580
18.40999985,0.83614014,1.09275146
18.42000008,0.82961670,1.09354004
18.43000031,0.83537354,1.09430664
18.44000053,0.84133301,1.09504395
18.45000076,0.84749512,1.09575439
18.45999908,0.85386475,1.09643555
18.46999931,0.86044678,1.09708984
18.47999954,0.86724609,1.09770996
18.48999977,0.87427002,1.09829590
18.50000000,0.86565674,1.09884521
18.51000023,0.83376221,1.09935791
18.52000046,0.83969482,1.09982910
18.53000069,0.84743164,1.10024902
18.54000092,0.85542480,1.10061768
18.54999924,0.86366699,1.10093506
18.55999947,0.87217041,1.10120361
18.56999969,0.88093994,1.10141602
18.57999992,0.88998291,1.10156982
18.59000015,0.89558838,1.10166504
18.60000038,0.86791992,1.10169434
18.61000061,0.85939209,1.10183838
18.62000084,0.86930420,1.10497070
18.62999916,0.87951416,1.10796387
18.63999939,0.89002930,1.11082764
18.64999962,0.90085938,1.11355713
18.65999985,0.91200928,1.11616211
18.67000008,0.92349365,1.11862793
18.68000031,0.93531982,1.12096436
18.69000053,0.94748779,1.12317627
18.70000076,0.96000000,1.12527100
18.70999908,0.94357910,1.12725098
18.71999931,0.92301270,1.12911377
18.72999954,0.93624756,1.13085205
18.73999977,0.94986084,1.13246826
18.75000000,0.96384521,1.13396973
18.76000023,0.97821777,1.13536377
18.77000046,0.99297852,1.13665039
18.78000069,1.00813965,1.13782471
18.79000092,1.02371094,1.13888916
18.79999924,1.03969238,1.13984375
18.80999947,1.04608398,1.14070313
18.81999969,1.02669189,1.14146973
18.82999992,1.02242188,1.14215088
18.84000015,1.03960938,1.14260010
18.85000038,1.05722168,1.14052490
18.86000061,1.07526855,1.13832520
18.87000084,1.08139160,1.13601563
18.87999916,1.06402344,1.13359131
18.88999939,1.06130859,1.13105469
18.89999962,1.08058350,1.12840576
18.90999985,1.10030273,1.12564209
18.92000008,1.12047607,1.12276367
18.93000031,1.14111572,1.11975586
18.94000053,1.16221436,1.11663330
18.95000076,1.18378662,1.11338623
18.95999908,1.20583252,1.11001953
18.96999931,1.22836426,1.10653076
18.97999954,1.25139160,1.10291260
18.98999977,1.27491699,1.09917236
19.00000000,1.34915283,1.09530029
19.01000023,1.33433105,1.09129639
19.02000046,1.31990967,1.08715576
19.03000069,1.30587646,1.08287354
19.04000092,1.32037598,1.07844971
19.04999924,1.34262207,1.07843018
19.05999947,1.32931885,1.07841553
19.06999969,1.31783936,1.07838379
19.07999992,1.34473877,1.07833496
19.09000015,1.35380615,1.07827393
19.10000038,1.34151367,1.07820068
19.11000061,1.34359619,1.07812012
19.12000084,1.37198975,1.07803223
19.12999916,1.36763428,1.07793945
19.13999939,1.35626221,1.07784180
19.14999962,1.37215332,1.07774414
19.15999985,1.40208496,1.07764404
19.17000008,1.43263184,1.07754395
19.18000031,1.43312988,1.07744873
19.19000053,1.42261230,1.07735596
19.20000076,1.43498779,1.07726807
19.20999908,1.46714600,1.07184570
19.21999931,1.49996826,1.06510498
19.22999954,1.50024170,1.05814453
19.23999977,1.49051514,1.05095703
19.25000000,1.50447266,1.04353760
19.26000023,1.52969727,1.03587158
19.27000046,1.52045898,1.02795898
19.28000069,1.51144775,1.01978516
19.29000092,1.54455811,1.01956055
19.29999924,1.58082520,1.01977051
19.30999947,1.59959473,1.01998779
19.31999969,1.59105957,1.02021973
19.32999992,1.58729248,1.02046143
19.34000015,1.62535889,1.02071533
19.35000038,1.62291748,1.02098145
19.36000061,1.61500977,1.02125977
19.37000084,1.63256836,1.02155518
19.37999916,1.65553223,1.02186279
19.38999939,1.64802490,1.02218750
19.39999962,1.64069580,1.02252441
19.40999985,1.68016357,1.02287842
19.42000008,1.68175781,1.02325195
19.43000031,1.67480225,1.02363770
19.44000053,1.66801270,1.02404297
19.45000076,1.66138428,1.02446289
19.45999908,1.65491455,1.02489990
19.46999931,1.69291016,1.02535645
19.47999954,1.69688477,1.02583008
19.48999977,1.69074707,1.02632324
19.50000000,1.68475342,1.01396240
19.51000023,1.67890381,1.00007813
19.52000046,1.67318848,0.98571533
19.53000069,1.66760986,0.97456299
19.54000092,1.66216309,0.97525146
19.54999924,1.65684814,0.97595459
19.55999947,1.65165527,0.97667725
19.56999969,1.64658447,0.97741455
19.57999992,1.64163574,0.97816895
19.59000015,1.63680176,0.97894043
19.60000038,1.57877930,0.97973145
19.61000061,1.57425049,0.98054443
19.62000084,1.56982910,0.98137451
19.62999916,1.56551025,0.98222412
19.63999939,1.56128906,0.98309326
19.64999962,1.55716797,0.98398193
19.65999985,1.55314209,0.98489014
19.67000008,1.54921631,0.98581543
19.68000031,1.54538330,0.98676270
19.69000053,1.54164063,0.98773193
19.70000076,1.53798340,0.98872070
19.70999908,1.48182861,0.98972900
19.71999931,1.47839111,0.99075928
19.72999954,1.47503906,0.99181396
19.73999977,1.47176514,0.99289063
19.75000000,1.46856689,0.99398926
19.76000023,1.46544678,0.97277588
19.77000046,1.46239746,0.94727539
19.78000069,1.45942139,0.94513672
19.79000092,1.45651367,0.94635986
19.79999924,1.45367676,0.94760498
19.80999947,1.39873779,0.94886963
19.81999969,1.39605957,0.95015625
19.82999992,1.39344482,0.95146240
19.84000015,1.39088623,0.95279053
19.85000038,1.38838623,0.95413574
19.86000061,1.38594238,0.95550537
19.87000084,1.38355469,0.95689697
19.87999916,1.38121826,0.95830811
19.88999939,1.37893066,0.95974121
19.89999962,1.37669434,0.96119629
19.90999985,1.37450684,0.96267090
19.92000008,1.32044189,0.96416748
19.93000031,1.31836182,0.96568848
19.94000053,1.31632568,0.96723389
19.95000076,1.31433105,1.02068848
19.95999908,1.31238037,1.02227295
19.96999931,1.31046875,1.02387939
19.97999954,1.30859619,1.02551270
19.98999977,1.30676514,1.02717285
20.00000000,1.30497070,1.02885986
20.01000023,1.30321289,1.03057373
20.02000046,1.30149414,1.03231689
20.03000069,1.29981201,1.03408691
20.04000092,1.24629883,1.03589111
20.04999924,1.24468506,1.03772217
20.05999947,1.24310547,1.03958740
20.06999969,1.24156006,1.04148438
20.07999992,1.24004639,1.04341309
20.09000015,1.23856689,1.04537842
20.10000038,1.23712158,1.04737549
20.11000061,1.23570801,1.04941162
20.12000084,1.23432861,1.10343506
20.12999916,1.23298096,1.10556641
20.13999939,1.23166748,1.10773926
20.14999962,1.23038574,1.10995361
20.15999985,1.22913818,1.11221191
20.17000008,1.22792480,1.11451904
20.18000031,1.22674561,1.11687500
20.19000053,1.17349365,1.11927734
20.20000076,1.17235107,1.12173096
20.20999908,1.17124268,1.12423584
20.21999931,1.17016846,1.12679932
20.22999954,1.16912842,1.18165771
20.23999977,1.16812012,1.18437256
20.25000000,1.16714600,1.18714844
20.26000023,1.16620605,1.18998779
20.27000046,1.16530518,1.19289551
20.28000069,1.16443848,1.19587158
20.29000092,1.16360352,1.19891846
20.29999924,1.16280518,1.20203369
20.30999947,1.16204346,1.20522705
20.31999969,1.16131592,1.20849365
20.32999992,1.16062256,1.26455811
20.34000015,1.15996338,1.26803711
20.35000038,1.15934082,1.27160156
20.36000061,1.15875488,1.27525391
20.37000084,1.15820068,1.27899170
20.37999916,1.15767822,1.28281738
20.38999939,1.15719238,1.28673584
20.39999962,1.15674072,1.29074951
20.40999985,1.15632568,1.34814453
20.42000008,1.15594482,1.35243408
20.43000031,1.15559570,1.35682617
20.44000053,1.15528320,1.36132324
20.45000076,1.15500732,1.36593262
20.45999908,1.15476563,1.42438477
20.46999931,1.15455566,1.42931641
20.47999954,1.15437988,1.43437256
20.48999977,1.15424072,1.43954834
20.50000000,1.15413330,1.44485352
20.51000023,1.15406250,1.50454346
20.52000046,1.15402588,1.51022705
20.53000069,1.15402588,1.51604980
20.54000092,1.15405762,1.52201660
20.54999924,1.15412598,1.52812744
20.55999947,1.15423096,1.53439209
20.56999969,1.15436768,1.54081299
20.57999992,1.15454102,1.54739258
20.59000015,1.15475098,1.55413818
20.60000038,1.15499268,1.56105469
20.61000061,1.15527100,1.56814453
20.62000084,1.15558105,1.57541016
20.62999916,1.15592773,1.58285889
20.63999939,1.16131348,1.59049561
20.64999962,1.16908203,1.59832520
20.65999985,1.17655273,1.60635254
20.67000008,1.18373535,1.61458740
20.68000031,1.19064209,1.62302979
20.69000053,1.19727783,1.68863281
20.70000076,1.20365967,1.75484619
20.70999908,1.20978760,1.82168945
20.71999931,1.21568359,1.81478027
20.72999954,1.21906006,1.78410400
20.73999977,1.22000000,1.79437012
20.75000000,1.22098145,1.79797363
20.76000023,1.22200195,1.76026611
20.77000046,1.22306152,1.72332031
20.78000069,1.22415771,1.68712158
20.79000092,1.22529297,1.65165771
20.79999924,1.22646484,1.62428955
20.80999947,1.22767578,1.63556152
20.81999969,1.22892334,1.64029053
20.82999992,1.23020508,1.60670410
20.84000015,1.23152344,1.57380371
20.85000038,1.23287598,1.54157471
20.86000061,1.23426025,1.51341553
20.87000084,1.23568115,1.52571289
20.87999916,1.23713379,1.53423096
20.88999939,1.23861572,1.50374512
20.89999962,1.24012939,1.47389648
20.90999985,1.24167236,1.44466553
20.92000008,1.24324463,1.41604004
20.93000031,1.24483887,1.41677979
20.94000053,1.24645996,1.43055176
20.95000076,1.24810059,1.41358398
20.95999908,1.24975830,1.38656494
20.96999931,1.25143799,1.36010986
20.97999954,1.25313477,1.33421875
20.98999977,1.25484619,1.30887451
21.00000000,1.25657227,1.32335205
21.01000023,1.25830811,1.33551025
21.02000046,1.26005371,1.31112061
21.03000069,1.26180664,1.28725586
21.04000092,1.26355957,1.26391113
21.04999924,1.26530273,1.24109619
21.05999947,1.26704346,1.21878174
21.06999969,1.26877686,1.19696045
21.07999992,1.27050293,1.18035645
21.09000015,1.27221680,1.19769043
21.10000038,1.27391602,1.20471924
21.11000061,1.27558594,1.18428467
21.12000084,1.27722412,1.16433594
21.12999916,1.27883545,1.14485840
21.13999939,1.28041748,1.14566895
21.14999962,1.28196533,1.16519043
21.15999985,1.28347656,1.15639160
21.17000008,1.28492432,1.13827393
21.18000031,1.28632324,1.12061035
21.19000053,1.28767334,1.10339355
21.20000076,1.28896729,1.11723877
21.20999908,1.29020264,1.13522217
21.21999931,1.29135010,1.11891602
21.22999954,1.29242920,1.10305176
21.23999977,1.29343994,1.08762451
21.25000000,1.29437988,1.07262695
21.26000023,1.29523193,1.09571777
21.27000046,1.29598389,1.10644043
21.28000069,1.29665283,1.09235840
21.29000092,1.29724121,1.07869385
21.29999924,1.29774414,1.06544189
21.30999947,1.29814697,1.05260742
21.31999969,1.29846680,1.04017578
21.32999992,1.29870361,1.02812500
21.34000015,1.29885986,1.04811523
21.35000038,1.29893066,1.06488770
21.36000061,1.29890625,1.05365723
21.37000084,1.29880127,1.04278564
21.37999916,1.29861084,1.03226807
21.38999939,1.29833496,1.02208984
21.39999962,1.29797119,1.01226318
21.40999985,1.29751465,1.00276855
21.42000008,1.29696777,1.00540039
21.43000031,1.29634033,1.03824463
21.44000053,1.29562256,1.03337158
21.45000076,1.29480469,1.02486572
21.45999908,1.29388184,1.01666748
21.46999931,1.29286621,1.00875244
21.47999954,1.29174316,1.00111572
21.48999977,1.29051758,1.03762451
21.50000000,1.28917969,1.04245605
21.51000023,1.28772217,1.03540771
21.52000046,1.28614258,1.02862305
21.53000069,1.28442871,1.02208740
21.54000092,1.28258789,1.01579590
21.54999924,1.28060303,1.00973877
21.55999947,1.27847412,1.00391113
21.56999969,1.27618408,1.00002441
21.57999992,1.27372559,1.04306641
21.59000015,1.27108643,1.04184326
21.60000038,1.26825439,1.03671875
21.61000061,1.26522461,1.03179688
21.62000084,1.26197998,1.02707275
21.62999916,1.25850586,1.02254639
21.63999939,1.25478516,1.04935059
21.64999962,1.25081299,1.06722168
21.65999985,1.24655762,1.06310303
21.67000008,1.24200684,1.05916504
21.68000031,1.23713867,1.05539795
21.69000053,1.23192871,1.05180176
21.70000076,1.22635742,1.05625732
21.70999908,1.22039307,1.09751221
21.71999931,1.21401367,1.09427979
21.72999954,1.20718262,1.09120605
21.73999977,1.19987549,1.08827881
21.75000000,1.19204346,1.08550049
21.76000023,1.18365479,1.08286377
21.77000046,1.17467041,1.08036621
21.78000069,1.16504883,1.07800293
21.79000092,1.15473389,1.07577148
21.79999924,1.14366699,1.07366943
21.80999947,1.13179932,1.07168945
21.81999969,1.11906006,1.06983154
21.82999992,1.10538086,1.13875244
21.84000015,1.09068604,1.16889648
21.85000038,1.08318604,1.16724121
21.86000061,1.08176514,1.16570313
21.87000084,1.08035400,1.21528809
21.87999916,1.07895264,1.21390625
21.88999939,1.07755859,1.21263184
21.89999962,1.07617676,1.23833496
21.90999985,1.07480225,1.26117676
21.92000008,1.07343750,1.26015869
21.93000031,1.07208252,1.25923828
21.94000053,1.07073486,1.30904785
21.95000076,1.06939941,1.30827393
21.95999908,1.06807373,1.30759277
21.96999931,1.06675537,1.30700195
21.97999954,1.06544434,1.30650146
21.98999977,1.04582520,1.30608643
22.00000000,1.01245117,1.35615234
22.01000023,1.01119873,1.35586670
22.02000046,1.00995117,1.35566650
22.03000069,1.00871094,1.35553955
22.04000092,1.00747314,1.35548828
22.04999924,1.00624268,1.35551270
22.05999947,1.00501709,1.35560547
22.06999969,1.00379639,1.35576904
22.07999992,1.00258057,1.35599609
22.09000015,1.00136719,1.40645264
22.10000038,1.00015869,1.40678955
22.11000061,0.94882568,1.40718750
22.12000084,0.94763916,1.40764404
22.12999916,0.94645508,1.40815918
22.13999939,0.94527100,1.40872803
22.14999962,0.94408691,1.40935059
22.15999985,0.94290527,1.46008789
22.17000008,0.94172363,1.46080078
22.18000031,0.94054199,1.46156250
22.19000053,0.93936279,1.46236816
22.20000076,0.93818115,1.46322021
22.20999908,0.93699951,1.46411133
22.21999931,0.93581787,1.41502441
22.22999954,0.93463623,1.41599854
22.23999977,0.93344971,1.41700928
22.25000000,0.93226074,1.26803223
22.26000023,0.93107178,1.26911377
22.27000046,0.87987793,1.27022705
22.28000069,0.87868652,1.27136230
22.29000092,0.87748779,1.22252441
22.29999924,0.87628906,1.22371094
22.30999947,0.87508545,1.22491699
22.31999969,0.87387939,1.22614014
22.32999992,0.87266846,1.22738525
22.34000015,0.82144775,1.22864502
22.35000038,0.82022461,1.22992188
22.36000061,0.81899902,1.23121338
22.37000084,0.81776855,1.18250977
22.37999916,0.81653320,1.18382324
22.38999939,0.81529297,1.18514648
22.39999962,0.81405029,1.18647705
22.40999985,0.81280273,1.18781738
22.42000008,0.81155029,1.18916504
22.43000031,0.81029297,1.19052002
22.44000053,0.80903320,1.19187988
22.45000076,0.80777100,1.14321777
22.45999908,0.75647705,1.14458008
22.46999931,0.75520508,1.14594727
22.47999954,0.75393066,1.14731689
22.48999977,0.75265381,1.14868408
22.50000000,0.75137451,1.15005615
22.51000023,0.75009277,1.15142578
22.52000046,0.74881104,1.15279297
22.53000069,0.74752686,1.15415771
22.54000092,0.74624512,1.15552002
22.54999924,0.74496094,1.15687988
22.55999947,0.74367676,1.15823730
22.56999969,0.74239258,1.15958984
22.57999992,0.74111084,1.11088379
22.59000015,0.73982910,1.11222168
22.60000038,0.73854980,1.11355713
22.61000061,0.73727295,1.11488281
22.62000084,0.73599854,1.11620117
22.62999916,0.73472900,1.11751465
22.63999939,0.73346191,1.11881836
22.64999962,0.73219971,1.12011230
22.65999985,0.73094238,1.12139893
22.67000008,0.72968994,1.12267578
22.68000031,0.72844482,1.12394043
22.69000053,0.72720459,1.12519775
22.70000076,0.72597168,1.12644043
22.70999908,0.72474854,1.12767334
22.71999931,0.72353027,1.12889404
22.72999954,0.72232178,1.08003662
22.73999977,0.72112061,1.08123291
22.75000000,0.71993164,1.08241455
22.76000023,0.71875244,1.08358154
22.77000046,0.71758545,1.08473633
22.78000069,0.71642822,1.08587402
22.79000092,0.71528320,1.08699707
22.79999924,0.71415283,1.08810547
22.80999947,0.71303223,1.08919678
22.81999969,0.71192627,1.09027344
22.82999992,0.71083740,1.09133301
22.84000015,0.70976318,1.09237061
22.85000038,0.70870361,1.09339111
22.86000061,0.70766357,1.09439453
22.87000084,0.75669189,1.09537842
22.87999916,0.75568359,1.09634277
22.88999939,0.75469238,1.09728760
22.89999962,0.75372070,1.09821045
22.90999985,0.75276855,1.09911377
22.92000008,0.75183594,1.09999512
22.93000031,0.75092529,1.10085205
22.94000053,0.75003906,1.05164063
22.95000076,0.74917480,1.05245117
22.95999908,0.74833252,1.05323730
22.96999931,0.74751465,1.05400146
22.97999954,0.74672119,1.05474121
22.98999977,0.74595459,1.05545166
23.00000000,0.74520996,1.05614014
23.01000023,0.74449219,1.05680176
23.02000046,0.74379883,1.05743896
23.03000069,0.74312988,1.05805176
23.04000092,0.74248779,1.05863770
23.04999924,0.74187012,1.00916992
23.05999947,0.74127930,1.00970703
23.06999969,0.74071289,1.01021973
23.07999992,0.74017090,1.01071045
23.09000015,0.73965332,1.01117676
23.10000038,0.73916016,1.01161865
23.11000061,0.73869385,1.01203613
23.12000084,0.73824951,1.01242920
23.12999916,0.73783203,1.01280029
23.13999939,0.73743896,1.01314697
23.14999962,0.73706787,1.01347168
23.15999985,0.78673828,1.01377197
23.17000008,0.78641602,1.01405029
23.18000031,0.78612061,1.01430420
23.19000053,0.78584717,1.01453613
23.20000076,0.78560059,1.01474609
23.20999908,0.78537598,1.01493408
23.21999931,0.78517578,0.96509033
23.22999954,0.78500000,0.96523438
23.23999977,0.78484619,0.96535645
23.25000000,0.78471680,0.96545654
23.26000023,0.78461182,0.96553711
23.27000046,0.78452881,0.96559326
23.28000069,0.78447021,0.96563232
23.29000092,0.78443359,0.96564697
23.29999924,0.78441895,0.96564209
23.30999947,0.78443115,0.96561768
23.31999969,0.78446289,0.96556885
23.32999992,0.78451904,0.96550293
23.34000015,0.83459473,0.96541748
23.35000038,0.83469482,0.96531006
23.36000061,0.83481689,0.96518311
23.37000084,0.83496094,0.96503662
23.37999916,0.83512695,0.96487061
23.38999939,0.83531494,0.91468506
23.39999962,0.83552490,0.91447998
23.40999985,0.83575684,0.91425537
23.42000008,0.83600830,0.91401367
23.43000031,0.83628174,0.91375000
23.44000053,0.83657471,0.91346924
23.45000076,0.83688965,0.91317139
23.45999908,0.83722412,0.91285645
23.46999931,0.83757813,0.91251953
23.47999954,0.88795654,0.91216797
23.48999977,0.88835449,0.91179932
23.50000000,0.88876953,0.91141113
23.51000023,0.88920410,0.91100586
23.52000046,0.88965576,0.91058594
23.53000069,0.89012939,0.91014648
23.54000092,0.89062012,0.90969238
23.54999924,0.89112793,0.85920898
23.55999947,0.89165527,0.85872070
23.56999969,0.89220215,0.85821533
23.57999992,0.89276611,0.85769287
23.59000015,0.89334473,0.85715820
23.60000038,0.89394531,0.85660400
23.61000061,0.94457520,0.85603516
23.62000084,0.94520996,0.85545166
23.62999916,0.94585938,0.85485352
23.63999939,0.94652588,0.85424072
23.64999962,0.94720703,0.85361328
23.65999985,0.94790283,0.85297119
23.67000008,0.94861816,0.85231445
23.68000031,0.94934570,0.85164307
23.69000053,0.95008789,0.85095703
23.70000076,0.95084717,0.85025879
23.70999908,0.95161621,0.84954834
23.71999931,0.95240234,0.84882324
23.72999954,0.95320068,0.84808594
23.73999977,0.95401367,0.84733398
23.75000000,1.00487793,0.84657227
23.76000023,1.00571777,0.84579590
23.77000046,1.00657227,0.84500732
23.78000069,1.00743652,0.84420654
23.79000092,1.00831299,0.84339600
23.79999924,1.00919922,0.84257324
23.80999947,1.01010010,0.84173828
23.81999969,1.01101074,0.79084229
23.82999992,1.01193115,0.78998291
23.84000015,1.06291748,0.78911377
23.85000038,1.06385986,0.78823486
23.86000061,1.06480957,0.78734375
23.87000084,1.06577148,0.78644531
23.87999916,1.06674072,0.78553467
23.88999939,1.06771973,0.78461426
23.89999962,1.06870605,0.78368652
23.90999985,1.06969971,0.78274902
23.92000008,1.07070068,0.78180420
23.93000031,1.12177734,0.78084961
23.94000053,1.12279297,0.77988525
23.95000076,1.12381592,0.77891357
23.95999908,1.12484375,0.77793701
23.96999931,1.12587891,0.77694824
23.97999954,1.12691650,0.77595459
23.98999977,1.12796143,0.77495361
24.00000000,1.12901123,0.77394531
24.01000023,1.13006348,0.77292969
24.02000046,1.13112061,0.77190918
24.03000069,1.13218018,0.77088379
24.04000092,1.13324463,0.76985107
24.04999924,1.13431152,0.76881348
24.05999947,1.13537842,0.76777100
24.06999969,1.18653564,0.76672119
24.07999992,1.18760986,0.71558594
24.09000015,1.18868408,0.71452637
24.10000038,1.18976074,0.71346680
24.11000061,1.19083740,0.71240234
24.12000084,1.19191650,0.71133545
24.12999916,1.19299316,0.71026367
24.13999939,1.19407227,0.70919189
24.14999962,1.19515137,0.70811523
24.15999985,1.19622803,0.70703857
24.17000008,1.24739014,0.70595947
24.18000031,1.24846436,0.70488037
24.19000053,1.24953857,0.70379883
24.20000076,1.25061035,0.70271729
24.20999908,1.25168213,0.70163574
24.21999931,1.25274902,0.70055420
24.22999954,1.25381348,0.69947266
24.23999977,1.25487793,0.69839111
24.25000000,1.25593750,0.69731201
24.26000023,1.25699219,0.69623535
24.27000046,1.25804443,0.69515869
24.28000069,1.25909424,0.69408447
24.29000092,1.26013672,0.69301270
24.29999924,1.26117676,0.69194580
24.30999947,1.26221191,0.69087891
24.31999969,1.31332031,0.68981689
24.32999992,1.31434326,0.63868164
24.34000015,1.31535889,0.63762939
24.35000038,1.31637207,0.63657959
24.36000061,1.31737793,0.63553711
24.37000084,1.31837646,0.63449951
24.37999916,1.31936768,0.63346680
24.38999939,1.32035400,0.63244141
24.39999962,1.32133057,0.63142090
24.40999985,1.32230225,0.63040527
24.42000008,1.32326416,0.62939941
24.43000031,1.32421875,0.62840088
24.44000053,1.32516357,0.62740967
24.45000076,1.32610107,0.62642578
24.45999908,1.32702881,0.62544922
24.46999931,1.32794678,0.62448242
24.47999954,1.32885742,0.62352539
24.48999977,1.32975586,0.62257813
24.50000000,1.33064453,0.62163818
24.51000023,1.33152588,0.62071045
24.52000046,1.33239502,0.61979248
24.53000069,1.33324951,0.61888428
24.54000092,1.33409668,0.61798828
24.54999924,1.33493164,0.61710449
24.55999947,1.33575684,0.61623047
24.56999969,1.33656738,0.56531982
24.57999992,1.38741455,0.56447266
24.59000015,1.38820068,0.56363770
24.60000038,1.38897217,0.56281738
24.61000061,1.38973145,0.56200684
24.62000084,1.39047852,0.56121338
24.62999916,1.39121094,0.56043213
24.63999939,1.39192871,0.55966553
24.64999962,1.39263184,0.55891357
24.65999985,1.39332275,0.55817627
24.67000008,1.39399902,0.55745361
24.68000031,1.39465820,0.55674805
24.69000053,1.39530518,0.55605713
24.70000076,1.39593262,0.55538330
24.70999908,1.39654785,0.55472412
24.71999931,1.39714600,0.55408447
24.72999954,1.39772705,0.55345947
24.73999977,1.39829346,0.55285400
24.75000000,1.39884033,0.55226318
24.76000023,1.39937012,0.55169434
24.77000046,1.39988525,0.55114014
24.78000069,1.40038086,0.55060547
24.79000092,1.40085938,0.55009033
24.79999924,1.40131836,0.54959473
24.80999947,1.40175781,0.54911865
24.81999969,1.40218262,0.54865967
24.82999992,1.40258545,0.54822266
24.84000015,1.40296875,0.54780518
24.85000038,1.40333496,0.54740967
24.86000061,1.40367920,0.54703369
24.87000084,1.40400391,0.54667969
24.87999916,1.40430908,0.54634521
24.88999939,1.40459229,0.54603271
24.89999962,1.40485352,0.54574463
24.90999985,1.45510986,0.49546143
24.92000008,1.45532715,0.49521729
24.93000031,1.45552734,0.49499512
24.94000053,1.45570313,0.49479492
24.95000076,1.45585693,0.49461914
24.95999908,1.45598633,0.49446777
24.96999931,1.45609619,0.49433838
24.97999954,1.45618164,0.49423340
24.98999977,1.45624512,0.49415039
25.00000000,1.45628418,0.49409424
25.01000023,1.45629883,0.49406250
25.02000046,1.45629150,0.49405273
25.03000069,1.45625977,0.49406982
25.04000092,1.45620361,0.49411377
25.04999924,1.45612305,0.49417969
25.05999947,1.45601563,0.49427490
25.06999969,1.45588623,0.49439209
25.07999992,1.45572998,0.49453613
25.09000015,1.45555176,0.49470459
25.10000038,1.45535156,0.49489502
25.11000061,1.45512695,0.49510986
25.12000084,1.45488281,0.49534668
25.12999916,1.45461670,0.49560547
25.13999939,1.45432861,0.49588623
25.14999962,1.45402344,0.49618652
25.15999985,1.45369873,0.49650391
25.17000008,1.45335449,0.49684326
25.18000031,1.45299316,0.49719971
25.19000053,1.45261475,0.49757568
25.20000076,1.45221680,0.49796875
25.20999908,1.45180664,0.49837646
25.21999931,1.45137939,0.49880127
25.22999954,1.45093994,0.49924316
25.23999977,1.45048340,0.49969727
25.25000000,1.45001465,0.50016602
25.26000023,1.44953369,0.50064941
25.27000046,1.44903809,0.50114502
25.28000069,1.44853271,0.50165283
25.29000092,1.44801514,0.50217285
25.29999924,1.44748779,0.50270264
25.30999947,1.44695068,0.50324707
25.31999969,1.44640381,0.50379883
25.32999992,1.44584961,0.50436035
25.34000015,1.44528564,0.50492920
25.35000038,1.44471436,0.50551025
25.36000061,1.44413818,0.50609619
25.37000084,1.39354980,0.50668945
25.37999916,1.39296143,0.50729004
25.38999939,1.39236572,0.50789795
25.39999962,1.39176758,0.50850830
25.40999985,1.39116699,0.50912598
25.42000008,1.39056152,0.50974854
25.43000031,1.38995361,0.51037354
25.44000053,1.38934570,0.51100586
25.45000076,1.38873535,0.51163818
25.45999908,1.38812256,0.51227295
25.46999931,1.38751221,0.51291016
25.47999954,1.38690430,0.51354736
25.48999977,1.38629395,0.51418701
25.50000000,1.38568848,0.51482666
25.51000023,1.38508545,0.51546631
25.52000046,1.38448486,0.51610596
25.53000069,1.38389160,0.51674316
25.54000092,1.38330078,0.51737793
25.54999924,1.38271484,0.51801270
25.55999947,1.38213623,0.51864258
25.56999969,1.38156494,0.51927246
25.57999992,1.38099854,0.51989746
25.59000015,1.38044434,0.52051514
25.60000038,1.37989502,0.52113281
25.61000061,1.37935791,0.52174316
25.62000084,1.37883057,0.52234619
25.62999916,1.37831543,0.52294434
25.63999939,1.37781006,0.52353760
25.64999962,1.37731934,0.52412109
25.65999985,1.37684082,0.52469727
25.67000008,1.37637695,0.52526611
25.68000031,1.37159180,0.52582764
25.69000053,1.32544189,0.52637939
25.70000076,1.32502197,0.52691895
25.70999908,1.32461670,0.52745117
25.71999931,1.32423096,0.52797119
25.72999954,1.27379883,0.52848145
25.73999977,1.27344727,0.52897949
25.75000000,1.27311523,0.52946533
25.76000023,1.27280273,0.52993896
25.77000046,1.27251221,0.54520264
25.78000069,1.27224121,0.58093018
25.79000092,1.27199707,0.58136719
25.79999924,1.27177490,0.58179199
25.80999947,1.27157715,0.58219971
25.81999969,1.27140625,0.58259277
25.82999992,1.27125977,0.58297119
25.84000015,1.27114014,0.58333252
25.85000038,1.24793213,0.58367676
25.86000061,1.22085449,0.58400391
25.87000084,1.22081543,0.58431396
25.87999916,1.22080566,0.58460449
25.88999939,1.22082764,0.58487793
25.89999962,1.22088379,0.58512939
25.90999985,1.22096924,0.58536377
25.92000008,1.22109131,0.58557617
25.93000031,1.22124756,0.58576904
25.94000053,1.22143799,0.58593994
25.95000076,1.22166748,0.63630371
25.95999908,1.22193359,0.63644043
25.96999931,1.22223633,0.63655518
25.97999954,1.22258057,0.63664795
25.98999977,1.22296631,0.63671631
26.00000000,1.22339111,0.63676025
26.01000023,1.20876221,0.63677979
26.02000046,1.17406982,0.63677246
26.03000069,1.17461182,0.63674072
26.04000092,1.17519775,0.63668457
26.04999924,1.17583252,0.63660156
26.05999947,1.17651123,0.63648926
26.06999969,1.17723877,0.66194092
26.07999992,1.17801758,0.68657715
26.09000015,1.16876709,0.68639648
26.10000038,1.12929443,0.68618896
26.11000061,1.13020752,0.68594971
26.12000084,1.13117188,0.68568115
26.12999916,1.13218994,0.68538086
26.13999939,1.08275391,0.71200439
26.14999962,1.08385986,0.73521729
26.15999985,1.08502441,0.73484375
26.17000008,1.08624268,0.73443604
26.18000031,1.08752197,0.73399414
26.19000053,1.08885742,0.73352051
26.20000076,1.09025635,0.73301025
26.20999908,1.09171387,0.73246582
26.21999931,1.04253662,0.73188477
26.22999954,1.04409180,0.73126709
26.23999977,1.04571289,0.73061279
26.25000000,1.04739746,0.72991699
26.26000023,1.01057129,0.72918457
26.27000046,1.00012451,0.72841309
26.28000069,1.00197998,0.76118164
26.29000092,1.00390137,0.77764648
26.29999924,1.00589111,0.77678223
26.30999947,1.00795166,0.77587646
26.31999969,1.01008545,0.77492920
26.32999992,1.01229004,0.77393555
26.34000015,0.98401611,0.77290039
26.35000038,0.96581055,0.77181885
26.36000061,0.96820068,0.80499023
26.37000084,0.97066650,0.82070313
26.37999916,0.97215088,0.81952148
26.38999939,0.92456787,0.81829346
26.39999962,0.92722656,0.81701660
26.40999985,0.92996338,0.81569092
26.42000008,0.93277832,0.81431885
26.43000031,0.93567627,0.81289307
26.44000053,0.93865234,0.83297363
26.45000076,0.94170898,0.86141602
26.45999908,0.94484863,0.85989014
26.46999931,0.89924561,0.85831543
26.47999954,0.89970703,0.85669189
26.48999977,0.90303955,0.85502197
26.50000000,0.90645020,0.85330322
26.51000023,0.90993896,0.85154053
26.52000046,0.91351074,0.84972656
26.53000069,0.91716064,0.84786865
26.54000092,0.92088867,0.84596191
26.54999924,0.88961426,0.84401123
26.55999947,0.87651123,0.84201172
26.56999969,0.88042236,0.83996582
26.57999992,0.88441162,0.83787598
26.59000015,0.88847900,0.83645264
26.60000038,0.89262695,0.85877441
26.61000061,0.89685547,0.88049316
26.62000084,0.90115967,0.88147949
26.62999916,0.88391602,0.87922119
26.63999939,0.85744873,0.87691895
26.64999962,0.86192383,0.87457031
26.65999985,0.86647705,0.87218018
26.67000008,0.87110840,0.86974365
26.68000031,0.84358154,0.86726074
26.69000053,0.82771240,0.88165527
26.70000076,0.83250488,0.90050781
26.70999908,0.83737549,0.91258545
26.71999931,0.84232178,0.91000000
26.72999954,0.84734619,0.90737061
26.73999977,0.85244629,0.90469727
26.75000000,0.85762207,0.90198242
26.76000023,0.84733643,0.89922607
26.77000046,0.81472900,0.89642334
26.78000069,0.82005615,0.89659180
26.79000092,0.82545898,0.91324463
26.79999924,0.83093506,0.92953613
26.80999947,0.83648682,0.93857666
26.81999969,0.84211182,0.93564209
26.82999992,0.84781494,0.93266602
26.84000015,0.85359131,0.92964355
26.85000038,0.85944336,0.92658203
26.86000061,0.86537109,0.92347656
26.87000084,0.87137207,0.92032959
26.87999916,0.85892578,0.92110107
26.88999939,0.82912598,0.93575928
26.89999962,0.83526123,0.95013672
26.90999985,0.84146973,0.96196045
26.92000008,0.84775146,0.95868896
26.93000031,0.85410645,0.95537598
26.94000053,0.86053467,0.95202148
26.95000076,0.86703369,0.94862305
26.95999908,0.87049805,0.94518311
26.96999931,0.84268066,0.94169922
26.97999954,0.83166504,0.93920654
26.98999977,0.83835693,0.95237061
27.00000000,0.84512207,0.96531494
27.01000023,0.85066162,0.97805420
27.02000046,0.82440186,0.97933105
27.03000069,0.81003906,0.97568604
27.04000092,0.81698486,0.97199707
27.04999924,0.82399902,0.96826660
27.05999947,0.83108398,0.96448975
27.06999969,0.83823975,0.96066895
27.07999992,0.84546387,0.95680176
27.09000015,0.85275635,0.95289307
27.10000038,0.84425537,0.94893555
27.11000061,0.82029297,0.94493408
27.12000084,0.81829834,0.94088867
27.12999916,0.82575439,0.93679443
27.13999939,0.83328125,0.93265625
27.14999962,0.83194824,0.93060303
27.15999985,0.80919189,0.94224121
27.17000008,0.79895996,0.95373535
27.18000031,0.80663818,0.96509033
27.19000053,0.81438232,0.96876953
27.20000076,0.82218994,0.96445801
27.20999908,0.83006104,0.96010010
27.21999931,0.83799805,0.95568848
27.22999954,0.84599854,0.95123291
27.23999977,0.83564209,0.94672363
27.25000000,0.81468018,0.94339111
27.26000023,0.81205566,0.95433105
27.27000046,0.82019043,0.96516357
27.28000069,0.82838867,0.97588623
27.29000092,0.82935791,0.98210693
27.29999924,0.80934326,0.97741699
27.30999947,0.79443359,0.97267090
27.31999969,0.80275146,0.96787354
27.32999992,0.81112793,0.96302734
27.34000015,0.81956299,0.95812500
27.35000038,0.80599121,0.95556396
27.36000061,0.78709473,0.96601074
27.37000084,0.78560059,0.97637451
27.37999916,0.79414063,0.98665527
27.38999939,0.80273682,0.99265625
27.39999962,0.81138916,0.98754883
27.40999985,0.82009521,0.98238525
27.42000008,0.82885254,0.97716797
27.43000031,0.83766357,0.97189209
27.44000053,0.82236816,0.96656250
27.45000076,0.80474609,0.96117432
27.45999908,0.80373535,0.95573242
27.46999931,0.81263428,0.95023193
27.47999954,0.82158203,0.94467773
27.48999977,0.82354980,0.93906738
27.50000000,0.80659668,0.93340088
27.51000023,0.78983154,0.94118164
27.52000046,0.79650635,0.95125977
27.53000069,0.80558594,0.96127686
27.54000092,0.81471191,0.97123779
27.54999924,0.80989990,0.96594727
27.55999947,0.79372559,0.96006104
27.56999969,0.78042725,0.95411865
27.57999992,0.78962891,0.94812012
27.59000015,0.79887695,0.94206543
27.60000038,0.80816650,0.94605469
27.61000061,0.79889648,0.95593506
27.62000084,0.78341553,0.96576904
27.62999916,0.77368164,0.97555176
27.63999939,0.78303955,0.97370361
27.64999962,0.79244141,0.96742920
27.65999985,0.80188477,0.96109619
27.67000008,0.79024170,0.95470947
27.68000031,0.77538086,0.94826904
27.69000053,0.76718018,0.95177979
27.70000076,0.77668457,0.96150146
27.70999908,0.78622803,0.97117676
27.71999931,0.79581055,0.98081543
27.72999954,0.78368408,0.97896484
27.73999977,0.76937500,0.97230225
27.75000000,0.76086182,0.96558350
27.76000023,0.77049805,0.95881348
27.77000046,0.78017334,0.95198730
27.78000069,0.78988525,0.94510986
27.79000092,0.77900146,0.93817627
27.79999924,0.76519043,0.93119385
27.80999947,0.75467285,0.92415283
27.81999969,0.76442871,0.91758789
27.82999992,0.77422363,0.92722900
27.84000015,0.78405273,0.93683594
27.85000038,0.77600342,0.94641113
27.86000061,0.76263672,0.95324707
27.87000084,0.74936523,0.94599365
27.87999916,0.75843506,0.93869141
27.88999939,0.76833740,0.93133545
27.89999962,0.77827148,0.92392578
27.90999985,0.77452881,0.92594727
27.92000008,0.76156494,0.93547852
27.93000031,0.74868652,0.94498291
27.94000053,0.75247314,0.95446045
27.95000076,0.76247070,0.95207520
27.95999908,0.77249512,0.94446289
27.96999931,0.77443359,0.93679688
27.97999954,0.76183105,0.92908203
27.98999977,0.74930908,0.92536133
28.00000000,0.74650146,0.93483398
28.01000023,0.75658447,0.94428223
28.02000046,0.76669434,0.95370850
28.03000069,0.77558594,0.95645020
28.04000092,0.76331299,0.94853516
28.04999924,0.75111572,0.94057373
28.05999947,0.74047852,0.93256348
28.06999969,0.75063721,0.92450684
28.07999992,0.76081787,0.91640625
28.09000015,0.77102539,0.90825928
28.10000038,0.76589844,0.90006348
28.11000061,0.75398926,0.89182617
28.12000084,0.74214111,0.89783447
28.12999916,0.73035889,0.90727783
28.13999939,0.71863525,0.91670410
28.14999962,0.70697266,0.92607910
28.15999985,0.70767334,0.91769775
28.17000008,0.71790771,0.90927490
28.18000031,0.72816162,0.90080811
28.19000053,0.73843750,0.89230225
28.20000076,0.74873291,0.89919922
28.20999908,0.75904541,0.90861328
28.21999931,0.76937988,0.91801758
28.22999954,0.76261475,0.92609131
28.23999977,0.75125732,0.91744873
28.25000000,0.73994873,0.90876709
28.26000023,0.74245361,0.90004395
28.27000046,0.75280518,0.89171387
28.28000069,0.76317383,0.90113037
28.29000092,0.76819824,0.91053711
28.29999924,0.75705322,0.91992920
28.30999947,0.74595459,0.92461670
28.31999969,0.73597656,0.91572754
28.32999992,0.74635742,0.90680176
28.34000015,0.75674805,0.89784180
28.35000038,0.76715576,0.89422363
28.36000061,0.76358887,0.90364014
28.37000084,0.75267334,0.91305176
28.37999916,0.74180176,0.92245117
28.38999939,0.73966797,0.92172852
28.39999962,0.75007568,0.91261230
28.40999985,0.76049316,0.90346191
28.42000008,0.77080078,0.89427734
28.43000031,0.76005615,0.88506104
28.44000053,0.74934814,0.87581055
28.45000076,0.73867188,0.86653076
28.45999908,0.74313965,0.85721924
28.46999931,0.75355957,0.86317383
28.47999954,0.76398926,0.87263916
28.48999977,0.76806396,0.88210205
28.50000000,0.75750732,0.88942383
28.51000023,0.74698242,0.88000488
28.52000046,0.73648682,0.87055420
28.53000069,0.74634521,0.86107422
28.54000092,0.75677002,0.85785889
28.54999924,0.76719727,0.86735107
28.55999947,0.77762939,0.87684326
28.56999969,0.78806885,0.88633789
28.57999992,0.79850830,0.89582764
28.59000015,0.80647949,0.90531982
28.60000038,0.79613525,0.91481201
28.61000061,0.78581787,0.92430908
28.62000084,0.77552490,0.91496094
28.62999916,0.78049316,0.90528320
28.63999939,0.79091064,0.89557617
28.64999962,0.80132568,0.88584961
28.65999985,0.80571289,0.87609375
28.67000008,0.79551270,0.86631592
28.68000031,0.78533691,0.85651367
28.69000053,0.77518311,0.85832275
28.70000076,0.78297363,0.86789795
28.70999908,0.79335693,0.87747803
28.71999931,0.80374023,0.88706055
28.72999954,0.80571533,0.89665283
28.73999977,0.79564697,0.90624512
28.75000000,0.78559814,0.91584961
28.76000023,0.77556641,0.91842773
28.77000046,0.78502930,0.90847412
28.78000069,0.79536865,0.89850342
28.79000092,0.80570068,0.88851318
28.79999924,0.80644287,0.89314453
28.80999947,0.79648682,0.90280273
28.81999969,0.78654541,0.91247314
28.82999992,0.77662109,0.91901123
28.84000015,0.78662109,0.90894287
28.85000038,0.79690186,0.89885498
28.86000061,0.80717529,0.88875488
28.87000084,0.80782227,0.89020752
28.87999916,0.79796387,0.89994385
28.88999939,0.78812012,0.90968750
28.89999962,0.77828857,0.91888184
28.90999985,0.78771484,0.90871094
28.92000008,0.79792480,0.89852539
28.93000031,0.80812500,0.88832520
28.94000053,0.80981689,0.88786133
28.95000076,0.80004150,0.89768311
28.95999908,0.79027832,0.90751709
28.96999931,0.78052490,0.91736572
28.97999954,0.78827393,0.90782715
28.98999977,0.79840088,0.89755615
29.00000000,0.80851807,0.88727539
29.01000023,0.81861816,0.88614014
29.02000046,0.82870605,0.89605957
29.03000069,0.83877686,0.90599121
29.04000092,0.84883301,0.91594482
29.04999924,0.84441162,0.92591309
29.05999947,0.83474854,0.93589844
29.06999969,0.82509033,0.94590332
29.07999992,0.81832031,0.94586426
29.09000015,0.82830566,0.93548584
29.10000038,0.83827393,0.92510010
29.11000061,0.84822266,0.91471191
29.12000084,0.84780762,0.90431641
29.12999916,0.83820068,0.89391846
29.13999939,0.82859375,0.88351807
29.14999962,0.81899170,0.88469971
29.15999985,0.82725342,0.89484863
29.17000008,0.83710449,0.90502197
29.18000031,0.84693359,0.91521729
29.19000053,0.85168945,0.92543457
29.20000076,0.84212158,0.93567871
29.20999908,0.83255859,0.94594482
29.21999931,0.82299072,0.95623779
29.22999954,0.82552002,0.96655518
29.23999977,0.83524414,0.97689941
29.25000000,0.84494629,0.97950928
29.26000023,0.85462646,0.96900635
29.27000046,0.84647705,0.95850830
29.28000069,0.83693848,0.94801025
29.29000092,0.82739746,0.95763428
29.29999924,0.82308594,0.96811035
29.30999947,0.83267578,0.97861816
29.31999969,0.84224121,0.97597656
29.32999992,0.85177734,0.96545654
29.34000015,0.85123535,0.95493896
29.35000038,0.84171143,0.94931641
29.36000061,0.83218262,0.95993652
29.37000084,0.82264648,0.97059082
29.37999916,0.82936523,0.98127441
29.38999939,0.83878174,0.97208984
29.39999962,0.84816895,0.96156494
29.40999985,0.85636230,0.95104980
29.42000008,0.84684326,0.95239746
29.43000031,0.83731689,0.96320801
29.44000053,0.82778076,0.97405518
29.45000076,0.82529785,0.97843750
29.45999908,0.83455566,0.96791504
29.46999931,0.84378418,0.95740479
29.47999954,0.85298340,0.94689941
29.48999977,0.85231445,0.95650635
29.50000000,0.84277832,0.96752686
29.51000023,0.83322998,0.97858643
29.52000046,0.82366943,0.98968994
29.53000069,0.81409912,1.00083252
29.54000092,0.80451660,1.01201904
29.54999924,0.79492188,1.01141846
29.55999947,0.78782227,1.00090332
29.56999969,0.79684326,0.99040039
29.57999992,0.80583008,0.98427246
29.59000015,0.81478271,0.99561279
29.60000038,0.82370361,1.00699951
29.61000061,0.83259277,1.01703613
29.62000084,0.84144287,1.00654785
29.62999916,0.85025879,0.99607666
29.63999939,0.85459961,0.98561768
29.64999962,0.84499512,0.99120605
29.65999985,0.83537354,1.00280762
29.67000008,0.82573242,1.01446045
29.68000031,0.82574951,1.01202881
29.69000053,0.83441895,1.00159668
29.70000076,0.84305176,0.99118164
29.70999908,0.85164795,0.98765869
29.71999931,0.85126709,0.99949219
29.72999954,0.84159424,1.01137939
29.73999977,0.83190186,1.01738770
29.75000000,0.82218750,1.00700684
29.76000023,0.82654541,0.99664551
29.77000046,0.83499023,0.98630859
29.78000069,0.84339355,0.99709229
29.79000092,0.85176025,1.00923096
29.79999924,0.84803955,1.02143066
29.80999947,0.83828125,1.03369141
29.81999969,0.82849609,1.04601318
29.82999992,0.81868408,1.05840088
29.84000015,0.82607178,1.04848145
29.85000038,0.83428223,1.03818359
29.86000061,0.84245361,1.02791260
29.87000084,0.85058594,1.03308105
29.87999916,0.84484131,1.04568359
29.88999939,0.83497314,1.05835693
29.89999962,0.82507324,1.05357666
29.90999985,0.81630371,1.04335693
29.92000008,0.82431641,1.03316650
29.93000031,0.83229004,1.02300293
29.94000053,0.84022217,1.01286621
29.95000076,0.84811523,1.00276123
29.95999908,0.85596436,0.99592041
29.96999931,0.86377686,1.00892090
29.97999954,0.87154785,1.02199463
29.98999977,0.87927979,1.03514648
30.00000000,0.87845459,1.04837402
30.01000023,0.86844482,1.06167969
30.02000046,0.85839844,1.06392822
30.03000069,0.84832031,1.05390137
30.04000092,0.83820068,1.04390625
30.04999924,0.82804688,1.03794189
30.05999947,0.81785400,1.05150879
30.06999969,0.80940186,1.06516357
30.07999992,0.81692871,1.06929932
30.09000015,0.82441650,1.05938477
30.10000038,0.83186279,1.04950439
30.11000061,0.83926758,1.03965820
30.12000084,0.84663086,1.02984619
30.12999916,0.85395020,1.02007080
30.13999939,0.86123047,1.01032715
30.14999962,0.86847168,1.01904785
30.15999985,0.87235352,1.03318604
30.17000008,0.86199219,1.04559814
30.18000031,0.85158447,1.03591797
30.19000053,0.84112793,1.02627197
30.20000076,0.84001709,1.01666260
30.20999908,0.84708984,1.02505859
30.21999931,0.85412109,1.03959717
30.22999954,0.86111572,1.05423584
30.23999977,0.86806396,1.06897705
30.25000000,0.85826904,1.08381348
30.26000023,0.84763672,1.09875488
30.27000046,0.83694824,1.11379883
30.28000069,0.83211426,1.12895020
30.29000092,0.83894287,1.12165039
30.29999924,0.84572510,1.11217285
30.30999947,0.85247070,1.10273193
30.31999969,0.85917236,1.10841309
30.32999992,0.85406738,1.12392090
30.34000015,0.84317627,1.13954102
30.35000038,0.83222412,1.15527344
30.36000061,0.82292725,1.17112305
30.37000084,0.82950928,1.17205322
30.37999916,0.83604736,1.16273193
30.38999939,0.84254639,1.15344971
30.39999962,0.84900146,1.15186279
30.40999985,0.84924561,1.16809814
30.42000008,0.83805664,1.18446289
30.43000031,0.82680420,1.17877930
30.44000053,0.81548096,1.16962402
30.45000076,0.81881592,1.16051270
30.45999908,0.82510986,1.16601563
30.46999931,0.83136719,1.18278809
30.47999954,0.83758057,1.19504150
30.48999977,0.84366943,1.18602295
30.50000000,0.83215088,1.17704834
30.51000023,0.82055908,1.16811768
30.52000046,0.80889160,1.15923096
30.53000069,0.79714844,1.15039307
30.54000092,0.78532959,1.14159912
30.54999924,0.77343262,1.14723389
30.55999947,0.76402100,1.16474609
30.56999969,0.77004395,1.17631104
30.57999992,0.77602295,1.16761475
30.59000015,0.78196289,1.15896729
30.60000038,0.78786377,1.15036133
30.61000061,0.78915527,1.14180176
30.62000084,0.77693115,1.13329102
30.62999916,0.76462646,1.12482910
30.63999939,0.75222900,1.11640869
30.64999962,0.75662354,1.10803467
30.65999985,0.76237061,1.09970947
30.67000008,0.76807861,1.09565918
30.68000031,0.77374756,1.11415039
30.69000053,0.77937744,1.13279297
30.70000076,0.76726563,1.12661377
30.70999908,0.75450684,1.11843994
30.71999931,0.74164551,1.11031250
30.72999954,0.74200928,1.10223389
30.73999977,0.74752686,1.09420166
30.75000000,0.75300537,1.08621582
30.76000023,0.75844482,1.07827881
30.77000046,0.76384766,1.07038574
30.78000069,0.75616943,1.06254395
30.79000092,0.74290283,1.05474365
30.79999924,0.72953125,1.06547363
30.80999947,0.72622559,1.08519775
30.81999969,0.73151611,1.09040283
30.82999992,0.73677002,1.08271729
30.84000015,0.74198730,1.07507324
30.85000038,0.74716797,1.06747803
30.86000061,0.75230957,1.05993164
30.87000084,0.75741699,1.05242920
30.87999916,0.76248535,1.04497314
30.88999939,0.76751709,1.05444336
30.89999962,0.77251221,1.07512451
30.90999985,0.77145508,1.08096680
30.92000008,0.75740234,1.07362305
30.93000031,0.74322754,1.06632568
30.94000053,0.73428467,1.05907471
30.95000076,0.73917480,1.05187012
30.95999908,0.74402832,1.04471191
30.96999931,0.74884766,1.03760010
30.97999954,0.75363281,1.03053467
30.98999977,0.81586426,1.02351563
31.00000000,0.82050293,1.01654053
31.01000023,0.82510986,1.00961182
31.02000046,0.81498779,1.03145752
31.03000069,0.80031494,1.05308105
31.04000092,0.78550293,1.04621582
31.04999924,0.78614502,1.03939941
31.05999947,0.79065186,1.03262695
31.06999969,0.79512451,1.02590088
31.07999992,0.79956299,1.01921631
31.09000015,0.80396973,1.01258057
31.10000038,0.80834229,1.00598633
31.11000061,0.81268066,0.99944092
31.12000084,0.81698730,0.99293701
31.12999916,0.82125977,0.98647949
31.13999939,0.82550293,0.98901123
31.14999962,0.82971191,1.01260986
31.15999985,0.81408203,1.02365479
31.17000008,0.79827393,1.01730469
31.18000031,0.78599365,1.01099854
31.19000053,0.79014160,1.00473633
31.20000076,0.79425781,0.99851563
31.20999908,0.79834229,0.99234131
31.21999931,0.80239502,0.98620850
31.22999954,0.80641846,0.98011719
31.23999977,0.81041260,0.97406982
31.25000000,0.81437256,0.96806396
31.26000023,0.81830322,0.96210205
31.27000046,0.82220459,0.97254639
31.28000069,0.82607666,0.99801270
31.29000092,0.82673096,0.99991211
31.29999924,0.80978027,0.99405762
31.30999947,0.79264648,0.98824219
31.31999969,0.78599365,0.98246826
31.32999992,0.78977539,0.97673584
31.34000015,0.79353027,0.97104492
31.35000038,0.79725586,0.96539307
31.36000061,0.80094971,0.97281738
31.37000084,0.80461914,0.99978271
31.37999916,0.80825684,1.00359131
31.38999939,0.81186768,0.99804443
31.39999962,0.81544922,0.99253418
31.40999985,0.81900391,0.98706543
31.42000008,0.82253174,0.98163574
31.43000031,0.82013428,0.97624756
31.44000053,0.80166504,0.97090088
31.45000076,0.78297607,0.96559082
31.45999908,0.78191162,0.96032227
31.46999931,0.78535645,0.95509033
31.47999954,0.78877441,0.94989502
31.48999977,0.79216553,0.96434326
31.50000000,0.79552979,0.99371338
31.51000023,0.79886963,0.98871094
31.52000046,0.80218262,0.98361328
31.53000069,0.80546875,0.97855225
31.54000092,0.80872559,0.97353271
31.54999924,0.81195801,0.96854980
31.55999947,0.81516602,0.96360352
31.56999969,0.81834717,0.95869385
31.57999992,0.82150391,0.97187744
31.59000015,0.82463867,1.00272705
31.60000038,0.82774658,0.99787354
31.61000061,0.83083252,0.99305420
31.62000084,0.83389160,0.98827148
31.62999916,0.82380859,0.98353027
31.63999939,0.80279785,0.97882080
31.64999962,0.78947021,0.97414795
31.65999985,0.79248047,0.96950928
31.67000008,0.79546631,0.96490479
31.68000031,0.79843018,0.96033691
31.69000053,0.80136963,0.95580322
31.70000076,0.80428467,0.95130127
31.70999908,0.79488770,0.97375732
31.71999931,0.77246094,0.99551514
31.72999954,0.75982178,0.99107178
31.73999977,0.76268799,0.98666260
31.75000000,0.76552979,0.98228760
31.76000023,0.76835205,0.97794434
31.77000046,0.77114746,0.97363525
31.78000069,0.77392090,0.96936035
31.79000092,0.77666748,0.96512451
31.79999924,0.77938965,0.96091797
31.80999947,0.78209229,0.95674316
31.81999969,0.78477051,0.95260254
31.82999992,0.78742676,0.94849609
31.84000015,0.79006104,0.98371582
31.85000038,0.77559570,0.99289307
31.86000061,0.75048584,0.98884277
31.87000084,0.74539063,0.98482422
31.87999916,0.74797363,0.98083984
31.88999939,0.75053711,0.97688721
31.89999962,0.75307373,0.97296631
31.90999985,0.75559082,0.96907715
31.92000008,0.75808350,0.96521973
31.93000031,0.73740723,0.96139893
31.94000053,0.71085693,0.95760742
31.95000076,0.71332031,0.95385010
31.95999908,0.71576172,0.96165039
31.96999931,0.71818115,0.99844727
31.97999954,0.72057861,0.99474365
31.98999977,0.72295166,0.99107422
32.00000000,0.72530029,0.98743896
32.00999832,0.72762451,0.98383545
32.02000046,0.72992920,0.98026123
32.02999878,0.73221191,0.97672119
32.04000092,0.73447266,0.97321045
32.04999924,0.73670898,0.96973389
32.06000137,0.73892090,0.96628906
32.06999969,0.74111084,0.96287842
32.08000183,0.74327881,0.95949707
32.09000015,0.74542236,0.99397217
32.09999847,0.74754639,1.00436035
32.11000061,0.74964600,1.00104004
32.11999893,0.75172363,0.99775146
32.13000107,0.75377686,0.99449707
32.13999939,0.75580811,0.99127441
32.15000153,0.75781738,0.98808350
32.15999985,0.75980469,0.98492676
32.16999817,0.76176758,0.99183350
32.18000031,0.76371094,1.02995361
32.18999863,0.74025879,1.02686035
32.20000076,0.71634277,1.02380127
32.20999908,0.71824951,1.02077393
32.22000122,0.72013428,1.01777832
32.22999954,0.72199463,1.01481689
32.24000168,0.72383301,1.01188721
32.25000000,0.72565186,1.00899170
32.25999832,0.72744141,1.00613281
32.27000046,0.72920898,1.00330566
32.27999878,0.73095459,1.00051270
32.29000092,0.73267822,0.99775391
32.29999924,0.73438232,0.99502686
32.31000137,0.73605957,0.99233154
32.31999969,0.73771729,0.98967529
32.33000183,0.73934814,1.01242676
32.34000015,0.74095703,1.03521484
32.34999847,0.74254395,1.03263428
32.36000061,0.74410889,1.03008789
32.36999893,0.74564941,1.02757568
32.38000107,0.74717041,1.02510010
32.38999939,0.74866943,1.02266113
32.40000153,0.75014160,1.02025879
32.40999985,0.75158936,1.04672852
32.41999817,0.75301758,1.06609863
32.43000031,0.75442383,1.06378174
32.43999863,0.75580566,1.06150146
32.45000076,0.75716797,1.05926025
32.45999908,0.73350830,1.05705566
32.47000122,0.70941406,1.05489502
32.47999954,0.71072998,1.05277344
32.49000168,0.71202393,1.05068848
32.50000000,0.71329590,1.04864502
32.50999832,0.71454346,1.04664063
32.52000046,0.71577393,1.04467773
32.52999878,0.71697754,1.09303223
32.54000092,0.71815918,1.09113281
32.54999924,0.71931641,1.08927734
32.56000137,0.72045410,1.08746582
32.56999969,0.72156738,1.08569580
32.58000183,0.72266113,1.08397217
32.59000015,0.72373291,1.08229004
32.59999847,0.72478271,1.08065674
32.61000061,0.72581299,1.07906738
32.61999893,0.72681885,1.07752441
32.63000107,0.72780273,1.11033691
32.63999939,0.72876465,1.12468262
32.65000153,0.72970703,1.12327393
32.65999985,0.73062988,1.12191650
32.66999817,0.73153076,1.12061035
32.68000031,0.73241211,1.11935303
32.68999863,0.73327393,1.11814941
32.70000076,0.73411621,1.11699951
32.70999908,0.73493408,1.11590820
32.72000122,0.73573242,1.11487305
32.72999954,0.73651123,1.11389404
32.74000168,0.73727295,1.11297119
32.75000000,0.70667725,1.11210938
32.75999832,0.68873535,1.11130371
32.77000046,0.68944336,1.16055908
32.77999878,0.69012939,1.15987549
32.79000092,0.69079834,1.15925537
32.79999924,0.69144287,1.15870605
32.81000137,0.69207031,1.15822266
32.81999969,0.69267822,1.15780762
32.83000183,0.69326660,1.20748047
32.84000015,0.69384033,1.20721436
32.84999847,0.69439209,1.20701904
32.86000061,0.69492920,1.20689941
32.86999893,0.69544922,1.20685547
32.88000107,0.69594971,1.20688965
32.88999939,0.69643555,1.20700195
32.90000153,0.69690186,1.20719727
32.90999985,0.72489502,1.20747559
32.91999817,0.74793213,1.20784180
32.93000031,0.74836914,1.20829346
32.93999863,0.74879395,1.20883301
32.95000076,0.74920410,1.25968506
32.95999908,0.74959961,1.26043457
32.97000122,0.74998291,1.26127686
32.97999954,0.75035156,1.26221924
32.99000168,0.75070801,1.26326172
33.00000000,0.75104980,1.26440186
33.00999832,0.75137695,1.26564453
33.02000046,0.75169434,1.26699463
33.02999878,0.75199707,1.31896240
33.04000092,0.75228516,1.32057617
33.04999924,0.75256348,1.32230225
33.06000137,0.75282715,1.32414307
33.06999969,0.75307373,1.32610596
33.08000183,0.75330566,1.32818848
33.09000015,0.75352783,1.33039307
33.09999847,0.76006592,1.33272705
33.11000061,0.78631104,1.33518555
33.11999893,0.81068115,1.33777588
33.13000107,0.83335205,1.34049805
33.13999939,0.85447266,1.34335693
33.15000153,0.85704590,1.34635254
33.15999985,0.85732666,1.40081055
33.16999817,0.85760010,1.40417480
33.18000031,0.85786377,1.40769043
33.18999863,0.85812012,1.41135742
33.20000076,0.85836426,1.41518311
33.20999908,0.85859863,1.41916504
33.22000122,0.85882568,1.42331299
33.22999954,0.85904297,1.42762451
33.24000168,0.85924805,1.43210938
33.25000000,0.85944336,1.43676514
33.25999832,0.85962646,1.44159668
33.27000046,0.86651855,1.44661133
33.27999878,0.87901123,1.45181152
33.29000092,0.89085938,1.45719971
33.29999924,0.90210205,1.46278076
33.31000137,0.91279297,1.46855957
33.31999969,0.92294434,1.47453613
33.33000183,0.93260742,1.48072266
33.34000015,0.94180664,1.48711426
33.34999847,0.95056641,1.49372070
33.36000061,0.95890625,1.50055176
33.36999893,0.96685547,1.50760498
33.38000107,0.96871826,1.51489014
33.38999939,0.96904053,1.48957031
33.40000153,0.96934570,1.47583252
33.40999985,0.96963867,1.48365723
33.41999817,0.96992188,1.49173096
33.43000031,0.97019043,1.50005859
33.43999863,0.97044189,1.48761230
33.45000076,0.97067871,1.46219971
33.45999908,0.97089844,1.47110840
33.47000122,0.97110107,1.46453857
33.47999954,0.97128174,1.43381592
33.49000168,0.97144287,1.44333740
33.50000000,0.97158447,1.44429199
33.50999832,0.97170166,1.40262451
33.52000046,0.97179443,1.36226807
33.52999878,0.97185547,1.37008545
33.54000092,0.97188721,1.38059326
33.54999924,0.97188721,1.34920166
33.56000137,0.97185547,1.34462158
33.56999969,0.97179443,1.35579346
33.58000183,0.97609375,1.33821045
33.59000015,0.98040771,1.32034912
33.59999847,0.98456299,1.33221191
33.61000061,0.98856445,1.32922852
33.61999893,0.99240967,1.29729248
33.63000107,0.99610840,1.30989746
33.63999939,0.99966553,1.32218750
33.65000153,1.00308838,1.29084717
33.65999985,1.00637939,1.26041748
33.66999817,1.00955078,1.24120117
33.68000031,1.01259521,1.25495850
33.68999863,1.01552490,1.25845459
33.70000076,1.01832520,1.23041016
33.70999908,1.02101807,1.23571777
33.72000122,1.02360107,1.25070068
33.72999954,1.02608154,1.23158203
33.74000168,1.02845703,1.21777344
33.75000000,1.03072754,1.23361084
33.75999832,1.03289307,1.23433838
33.77000046,1.03495361,1.20981445
33.77999878,1.03691895,1.21790527
33.79000092,1.03879150,1.23512695
33.79999924,1.04057373,1.21546143
33.81000137,1.04226807,1.19284912
33.81999969,1.04386719,1.17087402
33.83000183,1.04537354,1.17195313
33.84000015,1.04678955,1.19062256
33.84999847,1.04812500,1.18044434
33.86000061,1.04937744,1.16019775
33.86999893,1.05054932,1.14052246
33.88000107,1.05163818,1.12796143
33.88999939,1.05262939,1.14815918
33.90000153,1.05354492,1.15372803
33.90999985,1.05438721,1.13564209
33.91999817,1.05514893,1.11806641
33.93000031,1.05584473,1.10097656
33.93999863,1.05646240,1.08437988
33.95000076,1.05699951,1.06825684
33.95999908,1.05746582,1.07606445
33.97000122,1.05787354,1.09895996
33.97999954,1.05821777,1.08762207
33.99000168,1.05850342,1.07280762
34.00000000,1.05873779,1.05841797
34.00999832,1.05891602,1.04443359
34.02000046,1.05903564,1.03084717
34.02999878,1.05910645,1.01765625
34.04000092,1.05913330,1.02823975
34.04999924,1.05911865,1.05396240
34.06000137,1.05906250,1.04206055
34.06999969,1.05897217,1.02993896
34.08000183,1.05884277,1.01815430
34.09000015,1.05868408,1.00670654
34.09999847,1.05848389,1.01562012
34.11000061,1.05825684,1.04386475
34.11999893,1.05800049,1.03406006
34.13000107,1.05771484,1.02354980
34.13999939,1.05740967,1.01334229
34.15000153,1.05708496,1.00341797
34.15999985,1.05673828,0.99377930
34.16999817,1.05637451,0.98441162
34.18000031,1.05599121,0.97530762
34.18999863,1.05559326,1.00164551
34.20000076,1.05518555,1.01538818
34.20999908,1.05476318,1.00679688
34.22000122,1.05432373,0.99844727
34.22999954,1.05387451,0.99034424
34.24000168,1.05341553,0.98246826
34.25000000,1.05295166,0.97482178
34.25999832,1.05248047,0.96739502
34.27000046,1.05200439,0.96018066
34.27999878,1.05152100,0.99140381
34.29000092,1.04738770,1.00186279
34.29999924,1.04152100,0.99506592
34.31000137,1.03539063,0.98846680
34.31999969,1.02899414,0.98206299
34.33000183,1.02230957,0.97584473
34.34000015,1.01533203,0.96981445
34.34999847,1.00803955,0.96396484
34.36000061,1.00040527,0.95828857
34.36999893,0.99305420,0.95278564
34.38000107,0.99272461,0.94744629
34.38999939,0.99239258,0.94227295
34.40000153,0.99206055,0.97850098
34.40999985,0.99172607,0.98584473
34.41999817,0.99139160,0.98099854
34.43000031,0.99105957,0.97629639
34.43999863,0.99072510,0.97175049
34.45000076,0.99039063,0.96734375
34.45999908,0.99005615,0.96308105
34.47000122,0.98972412,0.95895508
34.47999954,0.98938965,0.95496826
34.49000168,0.98906250,0.96401855
34.50000000,0.98873047,0.99970703
34.50999832,0.98840332,0.99599854
34.52000046,0.98807861,0.99241211
34.52999878,0.98775635,0.98895508
34.54000092,0.98743408,0.98561523
34.54999924,0.98711670,0.98239502
34.56000137,0.98679932,0.97928955
34.56999969,0.98648193,0.97630127
34.58000183,0.98616943,0.97342285
34.59000015,0.98585938,1.00351807
34.59999847,0.98554932,1.01939209
34.61000061,0.98524170,1.01675537
34.61999893,0.98493652,1.01422363
34.63000107,0.98463135,1.01179688
34.63999939,0.98432617,1.00947021
34.65000153,0.98402344,1.00724121
34.65999985,0.98372314,1.00510986
34.66999817,0.98342285,1.00307129
34.68000031,0.98312744,1.00112061
34.68999863,0.98282959,1.05008545
34.70000076,0.98253174,1.04826660
34.70999908,0.98223633,1.04653564
34.72000122,0.98194092,1.04489014
34.72999954,0.98164551,1.04333008
34.74000168,0.98135010,1.04185303
34.75000000,0.98105469,1.04045898
34.75999832,0.98075928,1.03914551
34.77000046,0.97425781,1.03791260
34.77999878,0.93746338,1.03675781
34.79000092,0.92946777,1.03567627
34.79999924,0.92919434,1.03467285
34.81000137,0.92891846,1.03374023
34.81999969,0.92863770,1.08317627
34.83000183,0.92835449,1.08235596
34.84000015,0.92806641,1.08160400
34.84999847,0.92777100,1.08092529
34.86000061,0.92747070,1.08031006
34.86999893,0.92716797,1.07976074
34.88000107,0.92685791,1.07927490
34.88999939,0.92653564,1.07885986
34.90000153,0.92620850,1.07850342
34.90999985,0.92587402,1.07820801
34.91999817,0.92553223,1.07797119
34.93000031,0.92518311,1.07779297
34.93999863,0.92482422,1.07766846
34.95000076,0.92445801,1.07760498
34.95999908,0.92408203,1.12763428
34.97000122,0.92369873,1.12766602
34.97999954,0.92330322,1.12775391
34.99000168,0.92289795,1.12789307
35.00000000,0.92248291,1.12808350
35.00999832,0.92205322,1.12832764
35.02000046,0.92161377,1.12861816
35.02999878,0.92116455,1.12895752
35.04000092,0.92070313,1.12934326
35.04999924,0.92022949,1.12977539
35.06000137,0.91974365,1.18025391
35.06999969,0.91924805,1.18077637
35.08000183,0.91873779,1.18134521
35.09000015,0.91821045,1.18196045
35.09999847,0.91767334,1.18261963
35.11000061,0.91712158,1.18331787
35.11999893,0.91656006,1.18405762
35.13000107,0.91598145,1.18484131
35.13999939,0.91539063,1.18566162
35.15000153,0.91478760,1.18652344
35.15999985,0.91416748,1.18742432
35.16999817,0.91353516,1.18836426
35.18000031,0.91288574,1.18934326
35.18999863,0.91222412,1.19036133
35.20000076,0.91154785,1.24148438
35.20999908,0.91085693,1.24258301
35.22000122,0.91015137,1.24372070
35.22999954,0.90943115,1.24489258
35.24000168,0.90869629,1.24609863
35.25000000,0.90794678,1.24734131
35.25999832,0.90718262,1.24861816
35.27000046,0.90640381,1.24992920
35.27999878,0.90560791,1.25127686
35.29000092,0.90479736,1.25265625
35.29999924,0.90396973,1.25407227
35.31000137,0.90312988,1.25551758
35.31999969,0.90227783,1.25699463
35.33000183,0.90140625,1.25850830
35.34000015,0.85027832,1.31029297
35.34999847,0.84936279,1.31188477
35.36000061,0.84843262,1.31350586
35.36999893,0.84748291,1.31516357
35.38000107,0.84652100,1.31685059
35.38999939,0.84554199,1.31856934
35.40000153,0.84454590,1.32031982
35.40999985,0.84353516,1.32210205
35.41999817,0.84250732,1.32391357
35.43000031,0.84146484,1.32575928
35.43999863,0.84040283,1.32763916
35.45000076,0.83932617,1.32954590
35.45999908,0.83823486,1.33148193
35.47000122,0.83711914,1.38393799
35.47999954,0.83598877,1.38596436
35.49000168,0.83484131,1.38802246
35.50000000,0.83367676,1.39011230
35.50999832,0.83249512,1.39223389
35.52000046,0.83129150,1.39438965
35.52999878,0.83007568,1.39657715
35.54000092,0.82883545,1.39879639
35.54999924,0.82758301,1.40104980
35.56000137,0.82630859,1.40333496
35.56999969,0.82501953,1.40565186
35.58000183,0.82370850,1.40800293
35.59000015,0.82237793,1.41039063
35.59999847,0.82103027,1.41280762
35.61000061,0.81966064,1.41526123
35.61999893,0.81827393,1.41774902
35.63000107,0.81686768,1.42026855
35.63999939,0.81544189,1.42281982
35.65000153,0.81399414,1.42541016
35.65999985,0.81253174,1.42803223
35.66999817,0.81104980,1.43068359
35.68000031,0.80954590,1.43337646
35.68999863,0.80802246,1.43610107
35.70000076,0.80647949,1.43885986
35.70999908,0.80491455,1.44165771
35.72000122,0.80333008,1.49557617
35.72999954,0.80172607,1.49847168
35.74000168,0.80010010,1.50140381
35.75000000,0.79845459,1.50437256
35.75999832,0.79678955,1.50737793
35.77000046,0.79510254,1.51041992
35.77999878,0.79339600,1.51349609
35.79000092,0.79166504,1.51661377
35.79999924,0.78991699,1.51976563
35.81000137,0.78814697,1.52295410
35.81999969,0.78635742,1.52617920
35.83000183,0.78454590,1.52944580
35.84000015,0.78271240,1.53275146
35.84999847,0.78085693,1.53609375
35.86000061,0.77897949,1.53947754
35.86999893,0.77707764,1.54290283
35.88000107,0.77515625,1.54636475
35.88999939,0.77321533,1.54986572
35.90000153,0.77124756,1.55340820
35.90999985,0.76926025,1.55698975
35.91999817,0.76725342,1.52937012
35.93000031,0.76522217,1.51250732
35.93999863,0.76316650,1.51617676
35.95000076,0.76108887,1.51988770
35.95999908,0.75899414,1.52363525
35.97000122,0.76582275,1.52742920
35.97999954,0.79420898,1.53126221
35.99000168,0.80455322,1.53513916
36.00000000,0.80240479,1.53905762
36.00999832,0.80023193,1.54302002
36.02000046,0.79803467,1.54702637
36.02999878,0.79581543,1.53335205
36.04000092,0.79357422,1.50297363
36.04999924,0.79130859,1.50707031
36.06000137,0.78901855,1.51121338
36.06999969,0.78670898,1.51539795
36.08000183,0.78437256,1.51963135
36.09000015,0.78201416,1.52390625
36.09999847,0.77962891,1.52822754
36.11000061,0.78990234,1.50756104
36.11999893,0.81446289,1.48447021
36.13000107,0.82492432,1.48888916
36.13999939,0.82249512,1.49335205
36.15000153,0.82003906,1.49631592
36.15999985,0.81755859,1.45429688
36.16999817,0.81505615,1.45425049
36.18000031,0.81252930,1.45885742
36.18999863,0.82095703,1.46351318
36.20000076,0.84351318,1.46822021
36.20999908,0.85777344,1.47297119
36.22000122,0.85519775,1.47777588
36.22999954,0.85260010,1.47663330
36.24000168,0.84997803,1.43739990
36.25000000,0.84732910,1.43930908
36.25999832,0.84465820,1.44426025
36.27000046,0.84642822,1.44926514
36.27999878,0.86719971,1.43006348
36.29000092,0.88763428,1.40603760
36.29999924,0.88717285,1.41114258
36.31000137,0.88443359,1.41630127
36.31999969,0.88167236,1.42151123
36.33000183,0.87887939,1.38716064
36.34000015,0.87606445,1.37842041
36.34999847,0.87322510,1.38373535
36.36000061,0.88616943,1.38910889
36.36999893,0.90505859,1.38215820
36.38000107,0.91847168,1.34757813
36.38999939,0.91559082,1.35156738
36.40000153,0.91268555,1.35709961
36.40999985,0.90975586,1.36268555
36.41999817,0.90680176,1.34412842
36.43000031,0.90381836,1.31105713
36.43999863,0.90098145,1.27846191
36.45000076,0.91848877,1.27687012
36.45999908,0.93571777,1.28260986
36.47000122,0.94612793,1.28840820
36.47999954,0.94308105,1.27734619
36.49000168,0.94000977,1.24611572
36.50000000,0.93691162,1.25144531
36.50999832,0.93378906,1.25740723
36.52000046,0.93063965,1.26342773
36.52999878,0.92842285,1.24625977
36.54000092,0.94445068,1.22065430
36.54999924,0.96023193,1.22678467
36.56000137,0.97578613,1.23297607
36.56999969,0.99110840,1.23922607
36.58000183,1.00620605,1.21758789
36.59000015,1.01856689,1.19653809
36.59999847,1.01535156,1.20289795
36.61000061,1.01210693,1.20932129
36.61999893,1.00883789,1.21580566
36.63000107,1.00553955,1.19123779
36.63999939,1.00221191,1.16367188
36.65000153,0.99885498,1.13645020
36.65999985,1.00785889,1.10959229
36.66999817,1.02174805,1.08307617
36.68000031,1.03545166,1.05689209
36.68999863,1.04894775,1.03821289
36.70000076,1.06225830,1.04487549
36.70999908,1.07537842,1.05160156
36.72000122,1.08751221,1.05839600
36.72999954,1.08410400,1.03788086
36.74000168,1.08066895,1.01552734
36.75000000,1.07720459,1.02242432
36.75999832,1.07371338,1.02938965
36.77000046,1.07018799,1.03642578
36.77999878,1.06663818,1.04352539
36.79000092,1.07059814,1.05069580
36.79999924,1.08273926,1.05793457
36.81000137,1.09471924,1.05196045
36.81999969,1.10653076,1.02835938
36.83000183,1.11818848,1.02254883
36.84000015,1.12968994,1.02996582
36.84999847,1.14103271,1.03745605
36.86000061,1.15223389,1.04502197
36.86999893,1.14914551,1.05265625
36.88000107,1.14548828,1.06036621
36.88999939,1.14179932,1.06677734
36.90000153,1.13807617,1.04434082
36.90999985,1.13432373,1.02217773
36.91999817,1.13053955,1.00027832
36.93000031,1.12672119,0.97863281
36.93999863,1.12286865,0.95725586
36.95000076,1.11898193,0.93995605
36.95999908,1.11506104,0.94792725
36.97000122,1.11110596,0.95597656
36.97999954,1.10711426,0.96410156
36.99000168,1.10308594,0.94707031
37.00000000,1.10938721,0.92669434
37.00999832,1.11951172,0.92940430
37.02000046,1.12951416,0.93772217
37.02999878,1.13939209,0.94611328
37.04000092,1.14231689,0.93829590
37.04999924,1.13819336,0.91864502
37.06000137,1.13403076,0.91160889
37.06999969,1.12983398,0.92019287
37.08000183,1.12559570,0.92886719
37.09000015,1.12132324,0.93761475
37.09999847,1.11700439,0.94644531
37.11000061,1.11264893,0.95536377
37.11999893,1.10825684,0.96436279
37.13000107,1.10382080,0.97345215
37.13999939,1.09934326,0.98262207
37.15000153,1.09482422,0.99188232
37.15999985,1.09026123,1.00122803
37.16999817,1.08565430,1.01066406
37.18000031,1.08100586,1.02019043
37.18999863,1.07631348,1.02980469
37.20000076,1.07157471,1.03950928
37.20999908,1.06679199,1.04930420
37.22000122,1.06196045,1.12158447
37.22999954,1.06427246,1.13171631
37.24000168,1.07304932,1.14194580
37.25000000,1.08172607,1.15226807
37.25999832,1.09030273,1.16268555
37.27000046,1.09879395,1.17320801
37.27999878,1.09530762,1.18382324
37.29000092,1.09030029,1.19454590
37.29999924,1.08524658,1.20536133
37.31000137,1.08014160,1.21628174
37.31999969,1.07498779,1.22730469
37.33000183,1.06977783,1.23843262
37.34000015,1.06452148,1.24966064
37.34999847,1.05921143,1.26099609
37.36000061,1.05384766,1.27244141
37.36999893,1.04843262,1.28398682
37.38000107,1.04296143,1.29564697
37.38999939,1.03743896,1.30740723
37.40000153,1.03185547,1.31928955
37.40999985,1.02622070,1.33127197
37.41999817,1.02052734,1.34336914
37.43000031,1.01477539,1.35558350
37.43999863,1.00896729,1.36790771
37.45000076,1.00309814,1.35652832
37.45999908,0.99717285,1.34010986
37.47000122,0.99118408,1.33899902
37.47999954,0.98513428,1.35160156
37.49000168,0.97902344,1.36432373
37.50000000,0.97285400,1.35101807
37.50999832,0.96661621,1.33517090
37.52000046,0.96031250,1.33567383
37.52999878,0.95394531,1.34867920
37.54000092,0.94750977,1.36180664
37.54999924,0.94101318,1.37505371
37.56000137,0.94280273,1.38842773
37.56999969,0.95026855,1.46281494
37.58000183,0.95766357,1.44733643
37.59000015,0.96498535,1.43202148
37.59999847,0.97223633,1.44315918
37.61000061,0.96992188,1.45716797
37.61999893,0.96314941,1.47129639
37.63000107,0.95629883,1.48555908
37.63999939,0.94937988,1.49994873
37.65000153,0.94238525,1.51447754
37.65999985,0.93531982,1.52913330
37.66999817,0.92817871,1.52735596
37.68000031,0.92095703,1.51272217
37.68999863,0.91366699,1.50285156
37.70000076,0.90629395,1.51783691
37.70999908,0.90773193,1.53295166
37.72000122,0.91462402,1.52538330
37.72999954,0.92145264,1.51127197
37.74000168,0.92822021,1.50692871
37.75000000,0.93492188,1.52236816
37.75999832,0.93308105,1.53794922
37.77000046,0.92538330,1.52490234
37.77999878,0.91760742,1.51128662
37.79000092,0.90974854,1.49779785
37.79999924,0.90180420,1.48444580
37.81000137,0.89377930,1.47122070
37.81999969,0.88566650,1.45812988
37.83000183,0.87747070,1.44516602
37.84000015,0.86918945,1.43233154
37.84999847,0.86440674,1.41962402
37.86000061,0.87085205,1.40703125
37.86999893,0.87723877,1.41739502
37.88000107,0.88357666,1.43371826
37.88999939,0.88985352,1.43646729
37.90000153,0.89378906,1.42418213
37.90999985,0.88514160,1.41201904
37.91999817,0.87640137,1.39997559
37.93000031,0.86756836,1.38803955
37.93999863,0.85864502,1.37622559
37.95000076,0.86100830,1.36451660
37.95999908,0.86709473,1.35292480
37.97000122,0.87313721,1.35318848
37.97999954,0.87913330,1.37018066
37.99000168,0.88507813,1.38360107
38.00000000,0.88194824,1.37228271
38.00999832,0.87263428,1.36107178
38.02000046,0.86321777,1.34995850
38.02999878,0.85370850,1.33895508
38.04000092,0.84409424,1.32805176
38.04999924,0.83438232,1.31725098
38.06000137,0.82456055,1.30654297
38.06999969,0.81464111,1.29593750
38.08000183,0.80957520,1.30508301
38.09000015,0.81535889,1.32288818
38.09999847,0.82110352,1.32790283
38.11000061,0.82680176,1.31754150
38.11999893,0.83245605,1.30727539
38.13000107,0.83554932,1.29709717
38.13999939,0.82519043,1.28701416
38.15000153,0.81471680,1.27702148
38.15999985,0.80413818,1.26711670
38.16999817,0.79785400,1.25730225
38.18000031,0.80339844,1.24757324
38.18999863,0.80890137,1.25615234
38.20000076,0.81436523,1.27476807
38.20999908,0.81979004,1.28068359
38.22000122,0.82376709,1.27117188
38.22999954,0.81271973,1.26174805
38.24000168,0.80155273,1.25240234
38.25000000,0.79027344,1.24314209
38.25999832,0.78517334,1.23396240
38.27000046,0.79049805,1.22485596
38.27999878,0.79578613,1.21583008
38.29000092,0.80103516,1.20688232
38.29999924,0.80625000,1.19801514
38.31000137,0.81143555,1.18921875
38.31999969,0.81658203,1.18050049
38.33000183,0.82169678,1.17523438
38.34000015,0.82677490,1.19479248
38.34999847,0.83182617,1.21451904
38.36000061,0.83684082,1.20645264
38.36999893,0.82636475,1.19799072
38.38000107,0.81417236,1.18960449
38.38999939,0.80186035,1.18128662
38.40000153,0.79690186,1.17303467
38.40999985,0.80186035,1.16485596
38.41999817,0.80679199,1.15674316
38.43000031,0.81169434,1.14869385
38.43999863,0.81656250,1.14071289
38.45000076,0.81853760,1.14107910
38.45999908,0.80566162,1.16157715
38.47000122,0.79265625,1.17619141
38.47999954,0.77951660,1.16837891
38.49000168,0.78163574,1.16062256
38.50000000,0.78642578,1.15293457
38.50999832,0.79118408,1.14531006
38.52000046,0.79591797,1.13774170
38.52999878,0.80062500,1.13023682
38.54000092,0.79442139,1.12279053
38.54999924,0.78068604,1.11540039
38.56000137,0.76680420,1.10806885
38.56999969,0.75279053,1.10505615
38.58000183,0.73863037,1.12648438
38.59000015,0.72432617,1.14444824
38.59999847,0.71696777,1.13726563
38.61000061,0.72162598,1.13013672
38.61999893,0.72625732,1.12306885
38.63000107,0.73086914,1.11604736
38.63999939,0.73545166,1.10908691
38.65000153,0.74000732,1.10217773
38.65999985,0.74454102,1.09532471
38.66999817,0.74905273,1.08851807
38.68000031,0.75353760,1.08176514
38.68999863,0.75800049,1.07506348
38.70000076,0.76244141,1.08859375
38.70999908,0.76686035,1.11109619
38.72000122,0.77125732,1.11233154
38.72999954,0.77562744,1.10575928
38.74000168,0.77997803,1.09923584
38.75000000,0.78430420,1.09276123
38.75999832,0.77406982,1.08633301
38.77000046,0.75823975,1.07995117
38.77999878,0.74225830,1.07361572
38.79000092,0.74478271,1.06732666
38.79999924,0.74906738,1.06108154
38.81000137,0.75333496,1.05488037
38.81999969,0.75757813,1.04872314
38.83000183,0.76180420,1.04260742
38.84000015,0.76600830,1.03653809
38.84999847,0.77019287,1.03051025
38.86000061,0.77435547,1.03228760
38.86999893,0.77850098,1.05596924
38.88000107,0.78262939,1.06877686
38.88999939,0.78673584,1.06285889
38.90000153,0.79082520,1.05697998
38.90999985,0.79489258,1.05114258
38.91999817,0.79894531,1.04534668
38.93000031,0.80297852,1.03958496
38.93999863,0.80297363,1.03386475
38.95000076,0.78550537,1.02818359
38.95999908,0.76787109,1.02253906
38.97000122,0.76329834,1.01693115
38.97999954,0.76729248,1.01136230
38.99000168,0.77126709,1.00945068
39.00000000,0.77522705,1.03417480
39.00999832,0.77916748,1.05031006
39.02000046,0.78309326,1.04483398
39.02999878,0.78700195,1.03939453
39.04000092,0.79089355,1.03398926
39.04999924,0.79476807,1.02862305
39.06000137,0.79862549,1.02328613
39.06999969,0.80246826,1.01798584
39.08000183,0.80629639,1.01271484
39.09000015,0.81010742,1.00748047
39.09999847,0.81390137,1.00228027
39.11000061,0.81768066,0.99710938
39.11999893,0.82144287,0.99197266
39.13000107,0.82519531,1.00920654
39.13999939,0.82892578,1.03514648
39.15000153,0.83264648,1.03157227
39.15999985,0.83635254,1.02651855
39.16999817,0.84004150,1.02149658
39.18000031,0.82968506,1.01650146
39.18999863,0.80987793,1.01153809
39.20000076,0.79638916,1.00660400
39.20999908,0.80006348,1.00169678
39.22000122,0.80372070,0.99682129
39.22999954,0.80736328,0.99197266
39.24000168,0.81099365,0.98715088
39.25000000,0.81460938,0.98236084
39.25999832,0.81821045,0.98047852
39.27000046,0.82179688,1.00743896
39.27999878,0.82537598,1.02249756
39.29000092,0.82893555,1.01778076
39.29999924,0.83248535,1.01309082
39.31000137,0.83602295,1.00842285
39.31999969,0.83954346,1.00378662
39.33000183,0.84305664,0.99917236
39.34000015,0.84655273,0.99458496
39.34999847,0.85003906,0.99002441
39.36000061,0.85351318,0.98548584
39.36999893,0.85697510,0.98097412
39.38000107,0.86042480,0.97648438
39.38999939,0.86386230,0.97202148
39.40000153,0.86728760,0.96757813
39.40999985,0.86276855,0.96316406
39.41999817,0.84066650,0.95876953
39.43000031,0.82361816,0.95439941
39.43999863,0.82702393,0.95438477
39.45000076,0.83042236,0.98278320
39.45999908,0.83380859,0.99521729
39.47000122,0.83718262,0.99090820
39.47999954,0.84054443,0.98662354
39.49000168,0.84389893,0.98235596
39.50000000,0.84724121,0.97811279
39.50999832,0.85057129,0.97389160
39.52000046,0.85388916,0.96969238
39.52999878,0.85719727,0.96551270
39.54000092,0.86050049,0.96135254
39.54999924,0.86378418,0.95721436
39.56000137,0.86706543,0.95309570
39.56999969,0.87032959,0.94899658
39.58000183,0.87358887,0.94526855
39.59000015,0.87683594,0.97476807
39.59999847,0.88007324,0.99025635
39.61000061,0.88330322,0.98621338
39.61999893,0.88651855,0.98218994
39.63000107,0.88972656,0.97818359
39.63999939,0.88314697,0.97419678
39.65000153,0.85870117,0.97022705
39.65999985,0.84599609,0.96627686
39.66999817,0.84918701,0.96234619
39.68000031,0.85237305,0.95843018
39.68999863,0.85554688,0.95453613
39.70000076,0.85871338,0.95065674
39.70999908,0.86186768,0.94679443
39.72000122,0.86501953,0.94294678
39.72999954,0.86815674,0.96369629
39.74000168,0.87128662,0.98844238
39.75000000,0.87440674,0.98463135
39.75999832,0.87752197,0.98083252
39.77000046,0.88062744,0.97705078
39.77999878,0.88372314,0.97328613
39.79000092,0.88681396,0.96953369
39.79999924,0.88989258,0.96580078
39.81000137,0.89296631,0.96208252
39.81999969,0.89603027,0.95838135
39.83000183,0.89908691,0.95469238
39.84000015,0.90213623,0.95102051
39.84999847,0.90517578,0.94736572
39.86000061,0.90821289,0.94372314
39.86999893,0.88952148,0.94923096
39.88000107,0.86273682,0.98098877
39.88999939,0.86440186,0.98574951
39.90000153,0.86742432,0.98214600
39.90999985,0.87043701,0.97856201
39.91999817,0.87344238,0.97499023
39.93000031,0.87644287,0.97142822
39.93999863,0.87943604,0.96788330
39.95000076,0.88241943,0.96435303
39.95999908,0.88540039,0.96083252
39.97000122,0.88837158,0.95913086
39.97999954,0.89133545,0.99161133
39.99000168,0.89429688,1.00305908
40.00000000,0.89724609,0.99957764
40.00999832,0.90019287,0.99611084
40.02000046,0.90312988,0.99265381
40.02999878,0.90606445,0.98921143
40.04000092,0.89160400,0.98577881
40.04999924,0.86316650,0.98236084
40.06000137,0.86222412,0.97895264
40.06999969,0.86514648,0.97555664
40.08000183,0.86806396,1.00134033
40.09000015,0.87097412,1.02136719
40.09999847,0.87387695,1.01799561
40.11000061,0.87677734,1.01463135
40.11999893,0.87967285,1.01128174
40.13000107,0.88255859,1.00794189
40.13999939,0.88544189,1.00461426
40.15000153,0.88831787,1.00129639
40.15999985,0.89119141,0.99799072
40.16999817,0.89405762,0.99469482
40.18000031,0.89691895,0.99140869
40.18999863,0.89977539,0.98813477
40.20000076,0.90262939,0.98486816
40.20999908,0.88593262,0.98161377
40.22000122,0.85590820,0.97966553
40.22999954,0.85875732,1.01377197
40.24000168,0.86160156,1.02429199
40.25000000,0.86444092,1.02106445
40.25999832,0.86727539,1.01784668
40.27000046,0.87010498,1.01464111
40.27999878,0.87292969,1.01144287
40.29000092,0.87575195,1.00825195
40.29999924,0.87856689,1.00507324
40.31000137,0.88137939,1.00190430
40.31999969,0.88418701,0.99874268
40.33000183,0.88698975,0.99559082
40.34000015,0.88978760,0.99244629
40.34999847,0.89258301,0.98931396
40.36000061,0.89537354,0.98618896
40.36999893,0.89815918,0.98834961
40.38000107,0.87234375,1.02329590
40.38999939,0.85148438,1.02909912
40.40000153,0.85426514,1.02600098
40.40999985,0.85704346,1.02291016
40.41999817,0.85981934,1.01982666
40.43000031,0.86259033,1.01675049
40.43999863,0.86535889,1.01368164
40.45000076,0.86812012,1.01062500
40.45999908,0.87088135,1.00757324
40.47000122,0.87363770,1.00452881
40.47999954,0.87638916,1.00149414
40.49000168,0.87913818,0.99846680
40.50000000,0.88188232,0.99544678
40.50999832,0.88462402,0.99243408
40.52000046,0.88736328,0.98942871
40.52999878,0.89009521,0.98643311
40.54000092,0.88359375,0.98344238
40.54999924,0.85085205,0.98046143
40.56000137,0.84617676,0.97748291
40.56999969,0.84890381,0.99493408
40.58000183,0.85163086,1.02364746
40.59000015,0.85435303,1.02068359
40.59999847,0.85707031,1.01773193
40.61000061,0.85978760,1.01478027
40.61999893,0.86250000,1.01184082
40.63000107,0.86520996,1.00890625
40.63999939,0.86791748,1.00597900
40.65000153,0.87062012,1.00305664
40.65999985,0.87332031,1.00014404
40.66999817,0.87602051,0.99723389
40.68000031,0.87871338,0.99433350
40.68999863,0.88140625,0.99143799
40.70000076,0.88409668,0.98854736
40.70999908,0.88678467,0.98566650
40.72000122,0.88947021,0.99567139
40.72999954,0.89215332,1.03191650
40.74000168,0.89483398,1.02904541
40.75000000,0.89751221,1.02618164
40.75999832,0.90018555,1.02332275
40.77000046,0.90285889,1.02046875
40.77999878,0.90552979,1.01761963
40.79000092,0.90820068,1.01477783
40.79999924,0.91086670,1.01194092
40.81000137,0.87879883,1.00910889
40.81999969,0.86423584,1.00628174
40.83000183,0.86690186,1.00346191
40.84000015,0.86956543,1.00064453
40.84999847,0.87222656,0.99783447
40.86000061,0.87488770,0.99502686
40.86999893,0.87754639,0.99247070
40.88000107,0.88020264,1.02910400
40.88999939,0.88285889,1.03856934
40.90000153,0.88551514,1.03577881
40.90999985,0.88816650,1.03299316
40.91999817,0.89081543,1.03021240
40.93000031,0.89346436,1.02743408
40.93999863,0.89611328,1.02466064
40.95000076,0.89876221,1.02189453
40.95999908,0.90140625,1.01913086
40.97000122,0.95595703,1.01636719
40.97999954,0.95859619,1.01361572
40.99000168,0.96123779,1.01086182
41.00000000,0.96387451,1.00811768
41.00999832,0.96651367,1.00537354
41.02000046,0.96915039,1.00263184
41.02999878,0.97178711,1.02202881
41.04000092,0.97442383,1.04904541
41.04999924,0.96531494,1.04631592
41.06000137,0.92965576,1.04358887
41.06999969,0.93044922,1.04086670
41.08000183,0.93308594,1.03814453
41.09000015,0.93572021,1.03542725
41.09999847,0.93835693,1.03271484
41.11000061,0.94099365,1.03000244
41.11999893,0.94362793,1.02729492
41.13000107,0.94626465,1.02459229
41.13999939,0.94889648,1.02189209
41.15000153,0.95153320,1.01919189
41.15999985,1.00602783,1.01649902
41.16999817,1.00865723,1.01380615
41.18000031,1.01129395,1.01111572
41.18999863,1.01392334,1.00843018
41.20000076,1.01656006,1.00574463
41.20999908,1.01919189,1.00306396
41.22000122,1.02182617,1.00038574
41.22999954,1.02446045,1.00594482
41.24000168,1.02709717,1.04272949
41.25000000,1.08157959,1.04420898
41.25999832,1.08421387,1.04153809
41.27000046,1.08685303,1.03886963
41.27999878,1.14133545,1.03620117
41.29000092,1.14397217,1.03353516
41.29999924,1.14660889,1.03087402
41.31000137,1.14925049,1.02821289
41.31999969,1.25557861,1.02555176
41.33000183,1.25821777,1.02289551
41.34000015,1.26086182,1.02023926
41.34999847,1.26350342,1.01758301
41.36000061,1.26614746,1.01493164
41.36999893,1.26879395,1.01228027
41.38000107,1.27144287,1.00962646
41.38999939,1.24499268,1.02569092
41.40000153,1.22490234,1.05617432
41.40999985,1.22755615,1.05352783
41.41999817,1.23020752,1.05088379
41.43000031,1.23286621,1.04823730
41.43999863,1.23552246,1.04559570
41.45000076,1.23818359,1.04295166
41.45999908,1.24084717,1.04030762
41.47000122,1.24351074,1.03766602
41.47999954,1.24617676,1.03502441
41.49000168,1.24884521,1.03238525
41.50000000,1.21964355,1.02974609
41.50999832,1.20233887,1.02710693
41.52000046,1.20501221,1.02446533
41.52999878,1.20769043,1.02182861
41.54000092,1.21037109,1.01918701
41.54999924,1.21304932,1.04108643
41.56000137,1.18774658,1.06576416
41.56999969,1.16656738,1.06312744
41.58000183,1.16925293,1.06049316
41.59000015,1.17194580,1.05785400
41.59999847,1.17463623,1.05521729
41.61000061,1.17733154,1.05258057
41.61999893,1.15536377,1.04994141
41.63000107,1.13087158,1.04730225
41.63999939,1.13357178,1.04466553
41.65000153,1.13627686,1.04202637
41.65999985,1.13898682,1.03938721
41.66999817,1.14169678,1.03674805
41.68000031,1.14441162,1.03410645
41.68999863,1.14712891,1.03146484
41.70000076,1.14984863,1.02882080
41.70999908,1.15257080,1.02617920
41.72000122,1.15530029,1.02353271
41.72999954,1.12625977,1.02088867
41.74000168,1.10888184,1.01823975
41.75000000,1.11161377,1.01559570
41.75999832,1.11435303,1.04294922
41.77000046,1.11709229,1.06218506
41.77999878,1.11983887,1.05953613
41.79000092,1.12258789,1.05688721
41.79999924,1.12534180,1.05423340
41.81000137,1.12809570,1.05157959
41.81999969,1.13085693,1.04892334
41.83000183,1.13261230,1.04626709
41.84000015,1.09593262,1.04360596
41.84999847,1.08725342,1.04094727
41.86000061,1.09002686,1.03828369
41.86999893,1.09280518,1.03561768
41.88000107,1.09558838,1.03294922
41.88999939,1.09837158,1.03028076
41.90000153,1.10116211,1.02760986
41.90999985,1.10395508,1.02493652
41.91999817,1.10675293,1.04863770
41.93000031,1.10955566,1.07151367
41.93999863,1.10121094,1.06883545
41.95000076,1.06471680,1.06615479
41.95999908,1.06604980,1.06347168
41.97000122,1.06886475,1.06078613
41.97999954,1.07168945,1.05809814
41.99000168,1.07451660,1.05540771
42.00000000,1.06708496,1.05271484
42.00999832,1.03075195,1.05001953
42.02000046,1.03106689,1.04731689
42.02999878,1.03390625,1.04461670
42.04000092,1.03675293,1.04190918
42.04999924,1.03960449,1.03920166
42.06000137,1.04246582,1.03648682
42.06999969,1.04532715,1.03377197
42.08000183,1.04819336,1.05054932
42.09000015,1.05106445,1.08031738
42.09999847,1.05394287,1.07759521
42.11000061,1.03515625,1.07487061
42.11999893,1.00771729,1.07214355
42.13000107,1.01060791,1.06940918
42.13999939,1.01350098,1.06667480
42.15000153,1.01640137,1.06393555
42.15999985,1.01930664,1.06118896
42.16999817,1.02221680,1.05844482
42.18000031,1.02513672,1.05569092
42.18999863,1.02805664,1.05293701
42.20000076,1.03098389,1.05017822
42.20999908,1.03391357,1.04741699
42.22000122,1.00322998,1.04465088
42.22999954,0.98775391,1.04187988
42.24000168,0.99069824,1.04894531
42.25000000,0.99364746,1.08247314
42.25999832,0.99660156,1.08560547
42.27000046,0.99956299,1.08282227
42.27999878,1.00252930,1.08003662
42.29000092,1.00549805,1.07724854
42.29999924,1.00847412,1.07445801
42.31000137,1.01145508,1.07166016
42.31999969,1.00687500,1.06885986
42.33000183,0.97152344,1.06605469
42.34000015,0.96834229,1.06324707
42.34999847,0.97133789,1.06043701
42.36000061,0.97434082,1.05761963
42.36999893,0.97735107,1.05479980
42.38000107,0.98036377,1.05197754
42.38999939,0.98338135,1.04915283
42.40000153,0.98640625,1.04631836
42.40999985,0.98943604,1.04348389
42.41999817,0.99246826,1.04064697
42.43000031,0.97520508,1.03780273
42.43999863,0.94640869,1.03495605
42.45000076,0.94945557,1.03210449
42.45999908,0.95250488,1.06408447
42.47000122,0.95555664,1.07854736
42.47999954,0.95861816,1.07569092
42.49000168,0.96168457,1.07282715
42.50000000,0.96475342,1.06996338
42.50999832,0.96782715,1.06709473
42.52000046,0.97090576,1.06422363
42.52999878,0.97399170,1.06134521
42.54000092,0.94414551,1.05846191
42.54999924,0.92798096,1.05557861
42.56000137,0.93107666,1.05268799
42.56999969,0.93417480,1.04979492
42.58000183,0.93728271,1.04689697
42.59000015,0.94039307,1.04399658
42.59999847,0.91177490,1.04108887
42.61000061,0.89439697,1.03817871
42.61999893,0.89751709,1.05605957
42.63000107,0.90064209,1.08459473
42.63999939,0.90376953,1.08167969
42.65000153,0.90690674,1.07875732
42.65999985,0.91004395,1.07583496
42.66999817,0.91318848,1.07290771
42.68000031,0.91633789,1.06997314
42.68999863,0.91949219,1.06703857
42.70000076,0.91590576,1.06409668
42.70999908,0.88215332,1.06115234
42.72000122,0.87669189,1.05820313
42.72999954,0.87985840,1.05525146
42.74000168,0.88302979,1.05229492
42.75000000,0.88621094,1.04933350
42.75999832,0.88939209,1.04636719
42.77000046,0.89258057,1.04339844
42.77999878,0.89577393,1.04646973
42.79000092,0.89897217,1.07756348
42.79999924,0.90217285,1.08680664
42.81000137,0.88674072,1.08382568
42.81999969,0.85624023,1.08083984
42.83000183,0.85945313,1.07785156
42.84000015,0.86266602,1.07486084
42.84999847,0.86588379,1.07186523
42.86000061,0.86911133,1.06886230
42.86999893,0.87233887,1.06585693
42.88000107,0.87557373,1.06284668
42.88999939,0.87881348,1.05983643
42.90000153,0.88205811,1.05681641
42.90999985,0.88530518,1.05379395
42.91999817,0.85864014,1.05076660
42.93000031,0.83939941,1.04773438
42.93999863,0.84265137,1.04470215
42.95000076,0.84591553,1.06623779
42.95999908,0.84917969,1.09105713
42.97000122,0.85245117,1.08801514
42.97999954,0.82874023,1.08496826
42.99000168,0.80655273,1.08191650
43.00000000,0.80982910,1.07886230
43.00999832,0.81311279,1.07580322
43.02000046,0.81639893,1.07274170
43.02999878,0.81969238,1.06967285
43.04000092,0.82298828,1.06660156
43.04999924,0.82628906,1.06352539
43.06000137,0.82959473,1.06044434
43.06999969,0.83290527,1.05735840
43.08000183,0.83464355,1.05426758
43.09000015,0.80258057,1.05117432
43.09999847,0.79033691,1.04807861
43.11000061,0.79366211,1.04497314
43.11999893,0.79698730,1.04186523
43.13000107,0.80031738,1.03875488
43.13999939,0.80365234,1.03563965
43.15000153,0.77407959,1.03251709
43.15999985,0.75777100,1.04044678
43.16999817,0.76111572,1.07005127
43.18000031,0.76446045,1.07570801
43.18999863,0.76781250,1.07257813
43.20000076,0.77116943,1.06943848
43.20999908,0.77452881,1.06629883
43.22000122,0.77789551,1.06315186
43.22999954,0.78126465,1.06000244
43.24000168,0.78463623,1.05684814
43.25000000,0.78131104,1.05369141
43.25999832,0.75000000,1.05052734
43.27000046,0.74215332,1.04735840
43.27999878,0.74553711,1.04418701
43.29000092,0.74892822,1.04101074
43.29999924,0.75231934,1.03782959
43.31000137,0.75393555,1.03464844
43.31999969,0.72289795,1.03145752
43.33000183,0.70985596,1.05762207
43.34000015,0.71325928,1.07774170
43.34999847,0.71666748,1.07454590
43.36000061,0.72008301,1.07134277
43.36999893,0.72349854,1.06813721
43.38000107,0.72692139,1.06492676
43.38999939,0.73034668,1.06171387
43.40000153,0.73377930,1.05849365
43.40999985,0.73721436,1.05526855
43.41999817,0.74065430,1.05204346
43.43000031,0.74409912,1.04881104
43.43999863,0.74754639,1.04557617
43.45000076,0.75099854,1.04233398
43.45999908,0.75445557,1.03908936
43.47000122,0.75791748,1.03583984
43.47999954,0.76138428,1.03258301
43.49000168,0.76485352,1.04521729
43.50000000,0.76832764,1.07373047
43.50999832,0.77049316,1.07557861
43.52000046,0.74016846,1.07231201
43.52999878,0.72598145,1.06904297
43.54000092,0.72946777,1.06576904
43.54999924,0.73295898,1.06249023
43.56000137,0.73645264,1.05920654
43.56999969,0.73994873,1.05591797
43.58000183,0.74345215,1.05262695
43.59000015,0.74696045,1.04932861
43.59999847,0.75046875,1.04637207
43.61000061,0.75398438,1.07456299
43.61999893,0.75750244,1.09226563
43.63000107,0.76102783,1.08895508
43.63999939,0.76455322,1.08564453
43.65000153,0.76808838,1.08232666
43.65999985,0.77162354,1.07900879
43.66999817,0.77516113,1.08888672
43.68000031,0.77870605,1.11683350
43.68999863,0.78225586,1.12191162
43.70000076,0.78581055,1.11857910
43.70999908,0.78936279,1.11524414
43.72000122,0.79292725,1.11190186
43.72999954,0.79648926,1.10855713
43.74000168,0.80005859,1.10520996
43.75000000,0.80363281,1.10185303
43.75999832,0.79304688,1.09849609
43.77000046,0.76356934,1.09513428
43.77999878,0.76143066,1.09176758
43.79000092,0.76501709,1.08839355
43.79999924,0.76860352,1.08501953
43.81000137,0.77219727,1.08163818
43.81999969,0.77579346,1.07825195
43.83000183,0.77939453,1.07486084
43.84000015,0.78300049,1.07146973
43.84999847,0.78660889,1.06807129
43.86000061,0.79022217,1.06467041
43.86999893,0.79383789,1.06126221
43.88000107,0.79746094,1.06218018
43.88999939,0.80108643,1.08956543
43.90000153,0.80471436,1.10403809
43.90999985,0.80834717,1.10062012
43.91999817,0.81198486,1.09719971
43.93000031,0.81562500,1.09377441
43.93999863,0.81927002,1.09034424
43.95000076,0.82292236,1.08690674
43.95999908,0.82657715,1.08346680
43.97000122,0.83023438,1.08002197
43.97999954,0.83389893,1.07657227
43.99000168,0.83756348,1.07311768
44.00000000,0.84123047,1.06966309
44.00999832,0.81772461,1.06620117
44.02000046,0.79549072,1.06273682
44.02999878,0.79916504,1.05926758
44.04000092,0.80284424,1.05579346
44.04999924,0.80652588,1.07627197
44.06000137,0.81021484,1.10194824
44.06999969,0.81390625,1.09846680
44.08000183,0.81760254,1.09498047
44.09000015,0.82130371,1.09149170
44.09999847,0.82500488,1.08799805
44.11000061,0.82820313,1.08449951
44.11999893,0.79979248,1.08099609
44.13000107,0.78298096,1.07749268
44.13999939,0.78669189,1.07398193
44.15000153,0.79040771,1.07046875
44.15999985,0.79412598,1.06695068
44.16999817,0.79784912,1.06342773
44.18000031,0.80157715,1.05990234
44.18999863,0.80530762,1.05637207
44.20000076,0.80904297,1.05283691
44.20999908,0.81278320,1.06319092
44.22000122,0.81652588,1.08980469
44.22999954,0.82027100,1.09541992
44.24000168,0.82402100,1.09187500
44.25000000,0.82777344,1.08832275
44.25999832,0.83153076,1.08477051
44.27000046,0.83529053,1.08121338
44.27999878,0.83905518,1.07765137
44.29000092,0.84282227,1.07408447
44.29999924,0.84659180,1.07051514
44.31000137,0.85036621,1.06694092
44.31999969,0.85414307,1.06336426
44.33000183,0.85792725,1.05978027
44.34000015,0.86170898,1.05619873
44.34999847,0.86549561,1.05260742
44.36000061,0.86928711,1.04901611
44.36999893,0.87308105,1.04541992
44.38000107,0.87687988,1.04181885
44.38999939,0.88068115,1.03821289
44.40000153,0.88448730,1.03460449
44.40999985,0.86175781,1.03099121
44.41999817,0.83878662,1.03741699
44.43000031,0.84260010,1.06361816
44.43999863,0.84641113,1.07345703
44.45000076,0.85022705,1.06983398
44.45999908,0.85405029,1.06620605
44.47000122,0.85787109,1.06257568
44.47999954,0.86169678,1.05894043
44.49000168,0.86552734,1.05530518
44.50000000,0.86935791,1.05166260
44.50999832,0.87319336,1.04801758
44.52000046,0.87703125,1.04436768
44.52999878,0.88087402,1.04071777
44.54000092,0.88471924,1.03706055
44.54999924,0.88856689,1.03339844
44.56000137,0.89241943,1.02973389
44.56999969,0.89627197,1.02606689
44.58000183,0.90012939,1.02510498
44.59000015,0.90398926,1.05101074
44.59999847,0.90785156,1.06845703
44.61000061,0.91172119,1.06478027
44.61999893,0.91559082,1.06109619
44.63000107,0.91946289,1.05741211
44.63999939,0.92333740,1.05372559
44.65000153,0.92721680,1.05003174
44.65999985,0.93110107,1.04633545
44.66999817,0.93498535,1.04263672
44.68000031,0.93886963,1.03893555
44.68999863,0.94276123,1.03522949
44.70000076,0.94665527,1.03151611
44.70999908,0.95054932,1.02780762
44.72000122,0.95444824,1.02408936
44.72999954,0.95835205,1.02036865
44.74000168,0.96225586,1.01664307
44.75000000,0.96616455,1.03883057
44.75999832,0.97007080,1.06268311
44.77000046,0.97398926,1.05895508
44.77999878,0.97791016,1.05523193
44.79000092,0.98183594,1.05150146
44.79999924,0.98576172,1.04777100
44.81000137,0.98969238,1.04403320
44.81999969,0.99362305,1.04029541
44.83000183,0.99755859,1.03655273
44.84000015,1.00149658,1.03280762
44.84999847,1.00543701,1.02906006
44.86000061,1.00937988,1.02530762
44.86999893,1.01332275,1.02155273
44.88000107,1.01727539,1.01779053
44.88999939,1.02122314,1.01402832
44.90000153,1.02517822,1.01026123
44.90999985,1.02913330,1.02633545
44.91999817,1.08666748,1.05166504
44.93000031,1.09063232,1.05252441
44.93999863,1.09459961,1.04875000
44.95000076,1.09856934,1.04497070
44.95999908,1.10254150,1.04119141
44.97000122,1.10651855,1.03740479
44.97999954,1.11049561,1.03361816
44.99000168,1.11447510,1.02982910
45.00000000,1.11845703,1.02603516
45.00999832,1.12243896,1.02224121
45.02000046,1.12642822,1.01843750
45.02999878,1.13041748,1.01463379
45.04000092,1.13440918,1.01082520
45.04999924,1.13840332,1.00701660
45.06000137,1.14239990,1.00320068
45.06999969,1.14639648,0.99938477
45.08000183,1.15039795,0.99556396
45.09000015,1.15439697,0.99174316
45.09999847,1.15840088,0.98791748
45.11000061,1.16240723,0.98408936
45.11999893,1.16641357,1.00209229
45.13000107,1.17042725,1.02717041
45.13999939,1.17443848,1.02625977
45.15000153,1.17845215,1.02242432
45.15999985,1.18246826,1.01858398
45.16999817,1.18648682,1.01474121
45.18000031,1.24420166,1.01089355
45.18999863,1.24822510,1.00704590
45.20000076,1.25225342,1.00319336
45.20999908,1.25628418,0.99933594
45.22000122,1.26031738,0.99547852
45.22999954,1.26435059,0.99161865
45.24000168,1.26838379,0.98775391
45.25000000,1.27241699,0.98388916
45.25999832,1.27645752,0.98001953
45.27000046,1.28050049,0.97614258
45.27999878,1.28454102,0.99101318
45.29000092,1.28858643,1.01593750
45.29999924,1.29263184,1.01824951
45.31000137,1.29667480,1.01437256
45.31999969,1.30072510,1.01048584
45.33000183,1.30477539,1.00659912
45.34000015,1.30882813,1.00270996
45.34999847,1.36664063,0.99882324
45.36000061,1.37069824,0.99492676
45.36999893,1.37475830,0.99103027
45.38000107,1.37881836,0.98713135
45.38999939,1.38288086,0.98322754
45.40000153,1.38694580,0.97932129
45.40999985,1.39100830,0.97541504
45.41999817,1.39507324,0.97150635
45.43000031,1.39913818,0.96759277
45.43999863,1.40320801,0.98062256
45.45000076,1.40727783,1.00541504
45.45999908,1.46514648,1.00963623
45.47000122,1.46922363,1.00571777
45.47999954,1.47329834,1.00179443
45.49000168,1.47737549,0.99786865
45.50000000,1.48145508,0.99394043
45.50999832,1.48553467,0.99000977
45.52000046,1.48961426,0.98607666
45.52999878,1.49369629,0.98214111
45.54000092,1.49777832,0.97820313
45.54999924,1.50186035,0.97426270
45.56000137,1.50594482,0.97031982
45.56999969,1.51002930,0.96637695
45.58000183,1.56795410,0.96242676
45.59000015,1.57204346,0.95847656
45.59999847,1.57613281,0.97095947
45.61000061,1.58022461,0.99564453
45.61999893,1.58431396,1.00046143
45.63000107,1.58840820,0.99650391
45.63999939,1.59250244,0.99254639
45.65000153,1.65045166,0.98858643
45.65999985,1.65454834,0.98462158
45.66999817,1.65864746,0.98065430
45.68000031,1.66274658,0.97668701
45.68999863,1.66684326,0.97271729
45.70000076,1.67094482,0.96874023
45.70999908,1.67504150,0.96476563
45.72000122,1.67914307,0.96078857
45.72999954,1.68324463,0.95680664
45.74000168,1.68734619,0.95282227
45.75000000,1.69144775,0.94883789
45.75999832,1.69554932,0.94485352
