x_m,y_m,w_tr_left_m,w_tr_right_m,w_total_m,left_x_m,left_y_m,right_x_m,right_y_m
7.76741934,19.02483177,1.69724854,0.94319824,2.64044678,7.13451843,17.45000197,8.11913626,19.89999924
7.75815821,19.02860451,1.75527588,0.93917236,2.69444824,7.10344868,17.40000117,8.10846502,19.89999986
7.74889755,19.03237724,1.75941650,0.93514404,2.69456055,7.09247287,17.40000068,8.09779256,19.89999853
7.73963690,19.03615189,1.76355469,0.93111328,2.69466797,7.08150357,17.40000227,8.08711503,19.89999844
7.73037720,19.03992844,1.76769775,0.93662598,2.70432373,7.07053321,17.40000123,8.07999976,19.90885437
7.72111797,19.04370499,1.77183838,0.96119629,2.73303467,7.05956696,17.40000128,8.07999968,19.93539010
7.71185875,19.04748154,1.77597900,0.97291016,2.74888916,7.04860302,17.40000059,8.07520102,19.94999837
7.70260096,19.05126190,1.78011963,0.96887207,2.74899170,7.03764300,17.40000273,8.06452000,19.94999863
7.69334221,19.05504036,1.83816650,0.96483398,2.80300049,7.00654206,17.35000034,8.05383628,19.94999767
7.68408489,19.05882263,1.84231201,0.96079346,2.80310547,6.99558057,17.34999982,8.04315027,19.94999946
7.67482710,19.06260300,1.84645264,0.95675049,2.80320313,6.98462435,17.35000044,8.03245978,19.94999827
7.66557074,19.06638718,1.85059814,0.95270508,2.80330322,6.97366750,17.35000051,8.02176893,19.94999894
7.65631390,19.07016945,1.85473877,0.94865967,2.80339844,6.96271796,17.35000071,8.01107355,19.94999939
7.64705753,19.07395363,1.85888184,0.94460938,2.80349121,6.95176789,17.35000059,8.00037591,19.94999759
7.63780212,19.07774162,1.86302734,0.94055664,2.80358398,6.94082055,17.35000106,7.98967600,19.94999820
7.62854671,19.08152771,1.92108643,0.93650391,2.85759033,6.90970265,17.30000126,7.97897357,19.94999800
7.61929131,19.08531380,1.92522949,0.93245117,2.85768066,6.89875960,17.30000068,7.96826821,19.94999892
7.61003590,19.08909988,1.92937012,0.92839600,2.85776611,6.88781912,17.30000180,7.95756028,19.94999820
7.60078144,19.09288979,1.93351563,0.92433594,2.85785156,6.87687955,17.30000141,7.94684978,19.94999750
7.59152746,19.09667969,1.93765869,0.92027588,2.85793457,6.86594588,17.30000155,7.93613678,19.94999795
7.58227348,19.10046768,1.94179932,0.92843994,2.87023926,6.85501604,17.30000076,7.92999987,19.96133182
7.57301950,19.10425949,1.94593994,0.95298828,2.89892822,6.84408955,17.30000238,7.92999954,19.98786121
7.56376648,19.10805130,2.00400879,0.96201660,2.96602539,6.81296160,17.25000299,7.92418743,20.00000014
7.55451298,19.11184311,2.00815186,0.95795166,2.96610352,6.80203476,17.25000257,7.91346878,19.99999967
7.54526043,19.11563492,2.01229248,0.95388672,2.96617920,6.79111618,17.25000161,7.90274732,20.00000081
7.53600836,19.11943054,2.01643555,0.94981445,2.96625000,6.78019706,17.25000240,7.89202296,19.99999916
7.52675533,19.12322426,2.02057617,0.94574463,2.96632080,6.76928201,17.25000180,7.88129595,19.99999897
7.51750326,19.12701797,2.02471191,0.94167480,2.96638672,6.75837616,17.25000313,7.87056626,20.00000024
7.50825167,19.13081360,2.02885254,0.93760010,2.96645264,6.74746921,17.25000190,7.85983449,19.99999911
7.49899960,19.13460732,2.03298584,0.93352783,2.96651367,6.73657089,17.25000281,7.84909963,19.99999984
7.48974848,19.13840485,2.03712402,0.92945068,2.96657471,6.72567240,17.25000280,7.83836301,20.00000019
7.48049688,19.14220047,2.04125977,0.92537354,2.96663330,6.71477675,17.25000221,7.82762426,19.99999928
7.47124577,19.14599800,2.04539551,0.92129395,2.96668945,6.70388511,17.25000210,7.81688294,19.99999887
7.46199465,19.14979553,2.04952881,0.91721436,2.96674316,6.69300154,17.25000134,7.80613791,19.99999998
7.45274448,19.15359306,2.10760254,0.91313232,3.02073486,6.66187917,17.20000131,7.79539196,19.99999923
7.44349337,19.15739059,2.11173584,0.90905029,3.02078613,6.65099732,17.19999993,7.78464341,19.99999909
7.43424320,19.16119003,2.11586670,0.92123779,3.03710449,6.64012226,17.20000069,7.77999950,20.01508208
7.42499208,19.16498756,2.11999512,0.94580322,3.06579834,6.62925123,17.20000004,7.77999963,20.04163653
7.41574192,19.16878700,2.12412354,0.95073975,3.07486328,6.61838258,17.20000077,7.77263322,20.04999908
7.40649176,19.17258644,2.12824951,0.94665283,3.07490234,6.60752068,17.20000147,7.76187689,20.04999914
7.39724159,19.17638588,2.13237549,0.94256592,3.07494141,6.59666120,17.20000111,7.75111913,20.04999981
7.38799238,19.18018723,2.13650146,0.93847412,3.07497559,6.58580932,17.20000009,7.74035724,20.04999912
7.37874222,19.18398666,2.14062256,0.93438477,3.07500732,6.57495837,17.20000164,7.72959500,20.04999893
7.36949301,19.18778801,2.14474365,0.93029297,3.07503662,6.56411615,17.20000185,7.71882913,20.04999990
7.36024284,19.19158745,2.14886230,0.92620117,3.07506348,6.55327724,17.20000122,7.70806061,20.04999959
7.35099363,19.19538879,2.15298096,0.92210693,3.07508789,6.54244176,17.20000127,7.69729084,20.04999955
7.34174347,19.19918823,2.15709717,0.91801270,3.07510986,6.53161033,17.20000019,7.68651816,20.04999831
7.33249426,19.20298958,2.16121094,0.91391846,3.07512939,6.52078424,17.20000180,7.67574477,20.04999968
7.32324505,19.20679092,2.16532471,0.90982178,3.07514648,6.50996255,17.20000164,7.66496845,20.04999960
7.31399536,19.21059036,2.16943604,0.90572510,3.07516113,6.49914521,17.20000034,7.65418987,20.04999831
7.30474567,19.21439171,2.17354492,0.90162842,3.07517334,6.48833471,17.20000077,7.64340871,20.04999998
7.29549646,19.21819305,2.23160156,0.89752930,3.12913086,6.45726480,17.15000216,7.63262541,20.05000011
7.28624678,19.22199249,2.23570557,0.91515137,3.15085693,6.44646257,17.15000264,7.62999940,20.07012937
7.27699757,19.22579384,2.23981201,0.93976807,3.17958008,6.43566574,17.15000039,7.62999897,20.09674390
7.26774788,19.22959518,2.24391357,0.93917725,3.18309082,6.42487300,17.15000146,7.62052836,20.09999729
7.25849819,19.23339653,2.24801270,0.93507568,3.18308838,6.41408652,17.15000265,7.60973679,20.09999793
7.24924850,19.23719597,2.25210937,0.93097412,3.18308350,6.40330593,17.15000218,7.59894318,20.09999749
7.23999929,19.24099731,2.25620605,0.92687012,3.18307617,6.39252995,17.15000200,7.58814746,20.09999735
7.23074961,19.24479675,2.26029785,0.92276855,3.18306641,6.38175941,17.15000266,7.57735059,20.09999826
7.22149944,19.24859810,2.26439209,0.91866211,3.18305420,6.37099260,17.15000105,7.56654941,20.09999729
7.21224976,19.25239754,2.26848145,0.91455811,3.18303955,6.36023149,17.15000054,7.55574836,20.09999725
7.20299959,19.25619698,2.27256592,0.91045410,3.18302002,6.34947880,17.15000182,7.54494413,20.09999825
7.19374943,19.25999641,2.27665039,0.90634766,3.18299805,6.33872860,17.15000196,7.53413815,20.09999738
7.18449974,19.26379776,2.28073486,0.90224121,3.18297607,6.32798464,17.15000178,7.52333054,20.09999923
7.17524958,19.26759720,2.28481445,0.89813232,3.18294678,6.31724926,17.15000131,7.51251890,20.09999797
7.16599894,19.27139473,2.28888916,0.89402588,3.18291504,6.30651711,17.15000257,7.50170719,20.09999732
7.15674829,19.27519226,2.29296387,0.88991943,3.18288330,6.29578958,17.15000211,7.49089394,20.09999724
7.14749765,19.27898979,2.29703613,0.88581299,3.18284912,6.28506945,17.15000111,7.48007845,20.09999813
7.13824701,19.28278923,2.35505371,0.88170410,3.23675781,6.25410025,17.10000147,7.46926105,20.09999901
7.12899542,19.28658485,2.35911865,0.87759766,3.23671631,6.24339330,17.10000081,7.45844148,20.09999923
7.11974478,19.29038239,2.36318359,0.87348633,3.23666992,6.23269128,17.10000041,7.44761990,20.09999731
7.11049318,19.29417801,2.36724365,0.86937988,3.23662354,6.22199717,17.09999998,7.43679697,20.09999884
7.10124207,19.29797554,2.37130371,0.87600098,3.24730469,6.21130686,17.09999993,7.42999966,20.10994609
7.09198952,19.30176926,2.37535645,0.90074463,3.27610107,6.20062275,17.10000089,7.42999935,20.13668859
7.08273792,19.30556488,2.37940918,0.91099365,3.29040283,6.18994728,17.10000081,7.42455664,20.14999924
7.07348585,19.30935860,2.38345703,0.90688477,3.29034180,6.17927769,17.10000136,7.41372432,20.14999990
7.06423330,19.31315231,2.38750488,0.90277344,3.29027832,6.16861230,17.10000007,7.40288930,20.14999879
7.05498075,19.31694603,2.39154785,0.89866455,3.29021240,6.15795288,17.10000173,7.39205415,20.15000034
7.04572773,19.32073784,2.39558838,0.89455322,3.29014160,6.14730091,17.10000074,7.38121550,20.14999863
7.03647423,19.32452965,2.39962402,0.89044434,3.29006836,6.13665706,17.10000169,7.37037533,20.14999993
7.02722073,19.32832146,2.40365967,0.88633301,3.28999268,6.12601655,17.10000133,7.35953358,20.14999921
7.01796722,19.33211136,2.40769043,0.88222412,3.28991455,6.11538475,17.10000068,7.34869082,20.14999968
7.00871277,19.33590126,2.41171875,0.87811279,3.28983154,6.10475797,17.10000025,7.33784496,20.14999838
6.99945879,19.33969116,2.41574463,0.87400391,3.28974854,6.09413807,17.10000003,7.32699914,20.14999983
6.99020433,19.34347916,2.41976562,0.86989502,3.28966064,6.08352426,17.10000035,7.31615180,20.14999984
6.98094893,19.34726524,2.47770752,0.86578613,3.34349365,6.05271619,17.05000198,7.30530159,20.14999868
6.97169399,19.35105324,2.48172363,0.86167725,3.34340088,6.04211970,17.05000037,7.29445073,20.14999993
6.96243811,19.35483742,2.48572998,0.85757080,3.34330078,6.03153318,17.05000127,7.28359804,20.15000029
6.95318222,19.35862350,2.46556641,0.87283936,3.33840576,6.03000004,17.07241435,7.27999951,20.16796830
6.94392586,19.36240768,2.30774658,0.89773193,3.20547852,6.08000095,17.22247106,7.27999958,20.19486020
6.93466902,19.36619186,2.28347900,0.89916260,3.18264160,6.08000032,17.24868904,7.27121082,20.19999824
6.92541170,19.36997414,2.25920898,0.89505371,3.15426270,6.08000065,17.27490709,7.26034676,20.19999807
6.91615486,19.37375641,2.23493896,0.89094482,3.12588379,6.08000032,17.30112572,7.24948278,20.19999803
6.90689659,19.37753487,2.21067383,0.88684082,3.09751465,6.08000085,17.32733436,7.23861667,20.19999971
6.89763832,19.38131523,2.19023193,0.88273193,3.07296387,6.07856792,17.35000042,7.22774930,20.19999860
6.88837957,19.38509369,2.19422363,0.87862549,3.07284912,6.06800599,17.35000042,7.21687897,20.19999915
6.87912083,19.38887215,2.19821289,0.87451660,3.07272949,6.05744783,17.35000150,7.20600758,20.19999751
6.86986113,19.39264679,2.20219727,0.87041504,3.07261230,6.04689740,17.35000051,7.19513626,20.19999955
6.86060095,19.39642143,2.20617920,0.86631104,3.07249023,6.03635227,17.34999993,7.18426266,20.19999964
6.85134077,19.40019608,2.21015869,0.86220459,3.07236328,6.02581319,17.34999959,7.17338718,20.19999784
6.84208012,19.40397072,2.21413330,0.85810059,3.07223389,6.01528182,17.35000112,7.16251073,20.19999891
6.83281851,19.40774155,2.21808838,0.85399170,3.07208008,6.00480040,17.34999958,7.15161581,20.19999788
6.82355690,19.41151428,2.22204102,0.84988281,3.07192383,5.99432338,17.35000065,7.14072086,20.19999883
6.81429434,19.41528130,2.22598633,0.84624512,3.07223145,5.98385517,17.35000030,7.12999937,20.20043165
6.80503178,19.41905022,2.21221680,0.87135986,3.08357666,5.98000052,17.36643561,7.12999953,20.22754511
6.79576826,19.42281723,2.18810791,0.89145264,3.07956055,5.98000083,17.39246260,7.12811843,20.24999992
6.78650427,19.42658424,2.18392334,0.88734375,3.07126709,5.97257308,17.40000172,7.11721036,20.24999929
6.77724028,19.43034744,2.18785645,0.88323975,3.07109619,5.96212799,17.40000068,7.10630189,20.25000038
6.76797581,19.43411255,2.19178955,0.87913330,3.07092285,5.95168384,17.40000113,7.09539294,20.25000068
6.75870991,19.43787384,2.19571289,0.87502930,3.07074219,5.94125294,17.40000263,7.08448055,20.25000052
6.74944401,19.44163322,2.19963623,0.87092773,3.07056396,5.93082335,17.40000153,7.07357007,20.25000037
6.74017763,19.44539452,2.17776123,0.86682373,3.04458496,5.93000033,17.42394538,7.06265601,20.25000066
6.73091030,19.44915009,2.15366455,0.86272461,3.01638916,5.93000047,17.44994662,7.05174236,20.24999998
6.72164249,19.45290756,2.12956055,0.85862305,2.98818359,5.93000039,17.47595763,7.04082673,20.24999914
6.71237469,19.45666313,1.97090576,0.85452393,2.82542969,5.98000085,17.62688225,7.02990939,20.24999966
6.70310545,19.46041679,1.94672852,0.85042725,2.79715576,5.98000090,17.65296779,7.01899326,20.24999986
6.69383621,19.46416855,1.78788818,0.84633057,2.63421875,6.03000066,17.80408816,7.00807528,20.24999889
6.68456602,19.46791840,1.76364014,0.84223877,2.60587891,6.03000042,17.83024619,6.99715844,20.25000029
6.67529535,19.47166824,1.73938721,0.83814453,2.57753174,6.03000055,17.85640898,6.98623837,20.25000024
6.66602373,19.47541428,1.71512451,0.83405273,2.54917725,6.03000063,17.88257809,6.97531720,20.24999908
6.65675211,19.47916031,1.55595703,0.82996338,2.38592041,6.08000038,18.03404448,6.96439737,20.24999986
6.64747953,19.48290443,1.53160400,0.82587402,2.35747803,6.08000108,18.06030848,6.95347620,20.24999896
6.63820648,19.48664665,1.50724365,0.82178711,2.32903076,6.08000032,18.08657898,6.94255451,20.24999873
6.62893200,19.49038887,1.48286377,0.81770264,2.30056641,6.08000021,18.11286974,6.93163207,20.25000081
6.61965752,19.49412727,1.45847168,0.83872803,2.29719971,6.08000073,18.13916959,6.92999969,20.27332717
6.61038256,19.49786568,1.43407227,0.86334961,2.29742188,6.08000053,18.16547746,6.92968663,20.29999879
6.60110664,19.50160217,1.40965088,0.85926514,2.26891602,6.08000049,18.19180676,6.91875150,20.29999953
6.59182930,19.50533485,1.38520752,0.85518311,2.24039063,6.08000035,18.21815537,6.90781623,20.29999857
6.58255196,19.50906754,1.36075195,0.85110107,2.21185303,6.08000098,18.24451684,6.89687939,20.29999821
6.57327414,19.51279640,1.33627930,0.84702393,2.18330322,6.08000032,18.27089327,6.88594434,20.29999835
6.56399536,19.51652527,1.31179443,0.84294678,2.15474121,6.08000043,18.29728219,6.87500596,20.29999942
6.55471611,19.52025414,1.28728516,0.83886963,2.12615479,6.08000024,18.32369744,6.86406849,20.29999984
6.54543543,19.52397919,1.26275879,0.83479492,2.09755371,6.08000066,18.35012644,6.85312885,20.29999937
6.53615427,19.52770042,1.23821289,0.83072510,2.06893799,6.08000084,18.37657263,6.84219058,20.29999957
6.52687216,19.53142166,1.21364746,0.82665527,2.04030273,6.08000054,18.40303963,6.83125114,20.29999984
6.51759005,19.53514099,1.18906250,0.82258545,2.01164795,6.08000027,18.42952590,6.82031171,20.29999808
6.50830603,19.53885841,1.17094238,0.81852051,1.98946289,6.07761500,18.45000057,6.80937075,20.29999960
6.49902248,19.54257393,1.17483887,0.81445557,1.98929443,6.06712953,18.45000136,6.79843173,20.29999848
6.48973703,19.54628754,1.17873291,0.81039307,1.98912598,6.05664904,18.45000009,6.78749024,20.29999835
6.48045111,19.54999924,1.18262207,0.81572998,1.99835205,6.04617457,18.44999978,6.77999937,20.30873913
6.47116470,19.55370903,1.18650635,0.84148682,2.02799316,6.03570448,18.45000083,6.77999915,20.33647424
6.46187687,19.55741501,1.17740967,0.85196533,2.02937500,6.03000025,18.46207213,6.77437974,20.34999739
6.45258904,19.56112099,1.15274414,0.84790771,2.00065186,6.03000086,18.48862940,6.76342625,20.34999847
6.44329977,19.56482315,1.12805908,0.84385254,1.97191162,6.03000010,18.51520381,6.75247150,20.34999829
6.43400955,19.56852341,1.10334473,0.83979980,1.94314453,6.03000078,18.54180705,6.74151678,20.34999830
6.42471886,19.57222176,1.09841309,0.83574951,1.93416260,6.02275408,18.55000084,6.73056178,20.34999893
6.41542721,19.57591820,1.10228271,0.83169922,1.93398193,6.01228637,18.55000173,6.71960681,20.34999722
6.40613461,19.57961273,1.10614990,0.82765381,1.93380371,6.00182442,18.55000073,6.70865135,20.34999864
6.39684105,19.58330536,1.11001221,0.82360840,1.93362061,5.99136719,18.55000091,6.69769511,20.34999803
6.38754654,19.58699608,1.11386963,0.81956543,1.93343506,5.98091460,18.55000232,6.68673907,20.34999762
6.37825108,19.59068298,1.09159180,0.82708252,1.91867432,5.98000090,18.57433197,6.67999918,20.36075670
6.36895561,19.59436798,1.06678711,0.85310059,1.91988770,5.98000048,18.60101573,6.67999972,20.38874334
6.35965824,19.59805107,1.04195068,0.86114990,1.90310059,5.98000038,18.62773098,6.67343732,20.39999982
6.35035992,19.60173035,1.02188721,0.85711426,1.87900146,5.97825262,18.65000058,6.66246723,20.39999962
6.34106112,19.60540962,1.02573486,0.85307861,1.87881348,5.96779555,18.65000141,6.65149696,20.39999928
6.33176088,19.60908508,1.02957764,0.84904785,1.87862549,5.95734360,18.65000122,6.64052652,20.39999979
6.32246017,19.61275864,1.03341553,0.84623779,1.87965332,5.94689676,18.65000233,6.62999954,20.40113538
6.31315851,19.61643028,1.03725098,0.87241943,1.90967041,5.93645467,18.65000192,6.62999963,20.42928166
6.30385542,19.62009811,1.03010498,0.89062744,1.92073242,5.93000046,18.66022897,6.62708993,20.44999974
6.29455185,19.62376404,1.00515869,0.88659912,1.89175781,5.93000010,18.68704315,6.61610432,20.44999767
6.28524685,19.62742805,0.99508301,0.88257568,1.87765869,5.92459832,18.69999997,6.60511929,20.44999810
6.27594137,19.63108826,0.99890381,0.87855713,1.87746094,5.91416143,18.70000061,6.59413452,20.44999963
6.26663446,19.63474655,1.00272217,0.87453857,1.87726074,5.90372720,18.70000056,6.58314926,20.44999872
6.25732660,19.63840294,1.00653564,0.87052246,1.87705811,5.89329947,18.70000103,6.57216274,20.44999858
6.24801779,19.64205551,1.01034424,0.86651123,1.87685547,5.88287546,18.70000110,6.56117831,20.44999868
6.23870754,19.64570618,0.99325684,0.86250244,1.85575928,5.88000036,18.71948358,6.55019377,20.44999891
6.22939682,19.64935493,0.96818115,0.85849609,1.82667725,5.88000063,18.74641688,6.53920998,20.44999931
6.22008514,19.65299988,0.96813965,0.85449219,1.82263184,5.87096084,18.75000122,6.52822663,20.44999781
6.21077204,19.65664291,0.97193604,0.85049316,1.82242920,5.86054015,18.75000227,6.51724265,20.44999931
6.20145798,19.66028214,0.97572754,0.84649658,1.82222412,5.85012242,18.75000328,6.50626064,20.44999843
6.19214296,19.66391945,0.97951660,0.84250244,1.82201904,5.83971034,18.75000258,6.49527754,20.44999820
6.18282700,19.66755295,0.98135742,0.83851318,1.81987061,5.83000085,18.75181495,6.48429654,20.44999813
6.17350912,19.67118454,0.95617432,0.85313232,1.80930664,5.83000070,18.77884420,6.47999941,20.46736195
6.16419125,19.67481422,0.93728516,0.87975098,1.81703613,5.82772898,18.80000189,6.48000016,20.49592720
6.15487194,19.67844009,0.94106201,0.88012939,1.82119141,5.81731703,18.80000146,6.47057058,20.50000090
6.14555073,19.68206215,0.94483398,0.87614746,1.82098145,5.80690884,18.80000039,6.45957440,20.50000073
6.13622904,19.68568230,0.94860107,0.87216797,1.82076904,5.79650574,18.80000059,6.44857929,20.50000060
6.12690639,19.68930054,0.95236328,0.86819092,1.82055420,5.78610670,18.80000228,6.43758532,20.50000028
6.11758232,19.69291496,0.94412842,0.86421875,1.80834717,5.78000060,18.81120238,6.42659161,20.50000066
6.10825729,19.69652557,0.91878906,0.86024902,1.77903809,5.78000065,18.83837586,6.41559928,20.49999884
6.09893084,19.70013428,0.91009766,0.85628418,1.76638184,5.77404412,18.85000112,6.40460721,20.49999962
6.08960390,19.70373917,0.91384766,0.85232422,1.76617188,5.76364462,18.85000145,6.39361845,20.50000025
6.08027554,19.70734215,0.91759521,0.84836426,1.76595947,5.75324916,18.85000050,6.38262835,20.49999886
6.07094526,19.71094131,0.92133545,0.84441162,1.76574707,5.74285843,18.85000113,6.37163958,20.50000017
6.06161451,19.71453857,0.92507324,0.84045898,1.76553223,5.73247127,18.85000097,6.36065180,20.49999898
6.05228233,19.71813202,0.92880615,0.83651367,1.76531982,5.72208670,18.85000087,6.34966749,20.49999977
6.04294920,19.72172165,0.93253418,0.83257080,1.76510498,5.71170845,18.84999951,6.33868246,20.49999918
6.03361464,19.72530746,0.93625488,0.82863525,1.76489014,5.70133381,18.85000033,6.32770080,20.50000072
6.02427864,19.72889137,0.93997314,0.82469971,1.76467285,5.69096337,18.84999978,6.31671786,20.50000025
6.01494217,19.73247337,0.94368652,0.82076660,1.76445313,5.68059663,18.85000115,6.30573752,20.49999914
6.00560379,19.73605156,0.91980713,0.81684082,1.73664795,5.68000032,18.87580305,6.29475811,20.50000095
5.99626446,19.73962402,0.89764160,0.81291992,1.71056152,5.67878242,18.90000174,6.28378174,20.50000064
5.98692369,19.74319649,0.90134766,0.82936035,1.73070801,5.66840966,18.90000233,6.27999920,20.51904784
5.97758198,19.74676323,0.90504883,0.85654541,1.76159424,5.65803915,18.90000129,6.27999985,20.54814547
5.96823883,19.75032997,0.90874756,0.85460693,1.76335449,5.64767287,18.90000085,6.26970637,20.54999887
5.95889425,19.75388908,0.91243652,0.85069580,1.76313232,5.63731173,18.90000084,6.25871665,20.54999832
5.94954920,19.75744820,0.90747559,0.84678711,1.75426270,5.63000007,18.90809530,6.24772811,20.54999964
5.94020176,19.76100159,0.88171387,0.84288330,1.72459717,5.63000035,18.93565661,6.23674194,20.54999848
5.93085384,19.76455307,0.87007324,0.83898438,1.70905762,5.62502271,18.95000116,6.22575723,20.54999996
5.92150402,19.76810074,0.87375244,0.83508789,1.70884033,5.61465658,18.95000051,6.21477311,20.54999909
5.91215324,19.77164459,0.87742432,0.83119629,1.70862061,5.60429596,18.95000151,6.20379074,20.54999854
5.90280104,19.77518463,0.88109375,0.82731201,1.70840576,5.59393722,18.95000020,6.19281188,20.55000002
5.89344740,19.77872276,0.88475830,0.82342773,1.70818604,5.58358361,18.94999984,6.18183174,20.54999944
5.88409233,19.78225708,0.88841797,0.81954834,1.70796631,5.57323112,18.95000004,6.17085577,20.54999805
5.87473679,19.78578758,0.89207031,0.81567627,1.70774658,5.56288468,18.95000189,6.15988288,20.54999927
5.86537933,19.78931427,0.89572021,0.81180664,1.70752686,5.55254041,18.95000117,6.14891063,20.54999817
5.85602093,19.79283714,0.89936523,0.80794434,1.70730957,5.54220083,18.94999980,6.13794106,20.54999967
5.84666061,19.79635620,0.90300293,0.81276611,1.71576904,5.53186445,18.95000065,6.12999929,20.55813569
5.83729887,19.79987335,0.88232178,0.84040771,1.72272949,5.53000054,18.97279450,6.12999921,20.58766241
5.82793617,19.80338478,0.85693115,0.84971191,1.70664307,5.52976079,19.00000294,6.12359957,20.59999851
5.81857204,19.80689430,0.86056396,0.84585938,1.70642334,5.51941374,19.00000233,6.11261859,20.59999879
5.80920649,19.81040001,0.86418945,0.84200928,1.70619873,5.50907249,19.00000317,6.10163728,20.59999731
5.79983950,19.81389999,0.86781006,0.83816895,1.70597900,5.49873328,19.00000235,6.09066107,20.59999797
5.79047060,19.81739807,0.87142578,0.83433105,1.70575684,5.48839776,19.00000290,6.07968485,20.59999848
5.78110075,19.82089043,0.87503662,0.83050049,1.70553711,5.47806552,19.00000143,6.06871260,20.59999920
5.77172947,19.82438278,0.87864502,0.82666992,1.70531494,5.46773574,19.00000126,6.05774084,20.59999909
5.76235723,19.82786751,0.88224365,0.82284668,1.70509033,5.45741099,19.00000175,6.04677300,20.59999728
5.75298262,19.83135033,0.88583984,0.81902832,1.70486816,5.44708785,19.00000163,6.03580629,20.59999731
5.74360752,19.83482933,0.88943115,0.81521484,1.70464600,5.43676910,19.00000119,6.02484260,20.59999737
5.73423052,19.83830261,0.88272461,0.81140869,1.69413330,5.43000009,19.00966117,6.01388197,20.59999755
5.72485209,19.84177399,0.85634277,0.80760498,1.66394775,5.43000053,19.03779296,6.00292249,20.59999733
5.71547222,19.84524155,0.84692139,0.80380859,1.65072998,5.42414784,19.05000194,5.99196665,20.59999924
5.70609140,19.84870529,0.85050049,0.80001465,1.65051514,5.41382040,19.05000092,5.98101316,20.59999845
5.69670868,19.85216522,0.85407227,0.82517822,1.67925049,5.40349815,19.05000127,5.97999963,20.62719124
5.68732452,19.85561943,0.85763916,0.84567383,1.70331299,5.39317725,19.05000022,5.97736801,20.64999907
5.67793894,19.85906982,0.86119873,0.84189209,1.70309082,5.38286054,19.05000120,5.96640217,20.65000047
5.66855145,19.86251640,0.84297852,0.83811279,1.68109131,5.38000035,19.07046143,5.95543700,20.64999958
5.65916348,19.86596107,0.81635498,0.83433838,1.65069336,5.38000026,19.09882135,5.94447635,20.65000005
5.64977360,19.86940002,0.81865234,0.83056885,1.64922119,5.37010102,19.10000096,5.93351715,20.64999865
5.64038181,19.87283516,0.82219971,0.82680664,1.64900635,5.35977485,19.10000130,5.92256107,20.64999935
5.63098860,19.87626457,0.82574219,0.82305176,1.64879395,5.34945137,19.09999983,5.91160852,20.65000009
5.62159443,19.87969208,0.82927979,0.81929688,1.64857666,5.33913241,19.09999974,5.90065616,20.64999844
5.61219835,19.88311386,0.83281006,0.81555176,1.64836182,5.32881563,19.10000029,5.88970854,20.64999900
5.60280085,19.88653183,0.83633545,0.81181152,1.64814697,5.31850090,19.10000114,5.87876424,20.64999902
5.59340191,19.88994598,0.83985596,0.80807617,1.64793213,5.30819021,19.10000147,5.86782132,20.64999934
5.58400154,19.89335632,0.84337402,0.80434570,1.64771973,5.29788070,19.09999976,5.85688174,20.64999919
5.57459879,19.89676094,0.84688232,0.80062256,1.64750488,5.28757510,19.10000056,5.84594421,20.64999939
5.56519508,19.90016365,0.84232666,0.79690186,1.63922852,5.28000061,19.10758659,5.83500965,20.64999879
5.55578947,19.90356064,0.81536377,0.81069580,1.62605957,5.28000010,19.13625474,5.82999994,20.66647370
5.54638243,19.90695190,0.80425537,0.83935059,1.64360596,5.27462340,19.15000160,5.83000018,20.69693318
5.53697443,19.91034126,0.80775146,0.83889893,1.64665039,5.26430828,19.15000213,5.82015477,20.69999960
5.52756453,19.91372490,0.81124268,0.83519531,1.64643799,5.25399385,19.15000127,5.80921261,20.69999812
5.51815319,19.91710472,0.81472656,0.83149902,1.64622559,5.24368430,19.15000226,5.79827247,20.69999922
5.50873995,19.92048073,0.81820801,0.82780762,1.64601563,5.23337453,19.15000148,5.78733608,20.69999961
5.49932528,19.92385101,0.82168213,0.82412109,1.64580322,5.22306815,19.15000117,5.77640240,20.69999784
5.48990870,19.92721748,0.82515137,0.82044189,1.64559326,5.21276464,19.15000066,5.76547098,20.69999842
5.48049068,19.93058014,0.82861328,0.81676758,1.64538086,5.20246376,19.15000274,5.75454298,20.69999854
5.47107124,19.93393707,0.83207275,0.81310059,1.64517334,5.19216461,19.15000072,5.74361850,20.69999882
5.46164989,19.93729019,0.83552490,0.80943848,1.64496338,5.18186829,19.15000110,5.73269627,20.69999885
5.45222712,19.94063759,0.83896973,0.80578369,1.64475342,5.17157525,19.15000194,5.72177760,20.69999909
5.44280291,19.94398117,0.84241211,0.80213379,1.64454590,5.16128252,19.15000103,5.71086294,20.69999867
5.43337727,19.94732094,0.84584717,0.79848877,1.64433594,5.15099399,19.15000225,5.69995010,20.69999831
5.42394924,19.95065498,0.84927734,0.79485107,1.64412842,5.14070609,19.15000193,5.68904065,20.69999788
5.41452026,19.95398521,0.85270264,0.79122070,1.64392334,5.13042042,19.15000198,5.67813581,20.69999930
5.40508938,19.95731163,0.85612305,0.78759277,1.64371582,5.12013677,19.15000207,5.66723232,20.69999830
5.39565659,19.96063232,0.85953613,0.78397461,1.64351074,5.10985589,19.15000274,5.65633264,20.69999974
5.38622236,19.96394730,0.86294434,0.78036133,1.64330566,5.09957669,19.15000185,5.64543629,20.69999889
5.37678671,19.96725845,0.86634766,0.77675293,1.64310059,5.08930001,19.15000105,5.63454251,20.69999788
5.36734867,19.97056580,0.86974609,0.79229736,1.66204346,5.07902328,19.15000091,5.62999940,20.71806141
5.35790968,19.97386742,0.87313721,0.82159668,1.69473389,5.06875096,19.15000101,5.62999961,20.74910170
5.34846926,19.97716331,0.87652100,0.81895508,1.69547607,5.05848108,19.15000193,5.61941232,20.75000050
5.33902645,19.98045540,0.87990234,0.81536621,1.69526855,5.04821036,19.15000123,5.60851274,20.75000019
5.32958221,19.98374367,0.88327881,0.81178223,1.69506104,5.03794199,19.15000065,5.59761576,20.74999976
5.32013607,19.98702621,0.88664795,0.80820557,1.69485352,5.02767560,19.15000084,5.58672235,20.74999935
5.31068897,19.99030495,0.89001221,0.80463623,1.69464844,5.01741113,19.15000149,5.57583363,20.75000083
5.30123997,19.99357796,0.89336914,0.80107178,1.69444092,5.00714937,19.15000271,5.56494695,20.75000024
5.29178905,19.99684715,0.89672363,0.79751221,1.69423584,4.99688796,19.15000203,5.55406297,20.74999929
5.28233719,20.00011253,0.90007324,0.79395996,1.69403320,4.98662858,19.15000181,5.54318351,20.75000026
5.27288342,20.00337219,0.95635010,0.79041260,1.74676270,4.95899719,19.10000014,5.53230685,20.74999903
5.26342821,20.00662804,0.95968262,0.78687256,1.74655518,4.94875987,19.09999991,5.52143422,20.74999963
5.25397158,20.00987816,0.96300781,0.78333984,1.74634766,4.93852486,19.10000052,5.51056553,20.75000030
5.24451303,20.01312447,0.96110107,0.77981201,1.74091309,4.93000041,19.10494113,5.49970027,20.75000042
5.23505402,20.01636887,0.93311279,0.77628662,1.70939941,4.93000067,19.13452878,5.48883773,20.75000007
5.22559261,20.01960564,0.90506104,0.77895996,1.68402100,4.93000050,19.16417548,5.48000023,20.75584973
5.21613026,20.02284050,0.87694824,0.80872314,1.68567139,4.93000047,19.19388455,5.47999962,20.78730507
5.20666599,20.02606964,0.87379150,0.81864014,1.69243164,4.92184415,19.20000179,5.47351065,20.79999831
5.19720078,20.02929497,0.87710205,0.81513428,1.69223633,4.91157881,19.20000124,5.46264338,20.79999861
5.18773365,20.03251839,0.88041016,0.81163330,1.69204346,4.90131297,19.20000104,5.45177940,20.80000022
5.17826509,20.03573418,0.88370850,0.80813965,1.69184814,4.89104999,19.20000205,5.44091948,20.80000007
5.16879559,20.03894806,0.88700684,0.80464844,1.69165527,4.88078664,19.20000113,5.43006297,20.79999894
5.15932465,20.04215622,0.86109131,0.80116455,1.66225586,4.88000022,19.22762807,5.41920978,20.79999813
5.14985228,20.04536247,0.84073242,0.79768555,1.63841797,4.87739396,19.25000251,5.40836028,20.79999871
5.14037848,20.04856300,0.84402100,0.79421387,1.63823486,4.86711665,19.25000219,5.39751465,20.79999937
5.13090324,20.05175972,0.84730469,0.79074707,1.63805176,4.85684055,19.25000234,5.38667224,20.79999977
5.12142706,20.05495262,0.85058350,0.78728516,1.63786865,4.84656566,19.25000325,5.37583395,20.79999963
5.11194897,20.05814362,0.85386230,0.78382568,1.63768799,4.83628923,19.25000223,5.36499818,20.79999856
5.10247040,20.06132889,0.84478027,0.78037598,1.62515625,4.83000037,19.26169541,5.35416788,20.79999996
5.09298992,20.06451035,0.81615234,0.77692871,1.59308105,4.83000075,19.29189056,5.34334004,20.79999864
5.08350801,20.06768990,0.81085449,0.77348633,1.58434082,4.82247092,19.30000206,5.33251524,20.79999890
5.07402563,20.07086372,0.81411865,0.79587158,1.60999023,4.81218290,19.30000218,5.32999960,20.82444773
5.06454134,20.07403374,0.81738037,0.81941895,1.63679932,4.80189413,19.30000072,5.32784360,20.84999722
5.05505610,20.07720184,0.82063721,0.81598877,1.63662598,4.79160640,19.30000194,5.31701350,20.84999936
5.04556990,20.08036423,0.82388916,0.81256348,1.63645264,4.78132039,19.30000180,5.30618687,20.84999931
5.03608179,20.08352470,0.82713867,0.80914063,1.63627930,4.77103296,19.30000221,5.29536331,20.84999822
5.02659321,20.08668137,0.83038574,0.80572266,1.63610840,4.76074834,19.30000037,5.28454228,20.84999734
5.01710367,20.08983421,0.83362793,0.80231201,1.63593994,4.75046169,19.30000033,5.27372903,20.84999734
5.00761271,20.09298325,0.83686279,0.79890625,1.63576904,4.74017935,19.30000234,5.26291642,20.84999791
4.99812031,20.09613037,0.83976318,0.79550537,1.63526855,4.73000097,19.30031997,5.25210902,20.84999939
4.98862648,20.09927177,0.81075684,0.79210938,1.60286621,4.73000092,19.33087121,5.24130364,20.84999908
4.97913218,20.10241127,0.79380615,0.78871582,1.58252197,4.72613855,19.35000022,5.23050346,20.84999743
4.96963692,20.10554695,0.79703369,0.78532959,1.58236328,4.71583956,19.35000104,5.21970736,20.84999799
4.96014023,20.10867882,0.80025879,0.78194824,1.58220703,4.70554020,19.35000042,5.20891481,20.84999806
4.95064211,20.11180687,0.80347900,0.77857178,1.58205078,4.69524125,19.35000048,5.19812574,20.84999785
4.94114304,20.11493301,0.80669678,0.77520020,1.58189697,4.68494305,19.35000078,5.18733997,20.84999931
4.93164349,20.11805725,0.80991211,0.78267578,1.59258789,4.67464479,19.35000166,5.17999964,20.86028409
4.92214251,20.12117767,0.81312500,0.81331543,1.62644043,4.66434606,19.35000113,5.17999932,20.89253482
4.91264057,20.12429428,0.81633301,0.81782227,1.63415527,4.65404810,19.35000137,5.17170480,20.89999975
4.90313768,20.12740707,0.81953857,0.81446289,1.63400146,4.64374937,19.35000041,5.16091952,20.89999899
4.89363384,20.13051796,0.82273926,0.81110840,1.63384766,4.63345278,19.35000169,5.15013679,20.90000026
4.88412905,20.13362503,0.82593994,0.80775635,1.63369629,4.62315400,19.34999963,5.13935857,20.89999842
4.87462330,20.13673019,0.82913574,0.80441162,1.63354736,4.61285588,19.35000032,5.12858503,20.90000046
4.86511660,20.13983154,0.83232666,0.80106934,1.63339600,4.60255914,19.35000166,5.11781393,20.90000003
4.85560846,20.14292908,0.83551758,0.79773193,1.63324951,4.59225957,19.34999969,5.10704760,20.89999884
4.84609938,20.14602470,0.83870361,0.79439941,1.63310303,4.58196046,19.35000059,5.09628526,20.89999915
4.83658981,20.14911842,0.81538574,0.79106934,1.60645508,4.58000067,19.37515721,5.08552696,20.89999859
4.82707930,20.15220833,0.79239746,0.78774658,1.58014404,4.57792430,19.40000120,5.07477191,20.90000047
4.81756783,20.15529633,0.79558105,0.78442383,1.58000488,4.56760915,19.40000173,5.06402109,20.89999867
4.80805540,20.15838051,0.79875977,0.78110840,1.57986816,4.55729589,19.40000275,5.05327351,20.89999928
4.79854250,20.16146278,0.80193848,0.77779541,1.57973389,4.54698079,19.40000234,5.04253072,20.89999878
4.78902817,20.16454124,0.80511475,0.77448975,1.57960449,4.53666434,19.40000070,5.03179256,20.90000016
4.77951336,20.16761780,0.80828613,0.77118408,1.57947021,4.52634887,19.40000190,5.02105706,20.89999849
4.76999760,20.17069244,0.81145752,0.76788330,1.57934082,4.51603234,19.40000118,5.01032525,20.89999858
4.76048136,20.17376518,0.81462646,0.76458740,1.57921387,4.50571612,19.40000105,4.99959744,20.90000025
4.75096369,20.17683220,0.81778809,0.76129639,1.57908447,4.49539989,19.40000245,4.98887348,20.89999959
4.74144506,20.17989922,0.82095215,0.76392090,1.58487305,4.48508035,19.40000207,4.98000021,20.90561718
4.73192644,20.18296432,0.82411377,0.79497803,1.61909180,4.47476143,19.40000222,4.97999963,20.93824556
4.72240639,20.18602562,0.82727295,0.80406494,1.63133789,4.46444079,19.40000129,4.97313512,20.94999912
4.71288586,20.18908501,0.83042969,0.80078369,1.63121338,4.45412038,19.40000080,4.96241352,20.94999923
4.70336437,20.19214249,0.83358398,0.79750488,1.63108887,4.44379877,19.40000111,4.95169548,20.94999848
4.69384241,20.19519615,0.83673340,0.79423340,1.63096680,4.43347712,19.40000269,4.94098303,20.94999954
4.68431950,20.19824982,0.81786377,0.79096191,1.60882568,4.43000048,19.42093201,4.93027324,20.94999944
4.67479610,20.20129967,0.79042969,0.78769531,1.57812500,4.42917438,19.45000142,4.91956813,20.94999891
4.66527224,20.20434761,0.79357910,0.78443115,1.57801025,4.41883679,19.45000195,4.90886691,20.94999759
4.65574741,20.20739365,0.79672852,0.78117188,1.57790039,4.40849796,19.45000070,4.89816916,20.94999800
4.64622164,20.21043587,0.79987305,0.77791748,1.57779053,4.39815727,19.45000115,4.88747693,20.94999755
4.63669538,20.21347809,0.80301758,0.77466553,1.57768311,4.38781644,19.45000152,4.87678719,20.94999867
4.62716866,20.21651649,0.80615967,0.77141846,1.57757813,4.37747409,19.45000100,4.86610271,20.94999924
4.61764097,20.21955490,0.80930176,0.76817139,1.57747314,4.36713045,19.45000060,4.85542004,20.94999888
4.60811281,20.22259140,0.81244141,0.76492676,1.57736816,4.35678524,19.45000129,4.84474180,20.94999752
4.59858370,20.22562408,0.81557861,0.76168945,1.57726807,4.34643794,19.45000111,4.83406899,20.94999795
4.58905458,20.22865486,0.81871338,0.77981934,1.59853271,4.33609173,19.45000127,4.83000011,20.97031751
4.57952452,20.23168564,0.82185059,0.80779297,1.62964355,4.32574111,19.45000004,4.82896700,21.00000064
4.56999397,20.23471260,0.82498291,0.80456055,1.62954346,4.31539101,19.44999982,4.81829426,20.99999991
4.56046295,20.23773956,0.82811523,0.80133057,1.62944580,4.30503845,19.45000031,4.80762597,21.00000007
4.55093145,20.24076462,0.83124512,0.79810303,1.62934814,4.29468488,19.45000161,4.79696137,20.99999957
4.54139900,20.24378586,0.83437256,0.79488037,1.62925293,4.28432967,19.45000192,4.78630083,20.99999874
4.53186607,20.24680710,0.83750244,0.79166016,1.62916260,4.27397116,19.45000060,4.77564462,20.99999888
4.52233267,20.24982643,0.84062988,0.78844482,1.62907471,4.26361157,19.45000017,4.76499274,21.00000066
4.51279879,20.25284386,0.84375488,0.78522949,1.62898438,4.25325001,19.45000093,4.75434447,20.99999917
4.50326490,20.25585938,0.84687988,0.78201904,1.62889893,4.24288704,19.45000027,4.74370094,20.99999934
4.49373007,20.25887489,0.85000488,0.77881104,1.62881592,4.23252083,19.45000030,4.73306121,21.00000058
4.48419428,20.26188660,0.85312500,0.77560547,1.62873047,4.22215373,19.45000173,4.72242442,20.99999923
4.47465849,20.26489830,0.85624756,0.77240234,1.62864990,4.21178341,19.45000160,4.71179239,20.99999893
4.46512222,20.26790810,0.85937012,0.76920410,1.62857422,4.20141115,19.45000009,4.70116446,21.00000033
4.45558548,20.27091789,0.86249023,0.76600586,1.62849609,4.19103745,19.45000144,4.69053926,21.00000071
4.44604826,20.27392387,0.86561035,0.76307373,1.62868408,4.18066007,19.45000009,4.67999966,21.00024905
4.43651104,20.27692986,0.83701172,0.79452148,1.63153320,4.18000078,19.48019207,4.67999976,21.03322188
4.42697287,20.27993393,0.81932129,0.80895508,1.62827637,4.17598918,19.50000153,4.67478106,21.04999848
4.41743469,20.28293800,0.82244141,0.80576660,1.62820801,4.16559833,19.50000230,4.66416513,21.04999987
4.40789557,20.28593826,0.82555908,0.80258057,1.62813965,4.15520422,19.50000255,4.65355353,21.04999833
4.39835644,20.28893852,0.82867920,0.79939697,1.62807617,4.14480772,19.50000108,4.64294575,21.04999805
4.38881731,20.29193878,0.83179688,0.79621582,1.62801270,4.13440944,19.50000274,4.63234260,21.04999886
4.37927723,20.29493713,0.83491455,0.79303711,1.62795166,4.12400774,19.50000331,4.62174297,21.04999886
4.36973667,20.29793549,0.83803467,0.78986084,1.62789551,4.11360234,19.50000234,4.61114730,21.05000001
4.36019611,20.30093193,0.84115234,0.78668457,1.62783691,4.10319592,19.50000237,4.60055458,21.04999830
4.35065556,20.30392647,0.84427002,0.78351318,1.62778320,4.09278687,19.50000134,4.58996704,21.04999813
4.34111404,20.30692101,0.84738770,0.78034424,1.62773193,4.08237347,19.50000142,4.57938363,21.04999888
4.33157253,20.30991364,0.85050293,0.77717773,1.62768066,4.07195972,19.50000224,4.56880311,21.04999939
4.32203054,20.31290627,0.85362061,0.77401123,1.62763184,4.06154132,19.50000193,4.55822632,21.04999846
4.31248856,20.31589699,0.85673584,0.77084961,1.62758545,4.05112090,19.50000282,4.54765457,21.04999923
4.30294609,20.31888771,0.85985352,0.76768799,1.62754150,4.04069655,19.50000235,4.53708576,21.04999881
4.29340363,20.32187843,0.86297119,0.76452881,1.62750000,4.03026931,19.50000275,4.52652121,21.04999965
4.28386068,20.32486725,0.83276123,0.76136963,1.59413086,4.03000009,19.53174300,4.51595812,21.04999793
4.27431774,20.32785606,0.81670898,0.75821533,1.57492432,4.02540757,19.55000176,4.50540067,21.04999953
4.26477432,20.33084297,0.81982666,0.75506104,1.57488770,4.01496821,19.55000192,4.49484596,21.04999823
4.25523090,20.33382988,0.82294678,0.75190918,1.57485596,4.00452529,19.55000075,4.48429536,21.04999809
4.24568748,20.33681488,0.82606445,0.76928223,1.59534668,3.99408039,19.55000081,4.47999955,21.06954473
4.23614359,20.33980179,0.82918457,0.79810303,1.62728760,3.98363360,19.55000068,4.47918838,21.09999762
4.22659969,20.34278679,0.83230469,0.79495605,1.62726074,3.97318183,19.55000026,4.46864575,21.09999801
4.21705532,20.34577179,0.83542480,0.79180908,1.62723389,3.96272741,19.55000050,4.45810532,21.09999759
4.20751095,20.34875488,0.83854248,0.78866699,1.62720947,3.95227096,19.55000205,4.44756957,21.09999887
4.19796658,20.35173798,0.84166260,0.78552490,1.62718750,3.94181151,19.55000204,4.43703646,21.09999927
4.18842173,20.35472107,0.84478516,0.78238281,1.62716797,3.93134710,19.55000083,4.42650684,21.09999847
4.17887688,20.35770226,0.84790527,0.77924561,1.62715088,3.92088042,19.55000108,4.41598191,21.09999931
4.16933250,20.36068535,0.85102783,0.77610596,1.62713379,3.91041043,19.55000181,4.40545988,21.09999880
4.15978718,20.36366844,0.85415283,0.77296631,1.62711914,3.89993707,19.55000082,4.39493875,21.09999762
4.15024233,20.36664963,0.85727539,0.76983154,1.62710693,3.88946123,19.55000137,4.38442322,21.09999809
4.14069653,20.36963081,0.85704834,0.76669678,1.62374512,3.88000010,19.55319389,4.37390987,21.09999750
4.13115120,20.37261200,0.82570801,0.76356445,1.58927246,3.88000038,19.58602631,4.36340017,21.09999852
4.12160587,20.37559319,0.81416504,0.76043213,1.57459717,3.87397473,19.60000084,4.35289397,21.09999833
4.11206055,20.37857437,0.81729248,0.75729980,1.57459229,3.86348363,19.60000100,4.34239088,21.09999722
4.10251522,20.38155365,0.82041992,0.75417236,1.57459229,3.85299016,19.60000002,4.33189154,21.09999811
4.09296989,20.38453484,0.82354980,0.77933350,1.60288330,3.84249222,19.59999984,4.32999945,21.12694823
4.08342457,20.38751602,0.82667969,0.80040283,1.62708252,3.83199244,19.60000016,4.32686467,21.14999989
4.07387877,20.39049530,0.82980957,0.79727783,1.62708740,3.82148836,19.59999986,4.31637449,21.15000027
4.06433392,20.39347839,0.83294434,0.79414795,1.62709229,3.81098058,19.59999978,4.30588671,21.14999883
4.05478811,20.39645767,0.83607422,0.79102539,1.62709961,3.80046999,19.60000151,4.29540323,21.14999968
4.04524326,20.39943886,0.83920898,0.78790039,1.62710938,3.78995627,19.60000137,4.28492220,21.14999935
4.03569746,20.40241814,0.84234375,0.78477783,1.62712158,3.77943747,19.60000068,4.27444460,21.14999825
4.02615213,20.40540123,0.84548340,0.78165527,1.62713867,3.76891441,19.60000014,4.26397019,21.15000013
4.01660681,20.40838242,0.84862061,0.77853271,1.62715332,3.75838945,19.60000084,4.25349789,21.14999946
4.00706148,20.41136360,0.85176025,0.77541260,1.62717285,3.74786017,19.60000039,4.24302925,21.15000015
3.99751663,20.41434669,0.85490234,0.77229004,1.62719238,3.73732727,19.60000066,4.23256296,21.14999953
3.98797131,20.41732788,0.84750000,0.76916992,1.61666992,3.73000074,19.61004388,4.22209897,21.14999876
3.97842669,20.42031097,0.81602783,0.76604980,1.58207764,3.73000073,19.64301695,4.21163769,21.14999925
3.96888137,20.42329407,0.81183838,0.76292969,1.57476807,3.72169348,19.65000259,4.20117758,21.14999909
3.95933723,20.42627716,0.81498535,0.75981201,1.57479736,3.71114980,19.65000139,4.19072274,21.15000017
3.94979262,20.42926216,0.81813477,0.75669189,1.57482666,3.70060143,19.65000080,4.18026927,21.15000008
3.94024849,20.43224525,0.82128174,0.78699707,1.60827881,3.69005242,19.65000129,4.18000005,21.18183420
3.93070412,20.43523026,0.82443115,0.80294922,1.62738037,3.67949961,19.65000225,4.17536307,21.19999783
3.92116046,20.43821716,0.82758545,0.79983154,1.62741699,3.66894258,19.65000152,4.16491996,21.19999920
3.91161633,20.44120216,0.83073730,0.79671387,1.62745117,3.65838298,19.65000219,4.15447832,21.19999798
3.90207291,20.44418907,0.83389404,0.79359619,1.62749023,3.64781984,19.65000104,4.14403922,21.19999805
3.89253020,20.44717789,0.83705078,0.79047852,1.62752930,3.63725446,19.65000268,4.13360279,21.19999945
3.88298702,20.45016670,0.84021240,0.78735840,1.62757080,3.62668430,19.65000062,4.12316689,21.19999792
3.87344384,20.45315552,0.84337158,0.78424072,1.62761230,3.61611205,19.65000169,4.11273347,21.19999825
3.86390162,20.45614624,0.84653564,0.78112061,1.62765625,3.60553633,19.65000108,4.10230203,21.19999749
3.85435891,20.45913506,0.84969727,0.77800537,1.62770264,3.59495794,19.65000182,4.09187333,21.19999893
3.84481764,20.46212769,0.85286377,0.77488525,1.62774902,3.58437728,19.65000244,4.08144557,21.19999919
3.83527541,20.46512032,0.83570557,0.77176514,1.60747070,3.58000034,19.66935754,4.07101921,21.19999871
3.82573438,20.46811295,0.80669189,0.76864502,1.57533691,3.57924841,19.70000069,4.06059506,21.19999790
3.81619334,20.47110939,0.80986328,0.76552246,1.57538574,3.56866242,19.70000175,4.05017170,21.19999812
3.80665255,20.47410393,0.81303467,0.76240234,1.57543701,3.55807516,19.70000143,4.03974960,21.19999863
3.79711175,20.47710037,0.81620850,0.76147217,1.57768066,3.54748358,19.70000185,4.02999943,21.20208534
3.78757191,20.48009872,0.81938721,0.79240479,1.61179199,3.53688917,19.70000033,4.02999966,21.23450848
3.77803159,20.48309708,0.82256348,0.80555420,1.62811768,3.52629285,19.70000177,4.02456478,21.24999924
3.76849246,20.48609734,0.82574463,0.80243164,1.62817627,3.51569242,19.70000172,4.01415527,21.24999936
3.75895381,20.48909950,0.82892822,0.79930664,1.62823486,3.50509031,19.70000171,4.00374555,21.24999904
3.74941468,20.49210167,0.83211426,0.79618408,1.62829834,3.49448461,19.70000015,3.99333704,21.25000074
3.73987699,20.49510574,0.83530029,0.79305664,1.62835693,3.48387804,19.70000126,3.98292929,21.24999939
3.73033857,20.49810982,0.83848877,0.78993164,1.62842041,3.47326773,19.70000078,3.97252237,21.25000013
3.72080159,20.50111771,0.84168213,0.78680176,1.62848389,3.46265350,19.70000075,3.96211760,21.24999927
3.71126413,20.50412560,0.84487549,0.78367432,1.62854980,3.45203802,19.70000096,3.95171240,21.25000097
3.70172763,20.50713348,0.84807129,0.78054443,1.62861572,3.44141950,19.69999990,3.94130898,21.24999984
3.69219160,20.51014709,0.85127197,0.77740967,1.62868164,3.43079764,19.70000072,3.93090519,21.24999951
3.68265676,20.51315880,0.82248535,0.77427734,1.59676270,3.43000055,19.73044108,3.92050414,21.24999939
3.67312145,20.51617241,0.80513184,0.77114502,1.57627686,3.42569513,19.75000174,3.91010323,21.25000092
3.66358709,20.51918793,0.80833496,0.76800781,1.57634277,3.41507509,19.75000185,3.89970104,21.24999996
3.65405297,20.52220535,0.81154053,0.76487061,1.57641113,3.40445218,19.75000234,3.88929977,21.25000066
3.64452004,20.52522469,0.81475098,0.76173096,1.57648193,3.39382585,19.75000108,3.87890028,21.25000052
3.63498688,20.52824402,0.81795898,0.75859131,1.57655029,3.38319773,19.75000295,3.86850111,21.25000015
3.62545490,20.53126717,0.82117432,0.75544678,1.57662109,3.37256750,19.75000203,3.85810097,21.24999913
3.61592293,20.53429031,0.82438965,0.75230469,1.57669434,3.36193500,19.75000179,3.84770205,21.25000034
3.60639191,20.53731728,0.82760986,0.74915771,1.57676758,3.35130022,19.75000139,3.83730252,21.25000063
3.59686065,20.54034424,0.83083008,0.75605469,1.58688477,3.34066357,19.75000146,3.82999977,21.25955551
3.58733106,20.54337311,0.83405273,0.78660400,1.62065674,3.33002465,19.75000216,3.82999946,21.29160969
3.57780147,20.54640579,0.83728027,0.79227295,1.62955322,3.31938320,19.75000246,3.82232866,21.29999911
3.56827283,20.54943848,0.84050781,0.78912109,1.62962891,3.30874112,19.75000325,3.81193737,21.29999807
3.55874443,20.55247498,0.84374268,0.78596680,1.62970947,3.29809449,19.75000168,3.80154618,21.29999834
3.54921699,20.55551147,0.84697510,0.78281250,1.62978760,3.28744788,19.75000309,3.79115578,21.29999857
3.53969049,20.55855179,0.83986084,0.77965332,1.61951416,3.28000045,19.75984826,3.78076401,21.29999827
3.53016400,20.56159401,0.80867432,0.77649414,1.58516846,3.28000028,19.79258664,3.77037278,21.29999970
3.52063894,20.56463814,0.80411865,0.77333008,1.57744873,3.27176845,19.80000079,3.75998053,21.29999860
3.51111388,20.56768417,0.80736084,0.77016602,1.57752686,3.26112193,19.80000222,3.74958879,21.29999929
3.50159025,20.57073212,0.81060791,0.76699951,1.57760742,3.25047503,19.80000109,3.73919619,21.30000001
3.49206686,20.57378387,0.81385742,0.76382813,1.57768555,3.23982459,19.80000239,3.72880334,21.29999961
3.48254490,20.57683754,0.81711182,0.76065430,1.57776611,3.22917293,19.80000136,3.71841039,21.29999900
3.47302270,20.57989311,0.82036865,0.75747803,1.57784668,3.21851933,19.80000028,3.70801548,21.29999825
3.46350169,20.58295059,0.82362549,0.75430176,1.57792725,3.20786520,19.80000172,3.69762152,21.29999944
3.45398116,20.58601189,0.82688965,0.75112061,1.57801025,3.19720832,19.80000033,3.68722555,21.30000011
3.44446206,20.58907318,0.83015137,0.75813965,1.58829102,3.18655180,19.80000183,3.67999983,21.30969631
3.43494320,20.59213829,0.83342041,0.78839844,1.62181885,3.17589240,19.80000050,3.67999988,21.34148423
3.42542577,20.59520721,0.83669189,0.79416748,1.63085938,3.16523188,19.80000128,3.67239544,21.34999724
3.41590834,20.59827805,0.83996582,0.79097900,1.63094482,3.15457031,19.80000177,3.66200513,21.34999884
3.40639234,20.60135078,0.84324219,0.78778564,1.63102783,3.14390848,19.80000217,3.65161372,21.34999802
3.39687681,20.60442543,0.84652344,0.78459229,1.63111572,3.13324313,19.80000061,3.64122321,21.34999900
3.38736248,20.60750389,0.82598633,0.78139160,1.60737793,3.13000003,19.82263576,3.63083001,21.34999725
3.37784886,20.61058617,0.80047363,0.77819092,1.57866455,3.12831424,19.85000053,3.62043722,21.34999944
3.36833644,20.61367035,0.80376221,0.77498535,1.57874756,3.11765540,19.84999982,3.61004242,21.34999941
3.35882473,20.61675835,0.80705322,0.77177490,1.57882813,3.10699480,19.85000113,3.59964654,21.34999868
3.34931421,20.61984825,0.81034912,0.76856201,1.57891113,3.09633362,19.84999988,3.58924941,21.34999800
3.33980441,20.62294197,0.81364746,0.76534668,1.57899414,3.08567142,19.85000046,3.57885124,21.34999914
3.33029604,20.62603760,0.81694824,0.76212646,1.57907471,3.07500887,19.85000091,3.56845202,21.34999790
3.32078838,20.62913513,0.82025146,0.75890625,1.57915771,3.06434611,19.85000112,3.55805178,21.34999903
3.31128168,20.63223648,0.82355957,0.75567871,1.57923828,3.05368183,19.85000079,3.54764919,21.34999738
3.30177593,20.63534355,0.82687500,0.75244873,1.57932373,3.04301517,19.84999960,3.53724587,21.34999941
3.29227114,20.63845253,0.83019043,0.75930176,1.58949219,3.03234855,19.85000059,3.52999934,21.35957978
3.28276777,20.64156151,0.80695313,0.78928223,1.59623535,3.03000048,19.87521823,3.52999990,21.39112317
3.27326488,20.64467621,0.78417725,0.79539063,1.57956787,3.02751584,19.90000085,3.52252803,21.40000009
3.26376390,20.64779472,0.78750000,0.79214600,1.57964600,3.01685713,19.90000239,3.51212735,21.39999879
3.25426269,20.65091515,0.79082764,0.78890137,1.57972900,3.00619649,19.90000133,3.50172465,21.39999991
3.24476337,20.65403938,0.79415771,0.78565186,1.57980957,2.99553604,19.90000209,3.49132135,21.40000053
3.23526502,20.65716743,0.79749268,0.78239502,1.57988770,2.98487548,19.90000188,3.48091433,21.39999878
3.22576809,20.66029930,0.80083252,0.77913574,1.57996826,2.97421323,19.90000141,3.47050763,21.39999861
3.21627212,20.66343498,0.80417480,0.77587158,1.58004639,2.96355240,19.90000203,3.46009727,21.39999863
3.20677781,20.66657257,0.80751953,0.77260498,1.58012451,2.95289147,19.90000261,3.44968693,21.39999851
3.19728374,20.66971397,0.81086914,0.76933594,1.58020508,2.94222915,19.90000235,3.43927429,21.40000051
3.18779135,20.67285919,0.81422363,0.76605957,1.58028320,2.93156681,19.90000144,3.42885934,21.39999981
3.17830014,20.67600822,0.81758057,0.76277832,1.58035889,2.92090471,19.90000205,3.41844242,21.39999888
3.16881013,20.67916107,0.82094238,0.75949463,1.58043701,2.91024210,19.90000190,3.40802427,21.39999997
3.15932131,20.68231773,0.82430908,0.75620361,1.58051270,2.89957983,19.90000076,3.39760261,21.39999868
3.14983439,20.68547821,0.82767822,0.75291016,1.58058838,2.88891786,19.90000141,3.38718112,21.39999919
3.14034772,20.68864250,0.82551758,0.75989746,1.58541504,2.88000065,19.90525328,3.37999988,21.40976037
3.13086295,20.69180870,0.79510742,0.78963623,1.58474365,2.88000036,19.93731299,3.37999934,21.44111267
3.12137890,20.69498062,0.78511475,0.79569580,1.58081055,2.87356448,19.95000196,3.37253313,21.44999942
3.11189675,20.69815636,0.78849854,0.79238525,1.58088379,2.86291208,19.95000091,3.36210874,21.44999966
3.10241532,20.70133591,0.79188477,0.78906982,1.58095459,2.85225881,19.95000161,3.35168260,21.44999940
3.09293580,20.70451927,0.79527588,0.78574951,1.58102539,2.84160586,19.95000155,3.34125514,21.44999886
3.08345747,20.70770645,0.79867188,0.78242432,1.58109619,2.83095318,19.95000044,3.33082501,21.44999828
3.07398033,20.71089935,0.80207275,0.77909424,1.58116699,2.82030154,19.95000003,3.32039150,21.44999974
3.06450415,20.71409416,0.80547363,0.77575928,1.58123291,2.80965009,19.95000176,3.30995650,21.44999878
3.05502987,20.71729279,0.80888184,0.77241943,1.58130127,2.79899967,19.94999987,3.29951886,21.44999802
3.04555678,20.72049522,0.81229004,0.76907715,1.58136719,2.78835112,19.95000168,3.28907940,21.44999940
3.03608441,20.72370148,0.80844482,0.76572754,1.57417236,2.78000018,19.95688734,3.27863746,21.44999805
3.02661395,20.72691154,0.77826416,0.76237549,1.54063965,2.78000021,19.98875384,3.26819294,21.44999937
3.01714373,20.73012352,0.76982178,0.75901855,1.52884033,2.77311795,20.00000232,3.25774499,21.44999863
3.00767565,20.73334122,0.77324463,0.75565674,1.52890137,2.76247882,20.00000245,3.24729534,21.44999978
2.99820852,20.73656273,0.77667236,0.75228760,1.52895996,2.75183974,20.00000155,3.23684220,21.44999849
2.98874235,20.73978615,0.78010010,0.76030029,1.54040039,2.74120172,20.00000248,3.23000013,21.46079328
2.97927690,20.74301147,0.78353027,0.78986572,1.57339600,2.73056509,20.00000265,3.22999973,21.49202810
2.96981335,20.74624252,0.78696777,0.79489258,1.58186035,2.71992955,20.00000104,3.22221348,21.49999870
2.96035004,20.74947548,0.79040527,0.79151367,1.58191895,2.70929510,20.00000105,3.21175703,21.50000090
2.95088816,20.75271034,0.79384277,0.78812744,1.58197021,2.69866290,20.00000269,3.20129750,21.49999882
2.94142747,20.75594902,0.79728516,0.78473877,1.58202393,2.68803272,20.00000278,3.19083470,21.49999940
2.93196774,20.75919151,0.80073242,0.78134521,1.58207764,2.67740199,20.00000200,3.18036998,21.49999965
2.92250848,20.76243591,0.80417969,0.77794922,1.58212891,2.66677345,20.00000257,3.16990202,21.50000046
2.91305041,20.76568413,0.80763184,0.77454590,1.58217773,2.65614614,20.00000186,3.15943019,21.49999899
2.90359330,20.76893425,0.81108398,0.77114258,1.58222656,2.64552079,20.00000264,3.14895717,21.50000022
2.89413738,20.77218628,0.81453857,0.76773438,1.58227295,2.63489764,20.00000244,3.13848095,21.49999967
2.88468170,20.77544212,0.80001221,0.77060059,1.57061279,2.63000057,20.01705100,3.12999975,21.50595178
2.87522793,20.77869987,0.77012695,0.80010010,1.57022705,2.63000069,20.04865936,3.12999935,21.53715338
2.86577415,20.78196144,0.77217285,0.81023193,1.58240479,2.61983753,20.05000099,3.12383258,21.54999898
2.85632157,20.78522301,0.77563232,0.80681152,1.58244385,2.60922712,20.05000205,3.11334883,21.54999869
2.84686923,20.78848648,0.77909424,0.80338867,1.58248291,2.59861786,20.05000214,3.10286181,21.54999892
2.83741832,20.79175377,0.78256104,0.79996094,1.58252197,2.58801025,20.05000083,3.09237187,21.54999926
2.82796741,20.79502296,0.78602783,0.79653076,1.58255859,2.57740438,20.05000088,3.08187846,21.55000006
2.81851745,20.79829597,0.78949707,0.79309326,1.58259033,2.56680065,20.05000173,3.07138082,21.54999873
2.80906844,20.80156898,0.79296631,0.78965576,1.58262207,2.55620036,20.05000172,3.06088083,21.54999853
2.79961991,20.80484390,0.79643799,0.78621582,1.58265381,2.54560162,20.05000074,3.05037792,21.54999876
2.79017210,20.80811882,0.79990723,0.78277588,1.58268311,2.53500636,20.05000143,3.03987304,21.54999986
2.78072453,20.81139755,0.78586426,0.78132324,1.56718750,2.53000035,20.06660227,3.02999992,21.55188914
2.77127838,20.81468010,0.75615234,0.81082031,1.56697266,2.53000052,20.09805513,3.03000005,21.58311531
2.76183200,20.81796074,0.75757324,0.82518555,1.58275879,2.52006911,20.09999980,3.02517187,21.59999864
2.75238705,20.82124519,0.76104736,0.82173096,1.58277832,2.50948653,20.10000154,3.01465571,21.59999861
2.74294186,20.82452965,0.76452393,0.81827393,1.58279785,2.49890558,20.10000001,3.00413514,21.59999748
2.73349786,20.82781792,0.76800049,0.81481445,1.58281494,2.48832790,20.10000169,2.99361231,21.59999865
2.72405386,20.83110619,0.77147949,0.81135254,1.58283203,2.47775274,20.09999988,2.98308477,21.59999889
2.71461010,20.83439445,0.77495605,0.80788818,1.58284424,2.46718068,20.09999972,2.97255415,21.59999765
2.70516682,20.83768463,0.77843262,0.80442383,1.58285645,2.45661122,20.10000082,2.96202148,21.59999909
2.69572449,20.84097672,0.78191162,0.80095459,1.58286621,2.44604541,20.10000021,2.95148435,21.59999924
2.68628192,20.84427071,0.78539063,0.79748047,1.58287109,2.43548153,20.10000084,2.94094298,21.59999743
2.67684031,20.84756470,0.78886963,0.79400879,1.58287842,2.42492224,20.10000028,2.93039951,21.59999919
2.66739845,20.85085869,0.79234619,0.79053223,1.58287842,2.41436572,20.10000125,2.91985191,21.59999714
2.65795732,20.85415459,0.79582520,0.78705566,1.58288086,2.40381348,20.10000032,2.90930064,21.59999852
2.64851618,20.85745049,0.79930176,0.78357666,1.58287842,2.39326361,20.10000117,2.89874702,21.59999809
2.63907576,20.86074829,0.80278076,0.78009521,1.58287598,2.38271683,20.10000055,2.88819031,21.59999828
2.62963510,20.86404610,0.78175293,0.78403809,1.56579102,2.38000005,20.12322221,2.87999986,21.60703550
2.62019467,20.86734390,0.75697021,0.81363770,1.57060791,2.37848421,20.15000161,2.87999981,21.63838710
2.61075425,20.87064362,0.76044678,0.82240479,1.58285156,2.36794806,20.15000191,2.87334327,21.65000018
2.60131478,20.87394333,0.76392334,0.81891602,1.58283936,2.35741592,20.15000116,2.86277123,21.65000004
2.59187508,20.87724304,0.76739746,0.81542480,1.58282227,2.34688882,20.15000126,2.85219372,21.64999903
2.58243513,20.88054276,0.77086914,0.81193359,1.58280273,2.33636471,20.15000278,2.84161380,21.64999884
2.57299542,20.88384247,0.77434326,0.80844238,1.58278564,2.32584388,20.15000080,2.83103058,21.64999972
2.56355572,20.88714409,0.77781494,0.80494629,1.58276123,2.31532709,20.15000185,2.82044293,21.64999895
2.55411625,20.89044380,0.78128418,0.80145264,1.58273682,2.30481530,20.15000200,2.80985278,21.64999974
2.54467607,20.89374542,0.78475342,0.79795410,1.58270752,2.29430672,20.15000278,2.79925698,21.64999889
2.53523731,20.89704704,0.78822266,0.79445557,1.58267822,2.28380368,20.15000214,2.78865917,21.64999924
2.52579761,20.90034676,0.77069336,0.79095703,1.56165039,2.28000085,20.16990014,2.77805704,21.64999884
2.51635838,20.90364838,0.74240234,0.78745605,1.52985840,2.27963081,20.19999980,2.76745208,21.64999883
2.50691795,20.90694618,0.74586182,0.78395752,1.52981934,2.26913743,20.20000183,2.75684338,21.64999849
2.49747872,20.91024590,0.74932617,0.78045654,1.52978271,2.25864707,20.20000004,2.74623252,21.64999855
2.48803806,20.91354561,0.75278564,0.77695557,1.52974121,2.24816222,20.20000110,2.73561568,21.65000011
2.47859812,20.91684532,0.75624512,0.77345215,1.52969727,2.23768218,20.20000071,2.72499568,21.65000047
2.46915770,20.92014313,0.75969971,0.76994873,1.52964844,2.22720667,20.20000191,2.71437286,21.64999969
2.45971704,20.92343903,0.76315430,0.76644775,1.52960205,2.21673517,20.19999981,2.70374751,21.65000031
2.45027590,20.92673683,0.76660645,0.76294189,1.52954834,2.20626888,20.20000026,2.69311651,21.64999944
2.44083524,20.93003273,0.77005371,0.75943848,1.52949219,2.19580897,20.20000202,2.68248380,21.64999993
2.43139338,20.93332863,0.77350342,0.78156494,1.55506836,2.18535144,20.19999998,2.67999960,21.67430009
2.42195201,20.93662262,0.77694580,0.80516602,1.58211182,2.17490120,20.20000149,2.67797620,21.69999930
2.41250968,20.93991661,0.78038818,0.80165771,1.58204590,2.16445583,20.20000111,2.66732425,21.69999856
2.40306759,20.94320869,0.78382568,0.79815186,1.58197754,2.15401608,20.20000210,2.65667107,21.69999905
2.39362454,20.94650078,0.78726318,0.79464355,1.58190674,2.14358140,20.20000113,2.64601178,21.69999865
2.38418150,20.94979095,0.79069580,0.79113770,1.58183350,2.13315220,20.20000151,2.63535109,21.69999944
2.37473774,20.95307922,0.77121094,0.78763184,1.55884277,2.13000045,20.22173120,2.62468606,21.69999937
2.36529350,20.95636559,0.74482666,0.78412598,1.52895264,2.12903484,20.25000264,2.61401789,21.69999838
2.35584879,20.95965195,0.74825195,0.78062012,1.52887207,2.11861548,20.25000318,2.60334443,21.69999897
2.34640336,20.96293640,0.75167480,0.77711426,1.52878906,2.10820076,20.25000266,2.59266761,21.69999845
2.33695793,20.96622086,0.75509521,0.77360840,1.52870361,2.09779089,20.25000311,2.58198879,21.69999859
2.32751155,20.96950150,0.75851074,0.77010498,1.52861572,2.08738762,20.25000235,2.57130590,21.69999856
2.31806517,20.97278214,0.76192383,0.76660156,1.52852539,2.07699054,20.25000212,2.56061984,21.69999956
2.30861735,20.97605896,0.76532959,0.76309814,1.52842773,2.06659985,20.25000322,2.54992922,21.69999776
2.29916954,20.97933578,0.76873535,0.75959717,1.52833252,2.05621406,20.25000273,2.53923694,21.69999904
2.28972030,20.98260880,0.77213623,0.76072021,1.53285645,2.04583470,20.25000099,2.53000005,21.70438501
2.28027081,20.98588181,0.77553223,0.79112061,1.56665283,2.03546294,20.25000185,2.52999939,21.73655312
2.27082014,20.98915100,0.76337891,0.80178955,1.56516846,2.03000042,20.26475247,2.52375709,21.74999882
2.26136994,20.99242020,0.73389893,0.79828857,1.53218750,2.03000023,20.29594644,2.51303920,21.75000005
2.25191784,20.99568558,0.73301270,0.79479004,1.52780273,2.02098153,20.30000174,2.50231716,21.75000073
2.24246502,20.99894905,0.73639648,0.79129150,1.52768799,2.01062224,20.30000077,2.49159063,21.75000076
2.23301172,21.00221062,0.73977539,0.78779297,1.52756836,2.00026973,20.30000067,2.48086061,21.74999984
2.22355795,21.00547028,0.74314941,0.78429688,1.52744629,1.98992463,20.30000125,2.47012732,21.75000044
2.21410251,21.00872612,0.74651855,0.78080322,1.52732178,1.97958523,20.30000080,2.45939024,21.75000041
2.20464706,21.01198006,0.74988281,0.77730957,1.52719238,1.96925327,20.30000113,2.44865032,21.74999942
2.19518995,21.01523209,0.75324219,0.77381836,1.52706055,1.95892767,20.30000212,2.43790616,21.74999985
2.18573284,21.01848030,0.75659668,0.77032959,1.52692627,1.94860893,20.30000217,2.42716077,21.74999945
2.17627382,21.02172661,0.75994629,0.76684326,1.52678955,1.93829787,20.30000245,2.41640955,21.75000085
2.16681457,21.02496910,0.76329102,0.76335693,1.52664795,1.92799425,20.30000152,2.40565551,21.74999929
2.15735388,21.02820778,0.76662842,0.75987549,1.52650391,1.91769760,20.30000177,2.39489912,21.74999931
2.14789295,21.03144646,0.76996338,0.75639404,1.52635742,1.90740845,20.30000209,2.38413931,21.75000032
2.13842988,21.03467941,0.77329102,0.77414551,1.54743652,1.89712644,20.30000152,2.37999997,21.77016913
2.12896657,21.03791046,0.77661377,0.80206055,1.57867432,1.88685267,20.30000144,2.37901365,21.79999805
2.11950159,21.04113960,0.76896729,0.79858154,1.56754883,1.88000010,20.31042099,2.36822669,21.79999945
2.11003542,21.04436302,0.73929443,0.79510498,1.53439941,1.88000053,20.34176769,2.35743602,21.79999842
2.10056901,21.04758453,0.73394287,0.79163086,1.52557373,1.87242653,20.35000074,2.34664352,21.79999849
2.09110117,21.05080414,0.73725098,0.78815918,1.52541016,1.86216354,20.34999988,2.33584726,21.79999990
2.08163166,21.05401802,0.74054932,0.78468994,1.52523926,1.85190891,20.35000044,2.32504709,21.79999874
2.07216096,21.05722809,0.74384277,0.78122559,1.52506836,1.84166094,20.34999980,2.31424506,21.79999908
2.06268930,21.06043434,0.74712891,0.77776367,1.52489258,1.83142211,20.34999992,2.30343922,21.79999894
2.05321670,21.06363869,0.75041016,0.77430420,1.52471436,1.82119038,20.35000070,2.29263104,21.79999984
2.04374266,21.06683922,0.75368652,0.77084717,1.52453369,1.81096591,20.35000007,2.28181949,21.80000004
2.03426719,21.07003593,0.75695557,0.76739258,1.52434814,1.80074823,20.35000075,2.27100594,21.79999906
2.02479076,21.07322884,0.76021973,0.76394287,1.52416260,1.79053912,20.34999985,2.26018965,21.79999981
2.01531219,21.07641602,0.76347412,0.76049561,1.52396973,1.78033825,20.35000015,2.24936944,21.79999794
2.00583291,21.07960129,0.76672363,0.75705322,1.52377686,1.77014361,20.35000165,2.23854955,21.79999875
1.99635184,21.08278084,0.76996582,0.76102051,1.53098633,1.75995764,20.35000177,2.22999966,21.80704662
1.98687005,21.08595848,0.77320557,0.79290283,1.56610840,1.74977996,20.34999986,2.22999996,21.84066551
1.97738576,21.08913040,0.77643555,0.79927002,1.57570557,1.73960901,20.34999956,2.22215537,21.84999860
1.96790159,21.09229851,0.77965820,0.79583496,1.57549316,1.72944805,20.35000017,2.21130268,21.84999844
1.95841491,21.09546089,0.78287354,0.79240479,1.57527832,1.71929329,20.35000004,2.20044777,21.84999751
1.94892716,21.09862137,0.78608398,0.78897705,1.57506104,1.70914741,20.35000017,2.18958939,21.84999775
1.93943763,21.10177612,0.78928467,0.78555420,1.57483887,1.69900980,20.35000173,2.17872910,21.84999734
1.92994690,21.10492516,0.79248047,0.78213867,1.57461914,1.68888049,20.34999980,2.16786742,21.84999880
1.92045438,21.10807228,0.79158203,0.77872314,1.57030518,1.68000029,20.35389465,2.15700241,21.84999864
1.91096032,21.11121178,0.76141357,0.77531494,1.53672852,1.68000076,20.38567173,2.14613658,21.84999824
1.90146458,21.11434746,0.74955566,0.77191162,1.52146729,1.67443077,20.40000205,2.13526981,21.84999866
1.89196801,21.11747932,0.75272949,0.76851074,1.52124023,1.66430883,20.40000249,2.12440015,21.84999833
1.88246918,21.12060547,0.75589600,0.76511475,1.52101074,1.65419468,20.40000189,2.11352766,21.84999738
1.87296844,21.12372780,0.75905518,0.76172363,1.52077881,1.64408806,20.40000232,2.10265344,21.84999753
1.86346674,21.12684441,0.76220703,0.75833984,1.52054688,1.63398991,20.40000197,2.09177928,21.84999908
1.85396290,21.12995529,0.76535156,0.75495850,1.52031006,1.62389850,20.40000095,2.08090315,21.84999724
1.84445786,21.13306236,0.76848877,0.75158447,1.52007324,1.61381538,20.40000090,2.07002696,21.84999882
1.83495080,21.13616371,0.77161621,0.74821289,1.51982910,1.60374193,20.40000197,2.05914705,21.84999747
1.82544231,21.13925934,0.77473633,0.74484863,1.51958496,1.59367746,20.40000194,2.04826617,21.84999774
1.81593168,21.14235115,0.77785156,0.74148926,1.51934082,1.58361838,20.40000110,2.03738500,21.84999849
1.80642009,21.14543533,0.78095459,0.74986328,1.53081787,1.57357024,20.40000187,2.02999974,21.86119165
1.79690635,21.14851761,0.78405518,0.78309814,1.56715332,1.56352823,20.40000093,2.02999961,21.89612063
1.78739095,21.15159225,0.78714355,0.78380859,1.57095215,1.55349651,20.40000168,2.02029443,21.89999850
1.77787316,21.15465927,0.79022217,0.78046631,1.57068848,1.54347232,20.40000220,2.00938015,21.89999956
1.76835418,21.15772247,0.79329590,0.77712646,1.57042236,1.53345672,20.40000121,1.99846382,21.89999941
1.75883293,21.16078186,0.79636230,0.77379150,1.57015381,1.52344813,20.40000140,1.98754637,21.89999999
1.74931037,21.16383362,0.79941895,0.77046387,1.56988281,1.51344894,20.40000110,1.97662887,21.90000000
1.73978543,21.16687965,0.80246582,0.76714111,1.56960693,1.50345878,20.40000216,1.96570894,21.89999904
1.73025894,21.16991997,0.80550537,0.76382568,1.56933105,1.49347714,20.40000224,1.95478882,21.89999944
1.72073019,21.17295456,0.80853760,0.76051514,1.56905273,1.48350264,20.40000170,1.94386779,21.89999849
1.71119988,21.17598152,0.78949219,0.75721436,1.54670654,1.48000058,20.42110085,1.93294675,21.89999943
1.70166755,21.17900467,0.76229248,0.75391602,1.51620850,1.47886239,20.45000005,1.92202440,21.89999861
1.69213355,21.18202209,0.76530762,0.75062500,1.51593262,1.46888202,20.45000126,1.91110194,21.89999893
1.68259704,21.18503189,0.76831299,0.74734131,1.51565430,1.45890979,20.45000208,1.90017858,21.89999851
1.67305923,21.18803596,0.77131348,0.74406494,1.51537842,1.44894474,20.44999994,1.88925631,21.89999907
1.66351891,21.19103432,0.77430176,0.74654785,1.52084961,1.43899007,20.45000126,1.87999978,21.90550594
1.65397692,21.19402504,0.77728271,0.78104248,1.55832520,1.42904241,20.45000026,1.87999945,21.94164872
1.64443254,21.19700813,0.78025146,0.78650146,1.56675293,1.41910390,20.45000118,1.87156613,21.94999879
1.63488579,21.19998741,0.78321533,0.78324219,1.56645752,1.40917168,20.45000114,1.86060764,21.94999940
1.62533832,21.20295906,0.78616943,0.77999023,1.56615967,1.39925032,20.45000054,1.84964929,21.94999942
1.61578763,21.20592499,0.78911377,0.77674316,1.56585693,1.38933732,20.45000117,1.83868796,21.94999851
1.60623527,21.20888329,0.79204834,0.77350586,1.56555420,1.37943151,20.45000212,1.82772937,21.94999845
1.59668112,21.21183586,0.79497559,0.77027588,1.56525146,1.36953483,20.45000204,1.81677003,21.94999968
1.58712530,21.21478081,0.79789307,0.76705078,1.56494385,1.35964755,20.45000161,1.80580998,21.94999772
1.57756603,21.21771812,0.80080078,0.76383789,1.56463867,1.34976706,20.45000101,1.79485039,21.94999940
1.56800592,21.22064972,0.80369873,0.76062988,1.56432861,1.33989679,20.45000204,1.78389107,21.94999970
1.55844307,21.22357559,0.80659180,0.75742676,1.56401855,1.33003128,20.45000056,1.77293224,21.94999809
1.54887843,21.22649384,0.77470459,0.75423340,1.52893799,1.33000033,20.48335211,1.76197279,21.94999841
1.53931081,21.22940254,0.76022705,0.75104980,1.51127686,1.32502110,20.50000206,1.75101368,21.94999791
1.52974176,21.23230553,0.76309814,0.74787354,1.51097168,1.31514704,20.50000241,1.74005510,21.94999843
1.52017033,21.23520279,0.76596191,0.74792236,1.51388428,1.30528010,20.50000223,1.72999957,21.95308828
1.51059699,21.23809242,0.76881592,0.78391846,1.55273438,1.29542080,20.50000221,1.73000008,21.99068160
1.50102127,21.24097252,0.77165771,0.79046143,1.56211914,1.28557141,20.50000221,1.72172120,21.99999875
1.49144351,21.24384689,0.77449219,0.78730713,1.56179932,1.27572894,20.50000190,1.71072736,21.99999974
1.48186362,21.24671555,0.77731689,0.78415771,1.56147461,1.26589599,20.50000305,1.69973189,21.99999952
1.47228134,21.24957657,0.78013428,0.78101807,1.56115234,1.25606965,20.50000199,1.68873796,22.00000032
1.46269655,21.25242805,0.78293945,0.77788818,1.56082764,1.24625254,20.50000119,1.67774414,22.00000050
1.45311010,21.25527382,0.78573486,0.77476318,1.56049805,1.23644415,20.50000224,1.66675062,21.99999910
1.44352078,21.25811005,0.78852051,0.77165039,1.56017090,1.22664394,20.50000121,1.65575762,21.99999941
1.43392956,21.26094055,0.79129639,0.76854492,1.55984131,1.21685158,20.50000226,1.64476609,22.00000024
1.42433536,21.26376152,0.79406250,0.76544922,1.55951172,1.20706667,20.50000137,1.63377498,22.00000031
1.41473973,21.26657677,0.79681885,0.76235840,1.55917725,1.19729146,20.50000226,1.62278389,21.99999882
1.40514123,21.26938248,0.79956543,0.75927979,1.55884521,1.18752315,20.50000141,1.61179476,21.99999872
1.39554071,21.27218056,0.79406250,0.75621094,1.55027344,1.18000060,20.50793078,1.60080641,21.99999990
1.38593817,21.27497101,0.76074707,0.75314941,1.51389648,1.18000069,20.54262827,1.58981893,21.99999976
1.37633276,21.27775383,0.75581543,0.75442139,1.51023682,1.17228917,20.55000169,1.58000001,22.00416369
1.36672592,21.28052902,0.75853271,0.79219238,1.55072510,1.16251395,20.55000225,1.57999974,22.04347271
1.35711563,21.28329468,0.76124023,0.79592529,1.55716553,1.15274488,20.55000122,1.57079830,22.04999983
1.34750390,21.28605461,0.76393799,0.79288574,1.55682373,1.14298542,20.55000198,1.55977216,22.04999834
1.33788931,21.28880501,0.76662598,0.78985840,1.55648438,1.13323206,20.55000139,1.54874866,22.04999790
1.32827318,21.29154587,0.76930176,0.78684326,1.55614502,1.12348952,20.55000093,1.53772629,22.04999940
1.31865370,21.29428101,0.77197021,0.78383301,1.55580322,1.11375202,20.55000064,1.52670409,22.04999866
1.30903268,21.29700661,0.77462646,0.78083496,1.55546143,1.10402544,20.55000048,1.51568301,22.04999986
1.29940891,21.29972458,0.77727295,0.77784424,1.55511719,1.09430506,20.55000085,1.50466352,22.04999935
1.28978300,21.30243301,0.77990723,0.77486328,1.55477051,1.08459357,20.55000190,1.49364540,22.04999788
1.28015435,21.30513382,0.78253418,0.77189453,1.55442871,1.07488916,20.55000076,1.48262867,22.04999978
1.27052367,21.30782509,0.78514893,0.76893311,1.55408203,1.06519311,20.55000046,1.47161349,22.04999823
1.26089036,21.31050873,0.78775391,0.76598389,1.55373779,1.05550481,20.55000032,1.46059998,22.05000006
1.25125492,21.31318474,0.79034912,0.76303955,1.55338867,1.04582419,20.55000063,1.44958723,22.04999793
1.24161696,21.31585121,0.79293213,0.76010986,1.55304199,1.03615214,20.55000164,1.43857687,22.04999956
1.23197722,21.31851006,0.79550781,0.75718750,1.55269531,1.02648819,20.55000051,1.42756767,22.04999982
1.22233427,21.32115746,0.79806885,0.75427734,1.55234619,1.01683271,20.55000050,1.41655957,22.04999961
1.21268916,21.32379723,0.80062012,0.75137695,1.55199707,1.00718414,20.55000119,1.40555433,22.04999995
1.20304179,21.32642937,0.80316162,0.74848389,1.55164551,0.99754309,20.55000234,1.39455053,22.04999870
1.19339180,21.32905197,0.80569336,0.74560303,1.55129639,0.98791068,20.55000171,1.38354770,22.04999900
1.18373907,21.33166504,0.80146484,0.77204834,1.57351318,0.98000058,20.55652858,1.37999965,22.07835134
1.17408454,21.33427048,0.76599854,0.79155762,1.55755615,0.98000035,20.59326777,1.37464474,22.09999823
1.16442728,21.33686638,0.76155029,0.78869629,1.55024658,0.97210855,20.59999981,1.36360134,22.09999907
1.15476739,21.33945274,0.76405029,0.78584473,1.54989502,0.96246007,20.59999971,1.35256026,22.09999858
1.14510572,21.34203148,0.76654053,0.78300293,1.54954346,0.95282086,20.59999987,1.34152013,22.09999913
1.13544106,21.34460068,0.76901855,0.78017090,1.54918945,0.94318967,20.60000082,1.33048050,22.09999876
1.12577462,21.34716034,0.77148682,0.77735107,1.54883789,0.93356547,20.60000068,1.31944480,22.09999934
1.11610520,21.34971046,0.77394287,0.77454102,1.54848389,0.92394931,20.60000138,1.30840960,22.09999897
1.10643387,21.35225105,0.77638916,0.77174072,1.54812988,0.91434020,20.60000101,1.29737743,22.09999719
1.09675968,21.35478401,0.77882568,0.76895264,1.54777832,0.90473928,20.60000088,1.28634586,22.09999888
1.08708310,21.35730553,0.78125000,0.76617432,1.54742432,0.89514693,20.59999974,1.27531551,22.09999768
1.07740390,21.35981941,0.78366455,0.76340820,1.54707275,0.88556087,20.59999945,1.26428813,22.09999936
1.06772292,21.36232376,0.78606689,0.76064941,1.54671631,0.87598468,20.59999989,1.25326129,22.09999789
1.05803871,21.36481667,0.78845703,0.75790527,1.54636230,0.86641557,20.59999969,1.24223669,22.09999790
1.04835296,21.36730385,0.79083740,0.75516846,1.54600586,0.85685524,20.60000177,1.23121360,22.09999849
1.03866434,21.36977959,0.79320801,0.79309570,1.58630371,0.84730182,20.60000082,1.22999977,22.13944937
1.02897310,21.37224388,0.79556396,0.80124268,1.59680664,0.83775872,20.60000102,1.22155237,22.14999899
1.01927924,21.37470055,0.79048340,0.79852783,1.58901123,0.83000022,20.60721282,1.21048448,22.14999869
1.00958359,21.37714767,0.75284668,0.79582520,1.54867188,0.83000053,20.64603342,1.19941870,22.14999978
0.99988484,21.37958717,0.75109863,0.79312988,1.54422852,0.82140324,20.65000272,1.18835423,22.14999895
0.99018413,21.38201332,0.75342285,0.79044922,1.54387207,0.81184178,20.65000237,1.17729097,22.14999837
0.98048085,21.38443184,0.75573730,0.78777832,1.54351563,0.80228727,20.65000288,1.16622930,22.14999840
0.97077525,21.38683891,0.75803955,0.78512207,1.54316162,0.79274054,20.65000273,1.15517061,22.15000008
0.96106672,21.38923836,0.76033203,0.78247070,1.54280273,0.78320245,20.65000288,1.14410989,22.14999824
0.95135653,21.39162636,0.76261230,0.77983643,1.54244873,0.77367271,20.65000246,1.13305346,22.15000034
0.94164366,21.39400673,0.76488525,0.77720703,1.54209229,0.76414931,20.65000056,1.12199732,22.14999832
0.93192858,21.39637566,0.76714111,0.77459229,1.54173340,0.75463700,20.65000232,1.11094217,22.14999845
0.92221040,21.39873314,0.76938721,0.77199219,1.54137939,0.74513037,20.65000135,1.09988998,22.14999997
0.91248983,21.40108299,0.77162354,0.76939941,1.54102295,0.73563223,20.65000093,1.08883766,22.15000015
0.90276772,21.40342140,0.77384521,0.77650635,1.55035156,0.72614319,20.65000240,1.07999963,22.15943129
0.89304227,21.40575218,0.77605957,0.81559082,1.59165039,0.71666111,20.65000210,1.07840800,22.19999898
0.88331527,21.40807152,0.77826172,0.81302002,1.59128174,0.70718897,20.65000102,1.06730762,22.19999855
0.87358522,21.41037941,0.78044922,0.81046143,1.59091064,0.69772514,20.65000172,1.05620801,22.19999746
0.86385292,21.41267776,0.78262695,0.80791504,1.59054199,0.68826918,20.65000136,1.04511008,22.19999762
0.85411799,21.41496658,0.78479248,0.80538086,1.59017334,0.67882141,20.65000229,1.03401333,22.19999908
0.84438133,21.41724586,0.78694824,0.80285645,1.58980469,0.66938212,20.65000222,1.02291817,22.19999938
0.83464175,21.41951370,0.78909180,0.80034424,1.58943604,0.65995209,20.65000126,1.01182250,22.19999938
0.82490051,21.42177200,0.79122314,0.79784180,1.58906494,0.65052968,20.65000203,1.00072996,22.19999790
0.81515634,21.42402077,0.79334473,0.79535156,1.58869629,0.64111453,20.65000182,0.98963840,22.19999766
0.80541015,21.42625618,0.79545166,0.79287598,1.58832764,0.63171084,20.65000113,0.97854702,22.19999771
0.79566121,21.42848396,0.76218750,0.79041016,1.55259766,0.63000039,20.68451736,0.96745620,22.19999853
0.78591043,21.43070221,0.74842285,0.78795410,1.53637695,0.62400569,20.70000145,0.95636688,22.19999814
0.77615690,21.43290901,0.75051025,0.78551270,1.53602295,0.61457134,20.69999989,0.94527852,22.19999969
0.76640117,21.43510437,0.75258301,0.78308105,1.53566406,0.60514650,20.70000020,0.93419060,22.19999827
0.75664264,21.43729019,0.75464600,0.81299805,1.56764404,0.59572819,20.69999980,0.92999959,22.23159064
0.74688220,21.43946457,0.75669434,0.82942139,1.58611572,0.58632030,20.70000110,0.92287595,22.24999900
0.73711902,21.44162941,0.75873291,0.82701416,1.58574707,0.57691969,20.70000162,0.91173529,22.24999909
0.72735393,21.44378471,0.76076172,0.82461914,1.58538086,0.56752852,20.70000100,0.90059489,22.25000074
0.71758616,21.44592857,0.76277832,0.82223389,1.58501221,0.55814587,20.69999986,0.88945419,22.24999950
0.70781690,21.44806290,0.76478271,0.81986084,1.58464355,0.54877296,20.70000034,0.87831486,22.24999943
0.69804460,21.45018387,0.76677246,0.81750244,1.58427490,0.53940870,20.70000080,0.86717591,22.24999936
0.68827087,21.45229721,0.76875488,0.81515381,1.58390869,0.53005313,20.69999989,0.85603798,22.25000014
0.67849392,21.45439911,0.77072266,0.81281738,1.58354004,0.52070465,20.70000135,0.84490120,22.24999997
0.66871500,21.45649147,0.77268066,0.81049072,1.58317139,0.51136624,20.70000171,0.83376340,22.24999902
0.65893388,21.45857048,0.77462402,0.80818115,1.58280518,0.50203734,20.70000216,0.82262726,22.25000038
0.64915007,21.46063805,0.77655762,0.80588135,1.58243896,0.49271638,20.70000000,0.81149089,22.24999868
0.63936436,21.46269798,0.77847900,0.80359375,1.58207275,0.48340468,20.70000134,0.80035551,22.25000021
0.62957597,21.46474648,0.78038818,0.80131592,1.58170410,0.47410365,20.70000200,0.78921760,22.24999917
0.61978590,21.46678352,0.78228760,0.79905273,1.58134033,0.46481167,20.70000005,0.77808138,22.24999986
0.60999322,21.46880913,0.78417236,0.79680176,1.58097412,0.45552717,20.70000059,0.76694700,22.24999962
0.60019886,21.47082520,0.78604736,0.79456299,1.58061035,0.44625319,20.70000021,0.75581231,22.25000089
0.59040165,21.47283173,0.78791016,0.79233154,1.58024170,0.43698894,20.70000128,0.74467524,22.24999894
0.58060253,21.47482491,0.77805176,0.79011719,1.56816895,0.43000026,20.71148782,0.73354021,22.24999924
0.57080054,21.47680855,0.74064697,0.82737793,1.56802490,0.42828949,20.75000143,0.72999987,22.28872595
0.56099701,21.47878075,0.74248535,0.83666260,1.57914795,0.41899165,20.75000166,0.72101440,22.29999857
0.55119139,21.48074150,0.74431152,0.83447266,1.57878418,0.40970399,20.75000150,0.70981767,22.29999867
0.54138380,21.48269272,0.74612549,0.83229248,1.57841797,0.40042657,20.75000296,0.69861961,22.29999783
0.53157365,21.48463249,0.74792969,0.83012695,1.57805664,0.39115633,20.75000211,0.68742280,22.29999855
0.52176201,21.48656273,0.74972168,0.82797119,1.57769287,0.38189675,20.75000295,0.67622521,22.29999830
0.51194757,21.48847961,0.75150146,0.82583008,1.57733154,0.37264664,20.75000166,0.66502631,22.29999806
0.50213134,21.49038696,0.75326904,0.82370117,1.57697021,0.36340624,20.75000222,0.65382751,22.29999913
0.49231240,21.49228287,0.75502441,0.82158447,1.57660889,0.35417470,20.75000271,0.64262780,22.29999960
0.48249179,21.49416733,0.75676758,0.81947998,1.57624756,0.34495368,20.75000310,0.63142751,22.29999953
0.47266883,21.49604034,0.75850098,0.81738770,1.57588867,0.33574064,20.75000119,0.62022753,22.29999873
0.46284392,21.49790382,0.76021973,0.81530762,1.57552734,0.32653970,20.75000333,0.60902517,22.29999952
0.45301661,21.49975586,0.76192871,0.81323975,1.57516846,0.31734813,20.75000295,0.59782149,22.29999984
0.44318748,21.50159454,0.76362305,0.81118652,1.57480957,0.30816738,20.75000306,0.58661751,22.30000010
0.43335614,21.50342560,0.76531006,0.83527100,1.60058105,0.29899503,20.75000239,0.57999988,22.32572310
0.42352274,21.50524330,0.76698242,0.85788818,1.62487061,0.28983327,20.75000218,0.57305761,22.34999856
0.41368791,21.50705147,0.76864502,0.85585693,1.62450195,0.28068183,20.75000158,0.56178512,22.34999766
0.40385041,21.50884819,0.77029541,0.85384033,1.62413574,0.27154057,20.75000096,0.55051034,22.34999870
0.39401138,21.51063347,0.77193115,0.85183594,1.62376709,0.26241043,20.75000286,0.53923472,22.34999911
0.38417009,21.51240730,0.77355713,0.84984375,1.62340088,0.25328974,20.75000254,0.52795758,22.34999886
0.37432683,21.51416969,0.77517090,0.84786377,1.62303467,0.24418069,20.75000223,0.51667761,22.34999817
0.36448136,21.51592255,0.77677490,0.84589600,1.62267090,0.23508120,20.75000161,0.50539615,22.34999874
0.35463399,21.51766205,0.75412109,0.84394287,1.59806396,0.23000052,20.77391135,0.49411229,22.34999933
0.34478429,21.51939201,0.72925781,0.84199951,1.57125732,0.22522633,20.80000142,0.48282565,22.34999886
0.33493316,21.52110863,0.73083496,0.84007080,1.57090576,0.21609135,20.80000087,0.47153792,22.34999832
0.32507944,21.52281570,0.73239990,0.83815430,1.57055420,0.20696627,20.80000253,0.46024748,22.34999900
0.31522441,21.52451134,0.73395508,0.83625000,1.57020508,0.19785189,20.80000201,0.44895571,22.34999909
0.30536720,21.52619553,0.73549805,0.83435791,1.56985596,0.18874784,20.80000180,0.43766162,22.34999850
0.29550830,21.52787018,0.73703125,0.85560303,1.59263428,0.17965482,20.80000133,0.43000000,22.37283677
0.28564709,21.52953148,0.73854980,0.88123047,1.61978027,0.17057302,20.80000162,0.42295236,22.39999943
0.27578452,21.53118324,0.74005859,0.87936523,1.61942383,0.16150194,20.80000189,0.41157935,22.40000021
0.26591960,21.53282356,0.74155518,0.87751221,1.61906738,0.15244159,20.80000242,0.40020271,22.40000043
0.25605303,21.53445053,0.74303955,0.87567139,1.61871094,0.14339415,20.80000124,0.38882141,22.39999830
0.24618423,21.53606606,0.74451172,0.87384766,1.61835938,0.13435756,20.80000049,0.37743733,22.40000030
0.23631436,21.53767204,0.74597168,0.87203125,1.61800293,0.12533304,20.80000216,0.36605007,22.39999859
0.22644211,21.53926659,0.74742188,0.87022949,1.61765137,0.11631960,20.80000178,0.35465867,22.39999873
0.21656851,21.54084969,0.74885986,0.86844238,1.61730225,0.10731785,20.80000194,0.34326499,22.40000052
0.20669244,21.54242134,0.75028564,0.86666504,1.61695068,0.09832747,20.80000262,0.33186628,22.39999920
0.19681500,21.54398155,0.75170166,0.86490234,1.61660400,0.08934916,20.80000139,0.32046440,22.39999960
0.18693557,21.54553032,0.75310547,0.86315186,1.61625732,0.08038266,20.80000079,0.30905837,22.39999922
0.17705417,21.54706764,0.75449707,0.86141357,1.61591064,0.07142798,20.80000072,0.29764818,22.39999817
0.16717082,21.54859161,0.75587402,0.85969238,1.61556641,0.06248623,20.80000186,0.28623371,22.39999925
0.15728621,21.55010414,0.75724121,0.85798340,1.61522461,0.05355735,20.80000109,0.27481500,22.39999973
0.14739966,21.55160522,0.75859619,0.85628662,1.61488281,0.04464031,20.80000112,0.26339215,22.39999933
0.13751093,21.55309296,0.75993652,0.85460449,1.61454102,0.03573590,20.80000239,0.25196442,22.39999867
0.12762021,21.55457115,0.76126953,0.85293457,1.61420410,0.02684330,20.80000154,0.24053173,22.39999906
0.11772902,21.55603600,0.76258789,0.85820313,1.62079102,0.01796648,20.80000181,0.23000006,22.40686369
0.10783475,21.55748749,0.76389404,0.90006104,1.66395508,0.00910030,20.80000107,0.22416898,22.44999872
0.09793909,21.55892944,0.76519043,0.89842041,1.66361084,0.00024834,20.80000066,0.21263912,22.44999797
0.08804169,21.56035614,0.76646973,0.89679688,1.66326660,-0.00858958,20.80000210,0.20110371,22.44999744
0.07814275,21.56176949,0.76773926,0.89519043,1.66292969,-0.01741490,20.80000028,0.18956377,22.44999879
0.06824149,21.56317139,0.71861328,0.89359619,1.61220947,-0.02003656,20.85000094,0.17801532,22.44999941
0.05833763,21.56455994,0.71986816,0.89201660,1.61188477,-0.02891921,20.84999964,0.16646095,22.44999935
0.04843231,21.56593323,0.72110596,0.89045410,1.61156006,-0.03778816,20.85000041,0.15490124,22.44999930
0.03852618,21.56729507,0.72233398,0.88890381,1.61123779,-0.04664235,20.84999967,0.14333452,22.44999841
0.02861712,21.56864357,0.72354736,0.88737061,1.61091797,-0.05548462,20.85000063,0.13176091,22.44999931
0.01870685,21.56998062,0.72475098,0.88584961,1.61060059,-0.06431184,20.85000014,0.12017905,22.44999934
0.00879461,21.57130241,0.72593994,0.88434570,1.61028564,-0.07312623,20.84999957,0.10859123,22.44999917
-0.00111817,21.57261086,0.72711426,0.88285645,1.60997070,-0.08192430,20.85000060,0.09699601,22.44999858
-0.01103428,21.57390594,0.72827637,0.88138428,1.60966064,-0.09071122,20.85000118,0.08539341,22.44999957
-0.02095212,21.57518578,0.72942383,0.93021973,1.65964355,-0.09948237,20.85000157,0.07919594,22.49999880
-0.03087164,21.57645035,0.73055908,0.92877197,1.65933105,-0.10824006,20.84999962,0.06748814,22.49999930
-0.04079244,21.57770348,0.73167969,0.92733643,1.65901611,-0.11698155,20.85000138,0.05577021,22.49999868
-0.05071618,21.57893944,0.73278564,0.92592285,1.65870850,-0.12570991,20.85000138,0.04404333,22.50000061
-0.06064128,21.58016396,0.73388184,0.92451904,1.65840088,-0.13442341,20.85000043,0.03230690,22.49999880
-0.07056846,21.58137321,0.73496338,0.92313477,1.65809814,-0.14312013,20.84999958,0.02055848,22.49999917
-0.08049742,21.58256912,0.73603027,0.92176758,1.65779785,-0.15180261,20.85000096,0.00880164,22.50000093
-0.09042667,21.58374786,0.73708252,0.92041748,1.65750000,-0.16046800,20.85000069,-0.00296392,22.50000039
-0.10035890,21.58491135,0.73812012,0.91908447,1.65720459,-0.16911897,20.85000091,-0.01474096,22.49999922
-0.11029315,21.58605957,0.73914307,0.91777100,1.65691406,-0.17775463,20.85000155,-0.02652833,22.49999996
-0.12022854,21.58719254,0.74015381,0.91647461,1.65662842,-0.18637358,20.85000023,-0.03832630,22.50000015
-0.13016531,21.58831215,0.74114990,0.91519287,1.65634277,-0.19497590,20.85000139,-0.05013536,22.49999916
-0.14010458,21.58941460,0.74213135,0.91393311,1.65606445,-0.20356197,20.85000119,-0.06195694,22.50000056
-0.15004523,21.59050179,0.74310059,0.95803467,1.70113525,-0.21213234,20.84999947,-0.07000007,22.54518666
-0.15998770,21.59157562,0.74405518,0.96162842,1.70568359,-0.22068517,20.85000032,-0.08154136,22.54999902
-0.16993082,21.59263229,0.74499512,0.96041260,1.70540771,-0.22921925,20.85000006,-0.09349895,22.54999877
-0.17987695,21.59366989,0.74591797,0.95921875,1.70513672,-0.23773895,20.84999952,-0.10546888,22.54999833
-0.18982477,21.59469414,0.74682617,0.95804199,1.70486816,-0.24624031,20.85000185,-0.11745391,22.54999875
-0.19977447,21.59570122,0.74772217,0.95688477,1.70460693,-0.25472440,20.85000091,-0.12945323,22.54999854
-0.20972463,21.59669113,0.74860107,0.95574951,1.70435059,-0.26318951,20.85000172,-0.14146528,22.55000000
-0.21967742,21.59766388,0.74946533,0.95463135,1.70409668,-0.27163728,20.85000190,-0.15349355,22.54999821
-0.22963199,21.59862328,0.75031982,0.95353271,1.70385254,-0.28006723,20.85000045,-0.16553712,22.54999939
-0.23958756,21.59956169,0.75115479,0.95245605,1.70361084,-0.28847861,20.84999973,-0.17759425,22.54999807
-0.24954395,21.60048676,0.75197754,0.95139893,1.70337646,-0.29686963,20.84999988,-0.18966769,22.54999969
-0.25950265,21.60139275,0.75278320,0.95036133,1.70314453,-0.30524220,20.85000040,-0.20175813,22.54999816
-0.26946336,21.60227966,0.75357178,0.94934814,1.70291992,-0.31359679,20.85000134,-0.21386416,22.54999831
-0.27942589,21.60314941,0.80442627,0.99843506,1.80286133,-0.32475310,20.80000119,-0.22316682,22.59999820
-0.28938890,21.60400200,0.80518066,0.99745850,1.80263916,-0.33295580,20.80000085,-0.23541817,22.59999931
-0.29935402,21.60483551,0.80591797,0.99650391,1.80242188,-0.34113662,20.80000139,-0.24769054,22.59999926
-0.30932090,21.60565376,0.80664307,0.99556885,1.80221191,-0.34929627,20.80000181,-0.25998280,22.59999936
-0.31928927,21.60645294,0.80735352,0.99465576,1.80200928,-0.35743434,20.80000109,-0.27229471,22.59999786
-0.32925862,21.60723305,0.80804688,0.99376709,1.80181396,-0.36555181,20.80000163,-0.28462387,22.59999726
-0.33922863,21.60799599,0.80872803,0.99290283,1.80163086,-0.37364627,20.80000066,-0.29697293,22.59999926
-0.34920117,21.60873985,0.80939209,0.99205811,1.80145020,-0.38171784,20.80000117,-0.30934605,22.59999708
-0.35917512,21.60946083,0.81003662,1.03734131,1.84737793,-0.38976613,20.80000205,-0.31999994,22.64606215
-0.36915073,21.61016273,0.81066650,1.04048584,1.85115234,-0.39779239,20.80000233,-0.33238932,22.64999900
-0.37912673,21.61084938,0.81128662,1.03971191,1.85099854,-0.40579476,20.80000121,-0.34495006,22.64999940
-0.38910493,21.61151505,0.81188965,1.03896484,1.85085449,-0.41377326,20.80000024,-0.35753718,22.65000020
-0.39908478,21.61215973,0.81247314,1.03824219,1.85071533,-0.42172806,20.80000218,-0.37014941,22.64999862
-0.40906492,21.61278534,0.81304443,1.03754639,1.85059082,-0.42965807,20.80000177,-0.38278548,22.64999883
-0.41904604,21.61339378,0.81360352,1.03687500,1.85047852,-0.43756476,20.80000107,-0.39544537,22.65000013
-0.42902872,21.61397934,0.81414307,1.03623047,1.85037354,-0.44544463,20.80000180,-0.40813477,22.64999913
-0.43901300,21.61454391,0.81466797,1.08402344,1.89869141,-0.45330179,20.80000123,-0.41999989,22.69840065
-0.44899812,21.61508560,0.81517334,1.08503418,1.90020752,-0.46113228,20.80000254,-0.43284699,22.69999962
-0.45898402,21.61560822,0.81566650,1.08447021,1.90013672,-0.46893698,20.80000243,-0.44575104,22.69999770
-0.46897122,21.61610985,0.86614746,1.08393799,1.95008545,-0.47718925,20.75000137,-0.45868680,22.69999906
-0.47895953,21.61659050,0.86660889,1.08343262,1.95004150,-0.48480442,20.75000129,-0.47165226,22.69999851
-0.48894936,21.61705017,0.86705566,1.08295654,1.95001221,-0.49239225,20.75000138,-0.48464917,22.69999813
-0.49893951,21.61748695,0.86748535,1.08251221,1.94999756,-0.49995073,20.75000217,-0.49767764,22.69999845
-0.50893146,21.61790276,0.86790283,1.08209717,1.95000000,-0.50748134,20.75000111,-0.51073946,22.69999844
-0.51892394,21.61829758,0.86830322,1.08171143,1.95001465,-0.51498116,20.75000331,-0.52383576,22.69999785
-0.52891731,21.61866760,0.86868896,1.08135986,1.95004883,-0.52245055,20.75000271,-0.53696726,22.69999749
-0.53891093,21.61901283,0.86905762,1.08104492,1.95010254,-0.52988887,20.75000204,-0.55013371,22.69999951
-0.54890609,21.61933708,0.86941162,1.08075684,1.95016846,-0.53729912,20.75000293,-0.56333459,22.69999761
-0.55890173,21.61963844,0.86975342,1.13051270,2.00026611,-0.54467599,20.75000136,-0.57739246,22.74999993
-0.56889826,21.61991692,0.87007813,1.13029541,2.00037354,-0.55202332,20.75000241,-0.59082005,22.74999977
-0.57889533,21.62017250,0.87039063,1.13011230,2.00050293,-0.55933899,20.75000164,-0.60428722,22.74999947
-0.58889169,21.62040329,0.87068604,1.12996582,2.00065186,-0.56662100,20.75000212,-0.61779432,22.74999942
-0.59888989,21.62061119,0.92099121,1.12985352,2.05084473,-0.57243582,20.69999997,-0.63134320,22.74999855
-0.60888851,21.62079430,0.92126221,1.12978027,2.05104248,-0.57949651,20.70000103,-0.64493307,22.74999948
-0.61888731,21.62095261,0.92152100,1.12974365,2.05126465,-0.58652151,20.70000016,-0.65856632,22.74999924
-0.62888569,21.62108612,0.92176514,1.12974609,2.05151123,-0.59350668,20.70000017,-0.67224738,22.74999978
-0.63888550,21.62119102,0.92199219,1.12979004,2.05178223,-0.60045841,20.69999997,-0.68597325,22.74999937
-0.64888561,21.62127304,0.92220703,1.12987305,2.05208008,-0.60737448,20.70000074,-0.69974437,22.75000087
-0.65888566,21.62132835,0.92240723,1.12999512,2.05240234,-0.61425457,20.70000148,-0.71356098,22.74999999
-0.66888529,21.62135887,0.94377930,1.18022461,2.12400391,-0.62000003,20.67884646,-0.73001779,22.79999920
-0.67888510,21.62136269,0.97284668,1.18043945,2.15328613,-0.62513566,20.65000196,-0.74410397,22.79999910
-0.68888563,21.62134171,0.97302002,1.18069580,2.15371582,-0.63172886,20.65000184,-0.75824161,22.79999874
-0.69888574,21.62129211,0.97317871,1.18099854,2.15417725,-0.63828165,20.65000231,-0.77243167,22.79999837
-0.70888489,21.62121582,0.97332764,1.18134766,2.15467529,-0.64479014,20.65000085,-0.78667801,22.79999929
-0.71888477,21.62111473,0.97346436,1.18173828,2.15520264,-0.65125803,20.65000222,-0.80098033,22.79999799
-0.72888404,21.62098503,0.97359131,1.18218018,2.15577148,-0.65768372,20.65000069,-0.81533880,22.79999971
-0.73888296,21.62082481,0.97370117,1.18267090,2.15637207,-0.66406981,20.65000193,-0.82975204,22.79999970
-0.74888062,21.62063408,0.97893799,1.18321289,2.16215088,-0.66999991,20.64487928,-0.84422137,22.79999955
-0.75887883,21.62041664,1.02406738,1.18380371,2.20787109,-0.67248240,20.60000026,-0.85875157,22.79999986
-0.76887614,21.62017059,1.02416016,1.23463867,2.25879883,-0.67854782,20.60000154,-0.87776811,22.84999794
-0.77887225,21.61989594,1.02424561,1.23534912,2.25959473,-0.68456418,20.60000129,-0.89261781,22.84999734
-0.78886682,21.61959076,1.02432129,1.23611572,2.26043701,-0.69053418,20.60000026,-0.90753127,22.84999752
-0.79886138,21.61925697,1.02438721,1.23693848,2.26132568,-0.69645628,20.60000116,-0.92251464,22.84999934
-0.80885458,21.61889267,1.02444580,1.23781494,2.26226074,-0.70233372,20.59999988,-0.93756136,22.84999803
-0.81884712,21.61849785,1.02449463,1.23875000,2.26324463,-0.70816427,20.59999971,-0.95267738,22.84999730
-0.82883859,21.61807251,1.02453369,1.23974609,2.26427979,-0.71394926,20.60000092,-0.96786144,22.84999907
-0.83882767,21.61761475,1.02456543,1.24080078,2.26536621,-0.71968694,20.59999999,-0.98311315,22.84999791
-0.84881592,21.61712646,1.06916992,1.24191895,2.31108887,-0.72000012,20.55574493,-0.99844488,22.84999862
-0.85880297,21.61660576,1.07499756,1.24310059,2.31809814,-0.72472378,20.55000252,-1.01384884,22.84999936
-0.86878777,21.61605263,1.07503662,1.24434570,2.31938232,-0.73009249,20.55000040,-1.02932636,22.84999898
-0.87876940,21.61546516,1.07506592,1.24565674,2.32072266,-0.73541090,20.55000045,-1.04487594,22.84999719
-0.88875079,21.61484528,1.07509033,1.24703613,2.32212646,-0.74067991,20.55000056,-1.06050356,22.84999714
-0.89872974,21.61419106,1.07510742,1.29900146,2.37410889,-0.74589649,20.55000214,-1.08339093,22.90000020
-0.90870595,21.61350250,1.07512207,1.30055420,2.37567627,-0.75105879,20.55000124,-1.09940864,22.89999924
-0.91867906,21.61277962,1.07513184,1.30218262,2.37731445,-0.75616769,20.55000090,-1.11551025,22.90000033
-0.92865056,21.61202240,1.07513672,1.30388428,2.37902100,-0.76122681,20.55000164,-1.13169561,22.90000015
-0.93861908,21.61123085,1.07513916,1.30566162,2.38080078,-0.76623515,20.55000142,-1.14796415,22.90000034
-0.94858515,21.61040306,1.08238281,1.30751709,2.38989990,-0.76999998,20.54285451,-1.16431582,22.90000038
-0.95854682,21.60953903,1.11111084,1.30945068,2.42056152,-0.76999995,20.51454257,-1.18075041,22.89999883
-0.96850628,21.60864067,1.13799072,1.31146484,2.44945557,-0.77000032,20.48809692,-1.19727228,22.89999894
-0.97846216,21.60770416,1.16311523,1.31356445,2.47667969,-0.77000023,20.46342246,-1.21388868,22.89999896
-0.98841435,21.60672951,1.17683594,1.36661865,2.54345459,-0.77180448,20.45000004,-1.23995586,22.94999921
-0.99836230,21.60571671,1.17691162,1.36893799,2.54584961,-0.77600283,20.45000164,-1.25700223,22.94999968
-1.00830758,21.60466766,1.17699219,1.37134277,2.54833496,-0.78014758,20.45000163,-1.27414245,22.94999768
-1.01824868,21.60357857,1.17707275,1.37384277,2.55091553,-0.78424021,20.45000136,-1.29137609,22.94999807
-1.02818465,21.60245132,1.17715576,1.37643555,2.55359131,-0.78828033,20.45000099,-1.30870219,22.94999908
-1.03811586,21.60128403,1.17724121,1.37912354,2.55636475,-0.79226761,20.44999975,-1.32612404,22.94999934
-1.04804265,21.60007668,1.17732666,1.38190918,2.55923584,-0.79619973,20.45000137,-1.34364800,22.94999907
-1.05796444,21.59882736,1.17741455,1.38479492,2.56220947,-0.80008076,20.45000143,-1.36126969,22.94999829
-1.06788123,21.59753418,1.17750244,1.43909180,2.61659424,-0.80391212,20.45000099,-1.39049268,22.99999887
-1.07779205,21.59620285,1.17759521,1.44224609,2.61984131,-0.80769163,20.45000207,-1.40859440,22.99999897
-1.08769608,21.59482765,1.17769043,1.44551025,2.62320068,-0.81142230,20.45000122,-1.42679756,23.00000027
-1.09759498,21.59341049,1.17778809,1.44888184,2.62666992,-0.81510530,20.45000134,-1.44510585,23.00000033
-1.10748756,21.59194946,1.17788818,1.45236572,2.63025391,-0.81873836,20.45000182,-1.46352257,22.99999960
-1.11737394,21.59044456,1.18725342,1.45596680,2.64322021,-0.82000023,20.44103621,-1.48205283,23.00000075
-1.12725246,21.58889580,1.20097168,1.45968262,2.66065430,-0.82000005,20.42789240,-1.50069258,23.00000024
-1.13712513,21.58730125,1.21395264,1.51531494,2.72926758,-0.82000035,20.41550227,-1.53297577,23.04999795
-1.14699042,21.58566284,1.22623779,1.51935059,2.74558838,-0.82000034,20.40382668,-1.55214231,23.04999829
-1.15684724,21.58397675,1.23785156,1.52351563,2.76136719,-0.82000038,20.39283837,-1.57142962,23.04999899
-1.16669512,21.58224297,1.24884521,1.52781006,2.77665527,-0.82000018,20.38248588,-1.59083416,23.04999967
-1.17653561,21.58046341,1.25925781,1.53223389,2.79149170,-0.82000049,20.37273295,-1.61035875,23.05000008
-1.18636715,21.57863617,1.26910645,1.53679199,2.80589844,-0.82000020,20.36356148,-1.63000985,23.04999979
-1.19619036,21.57676125,1.27842773,1.54148682,2.81991455,-0.82000022,20.35493535,-1.64978826,23.04999940
-1.20600259,21.57483673,1.28392090,1.54632324,2.83024414,-0.82099658,20.35000076,-1.66969451,23.04999951
-1.21580553,21.57286072,1.28425781,1.55130371,2.83556152,-0.82346331,20.35000107,-1.68973057,23.04999925
-1.22559810,21.57083511,1.28460693,1.55643066,2.84103760,-0.82587605,20.35000051,-1.70990161,23.04999918
-1.23538029,21.56875992,1.28496582,1.61441895,2.89938477,-0.82824158,20.35000020,-1.74690553,23.09999815
-1.24515080,21.56663132,1.28533203,1.61995361,2.90528564,-0.83055704,20.35000057,-1.76767934,23.09999804
-1.25491035,21.56445122,1.28571045,1.57271484,2.85842529,-0.83282127,20.34999980,-1.77122082,23.05000014
-1.26465809,21.56221962,1.28609863,1.57845215,2.86455078,-0.83503911,20.34999968,-1.79193726,23.04999911
-1.27439344,21.55993271,1.28649414,1.58435547,2.87084961,-0.83720727,20.35000074,-1.81280110,23.04999961
-1.28411472,21.55759239,1.28690186,1.55047119,2.83737305,-0.83932637,20.34999986,-1.81999981,23.01251098
-1.29382360,21.55519676,1.28731689,1.49716309,2.78447998,-0.84139796,20.35000137,-1.81999937,22.95685167
-1.30351865,21.55274391,1.28774414,1.49600098,2.78374512,-0.84341771,20.35000038,-1.83802814,22.94999779
-1.31319880,21.55023575,1.28818115,1.50232910,2.79051025,-0.84538960,20.35000029,-1.85877687,22.94999901
-1.32286465,21.54767227,1.28862793,1.48261230,2.77124023,-0.84731707,20.35000093,-1.86999908,22.92563578
-1.33251345,21.54504967,1.28908447,1.46156738,2.75065186,-0.84919417,20.35000099,-1.88050213,22.89999901
-1.34214795,21.54236794,1.28955078,1.46828369,2.75783447,-0.85102681,20.35000001,-1.90133891,22.89999914
-1.35176456,21.53962517,1.29002197,1.46916504,2.75918701,-0.85281729,20.34999994,-1.91999975,22.89445155
-1.36136448,21.53682327,1.29050293,1.42248291,2.71298584,-0.85456058,20.35000085,-1.91999932,22.84502226
-1.37094498,21.53396034,1.29099365,1.38049316,2.67148682,-0.85625674,20.35000059,-1.92131452,22.79999937
-1.38050747,21.53103447,1.29149170,1.38764648,2.67913818,-0.85790731,20.35000103,-1.94201651,22.79999880
-1.39005136,21.52804756,1.29199951,1.39498779,2.68698730,-0.85951650,20.35000029,-1.96287639,22.79999971
-1.39957488,21.52499580,1.29251221,1.36915283,2.66166504,-0.86108098,20.35000131,-1.96999923,22.76966261
-1.40907669,21.52188301,1.29303955,1.32721191,2.62025146,-0.86259656,20.34999956,-1.96999917,22.72473692
-1.41855812,21.51870346,1.29356934,1.28646973,2.58003906,-0.86407353,20.34999970,-1.96999949,22.68099292
-1.42801774,21.51546097,1.29410889,1.25977295,2.55388184,-0.86550650,20.35000021,-1.97560415,22.64999914
-1.43745482,21.51215172,1.29465332,1.26758057,2.56223389,-0.86689995,20.35000099,-1.99607870,22.65000048
-1.44686663,21.50877571,1.29520752,1.27558838,2.57079590,-0.86824705,20.34999964,-2.01672158,22.64999923
-1.45625460,21.50533104,1.29576416,1.24506348,2.54082764,-0.86955374,20.35000128,-2.01999902,22.61545503
-1.46561730,21.50181770,1.29811035,1.20824219,2.50635254,-0.87000099,20.34841760,-2.01999909,22.57536794
-1.47495437,21.49823761,1.30129150,1.17242432,2.47371582,-0.87000025,20.34611344,-2.01999974,22.53626667
-1.48426318,21.49458694,1.30432373,1.13971191,2.44403564,-0.87000007,20.34396051,-2.02100338,22.49999888
-1.49354517,21.49086571,1.30721191,1.14817627,2.45538818,-0.87000081,20.34195514,-2.04122902,22.49999960
-1.50279748,21.48707008,1.30996582,1.15686035,2.46682617,-0.87000059,20.34008340,-2.06163469,22.49999988
-1.51201916,21.48320198,1.31258789,1.14077393,2.45336182,-0.87000053,20.33834434,-2.06999940,22.47820106
-1.52120841,21.47925949,1.31508789,1.10826172,2.42334961,-0.87000054,20.33672526,-2.06999967,22.44210536
-1.53036678,21.47524452,1.31746582,1.07659668,2.39406250,-0.87000058,20.33523020,-2.06999979,22.40683274
-1.53949189,21.47115326,1.31972900,1.07783203,2.39756104,-0.87000019,20.33384705,-2.08627051,22.39999930
-1.54858363,21.46698761,1.32187988,1.08719727,2.40907715,-0.87000067,20.33257517,-2.10669298,22.39999984
-1.55764031,21.46274757,1.32392822,1.08272217,2.40665039,-0.87000052,20.33140436,-2.11999924,22.38797174
-1.56665969,21.45842934,1.32587158,1.05310791,2.37897949,-0.87000095,20.33033270,-2.11999897,22.35444936
-1.57564306,21.45403481,1.32771973,1.02424805,2.35196777,-0.87000112,20.32935292,-2.11999920,22.32165257
-1.58458745,21.44956398,1.32947266,0.99612061,2.32559326,-0.87000023,20.32846512,-2.11999904,22.28955845
-1.59349155,21.44501305,1.33113525,0.96870850,2.29984375,-0.87000010,20.32765852,-2.11999877,22.25814666
-1.60235143,21.44037628,1.33270264,0.96905273,2.30175537,-0.87000116,20.32693143,-2.13486784,22.24999934
-1.61116934,21.43565941,1.33418945,0.97936035,2.31354980,-0.87000089,20.32627635,-2.15522325,22.25000086
-1.61994410,21.43086433,1.33559326,0.97960693,2.31520020,-0.87000114,20.32569699,-2.16999877,22.24146261
-1.62867367,21.42598724,1.33691895,0.95391357,2.29083252,-0.87000086,20.32518393,-2.16999915,22.21142844
-1.63735700,21.42103004,1.33816895,0.92885742,2.26702637,-0.87000001,20.32473659,-2.16999918,22.18199548
-1.64599419,21.41598892,1.33934570,0.90441895,2.24376465,-0.87000051,20.32434761,-2.16999884,22.15314071
-1.65458214,21.41086578,1.34044922,0.91160156,2.25205078,-0.87000056,20.32401899,-2.18815387,22.14999952
-1.66312051,21.40566063,1.34148682,0.92291748,2.26440430,-0.87000001,20.32374253,-2.20877237,22.14999975
-1.67160261,21.40036392,1.34244629,0.91840332,2.26084961,-0.87000102,20.32351814,-2.21999964,22.13706285
-1.68003166,21.39498329,1.34334229,0.89547363,2.23881592,-0.87000092,20.32334032,-2.21999915,22.10934183
-1.68840587,21.38951683,1.34417236,0.87310547,2.21727783,-0.87000084,20.32320897,-2.21999983,22.08213576
-1.69672441,21.38396645,1.34494385,0.85128174,2.19622559,-0.87000119,20.32311642,-2.21999859,22.05543110
-1.70498455,21.37833214,1.34565674,0.85649414,2.20215088,-0.87000105,20.32306217,-2.23644138,22.04999863
-1.71318710,21.37261200,1.34631104,0.86890625,2.21521729,-0.87000063,20.32304538,-2.25737783,22.05000004
-1.72132945,21.36680603,1.34690674,0.86806396,2.21497070,-0.87000118,20.32306373,-2.26999950,22.03948444
-1.72940588,21.36090851,1.34743896,0.84758301,2.19502197,-0.87000107,20.32311509,-2.26999951,22.01371438
-1.73741567,21.35492325,1.34791504,0.82760498,2.17552002,-0.87000049,20.32319374,-2.26999904,21.98839380
-1.74536085,21.34885025,1.34833496,0.80811035,2.15644531,-0.87000047,20.32330093,-2.26999887,21.96350243
-1.75323963,21.34269333,1.34870361,0.80359863,2.15230225,-0.87000022,20.32343405,-2.27950053,21.94999901
-1.76105130,21.33644867,1.34902100,0.81718262,2.16620361,-0.87000139,20.32358753,-2.30081346,21.94999918
-1.76879299,21.33011818,1.34928955,0.82748291,2.17677246,-0.86999998,20.32376163,-2.31999851,21.94728952
-1.77646363,21.32370377,1.34950684,0.80919434,2.15870117,-0.87000125,20.32395649,-2.31999864,21.92317448
-1.78405428,21.31719208,1.34966553,0.79136230,2.14102783,-0.87000139,20.32416422,-2.31999966,21.89944361
-1.79156971,21.31059456,1.34977539,0.77396484,2.12374023,-0.87000093,20.32438735,-2.31999973,21.87608843
-1.79901028,21.30391312,1.34983887,0.75698975,2.10682861,-0.87000137,20.32462386,-2.31999855,21.85309861
-1.80637228,21.29714775,1.34985840,0.76754883,2.11740723,-0.87000011,20.32486958,-2.33880692,21.84999905
-1.81365621,21.29029655,1.34982910,0.78276611,2.13259521,-0.87000000,20.32512735,-2.36088260,21.84999833
-1.82086074,21.28336143,1.34975586,0.77950684,2.12926270,-0.87000027,20.32539217,-2.36999875,21.83660489
-1.82797801,21.27633667,1.34963135,0.76361816,2.11324951,-0.87000067,20.32566101,-2.36999929,21.81422667
-1.83500898,21.26922607,1.34945801,0.74812500,2.09758301,-0.87000152,20.32593530,-2.36999873,21.79217633
-1.84195781,21.26203537,1.34924561,0.73301270,2.08225830,-0.87000079,20.32621310,-2.36999868,21.77044511
-1.84882379,21.25476456,1.34899414,0.71969238,2.06868652,-0.87000071,20.32649172,-2.37102881,21.75000087
-1.85560656,21.24741554,1.34870361,0.73626465,2.08496826,-0.87000140,20.32677234,-2.39365378,21.74999968
-1.86230397,21.23999214,1.34837646,0.75326416,2.10164063,-0.87000144,20.32705474,-2.41664911,21.75000032
-1.86891794,21.23249245,1.34801514,0.74367188,2.09168701,-0.87000089,20.32733528,-2.41999968,21.73184880
-1.87543845,21.22491074,1.34760986,0.72988525,2.07749512,-0.87000070,20.32761067,-2.41999828,21.71090160
-1.88187397,21.21725464,1.34717285,0.71644043,2.06361328,-0.87000143,20.32787907,-2.41999823,21.69023375
-1.88822436,21.20953178,1.34670898,0.70333008,2.05003906,-0.87000130,20.32814269,-2.41999991,21.66984464
-1.89449000,21.20173836,1.34621582,0.69097656,2.03719238,-0.87000094,20.32840033,-2.42033283,21.64999940
-1.90067029,21.19387627,1.34569580,0.70941162,2.05510742,-0.87000145,20.32864856,-2.44400887,21.64999911
-1.90676618,21.18594742,1.34515381,0.72832764,2.07348145,-0.87000076,20.32888493,-2.46811827,21.65000015
-1.91277421,21.17795563,1.34458496,0.71850342,2.06308838,-0.87000088,20.32911373,-2.46999909,21.63154973
-1.91869032,21.16989136,1.34398682,0.70655029,2.05053711,-0.87000005,20.32932659,-2.46999961,21.61178653
-1.92452109,21.16176796,1.34336670,0.69489014,2.03825684,-0.87000093,20.32952917,-2.46999810,21.59226436
-1.93026650,21.15358353,1.34272949,0.68352295,2.02625244,-0.87000069,20.32971526,-2.46999994,21.57297766
-1.93592727,21.14533997,1.34207031,0.67243164,2.01450195,-0.87000167,20.32989208,-2.46999922,21.55391242
-1.94150317,21.13703918,1.34139893,0.68643311,2.02783203,-0.87000083,20.33004841,-2.48982228,21.54999999
-1.94699466,21.12868309,1.34071045,0.70741211,2.04812256,-0.87000129,20.33019094,-2.51525916,21.54999928
-1.95240235,21.12026978,1.34000977,0.70268311,2.04269287,-0.87000070,20.33031236,-2.51999923,21.53451282
-1.95771790,21.11179924,1.33928711,0.69232666,2.03161377,-0.87000030,20.33041562,-2.51999904,21.51572511
-1.96294916,21.10327721,1.33855225,0.68222900,2.02078125,-0.87000041,20.33049970,-2.51999976,21.49714396
-1.96809709,21.09470367,1.33780518,0.67238037,2.01018555,-0.87000179,20.33056401,-2.51999937,21.47875998
-1.97316182,21.08608246,1.33705078,0.66277588,1.99982666,-0.87000146,20.33060789,-2.51999825,21.46057109
-1.97814453,21.07741165,1.33629150,0.65341309,1.98970459,-0.87000029,20.33062436,-2.51999931,21.44257194
-1.98304462,21.06869507,1.33552246,0.64428223,1.97980469,-0.87000132,20.33062013,-2.51999854,21.42475690
-1.98786342,21.05993271,1.33474854,0.63537842,1.97012695,-0.87000074,20.33059276,-2.51999798,21.40711935
-1.99260092,21.05112457,1.33396973,0.64584961,1.97981934,-0.86999998,20.33053982,-2.53611504,21.40000009
-1.99725235,21.04227257,1.33317871,0.67000488,2.00318359,-0.87000065,20.33046562,-2.56376615,21.39999965
-2.00182080,21.03337669,1.33238281,0.66886230,2.00124512,-0.87000195,20.33036182,-2.56999908,21.38629340
-2.00630999,21.02444077,1.33158691,0.66056152,1.99214844,-0.87000143,20.33023146,-2.56999960,21.36881780
-2.01071978,21.01546478,1.33079102,0.65246826,1.98325928,-0.87000058,20.33007118,-2.56999848,21.35150370
-2.01505089,21.00645065,1.32999268,0.64458008,1.97457275,-0.87000139,20.32988431,-2.56999838,21.33434809
-2.01930332,20.99740219,1.32919678,0.63689209,1.96608887,-0.87000080,20.32966890,-2.56999807,21.31735034
-2.02347803,20.98831367,1.32840088,0.62939941,1.95780029,-0.87000100,20.32942099,-2.56999812,21.30049856
-2.02757549,20.97919273,1.32760498,0.65519287,1.98279785,-0.87000194,20.32914780,-2.59885532,21.29999961
-2.03159642,20.97003555,1.32681396,0.67209229,1.99890625,-0.87000074,20.32884081,-2.61999805,21.29483017
-2.03554106,20.96084785,1.32602539,0.66493164,1.99095703,-0.87000053,20.32850411,-2.61999802,21.27793482
-2.03940868,20.95162582,1.32523682,0.65795654,1.98319336,-0.87000174,20.32813548,-2.61999846,21.26117771
-2.04319835,20.94237137,1.32445313,0.65116455,1.97561768,-0.87000005,20.32773171,-2.61999878,21.24455765
-2.04691315,20.93308640,1.32367188,0.64454834,1.96822021,-0.87000017,20.32729513,-2.61999876,21.22807019
-2.05055523,20.92377472,1.32289551,0.63810303,1.96099854,-0.87000143,20.32682811,-2.61999926,21.21171389
-2.05412412,20.91443253,1.32212891,0.64197998,1.96410889,-0.87000022,20.32632088,-2.62909365,21.19999916
-2.05762076,20.90506363,1.32136719,0.67276123,1.99412842,-0.87000009,20.32578102,-2.66228626,21.19999973
-2.06104565,20.89566994,1.32061035,0.67519775,1.99580811,-0.87000103,20.32521017,-2.66999941,21.18733292
-2.06439948,20.88624763,1.31986328,0.66921387,1.98907715,-0.87000003,20.32459907,-2.66999908,21.17102183
-2.06768250,20.87680435,1.31912354,0.66338867,1.98251221,-0.87000004,20.32395384,-2.66999833,21.15483348
-2.07089639,20.86733246,1.31839111,0.65771973,1.97611084,-0.87000143,20.32326781,-2.66999956,21.13875575
-2.07404089,20.85784149,1.31766846,0.65219971,1.96986816,-0.87000140,20.32254807,-2.66999824,21.12279298
-2.07711697,20.84832573,1.31695557,0.64683105,1.96378662,-0.87000085,20.32178734,-2.66999968,21.10693839
-2.08012486,20.83878899,1.31625000,0.64160645,1.95785645,-0.87000198,20.32098909,-2.66999960,21.09119070
-2.08306575,20.82923126,1.31555664,0.63652344,1.95208008,-0.87000092,20.32015088,-2.66999920,21.07554646
-2.08593965,20.81965256,1.31486816,0.63157959,1.94644775,-0.87000218,20.31927838,-2.66999918,21.06000070
-2.08874774,20.81005478,1.31419189,0.64132568,1.95551758,-0.87000198,20.31836491,-2.68349570,21.04999945
-2.09148979,20.80043793,1.31352539,0.67586670,1.98939209,-0.87000167,20.31741027,-2.71999926,21.04897694
-2.09416533,20.79080200,1.31286865,0.67118164,1.98405029,-0.87000005,20.31641456,-2.71999888,21.03332447
-2.09677696,20.78114891,1.31221924,0.66662842,1.97884766,-0.87000152,20.31537930,-2.71999856,21.01776734
-2.09932494,20.77147865,1.31158203,0.66220459,1.97378662,-0.87000111,20.31430204,-2.71999819,21.00230253
-2.10180950,20.76179314,1.31095459,0.65791016,1.96886475,-0.87000134,20.31318348,-2.71999956,20.98693049
-2.10423231,20.75209045,1.31033691,0.65373535,1.96407227,-0.87000190,20.31202458,-2.71999765,20.97164209
-2.10659337,20.74237442,1.30973145,0.64968506,1.95941650,-0.87000094,20.31082393,-2.71999822,20.95644266
-2.10889339,20.73264122,1.30913574,0.67259766,1.98173340,-0.87000132,20.30957765,-2.74540180,20.94999956
-2.11113310,20.72289658,1.30855225,0.69465576,2.00320801,-0.87000088,20.30828857,-2.76999838,20.94299466
-2.11331296,20.71313667,1.30797852,0.69083984,1.99881836,-0.87000101,20.30695544,-2.76999762,20.92767092
-2.11543369,20.70336342,1.30741699,0.68714111,1.99455811,-0.87000003,20.30557658,-2.76999813,20.91242885
-2.11749554,20.69357681,1.30686279,0.68355713,1.99041992,-0.87000181,20.30415432,-2.76999956,20.89726501
-2.11949921,20.68378067,1.30632080,0.68008301,1.98640381,-0.87000173,20.30269002,-2.76999945,20.88218008
-2.12144542,20.67397118,1.30578857,0.67671631,1.98250488,-0.87000199,20.30117999,-2.76999771,20.86716775
-2.12333465,20.66415215,1.30526855,0.67345947,1.97872803,-0.87000028,20.29962626,-2.76999843,20.85223099
-2.12516737,20.65431976,1.30475586,0.67030762,1.97506348,-0.87000124,20.29802509,-2.76999867,20.83736323
-2.12694430,20.64447975,1.30425537,0.66725830,1.97151367,-0.87000037,20.29637904,-2.76999803,20.82256841
-2.12866569,20.63463020,1.30376465,0.66431152,1.96807617,-0.87000060,20.29468259,-2.76999748,20.80784484
-2.13033247,20.62476921,1.30328369,0.68822510,1.99150879,-0.87000073,20.29293731,-2.79587593,20.79999970
-2.13194513,20.61490059,1.30281250,0.71033691,2.01314941,-0.87000068,20.29114680,-2.81999942,20.79142197
-2.13350415,20.60502243,1.30234863,0.70760010,2.00994873,-0.87000199,20.28931037,-2.81999795,20.77655706
-2.13500953,20.59513664,1.30189453,0.70496338,2.00685791,-0.87000205,20.28742644,-2.81999892,20.76175876
-2.13646245,20.58524323,1.30145020,0.70241943,2.00386963,-0.87000148,20.28549449,-2.81999748,20.74702378
-2.13786340,20.57534218,1.30101563,0.69997070,2.00098633,-0.87000010,20.28351302,-2.81999753,20.73235172
-2.13921237,20.56543350,1.30058594,0.69761475,1.99820068,-0.87000172,20.28148268,-2.81999788,20.71774045
-2.14051032,20.55551720,1.30016846,0.69534912,1.99551758,-0.87000039,20.27939665,-2.81999763,20.70319051
-2.14175773,20.54559708,1.29975586,0.69317383,1.99292969,-0.87000184,20.27726486,-2.81999886,20.68870154
-2.14295483,20.53566742,1.29935303,0.69108398,1.99043701,-0.87000031,20.27508110,-2.81999829,20.67426488
-2.14410210,20.52573395,1.29895508,0.68908203,1.98803711,-0.87000097,20.27284907,-2.81999937,20.65988672
-2.14520025,20.51579475,1.29856445,0.71065918,2.00922363,-0.87000145,20.27056488,-2.84307222,20.65000054
-2.14624953,20.50584984,1.29818115,0.73618652,2.03436768,-0.87000084,20.26822928,-2.86999836,20.64060226
-2.14724874,20.49590111,1.29780029,0.73437988,2.03218018,-0.87000197,20.26584412,-2.86999811,20.62608233
-2.14820027,20.48594475,1.29742920,0.73265625,2.03008545,-0.87000003,20.26339914,-2.86999796,20.61161590
-2.14910388,20.47598648,1.29706055,0.73101563,2.02807617,-0.87000047,20.26090357,-2.86999897,20.59720593
-2.14996076,20.46602249,1.29669678,0.72945313,2.02614990,-0.87000102,20.25835561,-2.86999850,20.58284491
-2.15077090,20.45605469,1.29633789,0.72797119,2.02430908,-0.87000092,20.25575458,-2.86999978,20.56853517
-2.15153503,20.44608498,1.29598389,0.72656494,2.02254883,-0.87000014,20.25310195,-2.86999947,20.55427668
-2.15225363,20.43610954,1.29563232,0.72523438,2.02086670,-0.87000081,20.25039275,-2.86999878,20.54006512
-2.15292668,20.42613220,1.27808105,0.72397949,2.00206055,-0.88704000,20.25000108,-2.86999858,20.52590312
-2.15355468,20.41615295,1.25569580,0.72280029,1.97849609,-0.90889983,20.25000115,-2.86999961,20.51179281
-2.15413833,20.40616989,1.24418945,0.73961670,1.98380615,-0.92000178,20.24832659,-2.88777901,20.50000089
-2.15467787,20.39618492,1.24388428,0.77102783,2.01491211,-0.92000083,20.24511973,-2.91999855,20.48982343
-2.15517378,20.38619804,1.24357666,0.77002930,2.01360596,-0.92000207,20.24185894,-2.91999869,20.47557358
-2.15562654,20.37620735,1.24327148,0.76910156,2.01237305,-0.92000022,20.23854305,-2.91999871,20.46136802
-2.15603614,20.36621475,1.24296143,0.76824463,2.01120605,-0.92000156,20.23517428,-2.91999945,20.44720772
-2.15640330,20.35622215,1.24265137,0.76745605,2.01010742,-0.92000178,20.23174850,-2.91999948,20.43309653
-2.15672827,20.34622765,1.24234131,0.76673584,2.00907715,-0.92000005,20.22826516,-2.91999988,20.41903056
-2.15701127,20.33623123,1.24202637,0.76608154,2.00810791,-0.91999988,20.22473158,-2.91999958,20.40500419
-2.15725303,20.32623482,1.24170654,0.76549316,2.00719971,-0.92000138,20.22114652,-2.91999981,20.39102015
-2.15745234,20.31623650,1.24138428,0.76497070,2.00635498,-0.92000031,20.21750760,-2.91999990,20.37707560
-2.15760875,20.30623817,1.24105469,0.76451172,2.00556641,-0.92000022,20.21381623,-2.91999757,20.36317173
-2.15772486,20.29623795,1.24072021,0.77412109,2.01484131,-0.92000032,20.21007197,-2.92997686,20.34999938
-2.15780115,20.28623772,1.24038086,0.81389160,2.05427246,-0.92000068,20.20627020,-2.96999960,20.33870942
-2.15783739,20.27623749,1.24003662,0.81360352,2.05364014,-0.91999995,20.20241742,-2.96999800,20.32467175
-2.15783405,20.26623917,1.23968506,0.81337891,2.05306396,-0.92000011,20.19851842,-2.96999841,20.31067193
-2.15779185,20.25623894,1.23932617,0.81321533,2.05254150,-0.92000106,20.19456763,-2.96999971,20.29670613
-2.15771079,20.24623871,1.23895996,0.81311035,2.05207031,-0.92000225,20.19056613,-2.96999985,20.28277576
-2.15759134,20.23623848,1.23858887,0.81306396,2.05165283,-0.92000097,20.18651463,-2.96999985,20.26887939
-2.15743375,20.22624016,1.23820801,0.81307373,2.05128174,-0.92000156,20.18241349,-2.96999804,20.25501910
-2.15723848,20.21624184,1.23781982,0.81314209,2.05096191,-0.92000152,20.17825868,-2.96999768,20.24119353
-2.15700531,20.20624542,1.23742188,0.81326904,2.05069092,-0.92000207,20.17405767,-2.96999921,20.22740013
-2.15673494,20.19624901,1.23701660,0.81344971,2.05046631,-0.92000096,20.16980973,-2.96999881,20.21363521
-2.15642357,20.18625259,1.23659668,0.81968750,2.05628418,-0.92000076,20.16551332,-2.97599581,20.19999978
-2.15607548,20.17625999,1.23616699,0.86398682,2.10015381,-0.92000059,20.16117217,-3.01999792,20.18680524
-2.15569115,20.16626740,1.23572754,0.86433350,2.10006104,-0.91999999,20.15678330,-3.01999919,20.17290108
-2.15527034,20.15627480,1.23527588,0.86473145,2.10000732,-0.92000064,20.15234717,-3.01999745,20.15902426
-2.15481400,20.14628601,1.23481445,0.86518555,2.10000000,-0.92000051,20.14786247,-3.01999888,20.14518145
-2.15432167,20.13629913,1.23434082,0.86569092,2.10003174,-0.92000094,20.14333362,-3.01999850,20.13136558
-2.15379429,20.12631226,1.23385498,0.86624756,2.10010254,-0.92000211,20.13875992,-3.01999775,20.11757317
-2.15323186,20.11632729,1.23335938,0.86685791,2.10021729,-0.92000121,20.13414191,-3.01999930,20.10380640
-2.15263438,20.10634613,1.23285156,0.86751709,2.10036865,-0.91999996,20.12948246,-3.01999867,20.09006585
-2.15200210,20.09636497,1.23232910,0.86822754,2.10055664,-0.92000059,20.12477713,-3.01999883,20.07634742
-2.15133262,20.08638763,1.23179199,0.86898926,2.10078125,-0.92000016,20.12003094,-3.01999768,20.06265338
-2.15062761,20.07641220,1.23123779,0.91982910,2.15106689,-0.92000231,20.11524190,-3.06999914,20.04740344
-2.14988875,20.06643867,1.23067383,0.92069824,2.15137207,-0.92000069,20.11040906,-3.06999914,20.03354332
-2.14911628,20.05647087,1.23009521,0.92161621,2.15171143,-0.92000010,20.10553764,-3.06999897,20.01970890
-2.14831018,20.04650116,1.22950195,0.92258301,2.15208496,-0.91999998,20.10062147,-3.06999894,20.00589083
-2.14747095,20.03653717,1.22889404,0.92359863,2.15249268,-0.92000033,20.09566800,-3.06999978,19.99209627
-2.14659882,20.02657509,1.22827148,0.92466064,2.15293213,-0.92000100,20.09067386,-3.06999950,19.97832060
-2.14569378,20.01661682,1.22763428,0.92576904,2.15340332,-0.92000151,20.08564078,-3.06999834,19.96456529
-2.14475632,20.00666046,1.22698242,0.92692627,2.15390869,-0.92000184,20.08056840,-3.06999948,19.95082656
-2.14378405,19.99670792,1.22631348,0.92812988,2.15444336,-0.92000181,20.07545959,-3.06999817,19.93710506
-2.14277697,19.98675919,1.22562744,0.92938477,2.15501221,-0.92000108,20.07031534,-3.06999942,19.92339913
-2.14173841,19.97681427,1.22492432,0.93068359,2.15560791,-0.92000228,20.06513385,-3.06999967,19.90971006
-2.14066792,19.96687126,1.22420654,0.98217285,2.20637939,-0.92000216,20.05991379,-3.12000001,19.89222385
-2.13956594,19.95693207,1.22347412,0.98357666,2.20705078,-0.92000088,20.05465602,-3.12000003,19.87836972
-2.13843250,19.94699669,1.17254883,0.98502441,2.15757324,-0.97000002,20.04516173,-3.11999890,19.86453107
-2.13726759,19.93706512,1.17176514,0.98651855,2.15828369,-0.97000074,20.03964046,-3.11999900,19.85070612
-2.13607216,19.92713737,1.17096436,0.98805664,2.15902100,-0.97000210,20.03408611,-3.11999900,19.83689431
-2.13484526,19.91721344,1.17014893,0.98963867,2.15978760,-0.97000054,20.02850187,-3.11999796,19.82309265
-2.13358307,19.90729141,1.16930908,0.99127197,2.16058105,-0.97000128,20.02288219,-3.11999978,19.80930030
-2.13229060,19.89737511,1.16845215,0.99294678,2.16139893,-0.97000212,20.01723228,-3.11999951,19.79552088
-2.13096786,19.88746452,1.16758057,0.99466309,2.16224365,-0.96999990,20.01155208,-3.11999765,19.78175421
-2.12961483,19.87755585,1.16668701,0.99642578,2.16311279,-0.97000198,20.00583933,-3.11999882,19.76799350
-2.12823176,19.86765289,1.16577881,0.99822998,2.16400879,-0.97000092,20.00009738,-3.11999859,19.75424368
-2.12681890,19.85775185,1.16485107,1.00007813,2.16492920,-0.97000149,19.99432258,-3.11999975,19.74049960
-2.12537646,19.84785652,1.16390625,1.00196777,2.16587402,-0.97000151,19.98852101,-3.11999993,19.72676320
-2.12390375,19.83796692,1.16294434,1.00389893,2.16684326,-0.97000007,19.98269327,-3.11999843,19.71303349
-2.12239742,19.82807922,1.16195801,1.05629395,2.21825195,-0.97000043,19.97683290,-3.16999980,19.69285264
-2.12086177,19.81819916,1.16095215,1.05833740,2.21928955,-0.97000217,19.97094746,-3.16999869,19.67895204
-2.11929703,19.80832291,1.15993164,1.06042480,2.22035645,-0.97000016,19.96503324,-3.16999938,19.66505625
-2.11770344,19.79845047,1.15888916,1.06255371,2.22144287,-0.97000169,19.95908932,-3.16999971,19.65116511
-2.11608124,19.78858185,1.15782959,1.06472412,2.22255371,-0.97000212,19.95311753,-3.16999979,19.63727710
-2.11443019,19.77872086,1.15675293,1.06693604,2.22368896,-0.97000093,19.94712225,-3.16999943,19.62339511
-2.11275077,19.76886368,1.15565674,1.06918945,2.22484619,-0.97000103,19.94110054,-3.16999894,19.60951374
-2.11103964,19.75901031,1.15453857,1.07148926,2.22602783,-0.97000150,19.93505328,-3.16999959,19.59563063
-2.10929871,19.74916267,1.15340088,1.07383057,2.22723145,-0.97000121,19.92898128,-3.16999884,19.58174932
-2.10752916,19.73932076,1.15224365,1.07621338,2.22845703,-0.97000131,19.92288479,-3.16999776,19.56786911
-2.10573173,19.72948456,1.15106934,1.07864014,2.22970947,-0.96999981,19.91676434,-3.16999952,19.55398906
-2.10390639,19.71965218,1.14987305,1.13180908,2.28168213,-0.97000162,19.91061831,-3.21999806,19.53168603
-2.10205340,19.70982552,1.14865967,1.13434570,2.28300537,-0.97000195,19.90444940,-3.21999786,19.51762693
-2.10017252,19.70000267,1.14742920,1.13692627,2.28435547,-0.97000022,19.89825601,-3.21999985,19.50356403
-2.09826255,19.69018745,1.14617676,1.13954590,2.28572266,-0.97000027,19.89204209,-3.21999761,19.48950058
-2.09632158,19.68037796,1.14490234,1.14221436,2.28711670,-0.96999997,19.88580693,-3.21999884,19.47543130
-2.09435344,19.67057419,1.14360840,1.14492188,2.28853027,-0.97000059,19.87955005,-3.21999765,19.46135831
-2.09235787,19.66077423,1.14229492,1.14767334,2.28996826,-0.97000162,19.87326967,-3.21999866,19.44727827
-2.09033489,19.65098000,1.14096436,1.15046631,2.29143066,-0.97000073,19.86696851,-3.21999920,19.43319273
-2.08828521,19.64119339,1.13961426,1.15329834,2.29291260,-0.97000062,19.86064787,-3.21999775,19.41910378
-2.08620882,19.63141060,1.08725830,1.15617432,2.24343262,-1.02000062,19.84432063,-3.21999877,19.40500523
-2.08410454,19.62163544,1.08583496,1.21011230,2.29594727,-1.02000121,19.83778714,-3.26999796,19.38074447
-2.08196926,19.61186600,1.08438721,1.21311035,2.29749756,-1.02000235,19.83123302,-3.26999790,19.36645882
-2.07980704,19.60210228,1.08292236,1.21615234,2.29907471,-1.02000084,19.82465936,-3.26999929,19.35216441
-2.07761836,19.59234428,1.08143799,1.21923584,2.30067383,-1.02000006,19.81806898,-3.26999938,19.33785753
-2.07540321,19.58259201,1.07993164,1.22236084,2.30229248,-1.02000187,19.81145958,-3.26999852,19.32353973
-2.07316184,19.57284737,1.07840820,1.22552979,2.30393799,-1.02000151,19.80483364,-3.26999932,19.30921242
-2.07089424,19.56310844,1.07686523,1.22874023,2.30560547,-1.02000149,19.79818973,-3.26999898,19.29487262
-2.06859899,19.55337524,1.07530273,1.23199463,2.30729736,-1.02000017,19.79152735,-3.26999843,19.28051989
-2.06627345,19.54364777,1.07371338,1.23529785,2.30901123,-1.02000203,19.78484581,-3.26999957,19.26615153
-2.06392193,19.53392792,1.07210693,1.23864258,2.31074951,-1.02000177,19.77814884,-3.26999934,19.25177096
-2.06154442,19.52421570,1.07048096,1.29341797,2.36389893,-1.02000168,19.77143661,-3.31999753,19.22550888
-2.05914116,19.51450920,1.06883545,1.29688965,2.36572510,-1.02000190,19.76470694,-3.31999843,19.21092753
-2.05671144,19.50480843,1.06717041,1.30040527,2.36757568,-1.02000171,19.75795981,-3.31999870,19.19632967
-2.05425644,19.49511528,1.06548828,1.30396484,2.36945313,-1.02000034,19.75120046,-3.31999875,19.18171336
-2.05177379,19.48542786,1.06378174,1.30757080,2.37135254,-1.02000204,19.74442345,-3.31999880,19.16707771
-2.04926205,19.47574806,1.06205566,1.31122559,2.37328125,-1.02000080,19.73763268,-3.31999929,19.15242244
-2.04672456,19.46607590,1.06030762,1.31492432,2.37523193,-1.02000223,19.73082759,-3.31999859,19.13774812
-2.04416156,19.45640945,1.05854248,1.31866943,2.37721191,-1.02000149,19.72400671,-3.31999943,19.12305267
-2.04157305,19.44675064,1.05675781,1.32245850,2.37921631,-1.02000128,19.71717301,-3.31999866,19.10833596
-2.03895926,19.43709946,1.00318848,1.37805908,2.38124756,-1.07000050,19.69691855,-3.36999771,19.08019139
-2.03631997,19.42745209,1.00132080,1.38198730,2.38330811,-1.07000030,19.68988243,-3.36999996,19.06525507
-2.03365183,19.41781616,0.99942871,1.38596191,2.38539063,-1.07000134,19.68283593,-3.36999815,19.05029890
-2.03095627,19.40818596,0.99751709,1.38998779,2.38750488,-1.07000020,19.67577490,-3.36999819,19.03531479
-2.02823615,19.39856339,0.99558350,1.39406006,2.38964355,-1.07000207,19.66870019,-3.36999790,19.02030588
-2.02549028,19.38894844,0.99363281,1.39818115,2.39181396,-1.07000118,19.66161437,-3.36999787,19.00526912
-2.02271914,19.37933922,0.99166260,1.40235107,2.39401367,-1.07000048,19.65451519,-3.36999799,18.99020150
-2.01992321,19.36973763,0.98967285,1.40656982,2.39624268,-1.07000034,19.64740442,-3.36999848,18.97510446
-2.01710224,19.36014557,0.98766357,1.41083740,2.39850098,-1.07000041,19.64028378,-3.36999884,18.95997948
-2.01425123,19.35055923,0.98562988,1.46735107,2.45298096,-1.07000023,19.63314791,-3.41999972,18.92985690
-2.01137447,19.34098244,0.98357422,1.47177246,2.45534668,-1.07000200,19.62600192,-3.41999830,18.91449319
-2.00847292,19.33141327,0.98150146,1.47624512,2.45774658,-1.07000152,19.61884424,-3.41999788,18.89909750
-2.00554657,19.32185173,0.92706543,1.48076904,2.40783447,-1.12000067,19.59618499,-3.41999793,18.88366884
-2.00259519,19.31229591,0.92489990,1.48534668,2.41024658,-1.12000187,19.58882587,-3.41999944,18.86820152
-1.99961877,19.30274963,0.92271729,1.48997559,2.41269287,-1.12000019,19.58145803,-3.41999988,18.85269985
-1.99661684,19.29321098,0.92051025,1.49465576,2.41516602,-1.12000224,19.57407750,-3.41999812,18.83716092
-1.99358582,19.28368187,0.91828125,1.49939697,2.41767822,-1.12000192,19.56668660,-3.41999965,18.82158332
-1.99052906,19.27416039,0.91603271,1.50419189,2.42022461,-1.12000064,19.55928537,-3.41999961,18.80596456
-1.98744774,19.26464653,0.91376221,1.56170898,2.47547119,-1.12000163,19.55187227,-3.46999798,18.77374964
-1.98434198,19.25514221,0.91147461,1.56666992,2.47814453,-1.12000049,19.54445140,-3.46999808,18.75786889
-1.98121166,19.24564552,0.90916504,1.57168701,2.48085205,-1.12000166,19.53701882,-3.46999810,18.74194421
-1.97805595,19.23615646,0.90683594,1.57676270,2.48359863,-1.12000205,19.52957581,-3.46999880,18.72597302
-1.97487366,19.22667503,0.90448730,1.58189697,2.48638428,-1.12000038,19.52212206,-3.46999852,18.70995495
-1.97166300,19.21720505,0.90211182,1.58709473,2.48920654,-1.12000201,19.51465970,-3.46999906,18.69388998
-1.96842778,19.20774269,0.89971924,1.59234863,2.49206787,-1.12000094,19.50718644,-3.46999767,18.67777865
-1.96516800,19.19828987,0.89730713,1.59766602,2.49497314,-1.12000002,19.49970502,-3.46999964,18.66161661
-1.96188319,19.18884468,0.89487305,1.65618896,2.55106201,-1.12000118,19.49221311,-3.51999883,18.62738465
-1.95857346,19.17940712,0.89241943,1.66169189,2.55411133,-1.12000218,19.48471128,-3.51999968,18.61092842
-1.95523882,19.16997910,0.88994873,1.66725586,2.55720459,-1.12000057,19.47720192,-3.51999847,18.59441892
-1.95187747,19.16056061,0.88745361,1.67288818,2.56034180,-1.12000169,19.46968290,-3.51999906,18.57785181
-1.94848871,19.15115356,0.88493896,1.67858643,2.56352539,-1.12000013,19.46215787,-3.51999787,18.56122858
-1.94507504,19.14175415,0.88240234,1.68435303,2.56675537,-1.12000081,19.45462216,-3.51999863,18.54454339
-1.94163632,19.13236427,0.87984619,1.69018555,2.57003174,-1.12000114,19.44707838,-3.51999845,18.52779812
-1.93817306,19.12298393,0.87727051,1.69608643,2.57335693,-1.12000191,19.43952708,-3.51999869,18.51098965
-1.93468475,19.11361313,0.87467529,1.75573730,2.63041260,-1.12000212,19.43196678,-3.56999868,18.47458127
-1.93117154,19.10424995,0.87206055,1.76184814,2.63390869,-1.12000204,19.42439630,-3.56999980,18.45744940
-1.92763066,19.09489632,0.86942383,1.76803223,2.63745605,-1.12000152,19.41681703,-3.56999922,18.44024874
-1.92406309,19.08555603,0.86676514,1.77429199,2.64105713,-1.12000140,19.40923277,-3.56999939,18.42298088
-1.92047000,19.07622337,0.86408691,1.78062744,2.64471436,-1.12000099,19.40163938,-3.56999976,18.40563728
-1.91685176,19.06690025,0.86138916,1.78703613,2.64842529,-1.12000029,19.39403785,-3.56999814,18.38822128
-1.91320848,19.05758858,0.85866943,1.79352539,2.65219482,-1.12000207,19.38643012,-3.56999956,18.37072862
-1.90954030,19.04828644,0.85593262,1.85429443,2.71022705,-1.12000162,19.37881528,-3.61999873,18.33222798
-1.90584600,19.03899193,0.85317627,1.86102051,2.71419678,-1.12000032,19.37119111,-3.61999930,18.31437088
-1.90212429,19.02971077,0.85039551,1.86782959,2.71822510,-1.12000092,19.36356046,-3.61999927,18.29643511
-1.89837444,19.02044106,0.84759277,1.87472412,2.72231689,-1.12000021,19.35592150,-3.61999948,18.27841811
-1.89459920,19.01118088,0.84476807,1.88170410,2.72647217,-1.12000182,19.34827427,-3.61999949,18.26031204
-1.89079762,19.00193214,0.84192627,1.88877197,2.73069824,-1.12000003,19.34062225,-3.61999996,18.24211695
-1.88697028,18.99269295,0.83906250,1.89592773,2.73499023,-1.12000001,19.33296127,-3.61999995,18.22382990
-1.88311708,18.98346519,0.83617676,1.90317139,2.73934814,-1.12000165,19.32529331,-3.61999799,18.20545088
-1.87923753,18.97424698,0.83327393,1.91051025,2.74378418,-1.12000011,19.31761854,-3.61999868,18.18697299
-1.87533140,18.96504211,0.83034668,1.91794189,2.74828857,-1.12000177,19.30993736,-3.61999827,18.16840010
-1.87139416,18.95584869,0.82739502,1.92547607,2.75287109,-1.12000216,19.30224812,-3.61999945,18.14972369
-1.86743093,18.94666862,0.82442383,1.93310303,2.75752686,-1.12000121,19.29455289,-3.61999872,18.13095211
-1.86344111,18.93749809,0.82143066,1.94083008,2.76226074,-1.12000144,19.28684866,-3.61999847,18.11207225
-1.85942519,18.92834091,0.81841797,2.00399902,2.82241699,-1.12000058,19.27913894,-3.66999905,18.06936796
-1.85538149,18.91919518,0.81538330,2.01202881,2.82741211,-1.12000022,19.27142276,-3.66999836,18.05004314
-1.85131085,18.91006088,0.81232666,2.02016602,2.83249268,-1.12000025,19.26369826,-3.66999894,18.03060406
-1.84721363,18.90093803,0.80924805,2.02841064,2.83765869,-1.12000145,19.25596612,-3.66999828,18.01104680
-1.84308672,18.89183044,0.80614746,2.03677002,2.84291748,-1.12000078,19.24822974,-3.66999783,17.99137062
-1.83893001,18.88273621,0.80302246,2.04524658,2.84826904,-1.12000015,19.24048605,-3.66999813,17.97157035
-1.83474600,18.87365150,0.79987305,2.05383789,2.85371094,-1.12000177,19.23273024,-3.66999822,17.95164331
-1.83053410,18.86458206,0.79670410,2.06254883,2.85925293,-1.12000086,19.22497063,-3.66999933,17.93158947
-1.82629478,18.85552597,0.73733887,2.07137939,2.80871826,-1.17000018,19.19160045,-3.66999946,17.91140409
-1.82202744,18.84648323,0.73401123,2.08033447,2.81434570,-1.17000142,19.18358045,-3.66999947,17.89108236
-1.81773210,18.83745193,0.73066162,2.08941650,2.82007813,-1.17000070,19.17555020,-3.66999945,17.87061850
-1.81340826,18.82843399,0.72728516,2.15514648,2.88243164,-1.17000153,19.16750844,-3.71999981,17.82366290
-1.80905426,18.81943321,0.72388428,2.16460937,2.88849365,-1.17000004,19.15945989,-3.71999886,17.80266166
-1.80466926,18.81044579,0.72045166,2.17421387,2.89466553,-1.17000178,19.15139700,-3.71999950,17.78150672
-1.80025542,18.80147362,0.71699463,2.18395508,2.90094971,-1.17000171,19.14332383,-3.71999894,17.76020290
-1.79581320,18.79251480,0.71351318,2.19384033,2.90735352,-1.17000096,19.13523937,-3.71999929,17.73873893
-1.79134214,18.78356934,0.71000488,2.20387207,2.91387695,-1.17000115,19.12714217,-3.71999936,17.71711109
-1.78684163,18.77463913,0.70646973,2.21405518,2.92052490,-1.17000170,19.11903420,-3.71999968,17.69531518
-1.78231204,18.76572418,0.70291016,2.22438965,2.92729980,-1.17000029,19.11091549,-3.71999909,17.67335132
-1.77775264,18.75682259,0.69932129,2.23488281,2.93420410,-1.17000066,19.10278186,-3.71999932,17.65120997
-1.77316236,18.74793816,0.69570313,2.20318115,2.89888428,-1.17000120,19.09463608,-3.68327784,17.65000096
-1.76854038,18.73907089,0.69205566,2.19854248,2.89059814,-1.17000038,19.08647688,-3.66999961,17.63542149
-1.76388752,18.73021889,0.68837891,2.20938721,2.89776611,-1.17000008,19.07830391,-3.66999958,17.61302226
-1.75920475,18.72138214,0.68467285,2.20162109,2.88629395,-1.17000059,19.07011614,-3.65383849,17.59999969
-1.75449121,18.71256256,0.68093750,2.16853516,2.84947266,-1.17000182,19.06191626,-3.61587464,17.59999969
-1.74974775,18.70376015,0.67717529,2.13588623,2.81306152,-1.17000110,19.05370334,-3.57833322,17.60000037
-1.74497342,18.69497299,0.67338379,2.10365723,2.77704102,-1.17000061,19.04547544,-3.54119382,17.60000009
-1.74016809,18.68620300,0.66956055,2.07185791,2.74141846,-1.17000051,19.03723036,-3.50446891,17.59999982
-1.73533189,18.67745018,0.66570557,2.04265625,2.70836182,-1.17000079,19.02896787,-3.46999834,17.59885050
-1.73046494,18.66871452,0.66182129,2.05411865,2.71593994,-1.17000009,19.02068980,-3.46999992,17.57627612
-1.72556281,18.65999985,0.65789795,2.06576904,2.72366699,-1.17000171,19.01239399,-3.46999889,17.55349858
-1.72062802,18.65130043,0.65394287,2.04147705,2.69541992,-1.17000177,19.00407801,-3.43957155,17.55000035
-1.71566212,18.64262009,0.64995605,2.01105713,2.66101318,-1.17000127,18.99574487,-3.40401496,17.55000142
-1.71066439,18.63396072,0.64593506,1.98242188,2.62835693,-1.17000153,18.98739492,-3.36999820,17.54924536
-1.70563400,18.62531662,0.64187988,1.99450439,2.63638428,-1.17000103,18.97902144,-3.36999885,17.52625459
-1.70057178,18.61669350,0.63779053,2.00678711,2.64457764,-1.16999992,18.97062889,-3.36999883,17.50304733
-1.69547689,18.60808945,0.63366211,1.98279297,2.61645508,-1.17000142,18.96221257,-3.33974290,17.50000231
-1.69034898,18.59950447,0.62949951,1.95369141,2.58319092,-1.17000149,18.95377576,-3.30528023,17.50000120
-1.68518865,18.59093857,0.63356201,1.92496094,2.55852295,-1.16319560,18.94999858,-3.27116795,17.50000117
-1.67999446,18.58239365,0.64413330,1.89660889,2.54074219,-1.15105803,18.94999936,-3.23741363,17.50000237
-1.67476428,18.57386971,0.65450195,1.88816895,2.54267090,-1.13913472,18.94999977,-3.21999891,17.48877424
-1.66950011,18.56536865,0.66466797,1.90115967,2.56582764,-1.12742736,18.94999913,-3.21999887,17.46520437
-1.66420138,18.55688667,0.66962891,1.89959717,2.56922607,-1.12000025,18.94707633,-3.20798617,17.45000021
-1.65886819,18.54842758,0.66544434,1.87212891,2.53757324,-1.12000107,18.93886116,-3.17489090,17.45000064
-1.65350115,18.53998756,0.66122314,1.84501465,2.50623779,-1.12000172,18.93062093,-3.14212761,17.45000110
-1.64809966,18.53157234,0.65696533,1.81826416,2.47522949,-1.12000094,18.92236018,-3.10970339,17.45000001
-1.64266372,18.52317810,0.65266602,1.79186523,2.44453125,-1.12000133,18.91407061,-3.07760984,17.45000028
-1.63719296,18.51480865,0.64832764,1.79609863,2.44442627,-1.12000111,18.90575786,-3.06999874,17.43174001
-1.63168681,18.50646019,0.64820557,1.81008789,2.45829346,-1.11661690,18.89999978,-3.06999874,17.40751676
-1.62614512,18.49813652,0.65744873,1.79655029,2.45399902,-1.10581374,18.89999977,-3.04800733,17.40000139
-1.62056828,18.48983574,0.66651611,1.77097900,2.43749512,-1.09520282,18.90000015,-3.01650030,17.40000078
-1.61495495,18.48155975,0.67540527,1.74574951,2.42115479,-1.08478438,18.89999911,-2.98530999,17.40000126
-1.60930359,18.47330856,0.68412598,1.72086182,2.40498779,-1.07454873,18.90000003,-2.95443484,17.40000178
-1.60361505,18.46508408,0.69267334,1.69631836,2.38899170,-1.06449971,18.89999905,-2.92387841,17.40000156
-1.59789002,18.45688629,0.70105713,1.70613281,2.40718994,-1.05463006,18.89999992,-2.91999861,17.37849956
-1.59212840,18.44871330,0.70927979,1.72121094,2.43049072,-1.04493680,18.89999939,-2.91999953,17.35357629
-1.58632910,18.44056702,0.71734619,1.70278076,2.42012695,-1.03541483,18.90000036,-2.89404667,17.34999976
-1.58049297,18.43244553,0.72525879,1.67906006,2.40431885,-1.02606287,18.90000045,-2.86406437,17.35000046
-1.57461941,18.42435265,0.73301514,1.65567383,2.38868896,-1.01688177,18.89999951,-2.83439097,17.35000094
-1.56870794,18.41628838,0.74062256,1.63261963,2.37324219,-1.00786515,18.90000024,-2.80502319,17.34999966
-1.56275773,18.40824890,0.74808594,1.60988281,2.35796875,-0.99900784,18.89999949,-2.77594892,17.35000039
-1.55676949,18.40023994,0.75540527,1.61790771,2.37331299,-0.99030959,18.90000017,-2.76999882,17.32986625
-1.55074346,18.39226151,0.76258057,1.63413818,2.39671875,-0.98177014,18.90000008,-2.76999959,17.30422565
-1.54467773,18.38431168,0.76961914,1.61823975,2.38785889,-0.97338126,18.89999954,-2.74591432,17.30000054
-1.53857315,18.37639046,0.77652588,1.59631104,2.37283691,-0.96514017,18.90000006,-2.71738433,17.30000161
-1.53242874,18.36849976,0.78329834,1.57470215,2.35800049,-0.95704658,18.89999919,-2.68914704,17.30000100
-1.52624547,18.36064148,0.78994141,1.55340820,2.34334961,-0.94909729,18.89999977,-2.66119893,17.30000131
-1.52002227,18.35281372,0.79645752,1.53242432,2.32888184,-0.94128881,18.89999934,-2.63353456,17.30000108
-1.51375914,18.34501839,0.80285156,1.53091064,2.33376221,-0.93361651,18.90000046,-2.61999916,17.28675556
-1.50745511,18.33725548,0.80912354,1.54836670,2.35749023,-0.92607804,18.90000019,-2.61999833,17.26036780
-1.50111020,18.32952499,0.81527588,1.54276855,2.35804443,-0.91867216,18.89999909,-2.60327342,17.25000147
-1.49472404,18.32183075,0.82131104,1.52257324,2.34388428,-0.91139569,18.90000013,-2.57611719,17.25000145
-1.48829639,18.31417084,0.82722900,1.50267578,2.32990479,-0.90424813,18.89999971,-2.54923014,17.25000257
-1.48182714,18.30654526,0.83303711,1.48307617,2.31611328,-0.89722316,18.90000041,-2.52261179,17.25000265
-1.47531688,18.29895592,0.83873291,1.49780518,2.33653809,-0.89032188,18.89999977,-2.51999812,17.22561471
-1.46876431,18.29140282,0.84432129,1.51413086,2.35845215,-0.88353842,18.89999880,-2.51825647,17.20000080
-1.46216965,18.28388405,0.84981201,1.49500732,2.34481934,-0.87686499,18.90000001,-2.49185001,17.19999978
-1.45553303,18.27640343,0.85519531,1.47617188,2.33136719,-0.87030875,18.89999911,-2.46570182,17.20000088
-1.44885361,18.26896095,0.86047852,1.45762451,2.31810303,-0.86386341,18.89999952,-2.43980927,17.20000075
-1.44213176,18.26155853,0.86566162,1.43936279,2.30502441,-0.85752750,18.90000029,-2.41417163,17.20000135
-1.43536615,18.25419426,0.87074707,1.42138184,2.29212891,-0.85129733,18.89999928,-2.38878287,17.20000120
-1.42855752,18.24687004,0.87573730,1.41322998,2.28896729,-0.84517318,18.89999985,-2.36999992,17.19287518
-1.42170584,18.23958588,0.88063477,1.43350830,2.31414307,-0.83914917,18.89999886,-2.36999889,17.16455735
-1.41481078,18.23234558,0.88544189,1.43540039,2.32084229,-0.83322296,18.90000044,-2.35762971,17.15000234
-1.40787137,18.22514534,0.89015869,1.41815674,2.30831543,-0.82739408,18.89999982,-2.33265902,17.15000060
-1.40088749,18.21798706,0.89478760,1.40117676,2.29596436,-0.82166027,18.89999929,-2.30791807,17.15000212
-1.39385939,18.21087456,0.89933105,1.38447266,2.28380371,-0.81601674,18.90000028,-2.28341762,17.15000190
-1.38678694,18.20380592,0.90378662,1.38505371,2.28884033,-0.81046595,18.89999871,-2.26999931,17.13688993
-1.37966919,18.19678116,0.90816406,1.40700928,2.31517334,-0.80499939,18.89999991,-2.26999923,17.10729155
-1.37250638,18.18980408,0.91245605,1.40017578,2.31263184,-0.79962020,18.89999950,-2.25160774,17.09999988
-1.36529839,18.18287086,0.91667236,1.38418457,2.30085693,-0.79432049,18.89999873,-2.22748082,17.10000051
-1.35804582,18.17598915,0.92080811,1.36845703,2.28926514,-0.78910367,18.90000053,-2.20357800,17.10000115
-1.35074675,18.16915321,0.92486816,1.35298584,2.27785400,-0.78396339,18.90000046,-2.17989180,17.09999978
-1.34340250,18.16236687,0.92885010,1.33776367,2.26661377,-0.77890255,18.89999982,-2.15641586,17.10000107
-1.33601201,18.15563011,0.93275879,1.32279297,2.25555176,-0.77391535,18.89999985,-2.13315004,17.10000130
-1.32857502,18.14894485,0.93659180,1.32465576,2.26124756,-0.76900220,18.89999907,-2.11999915,17.08670162
-1.32109272,18.14231110,0.94035645,1.34891113,2.28926758,-0.76415733,18.90000051,-2.11999868,17.05542995
-1.31356347,18.13573074,0.94404785,1.34112549,2.28517334,-0.75938086,18.90000031,-2.10084179,17.05000040
-1.30598772,18.12920189,0.94767090,1.32684326,2.27451416,-0.75466912,18.89999885,-2.07789425,17.05000156
-1.29836524,18.12273026,0.95122314,1.31280762,2.26403076,-0.75002359,18.89999917,-2.05514569,17.05000136
-1.29069722,18.11631203,0.95470947,1.29900879,2.25371826,-0.74544039,18.89999891,-2.03259141,17.05000214
-1.28298032,18.10995102,0.95812744,1.30272217,2.26084961,-0.74091664,18.89999856,-2.01999959,17.03575942
-1.27521753,18.10364723,0.96148193,1.32913574,2.29061768,-0.73645119,18.90000037,-2.01999867,17.00278264
-1.26740789,18.09740067,0.96476807,1.31913574,2.28390381,-0.73204493,18.89999887,-1.99941431,17.00000118
-1.25955164,18.09121513,0.96799072,1.30601563,2.27400635,-0.72769176,18.89999885,-1.97713840,17.00000202
-1.25164723,18.08509064,0.97114990,1.29313232,2.26428223,-0.72338930,18.89999902,-1.95504782,17.00000133
-1.24369514,18.07902718,0.97424561,1.28047607,2.25472168,-0.71913948,18.89999968,-1.93313215,17.00000189
-1.23569524,18.07302666,0.97727783,1.26804932,2.24532715,-0.71493869,18.89999985,-1.91139357,17.00000243
-1.22764921,18.06709099,0.98024658,1.25585205,2.23609863,-0.71078628,18.89999912,-1.88983298,17.00000296
-1.21955502,18.06121826,0.98315674,1.24686768,2.23002441,-0.70667875,18.90000014,-1.86999947,16.99745094
-1.21141362,18.05541229,0.98600342,1.27628174,2.26228516,-0.70261720,18.90000030,-1.86999916,16.96217851
-1.20322442,18.04967308,0.98878906,1.27873779,2.26752686,-0.69859741,18.89999980,-1.85582633,16.94999979
-1.19498909,18.04400063,0.99151855,1.26719727,2.25871582,-0.69461564,18.90000037,-1.83448479,16.95000140
-1.18670583,18.03839874,0.99418457,1.25588135,2.25006592,-0.69067426,18.89999936,-1.81330657,16.95000109
-1.17837644,18.03286362,0.99679688,1.24478027,2.24157715,-0.68676789,18.89999972,-1.79228749,16.95000115
-1.17000043,18.02740097,0.99934814,1.23389893,2.23324707,-0.68289862,18.89999966,-1.77142689,16.95000007
-1.16157770,18.02201080,1.00184082,1.22322998,2.22507080,-0.67906326,18.89999991,-1.75071933,16.95000158
-1.15310860,18.01669502,1.00427246,1.21277832,2.21705078,-0.67526297,18.89999943,-1.73016396,16.95000000
-1.14459360,18.01145172,1.00665039,1.22432617,2.23097656,-0.67149050,18.90000027,-1.71999942,16.93076547
-1.13603234,18.00628281,1.00896973,1.24894531,2.25791504,-0.66774814,18.89999969,-1.71569429,16.90000233
-1.12742555,18.00119209,1.01123047,1.23892822,2.25015869,-0.66403348,18.89999950,-1.69515915,16.90000113
-1.11877418,17.99617767,1.01343506,1.22911865,2.24255371,-0.66034454,18.89999891,-1.67476877,16.90000132
-1.11007619,17.99124336,1.01558105,1.21951904,2.23510010,-0.65667908,18.89999855,-1.65451959,16.90000179
-1.10133350,17.98638725,1.01767334,1.21012451,2.22779785,-0.65303615,18.90000012,-1.63440791,16.90000199
-1.09254408,17.98161697,1.01970215,1.20094238,2.22064453,-0.64941383,18.90000037,-1.61443559,16.90000157
-1.08371174,17.97692871,1.02167236,1.19196289,2.21363525,-0.64581422,18.89999973,-1.59459725,16.90000187
-1.07483387,17.97232628,1.02358398,1.18318848,2.20677246,-0.64223162,18.90000045,-1.57489054,16.90000255
-1.06591368,17.96780586,1.02543945,1.20986328,2.23530273,-0.63866754,18.90000047,-1.56999942,16.86795738
-1.05695033,17.96337128,1.02723633,1.22107666,2.24831299,-0.63511884,18.89999963,-1.55838177,16.85000039
-1.04794550,17.95902634,1.02897217,1.21274170,2.24171387,-0.63158660,18.89999869,-1.53866412,16.85000080
-1.03889811,17.95476723,1.03065430,1.20460693,2.23526123,-0.62806378,18.89999922,-1.51907258,16.85000008
-1.02980888,17.95059586,1.03228027,1.19666992,2.22895020,-0.62455096,18.90000017,-1.49960373,16.84999981
-1.02067924,17.94651413,1.03384521,1.18892822,2.22277344,-0.62105132,18.89999905,-1.48025375,16.85000073
-1.01151073,17.94252586,1.03535156,1.18138672,2.21673828,-0.61755981,18.89999940,-1.46102798,16.85000177
-1.00230145,17.93862724,1.03680176,1.17404053,2.21084229,-0.61407512,18.90000028,-1.44191631,16.84999974
-0.99305344,17.93482208,1.03819092,1.16688477,2.20507568,-0.61059834,18.90000004,-1.42291755,16.85000094
-0.98376739,17.93111038,1.03952148,1.15992432,2.19944580,-0.60712505,18.89999916,-1.40403442,16.84999982
-0.97444278,17.92749977,1.04078613,1.15315918,2.19394531,-0.60365802,18.89999882,-1.38526095,16.85000059
-0.96507984,17.92398834,1.04198730,1.14658691,2.18857422,-0.60019372,18.89999840,-1.36659496,16.85000179
-0.95568138,17.92057037,1.04313477,1.14020264,2.18333740,-0.59672842,18.90000031,-1.34803636,16.85000055
-0.94624817,17.91725159,1.04421875,1.08087891,2.12509766,-0.59326433,18.90000040,-1.31162448,16.90000069
-0.93678182,17.91403198,1.04524170,1.07499023,2.12023193,-0.58979900,18.90000014,-1.29364009,16.90000227
-0.92728156,17.91091156,1.04620361,1.06928467,2.11548828,-0.58633201,18.89999975,-1.27575304,16.90000238
-0.91774863,17.90789032,1.04710693,1.06375977,2.11086670,-0.58285910,18.90000016,-1.25796413,16.90000230
-0.90818429,17.90497208,1.04794434,1.05841553,2.10635986,-0.57938532,18.89999900,-1.24026866,16.90000272
-0.89858896,17.90215683,1.04872070,1.00070557,2.04942627,-0.57590377,18.89999920,-1.20650016,16.95000016
-0.88896549,17.89944267,1.04943604,0.99582520,2.04526123,-0.57241741,18.89999915,-1.18934258,16.95000000
-0.87931240,17.89683151,1.05009033,0.99111816,2.04120850,-0.56892059,18.89999980,-1.17227286,16.95000029
-0.86963028,17.89432907,1.05067627,0.98658691,2.03726318,-0.56541707,18.90000050,-1.15528703,16.95000178
-0.85992146,17.89193344,1.05119629,0.98223145,2.03342773,-0.56190250,18.90000010,-1.13838856,16.95000206
-0.85018849,17.88964272,1.05165283,0.92600342,1.97765625,-0.55837921,18.89999960,-1.10713298,17.00000128
-0.84043032,17.88745499,1.05204834,0.92207764,1.97412598,-0.55484090,18.89999856,-1.09073784,17.00000167
-0.83065033,17.88536835,1.05238770,0.86645264,1.91884033,-0.55128956,18.89999998,-1.06065385,17.05000106
-0.82084996,17.88338089,1.05266846,0.86293213,1.91560059,-0.54772400,18.89999945,-1.04474682,17.05000091
-0.81103063,17.88149452,1.05289307,0.85956543,1.91245850,-0.54414130,18.90000028,-1.02891490,17.05000235
-0.80119193,17.87970543,1.05306152,0.85635010,1.90941162,-0.54054393,18.90000007,-1.01315099,17.05000138
-0.79133582,17.87801361,1.05317627,0.85328125,1.90645752,-0.53692750,18.90000021,-0.99745692,17.05000217
-0.78146410,17.87641716,1.05323730,0.85035889,1.90359619,-0.53329343,18.89999922,-0.98183123,17.05000122
-0.77157861,17.87491608,1.05324707,0.84757813,1.90082520,-0.52963944,18.89999893,-0.96627400,17.05000251
-0.76167798,17.87350655,1.05320801,0.84493896,1.89814697,-0.52596342,18.89999856,-0.95078062,17.05000056
-0.75176513,17.87219238,1.05311768,0.84243896,1.89555664,-0.52226641,18.89999940,-0.93535208,17.05000062
-0.74184042,17.87096786,1.05298096,0.84007324,1.89305420,-0.51854540,18.90000051,-0.91998626,17.05000070
-0.73190510,17.86983871,1.05278809,0.83784668,1.89063477,-0.51480135,18.89999827,-0.90468409,17.05000064
-0.72195894,17.86879539,1.05255615,0.83574707,1.88830322,-0.51102924,18.90000006,-0.88944061,17.05000176
-0.71200424,17.86783981,1.05227539,0.83377686,1.88605225,-0.50723326,18.89999892,-0.87425579,17.05000222
-0.70204169,17.86697006,1.05195313,0.83193359,1.88388672,-0.50340945,18.89999987,-0.85912932,17.05000191
-0.69207340,17.86618423,1.05158691,0.83021484,1.88180176,-0.49955713,18.89999883,-0.84406262,17.05000042
-0.68209803,17.86548042,1.05118164,0.82861328,1.87979492,-0.49567636,18.89999957,-0.82904835,17.05000166
-0.67211688,17.86485672,1.05073730,0.82713135,1.87786865,-0.49176313,18.89999989,-0.81408979,17.05000094
-0.66213125,17.86431503,1.05025146,0.82576660,1.87601807,-0.48781919,18.90000007,-0.79918517,17.05000137
-0.65214175,17.86385155,1.04972656,0.82451660,1.87424316,-0.48384280,18.89999891,-0.78433358,17.05000084
-0.64214957,17.86346626,1.04916504,0.82337891,1.87254395,-0.47983164,18.89999902,-0.76953578,17.05000110
-0.63215411,17.86315727,1.04856689,0.82235107,1.87091797,-0.47578557,18.89999933,-0.75478799,17.05000154
-0.62215668,17.86292267,1.04793213,0.82143066,1.86936279,-0.47170492,18.89999834,-0.74008960,17.05000193
-0.61215776,17.86276054,1.04726563,0.77013428,1.81739990,-0.46758776,18.89999953,-0.71847111,17.09999962
-0.60215855,17.86267090,1.04656250,0.76946045,1.81602295,-0.46343196,18.89999823,-0.70415400,17.10000039
-0.59215838,17.86265182,1.04582764,0.76888672,1.81471436,-0.45923882,18.89999837,-0.68988010,17.10000035
-0.58215868,17.86270142,1.04506104,0.76841064,1.81347168,-0.45500697,18.89999838,-0.67565057,17.09999953
-0.57215965,17.86282158,1.04426025,0.76802979,1.81229004,-0.45073408,18.89999817,-0.66146541,17.10000167
-0.56216162,17.86300659,1.04343262,0.76774414,1.81117676,-0.44641917,18.90000001,-0.64732342,17.10000033
-0.55216497,17.86325645,1.04257324,0.76754883,1.81012207,-0.44206257,18.89999964,-0.63322303,17.09999975
-0.54216987,17.86357498,1.04167969,0.76744629,1.80912598,-0.43766218,18.89999903,-0.61916478,17.10000073
-0.53217649,17.86395264,1.04076172,0.76742920,1.80819092,-0.43321766,18.89999901,-0.60514603,17.10000040
-0.52218705,17.86439514,1.03981201,0.76750000,1.80731201,-0.42872941,18.89999869,-0.59116947,17.10000147
-0.51219928,17.86489677,1.03883789,0.76765625,1.80649414,-0.42419413,18.90000023,-0.57723128,17.10000011
-0.50221515,17.86546135,1.03782959,0.76789551,1.80572510,-0.41961421,18.89999859,-0.56333201,17.10000187
-0.49223402,17.86607933,1.03680176,0.76821289,1.80501465,-0.41498334,18.89999913,-0.54947252,17.10000181
-0.48225811,17.86675644,1.03574463,0.76861328,1.80435791,-0.41030626,18.89999882,-0.53565269,17.10000005
-0.47228485,17.86748695,1.03466553,0.76908691,1.80375244,-0.40557964,18.89999998,-0.52186813,17.10000003
-0.46231547,17.86827469,1.03355713,0.76963867,1.80319580,-0.40080186,18.89999963,-0.50812160,17.10000036
-0.45235112,17.86911583,1.03242432,0.77026367,1.80268799,-0.39597456,18.89999974,-0.49441214,17.10000141
-0.44239208,17.87000847,1.03126709,0.77096191,1.80222900,-0.39109370,18.89999892,-0.48074209,17.10000095
-0.43243679,17.87095070,1.03008789,0.77172852,1.80181641,-0.38616161,18.89999863,-0.46710556,17.10000131
-0.42248642,17.87194443,1.02888428,0.77256592,1.80145020,-0.38117744,18.89999914,-0.45350441,17.10000141
-0.41254118,17.87298775,1.02765625,0.77347168,1.80112793,-0.37614123,18.89999912,-0.43993782,17.10000143
-0.40260044,17.87407875,1.02640625,0.77444336,1.80084961,-0.37105017,18.89999998,-0.42640573,17.10000135
-0.39266637,17.87521744,1.02513184,0.77548096,1.80061279,-0.36590751,18.89999995,-0.41290863,17.10000073
-0.38273627,17.87640190,1.02383545,0.77658203,1.80041748,-0.36070942,18.90000039,-0.39944369,17.09999961
-0.37281147,17.87763023,1.02251709,0.77774170,1.80025879,-0.35545728,18.90000008,-0.38601132,17.10000053
-0.36289212,17.87890244,1.02117676,0.77896240,1.80013916,-0.35014923,18.89999970,-0.37261250,17.10000067
-0.35297954,17.88021851,1.01981445,0.73023926,1.75005371,-0.34478971,18.90000001,-0.35884388,17.15000284
-0.34307197,17.88157654,1.01843018,0.73157959,1.75000977,-0.33937296,18.89999998,-0.34572911,17.15000179
-0.33316970,17.88297462,1.01702393,0.73297363,1.74999756,-0.33390041,18.89999831,-0.33264307,17.15000117
-0.32327309,17.88441277,1.01560059,0.73442139,1.75002197,-0.32837256,18.90000052,-0.31958547,17.15000066
-0.31338409,17.88589096,1.01415283,0.73592041,1.75007324,-0.32278944,18.90000015,-0.30655908,17.15000222
-0.30349934,17.88740540,1.01268555,0.73747070,1.75015625,-0.31714894,18.89999895,-0.29355926,17.15000168
-0.29361996,17.88895798,1.01119873,0.73907227,1.75027100,-0.31145134,18.89999952,-0.28058723,17.15000060
-0.28374720,17.89054871,1.00968994,0.74072266,1.75041260,-0.30569608,18.90000009,-0.26764519,17.15000106
-0.27388036,17.89217186,1.00816406,0.74241699,1.75058105,-0.29988379,18.90000049,-0.25473131,17.15000188
-0.26401871,17.89383316,1.00661377,0.74416260,1.75077637,-0.29401478,18.89999988,-0.24184343,17.15000106
-0.25416258,17.89552689,1.00504395,0.74594971,1.75099365,-0.28808576,18.89999814,-0.22898459,17.15000224
-0.24431260,17.89725304,1.00345703,0.74778076,1.75123779,-0.28209975,18.89999832,-0.21615344,17.15000267
-0.23446895,17.89901161,1.00185059,0.74965576,1.75150635,-0.27605713,18.89999866,-0.20334972,17.15000201
-0.22463048,17.90080261,1.00022461,0.75157227,1.75179688,-0.26995507,18.89999976,-0.19057342,17.15000238
-0.21479712,17.90262413,0.99857910,0.75353027,1.75210938,-0.26379379,18.90000045,-0.17782412,17.15000148
-0.20496917,17.90447426,0.99691406,0.75552490,1.75243896,-0.25757391,18.89999948,-0.16510195,17.15000191
-0.19514871,17.90635300,0.99523193,0.75755859,1.75279053,-0.25129608,18.89999983,-0.15241000,17.15000096
-0.18533167,17.90826225,0.99352783,0.75962891,1.75315674,-0.24495624,18.89999937,-0.13974408,17.15000249
-0.17552048,17.91019630,0.99180908,0.76173584,1.75354492,-0.23855859,18.90000004,-0.12710553,17.15000062
-0.16571483,17.91215706,0.99007080,0.76387451,1.75394531,-0.23210196,18.89999959,-0.11449482,17.15000173
-0.15591429,17.91414452,0.98831299,0.76604736,1.75436035,-0.22558434,18.89999874,-0.10191261,17.15000295
-0.14612009,17.91615868,0.98653809,0.76825684,1.75479492,-0.21900847,18.90000050,-0.08935897,17.15000153
-0.13632920,17.91819572,0.98474365,0.77049561,1.75523926,-0.21236963,18.89999909,-0.07683269,17.15000069
-0.12654357,17.92025757,0.98293213,0.77276367,1.75569580,-0.20567225,18.89999944,-0.06433401,17.15000202
-0.11676300,17.92234039,0.98110352,0.77506104,1.75616455,-0.19891190,18.89999866,-0.05186626,17.15000107
-0.10698798,17.92444801,0.97925537,0.77738770,1.75664307,-0.19209109,18.89999841,-0.03942838,17.15000154
-0.09721674,17.92657471,0.97739258,0.77973877,1.75713135,-0.18520796,18.89999846,-0.02701960,17.15000217
-0.08744958,17.92872429,0.97551025,0.78211914,1.75762939,-0.17826375,18.89999822,-0.01463896,17.15000164
-0.07768728,17.93089294,0.97361328,0.78452393,1.75813721,-0.17126010,18.89999918,-0.00228761,17.15000073
-0.06793027,17.93308067,0.97169922,0.78695068,1.75864990,-0.16419300,18.89999994,0.01003010,17.15000113
-0.05817663,17.93528938,0.96976563,0.78940186,1.75916748,-0.15706534,18.89999989,0.02232008,17.15000246
-0.04842732,17.93751335,0.96781738,0.79187500,1.75969238,-0.14987631,18.89999901,0.03457895,17.15000081
-0.03868183,17.93975830,0.96584961,0.79437012,1.76021973,-0.14262615,18.89999837,0.04680794,17.15000179
-0.02894128,17.94201851,0.96386719,0.79688477,1.76075195,-0.13531327,18.89999812,0.05900259,17.15000134
-0.01920332,17.94429398,0.96187012,0.79941650,1.76128662,-0.12793951,18.89999816,0.07116804,17.15000202
-0.00946991,17.94658852,0.95985352,0.77343750,1.73329102,-0.12050396,18.89999827,0.07999988,17.17834331
0.00026072,17.94889450,0.95782471,0.75418457,1.71200928,-0.11300608,18.89999854,0.08944622,17.20000174
0.00998604,17.95121765,0.95577881,0.75675537,1.71253418,-0.10544666,18.90000029,0.10138199,17.20000163
0.01970928,17.95355415,0.95371582,0.75934082,1.71305664,-0.09782102,18.90000041,0.11328595,17.20000130
0.02942917,17.95590401,0.95163574,0.76194092,1.71357666,-0.09013440,18.89999885,0.12515948,17.20000082
0.03914596,17.95826721,0.94954102,0.76455322,1.71409424,-0.08238648,18.89999857,0.13700168,17.20000218
0.04885969,17.96064186,0.94743164,0.76718018,1.71461182,-0.07457580,18.89999821,0.14881124,17.20000063
0.05857158,17.96302795,0.94531006,0.76981689,1.71512695,-0.06670373,18.90000032,0.16059001,17.20000089
0.06828041,17.96542358,0.94317139,0.77246338,1.71563477,-0.05877046,18.89999854,0.17233587,17.20000073
0.07798707,17.96783066,0.94102051,0.77511963,1.71614014,-0.05077346,18.90000035,0.18404727,17.20000146
0.08769102,17.97024727,0.93885254,0.77778564,1.71663818,-0.04271481,18.89999909,0.19572479,17.20000105
0.09739123,17.97267342,0.93667236,0.78045898,1.71713135,-0.03459671,18.89999983,0.20736690,17.20000171
0.10709086,17.97510719,0.93447754,0.78313965,1.71761719,-0.02641600,18.89999868,0.21897640,17.20000115
0.11678872,17.97755051,0.93226807,0.78582764,1.71809570,-0.01817097,18.89999813,0.23054898,17.20000072
0.12648374,17.97999954,0.93004883,0.78851807,1.71856689,-0.00986553,18.89999935,0.24208397,17.20000128
0.13617648,17.98245621,0.92781494,0.79121338,1.71902832,-0.00149961,18.89999962,0.25358262,17.20000209
0.14586918,17.98491669,0.92557129,0.79391113,1.71948242,0.00692783,18.89999998,0.26504647,17.20000166
0.15555999,17.98738480,0.92331299,0.79661377,1.71992676,0.01541279,18.89999956,0.27647585,17.20000122
0.16525017,17.98985863,0.92104248,0.79931885,1.72036133,0.02395658,18.89999894,0.28787060,17.20000113
0.17493771,17.99233437,0.91876465,0.80202148,1.72078613,0.03255527,18.89999939,0.29922827,17.20000212
0.18462507,17.99481773,0.91647217,0.80473145,1.72120361,0.04121111,18.89999931,0.31055331,17.20000028
0.19431193,17.99730301,0.91417236,0.80743652,1.72160889,0.04992232,18.90000050,0.32184308,17.20000159
0.20399767,17.99979019,0.91186279,0.81014160,1.72200439,0.05868662,18.90000040,0.33309881,17.20000129
0.21368206,18.00227928,0.90954346,0.81284424,1.72238770,0.06750345,18.89999921,0.34431950,17.20000154
0.22336660,18.00477219,0.90721436,0.81554688,1.72276123,0.07637312,18.89999883,0.35550745,17.20000175
0.23305152,18.00726318,0.90488037,0.81824463,1.72312500,0.08529561,18.89999867,0.36666088,17.20000065
0.24273592,18.00975609,0.90253906,0.82093994,1.72347900,0.09426657,18.89999970,0.37778207,17.19999996
0.25241980,18.01224899,0.90018799,0.77292725,1.67311523,0.10329024,18.89999832,0.38046672,17.25000194
0.26210466,18.01473999,0.89783447,0.77560059,1.67343506,0.11236172,18.89999916,0.39146115,17.25000267
0.27178934,18.01723099,0.89547363,0.77827148,1.67374512,0.12148027,18.89999949,0.40242553,17.25000175
0.28147522,18.01972008,0.89693848,0.78093506,1.67787354,0.13000037,18.90377551,0.41335942,17.25000186
0.29116037,18.02220535,0.94147461,0.78359131,1.72506592,0.13123893,18.94999820,0.42426334,17.25000140
0.30084768,18.02469063,0.93910889,0.78624268,1.72535156,0.14044613,18.94999966,0.43513939,17.25000150
0.31053570,18.02717018,0.93673828,0.78888428,1.72562256,0.14969924,18.94999743,0.44598586,17.25000123
0.32022449,18.02964592,0.93436768,0.79151611,1.72588379,0.15899560,18.94999815,0.45680378,17.25000249
0.32991499,18.03211594,0.93199463,0.79413818,1.72613281,0.16833795,18.94999767,0.46759228,17.25000313
0.33960563,18.03458023,0.92962158,0.79675049,1.72637207,0.17772136,18.94999807,0.47835173,17.25000334
0.34929931,18.03703880,0.92724854,0.79935303,1.72660156,0.18714858,18.94999932,0.48908457,17.25000305
0.35899419,18.03949165,0.92487305,0.80194580,1.72681885,0.19661788,18.94999928,0.49978864,17.25000193
0.36869088,18.04193878,0.92249756,0.80452637,1.72702393,0.20612565,18.94999950,0.51046688,17.25000304
0.37838894,18.04437447,0.92012695,0.80709229,1.72721924,0.21567218,18.94999961,0.52111647,17.25000249
0.38809001,18.04680252,0.91775635,0.80964600,1.72740234,0.22525878,18.94999831,0.53173997,17.25000187
0.39779329,18.04922295,0.91538818,0.81218750,1.72757568,0.23488138,18.94999779,0.54233855,17.25000128
0.40749818,18.05163193,0.91302734,0.81471191,1.72773926,0.24454090,18.94999927,0.55290811,17.25000142
0.41720575,18.05403137,0.91066895,0.81722168,1.72789063,0.25423552,18.94999937,0.56345297,17.25000212
0.42691642,18.05641937,0.90831543,0.81971680,1.72803223,0.26396519,18.94999859,0.57397311,17.25000139
0.43663061,18.05879402,0.90596924,0.82219238,1.72816162,0.27373110,18.94999772,0.58446646,17.25000178
0.44634721,18.06115723,0.90363037,0.82465332,1.72828369,0.28352702,18.94999776,0.59493695,17.25000112
0.45606655,18.06350899,0.90129883,0.82709717,1.72839600,0.29335640,18.94999930,0.60538118,17.25000119
0.46578968,18.06584549,0.89897461,0.82951904,1.72849365,0.30321747,18.94999801,0.61580141,17.25000337
0.47551653,18.06816864,0.89666016,0.83192627,1.72858643,0.31311047,18.94999837,0.62619777,17.25000213
0.48524719,18.07047462,0.89435791,0.83431152,1.72866943,0.32303062,18.94999823,0.63657269,17.25000144
0.49498066,18.07276535,0.89206543,0.83667480,1.72874023,0.33297972,18.94999760,0.64692256,17.25000270
0.50471860,18.07504082,0.88978516,0.83902100,1.72880615,0.34295714,18.94999841,0.65725123,17.25000144
0.51446098,18.07729912,0.88751709,0.84134277,1.72885986,0.35296251,18.94999888,0.66755727,17.25000278
0.52420735,18.07953835,0.88526367,0.84364258,1.72890625,0.36299417,18.94999920,0.67784103,17.25000263
0.53395665,18.08175850,0.88302490,0.80145752,1.68448242,0.37304989,18.94999923,0.68000001,17.29371950
0.54371089,18.08396149,0.88079834,0.79732178,1.67812012,0.38313114,18.94999834,0.68907189,17.30000220
0.55346972,18.08614731,0.87858643,0.79955566,1.67814209,0.39323702,18.94999889,0.69928913,17.30000105
0.56323206,18.08831596,0.87638672,0.80176758,1.67815430,0.40336673,18.94999852,0.70948581,17.30000058
0.57299870,18.09046555,0.87420410,0.80395508,1.67815918,0.41351835,18.94999965,0.71966358,17.30000162
0.58276820,18.09259796,0.87203369,0.80612305,1.67815674,0.42369197,18.94999959,0.72982102,17.30000105
0.59254169,18.09471321,0.86987549,0.80826904,1.67814453,0.43388628,18.94999788,0.73996079,17.30000164
0.60231972,18.09680939,0.86773438,0.81039307,1.67812744,0.44410142,18.94999749,0.75008269,17.30000135
0.61210090,18.09888840,0.86560791,0.81249512,1.67810303,0.45433481,18.94999760,0.76018663,17.30000236
0.62188530,18.10095215,0.86349365,0.81458008,1.67807373,0.46458765,18.94999795,0.77027265,17.30000151
0.63167447,18.10299683,0.86139648,0.81664063,1.67803711,0.47486049,18.94999934,0.78034081,17.30000230
0.64146656,18.10502434,0.85931152,0.81868164,1.67799316,0.48514906,18.94999839,0.79039306,17.30000226
0.65126258,18.10703468,0.85724121,0.82070313,1.67794434,0.49545541,18.94999770,0.80042880,17.30000117
0.66106123,18.10902786,0.85518799,0.82270264,1.67789063,0.50577768,18.94999964,0.81044614,17.30000142
0.67086440,18.11100578,0.85314453,0.82468506,1.67782959,0.51611663,18.94999848,0.82045005,17.30000048
0.68067080,18.11296654,0.85111816,0.82664551,1.67776367,0.52647023,18.94999955,0.83043755,17.30000118
0.69048011,18.11490822,0.84910645,0.82858398,1.67769043,0.53683940,18.94999879,0.84040741,17.30000135
0.70029211,18.11683464,0.84710938,0.83050537,1.67761475,0.54722057,18.94999933,0.85036333,17.30000063
0.71010792,18.11874580,0.84512451,0.83240723,1.67753174,0.55761690,18.94999901,0.86030429,17.30000115
0.71992767,18.12063789,0.84315674,0.83428711,1.67744385,0.56802675,18.94999869,0.87023066,17.30000160
0.72975057,18.12251472,0.84120361,0.83614990,1.67735352,0.57844805,18.94999948,0.88014412,17.30000126
0.73957509,18.12437630,0.83926270,0.83799316,1.67725586,0.58888051,18.94999906,0.89004171,17.30000243
0.74940330,18.12622261,0.83733643,0.83982178,1.67715820,0.59932485,18.94999977,0.89992720,17.30000034
0.75923485,18.12804985,0.83542480,0.84162598,1.67705078,0.60978139,18.94999768,0.90979766,17.30000088
0.76906955,18.12986374,0.83352783,0.84341553,1.67694336,0.62024758,18.94999831,0.91965692,17.30000035
0.77890569,18.13166046,0.83164551,0.84518311,1.67682861,0.63072173,18.94999768,0.92950180,17.30000228
0.78874600,18.13344193,0.82977783,0.84693604,1.67671387,0.64120795,18.94999799,0.93933485,17.30000106
0.79858905,18.13520813,0.82792480,0.84866943,1.67659424,0.65170097,18.94999853,0.94915758,17.30000220
0.80843449,18.13695908,0.82608643,0.85038818,1.67647461,0.66220260,18.94999969,0.95896821,17.30000049
0.81828266,18.13869476,0.82426025,0.85208740,1.67634766,0.67271218,18.94999877,0.96876763,17.30000102
0.82813287,18.14041519,0.82244873,0.85376953,1.67621826,0.68322992,18.94999845,0.97855406,17.30000108
0.83798665,18.14212036,0.82065186,0.80802979,1.62868164,0.69375513,18.94999830,0.97999981,17.34666802
0.84784329,18.14381218,0.81886719,0.80629883,1.62516602,0.70428821,18.94999790,0.98919502,17.35000018
0.85770208,18.14548874,0.81709717,0.80793457,1.62503174,0.71482571,18.94999736,0.99897629,17.35000156
0.86756235,18.14715004,0.81534424,0.80955566,1.62489990,0.72536798,18.94999936,1.00874721,17.35000058
0.87742621,18.14879799,0.81360107,0.81115967,1.62476074,0.73591756,18.94999837,1.01851022,17.35000181
0.88729173,18.15043068,0.81187500,0.81274902,1.62462402,0.74647130,18.94999972,1.02826376,17.35000087
0.89715970,18.15205193,0.81015625,0.81432373,1.62447998,0.75703087,18.94999746,1.03800935,17.35000172
0.90702879,18.15365601,0.80845703,0.81588135,1.62433838,0.76759214,18.94999776,1.04774594,17.35000120
0.91690177,18.15524864,0.80677002,0.81742676,1.62419678,0.77815976,18.94999926,1.05747643,17.35000006
0.92677617,18.15682602,0.80509521,0.81895508,1.62405029,0.78872906,18.94999766,1.06719979,17.34999978
0.93665320,18.15839195,0.80343262,0.82046875,1.62390137,0.79930417,18.94999745,1.07691460,17.35000111
0.94653147,18.15994263,0.80178711,0.82196777,1.62375488,0.80987979,18.94999886,1.08662263,17.35000099
0.95641232,18.16148186,0.80015137,0.82345459,1.62360596,0.82045857,18.94999868,1.09632551,17.35000065
0.96629554,18.16300774,0.80467529,0.82492676,1.62960205,0.83000016,18.95605618,1.10602110,17.35000044
0.97618091,18.16452026,0.84764893,0.82638428,1.67403320,0.83305911,18.99999911,1.11571227,17.35000076
0.98606694,18.16602325,0.84604492,0.82783203,1.67387695,0.84367254,18.99999914,1.12539599,17.35000045
0.99595559,18.16751099,0.84445801,0.82926270,1.67372070,0.85428651,19.00000072,1.13507545,17.35000121
1.00584674,18.16898537,0.84288330,0.83068115,1.67356445,0.86490255,19.00000098,1.14475053,17.35000010
1.01573896,18.17045021,0.84131592,0.83208740,1.67340332,0.87552008,18.99999899,1.15441977,17.35000087
1.02563238,18.17190170,0.83976563,0.83348145,1.67324707,0.88613592,19.00000016,1.16408496,17.35000012
1.03552818,18.17334366,0.83822266,0.83486328,1.67308594,0.89675367,18.99999887,1.17374652,17.35000146
1.04542542,18.17477417,0.83669434,0.83623535,1.67292969,0.90736973,19.00000020,1.18340536,17.35000083
1.05532372,18.17619133,0.83517822,0.83759277,1.67277100,0.91798555,19.00000013,1.19305894,17.35000084
1.06522501,18.17759895,0.83367188,0.83894043,1.67261230,0.92860274,18.99999978,1.20271068,17.35000080
1.07512689,18.17899513,0.83217773,0.84027588,1.67245361,0.93921786,18.99999970,1.21235848,17.35000115
1.08503115,18.18038177,0.83069336,0.84160156,1.67229492,0.94983370,18.99999943,1.22200394,17.35000136
1.09493446,18.18175697,0.82922119,0.84291748,1.67213867,0.96044503,18.99999924,1.23164527,17.34999975
1.10484076,18.18312263,0.82775879,0.84422119,1.67197998,0.97105854,18.99999893,1.24128363,17.35000037
1.11474860,18.18447876,0.82630859,0.84551514,1.67182373,0.98167087,19.00000081,1.25091956,17.35000089
1.12465787,18.18582344,0.82486816,0.84679932,1.67166748,0.99228064,19.00000012,1.26055468,17.34999987
1.13456893,18.18716049,0.82343506,0.84807373,1.67150879,1.00289102,18.99999886,1.27018688,17.35000052
1.14448011,18.18848610,0.82201660,0.84933594,1.67135254,1.01349922,19.00000031,1.27981409,17.35000160
1.15439379,18.18980408,0.82060547,0.85059326,1.67119873,1.02410727,19.00000080,1.28944144,17.34999993
1.16430783,18.19111252,0.81920166,0.85183838,1.67104004,1.03471370,18.99999863,1.29906495,17.35000066
1.17422092,18.19241142,0.81781250,0.85307373,1.67088623,1.04531527,19.00000079,1.30868453,17.35000161
1.18413687,18.19370270,0.81642822,0.85430420,1.67073242,1.05591892,18.99999993,1.31830314,17.34999948
1.19405437,18.19498634,0.81505371,0.85552490,1.67057861,1.06652106,19.00000050,1.32792029,17.34999950
1.20397317,18.19626045,0.81368896,0.85673584,1.67042480,1.07712226,19.00000083,1.33753492,17.34999951
1.21389365,18.19752693,0.86203857,0.85793701,1.71997559,1.08000037,19.04910377,1.34714988,17.35000188
1.22381449,18.19878769,0.86158936,0.85913574,1.72072510,1.09048747,19.04999861,1.35676182,17.35000082
1.23373556,18.20003891,0.86024414,0.86032471,1.72056885,1.10111242,19.04999835,1.36637112,17.34999987
1.24365890,18.20128250,0.85890869,0.86150391,1.72041260,1.11173659,19.04999956,1.37597982,17.35000102
1.25358129,18.20252037,0.85757813,0.82616943,1.68374756,1.12235677,19.04999922,1.37999972,17.38608033
1.26350474,18.20374870,0.85625732,0.81325195,1.66950928,1.13297494,19.04999835,1.38747871,17.40000179
1.27342916,18.20497322,0.85494141,0.81441895,1.66936035,1.14359186,19.04999811,1.39711243,17.40000077
1.28335524,18.20619011,0.85363525,0.81557617,1.66921143,1.15420746,19.04999930,1.40674499,17.40000191
1.29328144,18.20739937,0.85233643,0.81672607,1.66906250,1.16481975,19.04999946,1.41637603,17.40000285
1.30320883,18.20860672,0.85104004,0.81787598,1.66891602,1.17543050,19.04999950,1.42600778,17.40000206
1.31313705,18.20980453,0.84975342,0.81901611,1.66876953,1.18603836,19.04999907,1.43563833,17.40000154
1.32306540,18.21099854,0.84847168,0.82015137,1.66862305,1.19664327,19.04999893,1.44526781,17.40000232
1.33299494,18.21218681,0.84719727,0.82128174,1.66847900,1.20724604,19.04999969,1.45489721,17.40000240
1.34292376,18.21336746,0.84593018,0.82240479,1.66833496,1.21784470,19.04999948,1.46452436,17.40000225
1.35285413,18.21454620,0.79411377,0.82352539,1.61763916,1.23588886,18.99999877,1.47415145,17.40000280
1.36278617,18.21571922,0.79286133,0.82464111,1.61750244,1.24645382,18.99999973,1.48378141,17.40000287
1.37271821,18.21688652,0.79161377,0.82575195,1.61736572,1.25701587,18.99999913,1.49341020,17.40000234
1.38265026,18.21805191,0.79037109,0.82686035,1.61723145,1.26757494,19.00000086,1.50303828,17.40000253
1.39258301,18.21921158,0.78913086,0.82796387,1.61709473,1.27813154,18.99999860,1.51266663,17.40000214
1.40251648,18.22036743,0.83842773,0.82906494,1.66749268,1.28138366,19.04999861,1.52229660,17.40000081
1.41245067,18.22151947,0.83719482,0.83016113,1.66735596,1.29196209,19.04999859,1.53192697,17.40000082
1.42238235,18.22266769,0.83596680,0.83125244,1.66721924,1.30253424,19.04999889,1.54155460,17.40000216
1.43231714,18.22381401,0.83474121,0.83234375,1.66708496,1.31310532,19.04999890,1.55118657,17.40000201
1.44225180,18.22495651,0.83352051,0.83343262,1.66695313,1.32367262,19.04999919,1.56081848,17.40000083
1.45218635,18.22609520,0.83230469,0.83451660,1.66682129,1.33423537,19.04999971,1.57045079,17.40000110
1.46212101,18.22723198,0.83109131,0.83559814,1.66668945,1.34479403,19.04999995,1.58008423,17.40000231
1.47205615,18.22836685,0.82988037,0.83667969,1.66656006,1.35534745,19.04999972,1.58972106,17.40000224
1.48199189,18.22949982,0.82867188,0.83776123,1.66643311,1.36589896,19.04999937,1.59935819,17.40000054
1.49192858,18.23062897,0.82746826,0.83883545,1.66630371,1.37644543,19.04999907,1.60899815,17.40000292
1.50186253,18.23175812,0.82626465,0.83991455,1.66617920,1.38698459,19.04999790,1.61863824,17.40000100
1.51179957,18.23288536,0.82506592,0.84098877,1.66605469,1.39752252,19.04999889,1.62828205,17.40000245
1.52173650,18.23401070,0.82386963,0.84206299,1.66593262,1.40805630,19.04999967,1.63792709,17.40000239
1.53167307,18.23513412,0.82267578,0.84313721,1.66581299,1.41858336,19.04999986,1.64757553,17.40000122
1.54161000,18.23625755,0.82148193,0.84420898,1.66569092,1.42910858,19.04999953,1.65722388,17.40000266
1.55154717,18.23737907,0.82029053,0.84528076,1.66557129,1.43962930,19.04999891,1.66687463,17.40000270
1.56148481,18.23850060,0.81910156,0.84635498,1.66545654,1.45014651,19.04999990,1.67652760,17.40000082
1.57142150,18.23962021,0.81791260,0.84742432,1.66533691,1.46065993,19.04999843,1.68617955,17.40000213
1.58135927,18.24074173,0.81672363,0.84849854,1.66522217,1.47117165,19.04999831,1.69583377,17.40000076
1.59129441,18.24186134,0.81553711,0.84956787,1.66510498,1.48167671,19.04999790,1.70548624,17.40000283
1.60123122,18.24298286,0.81435059,0.85064209,1.66499268,1.49218141,19.04999895,1.71514083,17.40000213
1.61116791,18.24410439,0.81316406,0.85171631,1.66488037,1.50268321,19.04999945,1.72479588,17.40000169
1.62110448,18.24522400,0.81197998,0.85278809,1.66476807,1.51318169,19.04999987,1.73445120,17.40000208
1.63104153,18.24634743,0.81079102,0.85386475,1.66465576,1.52368007,19.04999887,1.74410662,17.40000155
1.64097893,18.24747086,0.84125488,0.85494141,1.69619629,1.53000043,19.08137347,1.75376296,17.40000134
1.65091550,18.24859428,0.85885254,0.85601807,1.71487061,1.53804012,19.09999711,1.76341836,17.40000134
1.66085291,18.24971962,0.85766113,0.85709717,1.71475830,1.54856048,19.09999782,1.77307150,17.40000053
1.67078781,18.25084686,0.85646729,0.85817627,1.71464355,1.55907577,19.09999739,1.78272276,17.40000195
1.68072426,18.25197411,0.85527588,0.85925781,1.71453369,1.56959185,19.09999907,1.79237407,17.40000097
1.69066036,18.25310326,0.85407959,0.86033936,1.71441895,1.58010621,19.09999746,1.80202478,17.40000195
1.70059669,18.25423622,0.85288330,0.86142578,1.71430908,1.59062198,19.09999946,1.81167291,17.40000182
1.71053326,18.25536919,0.85168457,0.86251221,1.71419678,1.60113620,19.09999863,1.82132111,17.40000180
1.72046840,18.25650597,0.85048340,0.85605469,1.70653809,1.61164961,19.09999898,1.83000004,17.40748745
1.73040450,18.25764465,0.84927979,0.81428467,1.66356445,1.62216468,19.09999867,1.83418422,17.45000037
1.74033952,18.25878716,0.84807129,0.81538330,1.66345459,1.63267966,19.09999713,1.84384974,17.45000071
1.75027192,18.25992966,0.84686523,0.81648193,1.66334717,1.64319199,19.09999790,1.85351010,17.45000086
1.76020598,18.26107597,0.84565430,0.81758301,1.66323730,1.65370852,19.09999758,1.86316829,17.45000216
1.77013969,18.26222610,0.84444092,0.81869141,1.66313232,1.66422541,19.09999851,1.87282434,17.44999987
1.78007340,18.26337814,0.84322510,0.81979736,1.66302246,1.67474446,19.09999896,1.88247595,17.45000157
1.79000652,18.26453590,0.84200195,0.82091064,1.66291260,1.68526491,19.09999771,1.89212445,17.45000158
1.79993832,18.26569557,0.84077881,0.82202637,1.66280518,1.69578589,19.09999846,1.90176777,17.45000069
1.80987060,18.26686096,0.83954834,0.82314697,1.66269531,1.70631092,19.09999770,1.91140714,17.45000033
1.81980181,18.26802826,0.83831787,0.82426758,1.66258545,1.71683590,19.09999874,1.92104199,17.45000169
1.82973373,18.26919937,0.83708252,0.82539307,1.66247559,1.72736638,19.09999899,1.93067157,17.45000147
1.83966327,18.27037430,0.83584229,0.82652344,1.66236572,1.73789688,19.09999829,1.94029506,17.44999983
1.84959412,18.27155495,0.83459717,0.82765625,1.66225342,1.74843259,19.09999855,1.94991433,17.45000108
1.85952473,18.27274132,0.83334473,0.82879639,1.66214111,1.75897234,19.09999740,1.95952831,17.45000035
1.86945379,18.27392960,0.83209229,0.82993652,1.66202881,1.76951623,19.09999863,1.96913243,17.45000072
1.87938273,18.27512360,0.83135254,0.83108154,1.66243408,1.78000039,19.10051453,1.97873267,17.45000172
1.88931060,18.27632141,0.87992676,0.83223145,1.71215820,1.78462351,19.14999850,1.98832326,17.45000088
1.89923882,18.27752495,0.87865479,0.83338623,1.71204102,1.79520834,19.14999953,1.99790963,17.45000051
1.90916646,18.27873421,0.87737549,0.83454590,1.71192139,1.80580017,19.14999947,2.00748685,17.45000026
1.91909134,18.27994728,0.87609131,0.83570801,1.71179932,1.81639420,19.14999861,2.01705468,17.45000084
1.92901790,18.28116798,0.87479980,0.83687744,1.71167725,1.82699748,19.14999851,2.02661576,17.45000106
1.93894219,18.28239250,0.87350586,0.83804932,1.71155518,1.83760370,19.15000012,2.03616724,17.45000201
1.94886649,18.28362274,0.87220215,0.83922852,1.71143066,1.84821771,19.14999821,2.04571023,17.45000063
1.95878947,18.28485870,0.87089600,0.84041016,1.71130615,1.85883815,19.15000002,2.05524198,17.45000179
1.96871269,18.28610039,0.86958008,0.84159912,1.71117920,1.86946559,19.14999823,2.06476626,17.45000066
1.97863495,18.28734779,0.86826172,0.84279053,1.71105225,1.88010218,19.15000048,2.07427718,17.45000175
1.98855615,18.28860283,0.86693115,0.84399170,1.71092285,1.89074553,19.14999860,2.08377864,17.45000004
1.99847448,18.28986359,0.86559814,0.84519531,1.71079346,1.90139428,19.15000054,2.09326643,17.45000074
2.00839472,18.29113007,0.86425537,0.84640381,1.71065918,1.91205575,19.14999917,2.10274376,17.45000127
2.01831365,18.29240417,0.86290527,0.84761963,1.71052490,1.92272459,19.14999861,2.11220942,17.45000130
2.02823114,18.29368401,0.89245605,0.84884033,1.74129639,1.93000033,19.18071757,2.12166126,17.45000116
2.03814864,18.29497147,0.91048584,0.85006836,1.76055420,1.93858990,19.19999772,2.13110093,17.45000041
2.04806447,18.29626465,0.90911133,0.85129883,1.76041016,1.94932276,19.19999773,2.14052697,17.45000205
2.05797887,18.29756355,0.90773193,0.85253662,1.76026855,1.96006628,19.19999936,2.14993781,17.45000102
2.06789374,18.29887009,0.90634277,0.85377930,1.76012207,1.97082307,19.19999966,2.15933479,17.45000165
2.07780766,18.30018044,0.90494873,0.85502686,1.75997559,1.98159083,19.19999961,2.16871666,17.45000016
2.08771896,18.30149841,0.90354492,0.85627930,1.75982422,1.99236851,19.19999810,2.17808151,17.45000043
2.09763074,18.30282021,0.90213867,0.85753418,1.75967285,2.00316004,19.19999882,2.18743052,17.45000084
2.10754275,18.30414581,0.90072754,0.85879150,1.75951904,2.01396532,19.19999922,2.19676342,17.45000151
2.11745334,18.30547714,0.89930908,0.86005371,1.75936279,2.02478289,19.19999883,2.20607866,17.45000185
2.12736320,18.30681229,0.94814941,0.86132080,1.80947021,2.03047777,19.24999869,2.21537617,17.45000000
2.13727403,18.30814934,0.94672119,0.86258545,1.80930664,2.04136821,19.25000020,2.22465663,17.45000139
2.14718461,18.30949020,0.94528564,0.82483154,1.77011719,2.05227533,19.24999917,2.22999997,17.48882667
2.15709448,18.31083298,0.94385010,0.81487305,1.75872314,2.06319791,19.25000090,2.23816009,17.50000228
2.16700149,18.31217766,0.94240967,0.81614746,1.75855713,2.07413415,19.25000043,2.24742663,17.50000255
2.17691016,18.31352425,0.94096680,0.81742432,1.75839111,2.08509014,19.25000041,2.25667485,17.50000098
2.18681860,18.31487083,0.93952148,0.81869629,1.75821777,2.09606371,19.24999874,2.26590214,17.50000310
2.19672775,18.31621933,0.93807617,0.81997314,1.75804932,2.10705560,19.24999971,2.27511026,17.50000114
2.20663714,18.31756973,0.93662842,0.82124756,1.75787598,2.11806622,19.25000099,2.28429724,17.50000230
2.21654582,18.31891823,0.93517822,0.82251953,1.75769775,2.12909645,19.24999871,2.29346038,17.50000279
2.22645473,18.32026672,0.98394531,0.82379150,1.80773682,2.13550417,19.29999955,2.30260155,17.50000205
2.23636317,18.32161522,0.98249023,0.82506104,1.80755127,2.14662780,19.29999892,2.31171981,17.50000270
2.24626994,18.32296181,0.98103760,0.82632813,1.80736572,2.15777423,19.29999981,2.32080990,17.50000254
2.25617862,18.32430840,0.97958252,0.82759521,1.80717773,2.16894185,19.29999873,2.32988015,17.50000147
2.26608801,18.32565117,0.97967773,0.82885498,1.80853271,2.18000024,19.30153912,2.33892244,17.50000253
2.27599835,18.32699394,1.07705811,0.83011475,1.90717285,2.18265461,19.39999957,2.34794064,17.50000254
2.28590870,18.32833290,1.07559814,0.83136963,1.90696777,2.19402151,19.39999895,2.35693171,17.50000254
2.29581833,18.32966995,1.07414063,0.83262207,1.90676270,2.20541646,19.39999963,2.36589350,17.50000195
2.30572939,18.33100319,1.07268555,0.83386963,1.90655518,2.21684058,19.39999950,2.37482855,17.50000144
2.31563997,18.33233261,1.07123291,0.83510986,1.90634277,2.22829487,19.39999864,2.38373231,17.50000341
2.32555270,18.33365822,1.17010986,0.83634766,2.00645752,2.23173570,19.50000100,2.39260933,17.50000312
2.33546329,18.33498001,1.16865234,0.83758057,2.00623291,2.24338815,19.49999953,2.40145412,17.50000311
2.34537673,18.33629608,1.16720215,0.83880859,2.00601074,2.25507997,19.50000022,2.41026840,17.50000133
2.35529041,18.33760834,1.16575439,0.84002930,2.00578369,2.26680769,19.49999990,2.41905005,17.50000226
2.36520529,18.33891487,1.16431152,0.84124512,2.00555664,2.27857309,19.49999895,2.42779928,17.50000166
2.37511969,18.34021568,1.21300781,0.84245361,2.05546143,2.28672200,19.54999822,2.43651331,17.50000207
2.38503623,18.34150887,1.21157471,0.84365479,2.05522949,2.29864150,19.54999939,2.44519540,17.50000168
2.39495301,18.34279823,1.21014404,0.84485107,2.05499512,2.31060399,19.54999908,2.45384052,17.50000193
2.40487075,18.34407997,1.20872070,0.84604004,2.05476074,2.32260860,19.54999811,2.46244987,17.50000158
2.41478753,18.34535217,1.25741943,0.84721924,2.10463867,2.33132707,19.59999875,2.47102120,17.50000122
2.42470646,18.34661865,1.25600830,0.84839111,2.10439941,2.34350624,19.59999938,2.47955446,17.50000238
2.43462777,18.34787750,1.25460449,0.84955566,2.10416016,2.35573314,19.59999892,2.48805128,17.50000326
2.44455028,18.34912682,1.25321045,0.85071289,2.10392334,2.36800993,19.59999768,2.49650792,17.50000210
2.45447326,18.35036850,1.25749756,0.85186035,2.10935791,2.37999999,19.60565885,2.50492331,17.50000337
2.46439648,18.35160255,1.30053467,0.85300293,2.15353760,2.38984067,19.64999843,2.51329661,17.50000243
2.47432160,18.35282516,1.29916748,0.85413330,2.15330078,2.40237045,19.64999873,2.52162565,17.50000275
2.48424768,18.35403824,1.29781250,0.85525635,2.15306885,2.41495553,19.64999962,2.52991110,17.50000178
2.49417281,18.35524178,1.29646729,0.85636963,2.15283691,2.42759655,19.64999849,2.53814915,17.50000205
2.50410199,18.35643387,1.24507568,0.85747314,2.10254883,2.44276331,19.59999777,2.54634543,17.50000187
2.51403284,18.35761452,1.24376465,0.85856689,2.10233154,2.45541621,19.59999708,2.55449572,17.50000167
2.52396464,18.35878754,1.24246582,0.85965332,2.10211914,2.46812692,19.59999802,2.56259837,17.50000277
2.53389716,18.35994530,1.24118408,0.86072754,2.10191162,2.48089619,19.59999726,2.57065190,17.50000285
2.54383135,18.36109352,1.23991699,0.86179443,2.10171143,2.49372517,19.59999765,2.57865725,17.50000307
2.55376697,18.36222839,1.23866699,0.86285156,2.10151855,2.50661474,19.59999761,2.58661306,17.50000222
2.56370425,18.36334991,1.23743652,0.86389648,2.10133301,2.51956998,19.59999916,2.59451588,17.50000306
2.57364368,18.36445808,1.23622314,0.86493164,2.10115479,2.53259392,19.59999950,2.60236442,17.50000342
2.58358145,18.36555290,1.23502686,0.86595947,2.10098633,2.54567816,19.59999807,2.61015796,17.50000129
2.59352279,18.36663246,1.23385254,0.86697266,2.10082520,2.55883161,19.59999719,2.61789872,17.50000257
2.60346651,18.36770058,1.23269775,0.86798096,2.10067871,2.57205332,19.59999804,2.62558552,17.50000148
2.61341095,18.36875343,1.18155273,0.86897705,2.05052979,2.58648166,19.54999925,2.63321619,17.50000211
2.62335658,18.36978912,1.18044678,0.86996094,2.05040771,2.59970227,19.54999886,2.64078924,17.50000288
2.63330531,18.37081146,1.17936279,0.87093750,2.05030029,2.61299193,19.54999929,2.64830637,17.50000317
2.64325452,18.37181854,1.17830078,0.87190674,2.05020752,2.62635625,19.54999817,2.65575872,17.50000145
2.65320611,18.37280464,1.17727051,0.87285889,2.05012939,2.63979176,19.54999873,2.66315186,17.50000241
2.66315699,18.37377548,1.17626465,0.87380371,2.05006836,2.65329474,19.54999877,2.67048329,17.50000250
2.67311096,18.37472916,1.17528564,0.87473877,2.05002441,2.66687168,19.54999827,2.67775472,17.50000269
2.68306804,18.37566757,1.12433594,0.87566650,2.00000244,2.68063034,19.50000090,2.68496659,17.50000310
2.69302654,18.37658501,1.12341553,0.87658447,2.00000000,2.69419681,19.49999993,2.69211340,17.50000100
2.70298696,18.37748528,1.12252441,0.87749023,2.00001465,2.70783757,19.49999918,2.69919517,17.50000325
2.71294808,18.37836647,1.12166748,0.87839111,2.00005859,2.72155425,19.50000086,2.70620849,17.50000127
2.72291136,18.37922859,1.12083984,0.87927979,2.00011963,2.73534564,19.49999942,2.71315687,17.50000295
2.73287654,18.38007164,1.12004639,0.88016357,2.00020996,2.74921113,19.49999886,2.72004036,17.50000171
2.74284101,18.38089180,1.11929199,0.88103516,2.00032715,2.76314893,19.49999953,2.72685591,17.50000169
2.75280905,18.38169098,1.11857422,0.93191162,2.05048584,2.77716412,19.50000004,2.73251824,17.45000027
2.76277971,18.38246918,1.06787598,0.93277100,2.00064697,2.78998986,19.44999845,2.73901213,17.45000102
2.77275229,18.38322449,1.06723145,0.93362305,2.00085449,2.80398181,19.44999894,2.74543244,17.45000122
2.78272605,18.38395882,1.06662598,0.93447021,2.00109619,2.81804903,19.44999977,2.75177961,17.45000114
2.79270077,18.38467026,1.06605957,0.93531006,2.00136963,2.83219121,19.44999814,2.75805372,17.45000215
2.80267739,18.38535690,1.06553955,0.93614502,2.00168457,2.84641067,19.44999860,2.76425490,17.45000071
2.81265569,18.38602257,1.06506104,0.93697510,2.00203613,2.86070704,19.44999913,2.77038307,17.45000152
2.82263541,18.38666153,1.06462891,0.93780029,2.00242920,2.87508470,19.44999763,2.77643438,17.45000003
2.83261538,18.38727570,1.06424561,0.93861816,2.00286377,2.88953965,19.44999781,2.78241065,17.45000119
2.84259725,18.38786507,1.06391113,0.93943359,2.00334473,2.90407253,19.44999864,2.78831457,17.45000106
2.85258174,18.38842773,1.06362549,0.94024414,2.00386963,2.91868214,19.44999732,2.79414904,17.45000101
2.86256862,18.38895988,1.01328857,0.94104736,1.95433594,2.93003180,19.40000013,2.79991514,17.45000056
2.87255573,18.38946915,1.01309326,0.94185059,1.95494385,2.94456581,19.39999997,2.80560954,17.45000081
2.88254547,18.38994789,1.01295410,0.94264893,1.95560303,2.95917232,19.39999956,2.81123700,17.44999995
2.89253473,18.39039993,1.01286865,0.94344482,1.95631348,2.97385280,19.39999898,2.81679035,17.45000061
2.90252519,18.39082146,1.01284180,0.94423584,1.95707764,2.98860528,19.39999867,2.82227582,17.45000198
2.91251588,18.39121437,1.01287354,0.94502686,1.95790039,3.00342606,19.39999988,2.82769526,17.45000171
2.92251039,18.39157677,1.01296387,0.94581543,1.95877930,3.01832228,19.39999929,2.83304978,17.45000164
2.93250442,18.39190865,1.01311523,0.94660400,1.95971924,3.03328614,19.39999871,2.83833903,17.44999991
2.94249916,18.39221001,1.01333008,0.94739014,1.96072021,3.04832070,19.39999949,2.84356370,17.44999993
2.95249605,18.39247704,1.01361084,0.94817139,1.96178223,3.06342797,19.39999928,2.84872598,17.45000116
2.96249270,18.39271355,1.01395752,0.94895508,1.96291260,3.07860981,19.40000032,2.85381959,17.45000157
2.97249079,18.39291382,0.96401123,0.94973633,1.91374756,3.08783715,19.34999939,2.85885245,17.45000059
2.98248935,18.39307976,0.96446533,0.95051514,1.91498047,3.10289819,19.34999934,2.86382212,17.45000123
2.99248600,18.39320946,0.96499023,0.95129395,1.91628418,3.11802451,19.34999896,2.86872928,17.44999985
3.00248671,18.39330292,0.96558594,0.95206787,1.91765381,3.13322374,19.34999726,2.87357997,17.45000216
3.01248670,18.39336014,0.96625732,0.95284668,1.91910400,3.14849416,19.34999757,2.87836688,17.44999983
3.02248740,18.39338112,0.96700195,0.97480713,1.94180908,3.16383369,19.34999703,2.88000023,17.42904387
3.03248835,18.39336395,0.96782471,1.00498291,1.97280762,3.17924526,19.34999712,2.88009692,17.40000226
3.04248881,18.39330864,0.96872803,1.00580566,1.97453369,3.19472894,19.34999923,2.88442176,17.40000114
3.05248833,18.39321327,0.96970947,1.00662842,1.97633789,3.21028297,19.34999815,2.88868610,17.40000151
3.06248856,18.39307594,0.97077637,1.00745361,1.97822998,3.22591498,19.34999730,2.89288766,17.40000080
3.07248664,18.39289856,0.92115479,1.00828125,1.92943604,3.23278316,19.29999896,2.89702864,17.40000102
3.08248210,18.39267921,0.92233887,1.00911133,1.93145020,3.24825854,19.29999785,2.90110962,17.40000121
3.09247851,18.39241600,0.92361328,1.00994141,1.93355469,3.26380902,19.29999923,2.90513412,17.40000293
3.10247326,18.39210892,0.92497559,1.01077637,1.93575195,3.27943146,19.29999966,2.90910041,17.40000218
3.11246729,18.39175606,0.92642822,1.01161133,1.93803955,3.29512890,19.29999831,2.91301034,17.40000286
3.12245870,18.39135933,0.92797363,1.01245117,1.94042480,3.31089990,19.29999843,2.91686286,17.40000280
3.13244867,18.39091492,0.92961670,1.01329346,1.94291016,3.32674666,19.29999986,2.92066152,17.40000133
3.14243674,18.39042282,0.93135498,1.01413574,1.94549072,3.34267079,19.29999880,2.92440547,17.40000185
3.15242195,18.38988113,0.93319580,1.01498047,1.94817627,3.35867299,19.29999920,2.92809520,17.40000092
3.16240215,18.38928986,0.93513916,1.01582520,1.95096436,3.37475094,19.30000016,2.93173141,17.40000129
3.17238259,18.38864708,0.89038330,1.01666992,1.90705322,3.37999985,19.25448622,2.93531815,17.40000251
3.18235850,18.38795280,0.88784668,1.01751709,1.90536377,3.39483371,19.25000040,2.93885120,17.40000277
3.19233155,18.38720512,0.89002930,1.01836670,1.90839600,3.41082335,19.24999914,2.94233443,17.40000088
3.20229912,18.38640404,0.89232178,1.01921387,1.91153564,3.42689325,19.24999866,2.94576671,17.40000246
3.21226263,18.38554764,0.89472900,1.02006348,1.91479248,3.44304718,19.25000035,2.94914956,17.40000159
3.22222114,18.38463402,0.89725098,1.02091064,1.91816162,3.45928527,19.25000093,2.95248468,17.40000171
3.23217416,18.38366508,0.89988770,1.02176025,1.92164795,3.47560931,19.25000060,2.95577037,17.40000101
3.24211931,18.38263321,0.85923584,1.02260254,1.88183838,3.47999961,19.20828395,2.95901078,17.40000132
3.25205994,18.38154602,0.85339355,1.02344727,1.87684082,3.49375444,19.19999845,2.96220354,17.40000252
3.26199293,18.38039398,0.85630127,1.02428711,1.88058838,3.50998387,19.19999900,2.96535210,17.40000205
3.27192020,18.37918091,0.85933350,1.02512451,1.88445801,3.52630548,19.19999891,2.96845643,17.40000267
3.28183866,18.37790298,0.86249512,1.02595703,1.88845215,3.54271730,19.19999795,2.97151774,17.40000283
3.29174781,18.37656212,0.86578857,1.02678955,1.89257813,3.55922339,19.19999804,2.97453280,17.40000107
3.30164909,18.37515259,0.86922119,1.02761230,1.89683350,3.57582734,19.19999910,2.97750957,17.40000100
3.31153965,18.37367439,0.87279297,1.02980713,1.90260010,3.59252930,19.19999898,2.98000038,17.39869524
3.32141852,18.37212944,0.87650391,1.03939941,1.91590332,3.60932937,19.19999806,2.98000035,17.39040403
3.33128572,18.37051392,0.88036377,1.04852295,1.92888672,3.62623256,19.19999970,2.98000077,17.38258721
3.34114170,18.36882591,0.84560303,1.05720459,1.90280762,3.62999972,19.16356201,2.98000058,17.37521706
3.35098600,18.36706352,0.83519775,1.06547363,1.90067139,3.64179175,19.14999859,2.98000098,17.36826214
3.36081576,18.36522484,0.83937988,1.07334961,1.91272949,3.65862078,19.14999920,2.98000023,17.36170155
3.37063050,18.36331177,0.84371582,1.08085449,1.92457031,3.67555630,19.14999893,2.98000085,17.35551468
3.38043094,18.36132240,0.84821289,1.08766357,1.93587646,3.69260549,19.14999988,2.98012944,17.35000111
3.39021444,18.35925102,0.85287598,1.08854736,1.94142334,3.70977056,19.14999835,2.98235682,17.35000004
3.39998031,18.35709953,0.85770996,1.08941650,1.94712646,3.72705234,19.14999942,2.98455121,17.35000126
3.40972567,18.35486794,0.86271240,1.09027588,1.95298828,3.74444960,19.14999844,2.98670934,17.35000049
3.41945291,18.35255051,0.86789795,1.09111816,1.95901611,3.76197577,19.14999950,2.98883439,17.35000051
3.42916012,18.35014915,0.87326416,1.09194580,1.96520996,3.77962959,19.15000006,2.99092655,17.35000066
3.43884540,18.34765816,0.83614014,1.09275146,1.92889160,3.77999981,19.11103485,2.99299072,17.35000122
3.44850850,18.34507942,0.82961670,1.09354004,1.92315674,3.79254449,19.09999870,2.99502543,17.35000006
3.45814562,18.34241104,0.83537354,1.09430664,1.92968018,3.81015341,19.09999894,2.99702918,17.35000054
3.46775460,18.33964539,0.84133301,1.09504395,1.93637695,3.82789774,19.09999934,2.99900732,17.35000040
3.47733784,18.33678436,0.84749512,1.09575439,1.94324951,3.84578322,19.09999857,3.00096264,17.34999953
3.48688889,18.33382797,0.85386475,1.09643555,1.95030029,3.86380893,19.09999786,3.00289123,17.35000014
3.49641228,18.33077621,0.86044678,1.09708984,1.95753662,3.88198407,19.09999855,3.00479919,17.34999968
3.50590253,18.32762527,0.86724609,1.09770996,1.96495605,3.90030799,19.09999834,3.00668690,17.35000011
3.51535940,18.32437325,0.87427002,1.09829590,1.97256592,3.91878855,19.09999752,3.00855422,17.35000041
3.52478099,18.32102013,0.86565674,1.09884521,1.96450195,3.92999987,19.08597711,3.01040524,17.35000092
3.53416586,18.31756401,0.83376221,1.09935791,1.93312012,3.93000007,19.05137235,3.01223831,17.35000036
3.54350996,18.31400490,0.83969482,1.09982910,1.93952393,3.94773556,19.05000022,3.01405681,17.35000101
3.55281234,18.31033325,0.84743164,1.10024902,1.94768066,3.96637709,19.04999840,3.01586730,17.35000109
3.56206965,18.30654907,0.85542480,1.10061768,1.95604248,3.98519182,19.05000002,3.01766676,17.35000064
3.57127810,18.30265617,0.86366699,1.10093506,1.96460205,4.00417390,19.04999942,3.01945641,17.35000152
3.58044195,18.29865265,0.87217041,1.10120361,1.97337402,4.02333964,19.05000003,3.02123870,17.35000037
3.58955598,18.29453659,0.88093994,1.10141602,1.98235596,4.04268949,19.05000015,3.02301508,17.35000039
3.59861803,18.29030609,0.88998291,1.10156982,1.99155273,4.06222855,19.05000003,3.02478751,17.35000048
3.60762644,18.28596306,0.89558838,1.10166504,1.99725342,4.07999921,19.04684578,3.02655975,17.34999972
3.61657715,18.28150368,0.86791992,1.10169434,1.96961426,4.07999976,19.01534600,3.02833156,17.35000077
3.62546229,18.27691460,0.85939209,1.10183838,1.96123047,4.08989947,19.00000026,3.03000102,17.34983655
3.63428521,18.27220726,0.86930420,1.10497070,1.97427490,4.10968864,18.99999940,3.03000093,17.34711224
3.64304209,18.26738358,0.87951416,1.10796387,1.98747803,4.12968070,19.00000084,3.03000136,17.34447239
3.65173435,18.26243782,0.89002930,1.11082764,2.00085693,4.14988636,18.99999916,3.03000087,17.34190237
3.66035748,18.25737381,0.90085938,1.11355713,2.01441650,4.17031099,19.00000089,3.03000119,17.33940848
3.66890788,18.25218582,0.91200928,1.11616211,2.02817139,4.19095534,19.00000086,3.03000035,17.33697275
3.67737889,18.24687004,0.92349365,1.11862793,2.04212158,4.21182735,19.00000044,3.03000143,17.33460314
3.68576694,18.24142647,0.93531982,1.12096436,2.05628418,4.23293046,19.00000094,3.03000107,17.33228831
3.69407344,18.23585892,0.94748779,1.12317627,2.07066406,4.25427069,19.00000038,3.03000129,17.33002607
3.70229769,18.23017120,0.96000000,1.12527100,2.08527100,4.27585234,18.99999912,3.03000143,17.32781180
3.71043420,18.22435951,0.94357910,1.12725098,2.07083008,4.27999943,18.97664739,3.03000055,17.32563545
3.71848369,18.21842766,0.92301270,1.12911377,2.05212646,4.28129494,18.94999853,3.03000135,17.32350308
3.72643495,18.21236229,0.93624756,1.13085205,2.06709961,4.30302192,18.94999840,3.03000102,17.32140423
3.73428559,18.20616913,0.94986084,1.13246826,2.08232910,4.32500701,18.94999961,3.03000005,17.31933984
3.74203968,18.19985580,0.96384521,1.13396973,2.09781494,4.34725395,18.94999797,3.03000143,17.31730901
3.74969459,18.19342041,0.97821777,1.13536377,2.11358154,4.36977481,18.94999859,3.03000145,17.31530157
3.75724721,18.18686676,0.99297852,1.13665039,2.12962891,4.39256973,18.94999948,3.03000127,17.31331804
3.76469421,18.18019295,1.00813965,1.13782471,2.14596436,4.41564990,18.94999954,3.03000089,17.31135998
3.77203059,18.17339516,1.02371094,1.13888916,2.16260010,4.43901700,18.94999881,3.03000121,17.30941545
3.77925205,18.16648102,1.03969238,1.13984375,2.17953613,4.46267079,18.94999816,3.03000103,17.30748933
3.78636909,18.15945625,1.04608398,1.14070313,2.18678711,4.47999876,18.94250765,3.03000005,17.30557722
3.79338026,18.15232658,1.02669189,1.14146973,2.16816162,4.47999955,18.91564183,3.03000117,17.30367739
3.80028462,18.14509201,1.02242188,1.14215088,2.16457275,4.48982090,18.90000004,3.03000136,17.30178174
3.80708289,18.13775635,1.03960938,1.14260010,2.18220947,4.51402967,18.89999901,3.03010120,17.30000078
3.81377363,18.13032341,1.05722168,1.14052490,2.19774658,4.53856031,18.89999993,3.03187777,17.30000063
3.82034802,18.12278938,1.07526855,1.13832520,2.21359375,4.56341427,18.89999915,3.03370637,17.30000194
3.82681680,18.11516380,1.08139160,1.13601563,2.21740723,4.57999883,18.89113076,3.03558949,17.30000065
3.83318210,18.10745239,1.06402344,1.13359131,2.19761475,4.57999967,18.86535033,3.03753618,17.30000165
3.83944488,18.09965515,1.06130859,1.13105469,2.19236328,4.59001856,18.84999845,3.03954569,17.30000149
3.84560513,18.09177780,1.08058350,1.12840576,2.20898926,4.61551557,18.84999848,3.04162157,17.30000134
3.85166287,18.08382225,1.10030273,1.12564209,2.22594482,4.64137186,18.84999836,3.04376733,17.30000153
3.85762048,18.07579041,1.12047607,1.12276367,2.24323975,4.66760045,18.84999915,3.04598683,17.30000101
3.86346817,18.06767845,1.14111572,1.11975586,2.26087158,4.69420224,18.84999942,3.04828412,17.30000128
3.86921835,18.05949783,1.16221436,1.11663330,2.27884766,4.72118761,18.84999805,3.05066260,17.30000036
3.87487078,18.05124855,1.18378662,1.11338623,2.29717285,4.74856927,18.84999859,3.05313157,17.30000058
3.88042617,18.04293633,1.20583252,1.11001953,2.31585205,4.77635093,18.84999941,3.05568976,17.30000083
3.88588881,18.03456116,1.22836426,1.10653076,2.33489502,4.80455075,18.84999921,3.05834301,17.30000112
3.89125872,18.02612305,1.25139160,1.10291260,2.35430420,4.83317689,18.84999863,3.06110018,17.30000122
3.89653635,18.01762962,1.27491699,1.09917236,2.37408936,4.86223520,18.84999919,3.06395706,17.30000045
3.90172291,18.00908089,1.34915283,1.09530029,2.44445313,4.92999894,18.88250043,3.06692420,17.30000134
3.90682149,18.00047684,1.33433105,1.09129639,2.42562744,4.92999853,18.85695118,3.07000561,17.30000048
3.91182971,17.99182320,1.31990967,1.08715576,2.40706543,4.92999863,18.83175972,3.07320549,17.30000174
3.91674829,17.98311615,1.30587646,1.08287354,2.38875000,4.92999995,18.80690880,3.07652837,17.30000156
3.92158175,17.97436142,1.32037598,1.07844971,2.39882568,4.95197716,18.79999935,3.07998083,17.30000124
3.92633295,17.96556473,1.34262207,1.07843018,2.42105225,4.97999873,18.79768416,3.08000024,17.29718401
3.93100357,17.95672226,1.32931885,1.07841553,2.40773438,4.98000012,18.77323616,3.08000069,17.29432191
3.93559432,17.94783783,1.31783936,1.07838379,2.39622314,4.98117347,18.75000041,3.08000020,17.29143072
3.94010639,17.93891335,1.34473877,1.07833496,2.42307373,5.01270134,18.75000048,3.08000133,17.28850924
3.94454098,17.92995071,1.35380615,1.07827393,2.43208008,5.02999832,18.73900784,3.08000040,17.28555624
3.94890070,17.92095184,1.34151367,1.07820068,2.41971436,5.02999871,18.71523517,3.08000116,17.28257085
3.95318747,17.91191673,1.34359619,1.07812012,2.42171631,5.04138690,18.69999843,3.08000123,17.27954911
3.95740128,17.90284729,1.37198975,1.07803223,2.45002197,5.07405031,18.69999889,3.08000139,17.27649049
3.96154356,17.89374733,1.36763428,1.07793945,2.44557373,5.07999909,18.68081834,3.08000135,17.27339515
3.96561718,17.88461494,1.35626221,1.07784180,2.43410400,5.07999879,18.65766135,3.08000150,17.27026344
3.96962214,17.87545013,1.37215332,1.07774414,2.44989746,5.10226364,18.65000039,3.08000016,17.26708736
3.97356057,17.86625862,1.40208496,1.07764404,2.47972900,5.13614030,18.65000007,3.08000052,17.26387408
3.97743440,17.85704041,1.43263184,1.07754395,2.51017578,5.17060179,18.65000041,3.08000194,17.26062112
3.98124361,17.84779358,1.43312988,1.07744873,2.51057861,5.17999942,18.63318879,3.08000085,17.25732158
3.98499131,17.83852196,1.42261230,1.07735596,2.49996826,5.17999969,18.61039015,3.08000168,17.25397985
3.98867655,17.82922554,1.43498779,1.07726807,2.51225586,5.19908886,18.59999908,3.08000085,17.25059364
3.99230194,17.81990814,1.46714600,1.07184570,2.53899170,5.23487019,18.59999896,3.08452491,17.25000099
3.99586964,17.81056595,1.49996826,1.06510498,2.56507324,5.27129133,18.59999891,3.09021181,17.25000144
3.99937940,17.80120277,1.50024170,1.05814453,2.55838623,5.27999997,18.58269863,3.09613717,17.25000121
4.00283384,17.79181862,1.49051514,1.05095703,2.54147217,5.27999964,18.56024750,3.10230869,17.25000209
4.00623369,17.78241539,1.50447266,1.04353760,2.54801025,5.30016315,18.54999908,3.10873381,17.25000130
4.00957966,17.77299118,1.52969727,1.03587158,2.56556885,5.32999949,18.54530275,3.11542536,17.25000168
4.01287413,17.76354980,1.52045898,1.02795898,2.54841797,5.32999842,18.52314115,3.12238660,17.25000175
4.01611757,17.75408936,1.51144775,1.01978516,2.53123291,5.32999894,18.50121047,3.12963194,17.25000113
4.01931143,17.74461365,1.54455811,1.01956055,2.56411865,5.36654951,18.50000060,3.13000154,17.24598383
4.02245569,17.73512268,1.58082520,1.01977051,2.60059570,5.40591914,18.49999996,3.13000077,17.24170994
4.02555227,17.72561264,1.59959473,1.01998779,2.61958252,5.42999791,18.49127282,3.13000206,17.23738645
4.02860355,17.71608925,1.59105957,1.02021973,2.61127930,5.42999850,18.46945702,3.13000064,17.23301453
4.03160858,17.70655060,1.58729248,1.02046143,2.60775391,5.43402876,18.44999876,3.13000052,17.22859195
4.03456974,17.69700050,1.62535889,1.02071533,2.64607422,5.47498082,18.44999957,3.13000049,17.22412175
4.03748751,17.68743515,1.62291748,1.02098145,2.64389893,5.47999813,18.43109111,3.13000047,17.21959932
4.04036331,17.67785645,1.61500977,1.02125977,2.63626953,5.47999954,18.40977446,3.13000191,17.21502431
4.04319811,17.66826820,1.63256836,1.02155518,2.65412354,5.50259793,18.40000011,3.13000055,17.21039793
4.04599190,17.65866852,1.65553223,1.02186279,2.67739502,5.52999910,18.39250059,3.13000142,17.20571708
4.04874706,17.64905548,1.64802490,1.02218750,2.67021240,5.52999894,18.37146723,3.13000054,17.20097957
4.05146360,17.63943100,1.64069580,1.02252441,2.66322021,5.52999910,18.35063800,3.13000172,17.19618825
4.05414295,17.62979698,1.68016357,1.02287842,2.70304199,5.57212170,18.34999848,3.13000215,17.19134052
4.05678654,17.62015343,1.68175781,1.02325195,2.70500977,5.57999924,18.33298758,3.13000007,17.18643525
4.05939388,17.61049843,1.67480225,1.02363770,2.69843994,5.57999921,18.31244012,3.13000121,17.18147227
4.06196690,17.60083389,1.66801270,1.02404297,2.69205566,5.57999927,18.29209660,3.13000134,17.17644701
4.06450415,17.59116173,1.66138428,1.02446289,2.68584717,5.57999854,18.27195119,3.13000164,17.17136508
4.06700754,17.58148003,1.65491455,1.02489990,2.67981445,5.57999801,18.25200387,3.13000220,17.16622003
4.06947851,17.57179070,1.69291016,1.02535645,2.71826660,5.62059945,18.25000050,3.13000051,17.16101474
4.07191896,17.56209373,1.69688477,1.02583008,2.72271484,5.62999980,18.23425591,3.13000104,17.15574665
4.07432890,17.55238914,1.69074707,1.02632324,2.71707031,5.62999884,18.21459486,3.13000065,17.15041470
4.07670927,17.54267502,1.68475342,1.01396240,2.69871582,5.62999768,18.19512376,3.14186858,17.15000124
4.07906055,17.53295326,1.67890381,1.00007813,2.67898193,5.62999946,18.17584266,3.15520770,17.15000123
4.08138418,17.52322578,1.67318848,0.98571533,2.65890381,5.62999836,18.15675054,3.16905854,17.15000120
4.08368015,17.51349449,1.66760986,0.97456299,2.64217285,5.62999818,18.13785283,3.18000097,17.14861507
4.08594942,17.50375557,1.66216309,0.97525146,2.63741455,5.62999761,18.11914260,3.18000026,17.14268564
4.08819199,17.49401283,1.65684814,0.97595459,2.63280273,5.62999925,18.10062328,3.18000141,17.13669327
4.09040976,17.48426056,1.65165527,0.97667725,2.62833252,5.62999954,18.08228099,3.18000046,17.13063172
4.09260178,17.47450447,1.64658447,0.97741455,2.62399902,5.62999880,18.06412365,3.18000103,17.12450581
4.09476852,17.46474075,1.64163574,0.97816895,2.61980469,5.62999932,18.04614777,3.18000098,17.11830928
4.09691238,17.45497322,1.63680176,0.97894043,2.61574219,5.62999979,18.02835183,3.18000156,17.11204623
4.09903336,17.44520187,1.57877930,0.97973145,2.55851074,5.57999904,17.99227122,3.18000138,17.10571108
4.10113287,17.43542480,1.57425049,0.98054443,2.55479492,5.57999844,17.97507396,3.18000029,17.09929661
4.10321140,17.42564201,1.56982910,0.98137451,2.55120361,5.57999997,17.95805069,3.18000094,17.09280813
4.10526896,17.41585732,1.56551025,0.98222412,2.54773438,5.58000019,17.94120493,3.18000092,17.08624650
4.10730743,17.40606689,1.56128906,0.98309326,2.54438232,5.57999883,17.92452954,3.18000126,17.07960772
4.10932589,17.39627266,1.55716797,0.98398193,2.54114990,5.57999896,17.90802723,3.18000049,17.07289248
4.11132574,17.38647461,1.55314209,0.98489014,2.53803223,5.57999806,17.89169957,3.18000021,17.06609756
4.11330509,17.37667274,1.54921631,0.98581543,2.53503174,5.57999874,17.87555234,3.18000145,17.05921985
4.11526680,17.36686707,1.54538330,0.98676270,2.53214600,5.57999893,17.85958335,3.18000173,17.05225641
4.11721182,17.35705757,1.54164063,0.98773193,2.52937256,5.57999951,17.84378939,3.18000110,17.04520762
4.11914015,17.34724617,1.53798340,0.98872070,2.52670410,5.57999839,17.82816845,3.18000076,17.03807650
4.12105274,17.33743286,1.48182861,0.98972900,2.47155762,5.52999950,17.79643717,3.18000230,17.03085903
4.12295008,17.32761574,1.47839111,0.99075928,2.46915039,5.52999778,17.78133048,3.18000234,17.02355405
4.12483311,17.31779480,1.47503906,0.99181396,2.46685303,5.52999954,17.76640092,3.18000139,17.01615275
4.12670183,17.30797005,1.47176514,0.99289063,2.46465576,5.52999950,17.75164582,3.18000112,17.00865496
4.12855673,17.29814339,1.46856689,0.99398926,2.46255615,5.52999898,17.73706045,3.18000032,17.00106544
4.13039637,17.28831482,1.46544678,0.97277588,2.43822266,5.52999977,17.72264745,3.20132787,17.00000117
4.13222361,17.27848434,1.46239746,0.94727539,2.40967285,5.52999870,17.70840444,3.22680768,17.00000142
4.13403940,17.26864815,1.45942139,0.94513672,2.40455811,5.52999978,17.69433054,3.23000070,16.99297173
4.13584375,17.25881195,1.45651367,0.94635986,2.40287354,5.52999831,17.68043385,3.23000130,16.98486599
4.13763666,17.24897766,1.45367676,0.94760498,2.40128174,5.52999794,17.66671711,3.23000127,16.97666679
4.13941908,17.23913574,1.39873779,0.94886963,2.34760742,5.47999924,17.63827511,3.23000217,16.96836932
4.14119196,17.22929382,1.39605957,0.95015625,2.34621582,5.47999860,17.62499481,3.23000198,16.95998027
4.14295435,17.21945000,1.39344482,0.95146240,2.34490723,5.48000006,17.61187491,3.23000200,16.95149712
4.14470720,17.20960426,1.39088623,0.95279053,2.34367676,5.47999891,17.59891214,3.23000026,16.94291900
4.14645147,17.19975662,1.38838623,0.95413574,2.34252197,5.47999926,17.58610700,3.23000216,16.93424642
4.14818764,17.18990898,1.38594238,0.95550537,2.34144775,5.47999801,17.57346787,3.23000231,16.92547333
4.14991665,17.18005753,1.38355469,0.95689697,2.34045166,5.47999929,17.56098204,3.23000212,16.91660172
4.15163803,17.17020798,1.38121826,0.95830811,2.33952637,5.47999996,17.54865032,3.23000237,16.90763951
4.15335274,17.16035652,1.37893066,0.95974121,2.33867188,5.47999854,17.53646893,3.23000199,16.89858079
4.15506124,17.15050316,1.37669434,0.96119629,2.33789063,5.47999888,17.52443826,3.23000105,16.88942485
4.15676355,17.14064980,1.37450684,0.96267090,2.33717773,5.47999925,17.51255877,3.23000171,16.88017387
4.15846062,17.13079262,1.32044189,0.96416748,2.28460938,5.42999823,17.48682457,3.23000233,16.87082326
4.16015291,17.12093735,1.31836182,0.96568848,2.28405029,5.42999819,17.47529688,3.23000237,16.86137209
4.16184092,17.11108017,1.31632568,0.96723389,2.28355957,5.42999897,17.46390905,3.23000052,16.85182211
4.16352510,17.10122490,1.31433105,1.02068848,2.33501953,5.42999819,17.45266781,3.18000236,16.82829995
4.16520548,17.09136772,1.31238037,1.02227295,2.33465332,5.42999885,17.44156750,3.18000022,16.81858114
4.16688347,17.08150864,1.31046875,1.02387939,2.33434814,5.42999903,17.43060382,3.18000149,16.80875787
4.16855860,17.07164955,1.30859619,1.02551270,2.33410889,5.42999789,17.41978005,3.18000154,16.79882876
4.17023182,17.06179047,1.30676514,1.02717285,2.33393799,5.42999943,17.40909534,3.18000102,16.78879410
4.17190361,17.05193138,1.30497070,1.02885986,2.33383057,5.42999927,17.39854910,3.18000079,16.77865241
4.17357445,17.04207039,1.30321289,1.03057373,2.33378662,5.42999843,17.38813755,3.18000114,16.76840235
4.17524433,17.03221130,1.30149414,1.03231689,2.33381104,5.42999878,17.37786758,3.18000035,16.75804425
4.17691422,17.02235031,1.29981201,1.03408691,2.33389893,5.42999860,17.36773521,3.18000224,16.74757365
4.17858458,17.01248932,1.24629883,1.03589111,2.28218994,5.37999902,17.34394679,3.18000019,16.73699050
4.18025446,17.00263214,1.24468506,1.03772217,2.28240723,5.37999774,17.33407897,3.18000127,16.72629740
4.18192720,16.99277306,1.24310547,1.03958740,2.28269287,5.37999841,17.32433996,3.18000117,16.71548944
4.18360138,16.98291206,1.24156006,1.04148438,2.28304443,5.37999934,17.31473031,3.18000129,16.70456587
4.18527699,16.97305489,1.24004639,1.04341309,2.28345947,5.37999814,17.30525414,3.18000194,16.69353224
4.18695545,16.96319580,1.23856689,1.04537842,2.28394531,5.37999842,17.29590671,3.18000026,16.68238028
4.18863678,16.95333862,1.23712158,1.04737549,2.28449707,5.37999976,17.28669115,3.18000157,16.67111474
4.19032192,16.94348145,1.23570801,1.04941162,2.28511963,5.37999946,17.27760947,3.18000118,16.65972684
4.19201088,16.93362617,1.23432861,1.10343506,2.33776367,5.37999902,17.26866545,3.13000215,16.63411591
4.19370461,16.92377281,1.23298096,1.10556641,2.33854736,5.37999780,17.25985361,3.13000131,16.62242214
4.19540358,16.91391563,1.23166748,1.10773926,2.33940674,5.37999857,17.25116860,3.13000045,16.61059647
4.19710827,16.90406227,1.23038574,1.10995361,2.34033936,5.37999837,17.24261809,3.13000134,16.59864484
4.19881868,16.89421082,1.22913818,1.11221191,2.34135010,5.37999941,17.23420011,3.13000210,16.58656425
4.20053530,16.88435745,1.22792480,1.11451904,2.34244385,5.37999879,17.22592035,3.13000189,16.57433981
4.20225859,16.87450790,1.22674561,1.11687500,2.34362061,5.37999825,17.21777746,3.13000043,16.56198248
4.20398903,16.86465836,1.17349365,1.11927734,2.29277100,5.32999978,17.19509329,3.13000084,16.54948977
4.20572710,16.85481071,1.17235107,1.12173096,2.29408203,5.32999793,17.18710899,3.13000036,16.53686051
4.20747423,16.84496689,1.17124268,1.12423584,2.29547852,5.32999895,17.17925358,3.13000110,16.52409651
4.20923138,16.83512306,1.17016846,1.12679932,2.29696777,5.32999951,17.17153494,3.13000149,16.51117938
4.21099710,16.82528114,1.16912842,1.18165771,2.35078613,5.33000013,17.16394545,3.08000197,16.48298744
4.21277237,16.81543922,1.16812012,1.18437256,2.35249268,5.32999912,17.15648027,3.08000128,16.46965316
4.21455812,16.80560112,1.16714600,1.18714844,2.35429443,5.32999925,17.14914282,3.08000067,16.45617183
4.21635485,16.79576302,1.16620605,1.18998779,2.35619385,5.32999799,17.14193574,3.08000185,16.44253100
4.21816254,16.78592682,1.16530518,1.19289551,2.35820068,5.32999842,17.13486403,3.08000229,16.42872801
4.21998215,16.77609444,1.16443848,1.19587158,2.36031006,5.32999845,17.12791951,3.08000182,16.41477212
4.22181606,16.76626396,1.16360352,1.19891846,2.36252197,5.32999803,17.12109591,3.08000118,16.40066300
4.22366238,16.75643730,1.16280518,1.20203369,2.36483887,5.32999935,17.11439586,3.08000191,16.38640262
4.22552204,16.74661255,1.16204346,1.20522705,2.36727051,5.32999927,17.10782596,3.08000048,16.37197581
4.22739649,16.73678780,1.16131592,1.20849365,2.36980957,5.32999946,17.10137151,3.08000096,16.35739310
4.22928476,16.72696877,1.16062256,1.26455811,2.42518066,5.32999881,17.09503568,3.03000007,16.32594089
4.23118830,16.71715164,1.15996338,1.26803711,2.42800049,5.32999853,17.08881162,3.03000197,16.31086413
4.23310757,16.70733833,1.15934082,1.27160156,2.43094238,5.32999937,17.08270425,3.03000205,16.29562517
4.23504305,16.69752693,1.15875488,1.27525391,2.43400879,5.33000024,17.07671231,3.03000094,16.28021897
4.23699570,16.68771744,1.15820068,1.27899170,2.43719238,5.32999923,17.07082585,3.03000069,16.26465390
4.23896790,16.67791557,1.15767822,1.28281738,2.44049561,5.32999854,17.06504741,3.03000236,16.24893674
4.24095774,16.66811562,1.15719238,1.28673584,2.44392822,5.32999928,17.05937345,3.03000197,16.23305790
4.24296618,16.65831947,1.15674072,1.29074951,2.44749023,5.32999839,17.05380663,3.03000092,16.21701500
4.24499416,16.64852715,1.15632568,1.34814453,2.50447021,5.32999904,17.04834405,2.98000161,16.18238600
4.24704218,16.63874054,1.15594482,1.35243408,2.50837891,5.32999964,17.04298237,2.98000196,16.16578507
4.24911070,16.62895584,1.15559570,1.35682617,2.51242188,5.32999804,17.03771478,2.98000229,16.14901737
4.25120020,16.61917686,1.15528320,1.36132324,2.51660645,5.32999861,17.03254516,2.98000250,16.13208603
4.25331163,16.60940170,1.15500732,1.36593262,2.52093994,5.32999991,17.02747379,2.98000055,16.11498207
4.25544596,16.59963226,1.15476563,1.42438477,2.57915039,5.32999987,17.02250052,2.93000104,16.07803109
4.25760412,16.58986855,1.15455566,1.42931641,2.58387207,5.32999814,17.01761834,2.93000216,16.06032301
4.25978804,16.58010864,1.15437988,1.43437256,2.58875244,5.32999794,17.01282526,2.93000073,16.04243742
4.26199675,16.57035446,1.15424072,1.43954834,2.59378906,5.33000007,17.00812216,2.93000214,16.02437844
4.26423073,16.56060791,1.15413330,1.44485352,2.59898682,5.32999909,17.00350910,2.93000083,16.00614220
4.26649046,16.55086708,1.15406250,1.50454346,2.65860596,5.32999912,16.99898494,2.88000143,15.96665886
4.26877785,16.54113007,1.15402588,1.51022705,2.66425293,5.32999853,16.99454662,2.88000121,15.94776214
4.27109289,16.53140259,1.15402588,1.51604980,2.67007568,5.32999963,16.99019698,2.88000159,15.92868201
4.27343655,16.52168083,1.15405762,1.52201660,2.67607422,5.32999843,16.98592850,2.88000116,15.90941274
4.27580833,16.51196861,1.15412598,1.52812744,2.68225342,5.32999814,16.98174591,2.88000198,15.88995716
4.27821112,16.50226212,1.15423096,1.53439209,2.68862305,5.32999994,16.97764552,2.88000182,15.87030494
4.28064489,16.49256325,1.15436768,1.54081299,2.69518066,5.32999880,16.97362576,2.88000092,15.85045641
4.28311110,16.48287201,1.15454102,1.54739258,2.70193359,5.32999931,16.96968825,2.88000196,15.83040854
4.28560877,16.47318840,1.15475098,1.55413818,2.70888916,5.32999885,16.96583340,2.88000137,15.81015506
4.28814316,16.46351433,1.15499268,1.56105469,2.71604736,5.32999833,16.96205798,2.88000184,15.78969715
4.29071236,16.45384979,1.15527100,1.56814453,2.72341553,5.33000017,16.95836137,2.88000136,15.76903465
4.29331636,16.44419479,1.15558105,1.57541016,2.73099121,5.32999843,16.95474145,2.88000187,15.74816366
4.29595709,16.43455124,1.15592773,1.58285889,2.73878662,5.32999882,16.95120071,2.88000167,15.72708210
4.29863548,16.42491722,1.16131348,1.59049561,2.75180908,5.33446261,16.94999938,2.88000173,15.70578247
4.30135202,16.41529274,1.16908203,1.59832520,2.76740723,5.34098739,16.94999932,2.88000146,15.68426191
4.30410814,16.40567970,1.17655273,1.60635254,2.78290527,5.34717691,16.94999948,2.88000184,15.66251755
4.30690527,16.39607811,1.18373535,1.61458740,2.79832275,5.35304136,16.94999929,2.88000005,15.64054254
4.30974340,16.38648796,1.19064209,1.62302979,2.81367188,5.35859190,16.94999961,2.88000027,15.61833421
4.31262398,16.37691307,1.19727783,1.68863281,2.88591064,5.36383558,16.94999967,2.83000202,15.56863548
4.31554842,16.36734962,1.20365967,1.75484619,2.95850586,5.36878916,16.94999907,2.78000183,15.51789011
4.31851768,16.35780334,1.20978760,1.82168945,3.03147705,5.37345396,16.94999883,2.73000224,15.46607965
4.32153273,16.34826851,1.21568359,1.81478027,3.03046387,5.37785027,16.94999914,2.74465511,15.45000116
4.32459497,16.33874893,1.21906006,1.78410400,3.00316406,5.37999951,16.94885437,2.78000212,15.44585482
4.32770634,16.32924461,1.22000000,1.79437012,3.01437012,5.37999824,16.94656285,2.78000048,15.42129593
4.33086681,16.31975746,1.22098145,1.79797363,3.01895508,5.37999826,16.94435250,2.78595335,15.40000114
4.33407879,16.31028748,1.22200195,1.76026611,2.98226807,5.37999877,16.94222115,2.82745477,15.40000134
4.33734274,16.30083466,1.22306152,1.72332031,2.94638184,5.37999914,16.94016786,2.86821717,15.40000026
4.34066010,16.29140091,1.22415771,1.68712158,2.91127930,5.37999820,16.93819186,2.90825499,15.40000027
4.34403276,16.28198624,1.22529297,1.65165771,2.87695068,5.37999883,16.93629288,2.94758197,15.40000076
4.34746027,16.27259445,1.22646484,1.62428955,2.85075439,5.37999798,16.93447210,2.98000141,15.39602555
4.35094690,16.26322174,1.22767578,1.63556152,2.86323730,5.37999883,16.93272889,2.98000046,15.37127604
4.35449219,16.25387192,1.22892334,1.64029053,2.86921387,5.37999973,16.93106222,2.98570843,15.35000037
4.35809803,16.24454498,1.23020508,1.60670410,2.83690918,5.37999886,16.92947068,3.02344880,15.35000070
4.36176634,16.23524094,1.23152344,1.57380371,2.80532715,5.37999930,16.92795415,3.06053344,15.35000027
4.36549807,16.22596169,1.23287598,1.54157471,2.77445068,5.37999886,16.92651238,3.09697732,15.35000072
4.36929560,16.21670914,1.23426025,1.51341553,2.74767578,5.37999791,16.92514348,3.13000059,15.34804669
4.37315941,16.20748711,1.23568115,1.52571289,2.76139404,5.37999885,16.92385447,3.13000060,15.32297825
4.37708998,16.19829369,1.23713379,1.53423096,2.77136475,5.37999924,16.92263685,3.13333247,15.29999981
4.38109159,16.18912697,1.23861572,1.50374512,2.74236084,5.37999850,16.92148893,3.16836568,15.30000074
4.38516474,16.17999458,1.24012939,1.47389648,2.71402588,5.37999893,16.92041740,3.20280214,15.30000045
4.38931084,16.17089462,1.24167236,1.44466553,2.68633789,5.37999928,16.91941766,3.23666101,15.30000028
4.39353180,16.16182899,1.24324463,1.41604004,2.65928467,5.37999981,16.91849141,3.26995711,15.29999999
4.39782953,16.15279770,1.24483887,1.41677979,2.66161865,5.37999839,16.91762978,3.28000054,15.28232470
4.40220547,16.14380455,1.24645996,1.43055176,2.67701172,5.37999811,16.91684019,3.28000096,15.25659795
4.40666533,16.13485336,1.24810059,1.41358398,2.66168457,5.37999940,16.91611886,3.30427864,15.25000129
4.41120815,16.12594604,1.24975830,1.38656494,2.63632324,5.37999860,16.91546557,3.33636763,15.25000060
4.41583490,16.11708069,1.25143799,1.36010986,2.61154785,5.37999896,16.91488060,3.36794516,15.25000175
4.42054796,16.10826111,1.25313477,1.33421875,2.58735352,5.37999936,16.91436274,3.39901534,15.25000074
4.42534828,16.09948730,1.25484619,1.30887451,2.56372070,5.37999869,16.91390820,3.42959470,15.25000092
4.43023777,16.09076500,1.25657227,1.32335205,2.57992432,5.37999951,16.91352043,3.43000150,15.22428472
4.43521786,16.08209229,1.25830811,1.33551025,2.59381836,5.37999888,16.91319285,3.43247081,15.20000043
4.44029045,16.07347679,1.26005371,1.31112061,2.57117432,5.37999843,16.91293161,3.46249841,15.20000092
4.44545794,16.06491470,1.26180664,1.28725586,2.54906250,5.37999900,16.91272902,3.49206823,15.20000093
4.45072365,16.05641174,1.26355957,1.26391113,2.52747070,5.37999878,16.91258370,3.52118996,15.20000157
4.45609426,16.04797935,1.26530273,1.24109619,2.50639893,5.37999893,16.91249731,3.54986485,15.20000052
4.46156549,16.03960991,1.26704346,1.21878174,2.48582520,5.37999931,16.91246655,3.57811484,15.20000040
4.46713972,16.03130722,1.26877686,1.19696045,2.46573730,5.37999851,16.91249033,3.60595136,15.20000160
4.47281647,16.02307510,1.27050293,1.18035645,2.45085938,5.37999962,16.91256731,3.63000103,15.19669538
4.47859812,16.01491547,1.27221680,1.19769043,2.46990723,5.37999947,16.91269669,3.63000079,15.16972620
4.48448610,16.00683212,1.27391602,1.20471924,2.47863525,5.37999919,16.91287749,3.63761564,15.15000148
4.49048853,15.99883270,1.27558594,1.18428467,2.45987061,5.37999849,16.91310371,3.66464608,15.15000151
4.49660683,15.99092293,1.27722412,1.16433594,2.44156006,5.37999870,16.91337633,3.69129405,15.15000109
4.50283575,15.98310184,1.27883545,1.14485840,2.42369385,5.37999924,16.91369538,3.71756819,15.15000184
4.50917768,15.97536850,1.28041748,1.14566895,2.42608643,5.37999857,16.91405896,3.73000022,15.13546392
4.51563215,15.96772957,1.28196533,1.16519043,2.44715576,5.37999828,16.91446410,3.73000159,15.10723359
4.52220058,15.96018982,1.28347656,1.15639160,2.43986816,5.37999912,16.91491158,3.74933800,15.10000097
4.52889729,15.95276356,1.28492432,1.13827393,2.42319824,5.37999884,16.91539361,3.77493326,15.09999996
4.53571081,15.94544601,1.28632324,1.12061035,2.40693359,5.37999837,16.91591284,3.80019011,15.10000131
4.54264212,15.93823624,1.28767334,1.10339355,2.39106689,5.37999931,16.91646709,3.82511966,15.10000065
4.54968929,15.93114090,1.28896729,1.11723877,2.40620605,5.37999872,16.91705319,3.83000161,15.07658125
4.55685234,15.92416477,1.29020264,1.13522217,2.42542480,5.37999887,16.91767000,3.83258302,15.05000042
4.56414843,15.91732502,1.29135010,1.11891602,2.41026611,5.37999870,16.91831128,3.85723870,15.05000054
4.57156277,15.91061401,1.29242920,1.10305176,2.39548096,5.37999899,16.91898107,3.88158533,15.05000126
4.57909298,15.90403366,1.29343994,1.08762451,2.38106445,5.37999915,16.91967940,3.90562902,15.05000004
4.58673668,15.89758778,1.29437988,1.07262695,2.36700684,5.37999895,16.92040459,3.92937596,15.04999975
4.59450197,15.89128685,1.29523193,1.09571777,2.39094971,5.37999965,16.92115051,3.93000031,15.02006071
4.60239124,15.88514233,1.29598389,1.10644043,2.40242432,5.37999922,16.92191632,3.93851192,15.00000118
4.61039162,15.87914085,1.29665283,1.09235840,2.38901123,5.37999946,16.92269846,3.96203951,15.00000121
4.61849737,15.87328529,1.29724121,1.07869385,2.37593506,5.37999971,16.92349914,3.98528600,15.00000189
4.62670565,15.86757660,1.29774414,1.06544189,2.36318604,5.37999856,16.92431202,4.00825568,15.00000174
4.63502741,15.86202908,1.29814697,1.05260742,2.35075439,5.37999912,16.92513895,4.03096426,15.00000238
4.64344597,15.85663414,1.29846680,1.04017578,2.33864258,5.37999919,16.92598227,4.05340792,15.00000074
4.65195656,15.85138321,1.29870361,1.02812500,2.32682861,5.37999894,16.92682980,4.07559828,15.00000071
4.66055536,15.84627819,1.29885986,1.04811523,2.34697510,5.37999896,16.92768375,4.08000021,14.97363775
4.66924286,15.84132385,1.29893066,1.06488770,2.36381836,5.37999971,16.92854308,4.08655108,14.95000116
4.67801762,15.83652973,1.29890625,1.05365723,2.35256348,5.37999916,16.92940641,4.10857858,14.95000123
4.68687057,15.83187866,1.29880127,1.04278564,2.34158691,5.37999969,16.93026688,4.13036889,14.95000128
4.69579411,15.82736969,1.29861084,1.03226807,2.33087891,5.37999972,16.93111463,4.15191785,14.95000088
4.70479012,15.82300091,1.29833496,1.02208984,2.32042480,5.37999856,16.93194964,4.17324493,14.95000182
4.71385670,15.81878376,1.29797119,1.01226318,2.31023438,5.37999948,16.93277785,4.19434454,14.95000084
4.72298956,15.81471157,1.29751465,1.00276855,2.30028320,5.37999876,16.93358743,4.21522792,14.95000185
4.73218346,15.81077576,1.29696777,1.00540039,2.30236816,5.37999896,16.93436838,4.23000139,14.93977458
4.74143219,15.80697441,1.29634033,1.03824463,2.33458496,5.37999927,16.93512794,4.23000103,14.90343133
4.75073433,15.80330563,1.29562256,1.03337158,2.32899414,5.37999969,16.93585274,4.24884052,14.90000088
4.76009035,15.79977322,1.29480469,1.02486572,2.31967041,5.37999977,16.93653682,4.26941873,14.90000041
4.76949596,15.79638100,1.29388184,1.01666748,2.31054932,5.37999877,16.93717746,4.28979346,14.90000033
4.77894640,15.79311275,1.29286621,1.00875244,2.30161865,5.37999923,16.93776918,4.30997791,14.90000026
4.78843975,15.78996944,1.29174316,1.00111572,2.29285889,5.37999872,16.93829793,4.32997478,14.90000174
4.79797220,15.78694725,1.29051758,1.03762451,2.32814209,5.37999921,16.93876324,4.33000067,14.86084401
4.80754280,15.78404522,1.28917969,1.04245605,2.33163574,5.37999983,16.93915440,4.34464278,14.85000121
4.81714869,15.78126431,1.28772217,1.03540771,2.32312988,5.37999914,16.93946457,4.36458235,14.85000016
4.82678890,15.77860737,1.28614258,1.02862305,2.31476563,5.37999941,16.93969345,4.38434567,14.85000122
4.83646059,15.77606201,1.28442871,1.02208740,2.30651611,5.37999899,16.93981592,4.40393853,14.85000189
4.84615898,15.77362633,1.28258789,1.01579590,2.29838379,5.37999937,16.93983652,4.42336310,14.85000032
4.85588264,15.77129936,1.28060303,1.00973877,2.29034180,5.37999934,16.93973669,4.44262347,14.85000178
4.86563158,15.76907730,1.27847412,1.00391113,2.28238525,5.37999978,16.93951371,4.46172824,14.85000188
4.87540388,15.76695824,1.27618408,1.00002441,2.27620850,5.37999933,16.93914808,4.48000029,14.84842424
4.88519812,15.76493835,1.27372559,1.04306641,2.31679199,5.37999914,16.93862861,4.48000070,14.80379186
4.89501381,15.76302624,1.27108643,1.04184326,2.31292969,5.37999905,16.93795175,4.49749670,14.80000106
4.90484858,15.76121140,1.26825439,1.03671875,2.30497314,5.37999903,16.93709464,4.51644276,14.80000029
4.91469860,15.75948906,1.26522461,1.03179688,2.29702148,5.37999953,16.93604690,4.53524341,14.80000037
4.92456388,15.75785828,1.26197998,1.02707275,2.28905273,5.37999928,16.93479159,4.55390406,14.80000145
4.93444252,15.75631809,1.25850586,1.02254639,2.28105225,5.37999947,16.93331257,4.57242383,14.80000037
4.94433641,15.75486374,1.25478516,1.04935059,2.30413574,5.37999925,16.93158958,4.58000070,14.77079253
4.95424128,15.75349522,1.25081299,1.06722168,2.31803467,5.37999958,16.92961721,4.59097475,14.75000157
4.96415854,15.75220871,1.24655762,1.06310303,2.30966064,5.37999973,16.92736068,4.60951625,14.75000264
4.97408485,15.75100327,1.24200684,1.05916504,2.30117188,5.37999921,16.92480669,4.62792710,14.75000109
4.98402166,15.74987793,1.23713867,1.05539795,2.29253662,5.37999920,16.92193334,4.64621484,14.75000224
4.99396610,15.74882889,1.23192871,1.05180176,2.28373047,5.37999936,16.91871206,4.66437685,14.75000066
5.00391817,15.74785519,1.22635742,1.05625732,2.28261475,5.37999940,16.91512358,4.68000073,14.74249103
5.01387596,15.74695873,1.22039307,1.09751221,2.31790527,5.37999950,16.91113777,4.68461725,14.70000039
5.02384138,15.74613190,1.21401367,1.09427979,2.30829346,5.37999948,16.90672676,4.70280990,14.70000241
5.03381348,15.74537468,1.20718262,1.09120605,2.29838867,5.37999941,16.90185426,4.72088635,14.70000051
5.04378986,15.74468517,1.19987549,1.08827881,2.28815430,5.37999945,16.89649438,4.73885008,14.70000215
5.05377150,15.74406147,1.19204346,1.08550049,2.27754395,5.37999976,16.89059655,4.75670101,14.70000189
5.06375599,15.74350166,1.18365479,1.08286377,2.26651855,5.37999933,16.88412811,4.77444152,14.70000226
5.07374477,15.74300480,1.17467041,1.08036621,2.25503662,5.37999943,16.87705007,4.79207667,14.70000228
5.08373499,15.74256802,1.16504883,1.07800293,2.24305176,5.37999944,16.86931829,4.80960575,14.70000219
5.09372807,15.74219036,1.15473389,1.07577148,2.23050537,5.37999972,16.86087660,4.82703209,14.70000153
5.10372210,15.74187183,1.14366699,1.07366943,2.21733643,5.37999938,16.85166690,4.84435422,14.70000122
5.11371946,15.74160767,1.13179932,1.07168945,2.20348877,5.37999970,16.84163700,4.86158137,14.70000089
5.12371826,15.74139881,1.11906006,1.06983154,2.18889160,5.37999983,16.83071755,4.87871077,14.70000024
5.13371754,15.74124336,1.10538086,1.13875244,2.24413330,5.37999952,16.81883885,4.88000027,14.63111514
5.14371729,15.74113941,1.09068604,1.16889648,2.25958252,5.37999962,16.80592425,4.89049172,14.60000144
5.15371799,15.74108601,1.08318604,1.16724121,2.25042725,5.38174615,16.79999832,4.90799486,14.60000216
5.16371775,15.74108219,1.08176514,1.16570313,2.24746826,5.38487794,16.79999857,4.92539696,14.60000075
5.17371798,15.74112606,1.08035400,1.21528809,2.29564209,5.38808359,16.79999909,4.93257852,14.55000188
5.18371630,15.74121571,1.07895264,1.21390625,2.29285889,5.39136030,16.79999938,4.95010053,14.55000111
5.19371557,15.74135113,1.07755859,1.21263184,2.29019043,5.39470872,16.79999851,4.96752770,14.55000104
5.20371389,15.74153042,1.07617676,1.23833496,2.31451172,5.39813245,16.79999998,4.98000037,14.52357078
5.21371222,15.74175262,1.07480225,1.26117676,2.33597900,5.40163053,16.79999959,4.99320820,14.50000189
5.22371006,15.74201679,1.07343750,1.26015869,2.33359619,5.40520473,16.79999960,5.01064494,14.50000109
5.23370552,15.74232101,1.07208252,1.25923828,2.33132080,5.40885284,16.79999972,5.02798236,14.50000106
5.24369955,15.74266529,1.07073486,1.30904785,2.37978271,5.41257756,16.79999837,5.03723444,14.45000206
5.25369310,15.74304676,1.06939941,1.30827393,2.37767334,5.41638303,16.79999854,5.05466271,14.45000093
5.26368284,15.74346638,1.06807373,1.30759277,2.37566650,5.42026539,16.80000007,5.07198615,14.45000153
5.27367258,15.74392223,1.06675537,1.30700195,2.37375732,5.42422609,16.80000021,5.08921255,14.45000236
5.28366089,15.74441433,1.06544434,1.30650146,2.37194580,5.42826696,16.79999976,5.10633764,14.45000234
5.29364824,15.74494076,1.04582520,1.30608643,2.35191162,5.42999987,16.78183931,5.12336452,14.45000244
5.30363274,15.74550056,1.01245117,1.35615234,2.36860352,5.43028422,16.74999887,5.13398632,14.40000088
5.31361485,15.74609184,1.01119873,1.35586670,2.36706543,5.43483063,16.74999897,5.15108255,14.40000210
5.32359552,15.74671650,1.00995117,1.35566650,2.36561768,5.43945659,16.74999986,5.16807418,14.40000025
5.33357477,15.74736977,1.00871094,1.35553955,2.36425049,5.44415864,16.75000074,5.18496847,14.40000068
5.34355116,15.74805355,1.00747314,1.35548828,2.36296143,5.44893917,16.74999945,5.20175857,14.40000182
5.35352468,15.74876595,1.00624268,1.35551270,2.36175537,5.45380274,16.74999948,5.21843980,14.40000107
5.36349726,15.74950600,1.00501709,1.35560547,2.36062256,5.45874548,16.74999940,5.23502281,14.40000225
5.37346792,15.75027370,1.00379639,1.35576904,2.35956543,5.46376777,16.75000027,5.25150520,14.40000153
5.38343573,15.75106621,1.00258057,1.35599609,2.35857666,5.46886913,16.75000013,5.26788655,14.40000222
5.39340210,15.75188446,1.00136719,1.40645264,2.40781982,5.47405137,16.74999863,5.28012759,14.35000079
5.40336752,15.75272846,1.00015869,1.40678955,2.40694824,5.47931569,16.74999939,5.29654137,14.35000075
5.41333055,15.75359535,0.94882568,1.40718750,2.35601318,5.48108470,16.69999881,5.31284552,14.35000021
5.42329073,15.75448513,0.94763916,1.40764404,2.35528320,5.48674258,16.69999762,5.32903796,14.35000009
5.43324709,15.75539875,0.94645508,1.40815918,2.35461426,5.49247900,16.69999851,5.34512040,14.34999995
5.44320393,15.75633430,0.94527100,1.40872803,2.35399902,5.49829699,16.69999847,5.36109927,14.35000092
5.45315838,15.75729179,0.94408691,1.40935059,2.35343750,5.50419560,16.69999819,5.37696906,14.35000207
5.46311092,15.75826931,0.94290527,1.46008789,2.40299316,5.51017624,16.69999918,5.39023033,14.30000152
5.47306013,15.75926495,0.94172363,1.46080078,2.40252441,5.51624455,16.69999786,5.40607251,14.30000096
5.48300791,15.76028061,0.94054199,1.46156250,2.40210449,5.52239870,16.69999744,5.42179628,14.30000037
5.49295521,15.76131439,0.93936279,1.46236816,2.40173096,5.52863736,16.69999925,5.43740644,14.30000161
5.50290060,15.76236534,0.93818115,1.46322021,2.40140137,5.53496150,16.69999848,5.45289729,14.29999983
5.51284218,15.76343346,0.93699951,1.46411133,2.40111084,5.54136967,16.69999857,5.46826646,14.30000090
5.52278376,15.76451683,0.93581787,1.41502441,2.35084229,5.54787397,16.69999830,5.48484553,14.35000108
5.53272295,15.76561642,0.93463623,1.41599854,2.35063477,5.55446704,16.69999967,5.49978009,14.35000114
5.54266071,15.76673126,0.93344971,1.41700928,2.35045898,5.56114865,16.69999786,5.51459538,14.34999994
5.55259705,15.76786327,0.93226074,1.26803223,2.20029297,5.56792016,16.69999805,5.53175502,14.50000239
5.56253195,15.76900673,0.93107178,1.26911377,2.20018555,5.57478562,16.69999787,5.54582937,14.50000287
5.57246447,15.77016449,0.87987793,1.27022705,2.15010498,5.58124876,16.64999858,5.55978310,14.50000073
5.58239651,15.77133465,0.87868652,1.27136230,2.15004883,5.58845684,16.65000027,5.57362788,14.50000258
5.59232616,15.77251720,0.87748779,1.22252441,2.10001221,5.59575061,16.64999830,5.58755519,14.55000212
5.60225296,15.77371025,0.87628906,1.22371094,2.10000000,5.60312834,16.64999890,5.60103052,14.54999990
5.61218071,15.77491474,0.87508545,1.22491699,2.10000244,5.61060016,16.64999878,5.61439312,14.54999972
5.62210751,15.77612877,0.87387939,1.22614014,2.10001953,5.61815906,16.64999926,5.62764757,14.55000113
5.63203239,15.77735424,0.87266846,1.22738525,2.10005371,5.62579911,16.65000049,5.64079934,14.55000022
5.64195585,15.77858829,0.82144775,1.22864502,2.05009277,5.63400530,16.59999756,5.65384755,14.55000084
5.65187931,15.77983284,0.82022461,1.22992188,2.05014648,5.64193439,16.59999717,5.66679165,14.55000136
5.66180134,15.78108501,0.81899902,1.23121338,2.05021240,5.64994534,16.59999822,5.67962463,14.55000065
5.67172194,15.78234482,0.81776855,1.18250977,2.00027832,5.65803084,16.59999873,5.69151953,14.60000083
5.68163919,15.78361130,0.81653320,1.18382324,2.00035645,5.66618722,16.59999830,5.70404172,14.60000002
5.69155884,15.78488445,0.81529297,1.18514648,2.00043945,5.67441926,16.59999723,5.71647370,14.59999990
5.70147753,15.78616333,0.81405029,1.18647705,2.00052734,5.68272728,16.59999766,5.72880599,14.60000105
5.71139622,15.78744888,0.81280273,1.18781738,2.00062012,5.69110941,16.59999839,5.74104305,14.60000157
5.72131252,15.78873920,0.81155029,1.18916504,2.00071533,5.69955850,16.59999791,5.75318871,14.60000143
5.73122787,15.79003525,0.81029297,1.19052002,2.00081299,5.70807554,16.59999738,5.76524436,14.60000131
5.74114370,15.79133511,0.80903320,1.19187988,2.00091309,5.71666027,16.59999777,5.77721307,14.60000111
5.75105858,15.79263783,0.80777100,1.14321777,1.95098877,5.72531154,16.59999837,5.78749771,14.65000095
5.76097059,15.79394341,0.75647705,1.14458008,1.90105713,5.73570057,16.54999824,5.79920516,14.65000216
5.77088547,15.79525280,0.75520508,1.14594727,1.90115234,5.74455644,16.54999878,5.81083710,14.65000216
5.78079891,15.79656315,0.75393066,1.14731689,1.90124756,5.75346898,16.54999833,5.82238907,14.65000027
5.79071236,15.79787540,0.75265381,1.14868408,1.90133789,5.76243857,16.54999801,5.83386321,14.65000204
5.80062580,15.79919052,0.75137451,1.15005615,1.90143066,5.77146374,16.54999890,5.84526134,14.65000089
5.81053972,15.80050564,0.75009277,1.15142578,1.90151855,5.78054504,16.54999846,5.85658290,14.65000081
5.82045269,15.80181980,0.74881104,1.15279297,1.90160400,5.78968128,16.54999830,5.86782521,14.65000062
5.83036518,15.80313492,0.74752686,1.15415771,1.90168457,5.79886881,16.54999793,5.87899458,14.65000215
5.84027958,15.80444813,0.74624512,1.15552002,1.90176514,5.80810813,16.54999945,5.89009531,14.65000241
5.85019064,15.80576038,0.74496094,1.15687988,1.90184082,5.81739391,16.54999906,5.90112201,14.65000213
5.86010551,15.80707169,0.74367676,1.15823730,1.90191406,5.82673077,16.54999915,5.91208492,14.65000137
5.87001991,15.80838108,0.74239258,1.15958984,1.90198242,5.83611416,16.54999902,5.92297944,14.65000120
5.87993479,15.80968761,0.74111084,1.11088379,1.85199463,5.84554255,16.55000002,5.93148683,14.70000064
5.88985014,15.81099033,0.73982910,1.11222168,1.85205078,5.85501897,16.54999905,5.94221356,14.70000198
5.89976645,15.81229019,0.73854980,1.11355713,1.85210693,5.86454000,16.54999942,5.95287953,14.70000046
5.90968227,15.81358528,0.73727295,1.11488281,1.85215576,5.87410193,16.54999920,5.96348584,14.70000148
5.91959906,15.81487560,0.73599854,1.11620117,1.85219971,5.88370526,16.54999834,5.97403489,14.70000265
5.92951441,15.81616020,0.73472900,1.11751465,1.85224365,5.89334724,16.54999849,5.98452427,14.70000032
5.93943214,15.81744003,0.73346191,1.11881836,1.85228027,5.90302951,16.54999804,5.99496051,14.70000049
5.94935083,15.81871414,0.73219971,1.12011230,1.85231201,5.91275033,16.54999853,6.00534195,14.70000208
5.95926952,15.81998158,0.73094238,1.12139893,1.85234131,5.92250681,16.54999889,6.01567024,14.70000188
5.96919012,15.82124138,0.72968994,1.12267578,1.85236572,5.93230103,16.54999827,6.02594640,14.70000116
5.97911263,15.82249355,0.72844482,1.12394043,1.85238525,5.94213130,16.54999906,6.03617228,14.70000243
5.98903418,15.82373810,0.72720459,1.12519775,1.85240234,5.95199399,16.54999877,6.04634616,14.70000086
5.99895859,15.82497311,0.72597168,1.12644043,1.85241211,5.96189163,16.54999788,6.05647283,14.70000192
6.00888157,15.82619953,0.72474854,1.12767334,1.85242188,5.97182032,16.54999986,6.06654706,14.70000155
6.01880789,15.82741642,0.72353027,1.12889404,1.85242432,5.98178215,16.54999870,6.07657760,14.70000149
6.02873516,15.82862377,0.72232178,1.08003662,1.80235840,5.99177432,16.54999931,6.08400009,14.75000199
6.03866291,15.82982159,0.72112061,1.08123291,1.80235352,6.00179608,16.54999916,6.09394026,14.75000263
6.04859257,15.83100605,0.71993164,1.08241455,1.80234619,6.01184668,16.54999935,6.10383987,14.75000229
6.05852365,15.83217812,0.71875244,1.08358154,1.80233398,6.02192569,16.54999821,6.11369826,14.75000217
6.06845617,15.83333874,0.71758545,1.08473633,1.80232178,6.03203217,16.54999917,6.12351642,14.75000071
6.07839108,15.83448696,0.71642822,1.08587402,1.80230225,6.04216575,16.54999879,6.13329697,14.75000190
6.08832598,15.83562183,0.71528320,1.08699707,1.80228027,6.05232344,16.54999842,6.14303808,14.75000252
6.09826088,15.83674240,0.71415283,1.08810547,1.80225830,6.06250500,16.54999954,6.15273965,14.75000164
6.10820007,15.83784962,0.71303223,1.08919678,1.80222900,6.07271354,16.54999823,6.16240774,14.75000262
6.11813974,15.83894253,0.71192627,1.09027344,1.80219971,6.08294420,16.54999826,6.17203966,14.75000226
6.12808180,15.84001923,0.71083740,1.09133301,1.80217041,6.09319872,16.55000018,6.18163701,14.75000111
6.13802671,15.84107780,0.70976318,1.09237061,1.80213379,6.10347661,16.54999954,6.19120152,14.75000224
6.14797306,15.84212017,0.70870361,1.09339111,1.80209473,6.11377567,16.54999821,6.20073295,14.75000276
6.15792131,15.84314537,0.70766357,1.09439453,1.80205811,6.12409574,16.55000010,6.21023222,14.75000171
6.16787004,15.84415340,0.75669189,1.09537842,1.85207031,6.13206694,16.59999783,6.21969821,14.75000178
6.17782021,15.84514236,0.75568359,1.09634277,1.85202637,6.14245084,16.59999781,6.22913393,14.75000106
6.18777323,15.84611320,0.75469238,1.09728760,1.85197998,6.15285674,16.59999742,6.23854017,14.75000065
6.19772768,15.84706497,0.75372070,1.09821045,1.85193115,6.16328193,16.59999818,6.24791694,14.75000194
6.20768452,15.84799671,0.75276855,1.09911377,1.85188232,6.17372659,16.59999891,6.25726633,14.75000189
6.21764374,15.84890652,0.75183594,1.09999512,1.85183105,6.18419109,16.59999789,6.26658760,14.75000076
6.22760439,15.84979439,0.75092529,1.10085205,1.85177734,6.19467255,16.59999723,6.27588228,14.75000144
6.23756647,15.85065937,0.75003906,1.05164063,1.80167969,6.20517119,16.59999852,6.28298836,14.80000011
6.24753094,15.85150051,0.74917480,1.05245117,1.80162598,6.21568698,16.59999827,6.29226577,14.80000047
6.25749588,15.85231876,0.74833252,1.05323730,1.80156982,6.22621803,16.59999730,6.30151776,14.80000191
6.26746416,15.85311413,0.74751465,1.05400146,1.80151611,6.23676671,16.59999818,6.31074781,14.80000180
6.27743435,15.85388374,0.74672119,1.05474121,1.80146240,6.24733090,16.59999789,6.31995537,14.79999998
6.28740644,15.85462761,0.74595459,1.05545166,1.80140625,6.25790979,16.59999881,6.32914128,14.80000139
6.29737997,15.85534763,0.74520996,1.05614014,1.80135010,6.26850315,16.59999788,6.33830531,14.80000074
6.30735540,15.85604286,0.74449219,1.05680176,1.80129395,6.27911019,16.59999904,6.34744930,14.80000196
6.31733322,15.85671234,0.74379883,1.05743896,1.80123779,6.28973183,16.59999889,6.35657339,14.80000167
6.32731295,15.85735798,0.74312988,1.05805176,1.80118164,6.30036587,16.59999912,6.36567959,14.80000208
6.33729410,15.85797596,0.74248779,1.05863770,1.80112549,6.31101248,16.59999849,6.37476639,14.80000163
6.34727430,15.85856915,0.74187012,1.00916992,1.75104004,6.32166869,16.59999721,6.38210575,14.85000056
6.35725880,15.85913754,0.74127930,1.00970703,1.75098633,6.33233864,16.59999784,6.39120290,14.85000122
6.36724424,15.85968113,0.74071289,1.01021973,1.75093262,6.34301983,16.59999777,6.40028265,14.85000182
6.37723064,15.86020088,0.74017090,1.01071045,1.75088135,6.35371089,16.59999802,6.40934709,14.85000081
6.38721800,15.86069584,0.73965332,1.01117676,1.75083008,6.36441183,16.59999748,6.41839621,14.84999986
6.39720678,15.86116695,0.73916016,1.01161865,1.75077881,6.37512285,16.59999712,6.42743098,14.84999993
6.40719700,15.86161327,0.73869385,1.01203613,1.75072998,6.38584357,16.59999843,6.43645194,14.85000006
6.41718817,15.86203575,0.73824951,1.01242920,1.75067871,6.39657264,16.59999735,6.44546012,14.85000139
6.42717791,15.86243439,0.73783203,1.01280029,1.75063232,6.40730831,16.59999881,6.45445232,14.85000143
6.43717146,15.86280823,0.73743896,1.01314697,1.75058594,6.41805558,16.59999938,6.46343423,14.85000172
6.44716501,15.86315823,0.73706787,1.01347168,1.75053955,6.42881006,16.59999756,6.47240315,14.85000079
6.45716047,15.86348534,0.78673828,1.01377197,1.80051025,6.43837891,16.64999942,6.48136194,14.85000226
6.46715593,15.86378765,0.78641602,1.01405029,1.80046631,6.44919930,16.64999864,6.49031026,14.85000173
6.47715282,15.86406517,0.78612061,1.01430420,1.80042480,6.46002822,16.64999924,6.49924811,14.85000165
6.48715019,15.86431980,0.78584717,1.01453613,1.80038330,6.47086374,16.64999816,6.50817615,14.85000161
6.49714804,15.86455059,0.78560059,1.01474609,1.80034668,6.48170511,16.64999937,6.51709539,14.85000058
6.50714493,15.86475945,0.78537598,1.01493408,1.80031006,6.49255178,16.64999981,6.52600352,14.85000062
6.51714277,15.86494446,0.78517578,0.96509033,1.75026611,6.50340345,16.65000001,6.53403031,14.90000190
6.52714157,15.86510563,0.78500000,0.96523438,1.75023438,6.51426169,16.64999998,6.54297864,14.90000116
6.53714180,15.86524487,0.78484619,0.96535645,1.75020264,6.52512634,16.64999909,6.55192075,14.90000154
6.54714155,15.86536121,0.78471680,0.96545654,1.75017334,6.53599550,16.64999882,6.56085481,14.90000210
6.55714083,15.86545467,0.78461182,0.96553711,1.75014893,6.54686739,16.64999924,6.56978324,14.90000032
6.56714010,15.86552620,0.78452881,0.96559326,1.75012207,6.55774371,16.64999875,6.57870513,14.90000217
6.57714081,15.86557579,0.78447021,0.96563232,1.75010254,6.56862478,16.64999976,6.58762348,14.90000039
6.58714008,15.86560249,0.78443359,0.96564697,1.75008057,6.57950750,16.64999896,6.59653589,14.90000122
6.59713745,15.86560822,0.78441895,0.96564209,1.75006104,6.59039106,16.64999813,6.60544245,14.90000187
6.60713720,15.86559105,0.78443115,0.96561768,1.75004883,6.60127979,16.65000032,6.61434755,14.90000031
6.61713743,15.86555195,0.78446289,0.96556885,1.75003174,6.61217117,16.64999913,6.62325023,14.90000244
6.62713814,15.86549187,0.78451904,0.96550293,1.75002197,6.62306561,16.65000034,6.63215017,14.90000194
6.63713789,15.86540985,0.83459473,0.96541748,1.80001221,6.63375817,16.69999771,6.64104738,14.90000031
6.64713812,15.86530685,0.83469482,0.96531006,1.80000488,6.64471326,16.69999820,6.64994243,14.90000082
6.65713787,15.86518288,0.83481689,0.96518311,1.80000000,6.65566924,16.69999848,6.65883584,14.90000127
6.66713715,15.86503696,0.83496094,0.96503662,1.79999756,6.66662540,16.69999775,6.66772861,14.90000052
6.67713356,15.86487103,0.83512695,0.96487061,1.79999756,6.67757942,16.69999783,6.67661843,14.90000059
6.68713188,15.86468410,0.83531494,0.91468506,1.75000000,6.68853613,16.69999785,6.68559421,14.95000035
6.69712925,15.86447716,0.83552490,0.91447998,1.75000488,6.69949194,16.69999872,6.69454329,14.95000083
6.70712614,15.86424923,0.83575684,0.91425537,1.75001221,6.71044781,16.69999944,6.70349248,14.95000111
6.71712351,15.86400223,0.83600830,0.91401367,1.75002197,6.72140353,16.69999957,6.71244413,14.95000054
6.72712040,15.86373425,0.83628174,0.91375000,1.75003174,6.73235864,16.69999958,6.72139692,14.95000216
6.73711681,15.86344624,0.83657471,0.91346924,1.75004395,6.74331238,16.69999801,6.73035177,14.95000204
6.74711227,15.86314011,0.83688965,0.91317139,1.75006104,6.75426396,16.69999923,6.73930872,14.95000203
6.75710583,15.86281395,0.83722412,0.91285645,1.75008057,6.76521165,16.69999885,6.74826775,14.95000027
6.76709938,15.86246872,0.83757813,0.91251953,1.75009766,6.77615825,16.69999787,6.75722998,14.95000255
6.77709246,15.86210537,0.88795654,0.91216797,1.80012451,6.78769944,16.74999856,6.76619626,14.95000248
6.78708553,15.86172199,0.88835449,0.91179932,1.80015381,6.79869747,16.75000055,6.77516714,14.95000061
6.79707766,15.86132050,0.88876953,0.91141113,1.80018066,6.80969219,16.75000050,6.78414176,14.95000117
6.80706930,15.86090088,0.88920410,0.91100586,1.80020996,6.82068374,16.75000078,6.79312106,14.95000177
6.81705999,15.86046410,0.88965576,0.91058594,1.80024170,6.83166995,16.74999991,6.80210632,14.95000093
6.82704973,15.86000824,0.89012939,0.91014648,1.80027588,6.84265179,16.75000086,6.81109682,14.95000161
6.83703899,15.85953522,0.89062012,0.90969238,1.80031250,6.85362889,16.75000075,6.82009383,14.95000073
6.84702635,15.85904408,0.89112793,0.85920898,1.75033691,6.86460026,16.74999869,6.83008191,15.00000220
6.85701323,15.85853672,0.89165527,0.85872070,1.75037598,6.87556659,16.74999896,6.83914516,15.00000192
6.86699963,15.85801125,0.89220215,0.85821533,1.75041748,6.88652749,16.74999967,6.84821564,15.00000150
6.87698460,15.85746956,0.89276611,0.85769287,1.75045898,6.89748201,16.75000036,6.85729245,15.00000275
6.88696957,15.85691166,0.89334473,0.85715820,1.75050293,6.90843025,16.74999861,6.86637818,15.00000079
6.89695263,15.85633659,0.89394531,0.85660400,1.75054932,6.91937143,16.75000073,6.87547029,15.00000202
6.90693474,15.85574532,0.94457520,0.85603516,1.80061035,6.93161166,16.79999813,6.88457091,15.00000232
6.91691685,15.85513878,0.94520996,0.85545166,1.80066162,6.94259116,16.80000000,6.89368060,15.00000274
6.92689610,15.85451603,0.94585938,0.85485352,1.80071289,6.95355942,16.79999953,6.90279819,15.00000222
6.93687630,15.85387802,0.94652588,0.85424072,1.80076660,6.96452172,16.80000012,6.91192627,15.00000171
6.94685459,15.85322475,0.94720703,0.85361328,1.80082031,6.97547384,16.79999932,6.92106322,15.00000121
6.95683289,15.85255718,0.94790283,0.85297119,1.80087402,6.98641812,16.79999819,6.93021059,15.00000157
6.96680975,15.85187340,0.94861816,0.85231445,1.80093262,6.99735152,16.79999976,6.93936858,15.00000082
6.97678661,15.85117626,0.94934570,0.85164307,1.80098877,7.00827572,16.79999957,6.94853823,15.00000183
6.98676062,15.85046387,0.95008789,0.85095703,1.80104492,7.01918791,16.79999820,6.95771674,15.00000263
6.99673510,15.84973812,0.95084717,0.85025879,1.80110596,7.03009025,16.80000006,6.96690852,15.00000265
7.00670671,15.84899902,0.95161621,0.84954834,1.80116455,7.04097999,16.79999783,6.97610950,15.00000187
7.01667833,15.84824657,0.95240234,0.84882324,1.80122559,7.05185893,16.79999893,6.98532383,15.00000263
7.02664804,15.84748077,0.95320068,0.84808594,1.80128662,7.06272500,16.79999854,6.99454950,15.00000245
7.03661823,15.84670067,0.95401367,0.84733398,1.80134766,7.07358113,16.79999803,7.00378860,15.00000290
7.04658699,15.84590912,1.00487793,0.84657227,1.85145020,7.08640542,16.84999787,7.01304145,15.00000171
7.05655384,15.84510422,1.00571777,0.84579590,1.85151367,7.09727560,16.84999720,7.02230736,15.00000196
7.06652117,15.84428692,1.00657227,0.84500732,1.85157959,7.10813378,16.84999866,7.03158779,15.00000200
7.07648754,15.84345818,1.00743652,0.84420654,1.85164307,7.11897737,16.84999830,7.04088213,15.00000279
7.08645296,15.84261799,1.00831299,0.84339600,1.85170898,7.12980549,16.84999852,7.05019106,15.00000194
7.09641504,15.84176636,1.00919922,0.84257324,1.85177246,7.14061518,16.84999723,7.05951266,15.00000158
7.10637856,15.84090233,1.01010010,0.84173828,1.85183838,7.15141189,16.84999806,7.06885130,15.00000101
7.11633968,15.84002876,1.01101074,0.79084229,1.80185303,7.16219110,16.84999928,7.08047336,15.05000017
7.12630033,15.83914375,1.01193115,0.78998291,1.80191406,7.17295324,16.84999887,7.08987988,15.05000087
7.13626003,15.83824825,1.06291748,0.78911377,1.85203125,7.18604176,16.89999931,7.09930190,15.05000044
7.14621973,15.83734322,1.06385986,0.78823486,1.85209473,7.19680509,16.89999973,7.10874003,15.04999994
7.15617752,15.83642864,1.06480957,0.78734375,1.85215332,7.20754786,16.89999831,7.11819316,15.05000170
7.16613483,15.83550358,1.06577148,0.78644531,1.85221680,7.21827114,16.89999910,7.12766284,15.04999981
7.17608881,15.83456993,1.06674072,0.78553467,1.85227539,7.22897236,16.89999901,7.13714602,15.05000114
7.18604469,15.83362675,1.06771973,0.78461426,1.85233398,7.23965529,16.89999977,7.14664892,15.05000212
7.19599915,15.83267498,1.06870605,0.78368652,1.85239258,7.25031644,16.89999977,7.15616805,15.05000135
7.20595217,15.83171558,1.06969971,0.78274902,1.85244873,7.26095578,16.90000016,7.16570346,15.05000208
7.21590567,15.83074665,1.07070068,0.78180420,1.85250488,7.27157319,16.89999929,7.17525835,15.04999979
7.22585821,15.82977104,1.12177734,0.78084961,1.90262695,7.28479887,16.94999890,7.18483065,15.05000000
7.23580980,15.82878780,1.12279297,0.77988525,1.90267822,7.29539619,16.94999856,7.19442145,15.05000154
7.24576092,15.82779694,1.12381592,0.77891357,1.90272949,7.30596779,16.94999893,7.20403171,15.05000197
7.25570917,15.82679939,1.12484375,0.77793701,1.90278076,7.31651212,16.94999857,7.21365812,15.04999976
7.26565790,15.82579422,1.12587891,0.77694824,1.90282715,7.32703305,16.94999899,7.22330405,15.05000127
7.27560711,15.82478333,1.12691650,0.77595459,1.90287109,7.33752714,16.94999735,7.23297118,15.05000100
7.28555536,15.82376671,1.12796143,0.77495361,1.90291504,7.34799368,16.94999866,7.24265780,15.05000131
7.29550409,15.82274342,1.12901123,0.77394531,1.90295654,7.35843493,16.94999941,7.25236455,15.05000133
7.30545187,15.82171440,1.13006348,0.77292969,1.90299316,7.36884876,16.94999824,7.26209029,15.05000193
7.31539822,15.82068062,1.13112061,0.77190918,1.90302979,7.37923371,16.94999848,7.27183504,15.05000168
7.32534504,15.81964207,1.13218018,0.77088379,1.90306396,7.38959255,16.94999790,7.28159991,15.05000044
7.33528996,15.81859875,1.13324463,0.76985107,1.90309570,7.39992080,16.94999888,7.29138405,15.05000070
7.34523344,15.81755066,1.13431152,0.76881348,1.90312500,7.41022032,16.94999898,7.30118664,15.05000002
7.35517740,15.81649971,1.13537842,0.76777100,1.90314941,7.42049177,16.94999795,7.31101021,15.05000014
7.36512232,15.81544399,1.18653564,0.76672119,1.95325684,7.43362914,17.00000031,7.32085426,15.05000181
7.37506628,15.81438446,1.18760986,0.71558594,1.90319580,7.44385558,17.00000039,7.33361777,15.09999995
7.38500929,15.81332207,1.18868408,0.71452637,1.90321045,7.45405266,16.99999929,7.34350684,15.10000204
7.39495325,15.81225777,1.18976074,0.71346680,1.90322754,7.46422351,17.00000026,7.35341378,15.10000126
7.40489674,15.81118965,1.19083740,0.71240234,1.90323975,7.47436538,16.99999903,7.36333806,15.10000055
7.41483974,15.81012058,1.19191650,0.71133545,1.90325195,7.48448051,17.00000083,7.37327815,15.10000037
7.42478037,15.80904961,1.19299316,0.71026367,1.90325684,7.49456613,16.99999991,7.38323253,15.10000218
7.43472290,15.80797577,1.19407227,0.70919189,1.90326416,7.50462681,17.00000005,7.39320508,15.10000023
7.44466448,15.80690098,1.19515137,0.70811523,1.90326660,7.51465991,17.00000087,7.40319288,15.10000122
7.45460701,15.80582523,1.19622803,0.70703857,1.90326660,7.52466952,16.99999973,7.41319609,15.10000041
7.46454954,15.80474949,1.24739014,0.70595947,1.95334961,7.53758548,17.04999960,7.42321491,15.10000116
7.47449255,15.80367279,1.24846436,0.70488037,1.95334473,7.54754104,17.04999826,7.43324953,15.10000003
7.48443556,15.80259609,1.24953857,0.70379883,1.95333740,7.55747156,17.04999833,7.44329825,15.10000055
7.49437809,15.80152035,1.25061035,0.70271729,1.95332764,7.56737517,17.04999849,7.45336107,15.10000115
7.50431728,15.80044365,1.25168213,0.70163574,1.95331787,7.57725212,17.04999906,7.46343335,15.10000005
7.51425982,15.79936981,1.25274902,0.70055420,1.95330322,7.58710691,17.04999904,7.47352273,15.10000103
7.52420139,15.79829597,1.25381348,0.69947266,1.95328613,7.59693596,17.04999802,7.48362451,15.10000124
7.53414440,15.79722309,1.25487793,0.69839111,1.95326904,7.60674348,17.04999916,7.49374003,15.10000175
7.54408646,15.79615307,1.25593750,0.69731201,1.95324951,7.61652617,17.04999974,7.50386703,15.10000191
7.55402994,15.79508495,1.25699219,0.69623535,1.95322754,7.62628688,17.04999864,7.51400755,15.10000086
7.56397343,15.79401875,1.25804443,0.69515869,1.95320313,7.63602549,17.04999808,7.52415956,15.10000117
7.57391691,15.79295540,1.25909424,0.69408447,1.95317871,7.64574145,17.04999933,7.53432313,15.10000117
7.58386040,15.79189587,1.26013672,0.69301270,1.95314941,7.65543547,17.04999823,7.54449766,15.10000197
7.59380198,15.79083920,1.26117676,0.69194580,1.95312256,7.66510708,17.04999864,7.55468036,15.10000020
7.60374737,15.78978634,1.26221191,0.69087891,1.95309082,7.67475953,17.04999907,7.56487846,15.10000170
7.61369181,15.78873730,1.31332031,0.68981689,2.00313721,7.68719366,17.09999916,7.57508522,15.10000160
7.62363815,15.78769302,1.31434326,0.63868164,1.95302490,7.69679126,17.09999895,7.58809071,15.15000139
7.63358355,15.78665352,1.31535889,0.63762939,1.95298828,7.70636684,17.09999709,7.59830134,15.15000106
7.64352942,15.78561878,1.31637207,0.63657959,1.95295166,7.71592264,17.09999878,7.60852104,15.15000253
7.65347672,15.78458881,1.31737793,0.63553711,1.95291504,7.72546058,17.09999867,7.61874984,15.15000115
7.66342497,15.78356552,1.31837646,0.63449951,1.95287598,7.73497945,17.09999875,7.62898770,15.15000124
7.67337036,15.78254795,1.31936768,0.63346680,1.95283447,7.74447608,17.09999814,7.63923044,15.15000180
7.68331957,15.78153610,1.32035400,0.63244141,1.95279541,7.75395790,17.09999920,7.64948424,15.15000043
7.69326925,15.78053093,1.32133057,0.63142090,1.95275146,7.76342251,17.09999786,7.65974530,15.15000060
7.70321941,15.77953243,1.32230225,0.63040527,1.95270752,7.77286947,17.09999907,7.67001387,15.15000228
7.71316957,15.77854156,1.32326416,0.62939941,1.95266357,7.78229934,17.09999875,7.68028859,15.15000162
7.72312117,15.77755833,1.32421875,0.62840088,1.95261963,7.79171422,17.09999935,7.69057070,15.15000106
7.73307323,15.77658272,1.32516357,0.62740967,1.95257324,7.80111179,17.09999849,7.70085982,15.15000056
7.74302721,15.77561474,1.32610107,0.62642578,1.95252686,7.81049667,17.09999831,7.71115588,15.15000027
7.75297976,15.77465630,1.32702881,0.62544922,1.95247803,7.81986352,17.09999852,7.72145640,15.15000199
7.76293468,15.77370644,1.32794678,0.62448242,1.95242920,7.82921862,17.09999791,7.73176389,15.15000244
7.77289009,15.77276516,1.32885742,0.62352539,1.95238281,7.83856086,17.09999886,7.74207611,15.15000165
7.78284645,15.77183342,1.32975586,0.62257813,1.95233398,7.84788792,17.09999767,7.75239470,15.15000047
7.79280376,15.77091217,1.33064453,0.62163818,1.95228271,7.85720304,17.09999742,7.76271831,15.15000244
7.80276251,15.76999950,1.33152588,0.62071045,1.95223633,7.86650683,17.09999864,7.77304715,15.15000077
7.81272173,15.76909828,1.33239502,0.61979248,1.95218750,7.87579874,17.09999939,7.78338009,15.15000073
7.82268238,15.76820850,1.33324951,0.61888428,1.95213379,7.88507955,17.09999716,7.79371809,15.15000235
7.83264303,15.76732922,1.33409668,0.61798828,1.95208496,7.89434944,17.09999806,7.80405902,15.15000234
7.84260368,15.76646042,1.33493164,0.61710449,1.95203613,7.90360695,17.09999747,7.81440345,15.15000061
7.85256672,15.76560402,1.33575684,0.61623047,1.95198730,7.91285775,17.09999948,7.82475240,15.15000160
7.86253119,15.76476002,1.33656738,0.56531982,1.90188721,7.92209807,17.09999937,7.83733654,15.20000190
7.87249613,15.76392746,1.38741455,0.56447266,1.95188721,7.93353210,17.14999877,7.84766351,15.20000130
7.88246393,15.76310825,1.38820068,0.56363770,1.95183838,7.94272964,17.15000010,7.85799483,15.20000197
7.89243126,15.76230145,1.38897217,0.56281738,1.95178955,7.95191640,17.14999924,7.86832763,15.20000044
7.90239954,15.76150799,1.38973145,0.56200684,1.95173828,7.96109601,17.14999932,7.87866271,15.20000265
7.91236830,15.76072693,1.39047852,0.56121338,1.95169189,7.97026929,17.14999939,7.88899878,15.20000033
7.92233801,15.75996113,1.39121094,0.56043213,1.95164307,7.97943593,17.14999987,7.89933682,15.20000120
7.93231058,15.75920868,1.39192871,0.55966553,1.95159424,7.98859858,17.14999886,7.90967835,15.20000093
7.94228268,15.75847149,1.39263184,0.55891357,1.95154541,7.99775452,17.14999808,7.92001982,15.20000149
7.95225620,15.75774765,1.39332275,0.55817627,1.95149902,8.00690720,17.14999816,7.93036258,15.20000093
7.96223068,15.75704002,1.39399902,0.55745361,1.95145264,8.01605527,17.14999961,7.94070648,15.20000208
7.97220707,15.75634766,1.39465820,0.55674805,1.95140625,8.02520108,17.14999868,7.95105184,15.20000168
7.98218489,15.75567055,1.39530518,0.55605713,1.95136230,8.03434360,17.15000051,7.96139859,15.20000206
7.99216223,15.75500965,1.39593262,0.55538330,1.95131592,8.04348339,17.14999848,7.97174368,15.20000184
8.00214005,15.75436401,1.39654785,0.55472412,1.95127197,8.05262171,17.14999921,7.98208817,15.20000241
8.01212120,15.75373554,1.39714600,0.55408447,1.95123047,8.06176051,17.14999947,7.99243509,15.20000088
8.02210331,15.75312424,1.39772705,0.55345947,1.95118652,8.07089952,17.14999927,8.00278142,15.20000214
8.03208542,15.75252914,1.39829346,0.55285400,1.95114746,8.08003657,17.15000015,8.01312660,15.20000032
8.04206944,15.75195217,1.39884033,0.55226318,1.95110352,8.08917677,17.14999908,8.02347143,15.20000223
8.05205441,15.75139332,1.39937012,0.55169434,1.95106445,8.09831656,17.14999849,8.03381579,15.20000056
8.06204033,15.75085163,1.39988525,0.55114014,1.95102539,8.10745953,17.14999986,8.04415862,15.20000166
8.07202816,15.75032806,1.40038086,0.55060547,1.95098633,8.11660572,17.14999927,8.05450104,15.20000162
8.08201599,15.74982357,1.40085938,0.55009033,1.95094971,8.12575474,17.15000002,8.06484063,15.20000141
8.09200287,15.74933815,1.40131836,0.54959473,1.95091309,8.13490560,17.14999958,8.07517649,15.20000107
8.10199261,15.74887180,1.40175781,0.54911865,1.95087646,8.14406212,17.14999822,8.08551248,15.20000049
8.11198235,15.74842453,1.40218262,0.54865967,1.95084229,8.15322362,17.15000055,8.09584506,15.20000222
8.12197399,15.74799728,1.40258545,0.54822266,1.95080811,8.16239123,17.15000029,8.10617627,15.20000229
8.13196564,15.74758911,1.40296875,0.54780518,1.95077393,8.17156443,17.14999892,8.11650384,15.20000218
8.14195919,15.74720097,1.40333496,0.54740967,1.95074463,8.18074596,17.14999976,8.12682934,15.20000044
8.15195274,15.74683380,1.40367920,0.54703369,1.95071289,8.18993449,17.14999904,8.13715072,15.20000041
8.16194630,15.74648857,1.40400391,0.54667969,1.95068359,8.19913012,17.14999999,8.14746796,15.20000064
8.17193985,15.74616241,1.40430908,0.54634521,1.95065430,8.20833422,17.14999974,8.15778065,15.20000073
8.18193531,15.74585915,1.40459229,0.54603271,1.95062500,8.21754867,17.14999993,8.16809068,15.20000195
8.19193172,15.74557781,1.40485352,0.54574463,1.95059814,8.22677394,17.14999917,8.17839654,15.20000107
8.20192909,15.74531746,1.45510986,0.49546143,1.95057129,8.23722392,17.19999922,8.18991129,15.25000180
8.21192646,15.74507999,1.45532715,0.49521729,1.95054443,8.24644377,17.19999780,8.20018094,15.25000200
8.22192383,15.74486351,1.45552734,0.49499512,1.95052246,8.25567619,17.19999950,8.21044534,15.25000149
8.23192310,15.74466991,1.45570313,0.49479492,1.95049805,8.26492296,17.19999899,8.22070642,15.25000213
8.24192142,15.74450016,1.45585693,0.49461914,1.95047607,8.27418200,17.19999966,8.23096108,15.25000245
8.25191784,15.74435329,1.45598633,0.49446777,1.95045410,8.28345376,17.19999804,8.24120792,15.25000152
8.26191807,15.74422836,1.45609619,0.49433838,1.95043457,8.29274338,17.19999822,8.25145301,15.25000077
8.27191734,15.74412823,1.45618164,0.49423340,1.95041504,8.30204816,17.19999810,8.26169083,15.25000064
8.28191662,15.74405193,1.45624512,0.49415039,1.95039551,8.31136978,17.19999924,8.27192222,15.25000260
8.29191685,15.74399948,1.45628418,0.49409424,1.95037842,8.32070785,17.19999904,8.28214851,15.25000181
8.30191708,15.74397087,1.45629883,0.49406250,1.95036133,8.33006420,17.19999766,8.29236791,15.25000066
8.31191730,15.74396706,1.45629150,0.49405273,1.95034424,8.33943962,17.19999850,8.30258025,15.25000255
8.32191753,15.74398804,1.45625977,0.49406982,1.95032959,8.34883409,17.19999903,8.31278547,15.25000261
8.33191681,15.74403381,1.45620361,0.49411377,1.95031738,8.35824665,17.19999934,8.32298266,15.25000083
8.34191418,15.74410439,1.45612305,0.49417969,1.95030273,8.36767852,17.19999952,8.33317026,15.25000205
8.35191345,15.74420166,1.45601563,0.49427490,1.95029053,8.37713417,17.19999885,8.34335175,15.25000091
8.36191368,15.74432278,1.45588623,0.49439209,1.95027832,8.38661208,17.19999953,8.35352656,15.25000182
8.37191296,15.74446964,1.45572998,0.49453613,1.95026611,8.39611235,17.19999849,8.36369201,15.25000184
8.38191223,15.74464035,1.45555176,0.49470459,1.95025635,8.40563601,17.19999873,8.37384913,15.25000149
8.39191055,15.74483395,1.45535156,0.49489502,1.95024658,8.41518358,17.19999944,8.38399652,15.25000220
8.40190792,15.74505138,1.45512695,0.49510986,1.95023682,8.42475427,17.19999897,8.39413440,15.25000255
8.41190624,15.74528980,1.45488281,0.49534668,1.95022949,8.43435287,17.19999944,8.40426380,15.25000208
8.42190170,15.74555016,1.45461670,0.49560547,1.95022217,8.44397554,17.19999935,8.41438088,15.25000176
8.43189716,15.74583149,1.45432861,0.49588623,1.95021484,8.45362446,17.19999783,8.42448875,15.25000059
8.44189262,15.74613380,1.45402344,0.49618652,1.95020996,8.46330175,17.19999968,8.43458674,15.25000105
8.45188713,15.74645424,1.45369873,0.49650391,1.95020264,8.47300715,17.19999960,8.44467369,15.25000271
8.46188164,15.74679375,1.45335449,0.49684326,1.95019775,8.48274229,17.19999855,8.45475022,15.25000166
8.47187519,15.74715233,1.45299316,0.49719971,1.95019287,8.49250691,17.19999904,8.46481522,15.25000273
8.48186874,15.74752808,1.45261475,0.49757568,1.95019043,8.50230197,17.19999910,8.47486959,15.25000162
8.49186230,15.74792194,1.45221680,0.49796875,1.95018555,8.51213019,17.19999730,8.48491239,15.25000169
8.50185299,15.74833107,1.45180664,0.49837646,1.95018311,8.52198601,17.19999813,8.49494172,15.25000252
8.51184368,15.74875641,1.45137939,0.49880127,1.95018066,8.53187707,17.19999756,8.50495873,15.25000265
8.52183342,15.74919701,1.45093994,0.49924316,1.95018311,8.54180038,17.19999953,8.51496314,15.25000113
8.53182411,15.74965191,1.45048340,0.49969727,1.95018066,8.55175842,17.19999828,8.52495666,15.25000185
8.54181290,15.75012112,1.45001465,0.50016602,1.95018066,8.56175186,17.19999869,8.53493518,15.25000238
8.55180168,15.75060368,1.44953369,0.50064941,1.95018311,8.57178048,17.19999965,8.54490127,15.25000183
8.56179047,15.75109863,1.44903809,0.50114502,1.95018311,8.58184561,17.19999792,8.55485446,15.25000162
8.57177734,15.75160694,1.44853271,0.50165283,1.95018555,8.59194675,17.19999918,8.56479232,15.25000276
8.58176422,15.75212574,1.44801514,0.50217285,1.95018799,8.60208712,17.19999821,8.57471622,15.25000237
8.59175014,15.75265503,1.44748779,0.50270264,1.95019043,8.61226438,17.19999745,8.58462569,15.25000288
8.60173607,15.75319672,1.44695068,0.50324707,1.95019775,8.62248152,17.19999871,8.59452083,15.25000136
8.61172104,15.75374699,1.44640381,0.50379883,1.95020264,8.63273824,17.19999811,8.60440051,15.25000134
8.62170601,15.75430679,1.44584961,0.50436035,1.95020996,8.64303687,17.19999913,8.61426510,15.25000131
8.63168907,15.75487518,1.44528564,0.50492920,1.95021484,8.65337540,17.19999810,8.62411267,15.25000284
8.64167309,15.75545216,1.44471436,0.50551025,1.95022461,8.66375740,17.19999773,8.63394571,15.25000096
8.65165615,15.75603580,1.44413818,0.50609619,1.95023438,8.67418097,17.19999830,8.64376236,15.25000118
8.66164017,15.75662613,1.39354980,0.50668945,1.90023926,8.68385292,17.14999893,8.65356369,15.25000103
8.67162132,15.75722408,1.39296143,0.50729004,1.90025146,8.69434488,17.15000011,8.66334584,15.25000156
8.68160343,15.75782776,1.39236572,0.50789795,1.90026367,8.70488131,17.14999887,8.67311228,15.25000080
8.69158459,15.75843620,1.39176758,0.50850830,1.90027588,8.71546100,17.14999905,8.68286089,15.25000271
8.70156574,15.75904942,1.39116699,0.50912598,1.90029297,8.72608618,17.15000032,8.69259199,15.25000252
8.71154690,15.75966740,1.39056152,0.50974854,1.90031006,8.73675610,17.15000041,8.70230577,15.25000263
8.72152805,15.76028728,1.38995361,0.51037354,1.90032715,8.74747348,17.14999873,8.71200122,15.25000267
8.73150826,15.76091194,1.38934570,0.51100586,1.90035156,8.75823398,17.15000052,8.72167845,15.25000066
8.74148846,15.76153851,1.38873535,0.51163818,1.90037354,8.76903985,17.15000053,8.73133797,15.25000102
8.75146770,15.76216793,1.38812256,0.51227295,1.90039551,8.77989207,17.14999950,8.74097797,15.25000237
8.76144791,15.76279736,1.38751221,0.51291016,1.90042236,8.79079130,17.14999926,8.75060078,15.25000190
8.77142811,15.76342678,1.38690430,0.51354736,1.90045166,8.80173586,17.14999992,8.76020566,15.25000204
8.78140831,15.76405811,1.38629395,0.51418701,1.90048096,8.81272566,17.14999832,8.76979247,15.25000231
8.79138851,15.76468849,1.38568848,0.51482666,1.90051514,8.82376149,17.14999877,8.77936094,15.25000234
8.80136871,15.76531792,1.38508545,0.51546631,1.90055176,8.83484128,17.14999883,8.78891174,15.25000216
8.81134796,15.76594639,1.38448486,0.51610596,1.90059082,8.84596738,17.14999834,8.79844259,15.25000181
8.82132816,15.76657200,1.38389160,0.51674316,1.90063477,8.85713917,17.15000019,8.80795638,15.25000187
8.83130932,15.76719475,1.38330078,0.51737793,1.90067871,8.86835783,17.14999934,8.81745255,15.25000240
8.84128952,15.76781559,1.38271484,0.51801270,1.90072754,8.87961954,17.14999910,8.82692977,15.25000195
8.85126972,15.76843166,1.38213623,0.51864258,1.90077881,8.89092730,17.14999880,8.83638833,15.25000264
8.86125183,15.76904488,1.38156494,0.51927246,1.90083740,8.90228303,17.15000036,8.84582992,15.25000148
8.87123299,15.76965237,1.38099854,0.51989746,1.90089600,8.91368181,17.14999840,8.85525249,15.25000055
8.88121510,15.77025414,1.38044434,0.52051514,1.90095947,8.92512722,17.14999991,8.86465744,15.25000240
8.89119816,15.77085114,1.37989502,0.52113281,1.90102783,8.93661890,17.14999835,8.87404451,15.25000074
8.90118027,15.77144146,1.37935791,0.52174316,1.90110107,8.94815529,17.14999924,8.88341193,15.25000094
8.91116333,15.77202415,1.37883057,0.52234619,1.90117676,8.95973626,17.14999893,8.89276231,15.25000216
8.92114639,15.77259922,1.37831543,0.52294434,1.90125977,8.97136296,17.14999954,8.90209381,15.25000209
8.93113041,15.77316666,1.37781006,0.52353760,1.90134766,8.98303633,17.14999862,8.91140730,15.25000071
8.94111538,15.77372551,1.37731934,0.52412109,1.90144043,8.99475589,17.14999995,8.92070318,15.25000204
8.95109940,15.77427483,1.37684082,0.52469727,1.90153809,9.00651840,17.14999988,8.92997989,15.25000277
8.96108627,15.77481365,1.37637695,0.52526611,1.90164307,9.01833048,17.14999973,8.93924019,15.25000201
8.97107220,15.77534294,1.37159180,0.52582764,1.89741943,9.03000016,17.14566822,8.94848096,15.25000085
8.98105812,15.77586174,1.32544189,0.52637939,1.85182129,9.03986658,17.09999836,8.95770322,15.25000072
8.99104500,15.77636814,1.32502197,0.52691895,1.85194092,9.05174194,17.09999916,8.96690776,15.25000233
9.00102997,15.77686214,1.32461670,0.52745117,1.85206787,9.06365756,17.09999752,8.97609219,15.25000082
9.01101971,15.77734470,1.32423096,0.52797119,1.85220215,9.07562292,17.09999887,8.98526239,15.25000218
9.02100849,15.77781296,1.27379883,0.52848145,1.80228027,9.08511165,17.04999779,8.99441298,15.25000114
9.03099918,15.77826786,1.27344727,0.52897949,1.80242676,9.09708676,17.04999910,9.00354695,15.25000119
9.04098988,15.77870750,1.27311523,0.52946533,1.80258057,9.10910370,17.04999933,9.01266258,15.25000049
9.05098248,15.77913380,1.27280273,0.52993896,1.80274170,9.12116504,17.05000015,9.02176155,15.25000105
9.06097412,15.77954292,1.27251221,0.54520264,1.81771484,9.13326756,17.04999996,9.03000029,15.23522081
9.07096767,15.77993679,1.27224121,0.58093018,1.85317139,9.14541420,17.04999792,9.03697394,15.20000208
9.08096123,15.78031349,1.27199707,0.58136719,1.85336426,9.15760412,17.04999943,9.04593154,15.20000261
9.09095192,15.78067303,1.27177490,0.58179199,1.85356689,9.16983318,17.04999924,9.05486653,15.20000122
9.10094643,15.78101444,1.27157715,0.58219971,1.85377686,9.18210964,17.04999867,9.06378533,15.20000192
9.11094189,15.78133774,1.27140625,0.58259277,1.85399902,9.19442903,17.04999993,9.07268582,15.20000237
9.12093639,15.78164196,1.27125977,0.58297119,1.85423096,9.20679075,17.04999932,9.08156551,15.20000175
9.13093376,15.78192616,1.27114014,0.58333252,1.85447266,9.21919891,17.04999815,9.09042845,15.20000162
9.14093113,15.78219032,1.24793213,0.58367676,1.83160889,9.22999991,17.02693985,9.09927231,15.20000212
9.15092754,15.78243351,1.22085449,0.58400391,1.80485840,9.24046718,17.00000003,9.10809566,15.20000243
9.16092491,15.78265476,1.22081543,0.58431396,1.80512939,9.25290637,17.00000011,9.11690020,15.20000167
9.17092037,15.78285408,1.22080566,0.58460449,1.80541016,9.26538375,16.99999963,9.12568490,15.20000230
9.18092060,15.78303051,1.22082764,0.58487793,1.80570557,9.27790979,16.99999939,9.13445471,15.20000125
9.19091988,15.78318310,1.22088379,0.58512939,1.80601318,9.29047811,17.00000077,9.14320489,15.20000246
9.20092010,15.78331184,1.22096924,0.58536377,1.80633301,9.30308871,16.99999898,9.15193787,15.20000103
9.21091938,15.78341579,1.22109131,0.58557617,1.80666748,9.31574288,16.99999952,9.16065111,15.20000124
9.22091866,15.78349495,1.22124756,0.58576904,1.80701660,9.32843927,17.00000018,9.16934660,15.20000055
9.23091793,15.78354836,1.22143799,0.58593994,1.80737793,9.34118001,16.99999938,9.17802375,15.20000072
9.24091816,15.78357506,1.22166748,0.63630371,1.85797119,9.35396552,17.00000088,9.18203761,15.15000146
9.25091553,15.78357410,1.22193359,0.63644043,1.85837402,9.36679205,17.00000095,9.19056159,15.15000185
9.26091480,15.78354549,1.22223633,0.63655518,1.85879150,9.37966542,16.99999935,9.19906807,15.15000190
9.27091408,15.78348827,1.22258057,0.63664795,1.85922852,9.39258374,16.99999959,9.20755569,15.15000083
9.28091431,15.78340149,1.22296631,0.63671631,1.85968262,9.40554836,17.00000039,9.21602573,15.15000026
9.29091358,15.78328609,1.22339111,0.63676025,1.86015137,9.41855704,17.00000009,9.22447671,15.15000120
9.30091286,15.78313923,1.20876221,0.63677979,1.84554199,9.42999966,16.98498895,9.23290952,15.15000096
9.31091022,15.78296089,1.17406982,0.63677246,1.81084229,9.43921405,16.94999905,9.24132293,15.15000215
9.32090759,15.78275108,1.17461182,0.63674072,1.81135254,9.45223192,16.94999865,9.24971850,15.15000242
9.33090591,15.78250980,1.17519775,0.63668457,1.81188232,9.46529534,16.94999823,9.25809802,15.15000190
9.34090137,15.78223419,1.17583252,0.63660156,1.81243408,9.47840149,16.94999950,9.26645813,15.15000026
9.35089684,15.78192520,1.17651123,0.63648926,1.81300049,9.49155487,16.94999802,9.27480124,15.15000110
9.36089134,15.78158188,1.17723877,0.66194092,1.83917969,9.50475328,16.94999740,9.28000027,15.12460212
9.37088394,15.78120232,1.17801758,0.68657715,1.86459473,9.51799685,16.94999795,9.28514298,15.09999994
9.38087559,15.78078747,1.16876709,0.68639648,1.85516357,9.52999999,16.94000203,9.29329743,15.10000102
9.39086437,15.78033638,1.12929443,0.68618896,1.81548340,9.53804541,16.89999872,9.30143331,15.10000013
9.40085316,15.77984810,1.13020752,0.68594971,1.81615723,9.55128331,16.89999982,9.30955354,15.10000150
9.41084003,15.77932167,1.13117188,0.68568115,1.81685303,9.56456261,16.89999968,9.31765820,15.10000157
9.42082214,15.77875614,1.13218994,0.68538086,1.81757080,9.57788212,16.89999927,9.32574454,15.10000203
9.43080330,15.77815151,1.08275391,0.71200439,1.79475830,9.58409534,16.84999922,9.33000052,15.07331889
9.44078255,15.77750683,1.08385986,0.73521729,1.81907715,9.59735445,16.84999804,9.33457475,15.05000127
9.45075893,15.77682114,1.08502441,0.73484375,1.81986816,9.61065384,16.84999942,9.34246850,15.05000029
9.46073151,15.77609444,1.08624268,0.73443604,1.82067871,9.62399279,16.84999799,9.35034644,15.05000119
9.47070312,15.77532482,1.08752197,0.73399414,1.82151611,9.63737591,16.84999881,9.35821175,15.05000209
9.48067093,15.77451324,1.08885742,0.73352051,1.82237793,9.65079861,16.84999776,9.36606259,15.05000154
9.49063396,15.77365685,1.09025635,0.73301025,1.82326660,9.66426176,16.84999901,9.37389907,15.05000149
9.50059128,15.77275753,1.09171387,0.73246582,1.82417969,9.67776241,16.84999917,9.38172149,15.05000159
9.51054668,15.77181244,1.04253662,0.73188477,1.77442139,9.68292464,16.79999937,9.38953338,15.05000148
9.52049637,15.77082157,1.04409180,0.73126709,1.77535889,9.69634754,16.79999799,9.39733270,15.05000100
9.53044319,15.76978493,1.04571289,0.73061279,1.77632568,9.70981267,16.79999950,9.40512234,15.05000041
9.54038429,15.76869965,1.04739746,0.72991699,1.77731445,9.72331575,16.79999860,9.41290185,15.05000149
9.55032063,15.76756763,1.01057129,0.72918457,1.73975586,9.72999969,16.76203721,9.42067198,15.05000136
9.56025124,15.76638699,1.00012451,0.72841309,1.72853760,9.74124031,16.74999866,9.42843284,15.05000057
9.57017517,15.76515675,1.00197998,0.76118164,1.76316162,9.75469471,16.75000009,9.42999983,15.01699343
9.58009338,15.76387596,1.00390137,0.77764648,1.78154785,9.76818647,16.74999910,9.43439189,15.00000092
9.59000301,15.76254559,1.00589111,0.77678223,1.78267334,9.78171373,16.74999886,9.44195769,15.00000167
9.59990883,15.76116371,1.00795166,0.77587646,1.78382813,9.79528450,16.74999884,9.44951731,15.00000230
9.60980511,15.75972939,1.01008545,0.77492920,1.78501465,9.80889129,16.75000075,9.45706783,15.00000139
9.61969566,15.75824165,1.01229004,0.77393555,1.78622559,9.82253840,16.75000070,9.46461441,15.00000286
9.62957668,15.75670052,0.98401611,0.77290039,1.75691650,9.83000036,16.72008933,9.47215290,15.00000194
9.63944912,15.75510502,0.96581055,0.77181885,1.73762939,9.83936749,16.69999792,9.47968615,15.00000232
9.64931202,15.75345516,0.96820068,0.80499023,1.77319092,9.85295125,16.69999820,9.48000043,14.96647173
9.65916538,15.75174999,0.97066650,0.82070313,1.79136963,9.86657268,16.69999871,9.48380153,14.95000121
9.66900635,15.74998856,0.97215088,0.81952148,1.79167236,9.87999953,16.69896653,9.49113947,14.95000179
9.67883968,15.74816990,0.92456787,0.81829346,1.74286133,9.88262873,16.64999899,9.49847516,14.95000151
9.68866158,15.74629402,0.92722656,0.81701660,1.74424316,9.89618127,16.65000011,9.50580763,14.95000226
9.69847298,15.74435902,0.92996338,0.81569092,1.74565430,9.90977169,16.64999954,9.51313832,14.95000220
9.70827389,15.74236679,0.93277832,0.81431885,1.74709717,9.92340094,16.64999873,9.52046720,14.95000083
9.71805954,15.74031353,0.93567627,0.81289307,1.74856934,9.93706468,16.64999850,9.52779313,14.95000108
9.72783470,15.73820400,0.93865234,0.83297363,1.77162598,9.95076818,16.64999832,9.53000031,14.92906457
9.73759651,15.73603630,0.94170898,0.86141602,1.80312500,9.96450915,16.64999826,9.53003113,14.90000151
9.74734306,15.73380947,0.94484863,0.85989014,1.80473877,9.97828662,16.64999943,9.53716539,14.90000109
9.75707722,15.73152447,0.89924561,0.85831543,1.75756104,9.97999998,16.60270075,9.54430103,14.90000075
9.76679897,15.72918224,0.89970703,0.85669189,1.75639893,9.99297191,16.59999713,9.55143940,14.90000116
9.77650642,15.72678375,0.90303955,0.85502197,1.75806152,10.00667364,16.59999819,9.55857796,14.90000099
9.78619957,15.72432899,0.90645020,0.85330322,1.75975342,10.02041222,16.59999810,9.56571927,14.90000211
9.79587936,15.72181892,0.90993896,0.85154053,1.76147949,10.03418995,16.59999716,9.57286318,14.90000077
9.80554390,15.71925163,0.91351074,0.84972656,1.76323730,10.04800592,16.59999794,9.58001133,14.90000179
9.81519413,15.71663094,0.91716064,0.84786865,1.76502930,10.06186021,16.59999926,9.58716381,14.90000157
9.82482910,15.71395397,0.92088867,0.84596191,1.76685059,10.07575275,16.59999758,9.59432149,14.90000200
9.83444786,15.71122360,0.88961426,0.84401123,1.73362549,10.08000008,16.56627777,9.60148303,14.90000086
9.84405231,15.70843887,0.87651123,0.84201172,1.71852295,10.08909632,16.55000013,9.60865325,14.90000149
9.85364151,15.70559978,0.88042236,0.83996582,1.72038818,10.10290672,16.54999918,9.61583036,14.90000163
9.86321545,15.70270824,0.88441162,0.83787598,1.72228760,10.11675631,16.54999857,9.62301530,14.90000033
9.87277126,15.69976425,0.88847900,0.83645264,1.72493164,10.13064245,16.54999800,9.63000016,14.89931735
9.88231182,15.69676685,0.89262695,0.85877441,1.75140137,10.14456939,16.54999827,9.63000027,14.87589391
9.89183521,15.69371700,0.89685547,0.88049316,1.77734863,10.15853605,16.54999992,9.63000009,14.85305618
9.90134144,15.69061661,0.90115967,0.88147949,1.78263916,10.17254119,16.54999979,9.63606434,14.85000126
9.91083050,15.68746567,0.88391602,0.87922119,1.76313721,10.17999932,16.52940135,9.64309133,14.85000184
9.92030334,15.68426228,0.85744873,0.87691895,1.73436768,10.18447889,16.50000096,9.65012913,14.85000049
9.92975903,15.68100929,0.86192383,0.87457031,1.73649414,10.19839673,16.50000039,9.65717976,14.85000163
9.93919754,15.67770672,0.86647705,0.87218018,1.73865723,10.21235483,16.50000077,9.66424234,14.85000035
9.94861889,15.67435360,0.87110840,0.86974365,1.74085205,10.22635385,16.50000071,9.67131905,14.85000001
9.95802212,15.67095184,0.84358154,0.86726074,1.71084229,10.22999977,16.46948675,9.67841009,14.85000219
9.96740818,15.66750145,0.82771240,0.88165527,1.70936768,10.23723175,16.44999944,9.67999993,14.83400726
9.97677612,15.66400242,0.83250488,0.90050781,1.73301270,10.25114041,16.44999774,9.68000046,14.81380329
9.98612404,15.66045666,0.83737549,0.91258545,1.74996094,10.26508700,16.44999919,9.68210566,14.80000034
9.99545670,15.65686226,0.84232178,0.91000000,1.75232178,10.27907823,16.44999834,9.68904696,14.79999989
10.00477028,15.65322113,0.84734619,0.90737061,1.75471680,10.29310976,16.44999958,9.69600537,14.80000039
10.01406574,15.64953232,0.85244629,0.90469727,1.75714355,10.30718300,16.44999906,9.70298177,14.80000071
10.02334213,15.64579868,0.85762207,0.90198242,1.75960449,10.32129671,16.44999931,9.70997590,14.80000092
10.03260040,15.64201927,0.84733643,0.89922607,1.74656250,10.32999964,16.43545020,9.71698887,14.79999979
10.04184055,15.63819408,0.81472900,0.89642334,1.71115234,10.33069323,16.39999955,9.72402410,14.80000102
10.05106163,15.63432407,0.82005615,0.89659180,1.71664795,10.34471633,16.39999962,9.73000021,14.79718821
10.06026459,15.63040924,0.82545898,0.91324463,1.73870361,10.35878188,16.39999998,9.73000067,14.77897432
10.06944656,15.62645149,0.83093506,0.92953613,1.76047119,10.37288593,16.40000022,9.73000023,14.76111131
10.07861042,15.62244892,0.83648682,0.93857666,1.77506348,10.38703450,16.39999935,9.73254442,14.75000160
10.08775520,15.61840439,0.84211182,0.93564209,1.77775391,10.40122482,16.39999832,9.73946967,14.75000168
10.09688187,15.61431694,0.84781494,0.93266602,1.78048096,10.41545998,16.40000018,9.74641979,14.75000089
10.10598946,15.61018562,0.85359131,0.92964355,1.78323486,10.42973835,16.39999876,9.75339558,14.75000268
10.11507797,15.60601330,0.85944336,0.92658203,1.78602539,10.44405981,16.39999934,9.76039647,14.75000203
10.12414646,15.60179901,0.86537109,0.92347656,1.78884766,10.45842464,16.40000023,9.76742313,14.75000245
10.13319683,15.59754276,0.87137207,0.92032959,1.79170166,10.47283337,16.39999921,9.77447802,14.75000078
10.14222527,15.59324741,0.85892578,0.92110107,1.78002686,10.47999915,16.38297033,9.78000085,14.74635861
10.15123653,15.58891106,0.82912598,0.93575928,1.76488525,10.48016907,16.34999793,9.78000022,14.72994134
10.16022873,15.58453465,0.83526123,0.95013672,1.78539795,10.49448545,16.34999772,9.78000088,14.71379559
10.16920185,15.58012009,0.84146973,0.96196045,1.80343018,10.50884580,16.34999885,9.78092402,14.70000177
10.17815495,15.57566547,0.84775146,0.95868896,1.80644043,10.52324998,16.34999873,9.78790048,14.70000229
10.18708897,15.57117271,0.85410645,0.95537598,1.80948242,10.53769858,16.34999923,9.79490833,14.70000245
10.19600391,15.56664085,0.86053467,0.95202148,1.81255615,10.55219190,16.34999901,9.80194819,14.70000081
10.20489883,15.56207275,0.86703369,0.94862305,1.81565674,10.56672849,16.34999835,9.80902038,14.70000201
10.21377277,15.55746746,0.87049805,0.94518311,1.81568115,10.57999962,16.34717928,9.81612521,14.70000171
10.22262955,15.55282307,0.84268066,0.94169922,1.78437988,10.58000000,16.31597247,9.82326654,14.70000037
10.23146725,15.54814339,0.83166504,0.93920654,1.77087158,10.58696477,16.29999990,9.83000081,14.69906531
10.24028587,15.54342747,0.83835693,0.95237061,1.79072754,10.60145366,16.29999886,9.83000051,14.68396496
10.24908447,15.53867626,0.84512207,0.96531494,1.81043701,10.61598763,16.29999969,9.83000052,14.66907776
10.25786495,15.53388882,0.85066162,0.97805420,1.82871582,10.62999960,16.29883393,9.83000052,14.65438777
10.26662540,15.52906704,0.82440186,0.97933105,1.80373291,10.62999934,16.26906552,9.83496288,14.65000122
10.27536678,15.52420998,0.81003906,0.97568604,1.78572510,10.63507693,16.25000051,9.84209858,14.65000067
10.28408909,15.51931953,0.81698486,0.97199707,1.78898193,10.64956152,16.25000017,9.84927304,14.65000180
10.29279137,15.51439571,0.82399902,0.96826660,1.79226563,10.66408830,16.24999955,9.85648695,14.65000073
10.30147552,15.50943756,0.83108398,0.96448975,1.79557373,10.67866178,16.24999891,9.86374326,14.65000117
10.31014061,15.50444603,0.83823975,0.96066895,1.79890869,10.69328042,16.24999935,9.87104128,14.65000084
10.31878853,15.49942207,0.84546387,0.95680176,1.80226563,10.70794451,16.24999973,9.87838517,14.65000195
10.32741547,15.49436569,0.85275635,0.95289307,1.80564941,10.72265118,16.24999929,9.88576836,14.65000022
10.33602333,15.48927784,0.84425537,0.94893555,1.79319092,10.72999999,16.23597021,9.89319706,14.65000224
10.34461498,15.48415661,0.82029297,0.94493408,1.76522705,10.72999989,16.20828297,9.90067197,14.65000137
10.35318661,15.47900581,0.81829834,0.94088867,1.75918701,10.74020347,16.19999824,9.90819024,14.65000058
10.36173725,15.47382450,0.82575439,0.93679443,1.76254883,10.75485613,16.19999795,9.91575528,14.65000177
10.37027168,15.46861172,0.83328125,0.93265625,1.76593750,10.76955789,16.19999953,9.92336762,14.65000045
10.37878799,15.46336842,0.83194824,0.93060303,1.76255127,10.77999910,16.19218080,9.93000013,14.64813139
10.38728523,15.45809555,0.80919189,0.94224121,1.75143311,10.77999942,16.16560318,9.93000001,14.63425778
10.39576530,15.45279312,0.79895996,0.95373535,1.75269531,10.78594381,16.15000022,9.93000100,14.62052231
10.40422630,15.44746113,0.80663818,0.96509033,1.77172852,10.80059160,16.14999918,9.93000090,14.60691986
10.41266918,15.44210052,0.81438232,0.96876953,1.78315186,10.81528317,16.14999920,9.93372931,14.60000136
10.42109299,15.43671227,0.82218994,0.96445801,1.78664795,10.83001583,16.14999934,9.94141197,14.60000119
10.42949772,15.43129635,0.83006104,0.96010010,1.79016113,10.84478976,16.14999918,9.94914517,14.60000006
10.43788624,15.42585087,0.83799805,0.95568848,1.79368652,10.85960936,16.14999883,9.95693533,14.60000185
10.44625664,15.42037868,0.84599854,0.95123291,1.79723145,10.87447085,16.14999918,9.96477654,14.60000016
10.45460987,15.41487789,0.83564209,0.94672363,1.78236572,10.87999842,16.13414299,9.97267461,14.60000119
10.46294498,15.40935135,0.81468018,0.94339111,1.75807129,10.87999905,16.10918680,9.98000074,14.59894923
10.47126102,15.40379906,0.81205566,0.95433105,1.76638672,10.88928256,16.09999755,9.98000045,14.58562381
10.47956085,15.39822006,0.82019043,0.96516357,1.78535400,10.90408457,16.09999777,9.98000024,14.57239930
10.48784256,15.39261436,0.82838867,0.97588623,1.80427490,10.91892792,16.09999912,9.98000092,14.55927724
10.49610806,15.38698387,0.82935791,0.98210693,1.81146484,10.92999878,16.09378896,9.98230444,14.55000123
10.50435352,15.38132954,0.80934326,0.97741699,1.78676025,10.92999907,16.06970617,9.99031553,14.54999993
10.51258278,15.37564850,0.79443359,0.97267090,1.76710449,10.93255308,16.04999977,9.99838890,14.55000132
10.52079582,15.36994267,0.80275146,0.96787354,1.77062500,10.94733189,16.04999924,10.00652336,14.55000177
10.52899170,15.36421299,0.81112793,0.96302734,1.77415527,10.96214961,16.04999922,10.01471658,14.55000001
10.53716946,15.35845852,0.81956299,0.95812500,1.77768799,10.97700406,16.04999957,10.02297283,14.54999989
10.54533195,15.35268021,0.80599121,0.95556396,1.76155518,10.97999900,16.03141902,10.03000107,14.54798365
10.55347729,15.34687805,0.78709473,0.96601074,1.75310547,10.97999954,16.00838908,10.03000144,14.53499767
10.56160545,15.34105301,0.78560059,0.97637451,1.76197510,10.98933992,16.00000027,10.03000067,14.52208810
10.56971550,15.33520699,0.79414063,0.98665527,1.78079590,11.00412215,16.00000030,10.03000049,14.50925524
10.57781029,15.32933617,0.80273682,0.99265625,1.79539307,11.01894272,15.99999895,10.03231037,14.50000133
10.58588982,15.32344341,0.81138916,0.98754883,1.79893799,11.03380075,15.99999954,10.04073350,14.50000105
10.59395313,15.31752872,0.82009521,0.98238525,1.80248047,11.04869303,16.00000052,10.04922398,14.50000143
10.60199928,15.31159210,0.82885254,0.97716797,1.80602051,11.06361811,15.99999939,10.05777807,14.50000075
10.61003017,15.30563354,0.83766357,0.97189209,1.80955566,11.07857666,15.99999978,10.06640307,14.50000099
10.61804581,15.29965401,0.82236816,0.96656250,1.78893066,11.07999950,15.98001287,10.07509298,14.50000077
10.62604618,15.29365253,0.80474609,0.96117432,1.76592041,11.07999930,15.95813943,10.08385271,14.50000129
10.63402748,15.28763199,0.80373535,0.95573242,1.75946777,11.08928454,15.95000013,10.09267524,14.50000120
10.64199543,15.28158951,0.81263428,0.95023193,1.76286621,11.10416632,15.94999994,10.10156838,14.50000183
10.64994812,15.27552700,0.82158203,0.94467773,1.76625977,11.11908075,15.94999838,10.11052645,14.50000116
10.65788651,15.26944447,0.82354980,0.93906738,1.76261719,11.12999880,15.94423649,10.11955203,14.50000079
10.66580868,15.26334286,0.80659668,0.93340088,1.73999756,11.12999911,15.92298328,10.12864336,14.50000107
10.67371655,15.25722027,0.78983154,0.94118164,1.73101318,11.12999843,15.90192226,10.13000044,14.48897837
10.68160820,15.25107956,0.79650635,0.95125977,1.74776611,11.14347946,15.89999970,10.12999985,14.47608057
10.68948555,15.24491978,0.80558594,0.96127686,1.76686279,11.15835502,15.90000003,10.13000040,14.46323597
10.69734764,15.23874092,0.81471191,0.97123779,1.78594971,11.17326094,15.89999887,10.12999988,14.45043932
10.70519543,15.23254395,0.80989990,0.96594727,1.77584717,11.17999973,15.88866796,10.13890826,14.45000132
10.71302795,15.22632885,0.79372559,0.96006104,1.75378662,11.17999852,15.86815344,10.14819768,14.45000163
10.72084713,15.22009563,0.78042725,0.95411865,1.73454590,11.18159545,15.84999856,10.15755495,14.45000190
10.72865200,15.21384335,0.78962891,0.94812012,1.73774902,11.19643467,15.84999836,10.16697783,14.45000179
10.73644257,15.20757389,0.79887695,0.94206543,1.74094238,11.21130464,15.84999921,10.17646754,14.45000205
10.74421978,15.20128822,0.80816650,0.94605469,1.75422119,11.22620351,15.84999831,10.18000069,14.44189618
10.75198174,15.19498444,0.79889648,0.95593506,1.75483154,11.22999920,15.83508985,10.18000068,14.42905391
10.75973129,15.18866253,0.78341553,0.96576904,1.74918457,11.22999953,15.81523069,10.17999998,14.41624979
10.76746655,15.18232632,0.77368164,0.97555176,1.74923340,11.23336871,15.79999813,10.18000053,14.40349070
10.77518749,15.17597198,0.78303955,0.97370361,1.75674316,11.24820151,15.79999812,10.18699822,14.40000032
10.78289509,15.16960239,0.79244141,0.96742920,1.75987061,11.26306461,15.79999958,10.19669400,14.40000020
10.79059029,15.16321564,0.80188477,0.96109619,1.76298096,11.27795759,15.79999839,10.20645790,14.40000189
10.79827213,15.15681267,0.79024170,0.95470947,1.74495117,11.27999886,15.78324804,10.21628681,14.40000144
10.80594063,15.15039444,0.77538086,0.94826904,1.72364990,11.28000003,15.76397670,10.22617927,14.40000055
10.81359577,15.14396000,0.76718018,0.95177979,1.71895996,11.28400108,15.74999980,10.23000110,14.39209434
10.82123947,15.13750935,0.77668457,0.96150146,1.73818604,11.29883211,15.74999953,10.23000071,14.37927333
10.82886791,15.13104630,0.78622803,0.97117676,1.75740479,11.31368782,15.75000036,10.23000116,14.36649227
10.83648586,15.12456703,0.79581055,0.98081543,1.77662598,11.32857301,15.74999862,10.23000148,14.35373916
10.84408951,15.11807346,0.78368408,0.97896484,1.76264893,11.32999915,15.73293328,10.23709944,14.35000103
10.85168266,15.11156464,0.76937500,0.97230225,1.74167725,11.33000029,15.71418405,10.24720590,14.35000076
10.85926247,15.10504150,0.76086182,0.96558350,1.72644531,11.33353722,15.69999880,10.25737673,14.35000171
10.86683083,15.09850502,0.77049805,0.95881348,1.72931152,11.34836161,15.69999934,10.26761035,14.35000103
10.87438583,15.09195423,0.78017334,0.95198730,1.73216064,11.36321201,15.69999984,10.27790773,14.35000155
10.88192940,15.08539009,0.78988525,0.94510986,1.73499512,11.37808879,15.69999939,10.28826704,14.35000060
10.88946152,15.07881260,0.77900146,0.93817627,1.71717773,11.37999916,15.68397050,10.29869141,14.35000167
10.89698029,15.07222366,0.76519043,0.93119385,1.69638428,11.37999878,15.66569611,10.30917386,14.35000097
10.90449047,15.06561852,0.75467285,0.92415283,1.67882568,11.38201618,15.64999884,10.31972486,14.35000150
10.91198826,15.05900192,0.76442871,0.91758789,1.68201660,11.39683294,15.64999845,10.33000121,14.34959469
10.91947556,15.05237198,0.77422363,0.92722900,1.70145264,11.41167826,15.64999954,10.33000166,14.33663872
10.92695045,15.04572868,0.78405273,0.93683594,1.72088867,11.42654605,15.64999923,10.33000195,14.32370791
10.93441391,15.03907490,0.77600342,0.94641113,1.72241455,11.42999836,15.63621592,10.33000079,14.31080373
10.94186783,15.03240681,0.76263672,0.95324707,1.71588379,11.42999905,15.61836132,10.33173506,14.30000118
10.94931126,15.02572727,0.74936523,0.94599365,1.69535889,11.42999837,15.60060820,10.34249507,14.30000143
10.95674133,15.01903725,0.75843506,0.93869141,1.69712646,11.44429470,15.59999807,10.35331175,14.30000016
10.96416283,15.01233482,0.76833740,0.93133545,1.69967285,11.45912979,15.59999972,10.36419168,14.30000044
10.97157478,15.00562000,0.77827148,0.92392578,1.70219727,11.47398818,15.59999972,10.37513421,14.30000152
10.97897434,14.99889565,0.77452881,0.92594727,1.70047607,11.47999958,15.58954661,10.37999992,14.29277389
10.98636436,14.99215794,0.76156494,0.93547852,1.69704346,11.47999989,15.57207611,10.38000054,14.27980766
10.99374485,14.98540974,0.74868652,0.94498291,1.69366943,11.47999873,15.55469762,10.38000119,14.26686158
11.00111485,14.97865105,0.75247314,0.95446045,1.70693359,11.49078556,15.54999897,10.38000120,14.25393549
11.00847530,14.97188091,0.76247070,0.95207520,1.71454590,11.50560835,15.54999883,10.38771960,14.25000173
11.01582432,14.96510220,0.77249512,0.94446289,1.71695801,11.52044840,15.54999811,10.39886414,14.25000060
11.02316570,14.95831203,0.77443359,0.93679688,1.71123047,11.52999981,15.54386007,10.41007167,14.25000137
11.03049660,14.95151138,0.76183105,0.92908203,1.69091309,11.52999873,15.52673674,10.42133470,14.25000212
11.03781891,14.94470024,0.74930908,0.92536133,1.67467041,11.52999863,15.50969868,10.43000019,14.24695385
11.04513264,14.93787861,0.74650146,0.93483398,1.68133545,11.53633972,15.49999966,10.43000046,14.23394180
11.05243683,14.93104839,0.75658447,0.94428223,1.70086670,11.55114909,15.50000017,10.43000121,14.22094785
11.05973148,14.92420769,0.76669434,0.95370850,1.72040283,11.56597712,15.49999896,10.43000104,14.20796784
11.06701660,14.91735935,0.77558594,0.95645020,1.73203613,11.57999974,15.49906531,10.43440737,14.20000135
11.07429409,14.91050053,0.76331299,0.94853516,1.71184814,11.57999979,15.48225964,10.44587607,14.20000087
11.08156109,14.90363407,0.75111572,0.94057373,1.69168945,11.58000034,15.46553545,10.45739779,14.20000125
11.08882141,14.89675713,0.74047852,0.93256348,1.67304199,11.58099248,15.44999855,10.46897796,14.20000127
11.09607410,14.88987160,0.75063721,0.92450684,1.67514404,11.59578695,15.44999952,10.48061308,14.20000160
11.10331726,14.88297844,0.76081787,0.91640625,1.67722412,11.61059599,15.44999881,10.49229928,14.20000157
11.11055374,14.87607574,0.77102539,0.90825928,1.67928467,11.62542451,15.44999926,10.50404174,14.20000027
11.11778164,14.86916447,0.76589844,0.90006348,1.66596191,11.62999812,15.43858060,10.51583845,14.20000177
11.12500191,14.86224461,0.75398926,0.89182617,1.64581543,11.62999932,15.42213516,10.52768583,14.20000036
11.13221455,14.85531616,0.74214111,0.89783447,1.63997559,11.62999895,15.40575612,10.53000024,14.18939972
11.13941765,14.84838295,0.73035889,0.90727783,1.63763672,11.62999876,15.38945068,10.53000032,14.17624934
11.14661503,14.84143925,0.71863525,0.91670410,1.63533936,11.62999893,15.37320668,10.53000179,14.16310711
11.15380383,14.83448887,0.70697266,0.92607910,1.63305176,11.62999888,15.35702937,10.53002541,14.15000152
11.16098690,14.82752991,0.70767334,0.91769775,1.62537109,11.63830003,15.34999878,10.54201602,14.15000189
11.16816139,14.82056427,0.71790771,0.90927490,1.62718262,11.65302224,15.34999931,10.55405488,14.15000177
11.17532921,14.81359100,0.72816162,0.90080811,1.62896973,11.66775834,15.34999842,10.56614556,14.15000186
11.18249130,14.80661106,0.73843750,0.89230225,1.63073975,11.68251124,15.34999855,10.57828457,14.15000048
11.18964577,14.79962444,0.74873291,0.89919922,1.64793213,11.69727657,15.34999879,10.58000083,14.13864617
11.19679260,14.79263210,0.75904541,0.90861328,1.66765869,11.71205261,15.34999830,10.58000198,14.12543838
11.20393372,14.78563213,0.76937988,0.91801758,1.68739746,11.72684386,15.34999943,10.58000175,14.11223384
11.21106911,14.77862453,0.76261475,0.92609131,1.68870605,11.73000006,15.33745535,10.58089844,14.10000094
11.21819782,14.77161121,0.75125732,0.91744873,1.66870605,11.72999920,15.32156287,10.59317693,14.10000052
11.22532177,14.76459217,0.73994873,0.90876709,1.64871582,11.72999881,15.30572545,10.60550331,14.10000002
11.23243809,14.75756645,0.74245361,0.90004395,1.64249756,11.73939506,15.29999802,10.61787639,14.10000046
11.23954868,14.75053596,0.75280518,0.89171387,1.64451904,11.75414271,15.29999805,10.63000103,14.09968634
11.24665356,14.74349880,0.76317383,0.90113037,1.66430420,11.76890137,15.29999816,10.63000064,14.08640280
11.25375366,14.73645592,0.76819824,0.91053711,1.67873535,11.77999963,15.29609306,10.62999997,14.07312404
11.26084614,14.72940922,0.75705322,0.91992920,1.67698242,11.77999864,15.28041765,10.63000073,14.05985425
11.26793480,14.72235584,0.74595459,0.92461670,1.67057129,11.77999960,15.26479284,10.63322637,14.05000084
11.27501774,14.71529675,0.73597656,0.91572754,1.65170410,11.78073974,15.24999927,10.64578091,14.05000133
11.28209686,14.70823193,0.74635742,0.90680176,1.65315918,11.79545608,15.24999912,10.65838089,14.05000113
11.28917027,14.70116425,0.75674805,0.89784180,1.65458984,11.81017717,15.24999888,10.67102295,14.05000078
11.29623795,14.69409084,0.76715576,0.89422363,1.66137939,11.82490846,15.25000041,10.68000107,14.04610318
11.30330181,14.68701267,0.76358887,0.90364014,1.66722900,11.82999967,15.23987548,10.68000131,14.03274826
11.31036186,14.67992878,0.75267334,0.91305176,1.66572510,11.82999973,15.22444107,10.68000039,14.01939269
11.31741524,14.67284203,0.74180176,0.92245117,1.66425293,11.83000037,15.20905685,10.68000133,14.00604394
11.32446575,14.66574955,0.73966797,0.92172852,1.66139648,11.83601859,15.19999893,10.68700021,14.00000098
11.33151054,14.65865326,0.75007568,0.91261230,1.66268799,11.85070051,15.19999907,10.69981542,14.00000126
11.33855152,14.65155315,0.76049316,0.90346191,1.66395508,11.86538795,15.19999938,10.71267259,14.00000190
11.34558964,14.64444733,0.77080078,0.89427734,1.66507813,11.87999864,15.19991183,10.72557228,14.00000153
11.35262203,14.63733864,0.76005615,0.88506104,1.64511719,11.87999835,15.18465905,10.73850921,14.00000156
11.35965157,14.63022423,0.74934814,0.87581055,1.62515869,11.87999964,15.16944633,10.75148788,14.00000128
11.36667728,14.62310791,0.73867188,0.86653076,1.60520264,11.87999862,15.15427387,10.76450364,14.00000088
11.37369633,14.61598873,0.74313965,0.85721924,1.60035889,11.89050239,15.15000005,10.77755521,14.00000118
11.38071346,14.60886478,0.75355957,0.86317383,1.61673340,11.90514204,15.14999942,10.78000047,13.98901564
11.38772678,14.60173607,0.76398926,0.87263916,1.63662842,11.91978629,15.14999902,10.78000102,13.97550249
11.39473629,14.59460354,0.76806396,0.88210205,1.65016602,11.92999902,15.14543570,10.78000057,13.96198673
11.40174198,14.58746815,0.75750732,0.88942383,1.64693115,11.92999926,15.13038766,10.78149107,13.95000164
11.40874386,14.58032894,0.74698242,0.88000488,1.62698730,11.92999922,15.11537616,10.79466346,13.95000063
11.41574383,14.57318592,0.73648682,0.87055420,1.60704102,11.92999934,15.10039943,10.80787511,13.95000038
11.42273903,14.56604099,0.74634521,0.86107422,1.60741943,11.94419816,15.09999934,10.82112063,13.95000198
11.42973137,14.55889130,0.75677002,0.85785889,1.61462891,11.95878993,15.09999934,10.83000149,13.94550238
11.43671894,14.55173969,0.76719727,0.86735107,1.63454834,11.97337843,15.09999900,10.83000121,13.93190784
11.44370461,14.54458427,0.77762939,0.87684326,1.65447266,11.98796786,15.09999844,10.83000151,13.91830757
11.45068836,14.53742504,0.78806885,0.88633789,1.67440674,12.00256004,15.09999956,10.83000048,13.90469972
11.45766735,14.53026295,0.79850830,0.89582764,1.69433594,12.01714608,15.09999892,10.83000136,13.89108959
11.46464443,14.52309799,0.80647949,0.90531982,1.71179932,12.02999870,15.09823603,10.83000161,13.87747232
11.47161865,14.51593113,0.79613525,0.91481201,1.71094727,12.02999962,15.08341859,10.83000202,13.86385054
11.47859001,14.50876141,0.78581787,0.92430908,1.71012695,12.02999989,15.06863358,10.83000059,13.85021831
11.48555851,14.50158882,0.77552490,0.91496094,1.69048584,12.02999897,15.05387812,10.84323001,13.85000028
11.49252224,14.49441528,0.78049316,0.90528320,1.68577637,12.04069735,15.04999933,10.85670153,13.85000105
11.49948502,14.48723698,0.79091064,0.89557617,1.68648682,12.05521745,15.04999903,10.87020948,13.85000155
11.50644493,14.48005772,0.80132568,0.88584961,1.68717529,12.06973076,15.04999804,10.88374365,13.85000003
11.51340294,14.47287464,0.80571289,0.87609375,1.68180664,12.08000040,15.04571021,10.89731190,13.85000058
11.52035904,14.46569061,0.79551270,0.86631592,1.66182861,12.07999945,15.03106042,10.91090881,13.85000105
11.52731323,14.45850277,0.78533691,0.85651367,1.64185059,12.07999985,15.01643784,10.92453544,13.85000086
11.53426552,14.45131397,0.77518311,0.85832275,1.63350586,12.07999992,15.00184357,10.93000021,13.84173918
11.54121399,14.44412327,0.78297363,0.86789795,1.65087158,12.09262017,15.00000004,10.93000019,13.82795397
11.54816055,14.43693066,0.79335693,0.87747803,1.67083496,12.10706015,14.99999942,10.92999981,13.81415867
11.55510616,14.42973614,0.80374023,0.88706055,1.69080078,12.12149582,15.00000019,10.93000132,13.80035525
11.56204987,14.42253876,0.80571533,0.89665283,1.70236816,12.12999795,14.99403868,10.93000001,13.78653619
11.56899071,14.41534042,0.79564697,0.90624512,1.70189209,12.12999807,14.97954323,10.93000106,13.77271115
11.57593155,14.40814018,0.78559814,0.91584961,1.70144775,12.12999915,14.96507246,10.93000004,13.75886903
11.58287048,14.40093899,0.77556641,0.91842773,1.69399414,12.12999917,14.95062386,10.93495929,13.75000075
11.58980751,14.39373684,0.78502930,0.90847412,1.69350342,12.14374100,14.95000002,10.94876871,13.75000200
11.59674263,14.38653278,0.79536865,0.89850342,1.69387207,12.15809457,14.95000001,10.96260066,13.75000125
11.60367680,14.37932777,0.80570068,0.88851318,1.69421387,12.17243691,14.94999889,10.97645769,13.75000125
11.61060810,14.37212276,0.80644287,0.89314453,1.69958740,12.17999962,14.94321242,10.98000060,13.73963456
11.61753941,14.36491489,0.79648682,0.90280273,1.69928955,12.17999955,14.92885619,10.98000147,13.72569811
11.62447071,14.35770607,0.78654541,0.91247314,1.69901855,12.17999950,14.91451970,10.98000048,13.71174529
11.63140011,14.35049629,0.77662109,0.91901123,1.69563232,12.17999917,14.90020470,10.98221777,13.70000122
11.63832951,14.34328556,0.78662109,0.90894287,1.69556396,12.19406479,14.90000006,10.99617584,13.70000040
11.64525700,14.33607388,0.79690186,0.89885498,1.69575684,12.20832092,14.89999901,11.01015644,13.70000193
11.65218449,14.32886219,0.80717529,0.88875488,1.69593018,12.22256506,14.89999960,11.02415669,13.70000106
11.65911102,14.32164860,0.80782227,0.89020752,1.69802979,12.22999870,14.89319391,11.03000172,13.69181459
11.66603661,14.31443596,0.79796387,0.89994385,1.69790771,12.22999845,14.87896527,11.03000029,13.67775966
11.67296124,14.30722237,0.78812012,0.90968750,1.69780762,12.22999856,14.86475509,11.03000101,13.66369032
11.67988586,14.30000877,0.77828857,0.91888184,1.69717041,12.22999845,14.85056234,11.03039867,13.65000094
11.68681049,14.29279423,0.78771484,0.90871094,1.69642578,12.24360255,14.84999912,11.04449299,13.65000047
11.69373512,14.28557968,0.79792480,0.89852539,1.69645020,12.25775240,14.84999842,11.05860780,13.65000029
11.70065975,14.27836514,0.80812500,0.88832520,1.69645020,12.27188767,14.84999848,11.07274185,13.65000157
11.70758343,14.27114964,0.80981689,0.88786133,1.69767822,12.27999974,14.84398729,11.08000167,13.64310593
11.71450806,14.26393509,0.80004150,0.89768311,1.69772461,12.27999898,14.82987360,11.08000141,13.62892624
11.72143173,14.25672150,0.79027832,0.90751709,1.69779541,12.27999860,14.81577683,11.08000078,13.61472961
11.72835732,14.24950695,0.78052490,0.91736572,1.69789063,12.27999997,14.80169309,11.08000124,13.60051211
11.73528194,14.24229240,0.78827393,0.90782715,1.69610107,12.29236234,14.79999948,11.09371220,13.60000093
11.74220657,14.23507881,0.79840088,0.89755615,1.69595703,12.30639633,14.79999815,11.10794877,13.60000082
11.74913311,14.22786522,0.80851807,0.88727539,1.69579346,12.32041603,14.79999920,11.12220181,13.59999996
11.75605965,14.22065258,0.81861816,0.88614014,1.70475830,12.33441425,14.79999847,11.13000069,13.59352058
11.76298714,14.21343994,0.82870605,0.89605957,1.72476563,12.34839486,14.79999900,11.13000010,13.57920799
11.76991463,14.20622826,0.83877686,0.90599121,1.74476807,12.36235354,14.79999813,11.13000135,13.56487736
11.77684402,14.19901752,0.84883301,0.91594482,1.76477783,12.37629314,14.79999858,11.13000029,13.55052072
11.78377342,14.19180775,0.84441162,0.92591309,1.77032471,12.37999952,14.78975879,11.13000039,13.53614328
11.79070377,14.18459988,0.83474854,0.93589844,1.77064697,12.37999940,14.77581534,11.13000078,13.52174441
11.79763603,14.17739105,0.82509033,0.94590332,1.77099365,12.37999890,14.76188018,11.13000129,13.50731871
11.80456829,14.17018509,0.81832031,0.94586426,1.76418457,12.38203156,14.74999915,11.13710122,13.50000083
11.81150341,14.16298008,0.82830566,0.93548584,1.76379150,12.39588155,14.75000006,11.15150855,13.50000154
11.81843948,14.15577507,0.83827393,0.92510010,1.76337402,12.40970924,14.75000000,11.16592759,13.50000191
11.82537746,14.14857197,0.84822266,0.91471191,1.76293457,12.42351336,14.74999954,11.18035576,13.50000056
11.83231544,14.14137173,0.84780762,0.90431641,1.75212402,12.42999888,14.74266389,11.19479471,13.50000173
11.83925438,14.13417339,0.83820068,0.89391846,1.73211914,12.42999929,14.72881684,11.20924084,13.50000217
11.84619617,14.12697601,0.82859375,0.88351807,1.71211182,12.42999817,14.71497501,11.22369617,13.50000081
11.85313988,14.11978054,0.81899170,0.88469971,1.70369141,12.42999814,14.70114269,11.23000006,13.49177549
11.86008549,14.11258602,0.82725342,0.89484863,1.72210205,12.44257465,14.69999949,11.23000090,13.47717476
11.86703300,14.10539436,0.83710449,0.90502197,1.74212646,12.45625961,14.70000009,11.23000019,13.46254601
11.87398338,14.09820461,0.84693359,0.91521729,1.76215088,12.46991887,14.69999975,11.23000083,13.44788998
11.88093567,14.09101582,0.85168945,0.92543457,1.77712402,12.47999861,14.69640698,11.23000175,13.43320573
11.88789082,14.08382988,0.84212158,0.93567871,1.77780029,12.47999887,14.68264264,11.23000137,13.41849085
11.89484596,14.07664776,0.83255859,0.94594482,1.77850342,12.47999963,14.66888843,11.23000016,13.40374977
11.90180588,14.06946754,0.82299072,0.95623779,1.77922852,12.47999854,14.65513551,11.23000040,13.38897647
11.90876770,14.06228924,0.82552002,0.96655518,1.79207520,12.48849248,14.64999878,11.23000041,13.37417303
11.91573238,14.05511379,0.83524414,0.97689941,1.81214355,12.50202948,14.64999910,11.23000080,13.35933745
11.92269993,14.04794025,0.84494629,0.97950928,1.82445557,12.51554050,14.64999861,11.23544579,13.35000033
11.92967033,14.04076862,0.85462646,0.96900635,1.82363281,12.52902387,14.64999906,11.25010165,13.35000115
11.93664455,14.03360081,0.84647705,0.95850830,1.80498535,12.52999856,14.63730151,11.26476014,13.35000031
11.94362164,14.02643585,0.83693848,0.94801025,1.78494873,12.52999936,14.62361851,11.27942455,13.34999989
11.95060062,14.01927471,0.82739746,0.95763428,1.78503174,12.52999933,14.60993850,11.28000144,13.33563727
11.95758247,14.01211739,0.82308594,0.96811035,1.79119629,12.53366084,14.59999854,11.28000143,13.32065395
11.96456909,14.00496197,0.83267578,0.97861816,1.81129395,12.54704672,14.59999875,11.28000111,13.30563359
11.97155952,13.99780941,0.84224121,0.97597656,1.81821777,12.56040360,14.59999950,11.28921578,13.30000050
11.97855282,13.99066067,0.85177734,0.96545654,1.81723389,12.57372697,14.59999835,11.30394603,13.30000006
11.98554993,13.98351574,0.85123535,0.95493896,1.80617432,12.58000025,14.59280254,11.31867939,13.30000123
11.99254990,13.97637463,0.84171143,0.94931641,1.79102783,12.57999936,14.57918582,11.33000048,13.29649963
11.99955463,13.96923828,0.83218262,0.95993652,1.79211914,12.58000002,14.56556963,11.33000121,13.28136013
12.00656319,13.96210384,0.82264648,0.97059082,1.79323730,12.57999910,14.55195001,11.33000085,13.26618004
12.01357365,13.95497608,0.82936523,0.98127441,1.81063965,12.59132352,14.54999860,11.33000126,13.25096734
12.02058983,13.94785023,0.83878174,0.97208984,1.81087158,12.60451759,14.54999897,11.34385806,13.25000161
12.02761078,13.94072819,0.84816895,0.96156494,1.80973389,12.61767882,14.54999846,11.35865356,13.25000149
12.03463650,13.93361092,0.85636230,0.95104980,1.80741211,12.62999807,14.54916027,11.37344613,13.25000062
12.04166603,13.92649746,0.84684326,0.95239746,1.79924072,12.62999879,14.53560176,11.38000094,13.24147177
12.04869938,13.91938877,0.83731689,0.96320801,1.80052490,12.62999909,14.52204151,11.38000090,13.22612682
12.05573750,13.91228485,0.82778076,0.97405518,1.80183594,12.62999838,14.50847728,11.38000086,13.21074122
12.06278038,13.90518570,0.82529785,0.97843750,1.80373535,12.63489386,14.49999889,11.38450733,13.20000087
12.06982708,13.89809227,0.83455566,0.96791504,1.80247070,12.64791934,14.49999972,11.39935750,13.20000190
12.07688046,13.89100266,0.84378418,0.95740479,1.80118896,12.66091347,14.49999953,11.41420389,13.20000070
12.08393860,13.88391685,0.85298340,0.94689941,1.79988281,12.67387333,14.49999940,11.42905030,13.20000178
12.09100056,13.87683773,0.85231445,0.95650635,1.80882080,12.67999850,14.49289083,11.43000007,13.18547470
12.09806919,13.86976242,0.84277832,0.96752686,1.81030518,12.67999960,14.47937888,11.43000110,13.16991019
12.10514164,13.86269283,0.83322998,0.97858643,1.81181641,12.67999861,14.46586088,11.43000123,13.15430250
12.11222076,13.85562897,0.82366943,0.98968994,1.81335938,12.67999859,14.45233633,11.43000047,13.13864804
12.11930466,13.84857082,0.81409912,1.00083252,1.81493164,12.67999968,14.43880678,11.43000062,13.12294992
12.12639332,13.84151745,0.80451660,1.01201904,1.81653564,12.67999940,14.42527024,11.43000011,13.10720204
12.13348579,13.83447266,0.79492188,1.01141846,1.80634033,12.67999856,14.41172880,11.43813054,13.10000109
12.14058685,13.82743073,0.78782227,1.00090332,1.78872559,12.68172358,14.39999945,11.45308973,13.10000024
12.14769363,13.82039452,0.79684326,0.99040039,1.78724365,12.69451813,14.39999974,11.46804279,13.10000035
12.15480709,13.81336403,0.80583008,0.98427246,1.79010254,12.70727534,14.39999933,11.48000070,13.09682466
12.16192532,13.80634022,0.81478271,0.99561279,1.81039551,12.71999393,14.39999865,11.48000087,13.08092728
12.16905022,13.79932213,0.82370361,1.00699951,1.83070313,12.73267741,14.39999847,11.48000102,13.06497936
12.17618179,13.79231071,0.83259277,1.01703613,1.84962891,12.74532535,14.40000003,11.48095650,13.05000065
12.18331814,13.78530693,0.84144287,1.00654785,1.84799072,12.75793001,14.39999979,11.49595794,13.05000118
12.19046021,13.77830887,0.85025879,0.99607666,1.84633545,12.77049582,14.39999907,11.51094952,13.04999990
12.19761086,13.77131653,0.85459961,0.98561768,1.84021729,12.77999926,14.39674779,11.52593689,13.05000084
12.20476723,13.76433182,0.84499512,0.99120605,1.83620117,12.77999978,14.38330209,11.53000121,13.03826007
12.21192932,13.75735474,0.83537354,1.00280762,1.83818115,12.77999956,14.36984564,11.53000065,13.02210215
12.21910000,13.75038338,0.82573242,1.01446045,1.84019287,12.78000011,14.35637438,11.53000149,13.00588808
12.22627735,13.74341869,0.82574951,1.01202881,1.83777832,12.78656577,14.34999854,11.53959451,13.00000163
12.23346138,13.73646164,0.83441895,1.00159668,1.83601563,12.79899443,14.34999840,11.55462249,13.00000139
12.24065304,13.72951126,0.84305176,0.99118164,1.83423340,12.81138248,14.34999826,11.56964258,13.00000051
12.24785042,13.72257042,0.85164795,0.98765869,1.83930664,12.82372986,14.34999931,11.58000129,12.99493925
12.25505543,13.71563530,0.85126709,0.99949219,1.85075928,12.82999921,14.34340541,11.58000077,12.97855603
12.26226807,13.70870876,0.84159424,1.01137939,1.85297363,12.82999892,14.32996757,11.58000189,12.96211578
12.26948738,13.70178986,0.83190186,1.01738770,1.84928955,12.82999894,14.31651536,11.58400079,12.95000145
12.27671528,13.69487953,0.82218750,1.00700684,1.82919434,12.83000021,14.30304738,11.59905756,12.95000178
12.28394985,13.68797588,0.82654541,0.99664551,1.82319092,12.83947325,14.29999801,11.61410173,12.95000179
12.29119301,13.68108082,0.83499023,0.98630859,1.82129883,12.85168258,14.29999930,11.62913056,12.95000088
12.29844284,13.67419434,0.84339355,0.99709229,1.84048584,12.86384666,14.29999882,11.63000071,12.93434421
12.30570126,13.66731548,0.85176025,1.00923096,1.86099121,12.87597170,14.29999797,11.63000105,12.91766469
12.31296730,13.66044712,0.84803955,1.02143066,1.86947021,12.87999831,14.29103958,11.63000050,12.90092302
12.32024193,13.65358543,0.83828125,1.03369141,1.87197266,12.87999929,14.27759437,11.63000059,12.88411495
12.32752419,13.64673233,0.82849609,1.04601318,1.87450928,12.87999868,14.26412824,11.63000055,12.86724252
12.33481598,13.63988781,0.81868408,1.05840088,1.87708496,12.87999839,14.25064126,11.63000009,12.85030121
12.34211540,13.63305283,0.82607178,1.04848145,1.87455322,12.89145315,14.24999898,11.64487522,12.85000151
12.34942341,13.62622643,0.83428223,1.03818359,1.87246582,12.90343979,14.24999938,11.66000356,12.85000127
12.35674000,13.61940956,0.84245361,1.02791260,1.87036621,12.91538495,14.24999969,11.67511412,12.85000039
12.36406517,13.61260128,0.85058594,1.03308105,1.88366699,12.92728828,14.24999922,11.68000129,12.83844819
12.37139702,13.60580349,0.84484131,1.04568359,1.89052490,12.92999843,14.23961842,11.68000051,12.82131311
12.37874031,13.59901428,0.83497314,1.05835693,1.89333008,12.92999909,14.22614584,11.68000101,12.80410364
12.38609219,13.59223557,0.82507324,1.05357666,1.87864990,12.92999843,14.21264818,11.69155152,12.80000014
12.39345264,13.58546543,0.81630371,1.04335693,1.85966064,12.93076104,14.19999900,11.70669301,12.80000060
12.40082264,13.57870579,0.82431641,1.03316650,1.85748291,12.94257132,14.19999951,11.72181566,12.80000011
12.40820217,13.57195568,0.83229004,1.02300293,1.85529297,12.95434072,14.19999985,11.73692016,12.80000000
12.41559029,13.56521606,0.84022217,1.01286621,1.85308838,12.96606574,14.19999952,11.75200628,12.80000094
12.42298794,13.55848694,0.84811523,1.00276123,1.85087646,12.97774957,14.19999998,11.76707064,12.79999991
12.43039322,13.55176926,0.85596436,0.99592041,1.85188477,12.98938682,14.19999848,11.78000033,12.79755010
12.43780899,13.54506111,0.86377686,1.00892090,1.87269775,13.00098482,14.19999890,11.78000037,12.78007138
12.44523430,13.53836346,0.87154785,1.02199463,1.89354248,13.01253903,14.19999857,11.78000130,12.76251675
12.45267010,13.53167629,0.87927979,1.03514648,1.91442627,13.02405278,14.19999868,11.78000050,12.74488285
12.46011639,13.52499962,0.87845459,1.04837402,1.92682861,13.02999920,14.19351742,11.78000117,12.72717045
12.46757221,13.51833439,0.86844482,1.06167969,1.93012451,13.02999959,14.18005318,11.78000092,12.70937867
12.47503757,13.51167965,0.85839844,1.06392822,1.92232666,13.02999871,14.16655826,11.78719987,12.70000082
12.48251152,13.50503731,0.84832031,1.05390137,1.90222168,13.02999919,14.15303778,11.80234627,12.70000108
12.48999691,13.49840641,0.83820068,1.04390625,1.88210693,13.02999869,14.13948244,11.81747153,12.70000182
12.49749088,13.49178886,0.82804688,1.03794189,1.86598877,13.02999886,14.12589995,11.83000169,12.69694199
12.50499535,13.48518181,0.81785400,1.05150879,1.86936279,13.02999938,14.11228300,11.83000158,12.67892249
12.51251221,13.47858620,0.80940186,1.06516357,1.87456543,13.03114199,14.09999952,11.83000136,12.66081338
12.52003765,13.47200203,0.81692871,1.06929932,1.88622803,13.04252469,14.09999870,11.83614073,12.65000079
12.52757645,13.46543026,0.82441650,1.05938477,1.88380127,13.05386971,14.09999941,11.85128350,12.65000155
12.53512478,13.45886993,0.83186279,1.04950439,1.88136719,13.06517079,14.09999941,11.86640197,12.65000072
12.54268360,13.45232201,0.83926758,1.03965820,1.87892578,13.07642930,14.09999902,11.88149627,12.65000015
12.55025387,13.44578743,0.84663086,1.02984619,1.87647705,13.08764590,14.09999964,11.89656740,12.65000028
12.55783367,13.43926620,0.85395020,1.02007080,1.87402100,13.09881767,14.09999857,11.91161100,12.65000028
12.56542492,13.43275642,0.86123047,1.01032715,1.87155762,13.10994898,14.09999816,11.92663256,12.65000144
12.57302761,13.42625999,0.86847168,1.01904785,1.88751953,13.12104001,14.09999987,11.93000048,12.63570667
12.58064079,13.41977692,0.87235352,1.03318604,1.90553955,13.12999862,14.09742475,11.92999994,12.61719372
12.58826637,13.41330624,0.86199219,1.04559814,1.90759033,13.12999942,14.08379548,11.93114317,12.60000152
12.59590149,13.40685081,0.85158447,1.03591797,1.88750244,13.12999858,14.07012780,11.94619405,12.60000126
12.60354996,13.40040684,0.84112793,1.02627197,1.86739990,13.12999832,14.05641621,11.96122294,12.60000061
12.61120987,13.39397717,0.84001709,1.01666260,1.85667969,13.13586531,14.04999953,11.97622569,12.60000117
12.61887932,13.38756275,0.84708984,1.02505859,1.87214844,13.14683655,14.04999943,11.98000128,12.58595190
12.62656212,13.38116169,0.85412109,1.03959717,1.89371826,13.15776886,14.04999817,11.98000154,12.56708449
12.63425636,13.37477303,0.86111572,1.05423584,1.91535156,13.16866189,14.04999963,11.98000114,12.54811516
12.64196396,13.36839962,0.86806396,1.06897705,1.93704102,13.17951241,14.04999822,11.98000011,12.52904528
12.64968109,13.36204052,0.85826904,1.08381348,1.94208252,13.17999879,14.03686560,11.98000126,12.50987823
12.65741062,13.35569572,0.84763672,1.09875488,1.94639160,13.17999969,14.02307017,11.98000097,12.49060705
12.66515160,13.34936619,0.83694824,1.11379883,1.95074707,13.17999879,14.00922581,11.98000027,12.47123439
12.67290592,13.34305191,0.83211426,1.12895020,1.96106445,13.18362531,13.99999927,11.98000018,12.45175502
12.68067169,13.33675194,0.83894287,1.12165039,1.96059326,13.19441005,14.00000007,11.99381345,12.45000201
12.68844795,13.33046913,0.84572510,1.11217285,1.95789795,13.20514934,13.99999925,12.00895853,12.45000192
12.69623852,13.32419872,0.85247070,1.10273193,1.95520264,13.21585319,13.99999965,12.02407971,12.45000180
12.70404053,13.31794453,0.85917236,1.10841309,1.96758545,13.22651425,13.99999907,12.03000033,12.43803007
12.71185684,13.31170559,0.85406738,1.12392090,1.97798828,13.22999891,13.99064585,12.03000116,12.41824547
12.71968460,13.30548382,0.84317627,1.13954102,1.98271729,13.22999990,13.97669505,12.03000056,12.39835116
12.72752476,13.29927826,0.83222412,1.15527344,1.98749756,13.22999976,13.96269054,12.03000109,12.37834534
12.73537827,13.29308605,0.82292725,1.17112305,1.99405029,13.23103435,13.94999873,12.03000089,12.35822142
12.74324417,13.28691101,0.82950928,1.17205322,2.00156250,13.24164101,13.94999939,12.03903550,12.35000181
12.75112152,13.28075409,0.83604736,1.16273193,1.99877930,13.25220614,13.94999947,12.05423865,12.35000183
12.75901318,13.27461147,0.84254639,1.15344971,1.99599609,13.26273417,13.94999995,12.06941692,12.35000167
12.76691723,13.26848602,0.84900146,1.15186279,2.00086426,13.27322129,13.94999882,12.08000109,12.34385955
12.77483368,13.26237583,0.84924561,1.16809814,2.01734375,13.27999923,13.94503669,12.08000177,12.32340732
12.78276443,13.25628281,0.83805664,1.18446289,2.02251953,13.27999906,13.93089128,12.08000052,12.30282851
12.79070759,13.25020695,0.82680420,1.17877930,2.00558350,13.28000014,13.91668875,12.09312050,12.30000018
12.79866409,13.24414730,0.81548096,1.16962402,1.98510498,13.27999926,13.90242206,12.10829705,12.30000021
12.80663204,13.23810577,0.81881592,1.16051270,1.97932861,13.28866668,13.89999862,12.12344147,12.30000109
12.81461334,13.23208332,0.82510986,1.16601563,1.99112549,13.29906738,13.89999843,12.13000029,12.28820968
12.82260799,13.22607613,0.83136719,1.18278809,2.01415527,13.30943310,13.89999950,12.13000076,12.26728373
12.83061600,13.22008610,0.83758057,1.19504150,2.03262207,13.31975870,13.89999831,12.13271797,12.25000233
12.83863831,13.21411324,0.84366943,1.18602295,2.02969238,13.32999970,13.89992815,12.14788685,12.25000076
12.84667301,13.20815945,0.83215088,1.17704834,2.00919922,13.32999983,13.88555909,12.16302412,12.25000132
12.85472012,13.20222282,0.82055908,1.16811768,1.98867676,13.32999911,13.87112276,12.17813045,12.25000153
12.86278152,13.19630337,0.80889160,1.15923096,1.96812256,13.32999963,13.85661607,12.19320640,12.25000237
12.87085438,13.19040298,0.79714844,1.15039307,1.94754150,13.32999908,13.84204071,12.20824645,12.25000157
12.87894249,13.18452168,0.78532959,1.14159912,1.92692871,13.32999986,13.82739791,12.22326020,12.25000074
12.88704109,13.17865849,0.77343262,1.14723389,1.92066650,13.32999934,13.81268214,12.23000039,12.23821014
12.89515495,13.17281342,0.76402100,1.16474609,1.92876709,13.33146598,13.79999822,12.23000102,12.21667339
12.90328121,13.16698647,0.77004395,1.17631104,1.94635498,13.34175811,13.79999965,12.23346852,12.20000218
12.91142178,13.16117859,0.77602295,1.16761475,1.94363770,13.35201374,13.79999808,12.24850108,12.20000204
12.91957474,13.15539074,0.78196289,1.15896729,1.94093018,13.36223316,13.79999873,12.26349931,12.20000069
12.92774200,13.14962006,0.78786377,1.15036133,1.93822510,13.37241904,13.79999813,12.27846825,12.20000184
12.93592262,13.14386749,0.78915527,1.14180176,1.93095703,13.37999857,13.79621910,12.29340433,12.20000228
12.94411755,13.13813496,0.77693115,1.13329102,1.91022217,13.37999879,13.78127535,12.30830793,12.20000134
12.95232296,13.13242435,0.76462646,1.12482910,1.88945557,13.37999896,13.76625940,12.32317600,12.20000030
12.96054363,13.12672997,0.75222900,1.11640869,1.86863770,13.37999883,13.75115436,12.33801589,12.20000044
12.96877861,13.12105560,0.75662354,1.10803467,1.86465820,13.38938476,13.74999893,12.35282342,12.20000177
12.97702599,13.11540031,0.76237061,1.09970947,1.86208008,13.39951150,13.74999858,12.36759624,12.20000075
12.98528671,13.10976601,0.76807861,1.09565918,1.86373779,13.40960437,13.74999975,12.38000031,12.19647671
12.99356270,13.10415077,0.77374756,1.11415039,1.88789795,13.41966558,13.75000029,12.37999994,12.17416593
13.00185013,13.09855461,0.77937744,1.13279297,1.91217041,13.42969129,13.75000008,12.38000064,12.15170549
13.01015282,13.09298038,0.76726563,1.12661377,1.89387939,13.42999885,13.73518433,12.39367229,12.15000082
13.01846504,13.08742619,0.75450684,1.11843994,1.87294678,13.42999917,13.71981867,12.40842921,12.15000192
13.02679348,13.08189011,0.74164551,1.11031250,1.85195801,13.42999921,13.70435551,12.42315690,12.15000134
13.03513432,13.07637596,0.74200928,1.10223389,1.84424316,13.43721896,13.69999902,12.43784891,12.15000147
13.04348946,13.07088089,0.74752686,1.09420166,1.84172852,13.44722976,13.69999945,12.45250960,12.15000084
13.05185795,13.06540585,0.75300537,1.08621582,1.83922119,13.45720826,13.69999880,12.46713712,12.15000082
13.06023979,13.05995274,0.75844482,1.07827881,1.83672363,13.46715401,13.69999914,12.48173102,12.15000061
13.06863403,13.05451870,0.76384766,1.07038574,1.83423340,13.47706777,13.69999922,12.49629261,12.15000176
13.07704258,13.04910660,0.75616943,1.06254395,1.81871338,13.47999989,13.68896409,12.51082047,12.15000029
13.08546448,13.04371357,0.74290283,1.05474365,1.79764648,13.47999947,13.67319497,12.52531951,12.15000112
13.09389877,13.03834248,0.72953125,1.06547363,1.79500488,13.48000003,13.65732684,12.53000146,12.13432155
13.10234737,13.03299141,0.72622559,1.08519775,1.81142334,13.48536750,13.64999965,12.53000099,12.11099697
13.11080933,13.02766132,0.73151611,1.09040283,1.82191895,13.49527332,13.64999824,12.53772471,12.10000173
13.11928368,13.02235317,0.73677002,1.08271729,1.81948730,13.50514840,13.64999832,12.55223779,12.09999989
13.12777138,13.01706505,0.74198730,1.07507324,1.81706055,13.51499332,13.64999812,12.56672141,12.10000164
13.13627338,13.01179790,0.74716797,1.06747803,1.81464600,13.52480944,13.64999833,12.58117236,12.10000169
13.14478779,13.00655270,0.75230957,1.05993164,1.81224121,13.53459249,13.64999810,12.59559056,12.10000017
13.15331459,13.00132751,0.75741699,1.05242920,1.80984619,13.54434638,13.64999894,12.60997680,12.10000004
13.16185284,12.99612522,0.76248535,1.04497314,1.80745850,13.55406776,13.64999933,12.62432898,12.10000194
13.17040634,12.99094391,0.76751709,1.05444336,1.82196045,13.56376200,13.64999915,12.62999980,12.08550945
13.17897129,12.98578358,0.77251221,1.07512451,1.84763672,13.57342516,13.64999835,12.62999999,12.06137930
13.18755054,12.98064423,0.77145508,1.08096680,1.85242188,13.57999987,13.64481776,12.63764855,12.05000088
13.19614220,12.97552776,0.75740234,1.07362305,1.83102539,13.58000020,13.62845300,12.65202083,12.05000174
13.20474625,12.97043228,0.74322754,1.06632568,1.80955322,13.57999925,13.61197137,12.66636212,12.05000136
13.21336365,12.96535778,0.73428467,1.05907471,1.79335938,13.58269292,13.59999933,12.68067203,12.05000051
13.22199440,12.96030521,0.73917480,1.05187012,1.79104492,13.59236141,13.59999865,12.69494993,12.05000037
13.23063564,12.95527554,0.74402832,1.04471191,1.78874023,13.60199914,13.59999822,12.70919331,12.05000157
13.23929119,12.95026684,0.74884766,1.03760010,1.78644775,13.61161085,13.59999824,12.72340668,12.05000180
13.24796009,12.94527912,0.75363281,1.03053467,1.78416748,13.62119606,13.59999837,12.73758873,12.05000111
13.25663948,12.94031334,0.81586426,1.02351563,1.83937988,13.65910677,13.64999961,12.75173740,12.04999981
13.26533222,12.93537045,0.82050293,1.01654053,1.83704346,13.66848391,13.64999890,12.76585804,12.05000031
13.27403736,12.93044853,0.82510986,1.00961182,1.83472168,13.67783597,13.64999905,12.77994577,12.05000007
13.28275585,12.92554855,0.81498779,1.03145752,1.84644531,13.67999887,13.63716859,12.78000071,12.02491440
13.29148579,12.92067146,0.80031494,1.05308105,1.85339600,13.67999972,13.62035777,12.78026621,12.00000092
13.30022812,12.91581535,0.78550293,1.04621582,1.83171875,13.67999936,13.60341166,12.79440864,12.00000192
13.30898190,12.91098213,0.78614502,1.03939941,1.82554443,13.68750627,13.59999828,12.80851696,12.00000138
13.31774807,12.90617085,0.79065186,1.03262695,1.82327881,13.69687034,13.59999838,12.82259730,12.00000081
13.32652664,12.90138340,0.79512451,1.02590088,1.82102539,13.70620816,13.59999984,12.83664663,12.00000102
13.33531857,12.89661598,0.79956299,1.01921631,1.81877930,13.71552055,13.59999879,12.85066874,12.00000216
13.34412098,12.89187145,0.80396973,1.01258057,1.81655029,13.72480710,13.59999951,12.86465595,12.00000116
13.35293579,12.88714886,0.80834229,1.00598633,1.81432861,13.73406757,13.59999933,12.87861524,12.00000260
13.36176205,12.88244915,0.81268066,0.99944092,1.81212158,13.74330194,13.59999853,12.89254136,12.00000142
13.37060165,12.87777138,0.81698730,0.99293701,1.80992432,13.75251322,13.59999838,12.90644006,12.00000263
13.37944984,12.87311649,0.82125977,0.98647949,1.80773926,13.76169435,13.59999800,12.92030600,12.00000213
13.38831234,12.86848259,0.82550293,0.98901123,1.81451416,13.77085409,13.59999945,12.93000011,11.99207335
13.39718628,12.86387062,0.82971191,1.01260986,1.84232178,13.77998850,13.59999855,12.93000086,11.96547398
13.40607071,12.85928154,0.81408203,1.02365479,1.83773682,13.77999939,13.58240455,12.93587991,11.95000176
13.41496658,12.85471535,0.79827393,1.01730469,1.81557861,13.78000001,13.56463918,12.94977512,11.95000229
13.42387486,12.85017014,0.78599365,1.01099854,1.79699219,13.78168045,13.54999948,12.96364095,11.95000200
13.43279362,12.84564781,0.79014160,1.00473633,1.79487793,13.79086176,13.54999928,12.97747767,11.95000138
13.44172478,12.84114742,0.79425781,0.99851563,1.79277344,13.80001939,13.54999893,12.99128820,11.95000188
13.45066547,12.83667088,0.79834229,0.99234131,1.79068359,13.80915185,13.54999963,13.00506607,11.95000158
13.45961761,12.83221436,0.80239502,0.98620850,1.78860352,13.81826059,13.54999775,13.01881634,11.95000040
13.46858120,12.82778072,0.80641846,0.98011719,1.78653564,13.82734663,13.54999820,13.03253938,11.95000101
13.47755527,12.82336903,0.81041260,0.97406982,1.78448242,13.83641074,13.54999912,13.04623142,11.95000100
13.48654175,12.81898022,0.81437256,0.96806396,1.78243652,13.84545109,13.54999786,13.05989770,11.95000221
13.49553680,12.81461334,0.81830322,0.96210205,1.78040527,13.85446511,13.54999801,13.07353473,11.95000096
13.50454330,12.81026745,0.82220459,0.97254639,1.79475098,13.86345777,13.54999760,13.08000059,11.93527612
13.51356125,12.80594444,0.82607666,0.99801270,1.82408936,13.87242886,13.54999871,13.08000048,11.90702593
13.52258968,12.80164433,0.82673096,0.99991211,1.82664307,13.87999891,13.54712588,13.09031144,11.90000150
13.53162766,12.79736805,0.80978027,0.99405762,1.80383789,13.87999902,13.52838210,13.10397929,11.90000107
13.54067707,12.79311275,0.79264648,0.98824219,1.78088867,13.87999920,13.50945691,13.11762285,11.90000148
13.54973698,12.78887939,0.78599365,0.98246826,1.76846191,13.88454338,13.49999871,13.13123911,11.90000179
13.55880737,12.78466892,0.78977539,0.97673584,1.76651123,13.89354419,13.49999850,13.14482962,11.90000216
13.56788826,12.78047943,0.79353027,0.97104492,1.76457520,13.90252459,13.49999931,13.15839297,11.90000121
13.57697964,12.77631187,0.79725586,0.96539307,1.76264893,13.91148375,13.49999955,13.17193030,11.90000214
13.58608055,12.77216721,0.80094971,0.97281738,1.77376709,13.92041868,13.49999855,13.18000019,11.88815791
13.59519196,12.76804352,0.80461914,0.99978271,1.80440186,13.92933533,13.49999992,13.18000078,11.85854818
13.60431004,12.76394272,0.80825684,1.00359131,1.81184814,13.93822618,13.49999921,13.18969512,11.85000068
13.61344051,12.75986385,0.81186768,0.99804443,1.80991211,13.94709883,13.49999988,13.20326797,11.85000051
13.62258053,12.75580597,0.81544922,0.99253418,1.80798340,13.95594806,13.49999920,13.21681809,11.85000190
13.63173103,12.75176907,0.81900391,0.98706543,1.80606934,13.96477676,13.49999900,13.23034355,11.85000059
13.64089012,12.74775505,0.82253174,0.98163574,1.80416748,13.97358451,13.50000033,13.24384198,11.85000142
13.65005875,12.74376297,0.82013428,0.97624756,1.79638184,13.97999916,13.49460219,13.25731389,11.85000084
13.65923691,12.73979473,0.80166504,0.97090088,1.77256592,13.97999912,13.47449085,13.27076006,11.85000027
13.66842556,12.73584747,0.78297607,0.96559082,1.74856689,13.97999917,13.45416037,13.28418315,11.85000133
13.67762184,12.73192215,0.78191162,0.96032227,1.74223389,13.98706093,13.44999822,13.29757729,11.85000094
13.68682766,12.72801781,0.78535645,0.95509033,1.74044678,13.99590488,13.44999839,13.31095162,11.85000034
13.69604397,12.72413540,0.78877441,0.94989502,1.73866943,14.00472992,13.44999908,13.32430366,11.85000170
13.70526791,12.72027397,0.79216553,0.96434326,1.75650879,14.01353303,13.44999918,13.33000115,11.83194248
13.71450043,12.71643353,0.79552979,0.99371338,1.78924316,14.02231632,13.44999809,13.33000097,11.80012224
13.72374249,12.71261501,0.79886963,0.98871094,1.78758057,14.03108058,13.44999957,13.34336936,11.80000031
13.73299313,12.70881748,0.80218262,0.98361328,1.78579590,14.03982436,13.45000005,13.35676548,11.80000070
13.74225235,12.70503998,0.80546875,0.97855225,1.78402100,14.04854759,13.44999848,13.37013872,11.80000075
13.75152206,12.70128822,0.80872559,0.97353271,1.78225830,14.05725181,13.44999805,13.38348881,11.80000165
13.76079750,12.69755745,0.81195801,0.96854980,1.78050781,14.06593201,13.44999927,13.39681566,11.80000195
13.77008343,12.69384575,0.81516602,0.96360352,1.77876953,14.07459535,13.44999926,13.41012147,11.80000061
13.77937794,12.69015598,0.81834717,0.95869385,1.77704102,14.08323849,13.44999864,13.42340524,11.80000018
13.78867912,12.68648720,0.82150391,0.97187744,1.79338135,14.09186145,13.44999829,13.43000028,11.78321796
13.79799080,12.68283844,0.82463867,1.00272705,1.82736572,14.10046842,13.44999955,13.43019033,11.75000177
13.80731010,12.67920971,0.82774658,0.99787354,1.82562012,14.10905397,13.44999827,13.44354875,11.75000079
13.81663704,12.67560196,0.83083252,0.99305420,1.82388672,14.11761986,13.44999980,13.45688673,11.75000142
13.82597256,12.67201614,0.83389160,0.98827148,1.82216309,14.12616614,13.45000005,13.47020359,11.75000265
13.83531475,12.66845417,0.82380859,0.98353027,1.80733887,14.12999930,13.43775358,13.48349616,11.75000143
13.84466743,12.66491127,0.80279785,0.97882080,1.78161865,14.12999916,13.41529131,13.49677335,11.75000150
13.85402584,12.66138935,0.78947021,0.97414795,1.76361816,14.13281013,13.39999786,13.51002662,11.75000099
13.86339283,12.65788841,0.79248047,0.96950928,1.76198975,14.14141763,13.39999858,13.52326126,11.75000144
13.87276840,12.65440750,0.79546631,0.96490479,1.76037109,14.15000746,13.39999795,13.53647598,11.75000239
13.88214970,12.65094757,0.79843018,0.96033691,1.75876709,14.15857702,13.39999945,13.54966807,11.75000195
13.89153957,12.64750767,0.80136963,0.95580322,1.75717285,14.16712724,13.40000001,13.56284284,11.75000097
13.90093613,12.64408779,0.80428467,0.95130127,1.75558594,14.17565832,13.39999889,13.57599699,11.75000239
13.91034031,12.64069271,0.79488770,0.97375732,1.76864502,14.17999980,13.38844280,13.58000068,11.72468013
13.91975403,12.63731670,0.77246094,0.99551514,1.76797607,14.17999911,13.36461884,13.58436113,11.70000033
13.92917347,12.63396168,0.75982178,0.99107178,1.75089355,14.18337927,13.34999837,13.59760073,11.70000088
13.93860149,12.63062668,0.76268799,0.98666260,1.74935059,14.19197278,13.34999857,13.61082398,11.70000058
13.94803619,12.62731266,0.76552979,0.98228760,1.74781738,14.20054614,13.34999833,13.62402870,11.70000038
13.95747852,12.62401772,0.76835205,0.97794434,1.74629639,14.20910284,13.34999984,13.63721573,11.70000104
13.96692848,12.62074375,0.77114746,0.97363525,1.74478271,14.21763887,13.34999864,13.65038660,11.70000122
13.97638512,12.61749172,0.77392090,0.96936035,1.74328125,14.22615646,13.34999960,13.66353862,11.70000249
13.98584938,12.61426258,0.77666748,0.96512451,1.74179199,14.23465378,13.34999942,13.67667302,11.70000046
13.99531937,12.61105347,0.77938965,0.96091797,1.74030762,14.24312889,13.34999774,13.68979231,11.70000104
14.00479698,12.60786438,0.78209229,0.95674316,1.73883545,14.25158611,13.34999878,13.70289679,11.70000220
14.01428318,12.60469532,0.78477051,0.95260254,1.73737305,14.26002536,13.34999762,13.71598627,11.70000171
14.02377415,12.60154724,0.78742676,0.94849609,1.73592285,14.26844336,13.34999756,13.72905747,11.70000028
14.03327274,12.59842014,0.79006104,0.98371582,1.77377686,14.27684302,13.34999844,13.73000006,11.66261970
14.04277802,12.59531307,0.77559570,0.99289307,1.76848877,14.27999981,13.33374011,13.73909419,11.65000215
14.05229187,12.59222984,0.75048584,0.98884277,1.73932861,14.27999959,13.30733697,13.75226338,11.65000218
14.06181145,12.58916664,0.74539063,0.98482422,1.73021484,14.28614503,13.29999823,13.76541766,11.65000247
14.07133675,12.58612442,0.74797363,0.98083984,1.72881348,14.29460672,13.29999768,13.77855626,11.65000140
14.08086967,12.58310223,0.75053711,0.97688721,1.72742432,14.30305096,13.29999927,13.79168203,11.65000040
14.09040833,12.58010197,0.75307373,0.97296631,1.72604004,14.31147311,13.29999806,13.80479408,11.65000095
14.09995365,12.57712173,0.75559082,0.96907715,1.72466797,14.31987567,13.29999914,13.81789437,11.65000092
14.10950565,12.57416248,0.75808350,0.96521973,1.72330322,14.32825775,13.29999863,13.83098245,11.65000126
14.11906528,12.57122707,0.73740723,0.96139893,1.69880615,14.32999998,13.27782169,13.84405796,11.65000026
14.12863159,12.56831264,0.71085693,0.95760742,1.66846436,14.33017980,13.24999872,13.85712259,11.65000178
14.13820267,12.56541920,0.71332031,0.95385010,1.66717041,14.33864397,13.24999877,13.87017308,11.65000114
14.14777851,12.56254673,0.71576172,0.96165039,1.67741211,14.34708743,13.24999913,13.88000016,11.63893088
14.15736294,12.55969429,0.71818115,0.99844727,1.71662842,14.35551293,13.24999910,13.88188603,11.60000196
14.16695309,12.55686283,0.72057861,0.99474365,1.71532227,14.36391745,13.24999964,13.89504791,11.60000202
14.17655087,12.55405331,0.72295166,0.99107422,1.71402588,14.37230221,13.24999906,13.90820082,11.60000073
14.18615627,12.55126858,0.72530029,0.98743896,1.71273926,14.38066820,13.25000002,13.92134367,11.60000101
14.19576359,12.54850483,0.72762451,0.98383545,1.71145996,14.38900853,13.24999882,13.93447329,11.60000097
14.20538139,12.54576111,0.72992920,0.98026123,1.71019043,14.39733314,13.24999906,13.94759906,11.60000203
14.21500206,12.54303932,0.73221191,0.97672119,1.70893311,14.40563454,13.25000009,13.96071122,11.60000145
14.22463226,12.54033756,0.73447266,0.97321045,1.70768311,14.41391747,13.25000027,13.97382056,11.60000145
14.23426437,12.53765869,0.73670898,0.96973389,1.70644287,14.42217548,13.24999960,13.98691600,11.60000064
14.24390793,12.53500366,0.73892090,0.96628906,1.70520996,14.43041633,13.24999924,14.00001034,11.60000182
14.25355339,12.53237152,0.74111084,0.96287842,1.70398926,14.43863227,13.25000031,14.01309211,11.60000184
14.26320934,12.52975941,0.74327881,0.95949707,1.70277588,14.44683018,13.25000019,14.02617358,11.60000207
14.27286625,12.52717113,0.74542236,0.99397217,1.73939453,14.45500178,13.24999972,14.03000038,11.56332630
14.28253078,12.52460289,0.74754639,1.00436035,1.75190674,14.46315334,13.25000010,14.03985671,11.55000090
14.29220104,12.52205753,0.74964600,1.00104004,1.75068604,14.47128194,13.24999924,14.05306531,11.55000032
14.30187511,12.51953411,0.75172363,0.99775146,1.74947510,14.47938702,13.24999831,14.06626623,11.54999997
14.31156063,12.51703644,0.75377686,0.99449707,1.74827393,14.48747368,13.24999900,14.07946938,11.55000076
14.32124805,12.51456070,0.75580811,0.99127441,1.74708252,14.49553452,13.24999946,14.09266396,11.55000155
14.33094406,12.51210690,0.75781738,0.98808350,1.74590088,14.50357454,13.24999977,14.10585906,11.55000206
14.34064198,12.50967598,0.75980469,0.98492676,1.74473145,14.51158897,13.25000044,14.11904520,11.55000123
14.35034466,12.50726795,0.76176758,0.99183350,1.75360107,14.51957833,13.24999926,14.12999973,11.54021998
14.36005783,12.50488091,0.76371094,1.02995361,1.79366455,14.52754820,13.24999927,14.13417746,11.50000155
14.36977291,12.50251865,0.74025879,1.02686035,1.76711914,14.52999985,13.22522912,14.14751187,11.50000071
14.37949753,12.50018215,0.71634277,1.02380127,1.74014404,14.53248201,13.19999836,14.16085122,11.50000075
14.38922405,12.49786854,0.71824951,1.02077393,1.73902344,14.54053250,13.19999966,14.17418496,11.50000201
14.39896202,12.49557590,0.72013428,1.01777832,1.73791260,14.54856339,13.19999964,14.18752780,11.50000157
14.40869904,12.49330902,0.72199463,1.01481689,1.73681152,14.55656454,13.19999990,14.20086312,11.50000268
14.41844463,12.49106312,0.72383301,1.01188721,1.73572021,14.56454311,13.19999857,14.21420529,11.50000205
14.42819214,12.48884106,0.72565186,1.00899170,1.73464355,14.57249531,13.20000013,14.22754398,11.50000103
14.43794632,12.48664665,0.72744141,1.00613281,1.73357422,14.58042254,13.19999894,14.24088578,11.50000067
14.44770813,12.48447609,0.72920898,1.00330566,1.73251465,14.58832570,13.19999858,14.25423492,11.50000144
14.45747471,12.48232937,0.73095459,1.00051270,1.73146729,14.59620342,13.19999846,14.26758626,11.50000153
14.46724796,12.48020649,0.73267822,0.99775391,1.73043213,14.60405653,13.19999870,14.28094341,11.50000062
14.47702503,12.47810650,0.73438232,0.99502686,1.72940918,14.61188351,13.20000024,14.29430303,11.50000063
14.48680973,12.47603130,0.73605957,0.99233154,1.72839111,14.61968448,13.19999815,14.30767233,11.50000278
14.49659538,12.47398090,0.73771729,0.98967529,1.72739258,14.62745653,13.19999894,14.32104027,11.50000058
14.50639153,12.47195816,0.73934814,1.01242676,1.75177490,14.63520496,13.19999853,14.33000078,11.47501571
14.51618958,12.46996021,0.74095703,1.03521484,1.77617188,14.64292339,13.19999846,14.33912569,11.45000035
14.52598953,12.46798801,0.74254395,1.03263428,1.77517822,14.65061139,13.19999954,14.35268153,11.45000087
14.53580189,12.46603966,0.74410889,1.03008789,1.77419678,14.65827762,13.19999993,14.36625578,11.45000074
14.54561234,12.46411705,0.74564941,1.02757568,1.77322510,14.66590925,13.19999861,14.37983176,11.45000239
14.55543232,12.46221924,0.74717041,1.02510010,1.77227051,14.67351585,13.19999961,14.39342452,11.45000205
14.56525326,12.46034622,0.74866943,1.02266113,1.77133057,14.68109096,13.19999988,14.40702226,11.45000039
14.57508373,12.45850277,0.75014160,1.02025879,1.77040039,14.68863777,13.19999981,14.42064022,11.45000134
14.58491707,12.45668697,0.75158936,1.04672852,1.79831787,14.69615318,13.19999919,14.43000001,11.42148592
14.59475422,12.45489597,0.75301758,1.06609863,1.81911621,14.70363844,13.19999981,14.44059936,11.40000137
14.60459900,12.45313072,0.75442383,1.06378174,1.81820557,14.71109457,13.20000020,14.45443402,11.40000106
14.61444378,12.45139217,0.75580566,1.06150146,1.81730713,14.71851666,13.19999820,14.46827722,11.40000233
14.62429619,12.44968033,0.75716797,1.05926025,1.81642822,14.72590883,13.19999908,14.48214248,11.40000197
14.63414955,12.44799423,0.73350830,1.05705566,1.79056396,14.73000000,13.17521299,14.49601989,11.40000240
14.64401436,12.44633865,0.70941406,1.05489502,1.76430908,14.73419008,13.14999811,14.50992354,11.40000070
14.65387821,12.44471264,0.71072998,1.05277344,1.76350342,14.74166858,13.14999976,14.52383815,11.40000147
14.66375351,12.44311142,0.71202393,1.05068848,1.76271240,14.74912057,13.14999935,14.53778276,11.40000181
14.67362785,12.44153881,0.71329590,1.04864502,1.76194092,14.75653698,13.14999990,14.55173981,11.40000163
14.68350506,12.43999386,0.71454346,1.04664063,1.76118408,14.76391884,13.14999806,14.56571750,11.40000219
14.69339275,12.43847561,0.71577393,1.04467773,1.76045166,14.77127363,13.14999991,14.57972500,11.40000023
14.70327950,12.43698788,0.71697754,1.09303223,1.81000977,14.77858878,13.14999933,14.58847049,11.35000194
14.71317387,12.43552780,0.71815918,1.09113281,1.80929199,14.78587366,13.14999778,14.60271767,11.35000017
14.72307110,12.43410110,0.71931641,1.08927734,1.80859375,14.79312305,13.14999835,14.61698982,11.35000148
14.73297596,12.43270206,0.72045410,1.08746582,1.80791992,14.80034056,13.14999986,14.63129468,11.35000043
14.74287891,12.43133259,0.72156738,1.08569580,1.80726318,14.80751894,13.14999881,14.64561925,11.35000197
14.75278854,12.42999172,0.72266113,1.08397217,1.80663330,14.81466366,13.14999907,14.65997755,11.35000016
14.76269913,12.42868042,0.72373291,1.08229004,1.80602295,14.82177135,13.14999852,14.67436090,11.35000156
14.77261353,12.42739964,0.72478271,1.08065674,1.80543945,14.82884231,13.14999792,14.68877597,11.34999990
14.78253746,12.42614937,0.72581299,1.07906738,1.80488037,14.83588172,13.14999939,14.70323045,11.35000032
14.79246140,12.42493057,0.72681885,1.07752441,1.80434326,14.84288119,13.14999848,14.71771298,11.35000196
14.80239296,12.42374420,0.72780273,1.11033691,1.83813965,14.84984496,13.14999839,14.73000012,11.31576976
14.81232643,12.42259026,0.72876465,1.12468262,1.85344727,14.85677072,13.14999843,14.74373677,11.30000105
14.82226467,12.42146683,0.72970703,1.12327393,1.85298096,14.86365894,13.14999883,14.75854443,11.30000169
14.83220387,12.42037487,0.73062988,1.12191650,1.85254639,14.87050789,13.14999999,14.77338623,11.30000122
14.84214497,12.41931438,0.73153076,1.12061035,1.85214111,14.87731620,13.14999912,14.78826720,11.30000003
14.85209370,12.41828537,0.73241211,1.11935303,1.85176514,14.88408966,13.14999825,14.80319393,11.30000097
14.86204243,12.41728973,0.73327393,1.11814941,1.85142334,14.89082089,13.14999871,14.81815894,11.30000180
14.87199783,12.41632652,0.73411621,1.11699951,1.85111572,14.89751119,13.14999926,14.83317781,11.30000178
14.88195324,12.41540051,0.73493408,1.11590820,1.85084229,14.90416145,13.14999899,14.84823276,11.30000186
14.89191628,12.41450787,0.73573242,1.11487305,1.85060547,14.91077509,13.14999857,14.86333905,11.30000110
14.90187550,12.41364956,0.73651123,1.11389404,1.85040527,14.91734232,13.14999836,14.87848359,11.30000117
14.91184235,12.41282463,0.73727295,1.11297119,1.85024414,14.92387235,13.14999945,14.89368211,11.30000157
14.92181110,12.41203499,0.70667725,1.11210938,1.81878662,14.92999980,13.11866476,14.90892442,11.30000032
14.93178082,12.41127872,0.68873535,1.11130371,1.80003906,14.93646728,13.09999815,14.92421900,11.30000071
14.94175816,12.41055775,0.68944336,1.16055908,1.85000244,14.94311462,13.09999975,14.93947477,11.25000095
14.95173264,12.40987206,0.69012939,1.15987549,1.85000488,14.94971861,13.09999849,14.95511753,11.25000154
14.96171379,12.40922165,0.69079834,1.15925537,1.85005371,14.95628832,13.09999866,14.97081849,11.25000207
14.97169399,12.40861225,0.69144287,1.15870605,1.85014893,14.96281605,13.09999812,14.98657147,11.25000171
14.98167801,12.40804005,0.69207031,1.15822266,1.85029297,14.96930502,13.09999973,15.00238498,11.25000254
14.99166107,12.40750408,0.69267822,1.15780762,1.85048584,14.97575168,13.09999957,15.01825353,11.25000191
15.00164986,12.40700531,0.69326660,1.20748047,1.90074707,14.98215772,13.09999782,15.03559981,11.20000223
15.01163769,12.40654469,0.69384033,1.20721436,1.90105469,14.98852270,13.09999987,15.05185551,11.20000045
15.02162647,12.40612221,0.69439209,1.20701904,1.90141113,14.99484759,13.09999772,15.06817456,11.20000110
15.03162003,12.40573883,0.69492920,1.20689941,1.90182861,15.00113465,13.09999904,15.08456468,11.20000127
15.04161072,12.40539360,0.69544922,1.20685547,1.90230469,15.00738002,13.09999985,15.10101333,11.20000099
15.05160904,12.40508842,0.69594971,1.20688965,1.90283936,15.01358991,13.09999889,15.11754037,11.20000099
15.06160450,12.40482235,0.69643555,1.20700195,1.90343750,15.01975289,13.09999925,15.13413810,11.20000178
15.07160282,12.40459728,0.69690186,1.20719727,1.90409912,15.02587696,13.09999743,15.15081073,11.20000132
15.08159924,12.40441513,0.72489502,1.20747559,1.93237061,15.03000028,13.12747139,15.16754889,11.20000242
15.09159756,12.40427589,0.74793213,1.20784180,1.95577393,15.03415387,13.14999881,15.18436384,11.20000178
15.10159779,12.40417862,0.74836914,1.20829346,1.95666260,15.03987508,13.14999807,15.20125335,11.20000182
15.11159611,12.40412331,0.74879395,1.20883301,1.95762695,15.04555266,13.14999906,15.21821489,11.20000135
15.12159920,12.40411091,0.74920410,1.25968506,2.00888916,15.05119006,13.14999921,15.23998262,11.15000092
15.13159657,12.40414143,0.74959961,1.26043457,2.01003418,15.05678236,13.14999827,15.25739494,11.15000023
15.14159775,12.40421581,0.74998291,1.26127686,2.01125977,15.06233649,13.14999866,15.27489464,11.15000238
15.15159512,12.40433502,0.75035156,1.26221924,2.01257080,15.06784988,13.14999857,15.29246888,11.15000183
15.16159725,12.40449905,0.75070801,1.26326172,2.01396973,15.07332788,13.14999960,15.31013345,11.15000024
15.17159367,12.40470791,0.75104980,1.26440186,2.01545166,15.07876669,13.14999910,15.32786905,11.15000076
15.18159008,12.40496349,0.75137695,1.26564453,2.01702148,15.08416901,13.14999805,15.34568940,11.15000231
15.19158745,12.40526485,0.75169434,1.26699463,2.01868896,15.08953190,13.14999908,15.36360396,11.15000161
15.20158005,12.40561390,0.75199707,1.31896240,2.07095947,15.09485612,13.14999925,15.38876808,11.10000204
15.21157360,12.40601063,0.75228516,1.32057617,2.07286133,15.10014590,13.14999775,15.40717599,11.10000099
15.22156334,12.40645504,0.75256348,1.32230225,2.07486572,15.10540063,13.14999926,15.42566867,11.10000020
15.23155499,12.40694904,0.75282715,1.32414307,2.07697021,15.11062477,13.14999989,15.44425840,11.10000146
15.24153805,12.40749550,0.75307373,1.32610596,2.07917969,15.11581170,13.15000003,15.46293265,11.10000110
15.25152206,12.40809155,0.75330566,1.32818848,2.08149414,15.12096798,13.14999791,15.48170809,11.10000170
15.26149845,12.40873814,0.75352783,1.33039307,2.08392090,15.12608905,13.14999953,15.50057088,11.10000212
15.27147293,12.40943718,0.76006592,1.33272705,2.09279297,15.12999973,13.15622062,15.51953715,11.10000010
15.28144646,12.41018772,0.78631104,1.33518555,2.12149658,15.12999965,13.18177632,15.53860880,11.10000143
15.29141331,12.41099072,0.81068115,1.33777588,2.14845703,15.12999980,13.20543999,15.55777585,11.10000047
15.30137730,12.41184807,0.83335205,1.34049805,2.17385010,15.12999989,13.22738806,15.57704841,11.10000181
15.31133556,12.41275883,0.85447266,1.34335693,2.19782959,15.12999966,13.24776833,15.59642233,11.10000084
15.32128906,12.41372490,0.85704590,1.34635254,2.20339844,15.13374695,13.24999972,15.61590315,11.10000211
15.33123493,12.41474533,0.85732666,1.40081055,2.25813721,15.13794345,13.24999820,15.64705941,11.05000179
15.34117603,12.41582298,0.85760010,1.40417480,2.26177490,15.14210699,13.24999889,15.66711785,11.05000132
15.35111237,12.41695881,0.85786377,1.40769043,2.26555420,15.14623684,13.24999920,15.68729781,11.05000169
15.36103916,12.41815090,0.85812012,1.41135742,2.26947754,15.15033421,13.25000036,15.70758739,11.05000105
15.37096310,12.41940308,0.85836426,1.41518311,2.27354736,15.15440356,13.24999996,15.72800430,11.04999997
15.38087273,12.42071342,0.85859863,1.41916504,2.27776367,15.15843606,13.24999838,15.74853502,11.05000053
15.39078045,12.42208481,0.85882568,1.42331299,2.28213867,15.16243944,13.24999900,15.76920499,11.05000076
15.40067482,12.42351627,0.85904297,1.42762451,2.28666748,15.16641218,13.25000031,15.78999072,11.05000073
15.41056633,12.42501068,0.85924805,1.43210938,2.29135742,15.17035758,13.24999977,15.81092243,11.05000074
15.42044353,12.42656708,0.85944336,1.43676514,2.29620850,15.17427220,13.25000044,15.83197780,11.05000126
15.43030834,12.42818642,0.85962646,1.44159668,2.30122314,15.17815787,13.25000010,15.85316560,11.05000190
15.44016552,12.42987061,0.86651855,1.44661133,2.31312988,15.18000022,13.25641062,15.87449905,11.05000155
15.45001030,12.43162060,0.87901123,1.45181152,2.33082275,15.17999994,13.26813428,15.89597065,11.04999980
15.45984554,12.43343639,0.89085938,1.45719971,2.34805908,15.17999988,13.27920045,15.91759570,11.05000016
15.46966648,12.43531895,0.90210205,1.46278076,2.36488281,15.18000044,13.28965010,15.93936712,11.04999987
15.47947884,12.43727016,0.91279297,1.46855957,2.38135254,15.18000014,13.29953672,15.96129926,11.05000071
15.48927021,12.43928814,0.92294434,1.47453613,2.39748047,15.18000015,13.30887331,15.98337355,11.05000093
15.49905109,12.44137764,0.93260742,1.48072266,2.41333008,15.18000029,13.31771276,16.00561553,11.04999983
15.50881481,12.44353676,0.94180664,1.48711426,2.42892090,15.17999997,13.32607883,16.02801399,11.05000135
15.51856232,12.44576645,0.95056641,1.49372070,2.44428711,15.18000019,13.33399623,16.05057908,11.05000156
15.52829456,12.44807053,0.95890625,1.50055176,2.45945801,15.18000006,13.34148656,16.07332588,11.05000164
15.53800583,12.45044613,0.96685547,1.50760498,2.47446045,15.18000014,13.34857835,16.09623937,11.05000041
15.54770470,12.45289707,0.96871826,1.51489014,2.48360840,15.18216140,13.34999976,16.11934452,11.05000000
15.55737782,12.45542240,0.96904053,1.48957031,2.45861084,15.18485827,13.34999979,16.12999996,11.08031384
15.56703281,12.45802879,0.96934570,1.47583252,2.44517822,15.18753250,13.34999886,16.14482348,11.10000097
15.57666302,12.46071148,0.96963867,1.48365723,2.45329590,15.19018118,13.34999827,16.16802409,11.10000175
15.58627129,12.46347141,0.96992188,1.49173096,2.46165283,15.19280246,13.34999871,16.19142274,11.10000055
15.59586143,12.46631241,0.97019043,1.50005859,2.47024902,15.19540347,13.34999948,16.21502896,11.10000086
15.60542202,12.46923256,0.97044189,1.48761230,2.45805420,15.19797951,13.34999815,16.22999985,11.11908709
15.61496353,12.47223568,0.97067871,1.46219971,2.43287842,15.20053844,13.34999935,16.23924038,11.15000025
15.62447453,12.47531891,0.97089844,1.47110840,2.44200684,15.20307285,13.34999848,16.26298369,11.15000164
15.63396168,12.47848701,0.97110107,1.46453857,2.43563965,15.20558937,13.34999979,16.27999924,11.16413971
15.64341450,12.48173714,0.97128174,1.43381592,2.40509766,15.20808693,13.34999874,16.28604945,11.20000058
15.65284252,12.48507500,0.97144287,1.44333740,2.41478027,15.21056612,13.34999856,16.30996204,11.20000042
15.66223526,12.48849583,0.97158447,1.44429199,2.41587646,15.21302531,13.34999848,16.33000049,11.20784405
15.67159653,12.49200439,0.97170166,1.40262451,2.37432617,15.21547153,13.34999856,16.33000037,11.25351351
15.68092823,12.49560356,0.97179443,1.36226807,2.33406250,15.21790322,13.34999948,16.32999985,11.29790554
15.69022274,12.49929333,0.97185547,1.37008545,2.34194092,15.22032532,13.34999861,16.35266653,11.30000087
15.69948196,12.50307655,0.97188721,1.38059326,2.35248047,15.22273392,13.34999812,16.37671604,11.30000051
15.70870018,12.50695133,0.97188721,1.34920166,2.32108887,15.22513482,13.34999902,16.37999946,11.33660839
15.71788216,12.51091862,0.97185547,1.34462158,2.31647705,15.22752624,13.34999793,16.39631960,11.35000098
15.72701931,12.51497650,0.97179443,1.35579346,2.32758789,15.22990545,13.34999875,16.42056488,11.34999997
15.73611832,12.51912975,0.97609375,1.33821045,2.31430420,15.23000035,13.35375759,16.42999874,11.37486703
15.74516964,12.52337456,0.98040771,1.32034912,2.30075684,15.23000127,13.35752131,16.43896478,11.40000015
15.75417614,12.52771568,0.98456299,1.33221191,2.31677490,15.23000131,13.36114542,16.46343696,11.40000214
15.76313972,12.53215408,0.98856445,1.32922852,2.31779297,15.23000129,13.36463419,16.48000022,11.41279733
15.77204800,12.53669071,0.99240967,1.29729248,2.28970215,15.23000113,13.36799219,16.48061961,11.45000122
15.78090668,12.54133224,0.99610840,1.30989746,2.30600586,15.23000087,13.37123268,16.50535606,11.45000074
15.78971004,12.54607010,0.99966553,1.32218750,2.32185303,15.23000007,13.37435499,16.52999918,11.45055575
15.79846191,12.55090904,1.00308838,1.29084717,2.29393555,15.23000027,13.37736998,16.52999975,11.48735892
15.80715561,12.55584431,1.00637939,1.26041748,2.26679688,15.23000125,13.38027886,16.52999975,11.52329959
15.81579304,12.56088161,1.00955078,1.24120117,2.25075195,15.23000015,13.38309782,16.53600131,11.55000060
15.82437229,12.56601906,1.01259521,1.25495850,2.26755371,15.23000056,13.38581861,16.56100609,11.55000160
15.83288956,12.57125759,1.01552490,1.25845459,2.27397949,15.23000003,13.38845710,16.57999983,11.55857099
15.84133911,12.57661057,1.01832520,1.23041016,2.24873535,15.23000109,13.39101350,16.57999952,11.59259323
15.84972191,12.58206177,1.02101807,1.23571777,2.25673584,15.23000132,13.39349528,16.59975736,11.59999999
15.85803795,12.58761692,1.02360107,1.25070068,2.27430176,15.23000030,13.39590396,16.62541416,11.60000058
15.86628342,12.59327316,1.02608154,1.23158203,2.25766357,15.23000020,13.39824955,16.62999950,11.62707856
15.87446117,12.59903431,1.02845703,1.21777344,2.24623047,15.23000079,13.40052954,16.63755259,11.65000136
15.88256168,12.60489464,1.03072754,1.23361084,2.26433838,15.23000104,13.40274409,16.66356913,11.65000045
15.89058304,12.61086464,1.03289307,1.23433838,2.26723145,15.23000080,13.40490446,16.67999874,11.66196310
15.89852428,12.61694336,1.03495361,1.20981445,2.24476807,15.23000017,13.40700951,16.67999905,11.69339139
15.90638542,12.62312412,1.03691895,1.21790527,2.25482422,15.23000122,13.40906643,16.70082735,11.70000156
15.91416550,12.62940788,1.03879150,1.23512695,2.27391846,15.23000029,13.41107651,16.72764047,11.70000099
15.92185974,12.63579178,1.04057373,1.21546143,2.25603516,15.23000006,13.41304588,16.72999926,11.72790573
15.92947197,12.64227867,1.04226807,1.19284912,2.23511719,15.23000013,13.41497640,16.72999958,11.75794590
15.93699074,12.64886761,1.04386719,1.17087402,2.21474121,15.23000092,13.41686765,16.72999968,11.78742536
15.94441700,12.65557003,1.04537354,1.17195313,2.21732666,15.23000046,13.41873105,16.74533903,11.80000127
15.95174694,12.66236877,1.04678955,1.19062256,2.23741211,15.23000117,13.42055829,16.77266342,11.80000104
15.95898533,12.66926670,1.04812500,1.18044434,2.22856934,15.23000113,13.42235896,16.77999930,11.82110117
15.96613026,12.67626762,1.04937744,1.16019775,2.20957520,15.23000099,13.42413573,16.77999902,11.84942033
15.97317600,12.68336105,1.05054932,1.14052246,2.19107178,15.23000161,13.42588767,16.77999875,11.87724156
15.98012257,12.69055557,1.05163818,1.12796143,2.17959961,15.23000059,13.42761727,16.78468507,11.90000121
15.98695660,12.69785404,1.05262939,1.14815918,2.20078857,15.23000114,13.42932317,16.81260840,11.90000154
15.99369049,12.70525074,1.05354492,1.15372803,2.20727295,15.23000158,13.43101661,16.82999968,11.91047075
16.00031853,12.71273613,1.05438721,1.13564209,2.19002930,15.23000039,13.43269609,16.83000016,11.93729345
16.00683975,12.72031593,1.05514893,1.11806641,2.17321533,15.23000140,13.43436181,16.83000020,11.96369221
16.01325989,12.72798729,1.05584473,1.10097656,2.15682129,15.23000040,13.43602178,16.82999962,11.98968803
16.01956749,12.73574543,1.05646240,1.08437988,2.14084229,15.23000012,13.43766873,16.82999952,12.01527350
16.02576256,12.74359798,1.05699951,1.06825684,2.12525635,15.23000010,13.43930633,16.83000009,12.04048016
16.03184509,12.75153065,1.05746582,1.07606445,2.13353027,15.23000109,13.44093629,16.84779187,12.04999979
16.03782463,12.75954723,1.05787354,1.09895996,2.15683350,15.23000006,13.44256697,16.87702405,12.04999990
16.04369545,12.76763916,1.05821777,1.08762207,2.14583984,15.23000073,13.44419347,16.87999999,12.07228569
16.04946327,12.77581024,1.05850342,1.07280762,2.13131104,15.23000151,13.44581920,16.87999892,12.09674705
16.05512428,12.78405094,1.05873779,1.05841797,2.11715576,15.23000003,13.44744799,16.87999928,12.12085429
16.06068039,12.79236221,1.05891602,1.04443359,2.10334961,15.23000016,13.44907640,16.87999970,12.14462967
16.06612778,12.80075073,1.05903564,1.03084717,2.08988281,15.23000191,13.45071231,16.87999839,12.16808925
16.07146645,12.80920410,1.05910645,1.01765625,2.07676270,15.23000152,13.45235511,16.87999900,12.19122406
16.07670403,12.81772423,1.05913330,1.02823975,2.08737305,15.23000051,13.45400755,16.89871029,12.20000047
16.08184052,12.82630253,1.05911865,1.05396240,2.11308105,15.23000008,13.45566740,16.92953382,12.20000168
16.08687782,12.83494377,1.05906250,1.04206055,2.10112305,15.23000093,13.45733853,16.92999861,12.22254080
16.09181404,12.84363937,1.05897217,1.02993896,2.08891113,15.23000118,13.45902595,16.92999910,12.24512448
16.09665108,12.85239220,1.05884277,1.01815430,2.07699707,15.23000173,13.46072340,16.92999743,12.26743753
16.10139084,12.86119556,1.05868408,1.00670654,2.06539063,15.23000087,13.46243721,16.92999872,12.28947270
16.10602760,12.87005234,1.05848389,1.01562012,2.07410400,15.23000198,13.46416279,16.94657818,12.30000065
16.11056900,12.87896538,1.05825684,1.04386475,2.10212158,15.23000045,13.46591215,16.97916198,12.30000097
16.11501312,12.88792133,1.05800049,1.03406006,2.09206055,15.23000039,13.46767777,16.97999979,12.32128362
16.11936378,12.89692783,1.05771484,1.02354980,2.08126465,15.23000185,13.46946264,16.97999861,12.34288637
16.12362099,12.90597534,1.05740967,1.01334229,2.07075195,15.23000088,13.47127016,16.97999962,12.36423909
16.12779045,12.91506577,1.05708496,1.00341797,2.06050293,15.23000092,13.47310033,16.98000024,12.38536198
16.13186646,12.92419529,1.05673828,0.99377930,2.05051758,15.23000073,13.47495286,16.98000029,12.40625108
16.13585472,12.93336487,1.05637451,0.98441162,2.04078613,15.23000065,13.47683111,16.97999973,12.42692092
16.13975525,12.94257450,1.05599121,0.97530762,2.03129883,15.23000186,13.47873330,16.97999842,12.44738121
16.14356804,12.95181561,1.05559326,1.00164551,2.05723877,15.23000206,13.48065813,17.01044480,12.45000041
16.14729881,12.96109676,1.05518555,1.01538818,2.07057373,15.23000186,13.48261656,17.02999901,12.45924660
16.15093994,12.97040844,1.05476318,1.00679688,2.06156006,15.23000045,13.48460268,17.02999888,12.47959765
16.15449715,12.97975731,1.05432373,0.99844727,2.05277100,15.23000062,13.48661502,17.02999772,12.49976177
16.15797043,12.98913097,1.05387451,0.99034424,2.04421875,15.23000073,13.48865450,17.02999972,12.51972002
16.16136360,12.99854183,1.05341553,0.98246826,2.03588379,15.23000137,13.49072957,17.02999883,12.53950281
16.16467667,13.00797558,1.05295166,0.97482178,2.02777344,15.23000033,13.49283352,17.02999925,12.55909449
16.16791153,13.01743793,1.05248047,0.96739502,2.01987549,15.23000103,13.49497229,17.02999874,12.57850878
16.17107010,13.02692890,1.05200439,0.96018066,2.01218506,15.23000073,13.49714348,17.02999865,12.59775679
16.17415047,13.03643894,1.05152100,0.99140381,2.04292480,15.23000175,13.49934240,17.06432065,12.60000044
16.17715645,13.04597950,1.04738770,1.00186279,2.04925049,15.23328849,13.49999965,17.07999901,12.61169343
16.18008804,13.05554008,1.04152100,0.99506592,2.03658691,15.23816359,13.49999958,17.07999973,12.63090486
16.18294716,13.06512642,1.03539063,0.98846680,2.02385742,15.24330977,13.50000034,17.08000025,12.64996095
16.18573380,13.07472706,1.02899414,0.98206299,2.01105713,15.24873209,13.49999976,17.08000001,12.66885052
16.18845177,13.08435249,1.02230957,0.97584473,1.99815430,15.25445278,13.49999983,17.07999971,12.68759668
16.19109726,13.09399223,1.01533203,0.96981445,1.98514648,15.26047570,13.50000044,17.07999883,12.70618547
16.19367409,13.10365105,1.00803955,0.96396484,1.97200439,15.26682397,13.50000016,17.07999936,12.72463158
16.19618416,13.11333275,1.00040527,0.95828857,1.95869385,15.27352560,13.50000036,17.07999913,12.74294370
16.19862556,13.12302685,0.99305420,0.95278564,1.94583984,15.28000159,13.50023591,17.07999915,12.76111369
16.20100403,13.13274193,0.99272461,0.94744629,1.94017090,15.28000189,13.50322436,17.07999912,12.77915726
16.20331573,13.14246750,0.99239258,0.94227295,1.93466553,15.28000159,13.50624497,17.07999897,12.79706219
16.20556450,13.15221214,0.99206055,0.97850098,1.97056152,15.28000030,13.50930467,17.11847800,12.80000039
16.20775032,13.16196632,0.99172607,0.98584473,1.97757080,15.28000090,13.51239709,17.12999780,12.81361376
16.20987511,13.17173767,0.99139160,0.98099854,1.97239014,15.28000218,13.51553068,17.12999989,12.83154875
16.21194077,13.18152523,0.99105957,0.97629639,1.96735596,15.28000115,13.51870125,17.12999787,12.84937191
16.21394348,13.19132137,0.99072510,0.97175049,1.96247559,15.28000031,13.52190620,17.12999955,12.86706798
16.21588898,13.20113087,0.99039063,0.96734375,1.95773438,15.28000078,13.52514763,17.12999860,12.88465414
16.21777534,13.21095085,0.99005615,0.96308105,1.95313721,15.28000218,13.52842948,17.12999791,12.90212225
16.21960449,13.22078419,0.98972412,0.95895508,1.94867920,15.28000028,13.53174688,17.12999781,12.91948886
16.22137642,13.23062229,0.98938965,0.95496826,1.94435791,15.28000248,13.53510043,17.12999946,12.93673711
16.22309494,13.24047661,0.98906250,0.96401855,1.95308105,15.28000029,13.53849852,17.14230959,12.95000088
16.22475624,13.25033760,0.98873047,0.99970703,1.98843750,15.28000247,13.54193346,17.17999836,12.95550454
16.22636414,13.26020527,0.98840332,0.99599854,1.98440186,15.28000167,13.54540559,17.17999876,12.97281337
16.22792053,13.27008629,0.98807861,0.99241211,1.98049072,15.28000132,13.54892055,17.17999711,12.99002912
16.22942352,13.27997208,0.98775635,0.98895508,1.97671143,15.28000031,13.55247554,17.17999895,13.00713790
16.23087502,13.28987026,0.98743408,0.98561523,1.97304932,15.28000060,13.55607305,17.17999793,13.02415782
16.23227692,13.29976940,0.98711670,0.98239502,1.96951172,15.28000039,13.55970938,17.17999841,13.04107279
16.23362732,13.30967903,0.98679932,0.97928955,1.96608887,15.28000020,13.56338803,17.17999712,13.05790081
16.23492813,13.31959438,0.98648193,0.97630127,1.96278320,15.28000251,13.56710940,17.17999875,13.07463376
16.23617935,13.32951927,0.98616943,0.97342285,1.95959229,15.28000044,13.57087401,17.17999932,13.09128413
16.23738480,13.33944511,0.98585938,1.00351807,1.98937744,15.28000045,13.57467671,17.21191779,13.10000005
16.23854256,13.34937668,0.98554932,1.01939209,2.00494141,15.28000213,13.57852233,17.22999830,13.11236240
16.23965263,13.35931778,0.98524170,1.01675537,2.00199707,15.28000164,13.58241230,17.22999876,13.12908742
16.24071693,13.36925983,0.98493652,1.01422363,1.99916016,15.28000160,13.58634521,17.22999916,13.14571942
16.24173355,13.37920952,0.98463135,1.01179688,1.99642822,15.28000120,13.59032508,17.22999965,13.16226937
16.24270439,13.38916206,0.98432617,1.00947021,1.99379639,15.28000185,13.59434939,17.22999862,13.17873334
16.24363136,13.39912033,0.98402344,1.00724121,1.99126465,15.28000106,13.59841605,17.22999827,13.19512229
16.24451637,13.40907955,0.98372314,1.00510986,1.98883301,15.28000147,13.60252783,17.23000040,13.21142560
16.24535751,13.41904163,0.98342285,1.00307129,1.98649414,15.28000216,13.60668358,17.23000032,13.22765067
16.24615860,13.42901134,0.98312744,1.00112061,1.98424805,15.28000077,13.61088674,17.22999901,13.24380727
16.24691582,13.43898106,0.98282959,1.05008545,2.03291504,15.28000104,13.61513371,17.27999739,13.25077413
16.24763107,13.44895649,0.98253174,1.04826660,2.03079834,15.28000157,13.61943150,17.27999843,13.26707609
16.24830627,13.45893288,0.98223633,1.04653564,2.02877197,15.28000076,13.62377401,17.27999917,13.28330089
16.24894142,13.46891403,0.98194092,1.04489014,2.02683105,15.28000033,13.62816595,17.27999836,13.29945296
16.24953842,13.47889233,0.98164551,1.04333008,2.02497559,15.28000157,13.63260050,17.27999896,13.31552545
16.25009537,13.48887730,0.98135010,1.04185303,2.02320313,15.28000114,13.63708408,17.27999857,13.33153315
16.25061417,13.49886227,0.98105469,1.04045898,2.02151367,15.28000102,13.64161573,17.27999935,13.34746488
16.25109482,13.50885010,0.98075928,1.03914551,2.01990479,15.28000072,13.64619998,17.27999976,13.36332355
16.25153542,13.51884174,0.97425781,1.03791260,2.01217041,15.28614650,13.65000010,17.27999965,13.37911393
16.25193787,13.52883244,0.93746338,1.03675781,1.97422119,15.32233791,13.64999988,17.27999937,13.39483116
16.25230408,13.53882694,0.92946777,1.03567627,1.96514404,15.33000049,13.65400679,17.27999753,13.41048571
16.25263405,13.54881954,0.92919434,1.03467285,1.96386719,15.33000220,13.65905832,17.27999947,13.42606689
16.25292778,13.55881786,0.92891846,1.03374023,1.96265869,15.33000168,13.66416004,17.27999947,13.44158857
16.25318527,13.56881237,0.92863770,1.08317627,2.01181396,15.33000127,13.66930773,17.33000028,13.45159314
16.25341034,13.57881355,0.92835449,1.08235596,2.01071045,15.33000134,13.67451033,17.33000041,13.46724197
16.25360107,13.58881092,0.92806641,1.08160400,2.00967041,15.33000180,13.67975919,17.32999891,13.48281633
16.25375557,13.59880829,0.92777100,1.08092529,2.00869629,15.33000197,13.68505405,17.33000028,13.49832527
16.25387764,13.60881138,0.92747070,1.08031006,2.00778076,15.33000273,13.69040236,17.32999935,13.51377489
16.25396729,13.61880779,0.92716797,1.07976074,2.00692871,15.33000090,13.69579237,17.32999953,13.52915313
16.25402451,13.62880993,0.92685791,1.07927490,2.00613281,15.33000078,13.70123755,17.32999916,13.54447196
16.25404358,13.63880920,0.92653564,1.07885986,2.00539551,15.33000122,13.70673612,17.33000026,13.55971497
16.25403214,13.64881134,0.92620850,1.07850342,2.00471191,15.33000114,13.71228501,17.33000001,13.57490080
16.25398827,13.65880775,0.92587402,1.07820801,2.00408203,15.33000057,13.71787942,17.32999959,13.59001703
16.25391388,13.66880512,0.92553223,1.07797119,2.00350342,15.33000072,13.72352633,17.32999934,13.60507111
16.25380898,13.67880630,0.92518311,1.07779297,2.00297607,15.33000069,13.72922429,17.33000034,13.62007183
16.25367355,13.68880367,0.92482422,1.07766846,2.00249268,15.33000241,13.73497083,17.32999836,13.63500654
16.25350571,13.69880390,0.92445801,1.07760498,2.00206299,15.33000085,13.74077235,17.32999963,13.64988290
16.25330925,13.70879936,0.92408203,1.12763428,2.05171631,15.33000164,13.74662239,17.37999852,13.66264486
16.25308418,13.71879864,0.92369873,1.12766602,2.05136475,15.33000121,13.75252210,17.37999848,13.67762851
16.25282860,13.72879314,0.92330322,1.12775391,2.05105713,15.33000229,13.75846684,17.37999998,13.69254869
16.25254250,13.73879147,0.92289795,1.12789307,2.05079102,15.33000161,13.76446140,17.37999919,13.70741970
16.25222778,13.74878597,0.92248291,1.12808350,2.05056641,15.33000049,13.77050055,17.37999869,13.72223170
16.25188255,13.75878048,0.92205322,1.12832764,2.05038086,15.33000124,13.77658508,17.37999982,13.73699278
16.25151062,13.76877499,0.92161377,1.12861816,2.05023193,15.33000232,13.78271758,17.37999962,13.75170074
16.25111008,13.77876377,0.92116455,1.12895752,2.05012207,15.33000126,13.78889290,17.37999930,13.76634975
16.25068283,13.78875542,0.92070313,1.12934326,2.05004639,15.33000166,13.79511398,17.37999917,13.78095595
16.25022697,13.79874325,0.92022949,1.12977539,2.05000488,15.33000121,13.80137575,17.37999779,13.79551130
16.24974442,13.80873299,0.91974365,1.18025391,2.09999756,15.33000137,13.80768105,17.42999755,13.81008287
16.24923706,13.81871891,0.91924805,1.18077637,2.10002441,15.33000101,13.81402669,17.42999801,13.82474608
16.24870110,13.82870674,0.91873779,1.18134521,2.10008301,15.33000076,13.82041556,17.42999815,13.83936784
16.24813652,13.83868980,0.91821045,1.18196045,2.10017090,15.33000253,13.82684178,17.42999855,13.85394110
16.24754524,13.84867191,0.91767334,1.18261963,2.10029297,15.33000050,13.83330985,17.42999915,13.86846924
16.24692917,13.85865593,0.91712158,1.18331787,2.10043945,15.33000105,13.83981987,17.42999743,13.88295919
16.24629021,13.86863422,0.91656006,1.18405762,2.10061768,15.33000074,13.84636586,17.42999826,13.89740160
16.24562263,13.87861633,0.91598145,1.18484131,2.10082275,15.33000076,13.85295290,17.42999883,13.91181252
16.24493217,13.88859177,0.91539063,1.18566162,2.10105225,15.33000156,13.85957385,17.42999797,13.92617728
16.24421692,13.89857006,0.91478760,1.18652344,2.10131104,15.33000102,13.86623202,17.42999883,13.94051406
16.24347496,13.90853882,0.91416748,1.18742432,2.10159180,15.33000166,13.87292035,17.42999759,13.95480411
16.24271011,13.91850758,0.91353516,1.18836426,2.10189941,15.33000196,13.87964467,17.42999857,13.96906206
16.24191856,13.92847729,0.91288574,1.18934326,2.10222900,15.33000283,13.88640519,17.42999806,13.98329046
16.24110222,13.93844414,0.91222412,1.19036133,2.10258545,15.33000084,13.89319881,17.42999848,13.99748478
16.24026489,13.94841099,0.91154785,1.24148438,2.15303223,15.33000222,13.90002391,17.47999891,14.01431186
16.23940277,13.95837021,0.91085693,1.24258301,2.15343994,15.33000236,13.90687992,17.47999880,14.02861281
16.23851585,13.96833420,0.91015137,1.24372070,2.15387207,15.33000135,13.91377301,17.47999979,14.04289200
16.23760605,13.97829151,0.90943115,1.24489258,2.15432373,15.33000057,13.92069444,17.47999952,14.05713439
16.23667526,13.98824883,0.90869629,1.24609863,2.15479492,15.33000200,13.92764729,17.47999971,14.07135194
16.23571968,13.99820137,0.90794678,1.24734131,2.15528809,15.33000137,13.93462679,17.47999951,14.08554041
16.23474312,14.00815201,0.90718262,1.24861816,2.15580078,15.33000230,13.94163674,17.48000047,14.09970158
16.23374176,14.01810360,0.90640381,1.24992920,2.15633301,15.33000078,13.94867646,17.47999893,14.11384349
16.23271751,14.02804852,0.90560791,1.25127686,2.15688477,15.33000085,13.95574127,17.47999954,14.12795530
16.23167229,14.03799629,0.90479736,1.25265625,2.15745361,15.33000185,13.96283857,17.47999944,14.14204920
16.23060226,14.04793835,0.90396973,1.25407227,2.15804199,15.33000224,13.96995832,17.47999976,14.15611962
16.22951317,14.05787849,0.90312988,1.25551758,2.15864746,15.33000260,13.97710481,17.47999924,14.17016886
16.22840309,14.06781673,0.90227783,1.25699463,2.15927246,15.33000075,13.98427911,17.47999864,14.18419591
16.22727013,14.07775497,0.90140625,1.25850830,2.15991455,15.33000233,13.99147800,17.48000048,14.19821152
16.22611809,14.08768559,0.85027832,1.31029297,2.16057129,15.38000135,14.00366356,17.52999799,14.21716492
16.22494316,14.09761620,0.84936279,1.31188477,2.16124756,15.38000143,14.01106746,17.52999936,14.23129520
16.22374725,14.10754585,0.84843262,1.31350586,2.16193848,15.38000096,14.01849452,17.52999796,14.24541120
16.22252655,14.11747169,0.84748291,1.31516357,2.16264648,15.38000052,14.02594507,17.52999781,14.25950699
16.22128868,14.12739563,0.84652100,1.31685059,2.16337158,15.38000064,14.03341562,17.52999887,14.27359121
16.22002792,14.13731384,0.84554199,1.31856934,2.16411133,15.38000000,14.04090673,17.52999842,14.28765464
16.21874619,14.14723396,0.84454590,1.32031982,2.16486572,15.38000063,14.04842243,17.52999805,14.30171086
16.21744347,14.15714836,0.84353516,1.32210205,2.16563721,15.37999992,14.05595649,17.52999793,14.31574991
16.21612167,14.16705704,0.84250732,1.32391357,2.16642090,15.38000200,14.06350774,17.52999772,14.32977410
16.21477699,14.17696762,0.84146484,1.32575928,2.16722412,15.38000080,14.07108187,17.52999805,14.34379458
16.21340942,14.18687248,0.84040283,1.32763916,2.16804199,15.38000062,14.07867513,17.52999965,14.35779890
16.21202278,14.19677830,0.83932617,1.32954590,2.16887207,15.38000066,14.08629006,17.52999860,14.37179867
16.21061707,14.20667553,0.83823486,1.33148193,2.16971680,15.38000071,14.09391857,17.52999749,14.38578268
16.20918274,14.21657372,0.83711914,1.38393799,2.22105713,15.38000088,14.10156974,17.57999869,14.40670003
16.20772934,14.22646427,0.83598877,1.38596436,2.22195313,15.38000074,14.10923546,17.57999937,14.42081491
16.20625496,14.23635674,0.83484131,1.38802246,2.22286377,15.38000105,14.11692257,17.57999984,14.43493016
16.20475960,14.24624348,0.83367676,1.39011230,2.22378906,15.38000133,14.12462599,17.58000078,14.44903426
16.20324135,14.25612831,0.83249512,1.39223389,2.22472900,15.37999982,14.13234816,17.57999987,14.46313363
16.20170021,14.26600933,0.83129150,1.39438965,2.22568115,15.38000141,14.14008617,17.57999927,14.47723001
16.20014000,14.27588463,0.83007568,1.39657715,2.22665283,15.37999991,14.14783851,17.58000081,14.49131834
16.19855499,14.28576183,0.82883545,1.39879639,2.22763184,15.38000177,14.15561231,17.57999842,14.50541060
16.19695091,14.29563236,0.82758301,1.40104980,2.22863281,15.38000066,14.16339822,17.58000009,14.51949706
16.19532394,14.30550003,0.82630859,1.40333496,2.22964355,15.38000205,14.17120152,17.57999998,14.53358164
16.19367599,14.31536198,0.82501953,1.40565186,2.23067139,15.38000064,14.17901804,17.57999986,14.54766206
16.19200516,14.32522392,0.82370850,1.40800293,2.23171143,15.38000189,14.18685370,17.57999980,14.56174653
16.19030952,14.33507824,0.82237793,1.41039063,2.23276855,15.38000118,14.19470067,17.58000062,14.57582790
16.18859291,14.34492683,0.82103027,1.41280762,2.23383789,15.37999998,14.20256026,17.57999867,14.58990755
16.18685341,14.35477734,0.81966064,1.41526123,2.23492188,15.38000123,14.21044053,17.57999899,14.60399546
16.18509102,14.36462021,0.81827393,1.41774902,2.23602295,15.37999973,14.21833194,17.57999968,14.61808063
16.18330765,14.37446117,0.81686768,1.42026855,2.23713623,15.37999994,14.22623994,17.57999981,14.63216993
16.18150330,14.38429451,0.81544189,1.42281982,2.23826172,15.38000174,14.23415891,17.57999938,14.64625788
16.17967224,14.39412880,0.81399414,1.42541016,2.23940430,15.38000192,14.24209643,17.57999951,14.66035736
16.17782211,14.40395260,0.81253174,1.42803223,2.24056396,15.38000075,14.25004043,17.58000071,14.67445470
16.17595100,14.41377449,0.81104980,1.43068359,2.24173340,15.38000107,14.25800084,17.57999857,14.68855763
16.17405319,14.42359257,0.80954590,1.43337646,2.24292236,15.37999979,14.26597354,17.57999875,14.70267174
16.17213631,14.43340778,0.80802246,1.43610107,2.24412354,15.38000164,14.27396207,17.57999996,14.71679119
16.17019463,14.44322014,0.80647949,1.43885986,2.24533936,15.38000103,14.28196478,17.57999842,14.73091977
16.16822815,14.45302296,0.80491455,1.44165771,2.24657227,15.38000026,14.28997612,17.57999890,14.74505113
16.16624069,14.46282387,0.80333008,1.49557617,2.29890625,15.38000102,14.29800158,17.62999931,14.76967692
16.16423035,14.47261715,0.80172607,1.49847168,2.30019775,15.38000105,14.30603656,17.62999956,14.78396576
16.16219521,14.48241043,0.80010010,1.50140381,2.30150391,15.38000091,14.31408855,17.62999841,14.79826979
16.16013718,14.49219322,0.79845459,1.50437256,2.30282715,15.38000002,14.32214701,17.62999775,14.81257820
16.15805817,14.50197315,0.79678955,1.50737793,2.30416748,15.38000012,14.33021962,17.62999956,14.82689896
16.15595436,14.51175308,0.79510254,1.51041992,2.30552246,15.37999991,14.33830942,17.62999953,14.84123607
16.15382957,14.52152252,0.79339600,1.51349609,2.30689209,15.38000047,14.34640633,17.62999953,14.85557724
16.15167809,14.53129196,0.79166504,1.51661377,2.30827881,15.38000119,14.35452004,17.63000004,14.86993863
16.14950562,14.54104996,0.78991699,1.51976563,2.30968262,15.38000035,14.36263885,17.62999998,14.88430510
16.14731026,14.55080795,0.78814697,1.52295410,2.31110107,15.38000116,14.37077350,17.62999887,14.89869257
16.14509201,14.56055546,0.78635742,1.52617920,2.31253662,15.38000060,14.37891531,17.62999768,14.91308651
16.14284897,14.57030392,0.78454590,1.52944580,2.31399170,15.37999983,14.38707320,17.62999766,14.92750603
16.14058304,14.58003998,0.78271240,1.53275146,2.31546387,15.38000021,14.39523611,17.62999913,14.94193332
16.13829231,14.58977222,0.78085693,1.53609375,2.31695068,15.37999970,14.40341274,17.62999776,14.95637669
16.13597870,14.59950352,0.77897949,1.53947754,2.31845703,15.38000065,14.41160396,17.62999906,14.97084468
16.13363838,14.60922527,0.77707764,1.54290283,2.31998047,15.38000117,14.41980353,17.62999980,14.98532585
16.13127518,14.61894417,0.77515625,1.54636475,2.32152100,15.38000070,14.42801525,17.62999799,14.99982963
16.12889099,14.62865543,0.77321533,1.54986572,2.32308105,15.38000013,14.43623807,17.62999971,15.01434500
16.12648010,14.63836288,0.77124756,1.55340820,2.32465576,15.38000174,14.44447408,17.62999942,15.02888400
16.12404633,14.64806271,0.76926025,1.55698975,2.32625000,15.38000168,14.45271954,17.62999945,15.04343905
16.12158966,14.65775394,0.76725342,1.52937012,2.29662354,15.38000028,14.46097242,17.59980352,15.04999956
16.11910820,14.66744518,0.76522217,1.51250732,2.27772949,15.38000049,14.46924140,17.57999873,15.05920681
16.11660194,14.67712402,0.76316650,1.51617676,2.27934326,15.38000177,14.47751638,17.57999958,15.07368292
16.11407089,14.68680000,0.76108887,1.51988770,2.28097656,15.38000185,14.48580520,17.58000023,15.08818484
16.11151886,14.69646740,0.75899414,1.52363525,2.28262939,15.37999989,14.49410130,17.57999935,15.10270522
16.10894012,14.70613003,0.76582275,1.52742920,2.29325195,15.37137987,14.50000056,17.57999993,15.11725410
16.10633850,14.71578407,0.79420898,1.53126221,2.32547119,15.34200511,14.50000081,17.57999954,15.13182162
16.10371208,14.72543526,0.80455322,1.53513916,2.33969238,15.33000243,14.50480126,17.57999972,15.14641908
16.10106277,14.73507786,0.80240479,1.53905762,2.34146240,15.33000212,14.51299930,17.58000059,15.16103705
16.09838676,14.74471188,0.80023193,1.54302002,2.34325195,15.33000100,14.52120695,17.58000049,15.17567765
16.09568596,14.75434113,0.79803467,1.54702637,2.34506104,15.33000151,14.52942637,17.57999997,15.19034858
16.09296227,14.76396084,0.79581543,1.53335205,2.32916748,15.33000239,14.53765487,17.56300927,15.20000003
16.09021187,14.77357864,0.79357422,1.50297363,2.29654785,15.33000068,14.54589694,17.52999826,15.20479174
16.08743858,14.78318310,0.79130859,1.50707031,2.29837891,15.33000164,14.55414473,17.52999936,15.21939336
16.08463860,14.79278374,0.78901855,1.51121338,2.30023193,15.33000217,14.56240532,17.52999961,15.23402930
16.08181572,14.80237484,0.78670898,1.51539795,2.30210693,15.33000082,14.57067365,17.52999895,15.24868920
16.07896614,14.81196213,0.78437256,1.51963135,2.30400391,15.33000112,14.57895631,17.52999948,15.26338402
16.07609367,14.82153797,0.78201416,1.52390625,2.30592041,15.33000113,14.58724734,17.52999969,15.27809870
16.07319450,14.83110619,0.77962891,1.52822754,2.30785645,15.33000271,14.59554909,17.52999807,15.29284490
16.07027054,14.84067059,0.78990234,1.50756104,2.29746338,15.31792515,14.60000051,17.50615258,15.29999930
16.06732368,14.85022640,0.81446289,1.48447021,2.29893311,15.29225166,14.60000026,17.47999865,15.30629784
16.06434822,14.85977745,0.82492432,1.48888916,2.31381348,15.28000202,14.60423662,17.47999877,15.32099790
16.06135178,14.86931419,0.82249512,1.49335205,2.31584717,15.28000123,14.61242983,17.48000025,15.33572279
16.05832672,14.87884712,0.82003906,1.49631592,2.31635498,15.28000041,14.62063741,17.47852986,15.34999943
16.05527878,14.88836765,0.81755859,1.45429688,2.27185547,15.28000195,14.62885299,17.43436363,15.34999985
16.05220604,14.89788151,0.81505615,1.45425049,2.26930664,15.28000233,14.63707904,17.42999776,15.36321400
16.04910660,14.90739059,0.81252930,1.45885742,2.27138672,15.28000151,14.64531944,17.42999793,15.37792679
16.04598236,14.91689014,0.82095703,1.46351318,2.28447021,15.26961872,14.65000075,17.42999929,15.39267161
16.04282951,14.92638397,0.84351318,1.46822021,2.31173340,15.24588116,14.65000046,17.42999893,15.40745750
16.03965569,14.93586540,0.85777344,1.47297119,2.33074463,15.23000007,14.65261104,17.42999880,15.42227067
16.03645325,14.94534111,0.85519775,1.47777588,2.33297363,15.23000007,14.66074228,17.42999884,15.43712594
16.03322792,14.95480347,0.85260010,1.47663330,2.32923340,15.23000039,14.66887965,17.42435199,15.45000002
16.02997589,14.96426296,0.84997803,1.43739990,2.28737793,15.23000032,14.67703189,17.38281652,15.45000012
16.02669716,14.97370720,0.84732910,1.43930908,2.28663818,15.23000094,14.68519073,17.37999909,15.46379348
16.02339554,14.98314476,0.84465820,1.44426025,2.28891846,15.23000230,14.69336092,17.37999910,15.47863901
16.02006531,14.99257565,0.84642822,1.44926514,2.29569336,15.22581069,14.70000035,17.37999814,15.49352678
16.01671028,15.00199413,0.86719971,1.43006348,2.29726318,15.20379264,14.70000034,17.35725943,15.49999972
16.01333046,15.01140690,0.88763428,1.40603760,2.29367188,15.18211391,14.70000101,17.33000080,15.50468257
16.00992203,15.02080631,0.88717285,1.41114258,2.29831543,15.18000126,14.70726653,17.32999910,15.51952461
16.00648880,15.03019905,0.88443359,1.41630127,2.30073486,15.18000023,14.71533489,17.32999892,15.53441160
16.00303268,15.03957939,0.88167236,1.42151123,2.30318359,15.18000000,14.72340956,17.32999977,15.54933674
15.99954510,15.04895401,0.87887939,1.38716064,2.26604004,15.18000095,14.73150107,17.29305521,15.54999913
15.99603367,15.05831718,0.87606445,1.37842041,2.25448486,15.18000123,14.73960108,17.27999829,15.55979259
15.99249649,15.06766987,0.87322510,1.38373535,2.25696045,15.18000106,14.74771158,17.27999803,15.57468416
15.98893166,15.07701492,0.88616943,1.38910889,2.27527832,15.16530659,14.75000119,17.27999955,15.58962308
15.98534298,15.08634758,0.90505859,1.38215820,2.28721680,15.14510386,14.75000064,17.26851227,15.59999905
15.98172569,15.09567261,0.91847168,1.34757813,2.26604980,15.13000005,14.75193776,17.23137429,15.59999905
15.97808456,15.10498333,0.91559082,1.35156738,2.26715820,15.13000156,14.75993001,17.22999896,15.61434056
15.97441483,15.11428833,0.91268555,1.35709961,2.26978516,15.13000095,14.76793570,17.22999924,15.62929049
15.97072029,15.12357903,0.90975586,1.36268555,2.27244141,15.13000033,14.77595034,17.22999983,15.64427760
15.96700001,15.13285828,0.90680176,1.34412842,2.25093018,15.12999968,14.78397448,17.20766360,15.64999956
15.96325111,15.14213085,0.90381836,1.31105713,2.21487549,15.13000036,14.79201546,17.17194458,15.64999981
15.95947742,15.15139008,0.90098145,1.27846191,2.17944336,15.12984321,14.80000056,17.13670005,15.64999981
15.95567608,15.16064167,0.91848877,1.27687012,2.19535889,15.11095173,14.79999998,17.12999994,15.66200066
15.95184898,15.16987896,0.93571777,1.28260986,2.21832764,15.09233894,14.80000038,17.12999916,15.67688004
15.94799328,15.17910862,0.94612793,1.28840820,2.23453613,15.08000108,14.80261475,17.12999863,15.69180650
15.94411278,15.18832397,0.94308105,1.27734619,2.22042725,15.08000257,14.81054711,17.11449773,15.69999987
15.94020462,15.19753170,0.94000977,1.24611572,2.18612549,15.08000176,14.81849432,17.08052502,15.69999928
15.93627071,15.20672417,0.93691162,1.25144531,2.18835693,15.08000198,14.82645142,17.08000025,15.71465953
15.93231106,15.21590424,0.93378906,1.25740723,2.19119629,15.08000160,14.83441950,17.08000074,15.72959805
15.92832375,15.22507477,0.93063965,1.26342773,2.19406738,15.08000046,14.84240286,17.07999955,15.74458660
15.92431068,15.23423100,0.92842285,1.24625977,2.17468262,15.07912695,14.85000006,17.05883520,15.74999981
15.92026806,15.24337959,0.94445068,1.22065430,2.16510498,15.06164149,14.84999995,17.02999907,15.75180270
15.91619968,15.25251293,0.96023193,1.22678467,2.18701660,15.04440342,14.85000010,17.02999965,15.76676012
15.91210365,15.26163864,0.97578613,1.23297607,2.20876221,15.02739302,14.85000091,17.02999928,15.78177257
15.90798187,15.27074909,0.99110840,1.23922607,2.23033447,15.01061534,14.85000067,17.02999841,15.79682921
15.90383148,15.27984905,1.00620605,1.21758789,2.22379395,14.99406181,14.85000054,17.00472382,15.79999932
15.89965630,15.28893185,1.01856689,1.19653809,2.21510498,14.98000216,14.85107939,16.97999889,15.80328897
15.89545345,15.29800415,1.01535156,1.20289795,2.21824951,14.98000104,14.85881666,16.97999980,15.81831430
15.89122200,15.30706787,1.01210693,1.20932129,2.22142822,14.98000123,14.86657145,16.97999893,15.83339734
15.88696575,15.31611443,1.00883789,1.21580566,2.22464355,14.98000023,14.87433685,16.97999945,15.84852472
15.88268089,15.32515049,1.00553955,1.19123779,2.19677734,14.98000029,14.88211836,16.95206423,15.84999968
15.87836933,15.33417130,1.00221191,1.16367188,2.16588379,14.98000171,14.88991425,16.92146722,15.84999975
15.87402821,15.34318447,0.99885498,1.13645020,2.13530518,14.98000176,14.89773187,16.89120943,15.84999948
15.86966228,15.35217857,1.00785889,1.10959229,2.11745117,14.96893213,14.90000079,16.86131226,15.84999924
15.86526966,15.36116028,1.02174805,1.08307617,2.10482422,14.95351247,14.90000102,16.83175303,15.84999958
15.86084747,15.37013245,1.03545166,1.05689209,2.09234375,14.93827704,14.90000064,16.80252097,15.84999896
15.85639954,15.37908649,1.04894775,1.03821289,2.08716064,14.92325013,14.90000033,16.77999915,15.85326972
15.85192299,15.38803005,1.06225830,1.04487549,2.10713379,14.90840821,14.90000089,16.77999807,15.86807310
15.84742165,15.39695549,1.07537842,1.05160156,2.12697998,14.89375806,14.90000027,16.77999952,15.88292292
15.84288979,15.40587234,1.08751221,1.05839600,2.14590820,14.88000039,14.90037583,16.77999953,15.89783509
15.83833218,15.41477203,1.08410400,1.03788086,2.12198486,14.88000181,14.90793438,16.75580203,15.89999956
15.83374596,15.42365932,1.08066895,1.01552734,2.09619629,14.88000119,14.91550952,16.72999998,15.90117838
15.82913303,15.43253136,1.07720459,1.02242432,2.09962891,14.88000017,14.92310365,16.72999859,15.91605258
15.82449436,15.44138622,1.07371338,1.02938965,2.10310303,14.87999977,14.93070983,16.72999948,15.93098149
15.81982517,15.45023251,1.07018799,1.03642578,2.10661377,14.88000101,14.93834101,16.72999983,15.94597489
15.81513119,15.45905781,1.06663818,1.04352539,2.11016357,14.88000010,14.94598195,16.72999909,15.96101592
15.81040764,15.46787357,1.07059814,1.05069580,2.12129395,14.87339764,14.95000026,16.72999868,15.97611966
15.80565834,15.47667122,1.08273926,1.05793457,2.14067383,14.85964457,14.95000025,16.72999970,15.99127658
15.80087852,15.48545742,1.09471924,1.05196045,2.14667969,14.84605075,14.95000048,16.71841155,15.99999988
15.79607391,15.49422359,1.10653076,1.02835938,2.13489014,14.83262622,14.95000049,16.69145839,15.99999980
15.79123974,15.50298023,1.11818848,1.02254883,2.14073730,14.81935498,14.95000139,16.67999834,16.00866230
15.78637981,15.51171684,1.12968994,1.02996582,2.15965576,14.80623992,14.95000051,16.67999722,16.02384729
15.78149223,15.52043724,1.14103271,1.03745605,2.17848877,14.79328248,14.95000131,16.67999775,16.03909215
15.77657509,15.52914715,1.15223389,1.04502197,2.19725586,14.78046644,14.95000080,16.67999881,16.05440567
15.77163219,15.53783607,1.14914551,1.05265625,2.20180176,14.78000198,14.95714259,16.67999910,16.06977100
15.76665878,15.54651546,1.14548828,1.06036621,2.20585449,14.78000058,14.96457995,16.67999770,16.08520692
15.76165962,15.55517387,1.14179932,1.06677734,2.20857666,14.78000116,14.97203384,16.67881817,16.09999867
15.75663185,15.56381893,1.13807617,1.04434082,2.18241699,14.78000216,14.97951446,16.65282341,16.09999834
15.75157738,15.57244587,1.13432373,1.02217773,2.15650146,14.78000182,14.98701343,16.62709719,16.09999898
15.74649620,15.58105564,1.13053955,1.00027832,2.13081787,14.78000184,14.99453345,16.60163068,16.09999850
15.74138451,15.58965206,1.12672119,0.97863281,2.10535400,14.78000062,15.00207933,16.57641080,16.09999833
15.73624802,15.59822845,1.12286865,0.95725586,2.08012451,14.78000184,15.00964765,16.55145668,16.09999900
15.73108101,15.60679245,1.11898193,0.93995605,2.05893799,14.78000050,15.01724476,16.52999818,16.10201842
15.72588825,15.61533642,1.11506104,0.94792725,2.06298828,14.78000180,15.02486208,16.52999808,16.11730600
15.72066593,15.62386608,1.11110596,0.95597656,2.06708252,14.78000065,15.03250724,16.52999825,16.13266112
15.71541691,15.63237762,1.10711426,0.96410156,2.07121582,14.78000134,15.04017850,16.52999914,16.14807878
15.71013737,15.64087391,1.10308594,0.94707031,2.05015625,14.78000107,15.04787722,16.50871927,16.14999975
15.70483303,15.64935017,1.10938721,0.92669434,2.03608154,14.77128094,15.05000015,16.48464862,16.14999977
15.69950104,15.65780830,1.11951172,0.92940430,2.04891602,14.75935445,15.05000007,16.47999870,16.16240292
15.69413948,15.66625118,1.12951416,0.93772217,2.06723633,14.74754690,15.05000058,16.48000023,16.17786217
15.68875313,15.67467403,1.13939209,0.94611328,2.08550537,14.73586423,15.05000040,16.48000037,16.19338224
15.68333626,15.68308067,1.14231689,0.93829590,2.08061279,14.73000082,15.05376402,16.46640331,16.19999961
15.67789364,15.69146729,1.13819336,0.91864502,2.05683838,14.73000163,15.06139986,16.44294491,16.19999978
15.67241955,15.69984055,1.13403076,0.91160889,2.04563965,14.73000095,15.06906874,16.42999791,16.20689661
15.66692257,15.70818996,1.12983398,0.92019287,2.05002686,14.73000184,15.07675956,16.42999731,16.22245823
15.66139317,15.71652699,1.12559570,0.92886719,2.05446289,14.73000091,15.08448734,16.42999925,16.23810048
15.65584087,15.72484016,1.12132324,0.93761475,2.05893799,14.73000025,15.09223847,16.42999929,16.25380154
15.65025806,15.73313618,1.11700439,0.94644531,2.06344971,14.73000170,15.10002721,16.42999745,16.26957365
15.64464760,15.74141502,1.11264893,0.95536377,2.06801270,14.73000180,15.10784519,16.42999815,16.28542280
15.63901138,15.74967194,1.10825684,0.96436279,2.07261963,14.73000106,15.11568961,16.42999746,16.30133915
15.63334560,15.75791359,1.10382080,0.97345215,2.07727295,14.73000080,15.12357258,16.42999931,16.31733466
15.62765408,15.76613140,1.09934326,0.98262207,2.08196533,14.73000196,15.13148472,16.42999927,16.33339539
15.62193203,15.77433491,1.09482422,0.99188232,2.08670654,14.73000079,15.13943431,16.42999858,16.34953837
15.61618328,15.78251648,1.09026123,1.00122803,2.09148926,14.73000064,15.14741821,16.42999824,16.36575118
15.61040688,15.79067898,1.08565430,1.01066406,2.09631836,14.73000169,15.15543729,16.42999916,16.38204213
15.60460091,15.79882526,1.08100586,1.02019043,2.10119629,14.73000027,15.16349279,16.42999810,16.39841509
15.59877014,15.80694580,1.07631348,1.02980469,2.10611816,14.73000075,15.17157939,16.42999898,16.41485727
15.59290981,15.81505108,1.07157471,1.03950928,2.11108398,14.73000040,15.17970897,16.42999782,16.43138144
15.58702374,15.82313347,1.06679199,1.04930420,2.11609619,14.73000090,15.18787213,16.42999749,16.44798104
15.58110714,15.83119965,1.06196045,1.12158447,2.18354492,14.73000114,15.19607876,16.47999869,16.50197955
15.57516670,15.83924007,1.06427246,1.13171631,2.19598877,14.72425589,15.20000098,16.48000046,16.51898829
15.56919575,15.84726524,1.07304932,1.14194580,2.21499512,14.71334341,15.20000053,16.47999916,16.53608840
15.56320000,15.85526657,1.08172607,1.15226807,2.23399414,14.70252657,15.20000124,16.48000003,16.55326335
15.55717754,15.86324501,1.09030273,1.16268555,2.25298828,14.69180636,15.20000083,16.47999882,16.57052052
15.55112362,15.87120819,1.09879395,1.17320801,2.27200195,14.68116457,15.20000070,16.47999926,16.58787213
15.54504585,15.87914753,1.09530762,1.18382324,2.27913086,14.68000011,15.20728840,16.47999895,16.60530193
15.53893852,15.88706779,1.09030029,1.19454590,2.28484619,14.68000130,15.21551612,16.48000030,16.62282775
15.53280544,15.89496422,1.08524658,1.20536133,2.29060791,14.68000001,15.22378391,16.47999911,16.64043055
15.52664471,15.90284157,1.08014160,1.21628174,2.29642334,14.68000055,15.23209611,16.47999918,16.65812722
15.52045727,15.91069508,1.07498779,1.22730469,2.30229248,14.67999993,15.24044866,16.48000047,16.67590988
15.51423931,15.91853237,1.06977783,1.23843262,2.30821045,14.68000016,15.24885363,16.47999962,16.69378866
15.50799751,15.92634296,1.06452148,1.24966064,2.31418213,14.67999980,15.25729446,16.47999871,16.71175086
15.50172806,15.93413353,1.05921143,1.26099609,2.32020752,14.67999993,15.26578351,16.47999919,16.72980731
15.49542999,15.94190407,1.05384766,1.27244141,2.32628906,14.68000016,15.27431955,16.47999989,16.74796192
15.48910809,15.94964790,1.04843262,1.28398682,2.33241943,14.68000068,15.28289746,16.47999985,16.76619897
15.48275566,15.95737457,1.04296143,1.29564697,2.33860840,14.68000057,15.29152715,16.47999983,16.78454149
15.47638035,15.96507454,1.03743896,1.30740723,2.34484619,14.68000021,15.30019986,16.47999905,16.80296668
15.46997261,15.97275734,1.03185547,1.31928955,2.35114502,14.68000015,15.30892825,16.48000012,16.82150293
15.46354294,15.98041344,1.02622070,1.33127197,2.35749268,14.68000034,15.31769938,16.47999905,16.84012387
15.45708561,15.98804569,1.02052734,1.34336914,2.36389648,14.68000069,15.32652085,16.47999980,16.85884260
15.45059872,15.99565983,1.01477539,1.35558350,2.37035889,14.68000005,15.33539716,16.47999975,16.87766897
15.44408798,16.00324821,1.00896729,1.36790771,2.37687500,14.68000035,15.34432095,16.48000004,16.89658906
15.43754864,16.01081467,1.00309814,1.35652832,2.35962646,14.68000112,15.35329843,16.46200937,16.89999924
15.43098545,16.01835442,0.99717285,1.34010986,2.33728271,14.68000093,15.36232399,16.44024053,16.89999980
15.42439270,16.02587700,0.99118408,1.33899902,2.33018311,14.68000047,15.37141078,16.42999851,16.91000100
15.41777420,16.03337288,0.98513428,1.35160156,2.33673584,14.68000057,15.38054853,16.42999763,16.92904612
15.41112995,16.04084587,0.97902344,1.36432373,2.34334717,14.68000137,15.38974076,16.42999838,16.94819713
15.40446091,16.04829407,0.97285400,1.35101807,2.32387207,14.68000041,15.39898532,16.41053090,16.94999960
15.39776421,16.05571747,0.96661621,1.33517090,2.30178711,14.68000160,15.40828889,16.38919776,16.94999979
15.39103699,16.06312180,0.96031250,1.33567383,2.29598633,14.68000036,15.41765523,16.37999945,16.96088455
15.38428688,16.07049751,0.95394531,1.34867920,2.30262451,14.68000103,15.42707455,16.37999981,16.98016305
15.37750816,16.07785416,0.94750977,1.36180664,2.30931641,14.68000154,15.43655915,16.37999826,16.99955421
15.37070656,16.08518219,0.94101318,1.37505371,2.31606689,14.68000039,15.44609624,16.37999963,17.01904531
15.36387539,16.09248734,0.94280273,1.38842773,2.33123047,14.67388372,15.45000120,16.37999842,17.03865088
15.35702133,16.09976768,0.95026855,1.46281494,2.41308350,14.66361413,15.45000091,16.42443160,17.09999919
15.35013866,16.10702515,0.95766357,1.44733643,2.40500000,14.65340386,15.45000139,16.40312814,17.09999851
15.34323311,16.11425591,0.96498535,1.43202148,2.39700684,14.64326020,15.45000086,16.38198074,17.09999885
15.33630180,16.12146187,0.97223633,1.44315918,2.41539551,14.63317786,15.45000060,16.37999843,17.11815935
15.32934093,16.12864685,0.96992188,1.45716797,2.42708984,14.63000008,15.45658220,16.37999988,17.13832722
15.32235909,16.13580132,0.96314941,1.47129639,2.43444580,14.62999974,15.46625271,16.37999955,17.15859635
15.31534767,16.14293480,0.95629883,1.48555908,2.44185791,14.62999981,15.47599714,16.37999893,17.17898677
15.30831432,16.15003967,0.94937988,1.49994873,2.44932861,14.63000010,15.48580175,16.37999972,17.19948558
15.30125237,16.15712357,0.94238525,1.51447754,2.45686279,14.63000118,15.49567683,16.37999892,17.22011369
15.29416752,16.16417694,0.93531982,1.52913330,2.46445313,14.63000065,15.50561367,16.37999896,17.24084719
15.28705597,16.17120743,0.92817871,1.52735596,2.45553467,14.62999976,15.51562151,16.36826877,17.25000082
15.27991676,16.17821503,0.92095703,1.51272217,2.43367920,14.63000097,15.52570344,16.34743891,17.25000091
15.27275658,16.18519211,0.91366699,1.50285156,2.41651855,14.62999982,15.53584546,16.32999953,17.25327450
15.26556873,16.19214821,0.90629395,1.51783691,2.42413086,14.63000092,15.54606591,16.33000075,17.27418960
15.25835800,16.19907570,0.90773193,1.53295166,2.44068359,14.62378878,15.55000005,16.33000031,17.29521605
15.25112152,16.20597839,0.91462402,1.52538330,2.44000732,14.61375972,15.55000041,16.31409497,17.29999936
15.24386120,16.21285439,0.92145264,1.51127197,2.43272461,14.60378385,15.54999998,16.29365032,17.30000010
15.23657322,16.21970749,0.92822021,1.50692871,2.43514893,14.59385602,15.55000055,16.27999910,17.30695015
15.22926617,16.22653198,0.93492188,1.52236816,2.45729004,14.58398702,15.55000137,16.27999828,17.32815202
15.22193432,16.23333168,0.93308105,1.53794922,2.47103027,14.58000167,15.55615903,16.27999868,17.34948031
15.21457672,16.24010658,0.92538330,1.52490234,2.45028564,14.58000196,15.56657179,16.26026724,17.34999779
15.20719719,16.24685287,0.91760742,1.51128662,2.42889404,14.58000076,15.57705588,16.24018095,17.34999917
15.19979382,16.25357628,0.90974854,1.49779785,2.40754639,14.58000059,15.58761926,16.22021311,17.34999902
15.19236851,16.26027298,0.90180420,1.48444580,2.38625000,14.58000205,15.59826229,16.20037537,17.34999842
15.18491840,16.26694679,0.89377930,1.47122070,2.36500000,14.58000063,15.60898336,16.18065366,17.34999875
15.17744732,16.27359390,0.88566650,1.45812988,2.34379639,14.58000187,15.61978654,16.16106029,17.34999913
15.16995144,16.28021431,0.87747070,1.44516602,2.32263672,14.58000071,15.63066600,16.14158132,17.34999947
15.16243744,16.28680801,0.86918945,1.43233154,2.30152100,14.58000205,15.64162642,16.12222885,17.34999848
15.15490055,16.29337692,0.86440674,1.41962402,2.28403076,14.57760789,15.65000130,16.10299420,17.34999929
15.14733982,16.29992294,0.87085205,1.40703125,2.27788330,14.56769784,15.65000109,16.08386444,17.34999839
15.13975811,16.30644035,0.87723877,1.41739502,2.29463379,14.55783352,15.65000178,16.08000042,17.36707834
15.13215065,16.31293678,0.88357666,1.43371826,2.31729492,14.54800698,15.65000097,16.07999987,17.38863652
15.12452698,16.31940269,0.88985352,1.43646729,2.32632080,14.53823218,15.65000168,16.07096736,17.39999927
15.11687946,16.32584953,0.89378906,1.42418213,2.31797119,14.53000047,15.65173386,16.05202470,17.39999950
15.10921192,16.33226776,0.88514160,1.41201904,2.29716064,14.53000080,15.66294720,16.03319644,17.39999905
15.10152340,16.33865929,0.87640137,1.39997559,2.27637695,14.53000172,15.67424799,16.01447998,17.39999902
15.09381104,16.34503174,0.86756836,1.38803955,2.25560791,14.53000063,15.68564370,15.99586231,17.39999953
15.08608150,16.35137367,0.85864502,1.37622559,2.23487061,14.53000042,15.69712218,15.97736136,17.39999985
15.07833099,16.35769463,0.86100830,1.36451660,2.22552490,14.52265631,15.70000094,15.95895819,17.40000044
15.07056141,16.36398697,0.86709473,1.35292480,2.22001953,14.51290812,15.70000195,15.94066585,17.40000042
15.06276894,16.37025833,0.87313721,1.35318848,2.22632568,14.50319329,15.70000189,15.92999955,17.40902210
15.05495834,16.37650490,0.87913330,1.37018066,2.24931396,14.49351590,15.70000080,15.92999923,17.43087609
15.04712677,16.38272667,0.88507813,1.38360107,2.26867920,14.48387720,15.70000180,15.92762837,17.44999840
15.03927803,16.38892174,0.88194824,1.37228271,2.25423096,14.48000115,15.70698182,15.90949463,17.44999802
15.03141117,16.39509010,0.87263428,1.36107178,2.23370605,14.48000095,15.71874899,15.89146092,17.44999801
15.02352238,16.40123940,0.86321777,1.34995850,2.21317627,14.48000086,15.73062079,15.87351819,17.44999824
15.01561928,16.40736008,0.85370850,1.33895508,2.19266357,14.48000080,15.74258109,15.85568246,17.44999840
15.00769329,16.41345787,0.84409424,1.32805176,2.17214600,14.48000026,15.75464444,15.83793667,17.44999894
14.99975204,16.41953087,0.83438232,1.31725098,2.15163330,14.48000037,15.76680422,15.82029124,17.44999950
14.99178696,16.42558289,0.82456055,1.30654297,2.13110352,14.48000110,15.77907278,15.80272828,17.44999914
14.98380661,16.43160820,0.81464111,1.29593750,2.11057861,14.48000061,15.79143662,15.78526516,17.44999819
14.97580528,16.43761253,0.80957520,1.30508301,2.11465820,14.47694382,15.80000039,15.77999942,17.46548095
14.96778965,16.44359016,0.81535889,1.32288818,2.13824707,14.46718634,15.80000147,15.77999910,17.48778787
14.95975685,16.44954491,0.82110352,1.32790283,2.14900635,14.45745979,15.79999994,15.77208036,17.50000027
14.95170498,16.45547485,0.82680176,1.31754150,2.14434326,14.44776685,15.79999977,15.75475044,17.50000049
14.94363689,16.46138000,0.83245605,1.30727539,2.13973145,14.43810733,15.80000037,15.73751226,17.49999977
14.93554783,16.46726608,0.83554932,1.29709717,2.13264648,14.43000039,15.80201090,15.72035388,17.50000059
14.92744541,16.47312546,0.82519043,1.28701416,2.11220459,14.43000030,15.81472769,15.70328924,17.50000025
14.91932201,16.47896194,0.81471680,1.27702148,2.09173828,14.43000038,15.82755741,15.68630539,17.50000089
14.91118526,16.48477554,0.80413818,1.26711670,2.07125488,14.43000024,15.84049368,15.66941014,17.49999945
14.90303230,16.49056435,0.79785400,1.25730225,2.05515625,14.42737544,15.85000088,15.65259857,17.49999951
14.89485836,16.49633217,0.80339844,1.24757324,2.05097168,14.41767394,15.85000092,15.63586368,17.50000051
14.88667202,16.50207520,0.80890137,1.25615234,2.06505371,14.40800582,15.85000152,15.62999833,17.51468799
14.87846947,16.50779533,0.81436523,1.27476807,2.08913330,14.39836727,15.85000158,15.62999829,17.53747395
14.87025356,16.51349068,0.81979004,1.28068359,2.10047363,14.38875852,15.85000127,15.62244957,17.54999998
14.86201859,16.51916504,0.82376709,1.27117188,2.09493896,14.37999991,15.85114542,15.60583148,17.54999980
14.85377121,16.52481461,0.81271973,1.26174805,2.07446777,14.38000075,15.86447009,15.58930023,17.55000001
14.84550381,16.53044319,0.80155273,1.25240234,2.05395508,14.38000015,15.87791495,15.57283944,17.54999919
14.83722496,16.53604698,0.79027344,1.24314209,2.03341553,14.38000027,15.89147139,15.55646369,17.54999862
14.82892990,16.54162979,0.78517334,1.23396240,2.01913574,14.37637004,15.90000162,15.54016374,17.54999953
14.82061672,16.54719353,0.79049805,1.22485596,2.01535400,14.36671121,15.90000193,15.52393139,17.54999991
14.81229115,16.55273247,0.79578613,1.21583008,2.01161621,14.35707983,15.90000106,15.50777903,17.54999851
14.80394745,16.55824852,0.80103516,1.20688232,2.00791748,14.34747363,15.90000162,15.49169527,17.54999844
14.79559135,16.56374168,0.80625000,1.19801514,2.00426514,14.33789186,15.90000209,15.47569173,17.54999914
14.78721809,16.56921577,0.81143555,1.18921875,2.00065430,14.32832912,15.90000094,15.45975379,17.54999956
14.77883530,16.57466507,0.81658203,1.18050049,1.99708252,14.31879680,15.90000158,15.44389483,17.54999951
14.77043533,16.58009338,0.82169678,1.17523438,1.99693115,14.30928400,15.90000149,15.42999847,17.55279693
14.76202393,16.58549690,0.82677490,1.19479248,2.02156738,14.29979741,15.90000195,15.42999868,17.57612229
14.75359726,16.59088135,0.83182617,1.21451904,2.04634521,14.29032845,15.90000018,15.42999914,17.59961174
14.74515438,16.59624290,0.83684082,1.20645264,2.04329346,14.28088110,15.90000090,15.41448564,17.59999771
14.73670101,16.60158539,0.82636475,1.19799072,2.02435547,14.28000070,15.91288842,15.39878484,17.59999751
14.72823143,16.60690308,0.81417236,1.18960449,2.00377686,14.28000050,15.92722247,15.38315115,17.59999881
14.71975327,16.61219978,0.80186035,1.18128662,1.98314697,14.28000049,15.94167947,15.36758935,17.59999855
14.71125603,16.61747742,0.79690186,1.17303467,1.96993652,14.27590784,15.95000117,15.35208591,17.59999838
14.70275021,16.62273026,0.80186035,1.16485596,1.96671631,14.26638401,15.95000102,15.33665580,17.59999849
14.69423103,16.62796402,0.80679199,1.15674316,1.96353516,14.25687673,15.95000048,15.32129055,17.59999856
14.68569469,16.63317871,0.81169434,1.14869385,1.96038818,14.24738520,15.95000049,15.30598166,17.59999908
14.67714977,16.63836861,0.81656250,1.14071289,1.95727539,14.23791859,15.95000078,15.29074233,17.59999745
14.66858768,16.64354134,0.81853760,1.14107910,1.95961670,14.23000008,15.95242289,15.27999900,17.60699227
14.66001701,16.64869118,0.80566162,1.16157715,1.96723877,14.23000122,15.96738577,15.28000002,17.63097552
14.65143204,16.65382195,0.79265625,1.17619141,1.96884766,14.23000027,15.98248060,15.27677804,17.64999893
14.64283657,16.65892982,0.77951660,1.16837891,1.94789551,14.23000038,15.99770944,15.26161634,17.65000037
14.63422585,16.66402054,0.78163574,1.16062256,1.94225830,14.22187569,16.00000113,15.24650963,17.64999887
14.62560463,16.66908836,0.78642578,1.15293457,1.93936035,14.21233990,16.00000108,15.23146879,17.64999957
14.61697483,16.67413330,0.79118408,1.14531006,1.93649414,14.20282607,16.00000193,15.21649238,17.64999904
14.60832977,16.67916107,0.79591797,1.13774170,1.93365967,14.19332493,16.00000249,15.20156719,17.64999861
14.59967422,16.68416786,0.80062500,1.13023682,1.93086182,14.18383948,16.00000278,15.18670528,17.64999901
14.59100628,16.68915558,0.79442139,1.12279053,1.91721191,14.18000024,16.00931786,15.17189911,17.65000000
14.58232784,16.69412422,0.78068604,1.11540039,1.89608643,14.18000084,16.02509230,15.15715008,17.64999948
14.57363510,16.69907379,0.76680420,1.10806885,1.87487305,14.18000087,16.04101549,15.14245545,17.64999960
14.56493568,16.70399857,0.75279053,1.10505615,1.85784668,14.18000075,16.05706835,15.12999953,17.65365745
14.55622292,16.70890808,0.73863037,1.12648438,1.86511475,14.18000035,16.07327343,15.12999955,17.67831380
14.54750061,16.71379471,0.72432617,1.14444824,1.86877441,14.18000071,16.08962148,15.12815699,17.69999952
14.53876781,16.71866417,0.71696777,1.13726563,1.85423340,14.17641811,16.09999989,15.11353264,17.69999924
14.53002071,16.72351456,0.72162598,1.13013672,1.85176270,14.16673779,16.10000066,15.09895723,17.69999818
14.52126408,16.72834396,0.72625732,1.12306885,1.84932617,14.15707290,16.10000133,15.08444155,17.69999962
14.51249599,16.73315811,0.73086914,1.11604736,1.84691650,14.14741884,16.10000061,15.06997390,17.69999844
14.50372219,16.73794937,0.73545166,1.10908691,1.84453857,14.13778480,16.10000037,15.05556863,17.69999885
14.49493313,16.74272156,0.74000732,1.10217773,1.84218506,14.12816099,16.10000151,15.04120892,17.69999819
14.48613834,16.74747467,0.74454102,1.09532471,1.83986572,14.11855257,16.10000108,15.02690880,17.69999952
14.47733212,16.75221062,0.74905273,1.08851807,1.83757080,14.10895536,16.10000009,15.01265457,17.69999829
14.46851349,16.75692749,0.75353760,1.08176514,1.83530273,14.09936993,16.10000136,14.99844940,17.69999893
14.45968628,16.76162529,0.75800049,1.07506348,1.83306396,14.08979647,16.10000136,14.98429679,17.69999900
14.45084572,16.76630592,0.76244141,1.08859375,1.85103516,14.08023125,16.10000134,14.97999929,17.71763805
14.44199944,16.77096748,0.76686035,1.11109619,1.87795654,14.07068088,16.10000001,14.97999913,17.74312546
14.43314266,16.77561188,0.77125732,1.11233154,1.88358887,14.06113973,16.09999980,14.96965698,17.75000084
14.42427921,16.78023529,0.77562744,1.10575928,1.88138672,14.05161493,16.10000057,14.95556133,17.74999966
14.41540337,16.78484154,0.77997803,1.09923584,1.87921387,14.04209656,16.10000012,14.94151077,17.74999978
14.40651989,16.78942871,0.78430420,1.09276123,1.87706543,14.03259121,16.10000110,14.92751004,17.74999958
14.39762783,16.79399872,0.77406982,1.08633301,1.86040283,14.03000096,16.11279790,14.91355701,17.74999896
14.38872337,16.79855347,0.75823975,1.07995117,1.83819092,14.03000098,16.13053721,14.89964709,17.75000047
14.37981224,16.80308723,0.74225830,1.07361572,1.81587402,14.03000094,16.14842747,14.88578558,17.74999886
14.37088871,16.80760574,0.74478271,1.06732666,1.81210938,14.02123617,16.15000073,14.87196569,17.75000055
14.36196136,16.81210518,0.74906738,1.06108154,1.81014893,14.01164652,16.15000136,14.85819524,17.74999963
14.35301876,16.81658936,0.75333496,1.05488037,1.80821533,14.00205875,16.15000054,14.84446128,17.75000078
14.34407234,16.82105446,0.75757813,1.04872314,1.80630127,13.99248688,16.15000137,14.83077569,17.75000011
14.33511257,16.82550430,0.76180420,1.04260742,1.80441162,13.98291714,16.15000155,14.81712826,17.74999932
14.32614899,16.82993507,0.76600830,1.03653809,1.80254639,13.97336134,16.15000154,14.80353001,17.74999952
14.31717682,16.83434868,0.77019287,1.03051025,1.80070313,13.96381413,16.15000089,14.78997252,17.74999909
14.30819225,16.83874512,0.77435547,1.03228760,1.80664307,13.95427256,16.15000188,14.78000000,17.75690367
14.29920292,16.84312630,0.77850098,1.05596924,1.83447021,13.94474087,16.15000263,14.78000004,17.78328860
14.29020214,16.84749031,0.78262939,1.06877686,1.85140625,13.93521319,16.15000082,14.77498329,17.79999814
14.28119659,16.85183716,0.78673584,1.06285889,1.84959473,13.92569735,16.15000134,14.76146648,17.79999841
14.27218056,16.85616875,0.79082520,1.05697998,1.84780518,13.91618637,16.15000125,14.74798575,17.79999921
14.26315880,16.86048126,0.79489258,1.05114258,1.84603516,13.90668541,16.15000190,14.73454873,17.79999828
14.25412941,16.86477852,0.79894531,1.04534668,1.84429199,13.89718941,16.15000063,14.72115267,17.79999984
14.24508953,16.86906052,0.80297852,1.03958496,1.84256348,13.88769915,16.15000101,14.70778892,17.79999882
14.23604584,16.87332535,0.80297363,1.03386475,1.83683838,13.88000001,16.15360456,14.69447089,17.79999830
14.22699165,16.87757301,0.78550537,1.02818359,1.81368896,13.87999986,16.17286358,14.68118494,17.79999914
14.21793270,16.88180542,0.76787109,1.02253906,1.79041016,13.88000031,16.19229274,14.66794192,17.79999814
14.20886230,16.88602257,0.76329834,1.01693115,1.78022949,13.87419919,16.20000149,14.65472905,17.79999836
14.19979000,16.89022255,0.76729248,1.01136230,1.77865479,13.86463164,16.20000038,14.64155966,17.79999908
14.19070721,16.89440727,0.77126709,1.00945068,1.78071777,13.85506762,16.20000175,14.62999939,17.80325991
14.18162060,16.89857674,0.77522705,1.03417480,1.80940186,13.84551201,16.20000108,14.62999895,17.83049641
14.17252350,16.90272903,0.77916748,1.05031006,1.82947754,13.83595929,16.20000114,14.62620872,17.84999929
14.16341686,16.90686798,0.78309326,1.04483398,1.82792725,13.82641020,16.20000054,14.61306447,17.84999846
14.15430641,16.91099167,0.78700195,1.03939453,1.82639648,13.81686862,16.20000092,14.59996095,17.84999810
14.14518642,16.91510010,0.79089355,1.03398926,1.82488281,13.80733071,16.20000143,14.58688832,17.84999752
14.13606453,16.91919136,0.79476807,1.02862305,1.82339111,13.79780319,16.20000047,14.57385691,17.84999918
14.12693119,16.92326927,0.79862549,1.02328613,1.82191162,13.78827655,16.20000194,14.56085248,17.84999831
14.11779690,16.92733002,0.80246826,1.01798584,1.82045410,13.77875907,16.20000022,14.54788956,17.84999758
14.10864830,16.93137932,0.80629639,1.01271484,1.81901123,13.76923895,16.20000034,14.53494922,17.84999728
14.09949875,16.93541145,0.81010742,1.00748047,1.81758789,13.75972846,16.19999983,14.52205003,17.84999738
14.09034252,16.93942833,0.81390137,1.00228027,1.81618164,13.75022362,16.19999980,14.50918254,17.84999890
14.08117771,16.94343185,0.81768066,0.99710938,1.81479004,13.74071947,16.20000073,14.49634480,17.84999866
14.07201099,16.94741821,0.82144287,0.99197266,1.81341553,13.73122436,16.20000075,14.48354421,17.84999794
14.06283092,16.95139503,0.82519531,1.00920654,1.83440186,13.72172561,16.20000002,14.47999970,17.87034447
14.05364990,16.95535278,0.82892578,1.03514648,1.86407227,13.71223703,16.20000173,14.47999970,17.89862057
14.04446030,16.95929909,0.83264648,1.03157227,1.86421875,13.70274726,16.20000177,14.46781126,17.89999849
14.03526878,16.96323013,0.83635254,1.02651855,1.86287109,13.69326524,16.20000069,14.45503552,17.89999919
14.02606773,16.96714592,0.84004150,1.02149658,1.86153809,13.68378374,16.20000097,14.44228756,17.89999976
14.01685905,16.97105026,0.82968506,1.01650146,1.84618652,13.68000048,16.21282629,14.42956654,17.90000007
14.00764751,16.97493744,0.80987793,1.01153809,1.82141602,13.68000014,16.23429616,14.41687931,17.89999890
13.99842548,16.97881317,0.79638916,1.00660400,1.80299316,13.67737781,16.25000315,14.40421688,17.89999985
13.98920059,16.98267555,0.80006348,1.00169678,1.80176025,13.66781222,16.25000162,14.39158579,17.89999917
13.97996902,16.98652267,0.80372070,0.99682129,1.80054199,13.65825012,16.25000115,14.37898357,17.89999962
13.97073269,16.99035645,0.80736328,0.99197266,1.79933594,13.64869200,16.25000163,14.36641027,17.89999868
13.96148872,16.99417877,0.81099365,0.98715088,1.79814453,13.63913397,16.25000265,14.35386267,17.89999857
13.95224380,16.99798584,0.81460938,0.98236084,1.79697021,13.62958299,16.25000290,14.34134975,17.89999994
13.94299412,17.00177765,0.81821045,0.98047852,1.79868896,13.62003695,16.25000175,14.33000037,17.90264627
13.93373489,17.00555801,0.82179688,1.00743896,1.82923584,13.61049037,16.25000323,14.32999964,17.93179095
13.92447186,17.00932693,0.82537598,1.02249756,1.84787354,13.60094460,16.25000114,14.32526596,17.94999978
13.91519928,17.01308060,0.82893555,1.01778076,1.84671631,13.59139846,16.25000320,14.31276728,17.94999964
13.90592861,17.01682091,0.83248535,1.01309082,1.84557617,13.58186081,16.25000156,14.30030206,17.94999966
13.89664650,17.02055168,0.83602295,1.00842285,1.84444580,13.57231942,16.25000233,14.28785447,17.94999934
13.88736534,17.02426529,0.83954346,1.00378662,1.84333008,13.56278692,16.25000301,14.27544231,17.94999952
13.87807560,17.02796936,0.84305664,0.99917236,1.84222900,13.55325137,16.25000166,14.26305020,17.94999973
13.86878395,17.03165817,0.84655273,0.99458496,1.84113770,13.54372069,16.25000261,14.25068931,17.94999774
13.85948563,17.03533554,0.85003906,0.99002441,1.84006348,13.53418989,16.25000182,14.23835141,17.94999886
13.85018063,17.03900146,0.85351318,0.98548584,1.83899902,13.52465869,16.25000200,14.22603569,17.94999829
13.84087181,17.04265404,0.85697510,0.98097412,1.83794922,13.51513048,16.25000100,14.21374590,17.94999910
13.83155727,17.04629517,0.86042480,0.97648438,1.83690918,13.50560097,16.25000167,14.20148064,17.94999779
13.82223988,17.04992294,0.86386230,0.97202148,1.83588379,13.49607563,16.25000107,14.18924125,17.94999838
13.81291389,17.05354118,0.86728760,0.96757813,1.83486572,13.48654855,16.25000308,14.17701914,17.94999801
13.80358791,17.05714417,0.86276855,0.96316406,1.82593262,13.48000057,16.25735618,14.16482929,17.94999896
13.79425526,17.06073761,0.84066650,0.95876953,1.79943604,13.48000058,16.28101706,14.15265875,17.94999905
13.78491783,17.06431770,0.82361816,0.95439941,1.77801758,13.47805146,16.30000105,14.14051111,17.94999920
13.77557850,17.06788445,0.82702393,0.95438477,1.78140869,13.46845489,16.30000185,14.12999883,17.95402017
13.76622868,17.07144356,0.83042236,0.98278320,1.81320557,13.45885370,16.30000210,14.12999894,17.98442439
13.75688171,17.07498932,0.83380859,0.99521729,1.82902588,13.44925995,16.30000182,14.12405290,17.99999892
13.74752522,17.07852364,0.83718262,0.99090820,1.82809082,13.43966309,16.30000218,14.11191776,17.99999917
13.73816586,17.08204460,0.84054443,0.98662354,1.82716797,13.43006780,16.30000205,14.09980859,17.99999915
13.72879982,17.08555794,0.84389893,0.98235596,1.82625488,13.42047083,16.30000172,14.08771581,17.99999900
13.71943474,17.08905792,0.84724121,0.97811279,1.82535400,13.41087861,16.30000099,14.07565289,17.99999884
13.71006393,17.09254646,0.85057129,0.97389160,1.82446289,13.40128607,16.30000137,14.06361004,17.99999893
13.70068550,17.09602356,0.85388916,0.96969238,1.82358154,13.39169212,16.30000232,14.05158412,18.00000006
13.69130611,17.09948921,0.85719727,0.96551270,1.82270996,13.38210108,16.30000224,14.03958229,17.99999934
13.68192005,17.10294724,0.86050049,0.96135254,1.82185303,13.37250525,16.30000039,14.02759877,18.00000075
13.67253399,17.10639000,0.86378418,0.95721436,1.82099854,13.36291784,16.30000242,14.01563940,17.99999952
13.66314030,17.10982513,0.86706543,0.95309570,1.82016113,13.35332385,16.30000033,14.00369674,18.00000080
13.65374565,17.11324692,0.87032959,0.94899658,1.81932617,13.34373471,16.30000227,13.99177773,17.99999879
13.64434433,17.11665916,0.87358887,0.94526855,1.81885742,13.33414164,16.30000025,13.97999976,18.00032655
13.63494110,17.12006187,0.87683594,0.97476807,1.85160400,13.32454959,16.30000186,13.97999964,18.03171282
13.62553406,17.12345314,0.88007324,0.99025635,1.87032959,13.31495915,16.30000176,13.97499222,18.04999870
13.61611938,17.12683487,0.88330322,0.98621338,1.86951660,13.30536247,16.30000073,13.96308136,18.05000018
13.60670757,17.13020325,0.88651855,0.98218994,1.86870850,13.29577366,16.30000128,13.95119688,18.04999902
13.59728813,17.13356400,0.88972656,0.97818359,1.86791016,13.28618103,16.30000197,13.93932565,18.04999915
13.58786964,17.13691330,0.88314697,0.97419678,1.85734375,13.28000082,16.30916610,13.92747882,18.04999876
13.57844353,17.14025497,0.85870117,0.97022705,1.82892822,13.28000063,16.33508443,13.91564742,18.04999898
13.56901646,17.14358521,0.84599609,0.96627686,1.81227295,13.27587376,16.35000041,13.90383716,18.04999911
13.55958652,17.14690399,0.84918701,0.96234619,1.81153320,13.26621930,16.35000111,13.89204667,18.04999888
13.55014992,17.15021515,0.85237305,0.95843018,1.81080322,13.25656041,16.34999953,13.88026951,18.04999817
13.54071236,17.15351486,0.85554688,0.95453613,1.81008301,13.24690371,16.34999953,13.86851551,18.04999925
13.53126907,17.15680695,0.85871338,0.95065674,1.80937012,13.23724442,16.34999953,13.85677526,18.05000009
13.52182293,17.16008759,0.86186768,0.94679443,1.80866211,13.22758590,16.35000091,13.84505350,18.04999862
13.51237106,17.16336250,0.86501953,0.94294678,1.80796631,13.21792333,16.34999950,13.83334479,18.04999916
13.50291824,17.16662407,0.86815674,0.96369629,1.83185303,13.20826272,16.35000036,13.83000023,18.07311618
13.49345970,17.16987801,0.87128662,0.98844238,1.85972900,13.19859901,16.35000146,13.82796823,18.09999756
13.48400211,17.17312050,0.87440674,0.98463135,1.85903809,13.18893872,16.35000159,13.81626015,18.09999886
13.47454166,17.17635536,0.87752197,0.98083252,1.85835449,13.17927755,16.34999958,13.80456718,18.09999790
13.46507549,17.17958260,0.88062744,0.97705078,1.85767822,13.16961344,16.35000029,13.79288884,18.09999911
13.45560741,17.18279839,0.88372314,0.97328613,1.85700928,13.15994907,16.35000020,13.78122994,18.09999845
13.44613266,17.18600845,0.88681396,0.96953369,1.85634766,13.15027980,16.35000002,13.76958191,18.09999760
13.43665981,17.18920708,0.88989258,0.96580078,1.85569336,13.14061593,16.35000102,13.75795636,18.09999776
13.42718124,17.19239807,0.89296631,0.96208252,1.85504883,13.13094661,16.35000041,13.74634464,18.09999790
13.41770077,17.19557953,0.89603027,0.95838135,1.85441162,13.12127729,16.35000082,13.73475114,18.09999859
13.40821457,17.19875336,0.89908691,0.95469238,1.85377930,13.11160489,16.35000137,13.72316855,18.09999777
13.39873123,17.20191765,0.90213623,0.95102051,1.85315674,13.10193546,16.35000094,13.71160955,18.09999737
13.38924503,17.20507240,0.90517578,0.94736572,1.85254150,13.09226587,16.35000134,13.70006629,18.09999804
13.37975121,17.20822144,0.90821289,0.94372314,1.85193604,13.08258809,16.34999956,13.68853311,18.09999896
13.37025833,17.21135902,0.88952148,0.94923096,1.83875244,13.08000053,16.37052677,13.67999980,18.10863246
13.36075878,17.21449089,0.86273682,0.98098877,1.84372559,13.08000083,16.39871531,13.67999913,18.14208163
13.35126019,17.21761131,0.86440186,0.98574951,1.85015137,13.07071521,16.40000197,13.67118901,18.14999942
13.34175491,17.22072792,0.86742432,0.98214600,1.84957031,13.06098030,16.40000230,13.65966352,18.14999906
13.33225250,17.22383308,0.87043701,0.97856201,1.84899902,13.05124961,16.40000180,13.64816135,18.15000004
13.32274628,17.22693062,0.87344238,0.97499023,1.84843262,13.04151772,16.40000129,13.63667093,18.15000011
13.31323433,17.23002243,0.87644287,0.97142822,1.84787109,13.03178024,16.40000092,13.62519128,18.14999833
13.30372238,17.23310661,0.87943604,0.96788330,1.84731934,13.02204328,16.40000117,13.61373071,18.14999973
13.29420280,17.23618126,0.88241943,0.96435303,1.84677246,13.01230059,16.40000233,13.60227994,18.15000030
13.28468609,17.23925018,0.88540039,0.96083252,1.84623291,13.00256048,16.40000111,13.59084753,18.14999950
13.27516365,17.24230957,0.88837158,0.95913086,1.84750244,12.99281606,16.40000087,13.58000038,18.15170862
13.26564312,17.24536133,0.89133545,0.99161133,1.88294678,12.98307544,16.40000081,13.57999987,18.18582551
13.25611401,17.24840927,0.89429688,1.00305908,1.89735596,12.97332479,16.40000064,13.57329536,18.19999930
13.24658871,17.25144577,0.89724609,0.99957764,1.89682373,12.96358135,16.40000148,13.56187325,18.19999788
13.23705864,17.25447655,0.90019287,0.99611084,1.89630371,12.95383026,16.40000073,13.55046577,18.19999906
13.22752666,17.25749969,0.90312988,0.99265381,1.89578369,12.94408009,16.40000240,13.53907025,18.19999753
13.21799374,17.26051712,0.90606445,0.98921143,1.89527588,12.93432825,16.40000179,13.52769040,18.19999951
13.20845413,17.26352692,0.89160400,0.98577881,1.87738281,12.93000049,16.41651965,13.51631917,18.19999850
13.19891548,17.26652908,0.86316650,0.98236084,1.84552734,12.93000008,16.44632124,13.50496531,18.19999911
13.18937206,17.26952553,0.86222412,0.97895264,1.84117676,12.92140078,16.45000015,13.49362148,18.19999884
13.17983055,17.27251434,0.86514648,0.97555664,1.84070313,12.91159731,16.45000031,13.48229576,18.19999777
13.17028236,17.27549744,0.86806396,1.00134033,1.86940430,12.90178761,16.45000024,13.47999989,18.22773560
13.16073799,17.27847290,0.87097412,1.02136719,1.89234131,12.89198242,16.45000060,13.47590020,18.24999939
13.15119076,17.28144073,0.87387695,1.01799561,1.89187256,12.88217440,16.45000151,13.46457294,18.24999984
13.14163780,17.28440475,0.87677734,1.01463135,1.89140869,12.87236049,16.45000181,13.45325307,18.24999926
13.13208485,17.28736115,0.87967285,1.01128174,1.89095459,12.86254540,16.45000050,13.44195040,18.25000030
13.12252712,17.29030991,0.88255859,1.00794189,1.89050049,12.85272767,16.45000169,13.43065644,18.24999900
13.11297321,17.29325294,0.88544189,1.00461426,1.89005615,12.84291216,16.45000065,13.41938201,18.24999927
13.10341454,17.29619026,0.88831787,1.00129639,1.88961426,12.83309230,16.45000201,13.40811703,18.24999888
13.09385586,17.29912186,0.89119141,0.99799072,1.88918213,12.82327215,16.45000076,13.39686599,18.25000061
13.08429718,17.30204582,0.89405762,0.99469482,1.88875244,12.81345168,16.45000022,13.38562969,18.24999966
13.07473087,17.30496597,0.89691895,0.99140869,1.88832764,12.80362333,16.45000147,13.37439939,18.25000036
13.06516743,17.30787849,0.89977539,0.98813477,1.88791016,12.79379685,16.45000103,13.36318703,18.25000089
13.05559826,17.31078720,0.90262939,0.98486816,1.88749756,12.78396274,16.45000038,13.35198255,18.25000050
13.04603100,17.31368828,0.88593262,0.98161377,1.86754639,12.78000048,16.46864132,13.34079294,18.25000072
13.03645802,17.31658554,0.85590820,0.97966553,1.83557373,12.77999802,16.50000295,13.33000003,18.25123930
13.02688789,17.31947517,0.85875732,1.01377197,1.87252930,12.77012430,16.50000182,13.33000000,18.28687201
13.01731205,17.32236099,0.86160156,1.02429199,1.88589355,12.76024513,16.50000229,13.32291919,18.30000016
13.00773811,17.32524109,0.86444092,1.02106445,1.88550537,12.75036742,16.50000268,13.31174045,18.30000013
12.99816227,17.32811356,0.86727539,1.01784668,1.88512207,12.74048704,16.50000116,13.30057357,18.29999798
12.98858166,17.33098221,0.87010498,1.01464111,1.88474609,12.73060075,16.50000178,13.28941667,18.29999965
12.97900200,17.33384514,0.87292969,1.01144287,1.88437256,12.72071611,16.50000182,13.27827171,18.29999956
12.96941853,17.33670425,0.87575195,1.00825195,1.88400391,12.71082489,16.50000187,13.26713700,18.29999850
12.95983601,17.33955574,0.87856689,1.00507324,1.88364014,12.70093531,16.50000212,13.25601626,18.29999812
12.95024776,17.34240341,0.88137939,1.00190430,1.88328369,12.69103898,16.50000179,13.24490225,18.29999989
12.94066238,17.34524536,0.88418701,0.99874268,1.88292969,12.68114385,16.50000176,13.23380426,18.29999910
12.93107128,17.34808159,0.88698975,0.99559082,1.88258057,12.67124317,16.50000131,13.22271217,18.29999895
12.92148209,17.35091400,0.88978760,0.99244629,1.88223389,12.66134189,16.50000326,13.21163579,18.29999804
12.91189098,17.35374069,0.89258301,0.98931396,1.88189697,12.65143742,16.50000282,13.20057040,18.29999980
12.90229511,17.35656166,0.89537354,0.98618896,1.88156250,12.64152879,16.50000186,13.18951030,18.30000012
12.89270020,17.35937881,0.89815918,0.98834961,1.88650879,12.63161826,16.50000332,13.17999919,18.30505020
12.88310146,17.36219215,0.87234375,1.02329590,1.89563965,12.63000032,16.52737274,13.17999975,18.34147043
12.87350655,17.36499786,0.85148438,1.02909912,1.88058350,12.62691767,16.55000123,13.17153244,18.34999811
12.86390591,17.36779785,0.85426514,1.02600098,1.88026611,12.61696849,16.55000153,13.16048600,18.34999856
12.85430813,17.37059402,0.85704346,1.02291016,1.87995361,12.60701956,16.55000165,13.14945534,18.34999859
12.84470844,17.37338638,0.85981934,1.01982666,1.87964600,12.59706842,16.55000084,13.13843282,18.34999914
12.83510303,17.37617493,0.86259033,1.01675049,1.87934082,12.58710891,16.55000244,13.12741810,18.34999906
12.82549953,17.37895775,0.86535889,1.01368164,1.87904053,12.57715053,16.55000129,13.11641562,18.34999758
12.81588936,17.38173485,0.86812012,1.01062500,1.87874512,12.56718525,16.55000245,13.10541909,18.34999896
12.80628300,17.38450813,0.87088135,1.00757324,1.87845459,12.55722117,16.55000073,13.09443710,18.34999824
12.79666996,17.38727760,0.87363770,1.00452881,1.87816650,12.54724922,16.55000098,13.08345969,18.34999761
12.78706264,17.39004135,0.87638916,1.00149414,1.87788330,12.53728119,16.55000137,13.07250053,18.34999745
12.77744865,17.39280128,0.87913818,0.99846680,1.87760498,12.52730536,16.55000101,13.06154481,18.34999790
12.76783752,17.39555740,0.88188232,0.99544678,1.87732910,12.51733184,16.55000236,13.05060209,18.34999885
12.75822449,17.39830780,0.88462402,0.99243408,1.87705811,12.50735352,16.55000162,13.03966936,18.34999795
12.74860573,17.40105438,0.88736328,0.98942871,1.87679199,12.49736686,16.55000054,13.02874234,18.34999730
12.73899078,17.40379524,0.89009521,0.98643311,1.87652832,12.48738317,16.55000188,13.01783070,18.34999742
12.72937298,17.40653419,0.88359375,0.98344238,1.86703613,12.48000069,16.55886007,13.00692505,18.34999794
12.71975517,17.40926743,0.85085205,0.98046143,1.83131348,12.48000056,16.59289318,12.99603135,18.34999908
12.71013069,17.41199875,0.84617676,0.97748291,1.82365967,12.47206437,16.60000150,12.98513914,18.34999831
12.70051003,17.41472244,0.84890381,0.99493408,1.84383789,12.46204194,16.60000123,12.97999991,18.36959376
12.69088650,17.41744423,0.85163086,1.02364746,1.87527832,12.45201585,16.59999948,12.97800542,18.40000049
12.68126488,17.42016220,0.85435303,1.02068359,1.87503662,12.44198882,16.60000002,12.96712464,18.39999847
12.67164040,17.42287445,0.85707031,1.01773193,1.87480225,12.43195854,16.60000018,12.95625168,18.40000015
12.66201019,17.42558670,0.85978760,1.01478027,1.87456787,12.42191974,16.60000132,12.94538141,18.39999918
12.65238571,17.42829132,0.86250000,1.01184082,1.87434082,12.41188397,16.60000083,12.93453003,18.39999930
12.64275551,17.43099403,0.86520996,1.00890625,1.87411621,12.40184103,16.60000159,12.92368168,18.39999984
12.63312626,17.43369102,0.86791748,1.00597900,1.87389648,12.39179774,16.59999964,12.91284343,18.39999952
12.62349224,17.43638611,0.87062012,1.00305664,1.87367676,12.38174804,16.60000157,12.90200996,18.39999934
12.61386299,17.43907547,0.87332031,1.00014404,1.87346436,12.37169988,16.60000135,12.89119307,18.40000009
12.60423183,17.44176292,0.87602051,0.99723389,1.87325439,12.36164691,16.60000019,12.88038280,18.39999885
12.59459782,17.44444466,0.87871338,0.99433350,1.87304688,12.35159029,16.60000134,12.86958000,18.39999887
12.58496571,17.44712448,0.88140625,0.99143799,1.87284424,12.34153213,16.60000164,12.85878870,18.39999924
12.57532787,17.44980049,0.88409668,0.98854736,1.87264404,12.33146656,16.60000128,12.84799992,18.39999834
12.56569481,17.45247269,0.88678467,0.98566650,1.87245117,12.32140305,16.60000065,12.83722657,18.40000049
12.55605602,17.45514107,0.88947021,0.99567139,1.88514160,12.31133133,16.59999955,12.83000041,18.41238497
12.54642010,17.45780754,0.89215332,1.03191650,1.92406982,12.30125974,16.59999990,12.82998685,18.44999783
12.53678036,17.46047020,0.89483398,1.02904541,1.92387939,12.29118101,16.60000008,12.81921586,18.44999770
12.52714252,17.46312904,0.89751221,1.02618164,1.92369385,12.28110302,16.59999945,12.80845482,18.44999890
12.51750183,17.46578407,0.90018555,1.02332275,1.92350830,12.27101953,16.60000092,12.79770067,18.44999849
12.50786018,17.46843719,0.90285889,1.02046875,1.92332764,12.26093237,16.60000134,12.78695376,18.44999883
12.49821949,17.47108650,0.90552979,1.01761963,1.92314941,12.25084243,16.60000170,12.77621780,18.44999741
12.48857212,17.47373390,0.90820068,1.01477783,1.92297852,12.24074357,16.60000082,12.76548329,18.44999936
12.47893047,17.47637558,0.91086670,1.01194092,1.92280762,12.23064700,16.60000041,12.75476469,18.44999762
12.46928310,17.47901726,0.87879883,1.00910889,1.88790771,12.23000024,16.63342216,12.74404731,18.44999890
12.45964050,17.48165512,0.86423584,1.00628174,1.87051758,12.22457197,16.65000231,12.73334492,18.44999848
12.44999218,17.48428917,0.86690186,1.00346191,1.87036377,12.21444444,16.65000141,12.72264495,18.44999940
12.44034863,17.48692131,0.86956543,1.00064453,1.87020996,12.20431824,16.65000213,12.71195845,18.44999847
12.43070316,17.48954964,0.87222656,0.99783447,1.87006104,12.19418825,16.65000222,12.70127820,18.44999890
12.42105103,17.49217606,0.87488770,0.99502686,1.86991455,12.18404853,16.65000129,12.69059859,18.44999786
12.41140270,17.49480057,0.87754639,0.99247070,1.87001709,12.17390819,16.65000234,12.67999972,18.45023438
12.40175056,17.49742126,0.88020264,1.02910400,1.90930664,12.16376186,16.65000280,12.67999914,18.48819509
12.39209938,17.50004005,0.88285889,1.03856934,1.92142822,12.15361320,16.65000229,12.67264754,18.49999959
12.38244629,17.50265694,0.88551514,1.03577881,1.92129395,12.14345996,16.65000076,12.66198638,18.50000093
12.37279701,17.50527000,0.88816650,1.03299316,1.92115967,12.13330722,16.65000145,12.65133861,18.50000080
12.36314487,17.50787926,0.89081543,1.03021240,1.92102783,12.12314903,16.65000154,12.64069586,18.49999977
12.35348797,17.51048851,0.89346436,1.02743408,1.92089844,12.11298329,16.65000256,12.63005491,18.49999927
12.34383488,17.51309586,0.89611328,1.02466064,1.92077393,12.10281729,16.65000288,12.61942641,18.49999943
12.33417988,17.51569939,0.89876221,1.02189453,1.92065674,12.09264489,16.65000056,12.60880567,18.50000078
12.32452679,17.51830101,0.90140625,1.01913086,1.92053711,12.08247326,16.65000190,12.59819276,18.50000090
12.31486702,17.52090263,0.95595703,1.01636719,1.97232422,12.05836275,16.60000120,12.58758066,18.49999894
12.30521202,17.52349854,0.95859619,1.01361572,1.97221191,12.04819182,16.60000119,12.57698414,18.50000089
12.29555416,17.52609444,0.96123779,1.01086182,1.97209961,12.03801522,16.59999955,12.56638858,18.49999909
12.28589821,17.52868652,0.96387451,1.00811768,1.97199219,12.02783687,16.60000013,12.55580492,18.50000090
12.27624321,17.53127861,0.96651367,1.00537354,1.97188721,12.01765485,16.59999952,12.54522843,18.50000092
12.26658154,17.53386879,0.96915039,1.00263184,1.97178223,12.00746157,16.60000086,12.53465337,18.49999925
12.25692177,17.53645706,0.97178711,1.02202881,1.99381592,11.99726805,16.60000085,12.52999967,18.52132835
12.24726009,17.53904343,0.97442383,1.04904541,2.02346924,11.98706707,16.60000060,12.52737875,18.54999836
12.23760223,17.54162598,0.96531494,1.04631592,2.01163086,11.98000052,16.61131728,12.51681968,18.54999823
12.22793865,17.54420853,0.92965576,1.04358887,1.97324463,11.98000004,16.64822513,12.50626315,18.54999834
12.21827888,17.54678917,0.93044922,1.04086670,1.97131592,11.97027211,16.65000135,12.49571691,18.54999983
12.20861340,17.54936981,0.93308594,1.03814453,1.97123047,11.96004319,16.65000212,12.48517078,18.54999967
12.19895267,17.55194664,0.93572021,1.03542725,1.97114746,11.94981526,16.65000266,12.47463729,18.54999857
12.18929005,17.55452347,0.93835693,1.03271484,1.97107178,11.93957999,16.65000226,12.46411007,18.55000018
12.17962456,17.55709839,0.94099365,1.03000244,1.97099609,11.92933892,16.65000077,12.45358477,18.54999857
12.16996384,17.55967140,0.94362793,1.02729492,1.97092285,11.91909849,16.65000104,12.44307222,18.54999790
12.16030025,17.56224442,0.94626465,1.02459229,1.97085693,11.90884876,16.65000052,12.43256580,18.54999985
12.15063858,17.56481361,0.94889648,1.02189209,1.97078857,11.89860000,16.65000157,12.42206569,18.54999925
12.14097309,17.56738472,0.95153320,1.01919189,1.97072510,11.88834195,16.65000095,12.41156755,18.54999899
12.13130951,17.56995201,1.00602783,1.01649902,2.02252686,11.86431822,16.59999962,12.40107977,18.55000010
12.12164593,17.57251740,1.00865723,1.01380615,2.02246338,11.85406073,16.60000128,12.39059707,18.54999795
12.11197662,17.57508469,1.01129395,1.01111572,2.02240967,11.84378956,16.59999950,12.38011643,18.54999803
12.10231209,17.57764816,1.01392334,1.00843018,2.02235352,11.83352210,16.60000180,12.36964585,18.54999790
12.09264565,17.58021355,1.01656006,1.00574463,2.02230469,11.82324640,16.60000009,12.35917869,18.54999828
12.08298206,17.58277512,1.01919189,1.00306396,2.02225586,11.81297019,16.60000065,12.34872121,18.54999793
12.07331276,17.58533669,1.02182617,1.00038574,2.02221191,11.80268314,16.60000002,12.33826390,18.54999856
12.06364918,17.58789825,1.02446045,1.00594482,2.03040527,11.79239576,16.60000111,12.33000009,18.55794060
12.05398178,17.59045982,1.02709717,1.04272949,2.06982666,11.78210130,16.60000054,12.33000026,18.59599381
12.04431629,17.59301949,1.08157959,1.04420898,2.12578857,11.75808358,16.55000209,12.32065912,18.59999867
12.03465080,17.59557724,1.08421387,1.04153809,2.12575195,11.74778448,16.55000204,12.31022577,18.59999751
12.02498341,17.59813690,1.08685303,1.03886963,2.12572266,11.73747726,16.55000053,12.29979646,18.59999917
12.01531601,17.60069466,1.14133545,1.03620117,2.17753662,11.71345354,16.50000137,12.28937237,18.59999742
12.00564671,17.60325241,1.14397217,1.03353516,2.17750732,11.70313934,16.50000191,12.27895055,18.59999710
11.99598217,17.60580826,1.14660889,1.03087402,2.17748291,11.69282404,16.50000212,12.26854054,18.59999803
11.98631096,17.60836601,1.14925049,1.02821289,2.17746338,11.68249519,16.50000117,12.25812924,18.59999928
11.97664356,17.61092186,1.25557861,1.02555176,2.28113037,11.64475774,16.40000092,12.24772662,18.59999741
11.96697330,17.61347771,1.25821777,1.02289551,2.28111328,11.63442276,16.40000247,12.23732750,18.59999879
11.95730972,17.61603355,1.26086182,1.02023926,2.28110107,11.62408793,16.40000071,12.22693955,18.59999899
11.94764423,17.61858940,1.26350342,1.01758301,2.28108643,11.61374714,16.40000262,12.21655369,18.59999806
11.93797302,17.62114334,1.26614746,1.01493164,2.28107910,11.60339305,16.40000221,12.20616911,18.59999834
11.92830753,17.62369919,1.26879395,1.01228027,2.28107422,11.59303927,16.40000262,12.19579419,18.59999948
11.91863918,17.62625504,1.27144287,1.00962646,2.28106934,11.58267676,16.40000203,12.18541999,18.59999716
11.90897369,17.62880898,1.24499268,1.02569092,2.27068359,11.58000054,16.42806607,12.17999920,18.61804459
11.89930344,17.63136482,1.22490234,1.05617432,2.28107666,11.57563101,16.45000038,12.17839059,18.64999850
11.88963604,17.63392067,1.22755615,1.05352783,2.28108398,11.56525117,16.44999975,12.16803348,18.64999936
11.87997055,17.63647461,1.23020752,1.05088379,2.28109131,11.55486950,16.45000089,12.15768258,18.64999954
11.87030220,17.63903236,1.23286621,1.04823730,2.28110352,11.54447721,16.45000028,12.14733300,18.64999996
11.86063671,17.64158630,1.23552246,1.04559570,2.28111816,11.53408258,16.44999985,12.13699235,18.64999993
11.85096645,17.64414406,1.23818359,1.04295166,2.28113525,11.52367440,16.45000062,12.12665238,18.64999964
11.84130001,17.64670181,1.24084717,1.04030762,2.28115479,11.51326609,16.44999989,12.11631872,18.64999872
11.83163071,17.64925957,1.24351074,1.03766602,2.28117676,11.50285043,16.45000040,12.10598630,18.64999920
11.82196331,17.65181732,1.24617676,1.03502441,2.28120117,11.49242934,16.45000038,12.09566100,18.64999825
11.81229496,17.65437698,1.24884521,1.03238525,2.28123047,11.48200042,16.45000168,12.08534018,18.65000021
11.80262756,17.65693474,1.21964355,1.02974609,2.24938965,11.48000019,16.48073660,12.07502213,18.64999983
11.79296112,17.65949440,1.20233887,1.02710693,2.22944580,11.47484891,16.50000166,12.06471085,18.64999971
11.78329086,17.66205597,1.20501221,1.02446533,2.22947754,11.46440512,16.50000333,12.05439798,18.64999836
11.77362633,17.66461754,1.20769043,1.02182861,2.22951904,11.45395892,16.50000217,12.04409738,18.65000028
11.76395893,17.66718102,1.21037109,1.01918701,2.22955811,11.44350474,16.50000180,12.03379580,18.64999852
11.75429535,17.66974258,1.21304932,1.04108643,2.25413574,11.43305088,16.50000299,12.02999993,18.67365891
11.74462891,17.67230606,1.18774658,1.06576416,2.25351074,11.42999986,16.52698932,12.02694532,18.69999796
11.73496723,17.67487144,1.16656738,1.06312744,2.22969482,11.42585989,16.55000158,12.01666592,18.69999870
11.72530079,17.67743492,1.16925293,1.06049316,2.22974609,11.41538898,16.55000108,12.00638570,18.69999886
11.71563721,17.68000412,1.17194580,1.05785400,2.22979980,11.40491410,16.55000054,11.99611066,18.69999908
11.70597267,17.68257141,1.17463623,1.05521729,2.22985352,11.39443283,16.55000212,11.98583993,18.69999848
11.69630527,17.68514061,1.17733154,1.05258057,2.22991211,11.38394384,16.55000193,11.97556864,18.69999910
11.68664265,17.68771172,1.15536377,1.04994141,2.20530518,11.37999995,16.57378370,11.96530541,18.69999822
11.67697716,17.69028473,1.13087158,1.04730225,2.17817383,11.37672333,16.60000119,11.95504278,18.69999832
11.66731548,17.69285583,1.13357178,1.04466553,2.17823730,11.36622825,16.60000110,11.94478839,18.69999776
11.65765095,17.69543076,1.13627686,1.04202637,2.17830322,11.35572436,16.60000137,11.93453370,18.69999782
11.64799118,17.69800758,1.13898682,1.03938721,2.17837402,11.34521940,16.60000021,11.92428685,18.69999883
11.63833141,17.70058441,1.14169678,1.03674805,2.17844482,11.33471036,16.60000017,11.91404256,18.69999913
11.62866688,17.70316505,1.14441162,1.03410645,2.17851807,11.32418814,16.60000111,11.90379815,18.69999952
11.61900806,17.70574570,1.14712891,1.03146484,2.17859375,11.31366802,16.60000056,11.89356093,18.69999947
11.60934734,17.70832825,1.14984863,1.02882080,2.17866943,11.30313920,16.60000132,11.88332541,18.69999773
11.59968948,17.71091080,1.15257080,1.02617920,2.17875000,11.29260885,16.60000080,11.87309547,18.69999774
11.59002876,17.71349907,1.15530029,1.02353271,2.17883301,11.28206759,16.60000066,11.86286547,18.69999761
11.58037186,17.71608543,1.12625977,1.02088867,2.14714844,11.28000056,16.63061861,11.85264089,18.69999769
11.57071209,17.71867752,1.10888184,1.01823975,2.12712158,11.27482158,16.65000183,11.84241595,18.69999764
11.56105709,17.72126579,1.11161377,1.01559570,2.12720947,11.26427902,16.65000116,11.83220031,18.69999761
11.55140114,17.72385979,1.11435303,1.04294922,2.15730225,11.25372841,16.65000055,11.83000005,18.72890991
11.54174328,17.72645569,1.11709229,1.06218506,2.17927734,11.24317256,16.65000281,11.82563867,18.74999884
11.53208828,17.72905350,1.11983887,1.05953613,2.17937500,11.23261213,16.65000148,11.81543779,18.74999913
11.52243233,17.73165321,1.12258789,1.05688721,2.17947510,11.22204544,16.65000108,11.80523874,18.75000047
11.51277828,17.73425674,1.12534180,1.05423340,2.17957520,11.21147510,16.65000096,11.79504264,18.75000028
11.50312138,17.73686028,1.12809570,1.05157959,2.17967529,11.20089719,16.65000224,11.78484640,18.74999926
11.49347019,17.73946762,1.13085693,1.04892334,2.17978027,11.19031914,16.65000132,11.77465715,18.74999919
11.48381424,17.74207687,1.13261230,1.04626709,2.17887939,11.17999991,16.65097306,11.76446714,18.74999989
11.47416306,17.74468994,1.09593262,1.04360596,2.13953857,11.18000039,16.68897375,11.75428056,18.74999965
11.46451092,17.74730301,1.08725342,1.04094727,2.12820068,11.17248672,16.70000080,11.74409780,18.75000059
11.45485687,17.74991989,1.09002686,1.03828369,2.12831055,11.16189229,16.70000066,11.73391453,18.74999985
11.44520664,17.75254059,1.09280518,1.03561768,2.12842285,11.15129638,16.70000083,11.72373631,18.74999998
11.43555260,17.75516510,1.09558838,1.03294922,2.12853760,11.14069044,16.70000150,11.71355631,18.75000079
11.42590618,17.75778770,1.09837158,1.03028076,2.12865234,11.13008864,16.70000127,11.70338525,18.74999929
11.41625404,17.76041603,1.10116211,1.02760986,2.12877197,11.11947433,16.70000106,11.69321032,18.75000047
11.40660858,17.76304626,1.10395508,1.02493652,2.12889160,11.10886207,16.70000168,11.68304309,18.75000057
11.39696407,17.76567841,1.10675293,1.04863770,2.15539063,11.09824292,16.70000127,11.67999948,18.77539719
11.38731480,17.76831436,1.10955566,1.07151367,2.18106934,11.08761436,16.70000101,11.67673977,18.79999975
11.37767029,17.77095413,1.10121094,1.06883545,2.17004639,11.08000102,16.71073788,11.66658811,18.80000013
11.36802578,17.77359581,1.06471680,1.06615479,2.13087158,11.08000049,16.74857714,11.65644007,18.79999885
11.35838127,17.77624130,1.06604980,1.06347168,2.12952148,11.06977302,16.75000185,11.64629156,18.79999891
11.34873772,17.77888870,1.06886475,1.06078613,2.12965088,11.05914106,16.75000307,11.63614557,18.79999789
11.33909702,17.78154182,1.07168945,1.05809814,2.12978760,11.04850339,16.75000236,11.62600531,18.79999917
11.32945347,17.78419685,1.07451660,1.05540771,2.12992432,11.03785938,16.75000206,11.61586194,18.79999983
11.31981373,17.78685379,1.06708496,1.05271484,2.11979980,11.03000079,16.75987823,11.60572384,18.79999938
11.31017494,17.78951454,1.03075195,1.05001953,2.08077148,11.03000039,16.79757106,11.59558672,18.80000016
11.30053616,17.79218102,1.03106689,1.04731689,2.07838379,11.02004293,16.80000027,11.58545006,18.79999890
11.29090023,17.79484749,1.03390625,1.04461670,2.07852295,11.00939815,16.80000140,11.57531845,18.79999939
11.28126144,17.79751968,1.03675293,1.04190918,2.07866211,10.99874435,16.80000244,11.56518363,18.79999804
11.27162647,17.80019379,1.03960449,1.03920166,2.07880615,10.98808873,16.80000192,11.55505434,18.79999809
11.26198864,17.80287552,1.04246582,1.03648682,2.07895264,10.97742309,16.80000096,11.54492208,18.79999815
11.25235748,17.80555725,1.04532715,1.03377197,2.07909912,10.96676092,16.80000093,11.53479702,18.79999802
11.24272251,17.80824280,1.04819336,1.05054932,2.09874268,10.95608911,16.80000148,11.53000016,18.81875028
11.23309326,17.81093216,1.05106445,1.08031738,2.13138184,10.94541752,16.80000235,11.52877552,18.84999788
11.22346592,17.81362534,1.05394287,1.07759521,2.13153809,10.93474313,16.80000077,11.51866816,18.84999743
11.21383572,17.81632233,1.03515625,1.07487061,2.11002686,10.93000026,16.82083956,11.50856068,18.84999735
11.20420933,17.81902313,1.00771729,1.07214355,2.07986084,10.92764399,16.85000008,11.49845629,18.84999862
11.19458294,17.82172966,1.01060791,1.06940918,2.08001709,10.91696860,16.84999999,11.48835001,18.84999851
11.18495655,17.82443810,1.01350098,1.06667480,2.08017578,10.90628691,16.85000108,11.47824673,18.84999943
11.17533016,17.82715034,1.01640137,1.06393555,2.08033691,10.89559953,16.85000015,11.46814299,18.84999905
11.16570759,17.82986832,1.01930664,1.06118896,2.08049561,10.88491124,16.85000123,11.45804159,18.84999719
11.15608501,17.83258820,1.02221680,1.05844482,2.08066162,10.87421625,16.85000124,11.44794340,18.84999867
11.14646435,17.83531570,1.02513672,1.05569092,2.08082764,10.86351855,16.85000006,11.43784334,18.84999868
11.13684559,17.83804321,1.02805664,1.05293701,2.08099365,10.85281770,16.85000036,11.42774734,18.84999805
11.12722397,17.84077644,1.03098389,1.05017822,2.08116211,10.84210851,16.85000047,11.41764756,18.84999818
11.11760902,17.84351158,1.03391357,1.04741699,2.08133057,10.83140103,16.85000153,11.40755503,18.84999737
11.10799122,17.84625244,1.00322998,1.04465088,2.04788086,10.83000095,16.88230651,11.39745902,18.84999733
11.09837723,17.84899902,0.98775391,1.04187988,2.02963379,10.82440174,16.90000211,11.38736575,18.84999815
11.08875942,17.85174751,0.99069824,1.04894531,2.03964355,10.81369203,16.90000127,11.37999912,18.85945068
11.07914639,17.85449982,0.99364746,1.08247314,2.07612061,10.80298074,16.90000110,11.37999946,18.89432457
11.06953526,17.85725594,0.99660156,1.08560547,2.08220703,10.79226496,16.90000160,11.37156784,18.90000018
11.05992222,17.86001778,0.99956299,1.08282227,2.08238525,10.78154337,16.90000145,11.36148882,18.89999931
11.05031300,17.86278343,1.00252930,1.08003662,2.08256592,10.77082060,16.90000152,11.35141344,18.89999973
11.04070377,17.86555099,1.00549805,1.07724854,2.08274658,10.76009237,16.90000266,11.34133909,18.89999908
11.03109550,17.86832237,1.00847412,1.07445801,2.08293213,10.74935982,16.90000162,11.33126499,18.89999980
11.02148628,17.87109947,1.01145508,1.07166016,2.08311523,10.73862247,16.90000248,11.32118707,18.89999930
11.01188087,17.87388039,1.00687500,1.06885986,2.07573486,10.73000040,16.90726744,11.31111437,18.89999959
11.00227261,17.87666512,0.97152344,1.06605469,2.03757813,10.73000023,16.94407438,11.30103765,18.89999886
10.99267197,17.87945366,0.96834229,1.06324707,2.03158936,10.72100273,16.95000081,11.29096682,18.89999984
10.98307133,17.88224411,0.97133789,1.06043701,2.03177490,10.71027031,16.95000118,11.28089591,18.90000005
10.97346783,17.88504028,0.97434082,1.05761963,2.03196045,10.69952742,16.95000194,11.27082245,18.89999818
10.96386719,17.88784027,0.97735107,1.05479980,2.03215088,10.68878450,16.94999990,11.26074839,18.89999841
10.95426750,17.89064407,0.98036377,1.05197754,2.03234131,10.67803737,16.95000074,11.25067574,18.89999967
10.94467163,17.89344978,0.98338135,1.04915283,2.03253418,10.66728898,16.94999987,11.24060646,18.90000044
10.93507290,17.89626312,0.98640625,1.04631836,2.03272461,10.65653172,16.95000098,11.23053204,18.89999911
10.92547703,17.89907837,0.98943604,1.04348389,2.03291992,10.64577310,16.95000021,11.22045976,18.89999983
10.91588593,17.90189552,0.99246826,1.04064697,2.03311523,10.63501499,16.95000016,11.21039155,18.90000002
10.90629101,17.90471840,0.97520508,1.03780273,2.01300781,10.63000031,16.96947064,11.20031659,18.89999899
10.89669991,17.90754509,0.94640869,1.03495605,1.98136475,10.62826870,17.00000223,11.19024592,18.89999897
10.88710690,17.91037750,0.94945557,1.03210449,1.98156006,10.61751145,17.00000169,11.18017029,18.90000040
10.87751675,17.91321182,0.95250488,1.06408447,2.01658936,10.60675245,17.00000196,11.17999927,18.93339813
10.86792660,17.91604805,0.95555664,1.07854736,2.03410400,10.59598928,17.00000300,11.17486526,18.94999824
10.85834122,17.91889000,0.95861816,1.07569092,2.03430908,10.58522412,17.00000161,11.16481317,18.94999908
10.84875202,17.92173767,0.96168457,1.07282715,2.03451172,10.57445195,17.00000196,11.15475315,18.94999904
10.83916759,17.92458534,0.96475342,1.06996338,2.03471680,10.56367901,17.00000154,11.14469924,18.94999846
10.82958603,17.92743874,0.96782715,1.06709473,2.03492188,10.55290459,17.00000315,11.13464599,18.94999903
10.82000160,17.93029404,0.97090576,1.06422363,2.03512939,10.54212280,17.00000300,11.12458851,18.94999929
10.81042194,17.93315506,0.97399170,1.06134521,2.03533691,10.53134188,17.00000227,11.11453161,18.94999868
10.80083847,17.93602180,0.94414551,1.05846191,2.00260742,10.53000048,17.03155652,11.10446932,18.94999905
10.79125881,17.93888855,0.92798096,1.05557861,1.98355957,10.52475061,17.05000044,11.09441197,18.94999904
10.78167629,17.94176292,0.93107666,1.05268799,1.98376465,10.51397006,17.05000226,11.08434862,18.94999972
10.77210140,17.94463730,0.93417480,1.04979492,1.98396973,10.50319440,17.05000241,11.07429024,18.94999857
10.76252365,17.94751740,0.93728271,1.04689697,1.98417969,10.49240836,17.05000050,11.06422865,18.94999798
10.75294971,17.95040131,0.94039307,1.04399658,1.98438965,10.48162383,17.05000063,11.05416769,18.94999951
10.74337578,17.95328903,0.91177490,1.04108887,1.95286377,10.48000043,17.08038191,11.04410476,18.94999763
10.73380280,17.95618057,0.89439697,1.03817871,1.93257568,10.47514585,17.10000159,11.03404099,18.94999744
10.72423363,17.95907402,0.89751709,1.05605957,1.95357666,10.46437116,17.09999983,11.02999966,18.96989993
10.71466064,17.96197319,0.90064209,1.08459473,1.98523682,10.45358828,17.10000023,11.02905602,19.00000076
10.70509338,17.96487427,0.90376953,1.08167969,1.98544922,10.44280660,17.10000145,11.01901223,19.00000029
10.69552135,17.96778107,0.90690674,1.07875732,1.98566406,10.43201445,17.10000006,11.00896043,18.99999868
10.68595409,17.97068977,0.91004395,1.07583496,1.98587891,10.42122573,17.10000102,10.99891044,18.99999985
10.67638779,17.97360229,0.91318848,1.07290771,1.98609619,10.41043202,17.10000014,10.98885997,18.99999993
10.66682148,17.97652054,0.91633789,1.06997314,1.98631104,10.39963350,17.10000146,10.97880679,18.99999876
10.65725899,17.97944069,0.91949219,1.06703857,1.98653076,10.38883477,17.10000089,10.96875592,18.99999986
10.64769363,17.98236656,0.91590576,1.06409668,1.98000244,10.38000027,17.10645354,10.95869901,18.99999979
10.63813305,17.98529434,0.88215332,1.06115234,1.94330566,10.37999989,17.14175320,10.94864438,18.99999965
10.62856865,17.98822784,0.87669189,1.05820313,1.93489502,10.37172995,17.15000199,10.93858351,19.00000088
10.61901283,17.99116135,0.87985840,1.05525146,1.93510986,10.36094097,17.15000164,10.92852935,18.99999983
10.60945320,17.99410057,0.88302979,1.05229492,1.93532471,10.35014524,17.15000281,10.91846707,19.00000072
10.59989834,17.99704361,0.88621094,1.04933350,1.93554443,10.33934527,17.15000056,10.90841074,18.99999969
10.59034348,17.99999046,0.88939209,1.04636719,1.93575928,10.32854519,17.15000228,10.89834839,18.99999907
10.58078480,18.00294113,0.89258057,1.04339844,1.93597900,10.31773551,17.15000203,10.88828109,18.99999995
10.57123184,18.00589561,0.89577393,1.04646973,1.94224365,10.30692804,17.15000167,10.87999940,19.00577636
10.56167793,18.00885391,0.89897217,1.07756348,1.97653564,10.29611419,17.15000190,10.87999901,19.03832690
10.55212593,18.01181412,0.90217285,1.08680664,1.98897949,10.28530098,17.15000192,10.87355783,19.05000012
10.54257393,18.01478004,0.88674072,1.08382568,1.97056641,10.28000044,17.16780646,10.86350640,19.05000003
10.53302670,18.01774788,0.85624023,1.08083984,1.93708008,10.27918370,17.20000035,10.85345502,19.04999804
10.52347565,18.02072144,0.85945313,1.07785156,1.93730469,10.26837604,17.19999986,10.84339945,19.04999925
10.51392937,18.02369499,0.86266602,1.07486084,1.93752686,10.25757254,17.19999982,10.83334373,19.04999910
10.50438404,18.02667427,0.86588379,1.07186523,1.93774902,10.24676445,17.20000207,10.82328767,19.05000004
10.49483871,18.02965736,0.86911133,1.06886230,1.93797363,10.23595133,17.19999977,10.81322711,19.04999814
10.48529816,18.03264427,0.87233887,1.06585693,1.93819580,10.22514062,17.20000201,10.80316857,19.04999838
10.47575378,18.03563499,0.87557373,1.06284668,1.93842041,10.21432217,17.20000178,10.79310196,19.04999845
10.46621418,18.03862762,0.87881348,1.05983643,1.93864990,10.20350275,17.20000029,10.78304039,19.05000014
10.45667171,18.04162598,0.88205811,1.05681641,1.93887451,10.19267723,17.20000054,10.77297027,19.04999896
10.44713306,18.04462624,0.88530518,1.05379395,1.93909912,10.18185254,17.20000120,10.76290102,19.04999791
10.43759537,18.04763222,0.85864014,1.05076660,1.90940674,10.18000030,17.22854271,10.75282906,19.04999848
10.42805481,18.05064201,0.83939941,1.04773438,1.88713379,10.17593321,17.25000097,10.74275180,19.04999837
10.41852283,18.05365181,0.84265137,1.04470215,1.88735352,10.16512553,17.25000319,10.73267969,19.04999914
10.40898705,18.05666924,0.84591553,1.06623779,1.91215332,10.15430695,17.25000258,10.72999964,19.07343562
10.39945602,18.05968666,0.84917969,1.09105713,1.94023682,10.14349099,17.25000276,10.72832926,19.09999816
10.38992214,18.06270981,0.85245117,1.08801514,1.94046631,10.13266804,17.25000241,10.71826512,19.09999849
10.38039303,18.06573677,0.82874023,1.08496826,1.91370850,10.12999975,17.27572820,10.70820233,19.09999841
10.37085915,18.06876755,0.80655273,1.08191650,1.88846924,10.12688273,17.30000048,10.69813113,19.09999804
10.36133099,18.07180023,0.80982910,1.07886230,1.88869141,10.11607605,17.30000152,10.68806203,19.09999807
10.35180378,18.07483673,0.81311279,1.07580322,1.88891602,10.10526487,17.30000062,10.67799143,19.09999731
10.34227657,18.07787704,0.81639893,1.07274170,1.88914063,10.09445181,17.30000166,10.66791634,19.09999912
10.33275127,18.08092117,0.81969238,1.06967285,1.88936523,10.08363593,17.30000052,10.65783898,19.09999814
10.32322502,18.08396912,0.82298828,1.06660156,1.88958984,10.07281592,17.30000166,10.64775788,19.09999927
10.31370449,18.08701897,0.82628906,1.06352539,1.88981445,10.06199761,17.30000101,10.63767908,19.09999811
10.30418110,18.09007454,0.82959473,1.06044434,1.89003906,10.05117416,17.30000183,10.62759176,19.09999915
10.29466152,18.09313202,0.83290527,1.05735840,1.89026367,10.04034980,17.30000105,10.61750572,19.09999765
10.28513908,18.09619522,0.83464355,1.05426758,1.88891113,10.03000076,17.30150390,10.60741326,19.09999773
10.27562141,18.09926033,0.80258057,1.05117432,1.85375488,10.03000060,17.33518835,10.59732157,19.09999829
10.26610470,18.10232735,0.79033691,1.04807861,1.83841553,10.02395232,17.35000121,10.58722690,19.09999926
10.25658512,18.10540199,0.79366211,1.04497314,1.83863525,10.01313419,17.35000065,10.57712416,19.09999920
10.24707317,18.10847664,0.79698730,1.04186523,1.83885254,10.00232115,17.35000109,10.56702635,19.09999721
10.23755550,18.11155510,0.80031738,1.03875488,1.83907227,9.99150029,17.35000092,10.55691762,19.09999810
10.22804451,18.11463737,0.80365234,1.03563965,1.83929199,9.98068166,17.35000107,10.54681266,19.09999837
10.21853256,18.11772537,0.77407959,1.03251709,1.80659668,9.98000068,17.38131400,10.53670171,19.09999817
10.20902348,18.12081337,0.75777100,1.04044678,1.79821777,9.97525233,17.40000280,10.52999965,19.11051215
10.19951630,18.12390709,0.76111572,1.07005127,1.83116699,9.96444676,17.40000136,10.53000015,19.14164490
10.19000626,18.12700272,0.76446045,1.07570801,1.84016846,9.95363778,17.40000221,10.52261138,19.14999908
10.18050003,18.13010216,0.76781250,1.07257813,1.84039063,9.94282707,17.40000104,10.51251184,19.15000022
10.17099285,18.13320732,0.77116943,1.06943848,1.84060791,9.93201214,17.40000167,10.50240532,19.14999857
10.16148853,18.13631439,0.77452881,1.06629883,1.84082764,9.92119701,17.40000278,10.49229943,19.14999936
10.15198135,18.13942528,0.77789551,1.06315186,1.84104736,9.91037565,17.40000114,10.48218452,19.14999821
10.14247990,18.14253998,0.78126465,1.06000244,1.84126709,9.89955817,17.40000143,10.47207067,19.14999972
10.13297462,18.14565659,0.78463623,1.05684814,1.84148438,9.88873307,17.40000248,10.46195030,19.14999863
10.12347698,18.14877701,0.78131104,1.05369141,1.83500244,9.88000018,17.40637152,10.45183458,19.14999963
10.11397839,18.15190315,0.75000000,1.05052734,1.80052734,9.88000011,17.43933450,10.44171249,19.15000030
10.10447979,18.15503120,0.74215332,1.04735840,1.78951172,9.87269465,17.45000131,10.43158486,19.14999945
10.09498215,18.15816116,0.74553711,1.04418701,1.78972412,9.86188426,17.45000090,10.42145521,19.14999878
10.08548641,18.16129684,0.74892822,1.04101074,1.78993896,9.85107144,17.45000007,10.41132339,19.14999984
10.07599354,18.16443443,0.75231934,1.03782959,1.79014893,9.84025883,17.45000210,10.40119115,19.14999865
10.06649971,18.16757393,0.75393555,1.03464844,1.78858398,9.83000106,17.45169184,10.39105393,19.15000046
10.05700970,18.17071915,0.72289795,1.03145752,1.75435547,9.83000082,17.48438949,10.38091436,19.14999968
10.04751682,18.17386818,0.70985596,1.05762207,1.76747803,9.82436086,17.50000108,10.37999930,19.17787006
10.03802872,18.17701912,0.71325928,1.07774170,1.79100098,9.81356147,17.50000125,10.37720091,19.19999969
10.02854156,18.18017387,0.71666748,1.07454590,1.79121338,9.80275765,17.50000189,10.36707399,19.19999972
10.01905155,18.18333435,0.72008301,1.07134277,1.79142578,9.79194763,17.50000180,10.35693781,19.19999963
10.00956631,18.18649483,0.72349854,1.06813721,1.79163574,9.78114062,17.50000240,10.34680262,19.19999806
10.00007915,18.18966103,0.72692139,1.06492676,1.79184814,9.77032740,17.50000258,10.33666134,19.19999825
9.99059582,18.19282913,0.73034668,1.06171387,1.79206055,9.75951453,17.50000330,10.32652151,19.19999849
9.98111057,18.19600296,0.73377930,1.05849365,1.79227295,9.74869703,17.50000295,10.31637250,19.19999912
9.97162914,18.19917870,0.73721436,1.05526855,1.79248291,9.73788010,17.50000318,10.30622384,19.19999743
9.96214962,18.20235634,0.74065430,1.05204346,1.79269775,9.72706102,17.50000164,10.29607521,19.19999812
9.95266724,18.20553970,0.74409912,1.04881104,1.79291016,9.71623568,17.50000187,10.28591857,19.19999843
9.94318962,18.20872498,0.74754639,1.04557617,1.79312256,9.70541345,17.50000211,10.27576176,19.19999957
9.93370819,18.21191406,0.75099854,1.04233398,1.79333252,9.69458411,17.50000222,10.26559587,19.19999842
9.92423344,18.21510696,0.75445557,1.03908936,1.79354492,9.68375676,17.50000269,10.25543486,19.19999894
9.91475487,18.21830368,0.75791748,1.03583984,1.79375732,9.67292263,17.50000286,10.24526508,19.19999975
9.90528107,18.22150421,0.76138428,1.03258301,1.79396729,9.66209018,17.50000285,10.23509452,19.19999834
9.89580536,18.22470665,0.76485352,1.04521729,1.81007080,9.65125388,17.50000294,10.22999933,19.21505687
9.88633347,18.22791290,0.76832764,1.07373047,1.84205811,9.64041690,17.50000330,10.22999950,19.24515955
9.87686348,18.23112297,0.77049316,1.07557861,1.84607178,9.62999974,17.50124764,10.22147569,19.25000066
9.86739159,18.23433685,0.74016846,1.07231201,1.81248047,9.62999974,17.53327020,10.21131077,19.25000050
9.85792446,18.23755074,0.72598145,1.06904297,1.79502441,9.62484467,17.55000232,10.20114579,19.24999919
9.84845352,18.24077034,0.72946777,1.06576904,1.79523682,9.61401574,17.55000112,10.19097246,19.24999991
9.83898830,18.24399376,0.73295898,1.06249023,1.79544922,9.60318786,17.55000024,10.18080234,19.25000004
9.82952023,18.24722099,0.73645264,1.05920654,1.79565918,9.59235542,17.55000128,10.17062365,19.25000059
9.82005692,18.25045013,0.73994873,1.05591797,1.79586670,9.58152536,17.55000252,10.16044503,19.24999941
9.81059074,18.25368309,0.74345215,1.05262695,1.79607910,9.57068805,17.55000151,10.15026028,19.25000034
9.80113029,18.25691986,0.74696045,1.04932861,1.79628906,9.55985327,17.55000029,10.14007580,19.24999913
9.79167080,18.26015854,0.75046875,1.04637207,1.79684082,9.54901792,17.55000157,10.12999960,19.25032424
9.78220844,18.26340103,0.75398438,1.07456299,1.82854736,9.53817524,17.55000056,10.12999953,19.28012468
9.77275085,18.26664734,0.75750244,1.09226563,1.84976807,9.52733397,17.55000205,10.12662487,19.29999980
9.76329136,18.26989746,0.76102783,1.08895508,1.84998291,9.51648789,17.55000062,10.11644256,19.29999819
9.75383663,18.27314949,0.76455322,1.08564453,1.85019775,9.50564458,17.55000196,10.10626252,19.29999907
9.74437904,18.27640724,0.76808838,1.08232666,1.85041504,9.49479298,17.55000062,10.09607510,19.29999942
9.73492622,18.27966499,0.77162354,1.07900879,1.85063232,9.48394357,17.55000028,10.08589075,19.30000018
9.72547436,18.28292656,0.77516113,1.08888672,1.86404785,9.47309342,17.55000185,10.07999968,19.31248279
9.71602154,18.28619385,0.77870605,1.11683350,1.89553955,9.46223936,17.55000250,10.08000026,19.34205203
9.70657158,18.28946304,0.78225586,1.12191162,1.90416748,9.45138358,17.55000158,10.07256230,19.34999892
9.69712067,18.29273605,0.78581055,1.11857910,1.90438965,9.44052378,17.55000041,10.06237908,19.34999925
9.68767452,18.29600906,0.78936279,1.11524414,1.90460693,9.42966857,17.55000199,10.05219592,19.34999846
9.67822647,18.29928970,0.79292725,1.11190186,1.90482910,9.41880514,17.55000059,10.04200646,19.34999891
9.66878223,18.30257034,0.79648926,1.10855713,1.90504639,9.40794388,17.55000241,10.03181816,19.34999758
9.65933609,18.30585480,0.80005859,1.10520996,1.90526855,9.39707733,17.55000158,10.02162330,19.34999896
9.64989567,18.30914497,0.80363281,1.10185303,1.90548584,9.38621338,17.55000249,10.01142786,19.34999775
9.64045620,18.31243515,0.79304688,1.09849609,1.89154297,9.37999998,17.56337848,10.00122951,19.34999781
9.63101387,18.31573105,0.76356934,1.09513428,1.85870361,9.37999993,17.59459991,9.99102567,19.34999918
9.62157345,18.31902885,0.76143066,1.09176758,1.85319824,9.37102591,17.59999994,9.98081782,19.34999923
9.61213398,18.32233238,0.76501709,1.08839355,1.85341064,9.36016872,17.59999961,9.97060619,19.34999874
9.60269547,18.32563591,0.76860352,1.08501953,1.85362305,9.34931058,17.59999997,9.96039296,19.34999912
9.59325504,18.32894516,0.77219727,1.08163818,1.85383545,9.33844616,17.60000000,9.95017293,19.34999891
9.58381939,18.33225632,0.77579346,1.07825195,1.85404541,9.32758503,17.59999991,9.93995181,19.34999744
9.57438278,18.33557320,0.77939453,1.07486084,1.85425537,9.31671960,17.60000161,9.92972536,19.34999793
9.56494999,18.33889008,0.78300049,1.07146973,1.85447021,9.30585362,17.59999980,9.91950138,19.34999871
9.55551910,18.34221077,0.78660889,1.06807129,1.85468018,9.29498777,17.59999991,9.90927310,19.34999764
9.54608536,18.34553528,0.79022217,1.06467041,1.85489258,9.28411630,17.59999972,9.89903762,19.34999918
9.53665638,18.34886360,0.79383789,1.06126221,1.85510010,9.27324738,17.60000163,9.88880135,19.34999862
9.52722549,18.35219383,0.79746094,1.06218018,1.85964111,9.26237103,17.59999964,9.87999909,19.35408085
9.51780033,18.35552788,0.80108643,1.08956543,1.89065186,9.25149891,17.59999956,9.87999947,19.38312928
9.50837135,18.35886574,0.80471436,1.10403809,1.90875244,9.24062067,17.60000157,9.87571531,19.39999907
9.49894905,18.36220551,0.80834717,1.10062012,1.90896729,9.22974588,17.60000161,9.86548763,19.39999839
9.48952770,18.36554718,0.81198486,1.09719971,1.90918457,9.21886893,17.59999949,9.85525709,19.39999836
9.48010349,18.36889458,0.81562500,1.09377441,1.90939941,9.20798684,17.60000141,9.84501902,19.40000038
9.47068214,18.37224388,0.81927002,1.09034424,1.90961426,9.19710364,17.60000161,9.83478036,19.40000016
9.46125793,18.37559891,0.82292236,1.08690674,1.90982910,9.18621504,17.60000072,9.82453154,19.40000041
9.45183849,18.37895584,0.82657715,1.08346680,1.91004395,9.17532744,17.60000054,9.81428566,19.40000053
9.44241714,18.38231468,0.83023438,1.08002197,1.91025635,9.16443577,17.60000050,9.80403310,19.39999900
9.43300056,18.38567924,0.83389893,1.07657227,1.91047119,9.15354605,17.59999950,9.79377927,19.40000004
9.42358112,18.38904572,0.83756348,1.07311768,1.91068115,9.14265144,17.60000129,9.78351875,19.39999897
9.41416740,18.39241219,0.84123047,1.06966309,1.91089355,9.13175971,17.60000154,9.77326172,19.39999863
9.40475655,18.39578438,0.81772461,1.06620117,1.88392578,9.13000035,17.62560090,9.76300109,19.39999841
9.39534187,18.39916039,0.79549072,1.06273682,1.85822754,9.12782250,17.65000160,9.75273471,19.39999999
9.38593197,18.40253639,0.79916504,1.05926758,1.85843262,9.11694354,17.65000070,9.74246749,19.39999827
9.37652016,18.40591812,0.80284424,1.05579346,1.85863770,9.10605962,17.65000150,9.73219372,19.39999864
9.36711407,18.40930176,0.80652588,1.07627197,1.88279785,9.09517867,17.65000268,9.72999944,19.42255172
9.35770416,18.41268921,0.81021484,1.10194824,1.91216309,9.08429062,17.65000111,9.72956549,19.44999779
9.34829712,18.41608047,0.81390625,1.09846680,1.91237305,9.07340269,17.65000187,9.71930103,19.44999797
9.33888721,18.41947556,0.81760254,1.09498047,1.91258301,9.06250907,17.65000232,9.70902876,19.44999849
9.32948208,18.42287254,0.82130371,1.09149170,1.91279541,9.05161695,17.65000080,9.69875775,19.44999940
9.32007885,18.42627144,0.82500488,1.08799805,1.91300293,9.04072511,17.65000180,9.68848434,19.44999853
9.31067276,18.42967415,0.82820313,1.08449951,1.91270264,9.03000047,17.65048000,9.67820211,19.44999832
9.30127239,18.43308067,0.79979248,1.08099609,1.88078857,9.03000074,17.68069801,9.66792200,19.44999785
9.29186916,18.43648911,0.78298096,1.07749268,1.86047363,9.02607624,17.70000197,9.65763786,19.44999969
9.28247166,18.43989944,0.78669189,1.07398193,1.86067383,9.01519670,17.70000201,9.64735208,19.44999817
9.27307034,18.44331360,0.79040771,1.07046875,1.86087646,9.00431105,17.70000155,9.63705769,19.44999952
9.26367569,18.44672966,0.79412598,1.06695068,1.86107666,8.99342802,17.70000194,9.62676787,19.44999826
9.25428104,18.45014954,0.79784912,1.06342773,1.86127686,8.98254323,17.70000169,9.61647174,19.44999776
9.24488449,18.45357323,0.80157715,1.05990234,1.86147949,8.97165199,17.70000179,9.60617194,19.44999900
9.23549271,18.45699883,0.80530762,1.05637207,1.86167969,8.96076466,17.70000155,9.59587056,19.44999921
9.22609901,18.46042824,0.80904297,1.05283691,1.86187988,8.94987214,17.70000120,9.58556304,19.44999949
9.21670628,18.46386147,0.81278320,1.06319092,1.87597412,8.93897722,17.70000077,9.57999996,19.46305750
9.20731163,18.46729660,0.81652588,1.08980469,1.90633057,8.92807810,17.70000056,9.58000039,19.49139497
9.19792175,18.47073364,0.82027100,1.09541992,1.91569092,8.91718211,17.70000037,9.57283176,19.49999907
9.18852901,18.47417450,0.82402100,1.09187500,1.91589600,8.90627982,17.70000007,9.56252536,19.49999995
9.17914104,18.47761917,0.82777344,1.08832275,1.91609619,8.89538093,17.70000164,9.55221726,19.49999899
9.16975498,18.48106575,0.83153076,1.08477051,1.91630127,8.88448026,17.70000127,9.54190911,19.50000065
9.16036701,18.48451424,0.83529053,1.08121338,1.91650391,8.87357547,17.70000107,9.53159456,19.50000059
9.15098286,18.48796654,0.83905518,1.07765137,1.91670654,8.86267154,17.70000070,9.52127922,19.50000066
9.14159679,18.49142075,0.84282227,1.07408447,1.91690674,8.85176449,17.70000013,9.51095626,19.49999946
9.13221455,18.49487877,0.84659180,1.07051514,1.91710693,8.84085801,17.70000198,9.50063483,19.50000029
9.12283134,18.49833870,0.85036621,1.06694092,1.91730713,8.82994820,17.70000159,9.49030715,19.49999953
9.11345196,18.50180054,0.85414307,1.06336426,1.91750732,8.81903976,17.70000140,9.47998003,19.49999929
9.10407162,18.50526810,0.85792725,1.05978027,1.91770752,8.80812655,17.70000060,9.46964660,19.49999884
9.09469414,18.50873375,0.86170898,1.05619873,1.91790771,8.79721591,17.70000072,9.45931390,19.49999973
9.08531952,18.51220512,0.86549561,1.05260742,1.91810303,8.78630681,17.70000194,9.44897589,19.49999881
9.07594204,18.51567841,0.86928711,1.04901611,1.91830322,8.77539050,17.70000148,9.43863396,19.50000019
9.06656837,18.51915359,0.87308105,1.04541992,1.91850098,8.76447586,17.70000116,9.42829141,19.49999984
9.05719280,18.52263260,0.87687988,1.04181885,1.91869873,8.75355728,17.70000040,9.41794142,19.49999991
9.04781914,18.52611542,0.88068115,1.03821289,1.91889404,8.74263736,17.70000199,9.40759027,19.49999979
9.03844261,18.52960014,0.88448730,1.03460449,1.91909180,8.73171299,17.70000096,9.39723108,19.50000078
9.02907085,18.53308678,0.86175781,1.03099121,1.89274902,8.73000072,17.72488901,9.38687286,19.49999973
9.01970005,18.53657722,0.83878662,1.03741699,1.87620361,8.72838611,17.75000289,9.37999911,19.50941771
9.01032734,18.54007149,0.84260010,1.06361816,1.90621826,8.71747268,17.75000116,9.37999919,19.53738107
9.00095749,18.54356575,0.84641113,1.07345703,1.91986816,8.70656171,17.75000229,9.37432359,19.54999896
8.99158669,18.54706383,0.85022705,1.06983398,1.92006104,8.69564742,17.75000298,9.36396472,19.54999920
8.98222065,18.55056572,0.85405029,1.06620605,1.92025635,8.68473403,17.75000113,9.35360632,19.54999961
8.97285271,18.55406761,0.85787109,1.06257568,1.92044678,8.67381838,17.75000214,9.34324240,19.54999861
8.96348858,18.55757332,0.86169678,1.05894043,1.92063721,8.66290437,17.75000254,9.33287695,19.54999822
8.95412254,18.56108093,0.86552734,1.05530518,1.92083252,8.65198470,17.75000125,9.32250794,19.55000011
8.94476128,18.56459045,0.86935791,1.05166260,1.92102051,8.64106901,17.75000206,9.31213792,19.54999835
8.93540096,18.56810379,0.87319336,1.04801758,1.92121094,8.63015201,17.75000246,9.30176456,19.54999923
8.92603779,18.57161903,0.87703125,1.04436768,1.92139893,8.61923102,17.75000267,9.29138290,19.54999874
8.91667938,18.57513618,0.88087402,1.04071777,1.92159180,8.60831011,17.75000139,9.28100547,19.55000027
8.90731812,18.57865715,0.88471924,1.03706055,1.92177979,8.59738503,17.75000188,9.27061911,19.54999998
8.89796257,18.58218002,0.88856689,1.03339844,1.92196533,8.58646467,17.75000200,9.26023292,19.54999851
8.88860321,18.58570671,0.89241943,1.02973389,1.92215332,8.57553691,17.75000228,9.24984028,19.54999899
8.87924576,18.58923340,0.89627197,1.02606689,1.92233887,8.56461080,17.75000263,9.23944503,19.54999858
8.86988926,18.59276390,0.90012939,1.02510498,1.92523438,8.55368209,17.75000297,9.22999920,19.55253527
8.86053658,18.59629631,0.90398926,1.05101074,1.95500000,8.54275630,17.75000305,9.22999946,19.58022760
8.85118294,18.59983063,0.90785156,1.06845703,1.97630859,8.53182774,17.75000317,9.22703437,19.59999868
8.84182930,18.60336876,0.91172119,1.06478027,1.97650146,8.52089475,17.75000099,9.21664211,19.59999928
8.83247662,18.60691071,0.91559082,1.06109619,1.97668701,8.50996250,17.75000273,9.20624457,19.59999819
8.82312202,18.61045265,0.91946289,1.05741211,1.97687500,8.49902676,17.75000266,9.19584207,19.59999802
8.81377125,18.61399651,0.92333740,1.05372559,1.97706299,8.48809301,17.75000251,9.18543982,19.59999856
8.80442142,18.61754417,0.92721680,1.05003174,1.97724854,8.47715898,17.75000147,9.17503157,19.59999766
8.79507351,18.62109566,0.93110107,1.04633545,1.97743652,8.46622194,17.75000102,9.16462421,19.59999819
8.78572655,18.62464714,0.93498535,1.04263672,1.97762207,8.45528495,17.75000098,9.15421418,19.59999740
8.77637672,18.62820053,0.93886963,1.03893555,1.97780518,8.44434671,17.75000224,9.14379492,19.59999831
8.76703167,18.63175774,0.94276123,1.03522949,1.97799072,8.43340880,17.75000120,9.13337707,19.59999905
8.75768280,18.63531876,0.94665527,1.03151611,1.97817139,8.42246476,17.75000237,9.12295073,19.59999740
8.74833965,18.63887787,0.95054932,1.02780762,1.97835693,8.41152559,17.75000196,9.11252913,19.59999941
8.73899364,18.64244270,0.95444824,1.02408936,1.97853760,8.40058184,17.75000282,9.10209759,19.59999928
8.72965240,18.64600945,0.95835205,1.02036865,1.97872070,8.38963939,17.75000174,9.09166824,19.59999934
8.72030830,18.64957809,0.96225586,1.01664307,1.97889893,8.37869340,17.75000284,9.08123146,19.59999781
8.71096897,18.65314865,0.96616455,1.03883057,2.00499512,8.36775140,17.75000104,9.08000022,19.62422273
8.70163059,18.65671921,0.97007080,1.06268311,2.03275391,8.35680956,17.75000217,9.07937157,19.65000019
8.69228935,18.66029549,0.97398926,1.05895508,2.03294434,8.34585033,17.75000153,9.06894994,19.64999881
8.68295193,18.66387177,0.97791016,1.05523193,2.03314209,8.33488597,17.75000180,9.05853890,19.64999995
8.67361259,18.66745186,0.98183594,1.05150146,2.03333740,8.32391844,17.75000116,9.04811907,19.64999967
8.66427803,18.67103195,0.98576172,1.04777100,2.03353271,8.31295333,17.75000146,9.03770278,19.64999981
8.65494156,18.67461777,0.98969238,1.04403320,2.03372559,8.30198462,17.75000297,9.02727823,19.65000018
8.64560795,18.67820168,0.99362305,1.04029541,2.03391846,8.29101796,17.75000304,9.01685370,19.64999957
8.63627243,18.68178940,0.99755859,1.03655273,2.03411133,8.28004689,17.75000265,9.00642267,19.64999930
8.62694073,18.68537903,1.00149658,1.03280762,2.03430420,8.26907787,17.75000228,8.99599190,19.64999963
8.61761093,18.68897057,1.00543701,1.02906006,2.03449707,8.25810917,17.75000193,8.98555929,19.65000055
8.60827827,18.69256401,1.00937988,1.02530762,2.03468750,8.24713589,17.75000154,8.97511938,19.64999985
8.59894943,18.69615936,1.01332275,1.02155273,2.03487549,8.23616641,17.75000321,8.96467890,19.64999998
8.58961868,18.69976044,1.01727539,1.01779053,2.03506592,8.22519079,17.75000175,8.95423112,19.65000008
8.58029175,18.70335960,1.02122314,1.01402832,2.03525146,8.21422019,17.75000319,8.94378422,19.64999934
8.57096195,18.70696259,1.02517822,1.01026123,2.03543945,8.20324304,17.75000217,8.93333032,19.64999862
8.56163692,18.71056557,1.02913330,1.02633545,2.05546875,8.19227027,17.75000134,8.92999940,19.66851836
8.55231285,18.71417236,1.08666748,1.05166504,2.13833252,8.16205563,17.70000003,8.92999957,19.69567738
8.54298592,18.71778107,1.09063232,1.05252441,2.14315674,8.15106502,17.70000070,8.92121266,19.69999905
8.53366375,18.72139168,1.09459961,1.04875000,2.14334961,8.14007818,17.70000110,8.91076316,19.69999917
8.52433777,18.72500420,1.09856934,1.04497070,2.14354004,8.12908580,17.70000152,8.90030560,19.69999752
8.51501751,18.72861862,1.10254150,1.04119141,2.14373291,8.11809772,17.70000185,8.88985099,19.69999879
8.50569344,18.73223686,1.10651855,1.03740479,2.14392334,8.10710354,17.70000170,8.87938719,19.69999804
8.49637127,18.73585510,1.11049561,1.03361816,2.14411377,8.09611163,17.70000149,8.86892172,19.69999860
8.48704910,18.73947525,1.11447510,1.02982910,2.14430420,8.08511807,17.70000130,8.85845289,19.69999965
8.47773170,18.74309731,1.11845703,1.02603516,2.14449219,8.07412714,17.70000119,8.84798506,19.69999887
8.46841431,18.74671936,1.12243896,1.02224121,2.14468018,8.06313690,17.70000093,8.83751346,19.69999945
8.45909214,18.75034904,1.12642822,1.01843750,2.14486572,8.05213935,17.70000145,8.82703035,19.69999977
8.44977665,18.75397682,1.13041748,1.01463379,2.14505127,8.04114704,17.70000078,8.81655212,19.69999874
8.44045448,18.75760841,1.13440918,1.01082520,2.14523438,8.03014764,17.70000147,8.80606197,19.69999830
8.43114185,18.76124001,1.13840332,1.00701660,2.14541992,8.01915661,17.70000006,8.79557858,19.69999890
8.42182159,18.76487541,1.14239990,1.00320068,2.14560059,8.00815722,17.70000014,8.78508176,19.69999769
8.41250896,18.76851082,1.14639648,0.99938477,2.14578125,7.99716568,17.70000023,8.77458941,19.69999762
8.40319157,18.77215004,1.15039795,0.99556396,2.14596191,7.98616695,17.69999988,8.76408814,19.69999772
8.39388084,18.77578926,1.15439697,0.99174316,2.14614014,7.97517640,17.70000160,8.75359009,19.69999911
8.38456726,18.77943039,1.15840088,0.98791748,2.14631836,7.96417990,17.70000130,8.74308565,19.69999846
8.37525368,18.78307343,1.16240723,0.98408936,2.14649658,7.95318199,17.70000084,8.73257789,19.69999839
8.36594296,18.78671837,1.16641357,1.00209229,2.16850586,7.94218866,17.70000179,8.72999985,19.72034116
8.35663128,18.79036713,1.17042725,1.02717041,2.19759766,7.93119046,17.70000020,8.72999940,19.74727636
8.34732056,18.79401588,1.17443848,1.02625977,2.20069824,7.92019478,17.70000066,8.72055594,19.74999938
8.33800793,18.79766655,1.17845215,1.02242432,2.20087646,7.90919563,17.70000101,8.71004520,19.75000046
8.32870197,18.80131912,1.18246826,1.01858398,2.20105225,7.89820241,17.70000110,8.69953642,19.74999989
8.31939316,18.80497360,1.18648682,1.01474121,2.20122803,7.88720568,17.70000078,8.68902090,19.75000008
8.31008244,18.80863190,1.24420166,1.01089355,2.25509521,7.85663758,17.65000102,8.67849898,19.75000059
8.30077553,18.81228828,1.24822510,1.00704590,2.25527100,7.84563151,17.65000182,8.66797766,19.75000041
8.29146957,18.81594849,1.25225342,1.00319336,2.25544678,7.83462468,17.65000196,8.65745281,19.75000049
8.28216362,18.81961060,1.25628418,0.99933594,2.25562012,7.82361786,17.65000135,8.64692285,19.74999926
8.27285576,18.82327461,1.26031738,0.99547852,2.25579590,7.81260733,17.65000087,8.63638913,19.75000055
8.26355457,18.82693863,1.26435059,0.99161865,2.25596924,7.80160316,17.65000059,8.62585886,19.75000042
8.25424767,18.83060455,1.26838379,0.98775391,2.25613770,7.79059396,17.65000189,8.61531800,19.74999890
8.24494743,18.83427048,1.27241699,0.98388916,2.25630615,7.77959363,17.65000240,8.60477960,19.74999899
8.23564625,18.83794212,1.27645752,0.98001953,2.25647705,7.76858853,17.65000230,8.59423686,19.75000086
8.22634029,18.84161568,1.28050049,0.97614258,2.25664307,7.75757782,17.65000194,8.58368417,19.74999870
8.21704006,18.84528732,1.28454102,0.99101318,2.27555420,7.74657553,17.65000127,8.57999971,19.76744101
8.20773506,18.84896278,1.28858643,1.01593750,2.30452393,7.73556466,17.65000074,8.58000006,19.79423931
8.19843578,18.85264015,1.29263184,1.01824951,2.31088135,7.72456245,17.65000090,8.57172172,19.79999948
8.18913651,18.85631561,1.29667480,1.01437256,2.31104736,7.71356023,17.65000189,8.56117391,19.79999982
8.17983818,18.85999680,1.30072510,1.01048584,2.31121094,7.70255726,17.65000140,8.55062031,19.79999804
8.17053699,18.86367989,1.30477539,1.00659912,2.31137451,7.69155274,17.65000242,8.54006046,19.79999941
8.16123962,18.86736298,1.30882813,1.00270996,2.31153809,7.68054855,17.65000217,8.52950320,19.79999866
8.15194225,18.87104416,1.36664063,0.99882324,2.36546387,7.64979508,17.59999945,8.51894163,19.80000015
8.14264679,18.87473106,1.37069824,0.99492676,2.36562500,7.63878597,17.60000056,8.50837617,19.79999926
8.13335133,18.87841797,1.37475830,0.99103027,2.36578857,7.62777582,17.59999951,8.49780858,19.79999916
8.12405300,18.88210678,1.37881836,0.98713135,2.36594971,7.61676311,17.60000031,8.48723482,19.79999961
8.11476135,18.88579750,1.38288086,0.98322754,2.36610840,7.60575779,17.60000011,8.47666261,19.79999875
8.10546398,18.88949013,1.38694580,0.97932129,2.36626709,7.59474602,17.59999955,8.46608152,19.79999836
8.09617424,18.89318275,1.39100830,0.97541504,2.36642334,7.58374298,17.60000128,8.45550578,19.79999881
8.08688450,18.89687538,1.39507324,0.97150635,2.36657959,7.57274156,17.59999975,8.44492529,19.79999851
8.07759285,18.90057182,1.39913818,0.96759277,2.36673096,7.56173969,17.60000152,8.43433802,19.79999866
8.06830120,18.90427017,1.40320801,0.98062256,2.38383057,7.55073463,17.60000115,8.42999915,19.81574988
8.05900669,18.90796852,1.40727783,1.00541504,2.41269287,7.53972853,17.60000018,8.42999958,19.84243293
8.04971981,18.91166878,1.46514648,1.00963623,2.47478271,7.50887210,17.55000142,8.42241936,19.84999728
8.04042912,18.91537094,1.46922363,1.00571777,2.47494141,7.49785983,17.55000047,8.41183042,19.84999881
8.03114319,18.91907310,1.47329834,1.00179443,2.47509277,7.48685590,17.55000070,8.40124065,19.84999733
8.02185154,18.92277908,1.47737549,0.99786865,2.47524414,7.47584575,17.55000232,8.39064205,19.84999827
8.01256561,18.92648506,1.48145508,0.99394043,2.47539551,7.46484216,17.55000108,8.38004519,19.84999810
8.00327778,18.93019295,1.48553467,0.99000977,2.47554443,7.45383811,17.55000114,8.36944267,19.84999872
7.99398708,18.93390083,1.48961426,0.98607666,2.47569092,7.44283047,17.55000157,8.35883501,19.84999757
7.98470354,18.93761063,1.49369629,0.98214111,2.47583740,7.43183198,17.55000058,8.34822984,19.84999749
7.97541666,18.94132233,1.49777832,0.97820313,2.47598145,7.42083051,17.55000131,8.33761839,19.84999789
7.96613359,18.94503403,1.50186035,0.97426270,2.47612305,7.40983488,17.55000133,8.32700675,19.84999721
7.95684814,18.94874954,1.50594482,0.97031982,2.47626465,7.39883738,17.55000234,8.31638914,19.84999912
7.94756651,18.95246315,1.51002930,0.96637695,2.47640625,7.38784207,17.55000205,8.30577466,19.84999943
7.93828201,18.95618057,1.56795410,0.96242676,2.53038086,7.35688404,17.50000174,8.29515022,19.84999849
7.92900133,18.95989799,1.57204346,0.95847656,2.53052002,7.34588665,17.50000144,8.28452697,19.84999847
7.91972065,18.96361542,1.57613281,0.97095947,2.54709229,7.33488938,17.50000099,8.27999959,19.86525916
7.91043758,18.96733665,1.58022461,0.99564453,2.57586914,7.32389147,17.50000110,8.27999988,19.89185372
7.90115833,18.97105789,1.58431396,1.00046143,2.58477539,7.31289919,17.50000321,8.27263179,19.89999843
7.89187527,18.97478104,1.58840820,0.99650391,2.58491211,7.30190226,17.50000225,8.26200078,19.89999838
7.88259649,18.97850418,1.59250244,0.99254639,2.58504883,7.29090991,17.50000112,8.25137230,19.89999908
7.87331486,18.98222733,1.65045166,0.98858643,2.63903809,7.25990323,17.45000126,8.24073574,19.89999907
7.86403704,18.98595428,1.65454834,0.98462158,2.63916992,7.24891037,17.45000201,8.23009886,19.89999936
7.85475969,18.98968315,1.65864746,0.98065430,2.63930176,7.23791924,17.45000160,8.21945879,19.90000036
7.84547949,18.99341011,1.66274658,0.97668701,2.63943359,7.22692328,17.45000016,8.20881556,19.89999953
7.83620262,18.99713898,1.66684326,0.97271729,2.63956055,7.21593652,17.45000078,8.19817040,19.90000015
7.82692289,19.00087166,1.67094482,0.96874023,2.63968506,7.20494716,17.45000006,8.18751704,19.89999872
7.81764698,19.00460243,1.67504150,0.96476563,2.63980713,7.19396448,17.45000142,8.17686640,19.89999852
7.80836821,19.00833702,1.67914307,0.96078857,2.63993164,7.18297794,17.45000182,8.16621015,19.90000056
7.79909325,19.01207161,1.68324463,0.95680664,2.64005127,7.17199899,17.45000077,8.15555240,19.89999944
7.78981447,19.01580811,1.68734619,0.95282227,2.64016846,7.16101858,17.45000067,8.14488727,19.89999903
7.78053999,19.01954460,1.69144775,0.94883789,2.64028564,7.15004344,17.45000020,8.13422459,19.89999935
7.77126598,19.02328110,1.69554932,0.94485352,2.64040283,7.13906819,17.44999996,8.12356143,19.90000005
