x_m,y_m,w_tr_left_m,w_tr_right_m,w_total_m,left_x_m,left_y_m,right_x_m,right_y_m
5.940415145,-2.40937227,0.6611425158293279,0.6611425158293279,1.3222850316586559,5.64083147,-1.82000053,6.23999882,-2.99874401
5.94585919,-2.39803058,0.6485656594250839,0.6485656594250839,1.2971313188501679,5.65171909,-1.82000029,6.23999929,-2.97606087
5.955528975,-2.39499968,0.6453112841696776,0.6453112841696776,1.2906225683393553,5.66260672,-1.82000124,6.24845123,-2.96999812
5.9667449,-2.39500016,0.6454614575347187,0.6454614575347187,1.2909229150694375,5.67349243,-1.82000148,6.25999737,-2.96999884
5.977969164999999,-2.3950006349999997,0.6456140341061649,0.6456140341061649,1.2912280682123298,5.68438148,-1.82000172,6.27155685,-2.96999955
5.9865632049999995,-2.38984549,0.6515576181116896,0.6515576181116896,1.303115236223379,5.69000053,-1.80969214,6.28312588,-2.96999884
5.99235177,-2.379212615,0.6636596036056656,0.6636596036056656,1.3273192072113311,5.69000006,-1.78842711,6.29470348,-2.96999812
5.998861789999999,-2.3700010799999998,0.6741760001305381,0.6741760001305381,1.3483520002610763,5.69142962,-1.77000213,6.30629396,-2.97000003
6.010091785,-2.37000036,0.6743443882132035,0.6743443882132035,1.348688776426407,5.70229006,-1.77000165,6.31789351,-2.96999907
6.02132678,-2.370000005,0.6745166101766094,0.6745166101766094,1.3490332203532187,5.71315002,-1.77000022,6.32950354,-2.96999979
6.032006025,-2.36890763,0.6734595292325775,0.6734595292325775,1.346919058465155,5.72401285,-1.77000201,6.3399992,-2.96781325
6.0374369649999995,-2.3576172,0.6609361952513264,0.6609361952513264,1.3218723905026528,5.73487425,-1.77000129,6.33999968,-2.94523311
6.04286909,-2.34634191,0.6484252881334908,0.6484252881334908,1.2968505762669815,5.74573898,-1.77000082,6.3399992,-2.922683
6.053420065,-2.345000745,0.6470872716032509,0.6470872716032509,1.2941745432065017,5.7566061,-1.77000213,6.35023403,-2.91999936
6.064668895,-2.345000745,0.6472620045332733,0.6472620045332733,1.2945240090665466,5.76747465,-1.77000189,6.36186314,-2.9199996
6.07592249,-2.34499973,0.6474378647906014,0.6474378647906014,1.2948757295812028,5.77834463,-1.77000129,6.37350035,-2.91999817
6.087182759999999,-2.34500033,0.6476159217063819,0.6476159217063819,1.2952318434127639,5.78921747,-1.77000201,6.38514805,-2.91999865
6.09340334,-2.33527589,0.6587524998793179,0.6587524998793179,1.3175049997586359,5.79000044,-1.75055242,6.39680624,-2.91999936
6.099237205,-2.32482094,0.6707201991283733,0.6707201991283733,1.3414403982567467,5.79000044,-1.7296418,6.40847397,-2.92000008
6.107993605,-2.31999999,0.6763438724106637,0.6763438724106637,1.3526877448213275,5.79583693,-1.72000062,6.42015028,-2.91999936
6.11926174,-2.319999695,0.676536843971061,0.676536843971061,1.353073687942122,5.80668592,-1.72000098,6.43183756,-2.91999841
6.12876844,-2.31661105,0.6729101718278899,0.6729101718278899,1.3458203436557798,5.81753778,-1.72000098,6.4399991,-2.91322112
6.134196279999999,-2.305411215,0.6604688597411419,0.6604688597411419,1.3209377194822838,5.82839346,-1.72000217,6.4399991,-2.89082026
6.140028,-2.29499948,0.6489147044694118,0.6489147044694118,1.2978294089388236,5.839252,-1.72000027,6.440804,-2.86999869
6.151305675,-2.295001145,0.6491064428128575,0.6491064428128575,1.298212885625715,5.85011578,-1.72000217,6.45249557,-2.87000012
6.1625883550000005,-2.29499984,0.649299288904413,0.649299288904413,1.298598577808826,5.86098194,-1.72000146,6.46419477,-2.86999822
6.17387819,-2.29500014,0.649495858505368,0.649495858505368,1.298991717010736,5.87185144,-1.72000039,6.47590494,-2.86999989
6.185174705,-2.295000315,0.6496923612584408,0.6496923612584408,1.2993847225168815,5.88272572,-1.72000051,6.48762369,-2.87000012
6.194675445,-2.29157984,0.6537560247692095,0.6537560247692095,1.307512049538419,5.89000034,-1.71315956,6.49935055,-2.87000012
6.200544595,-2.28126621,0.665615254723369,0.665615254723369,1.331230509446738,5.89000034,-1.69253373,6.51108885,-2.86999869
6.206418515,-2.27097863,0.6774547323934951,0.6774547323934951,1.3549094647869901,5.89000082,-1.6719588,6.52283621,-2.86999846
6.217209105,-2.270000515,0.6787731877072746,0.6787731877072746,1.3575463754145491,5.89982367,-1.67000091,6.53459454,-2.87000012
6.225342275,-2.2639969,0.6721911781508088,0.6721911781508088,1.3443823563016175,5.91068459,-1.67000067,6.53999996,-2.85799313
6.230776075,-2.252906855,0.6598462501112453,0.6598462501112453,1.3196925002224906,5.92155266,-1.6700021,6.53999949,-2.83581161
6.23789096,-2.24500042,0.6511022818166167,0.6511022818166167,1.3022045636332333,5.93242407,-1.67000115,6.54335785,-2.81999969
6.247555495,-2.2418994899999998,0.6548205257259733,0.6548205257259733,1.3096410514519465,5.94000006,-1.66379952,6.55511093,-2.81999946
6.25343561,-2.231693505,0.666591778304392,0.666591778304392,1.333183556608784,5.94000053,-1.64338827,6.56687069,-2.81999874
6.2593212099999995,-2.221509755,0.6783470806615097,0.6783470806615097,1.3566941613230195,5.94000053,-1.62302077,6.57864189,-2.81999874
6.2698333250000005,-2.21999997,0.6802770689069587,0.6802770689069587,1.3605541378139174,5.94924402,-1.62000048,6.59042263,-2.81999946
6.281159165,-2.22000086,0.6804956803445825,0.6804956803445825,1.360991360689165,5.9601059,-1.62000155,6.60221243,-2.82000017
6.29249096,-2.21999979,0.6807153666545375,0.6807153666545375,1.361430733309075,5.97097254,-1.62000036,6.61400938,-2.81999922
6.303832529999999,-2.22000003,0.6809351092489698,0.6809351092489698,1.3618702184979397,5.98184824,-1.62000108,6.62581682,-2.81999898
6.3151786350000005,-2.21999943,0.6811559823878117,0.6811559823878117,1.3623119647756234,5.99272728,-1.6200006,6.63762999,-2.81999826
6.321806909999999,-2.211217705,0.6714038474190482,0.6714038474190482,1.3428076948380965,6.00361443,-1.62000144,6.63999939,-2.80243397
6.327252625,-2.200256645,0.6591711615608268,0.6591711615608268,1.3183423231216536,6.01450634,-1.6200012,6.63999891,-2.78051209
6.3357687,-2.194999455,0.6534131643069823,0.6534131643069823,1.3068263286139645,6.02540588,-1.6200006,6.64613152,-2.76999831
6.34712648,-2.1950002299999998,0.6536268307603169,0.6536268307603169,1.3072536615206338,6.03631353,-1.62000167,6.65793943,-2.76999879
6.35487771,-2.188323795,0.6614331214680426,0.6614331214680426,1.3228662429360851,6.04000044,-1.60664856,6.66975498,-2.76999903
6.36078906,-2.178260925,0.6730970269321084,0.6730970269321084,1.3461940538642168,6.04000044,-1.58652258,6.68157768,-2.76999927
6.36767149,-2.16999966,0.6827173450051073,0.6827173450051073,1.3654346900102146,6.04193449,-1.57000101,6.69340849,-2.76999831
6.379041194999999,-2.17000097,0.6829418997973766,0.6829418997973766,1.3658837995947533,6.05283403,-1.5700022,6.70524836,-2.76999974
6.39041638,-2.170000555,0.6831666606394114,0.6831666606394114,1.366333321278823,6.06373882,-1.57000184,6.71709394,-2.76999927
6.40179968,-2.1699996,0.6833910521467786,0.6833910521467786,1.3667821042935573,6.07465267,-1.57000113,6.72894669,-2.76999807
6.41278505,-2.169261455,0.6827759214510055,0.6827759214510055,1.365551842902011,6.08557081,-1.57000041,6.73999929,-2.7685225
6.414999959999999,-2.15246987,0.6774082895144448,0.6774082895144448,1.3548165790288895,6.09000063,-1.55811524,6.73999929,-2.7468245
6.414999959999999,-2.131665945,0.6766649553867262,0.6766649553867262,1.3533299107734524,6.09000063,-1.53815866,6.73999929,-2.72517323
6.41998768,-2.120000065,0.6842919086780755,0.6842919086780755,1.368583817356151,6.09096527,-1.52000034,6.74901009,-2.71999979
6.43137002,-2.1200006599999996,0.6845154145912439,0.6845154145912439,1.3690308291824878,6.1018815,-1.52000177,6.76085854,-2.71999955
6.442758325,-2.11999935,0.6847398835920896,0.6847398835920896,1.3694797671841792,6.11280394,-1.52000034,6.77271271,-2.71999836
6.45415664,-2.1200001250000002,0.684964606248091,0.684964606248091,1.369929212496182,6.12373734,-1.52000046,6.78457594,-2.71999979
6.46556163,-2.120000365,0.6851868249419651,0.6851868249419651,1.3703736498839303,6.13467932,-1.52000213,6.79644394,-2.7199986
6.476971860000001,-2.1200009,0.6854113196370917,0.6854113196370917,1.3708226392741834,6.14562654,-1.52000177,6.80831718,-2.72000003
6.488391875,-2.12000018,0.6856346919735502,0.6856346919735502,1.3712693839471004,6.15658474,-1.52000105,6.82019901,-2.71999931
6.499819755,-2.12000072,0.6858581135996652,0.6858581135996652,1.3717162271993304,6.16755152,-1.52000141,6.83208799,-2.72000003
6.50926256,-2.116408465,0.6819738899457269,0.6819738899457269,1.3639477798914539,6.17852592,-1.52000117,6.8399992,-2.71281576
6.514754535,-2.105697095,0.6699426370512837,0.6699426370512837,1.3398852741025673,6.18950939,-1.52000201,6.83999968,-2.69139218
6.515000105,-2.08556563,0.6687316136964037,0.6687316136964037,1.3374632273928073,6.19000101,-1.50111926,6.8399992,-2.670012
6.520935535,-2.0756965249999997,0.6802307235220909,0.6802307235220909,1.3604614470441818,6.19000053,-1.48139369,6.85187054,-2.66999936
6.52919054,-2.06999993,0.6869739650474076,0.6869739650474076,1.3739479300948152,6.19462442,-1.47000098,6.86375666,-2.66999888
6.540622235000001,-2.07000041,0.6871972730362376,0.6871972730362376,1.3743945460724751,6.2055974,-1.4700017,6.87564707,-2.66999912
6.55206537,-2.069999815,0.6874217776485728,0.6874217776485728,1.3748435552971456,6.21658134,-1.47000051,6.8875494,-2.66999912
6.55878663,-2.0615532400000003,0.6779639746203242,0.6779639746203242,1.3559279492406484,6.22757339,-1.47000194,6.88999987,-2.65310454
6.564285995,-2.0509369399999997,0.6660144753992762,0.6660144753992762,1.3320289507985523,6.23857212,-1.4700017,6.88999987,-2.63187218
6.57240343,-2.04500067,0.6594238721562771,0.6594238721562771,1.3188477443125541,6.24957752,-1.47000217,6.89522934,-2.61999917
6.58385706,-2.0450006099999998,0.6596410290416231,0.6596410290416231,1.3192820580832463,6.2605896,-1.4700011,6.90712452,-2.62000012
6.59531784,-2.045000255,0.6598572204696211,0.6598572204696211,1.3197144409392423,6.27160883,-1.4700011,6.91902685,-2.61999941
6.60678697,-2.04499996,0.6600732839190414,0.6600732839190414,1.3201465678380828,6.28263617,-1.4700017,6.93093777,-2.61999822
6.616429565,-2.04175174,0.6640221711173774,0.6640221711173774,1.3280443422347548,6.29000139,-1.46350431,6.94285774,-2.61999917
6.622392415,-2.03199333,0.6754516589790251,0.6754516589790251,1.3509033179580503,6.29000139,-1.44398725,6.95478344,-2.61999941
6.628360275,-2.02225256,0.6868676830968438,0.6868676830968438,1.3737353661936875,6.29000092,-1.42450666,6.96671963,-2.61999846
6.638566020000001,-2.02000028,0.689686278868038,0.689686278868038,1.379372557736076,6.29846573,-1.42000115,6.97866631,-2.61999941
6.64974308,-2.019452095,0.6892858423468379,0.6892858423468379,1.3785716846936757,6.30948734,-1.42000151,6.98999882,-2.61890268
6.65525746,-2.0089285400000003,0.6774120898067658,0.6774120898067658,1.3548241796135316,6.32051563,-1.42000151,6.98999929,-2.59785557
6.660774705,-1.99842465,0.6655542306221534,0.6655542306221534,1.3311084612443067,6.33155012,-1.42000127,6.98999929,-2.57684803
6.669022795,-1.992727635,0.6644542727593242,0.6644542727593242,1.3289085455186485,6.34000015,-1.4154551,6.99804544,-2.57000017
6.674999235,-1.98305434,0.675817870661339,0.675817870661339,1.351635741322678,6.34000015,-1.39610851,7.00999832,-2.57000017
6.680979725,-1.973401845,0.6871644095053393,0.6871644095053393,1.3743288190106786,6.34000015,-1.37680495,7.0219593,-2.56999874
6.690531495,-1.96999997,0.6913196533178347,0.6913196533178347,1.3826393066356695,6.34713078,-1.37000096,7.03393221,-2.56999898
6.70203614,-1.97000068,0.6915575861856131,0.6915575861856131,1.3831151723712263,6.35815668,-1.37000167,7.0459156,-2.56999969
6.71354747,-1.96999955,0.6917969036836249,0.6917969036836249,1.3835938073672498,6.36918688,-1.3700006,7.05790806,-2.5699985
6.725069045,-1.970000445,0.6920372339912675,0.6920372339912675,1.384074467982535,6.38022518,-1.37000191,7.06991291,-2.56999898
6.736596585,-1.96999979,0.6922802894823822,0.6922802894823822,1.3845605789647644,6.39126635,-1.3700006,7.08192682,-2.56999898
6.74615693,-1.966571865,0.6885656115473566,0.6885656115473566,1.3771312230947133,6.40231514,-1.37000215,7.08999872,-2.56314158
6.751683715,-1.95614892,0.6767773950543323,0.6767773950543323,1.3535547901086646,6.41336823,-1.37000024,7.0899992,-2.5422976
6.757213835,-1.94574946,0.665004799685386,0.665004799685386,1.330009599370772,6.42442799,-1.37000215,7.08999968,-2.52149677
6.768320565,-1.944999635,0.6643786086867421,0.6643786086867421,1.3287572173734843,6.43549109,-1.37000096,7.10115004,-2.51999831
6.776590105,-1.939339995,0.6711608596255958,0.6711608596255958,1.3423217192511916,6.44000053,-1.35868144,7.11317968,-2.51999855
6.782610655,-1.929807425,0.6824279208288719,0.6824279208288719,1.3648558416577439,6.44000006,-1.33961606,7.12522125,-2.51999879
6.78863668,-1.92029959,0.6936755148168781,0.6936755148168781,1.3873510296337561,6.44000053,-1.32060087,7.13727283,-2.51999831
6.79534793,-1.91198087,0.6849999797928691,0.6849999797928691,1.3699999595857382,6.45069599,-1.32000113,7.13999987,-2.50396061
6.800889015,-1.90166271,0.6732946713995347,0.6732946713995347,1.3465893427990694,6.46177912,-1.32000113,7.13999891,-2.48332429
6.80855727,-1.8949997449999998,0.6657946414564389,0.6657946414564389,1.3315892829128777,6.4729104,-1.32000089,7.14420414,-2.4699986
6.82011986,-1.895000875,0.6660083434005295,0.6660083434005295,1.332016686801059,6.4840498,-1.32000172,7.15618992,-2.47000003
6.83168602,-1.89500004,0.6662218721144066,0.6662218721144066,1.3324437442288133,6.49519157,-1.32000172,7.16818047,-2.46999836
6.843262435,-1.8950003400000002,0.6664391003619811,0.6664391003619811,1.3328782007239621,6.50634003,-1.32000089,7.18018484,-2.46999979
6.854845285,-1.8949996800000002,0.6666565966651777,0.6666565966651777,1.3333131933303555,6.51749277,-1.32000029,7.1921978,-2.46999907
6.86643791,-1.895001055,0.6668750798275517,0.6668750798275517,1.3337501596551034,6.52865314,-1.32000208,7.20422268,-2.47000003
6.878035785,-1.8949996850000002,0.6670959726958633,0.6670959726958633,1.3341919453917266,6.53981543,-1.32000053,7.21625614,-2.46999884
6.88415194,-1.88567543,0.6781397286443916,0.6781397286443916,1.3562794572887833,6.54000092,-1.30135226,7.22830296,-2.4699986
6.8899998700000005,-1.8759096849999999,0.6889953902374426,0.6889953902374426,1.3779907804748852,6.54000092,-1.28243232,7.23999882,-2.46938705
6.891904115,-1.85947424,0.6845799658473003,0.6845799658473003,1.3691599316946006,6.54380894,-1.27000034,7.23999929,-2.44894814
6.897474525,-1.8492746949999999,0.6729638447021955,0.6729638447021955,1.345927689404391,6.55494976,-1.27000177,7.23999929,-2.42854762
6.906546114999999,-1.845001045,0.6682299458250672,0.6682299458250672,1.3364598916501345,6.5660944,-1.27000201,7.24699783,-2.42000008
6.91815519,-1.845000625,0.6684643758700421,0.6684643758700421,1.3369287517400843,6.57724428,-1.27000117,7.2590661,-2.42000008
6.9297702349999994,-1.84500039,0.6687011925527568,0.6687011925527568,1.3374023851055137,6.5883956,-1.2700007,7.27114487,-2.42000008
6.94139576,-1.8449999099999999,0.6689392142498992,0.6689392142498992,1.3378784284997984,6.59955311,-1.27000141,7.28323841,-2.41999841
6.9530286750000005,-1.844999435,0.6691822036087267,0.6691822036087267,1.3383644072174534,6.61071157,-1.27000046,7.29534578,-2.41999841
6.964671375,-1.845001105,0.6694275959555672,0.6694275959555672,1.3388551919111344,6.62187481,-1.27000213,7.30746794,-2.42000008
6.976320025,-1.84499967,0.6696764985619282,0.6696764985619282,1.3393529971238565,6.63303804,-1.27000046,7.31960201,-2.41999888
6.985876084999999,-1.84148514,0.6740233781313403,0.6740233781313403,1.3480467562626806,6.6400013,-1.2629714,7.33175087,-2.41999888
6.99000001,-1.82888949,0.6813341912553094,0.6813341912553094,1.3626683825106187,6.64000082,-1.24432397,7.3399992,-2.41345501
6.989999770000001,-1.809438225,0.6806006117740881,0.6806006117740881,1.3612012235481763,6.64000034,-1.22572803,7.3399992,-2.39314842
6.99384785,-1.79643804,0.672384044206424,0.672384044206424,1.344768088412848,6.6476965,-1.2200011,7.3399992,-2.37287498
7.004636765,-1.7950006749999998,0.6709741413766332,0.6709741413766332,1.3419482827532665,6.65883017,-1.22000146,7.35044336,-2.36999989
7.01629758,-1.795000135,0.6712451233943052,0.6712451233943052,1.3424902467886104,6.66996479,-1.22000134,7.36263037,-2.36999893
7.02796793,-1.794999955,0.6715211034947278,0.6715211034947278,1.3430422069894556,6.68110085,-1.22000098,7.37483501,-2.36999893
7.03964734,-1.794999895,0.6718016969259497,0.6718016969259497,1.3436033938518994,6.69223785,-1.22000062,7.38705683,-2.36999917
7.051337005000001,-1.795000975,0.672086113047158,0.672086113047158,1.344172226094316,6.70337725,-1.22000206,7.39929676,-2.36999989
7.06303501,-1.795000135,0.6723754360901435,0.6723754360901435,1.344750872180287,6.71451616,-1.22000158,7.41155386,-2.36999869
7.07474685,-1.79500014,0.6726697002041092,0.6726697002041092,1.3453394004082184,6.72565985,-1.22000206,7.42383385,-2.36999822
7.086468695000001,-1.7950003749999999,0.672971150841336,0.672971150841336,1.345942301682672,6.73680353,-1.22000086,7.43613386,-2.36999989
7.093973395,-1.788060485,0.6651513607601349,0.6651513607601349,1.3303027215202698,6.74794769,-1.22000015,7.4399991,-2.35612082
7.09954691,-1.777961195,0.6536255486333031,0.6536255486333031,1.3072510972666063,6.75909472,-1.22000182,7.4399991,-2.33592057
7.10641813,-1.770001055,0.6446031924282021,0.6446031924282021,1.2892063848564042,6.77024221,-1.22000194,7.44259405,-2.32000017
7.118157385,-1.770000155,0.6449121119411422,0.6449121119411422,1.2898242238822843,6.78139019,-1.22000062,7.45492458,-2.31999969
7.12863827,-1.76792961,0.6476536992257935,0.6476536992257935,1.295307398451587,6.79000092,-1.21586072,7.46727562,-2.3199985
7.134824755,-1.758862495,0.658618175673761,0.658618175673761,1.317236351347522,6.79000092,-1.19772577,7.47964859,-2.31999922
7.141023635,-1.749825005,0.6695641810629918,0.6695641810629918,1.3391283621259835,6.79000044,-1.17965055,7.49204683,-2.31999946
7.14981127,-1.7449994050000002,0.6755773217300884,0.6755773217300884,1.3511546434601769,6.79515505,-1.17000055,7.50446749,-2.31999826
7.16158295,-1.745000005,0.6759325345694743,0.6759325345694743,1.3518650691389487,6.80625153,-1.17000055,7.51691437,-2.31999946
7.17336774,-1.74500018,0.6762926609691482,0.6762926609691482,1.3525853219382964,6.81734991,-1.17000186,7.52938557,-2.3199985
7.18422294,-1.7434816350000002,0.6748755128474202,0.6748755128474202,1.3497510256948404,6.82844639,-1.17000103,7.53999949,-2.31696224
7.1897716549999995,-1.7334114299999999,0.6633923488702582,0.6633923488702582,1.3267846977405164,6.8395443,-1.17000198,7.53999901,-2.29682088
7.195321325,-1.72336006,0.6519263275226985,0.6519263275226985,1.303852655045397,6.85064316,-1.17000222,7.53999949,-2.2767179
7.20503068,-1.7199991350000001,0.6483434333609768,0.6483434333609768,1.2966868667219535,6.86173725,-1.1700002,7.54832411,-2.26999807
7.2168505199999995,-1.72000021,0.648725627413321,0.648725627413321,1.297451254826642,6.87283564,-1.17000139,7.5608654,-2.26999903
7.228684660000001,-1.720000205,0.6491149853906372,0.6491149853906372,1.2982299707812743,6.88393497,-1.1700021,7.57343435,-2.26999831
7.238016845,-1.7159946000000001,0.6542443947190316,0.6542443947190316,1.3084887894380632,6.8900013,-1.16199017,7.58603239,-2.26999903
7.244330885,-1.707186935,0.6650622363995594,0.6650622363995594,1.3301244727991188,6.89000082,-1.14437437,7.59866095,-2.2699995
7.250659465,-1.69841957,0.6758533400872764,0.6758533400872764,1.3517066801745528,6.89000082,-1.12684011,7.61131811,-2.26999903
7.26036024,-1.694999935,0.6803392486743072,0.6803392486743072,1.3606784973486143,6.89671469,-1.12000132,7.62400579,-2.26999855
7.27223563,-1.695000355,0.6807921500869906,0.6807921500869906,1.3615843001739811,6.90774393,-1.12000144,7.63672733,-2.26999927
7.279385805,-1.687538325,0.6724145220198686,0.6724145220198686,1.3448290440397372,6.9187727,-1.12000024,7.63999891,-2.25507641
7.284899235,-1.67752099,0.6610022402549136,0.6610022402549136,1.3220044805098272,6.92979956,-1.12000132,7.63999891,-2.23504066
7.291994095,-1.67000002,0.6525463744046228,0.6525463744046228,1.3050927488092456,6.94082737,-1.1200012,7.64316082,-2.21999884
7.303896665,-1.670000195,0.6530162698942357,0.6530162698942357,1.3060325397884713,6.95185614,-1.12000227,7.65593719,-2.21999812
7.31581712,-1.6700010299999999,0.6534985720501889,0.6534985720501889,1.3069971441003778,6.96288443,-1.12000203,7.66874981,-2.22000003
7.327753305,-1.670000195,0.6539893611294688,0.6539893611294688,1.3079787222589376,6.97391176,-1.12000179,7.68159485,-2.2199986
7.33746934,-1.666528465,0.6503613910028145,0.6503613910028145,1.300722782005629,6.98493958,-1.1200006,7.6899991,-2.21305633
7.339999675,-1.65193355,0.6444811705590078,0.6444811705590078,1.2889623411180156,6.99000072,-1.11077118,7.68999863,-2.19309592
7.33999944,-1.63348949,0.6432543843791919,0.6432543843791919,1.2865087687583838,6.99000025,-1.09378886,7.68999863,-2.17319012
7.34541702,-1.6234506949999998,0.6519469984090467,0.6519469984090467,1.3038939968180934,6.99000072,-1.07690322,7.70083332,-2.16999817
7.35511565,-1.61999959,0.6566112572247799,0.6566112572247799,1.3132225144495597,6.99645233,-1.07000053,7.71377897,-2.16999865
7.36707735,-1.619999945,0.6571691590191633,0.6571691590191633,1.3143383180383266,7.00739241,-1.07000172,7.72676229,-2.16999817
7.3790595549999995,-1.620000365,0.6577416898149882,0.6577416898149882,1.3154833796299763,7.01833153,-1.07000089,7.73978758,-2.16999984
7.3910613099999996,-1.62000048,0.6583239129387544,0.6583239129387544,1.3166478258775087,7.02927113,-1.07000208,7.75285149,-2.16999888
7.40298033,-1.6198416350000002,0.6591114007031659,0.6591114007031659,1.3182228014063317,7.04000092,-1.06968367,7.76595974,-2.1699996
7.40955567,-1.6115772750000001,0.6696313366080605,0.6696313366080605,1.339262673216121,7.04000139,-1.05315471,7.77910995,-2.16999984
7.4150002,-1.6016256800000002,0.6780406836542647,0.6780406836542647,1.3560813673085295,7.04000044,-1.03672361,7.78999996,-2.16652775
7.41500044,-1.58353162,0.6765637455768709,0.6765637455768709,1.3531274911537419,7.04000139,-1.02040267,7.78999949,-2.14666057
7.42028499,-1.573424815,0.6655567184138445,0.6655567184138445,1.331113436827689,7.05057049,-1.02000189,7.78999949,-2.12684774
7.430027005,-1.569999695,0.6621032331652338,0.6621032331652338,1.3242064663304676,7.06140518,-1.02000093,7.79864883,-2.11999846
7.442080499999999,-1.56999999,0.6627819788643915,0.6627819788643915,1.325563957728783,7.07224083,-1.02000129,7.81192017,-2.11999869
7.4541575899999994,-1.57000035,0.66347521747356,0.66347521747356,1.32695043494712,7.08307648,-1.02000201,7.8252387,-2.11999869
7.464303015,-1.56711191,0.6676721253096138,0.6676721253096138,1.3353442506192277,7.09000063,-1.01422513,7.8386054,-2.11999869
7.471012829999999,-1.55914554,0.6780321742017352,0.6780321742017352,1.3560643484034705,7.09000063,-0.99829143,7.85202503,-2.11999965
7.477746724999999,-1.55123499,0.6883593872300877,0.6883593872300877,1.3767187744601754,7.09000063,-0.98247176,7.86549282,-2.11999822
7.48561478,-1.5450005249999998,0.6966967803746573,0.6966967803746573,1.3933935607493146,7.09221554,-0.97000188,7.87901402,-2.11999917
7.496464015,-1.543116395,0.6952208617148585,0.6952208617148585,1.390441723429717,7.10292864,-0.97000039,7.88999939,-2.1162324
7.50182319,-1.5332357550000002,0.6840418654993337,0.6840418654993337,1.3680837309986673,7.11364651,-0.97000211,7.88999987,-2.0964694
7.507181165,-1.523386355,0.6728918799443186,0.6728918799443186,1.3457837598886373,7.12436342,-0.97000217,7.88999891,-2.07677054
7.517001625000001,-1.519999865,0.6696008124440036,0.6696008124440036,1.3392016248880072,7.13507795,-0.97000027,7.8989253,-2.06999946
7.52629638,-1.515844255,0.6755078208901261,0.6755078208901261,1.3510156417802521,7.1400013,-0.96169001,7.91259146,-2.0699985
7.533159015,-1.508203205,0.6857030383876194,0.6857030383876194,1.3714060767752387,7.14000082,-0.94640672,7.92631721,-2.06999969
7.539999959999999,-1.50054628,0.6957788285023476,0.6957788285023476,1.3915576570046952,7.14000082,-0.93124068,7.9399991,-2.06985188
7.539999965,-1.483211485,0.6939049546117266,0.6939049546117266,1.3878099092234533,7.1400013,-0.91619724,7.93999863,-2.05022573
7.53999996,-1.46597859,0.692016646935156,0.692016646935156,1.384033293870312,7.14000034,-0.90127748,7.93999958,-2.0306797
7.543129205,-1.45323816,0.6955077552440521,0.6955077552440521,1.3910155104881041,7.14000034,-0.88647705,7.94625807,-2.01999927
7.55007219,-1.4459002650000001,0.7055128022487953,0.7055128022487953,1.4110256044975906,7.14000034,-0.8718015,7.96014404,-2.01999903
7.561619520000001,-1.44500053,0.7076428691127026,0.7076428691127026,1.4152857382254052,7.14914608,-0.87000132,7.97409296,-2.01999974
7.573841574999999,-1.444999725,0.7086889976550936,0.7086889976550936,1.4173779953101873,7.15957642,-0.87000018,7.98810673,-2.01999927
7.586097005000001,-1.4449996950000001,0.7097569556615791,0.7097569556615791,1.4195139113231583,7.17000723,-0.87000036,8.00218678,-2.01999903
7.59838772,-1.4450005000000001,0.7108471340239992,0.7108471340239992,1.4216942680479985,7.18043995,-0.87000197,8.01633549,-2.01999903
7.610276935,-1.44440457,0.712699099663942,0.712699099663942,1.425398199327884,7.19000101,-0.86881083,8.03055286,-2.01999831
7.614999770000001,-1.433997035,0.7185620420088886,0.7185620420088886,1.4371240840177772,7.19000053,-0.85459471,8.03999901,-2.01339936
7.6150004849999995,-1.417224345,0.7163989218103869,0.7163989218103869,1.4327978436207738,7.19000101,-0.84050703,8.03999996,-1.99394166
7.6150004849999995,-1.400557515,0.7142199478311387,0.7142199478311387,1.4284398956622775,7.19000101,-0.82654917,8.03999996,-1.97456586
7.62047744,-1.3913627,0.7212011622668633,0.7212011622668633,1.4424023245337265,7.19000101,-0.81272537,8.05095387,-1.97000003
7.627682445,-1.38451478,0.7309971023020075,0.7309971023020075,1.461994204604015,7.19000101,-0.7990306,8.06536388,-1.96999896
7.63492632,-1.377734605,0.7407665140991889,0.7407665140991889,1.4815330281983778,7.19000149,-0.78547037,8.07985115,-1.96999884
7.63999939,-1.36809355,0.7468444702073936,0.7468444702073936,1.4936889404147873,7.19000053,-0.7720418,8.08999825,-1.9641453
7.644268275,-1.35743874,0.7373999418083002,0.7373999418083002,1.4747998836166003,7.19853735,-0.77000141,8.0899992,-1.94487607
7.64930773,-1.34784788,0.7267150894310764,0.7267150894310764,1.4534301788621529,7.20861626,-0.77000201,8.0899992,-1.92569375
7.659480575,-1.3450002349999999,0.724510524538746,0.724510524538746,1.449021049077492,7.21869469,-0.77000171,8.10026646,-1.91999876
7.671869040000001,-1.34500033,0.7259154637964942,0.7259154637964942,1.4518309275929884,7.22877741,-0.77000201,8.11496067,-1.91999865
7.6843009,-1.345000415,0.7273509527149701,0.7273509527149701,1.4547019054299402,7.23886299,-0.77000087,8.12973881,-1.91999996
7.696776865,-1.345000445,0.728813294256602,0.728813294256602,1.457626588513204,7.24895382,-0.77000189,8.14459991,-1.919999
7.7092983749999995,-1.34500015,0.7303064786244519,0.7303064786244519,1.4606129572489037,7.25904894,-0.77000189,8.15954781,-1.91999841
7.721866369999999,-1.344999435,0.73183106296481,0.73183106296481,1.46366212592962,7.2691493,-0.77000034,8.17458344,-1.91999853
7.73448348,-1.3450001500000002,0.7333862423427217,0.7333862423427217,1.4667724846854433,7.2792573,-0.77000058,8.18970966,-1.91999972
7.73968649,-1.335624695,0.722988104086585,0.722988104086585,1.44597620817317,7.28937435,-0.77000046,8.18999863,-1.90124893
7.744748595,-1.3261179,0.7123998019282467,0.7123998019282467,1.4247996038564934,7.29949856,-0.77000111,8.18999863,-1.88223469
7.752506495,-1.32000047,0.7061400297861107,0.7061400297861107,1.4122800595722214,7.30963469,-0.77000201,8.1953783,-1.86999893
7.765214445,-1.3199994,0.7077502151109474,0.7077502151109474,1.4155004302218948,7.31978035,-0.77000046,8.21064854,-1.86999834
7.77797699,-1.320000235,0.7093908198470524,0.7093908198470524,1.4187816396941049,7.32993984,-0.77000201,8.22601414,-1.86999846
7.7900557500000005,-1.31909758,0.7098987428094444,0.7098987428094444,1.4197974856188889,7.34011173,-0.77000141,8.23999977,-1.86819375
7.795149325000001,-1.3096620749999999,0.6993751615007668,0.6993751615007668,1.3987503230015337,7.35029888,-0.77000135,8.23999977,-1.8493228
7.800250055,-1.3002790800000001,0.6888926832870489,0.6888926832870489,1.3777853665740978,7.36050129,-0.77000165,8.23999882,-1.83055651
7.808739425000001,-1.294999805,0.6837293704461758,0.6837293704461758,1.3674587408923515,7.37071848,-0.77000123,8.24676037,-1.81999838
7.821666479999999,-1.29500076,0.6854578606390016,0.6854578606390016,1.3709157212780032,7.38095331,-0.77000135,8.26237965,-1.82000017
7.834653380000001,-1.29499996,0.6872192081694591,0.6872192081694591,1.3744384163389183,7.39120579,-0.77000046,8.27810097,-1.81999946
7.84770584,-1.29500082,0.689015105546349,0.689015105546349,1.378030211092698,7.40147972,-0.77000171,8.29393196,-1.81999993
7.86082244,-1.295000525,0.6908460317046716,0.6908460317046716,1.3816920634093433,7.41177416,-0.77000159,8.30987072,-1.81999946
7.87400627,-1.29500103,0.6927135476228935,0.6927135476228935,1.385427095245787,7.42209053,-0.77000177,8.32592201,-1.82000029
7.88621378,-1.293794275,0.6930224961247177,0.6930224961247177,1.3860449922494353,7.43242931,-0.77000058,8.33999825,-1.81758797
7.889999865,-1.282863885,0.6847070089886982,0.6847070089886982,1.3694140179773964,7.44000053,-0.76679772,8.3399992,-1.79893005
7.8900001049999995,-1.267680495,0.6821717274766398,0.6821717274766398,1.3643434549532796,7.44000101,-0.75498265,8.3399992,-1.78037834
7.893562555,-1.2566457949999998,0.6850183220469467,0.6850183220469467,1.3700366440938934,7.44000101,-0.74329209,8.3471241,-1.7699995
7.901737454999999,-1.25086385,0.6947680422001211,0.6947680422001211,1.3895360844002422,7.44000006,-0.73172879,8.36347485,-1.76999891
7.9099767199999995,-1.24514359,0.7045214958048008,0.7045214958048008,1.4090429916096017,7.44000006,-0.72028887,8.37995338,-1.76999831
7.919971465,-1.241361115,0.701956689040747,0.701956689040747,1.403913378081494,7.44994354,-0.72000045,8.38999939,-1.76272178
7.9250862600000005,-1.232168315,0.6917076510833554,0.6917076510833554,1.3834153021667108,7.46017313,-0.7200011,8.38999939,-1.74433553
7.930214879999999,-1.223029195,0.6814978367161647,0.6814978367161647,1.3629956734323294,7.47043037,-0.72000086,8.38999939,-1.72605753
7.94093108,-1.2199997900000001,0.679555739990399,0.679555739990399,1.359111479980798,7.48071718,-0.72000062,8.40114498,-1.71999896
7.95449829,-1.21999973,0.6817601519540436,0.6817601519540436,1.3635203039080872,7.49103546,-0.72000062,8.41796112,-1.71999884
7.968150619999999,-1.22000018,0.6840074099320975,0.6840074099320975,1.368014819864195,7.5013876,-0.72000176,8.43491364,-1.7199986
7.981887105,-1.22000018,0.6863025367076403,0.6863025367076403,1.3726050734152806,7.51176882,-0.72000021,8.45200539,-1.72000015
7.9957170500000005,-1.219999675,0.6886400641686481,0.6886400641686481,1.3772801283372962,7.522192,-0.72000051,8.4692421,-1.71999884
8.00964165,-1.2200005649999999,0.691025429712569,0.691025429712569,1.382050859425138,7.53265381,-0.72000182,8.48662949,-1.71999931
8.015000105,-1.21098998,0.6855113452590741,0.6855113452590741,1.3710226905181482,7.54000044,-0.71672171,8.48999977,-1.70525825
8.01500058,-1.196477445,0.6828820344197358,0.6828820344197358,1.3657640688394717,7.54000139,-0.70586187,8.48999977,-1.68709302
8.01546931,-1.18256012,0.6809314022275174,0.6809314022275174,1.3618628044550347,7.54000139,-0.69512004,8.49093723,-1.6700002
8.024290324999999,-1.177247495,0.6908985863739002,0.6908985863739002,1.3817971727478005,7.54000044,-0.68449587,8.50858021,-1.66999912
8.03319335,-1.17199537,0.7008898929415123,0.7008898929415123,1.4017797858830245,7.54000139,-0.67399102,8.52638531,-1.66999972
8.043190955,-1.167819795,0.7033079871071057,0.7033079871071057,1.4066159742142115,7.5463829,-0.67000067,8.53999901,-1.66563892
8.04838109,-1.158818155,0.693275139909438,0.693275139909438,1.386550279818876,7.55676317,-0.67000097,8.53999901,-1.64763534
8.053592685,-1.14987156,0.6832763354897189,0.6832763354897189,1.3665526709794378,7.56718636,-0.67000133,8.53999901,-1.62974179
8.062933444999999,-1.144999895,0.6790588409384878,0.6790588409384878,1.3581176818769756,7.57765388,-0.67000026,8.54821301,-1.61999953
8.077328205,-1.14500096,0.6818322638726215,0.6818322638726215,1.363664527745243,7.58817482,-0.6700018,8.56648159,-1.62000012
8.09183502,-1.14499992,0.6846644166167369,0.6846644166167369,1.3693288332334739,7.59874153,-0.67000079,8.58492851,-1.61999905
8.106462005000001,-1.1449996550000001,0.6875559527714757,0.6875559527714757,1.3751119055429515,7.60936165,-0.67000026,8.60356236,-1.61999905
8.12121487,-1.14500049,0.6905078730146484,0.6905078730146484,1.3810157460292969,7.62003899,-0.67000169,8.62239075,-1.61999929
8.13538361,-1.14433578,0.6925525752116242,0.6925525752116242,1.3851051504232483,7.63076878,-0.67000157,8.63999844,-1.61866999
8.140779015,-1.135381905,0.6824964891394452,0.6824964891394452,1.3649929782788903,7.64155769,-0.67000085,8.64000034,-1.60076296
8.146202805,-1.126480375,0.6724634031375097,0.6724634031375097,1.3449268062750195,7.65240717,-0.67000157,8.63999844,-1.58295918
8.154242035,-1.12000054,0.6659618101492958,0.6659618101492958,1.3319236202985916,7.66331863,-0.67000127,8.64516544,-1.56999981
8.16943097,-1.12000078,0.6690711390667803,0.6690711390667803,1.3381422781335606,7.67429781,-0.67000151,8.66456413,-1.57000005
8.184761285,-1.1199999150000002,0.672247317074845,0.672247317074845,1.34449463414969,7.68534422,-0.67000097,8.68417835,-1.56999886
8.18999958,-1.11085394,0.670425979020544,0.670425979020544,1.340851958041088,7.69000053,-0.66423112,8.68999863,-1.55747676
8.18999958,-1.097094955,0.667832188104289,0.667832188104289,1.335664376208578,7.69000053,-0.6543752,8.68999863,-1.53981471
8.18999982,-1.0834425699999999,0.6652516249915968,0.6652516249915968,1.3305032499831937,7.69000006,-0.64462602,8.68999958,-1.52225912
8.198731425,-1.0774932799999999,0.674253903444388,0.674253903444388,1.348507806888776,7.69000149,-0.63498658,8.70746136,-1.51999998
8.20887208,-1.0727244900000001,0.6850428048229927,0.6850428048229927,1.3700856096459855,7.69000006,-0.62544888,8.7277441,-1.5200001
8.22146559,-1.069999935,0.6928370046193976,0.6928370046193976,1.3856740092387951,7.69466019,-0.62000084,8.74827099,-1.51999903
8.23738885,-1.070000085,0.696540418776667,0.696540418776667,1.393080837553334,7.70572233,-0.6200009,8.76905537,-1.51999927
8.253432515,-1.06995705,0.7002599749307011,0.7002599749307011,1.4005199498614023,7.71686602,-0.62000102,8.78999901,-1.51991308
8.25904679,-1.061104115,0.6902772165717384,0.6902772165717384,1.3805544331434767,7.72809362,-0.62000167,8.78999996,-1.50220656
8.264704465000001,-1.052301435,0.6803076705262021,0.6803076705262021,1.3606153410524042,7.73940992,-0.62000042,8.78999901,-1.48460245
8.266776799999999,-1.040590525,0.679620582975905,0.679620582975905,1.35924116595181,7.7400012,-0.61118209,8.7935524,-1.46999896
8.277565955,-1.035989375,0.690898324102224,0.690898324102224,1.381796648204448,7.74000168,-0.60197884,8.81513023,-1.46999991
8.288503645,-1.0314351,0.7022778155985737,0.7022778155985737,1.4045556311971474,7.74000072,-0.59287077,8.83700657,-1.46999943
8.289999725000001,-1.019337145,0.7015234931133663,0.7015234931133663,1.4030469862267325,7.7400012,-0.58386403,8.83999825,-1.45481026
8.289999725000001,-1.006141185,0.6988720772123155,0.6988720772123155,1.397744154424631,7.7400012,-0.57495236,8.83999825,-1.43733001
8.29251909,-0.99500066,0.6931274810545243,0.6931274810545243,1.3862549621090485,7.74497795,-0.57000136,8.84006023,-1.41999996
8.309456585,-0.995000095,0.6975158230904227,0.6975158230904227,1.3950316461808454,7.75637102,-0.57000047,8.86254215,-1.41999972
8.326613185,-0.99500039,0.7020067928163777,0.7020067928163777,1.4040135856327554,7.76787424,-0.57000118,8.88535213,-1.4199996
8.343994375000001,-0.99500009,0.706603899073588,0.706603899073588,1.413207798147176,7.77948999,-0.57000142,8.90849876,-1.41999876
8.36160946,-0.9949995249999999,0.711313318988511,0.711313318988511,1.422626637977022,7.79122162,-0.57000029,8.9319973,-1.41999876
8.371537685,-0.9891552049999999,0.7062855056927022,0.7062855056927022,1.4125710113854044,7.80307579,-0.57000095,8.93999958,-1.40830946
8.37752843,-0.98037782,0.6962634424124334,0.6962634424124334,1.3925268848248669,7.81505728,-0.57000118,8.93999958,-1.39075446
8.3835845,-0.971648665,0.6862355328816455,0.6862355328816455,1.372471065763291,7.82716942,-0.57000023,8.93999958,-1.3732971
8.399553300000001,-0.97000003,0.6882956392389677,0.6882956392389677,1.3765912784779355,7.83941841,-0.57000029,8.95968819,-1.36999977
8.412171845,-0.965828985,0.7005235730772964,0.7005235730772964,1.4010471461545928,7.84000111,-0.56165832,8.98434258,-1.36999965
8.42470193,-0.961494775,0.713267781601893,0.713267781601893,1.426535563203786,7.84000158,-0.55298966,9.00940228,-1.36999989
8.437443255,-0.957203505,0.7261790718438247,0.7261790718438247,1.4523581436876494,7.84000206,-0.54440808,9.03488445,-1.36999893
8.43999982,-0.945848105,0.7266685597277435,0.7266685597277435,1.453337119455487,7.84000063,-0.53591132,9.03999901,-1.35578489
8.44000077,-0.932819575,0.7240720286506074,0.7240720286506074,1.4481440573012148,7.84000158,-0.52750331,9.03999996,-1.33813584
8.44061518,-0.920289245,0.7207577670935013,0.7207577670935013,1.4415155341870025,7.84123135,-0.52000087,9.03999901,-1.32057762
8.459655524999999,-0.92000076,0.7260486653285257,0.7260486653285257,1.4520973306570515,7.85372877,-0.52000147,9.06558228,-1.32000005
8.478196385,-0.91918078,0.7305114630039193,0.7305114630039193,1.4610229260078387,7.86639357,-0.52000123,9.0899992,-1.31836033
8.48461509,-0.910348325,0.7203197816587316,0.7203197816587316,1.4406395633174631,7.87923098,-0.52000147,9.0899992,-1.30069518
8.490000250000001,-0.900842755,0.7114292681674693,0.7114292681674693,1.4228585363349386,7.89000225,-0.51856798,9.08999825,-1.28311753
8.493469,-0.890135525,0.713071482820932,0.713071482820932,1.426142965641864,7.89000082,-0.51027095,9.09693718,-1.2700001
8.50749898,-0.886026535,0.7271435080328428,0.7271435080328428,1.4542870160656856,7.89000177,-0.50205404,9.12499619,-1.26999903
8.52180529,-0.881958545,0.7414527346143351,0.7414527346143351,1.4829054692286703,7.8900013,-0.49391747,9.15360928,-1.26999962
8.53640151,-0.8779274699999999,0.7560118783414116,0.7560118783414116,1.5120237566828232,7.89000082,-0.48585591,9.1828022,-1.26999903
8.539999965,-0.8671696799999999,0.7576609396606179,0.7576609396606179,1.5153218793212357,7.8900013,-0.47787309,9.18999863,-1.25646627
8.54003,-0.85432705,0.7550940531656658,0.7550940531656658,1.5101881063313316,7.89006042,-0.47000092,9.18999958,-1.23865318
8.54673815,-0.8454629499999999,0.7448195311859647,0.7448195311859647,1.4896390623719293,7.90347767,-0.47000045,9.18999863,-1.22092545
8.568071365,-0.84500049,0.7512379497869937,0.7512379497869937,1.5024758995739873,7.91712284,-0.47000119,9.21901989,-1.21999979
8.590651274999999,-0.845000235,0.7587892972079533,0.7587892972079533,1.5175785944159066,7.93100214,-0.47000128,9.25030041,-1.21999919
8.611139535,-0.84356247,0.7695018324229007,0.7695018324229007,1.5390036648458014,7.94000006,-0.46712539,9.28227901,-1.21999955
8.615000725,-0.832690165,0.7714357322774629,0.7714357322774629,1.5428714645549257,7.94000149,-0.45920774,9.28999996,-1.20617259
8.615000245,-0.8197310250000001,0.7689735955586748,0.7689735955586748,1.5379471911173497,7.94000053,-0.45136195,9.28999996,-1.1881001
8.615000245,-0.80684364,0.7665393916887466,0.7665393916887466,1.5330787833774933,7.94000053,-0.44358337,9.28999996,-1.17010391
8.631784674999999,-0.802937195,0.783133647679096,0.783133647679096,1.566267295358192,7.94000196,-0.43587455,9.32356739,-1.16999984
8.63999963,-0.79436804,0.7899706845410334,0.7899706845410334,1.5799413690820667,7.94000101,-0.42823198,9.33999825,-1.1605041
8.640000345,-0.7815142900000001,0.7875379390582675,0.7875379390582675,1.575075878116535,7.94000149,-0.42065752,9.3399992,-1.14237106
8.646745445,-0.772159085,0.7775706849993907,0.7775706849993907,1.5551413699987815,7.95349169,-0.42000088,9.3399992,-1.12431729
8.66793227,-0.7700001750000001,0.7820506531870398,0.7820506531870398,1.5641013063740796,7.96857309,-0.42000023,9.36729145,-1.12000012
8.694000485,-0.77000013,0.7915931892702714,0.7915931892702714,1.583186378540543,7.98398638,-0.42000049,9.40401459,-1.11999977
8.714999675,-0.7672213000000001,0.8059106685553007,0.8059106685553007,1.6118213371106014,7.99000072,-0.4152717,9.43999863,-1.1191709
8.71500063,-0.7541563800000001,0.8035547734981623,0.8035547734981623,1.6071095469963246,7.99000168,-0.40763539,9.43999958,-1.10067737
8.715000155,-0.7411604549999999,0.8012317194304539,0.8012317194304539,1.6024634388609078,7.99000168,-0.40006006,9.43999863,-1.08226085
8.721564055,-0.7312709399999999,0.8061769671554755,0.8061769671554755,1.612353934310951,7.9900012,-0.3925423,9.45312691,-1.06999958
8.741717335,-0.72754054,0.8260484133237134,0.8260484133237134,1.6520968266474267,7.99000072,-0.38508162,9.49343395,-1.06999946
8.762456180000001,-0.723839565,0.8464722843933709,0.8464722843933709,1.6929445687867417,7.99000025,-0.37767896,9.53491211,-1.07000017
8.765000345,-0.711877615,0.8469215624544177,0.8469215624544177,1.6938431249088355,7.99000168,-0.3703323,9.53999901,-1.05342293
8.77303648,-0.70232089,0.8358645198773061,0.8358645198773061,1.6717290397546123,8.006073,-0.37000099,9.53999996,-1.03464079
8.786445615,-0.695000065,0.8294215759601521,0.8294215759601521,1.6588431519203042,8.02334976,-0.37000027,9.54954147,-1.01999986
8.815000535,-0.693878875,0.8401331883567952,0.8401331883567952,1.6802663767135904,8.04000187,-0.36953208,9.5899992,-1.01822567
8.81500006,-0.680660265,0.8379454841517494,0.8379454841517494,1.6758909683034988,8.04000092,-0.36202416,9.5899992,-0.99929637
8.814999579999999,-0.6675023449999999,0.8357934293813423,0.8357934293813423,1.6715868587626845,8.04000187,-0.35456592,9.58999729,-0.98043877
8.82552433,-0.65857817,0.8450023656407561,0.8450023656407561,1.6900047312815123,8.04000187,-0.34715649,9.61104679,-0.96999985
8.849768165,-0.654897035,0.8689148198515162,0.8689148198515162,1.7378296397030324,8.04000092,-0.33979392,9.65953541,-0.97000015
8.865000250000001,-0.64747962,0.8830908854140717,0.8830908854140717,1.7661817708281433,8.04000092,-0.33247864,9.68999958,-0.9624806
8.865000250000001,-0.634191905,0.8809628840629439,0.8809628840629439,1.7619257681258877,8.04000092,-0.32520694,9.68999958,-0.94317687
8.8650012,-0.620963005,0.8788743134136979,0.8788743134136979,1.7577486268273959,8.04000282,-0.3179816,9.68999958,-0.92394441
8.886131765,-0.6153985550000001,0.8992880835789281,0.8992880835789281,1.7985761671578562,8.04000092,-0.31079775,9.73226261,-0.91999936
8.913631915,-0.61182766,0.926390702110105,0.926390702110105,1.85278140422021,8.04000187,-0.30365518,9.78726196,-0.92000014
8.915000435,-0.598886505,0.9257565138009277,0.9257565138009277,1.8515130276018554,8.04000282,-0.29655507,9.78999805,-0.90121794
8.914999965,-0.585517125,0.9237170129068584,0.9237170129068584,1.8474340258137167,8.04000092,-0.28949383,9.78999901,-0.88154042
8.927187445,-0.576235025,0.934556635536248,0.934556635536248,1.869113271072496,8.04000187,-0.28247005,9.81437302,-0.87
8.957616810000001,-0.5727416000000001,0.9645626610990534,0.9645626610990534,1.9291253221981068,8.04000092,-0.27548379,9.8752327,-0.86999941
8.96731758,-0.5622967050000001,0.9678733024818515,0.9678733024818515,1.935746604963703,8.04463577,-0.27000061,9.88999939,-0.8545928
8.978535175,-0.55223565,0.9541603653751861,0.9541603653751861,1.9083207307503722,8.06707191,-0.27000043,9.88999844,-0.83447087
8.999221325,-0.54493229,0.949916722348855,0.949916722348855,1.89983344469771,8.09000206,-0.26986483,9.90844059,-0.81999975
9.014999865,-0.535932585,0.9645216721263249,0.9645216721263249,1.9290433442526498,8.09000015,-0.26266059,9.93999958,-0.80920458
9.014999865,-0.522207365,0.9626857135642441,0.9626857135642441,1.9253714271284883,8.09000015,-0.25548783,9.93999958,-0.7889269
8.990000725,-0.501499535,0.9349243497205229,0.9349243497205229,1.8698486994410457,8.09000206,-0.24834752,9.88999939,-0.75465155
8.989999295,-0.488046505,0.9332277532315971,0.9332277532315971,1.8664555064631942,8.09000015,-0.24123569,9.88999844,-0.73485732
8.990000245000001,-0.474641525,0.9315762244491739,0.9315762244491739,1.8631524488983477,8.09000015,-0.23415433,9.89000034,-0.71512872
8.989999295,-0.4612812,0.9299671384476049,0.9299671384476049,1.8599342768952098,8.09000015,-0.22710089,9.88999844,-0.69546151
8.964999675,-0.441635165,0.9026147492977131,0.9026147492977131,1.8052294985954263,8.09000015,-0.2200743,9.8399992,-0.66319603
8.964999675,-0.42853779000000003,0.9011377452206617,0.9011377452206617,1.8022754904413234,8.09000015,-0.21307302,9.8399992,-0.64400256
8.964999675,-0.41548066499999997,0.8997033064762628,0.8997033064762628,1.7994066129525257,8.09000015,-0.20609616,9.8399992,-0.62486517
8.964999675,-0.402463895,0.8983118349768183,0.8983118349768183,1.7966236699536366,8.09000015,-0.19914153,9.8399992,-0.60578626
8.964999675,-0.38948791499999996,0.8969629619501601,0.8969629619501601,1.7939259239003202,8.09000015,-0.19221048,9.8399992,-0.58676535
8.940000535,-0.37108690499999997,0.8700663037820543,0.8700663037820543,1.7401326075641086,8.09000111,-0.18530114,9.78999996,-0.55687267
8.940000535,-0.35835984,0.868837575956439,0.868837575956439,1.737675151912878,8.09000206,-0.17841172,9.78999901,-0.53830796
8.94000101,-0.345669985,0.8676513333879761,0.8676513333879761,1.7353026667759521,8.09000206,-0.17154181,9.78999996,-0.51979816
8.940000054999999,-0.33301384999999994,0.8665063659037231,0.8665063659037231,1.7330127318074462,8.09000015,-0.16468844,9.78999996,-0.50133926
8.9399991,-0.3203939,0.8654002748110106,0.8654002748110106,1.7308005496220211,8.09000015,-0.15785338,9.78999805,-0.48293442
8.91500044,-0.303198395,0.838913569498247,0.838913569498247,1.677827138996494,8.09000206,-0.15103516,9.73999882,-0.45536163
8.914999965,-0.290813385,0.8379199592698362,0.8379199592698362,1.6758399185396724,8.09000111,-0.1442298,9.73999882,-0.43739697
8.88999939,-0.274186215,0.8116016899710721,0.8116016899710721,1.6232033799421441,8.09000111,-0.13743807,9.68999767,-0.41093436
8.890000345,-0.26203119,0.810714064455902,0.810714064455902,1.621428128911804,8.09000111,-0.13065951,9.68999958,-0.39340287
8.865000725,-0.245967945,0.7845540948400119,0.7845540948400119,1.5691081896800239,8.09000206,-0.12389339,9.63999939,-0.3680425
8.864998815,-0.2340371,0.7837656741232896,0.7837656741232896,1.5675313482465791,8.09000015,-0.11713671,9.63999748,-0.35093749
8.864999775,-0.22213217,0.783012973748221,0.783012973748221,1.566025947496442,8.09000111,-0.11038967,9.63999844,-0.33387467
8.839999200000001,-0.206815335,0.7570609307154604,0.7570609307154604,1.5141218614309209,8.09000015,-0.10365198,9.58999825,-0.30997869
8.840000154999998,-0.195129175,0.7564013930764963,0.7564013930764963,1.5128027861529927,8.09000111,-0.09692276,9.5899992,-0.29333559
8.840000629999999,-0.183463465,0.7557752134450065,0.7557752134450065,1.511550426890013,8.09000206,-0.09019869,9.5899992,-0.27672824
8.8149991,-0.168875625,0.7300109175894491,0.7300109175894491,1.4600218351788983,8.09000015,-0.08347971,9.53999805,-0.25427154
8.81500006,-0.157417805,0.7294711755717087,0.7294711755717087,1.4589423511434174,8.09000111,-0.07676597,9.53999901,-0.23806964
8.789999965,-0.143362645,0.7038268677283746,0.7038268677283746,1.407653735456749,8.09000111,-0.07005601,9.48999882,-0.21666928
8.789999965,-0.132106145,0.7033677787256584,0.7033677787256584,1.4067355574513167,8.09000111,-0.06334689,9.48999882,-0.2008654
8.789999485,-0.120868135,0.7029396746261362,0.7029396746261362,1.4058793492522723,8.09000015,-0.05664106,9.48999882,-0.18509521
8.764999865,-0.10751407,0.6774511003325213,0.6774511003325213,1.3549022006650426,8.09000015,-0.04993475,9.43999958,-0.16509339
8.76499939,-0.09647092,0.677095796453289,0.677095796453289,1.354191592906578,8.09000015,-0.04322861,9.43999863,-0.14971323
8.76499939,-0.08543993999999999,0.6767686352804178,0.6767686352804178,1.3535372705608355,8.09000111,-0.03652054,9.43999767,-0.13435934
8.73999834,-0.07277049,0.6514173546239774,0.6514173546239774,1.3028347092479549,8.0899992,-0.02980902,9.38999748,-0.11573196
8.73999977,-0.06192527,0.6511584034300383,0.6511584034300383,1.3023168068600766,8.09000015,-0.02309538,9.38999939,-0.10075516
8.740000725,-0.05109018,0.6509250180041015,0.6509250180041015,1.301850036008203,8.09000206,-0.01637542,9.38999939,-0.08580494
8.739999295,-0.040266365,0.6507188058948348,0.6507188058948348,1.3014376117896695,8.09000111,-0.00965062,9.38999748,-0.07088211
8.739999295,-0.029451264999999997,0.6505394814906491,0.6505394814906491,1.3010789629812982,8.09000111,-0.00291871,9.38999748,-0.05598382
8.74000025,-0.01864441,0.6503872644210248,0.6503872644210248,1.3007745288420496,8.09000111,0.00382138,9.38999939,-0.0411102
8.73999977,-0.007845040000000001,0.6502585155703435,0.6502585155703435,1.300517031140687,8.09000206,0.01057001,9.38999748,-0.02626009
8.71499968,0.0034985349999999997,0.6251515283632889,0.6251515283632889,1.2503030567265778,8.09000111,0.0173268,9.33999825,-0.01032973
8.71499968,0.014130134999999999,0.6250780085847044,0.6250780085847044,1.2501560171694088,8.09000111,0.02409529,9.33999825,0.00416498
8.715000155,0.02475674,0.6250280358661459,0.6250280358661459,1.2500560717322917,8.09000206,0.03087449,9.33999825,0.01863899
8.689999579999999,0.03547028,0.6000024871031502,0.6000024871031502,1.2000049742063004,8.09000111,0.03766585,9.28999805,0.03327471
8.690000054999999,0.04593788,0.5999997879462925,0.5999997879462925,1.199999575892585,8.09000206,0.04447107,9.28999805,0.04740469
8.6899991,0.056402759999999996,0.6000207314490098,0.6000207314490098,1.2000414628980196,8.09000015,0.05129021,9.28999805,0.06151531
8.689999579999999,0.06686766499999999,0.6000621690805837,0.6000621690805837,1.2001243381611675,8.09000111,0.05812451,9.28999805,0.07561082
8.690000535,0.07733116000000001,0.6001257160711732,0.6001257160711732,1.2002514321423463,8.09000206,0.06497377,9.28999901,0.08968855
8.69000101,0.08779379500000001,0.6002110541509608,0.6002110541509608,1.2004221083019215,8.09000206,0.07183856,9.28999996,0.10374903
8.68999958,0.09825989,0.6003174031967764,0.6003174031967764,1.2006348063935528,8.09000015,0.07872355,9.28999901,0.11779623
8.641236305,0.106850915,0.6016808610799115,0.6016808610799115,1.203361722159823,8.04000092,0.08370204,9.24247169,0.12999979
8.640000820000001,0.11697894,0.6005895464592519,0.6005895464592519,1.2011790929185038,8.04000282,0.0903293,9.23999882,0.14362858
8.63999939,0.12715927999999999,0.6007570626406988,0.6007570626406988,1.2015141252813977,8.04000092,0.09697842,9.23999786,0.15734014
8.640000345,0.137345165,0.600943887323693,0.600943887323693,1.201887774647386,8.04000187,0.10364968,9.23999882,0.17104065
8.614999295,0.145987135,0.5761020241473042,0.5761020241473042,1.1522040482946083,8.04000092,0.11034431,9.18999767,0.18162996
8.614999295,0.15604036500000001,0.5763179675801392,0.5763179675801392,1.1526359351602784,8.04000092,0.11706257,9.18999767,0.19501816
8.615000725,0.1660997,0.5765523108915197,0.5765523108915197,1.1531046217830394,8.04000187,0.1238045,9.18999958,0.2083949
8.615000725,0.17617095500000002,0.5768029427442228,0.5768029427442228,1.1536058854884457,8.04000282,0.13057442,9.18999863,0.22176749
8.615000725,0.186251175,0.5770727812340951,0.5770727812340951,1.1541455624681902,8.04000187,0.13737059,9.18999958,0.23513176
8.614999295,0.19634279500000001,0.5773582066145059,0.5773582066145059,1.1547164132290118,8.04000092,0.14419524,9.18999767,0.24849035
8.615000245000001,0.206444285,0.5776597973176181,0.5776597973176181,1.1553195946352361,8.04000282,0.15104751,9.18999767,0.26184106
8.614999775000001,0.21655637,0.5779800837642627,0.5779800837642627,1.1559601675285254,8.04000092,0.15792793,9.18999863,0.27518481
8.61500025,0.226681465,0.5783145267035361,0.5783145267035361,1.1566290534070722,8.04000187,0.16483848,9.18999863,0.28852445
8.61499977,0.236818215,0.5786645710539149,0.5786645710539149,1.1573291421078298,8.04000187,0.17177899,9.18999767,0.30185744
8.615000250000001,0.24696830000000003,0.5790318636324299,0.5790318636324299,1.1580637272648597,8.04000092,0.17875049,9.18999958,0.31518611
8.61500025,0.25713088,0.5794117363061484,0.5794117363061484,1.1588234726122968,8.04000187,0.18575285,9.18999863,0.32850891
8.589999200000001,0.26406908,0.5545982151107661,0.5545982151107661,1.1091964302215322,8.04000092,0.19278744,9.13999748,0.33535072
8.590000154999998,0.27412503,0.5549903918540879,0.5549903918540879,1.1099807837081759,8.04000187,0.19985376,9.13999844,0.3483963
8.589999675,0.28419823,0.555395492479271,0.555395492479271,1.110790984958542,8.04000187,0.20695467,9.13999748,0.36144179
8.58999968,0.2942878,0.5558151681689921,0.5558151681689921,1.1116303363379842,8.04000092,0.21408889,9.13999844,0.37448671
8.590000154999998,0.30439338,0.5562462098795732,0.5562462098795732,1.1124924197591464,8.04000187,0.22125655,9.13999844,0.38753021
8.590000629999999,0.31451576000000003,0.5566906882849663,0.5566906882849663,1.1133813765699325,8.04000187,0.2284583,9.13999939,0.40057322
8.572395324999999,0.321808665,0.5749791401636412,0.5749791401636412,1.1499582803272823,8.00479317,0.23000014,9.13999748,0.41361719
8.565000535,0.330639445,0.5829612264542617,0.5829612264542617,1.1659224529085235,7.99000168,0.23461805,9.13999939,0.42666084
8.54000044,0.336381685,0.5580945786353684,0.5580945786353684,1.1161891572707368,7.99000168,0.24166673,9.0899992,0.43109664
8.53999877,0.34631798,0.5585852947240759,0.5585852947240759,1.1171705894481518,7.99000025,0.2487518,9.08999729,0.44388416
8.539999725,0.356276425,0.5590880691345459,0.5590880691345459,1.1181761382690918,7.99000025,0.25587699,9.0899992,0.45667586
8.53999877,0.366255685,0.5595995566874464,0.5595995566874464,1.1191991133748929,7.99000025,0.2630409,9.08999729,0.46947047
8.539999725,0.376257345,0.5601232211136276,0.5601232211136276,1.1202464422272551,7.99000025,0.27024508,9.0899992,0.48226961
8.539999485,0.386281655,0.5606541781156386,0.5606541781156386,1.1213083562312771,7.99000168,0.27749047,9.08999729,0.49507284
8.53999996,0.39632784,0.5611960867690905,0.5611960867690905,1.122392173538181,7.99000263,0.28477523,9.08999729,0.50788045
8.539999250000001,0.406394585,0.5617492670447838,0.5617492670447838,1.1234985340895676,7.99000025,0.29209962,9.08999825,0.52068955
8.531758305,0.414733825,0.5538840344263527,0.5538840344263527,1.1077680688527054,7.99000072,0.29946786,9.07351589,0.52999979
8.515000105,0.42116025,0.5372936133179825,0.5372936133179825,1.074587226635965,7.9900012,0.30687737,9.03999901,0.53544313
8.51499963,0.43117585999999997,0.537845551084923,0.537845551084923,1.075691102169846,7.99000025,0.31432772,9.03999901,0.548024
8.515000105,0.44121651500000003,0.5384032367024706,0.5384032367024706,1.0768064734049412,7.99000216,0.32182136,9.03999805,0.56061167
8.51500106,0.45128261999999997,0.5389709724364866,0.5389709724364866,1.0779419448729732,7.99000216,0.32935697,9.03999996,0.57320827
8.500368835,0.457906275,0.5545816093415984,0.5545816093415984,1.1091632186831968,7.96073866,0.32999992,9.03999901,0.58581263
8.490000485,0.46544637,0.5658460897296511,0.5658460897296511,1.1316921794593022,7.94000196,0.33246735,9.03999901,0.59842539
8.490000250000001,0.47547032,0.5664623400375883,0.5664623400375883,1.1329246800751767,7.94000149,0.33989397,9.03999901,0.61104667
8.490000245,0.48551930499999996,0.5670862624031123,0.5670862624031123,1.1341725248062247,7.94000053,0.34736308,9.03999996,0.62367553
8.490000485,0.49559634999999996,0.5677158263262312,0.5677158263262312,1.1354316526524624,7.94000101,0.35487735,9.03999996,0.63631535
8.489999535,0.505701245,0.5683521351143517,0.5683521351143517,1.1367042702287034,7.94000006,0.36243671,9.03999901,0.64896578
8.490000485,0.5158334250000001,0.5689938831325098,0.5689938831325098,1.1379877662650195,7.94000196,0.37004021,9.03999901,0.66162664
8.490000725,0.52599271,0.5696435037428184,0.5696435037428184,1.1392870074856367,7.94000149,0.37768707,9.03999996,0.67429835
8.46746254,0.529999615,0.5672683169161293,0.5672683169161293,1.1345366338322587,7.92038536,0.37999994,9.01453972,0.67999929
8.44147706,0.53286904,0.5694250792574409,0.5694250792574409,1.1388501585148818,7.8929553,0.38000047,8.98999882,0.68573761
8.44000006,0.5424753250000001,0.5716245412582696,0.5716245412582696,1.1432490825165391,7.8900013,0.38673201,8.98999882,0.69821864
8.44000101,0.5525216900000001,0.5722959589622841,0.5722959589622841,1.1445919179245683,7.89000225,0.39433184,8.98999977,0.71071154
8.440000295,0.5625984500000001,0.5729734432679497,0.5729734432679497,1.1459468865358995,7.89000082,0.40197733,8.98999977,0.72321957
8.43031621,0.56983374,0.5635546832740671,0.5635546832740671,1.1271093665481342,7.89000082,0.4096677,8.9706316,0.72999978
8.41499996,0.575320615,0.5482335615704026,0.5482335615704026,1.0964671231408052,7.89000225,0.41740468,8.93999767,0.73323655
8.4150002,0.5853776150000001,0.5488952253713477,0.5488952253713477,1.0977904507426954,7.89000082,0.42518517,8.93999958,0.74557006
8.414999485,0.5954656899999999,0.5495592050823264,0.5495592050823264,1.0991184101646527,7.89000034,0.43301195,8.93999863,0.75791943
8.414999965,0.60558477,0.5502270322983707,0.5502270322983707,1.1004540645967413,7.8900013,0.44088447,8.93999863,0.77028507
8.414999005,0.615735055,0.5508993794245908,0.5508993794245908,1.1017987588491815,7.89000034,0.44880235,8.93999767,0.78266776
8.41499996,0.62591389,0.5515745158719614,0.5515745158719614,1.1031490317439228,7.89000225,0.45676351,8.93999767,0.79506427
8.41499996,0.63612577,0.5522544901249301,0.5522544901249301,1.1045089802498602,7.89000225,0.46477109,8.93999767,0.80748045
8.41500044,0.64636786,0.5529384426919445,0.5529384426919445,1.105876885383889,7.89000225,0.47282299,8.93999863,0.81991273
8.41009283,0.6549999,0.5513515260397719,0.5513515260397719,1.1027030520795438,7.8872509,0.48000041,8.93293476,0.82999939
8.379739525,0.65499978,0.545328501959903,0.545328501959903,1.090657003919806,7.86325312,0.47999987,8.89622593,0.82999969
8.36500025,0.660138325,0.5550099727992592,0.5550099727992592,1.1100199455985185,7.84000111,0.48010507,8.88999939,0.84017158
8.36500025,0.670303045,0.5557053093590603,0.5557053093590603,1.1114106187181205,7.84000206,0.48813474,8.88999844,0.85247135
8.365000725,0.680500375,0.5564050513010441,0.5564050513010441,1.1128101026020882,7.84000206,0.49620989,8.88999939,0.86479086
8.36499977,0.6907292,0.5571079721065413,0.5571079721065413,1.1142159442130826,7.84000015,0.50432992,8.88999939,0.87712848
8.364999775,0.70098874,0.5578114659330302,0.5578114659330302,1.1156229318660604,7.84000111,0.51249462,8.88999844,0.88948286
8.364999295,0.7112843099999999,0.5585190962121356,0.5585190962121356,1.1170381924242712,7.84000015,0.52070761,8.88999844,0.90186101
8.365000485,0.72161296,0.5592283151358508,0.5592283151358508,1.1184566302717016,7.84000158,0.52896702,8.88999939,0.9142589
8.35519743,0.7283379750000001,0.5703955233398266,0.5703955233398266,1.1407910466796531,7.82039547,0.53000009,8.88999939,0.92667586
8.33199954,0.72999963,0.5699257090759564,0.5699257090759564,1.1398514181519128,7.79831839,0.53000027,8.86568069,0.92999899
8.315000300000001,0.73386127,0.5613684909968238,0.5613684909968238,1.1227369819936477,7.79000235,0.53508568,8.83999825,0.93263686
8.31499934,0.744127365,0.5620860883583294,0.5620860883583294,1.1241721767166588,7.79000139,0.54333413,8.83999729,0.9449206
8.314999345,0.754426955,0.5628063418497338,0.5628063418497338,1.1256126836994675,7.79000044,0.55162871,8.83999825,0.9572252
8.314999105,0.764758525,0.5635263855009893,0.5635263855009893,1.1270527710019786,7.79000092,0.55996865,8.83999729,0.9695484
8.315000535,0.7751278,0.5642494735224747,0.5642494735224747,1.1284989470449494,7.79000187,0.56835771,8.8399992,0.98189789
8.314998865,0.7855297050000001,0.5649731413957785,0.5649731413957785,1.129946282791557,7.79000044,0.5767923,8.83999729,0.99426711
8.315000300000001,0.795966415,0.565698043205015,0.565698043205015,1.13139608641003,7.79000235,0.58527368,8.83999825,1.00665915
8.31499982,0.806435585,0.5664260016719078,0.5664260016719078,1.1328520033438156,7.79000044,0.59379959,8.8399992,1.01907158
8.31315804,0.8161854749999999,0.5651635661757511,0.5651635661757511,1.1303271323515023,7.79000092,0.60237134,8.83631516,1.02999961
8.298070195000001,0.82049507,0.5495679125181064,0.5495679125181064,1.0991358250362129,7.79000235,0.610991,8.80613804,1.02999914
8.290001154999999,0.827647685,0.5415344939156571,0.5415344939156571,1.0830689878313142,7.79000235,0.61965537,8.78999996,1.03564
8.289999965,0.8381585500000001,0.5422302671083611,0.5422302671083611,1.0844605342167222,7.79000092,0.62836194,8.78999901,1.04795516
8.28159022,0.84514883,0.5520592446709529,0.5520592446709529,1.1041184893419058,7.77318048,0.63000017,8.78999996,1.06029749
8.271348955,0.85133043,0.5639014606335965,0.5639014606335965,1.127802921267193,7.7526989,0.63000041,8.78999901,1.07266045
8.25913501,0.856625795,0.5651503004147322,0.5651503004147322,1.1303006008294645,7.74000216,0.63325179,8.77826786,1.0799998
8.244879245,0.86098263,0.5503369854709197,0.5503369854709197,1.1006739709418394,7.74000072,0.64196557,8.74975777,1.07999969
8.240000485,0.8693756450000001,0.5457163589402984,0.5457163589402984,1.0914327178805967,7.7400012,0.65072739,8.73999977,1.0880239
8.240000245000001,0.8799184250000001,0.5464147386497513,0.5464147386497513,1.0928294772995026,7.74000072,0.65953344,8.73999977,1.10030341
8.23999953,0.8904966400000001,0.5471117698566234,0.5471117698566234,1.0942235397132467,7.7400012,0.6683864,8.73999786,1.11260688
8.240000245000001,0.9011096949999999,0.5478112796867046,0.5478112796867046,1.0956225593734092,7.74000072,0.6772846,8.73999977,1.12493479
8.2330997,0.90864107,0.556079261875343,0.556079261875343,1.112158523750686,7.72619963,0.6800006,8.73999977,1.13728154
8.22326088,0.914827195,0.5675929360655935,0.5675929360655935,1.135185872131187,7.70652294,0.68000036,8.73999882,1.14965403
8.21500063,0.92170441,0.5773998777111308,0.5773998777111308,1.1547997554222615,7.69000149,0.68135774,8.73999977,1.16205108
8.21499944,0.932368935,0.5781322528967499,0.5781322528967499,1.1562645057934997,7.69000006,0.69026864,8.73999882,1.17446923
8.207559585,0.939613195,0.5706592178423168,0.5706592178423168,1.1413184356846335,7.69000149,0.69922692,8.72511768,1.17999947
8.194288015,0.944113795,0.5567297892794433,0.5567297892794433,1.1134595785588866,7.69000006,0.70822883,8.69857597,1.17999876
8.18999982,0.952794195,0.5526903066464783,0.5526903066464783,1.1053806132929567,7.69000101,0.71727824,8.68999863,1.18831015
8.190000770000001,0.96351564,0.5533849954550705,0.5533849954550705,1.106769990910141,7.69000196,0.72637403,8.68999958,1.20065725
8.184227225,0.971512555,0.5604747377640361,0.5604747377640361,1.1209494755280722,7.67845678,0.73000026,8.68999767,1.21302485
8.17471385,0.977708965,0.5717324350667753,0.5717324350667753,1.1434648701335506,7.65942907,0.73000032,8.68999863,1.22541761
8.157184125,0.979999635,0.5739355560969827,0.5739355560969827,1.1478711121939653,7.64055824,0.7300002,8.67381001,1.22999907
8.144189834999999,0.98442301,0.5608152406072031,0.5608152406072031,1.1216304812144062,7.6400013,0.73884684,8.64837837,1.22999918
8.13999987,0.993115545,0.5568444525042084,0.5568444525042084,1.1136889050084169,7.6400013,0.74800909,8.63999844,1.238222
8.13999963,1.00388238,0.5575330423305971,0.5575330423305971,1.1150660846611942,7.64000082,0.75721604,8.63999844,1.25054872
8.140000105,1.014683545,0.5582204741992416,0.5582204741992416,1.1164409483984832,7.64000082,0.76646829,8.63999939,1.2628988
8.140000104999999,1.02551752,0.5589049527066853,0.5589049527066853,1.1178099054133706,7.64000177,0.77576482,8.63999844,1.27527022
8.140000820000001,1.03638342,0.5595886970316474,0.5595886970316474,1.1191773940632948,7.64000225,0.78510481,8.63999939,1.28766203
8.13999963,1.047285645,0.5602711536264943,0.5602711536264943,1.1205423072529885,7.64000082,0.79449135,8.63999844,1.30007994
8.140000105,1.058220325,0.5609520458477706,0.5609520458477706,1.1219040916955412,7.64000082,0.80392146,8.63999939,1.31251919
8.13999891,1.0691883549999999,0.5616295591541169,0.5616295591541169,1.1232591183082339,7.64000034,0.81339705,8.63999748,1.32497966
8.132747649999999,1.07645786,0.5541490634577239,0.5541490634577239,1.1082981269154477,7.64000225,0.82291663,8.62549305,1.32999909
8.118313785,1.079999685,0.543955159128517,0.543955159128517,1.087910318257034,7.63521194,0.83000004,8.60141563,1.32999933
8.10338998,1.08323455,0.5485573289626308,0.5485573289626308,1.0971146579252615,7.61678171,0.8300004,8.58999825,1.3364687
8.09423566,1.089434535,0.5595411833441151,0.5595411833441151,1.1190823666882301,7.59847307,0.83000094,8.58999825,1.34886813
8.089999915,1.098201485,0.5649903998403295,0.5649903998403295,1.129980799680659,7.59000063,0.8351143,8.5899992,1.36128867
8.089999915,1.109216005,0.5656545576837936,0.5656545576837936,1.1313091153675872,7.59000158,0.84470373,8.58999825,1.37372828
8.090000155,1.12026551,0.5663185343622492,0.5663185343622492,1.1326370687244984,7.59000111,0.85433763,8.5899992,1.38619339
8.089999915,1.131346315,0.5669799921126774,0.5669799921126774,1.1339599842253547,7.59000063,0.86401314,8.5899992,1.39867949
8.089999915,1.1424562,0.5676380348627417,0.5676380348627417,1.1352760697254833,7.59000158,0.87372845,8.58999825,1.41118395
8.08999872,1.153597505,0.5682957260540912,0.5682957260540912,1.1365914521081824,7.59000015,0.88348371,8.58999729,1.4237113
8.084234715000001,1.161639005,0.562392454811439,0.562392454811439,1.124784909622878,7.59000015,0.8932783,8.57846928,1.42999971
8.072747230000001,1.166555225,0.5499522588543179,0.5499522588543179,1.0999045177086357,7.59000015,0.90311122,8.55549431,1.42999923
8.065000060000001,1.173492225,0.5417454440891792,0.5417454440891792,1.0834908881783585,7.59000111,0.91298479,8.53999901,1.43399966
8.06499982,1.184684605,0.5423642847339707,0.5423642847339707,1.0847285694679414,7.59000063,0.92289311,8.53999901,1.4464761
8.062437769999999,1.194488585,0.5459117995886068,0.5459117995886068,1.0918235991772136,7.58487558,0.93000031,8.53999996,1.45897686
8.053480624999999,1.20075014,0.5567822794404382,0.5567822794404382,1.1135645588808765,7.56696129,0.93000036,8.53999996,1.47149992
8.04095864,1.2049996900000002,0.5634667523083942,0.5634667523083942,1.1269335046167883,7.54915571,0.93000031,8.53276157,1.47999907
8.02521324,1.207400175,0.5565430492861959,0.5565430492861959,1.1130860985723918,7.54000187,0.9348014,8.51042461,1.47999895
8.01499963,1.21286917,0.5454443367127438,0.5454443367127438,1.0908886734254877,7.54000044,0.94475484,8.48999882,1.4809835
8.015000105,1.22410402,0.5460584177443556,0.5460584177443556,1.0921168354887112,7.54000139,0.95474178,8.48999882,1.49346626
8.01499987,1.235367865,0.5466733712253193,0.5466733712253193,1.0933467424506387,7.54000092,0.96476156,8.48999882,1.50597417
8.015000345,1.24665731,0.5472874363589905,0.5472874363589905,1.094574872717981,7.54000187,0.97481179,8.48999882,1.51850283
8.010744575,1.255528125,0.5528113013787276,0.5528113013787276,1.1056226027574552,7.53149033,0.98000008,8.48999882,1.53105617
8.002008915000001,1.261817455,0.5635190694732245,0.5635190694732245,1.127038138946449,7.51401997,0.98000097,8.48999786,1.54363394
7.993325710000001,1.2681187999999999,0.574192958216637,0.574192958216637,1.148385916433274,7.49665165,0.98000002,8.48999977,1.55623758
7.990000965,1.27752376,0.5786865683450552,0.5786865683450552,1.1573731366901103,7.49000216,0.98618317,8.48999977,1.56886435
7.98870444,1.288125395,0.5778368156916284,0.5778368156916284,1.1556736313832567,7.4900012,0.99625134,8.48740768,1.57999945
7.977926015,1.29317349,0.565985285492337,0.565985285492337,1.131970570984674,7.4900012,1.00634825,8.46585083,1.57999873
7.967220065,1.298235475,0.5541916428277166,0.5541916428277166,1.1083832856554332,7.4900012,1.01647222,8.44443893,1.57999873
7.964999915,1.30830103,0.552237343354039,0.552237343354039,1.104474686708078,7.4900012,1.02662337,8.43999863,1.58997869
7.96499896,1.319699345,0.5528636016097275,0.5528636016097275,1.105727203219455,7.49000025,1.03679585,8.43999767,1.60260284
7.965000155,1.331125555,0.5534922770974233,0.5534922770974233,1.1069845541948466,7.49000168,1.04699504,8.43999863,1.61525607
7.964999915,1.342576505,0.5541233697383381,0.5541233697383381,1.1082467394766762,7.49000216,1.05721736,8.43999767,1.62793565
7.95617843,1.34873134,0.5444556008332221,0.5444556008332221,1.0889112016664442,7.49000216,1.06746352,8.4223547,1.62999916
7.94570613,1.3538653250000001,0.5328383859238451,0.5328383859238451,1.0656767718476903,7.4900012,1.07773173,8.40141106,1.62999892
7.93341017,1.35786039,0.5344899341850522,0.5344899341850522,1.0689798683701044,7.47682095,1.08000112,8.38999939,1.63571966
7.92500162,1.3641918899999999,0.5449660557479281,0.5449660557479281,1.0899321114958562,7.46000385,1.07999992,8.38999939,1.64838386
7.916650055,1.37053937,0.5554026176189708,0.5554026176189708,1.1108052352379416,7.44330072,1.08000112,8.38999939,1.66107762
7.914999965,1.38099688,0.5579931046086133,0.5579931046086133,1.1159862092172266,7.44000149,1.08819532,8.38999844,1.67379844
7.914999249999999,1.392494675,0.5586547755890232,0.5586547755890232,1.1173095511780464,7.44000006,1.09843528,8.38999844,1.68655407
7.914999965,1.40401709,0.5593201451421188,0.5593201451421188,1.1186402902842376,7.44000149,1.10869443,8.38999844,1.69933975
7.9150002,1.415563225,0.5599928226650082,0.5599928226650082,1.1199856453300163,7.44000101,1.11896968,8.38999939,1.71215677
7.914999965,1.42713547,0.5606701025489821,0.5606701025489821,1.1213402050979642,7.44000149,1.129264,8.38999844,1.72500694
7.908734325,1.4347873899999999,0.553950073666174,0.553950073666174,1.107900147332348,7.44000149,1.13957524,8.37746716,1.72999954
7.89855051,1.4399504049999998,0.5425831874104384,0.5425831874104384,1.0851663748208769,7.44000053,1.14990139,8.35710049,1.72999942
7.88999939,1.4461205050000001,0.533125956976392,0.533125956976392,1.066251913952784,7.44000149,1.16024435,8.33999729,1.73199666
7.889999865,1.4577228999999998,0.533796391843842,0.533796391843842,1.067592783687684,7.44000053,1.17060065,8.3399992,1.74484515
7.889239549999999,1.4688656949999999,0.5353760105937886,0.5353760105937886,1.0707520211875772,7.4384799,1.18000031,8.3399992,1.75773108
7.88117051,1.4753272499999999,0.5456553938212253,0.5456553938212253,1.0913107876424506,7.42234373,1.18000066,8.33999729,1.77065384
7.870366575,1.4800002,0.5525685506316189,0.5525685506316189,1.1051371012632378,7.40632725,1.18000102,8.3344059,1.77999938
7.852421045,1.4799993649999998,0.5508497094308011,0.5508497094308011,1.1016994188616023,7.39042997,1.17999995,8.31441212,1.77999878
7.84226918,1.485005675,0.5399697238118553,0.5399697238118553,1.0799394476237105,7.39000177,1.19001162,8.29453659,1.77999973
7.84000039,1.495142105,0.5379809820272573,0.5379809820272573,1.0759619640545146,7.39000177,1.20031202,8.28999901,1.78997219
7.84000015,1.5067850950000001,0.5387119835816145,0.5387119835816145,1.077423967163229,7.39000034,1.21062505,8.28999996,1.80294514
7.84000063,1.51845497,0.5394508152807863,0.5394508152807863,1.0789016305615726,7.3900013,1.22095239,8.28999996,1.81595755
7.84000063,1.530149995,0.5402011416141028,0.5402011416141028,1.0804022832282056,7.3900013,1.23128903,8.28999996,1.82901096
7.8309257,1.53581989,0.5300524466234898,0.5300524466234898,1.0601048932469797,7.39000177,1.24164021,8.27184963,1.82999957
7.82116389,1.5410009649999998,0.5190576352348245,0.5190576352348245,1.038115270469649,7.39000177,1.2520026,8.25232601,1.82999933
7.814999820000001,1.548571585,0.5123790565148425,0.5123790565148425,1.024758113029685,7.39000082,1.26237559,8.23999882,1.83476758
7.81500006,1.5603005300000001,0.5131311892786002,0.5131311892786002,1.0262623785572005,7.3900013,1.2727598,8.23999882,1.84784126
7.812680485,1.57048076,0.5167005197969621,0.5167005197969621,1.0334010395939242,7.38536215,1.28000104,8.23999882,1.86096048
7.805072785,1.577064335,0.526695437152675,0.526695437152675,1.05339087430535,7.3701458,1.28000104,8.23999977,1.87412763
7.79752827,1.58367163,0.5366527317891666,0.5366527317891666,1.0733054635783332,7.35505772,1.28000081,8.23999882,1.88734245
7.790052415,1.590302705,0.5465708289882322,0.5465708289882322,1.0931416579764643,7.34010506,1.28000116,8.23999977,1.90060425
7.79000044,1.60206008,0.5474987183431691,0.5474987183431691,1.0949974366863382,7.34000111,1.29020202,8.23999977,1.91391814
7.7899997249999995,1.613883495,0.5483778953817235,0.5483778953817235,1.096755790763447,7.34000063,1.30048418,8.23999882,1.92728281
7.7823534,1.62038791,0.5399402679473003,0.5399402679473003,1.0798805358946006,7.34000015,1.31077671,8.22470665,1.92999911
7.77281475,1.625539125,0.5291734872900186,0.5291734872900186,1.0583469745800371,7.34000015,1.32107878,8.20562935,1.92999947
7.7649998700000005,1.63187343,0.5204931102750424,0.5204931102750424,1.0409862205500848,7.34000111,1.33139193,8.18999863,1.93235493
7.7649998700000005,1.643736955,0.521384363302737,0.521384363302737,1.042768726605474,7.34000111,1.34171426,8.18999863,1.94575965
7.76499939,1.655632555,0.5222926147276187,0.5222926147276187,1.0445852294552374,7.34000015,1.3520453,8.18999863,1.95921981
7.76499963,1.667562485,0.5232166638505719,0.5232166638505719,1.0464333277011437,7.34000063,1.3623879,8.18999863,1.97273707
7.765000105,1.67952901,0.5241576564269124,0.5241576564269124,1.0483153128538247,7.34000158,1.37274325,8.18999863,1.98631477
7.76285982,1.689976395,0.5277623297296933,0.5277623297296933,1.0555246594593866,7.33572006,1.38000107,8.18999958,1.99995172
7.75575757,1.696824905,0.5375342750382262,0.5375342750382262,1.0750685500764523,7.32151651,1.38000035,8.18999863,2.01364946
7.7487247,1.7037068,0.5472741516308228,0.5472741516308228,1.0945483032616456,7.30744982,1.38000095,8.18999958,2.02741265
7.73414135,1.705000045,0.547513185477781,0.547513185477781,1.095026370955562,7.29352093,1.38000107,8.17476177,2.02999902
7.723059655,1.70881033,0.5391675767527808,0.5391675767527808,1.0783351535055616,7.29000187,1.38762093,8.15611744,2.02999973
7.71499944,1.714821635,0.5301857083977073,0.5301857083977073,1.0603714167954146,7.29000044,1.39784729,8.13999844,2.03179598
7.715000155,1.726851225,0.5312561551152305,0.5312561551152305,1.062512310230461,7.29000187,1.40808868,8.13999844,2.04561377
7.714999915,1.7389181850000002,0.5323488080555631,0.5323488080555631,1.0646976161111261,7.29000044,1.41833949,8.13999939,2.05949688
7.714999915,1.75102854,0.5334607430890109,0.5334607430890109,1.0669214861780218,7.29000044,1.42860675,8.13999939,2.07345033
7.71500087,1.763184015,0.534592411570825,0.534592411570825,1.06918482314165,7.29000235,1.43889201,8.13999939,2.08747602
7.71499968,1.775381505,0.5357472762712832,0.5357472762712832,1.0714945525425663,7.29000092,1.44918954,8.13999844,2.10157347
7.71499944,1.7876238199999999,0.5369238607181475,0.5369238607181475,1.073847721436295,7.29000044,1.45950329,8.13999844,2.11574435
7.714999915,1.7999121550000001,0.5381223572203238,0.5381223572203238,1.0762447144406475,7.29000139,1.46983349,8.13999844,2.12999082
7.705720424999999,1.804999415,0.5278649447589651,0.5278649447589651,1.0557298895179301,7.28976727,1.48000038,8.12167358,2.12999845
7.690022705,1.80499995,0.5258876463651834,0.5258876463651834,1.0517752927303667,7.27658224,1.48000026,8.10346317,2.12999964
7.6767671150000005,1.8068290949999999,0.5268555315282943,0.5268555315282943,1.0537110630565887,7.26353598,1.48000073,8.08999825,2.13365746
7.670312165,1.8139917850000002,0.5363646817711388,0.5363646817711388,1.0727293635422777,7.25062513,1.48000097,8.0899992,2.1479826
7.6650002,1.82205665,0.5444726338795337,0.5444726338795337,1.0889452677590674,7.2400012,1.48172402,8.0899992,2.16238928
7.66499925,1.8343991050000001,0.5458179469801273,0.5458179469801273,1.0916358939602546,7.24000025,1.49191833,8.08999825,2.17687988
7.6649997249999995,1.8467964549999998,0.5471900471999661,0.5471900471999661,1.0943800943999322,7.24000025,1.50213373,8.0899992,2.19145918
7.664999725,1.859245,0.5485875827531083,0.5485875827531083,1.0971751655062165,7.2400012,1.51236665,8.08999825,2.20612335
7.664999965,1.8717497600000002,0.5500134765045345,0.5500134765045345,1.100026953009069,7.24000168,1.52262044,8.08999825,2.22087908
7.66153455,1.8814462449999998,0.5469737085929915,0.5469737085929915,1.093947417185983,7.24000025,1.53289342,8.08306885,2.22999907
7.6525821700000005,1.88659418,0.5367956587050163,0.5367956587050163,1.0735913174100327,7.24000168,1.54318929,8.06516266,2.22999907
7.64368701,1.89175403,0.5266612724253881,0.5266612724253881,1.0533225448507761,7.2400012,1.55350876,8.04737282,2.2299993
7.640000105,1.90126735,0.5233046820741257,0.5233046820741257,1.0466093641482515,7.2400012,1.56385267,8.03999901,2.23868203
7.63999963,1.91393214,0.5247886773228456,0.5247886773228456,1.0495773546456912,7.24000025,1.57422101,8.03999901,2.25364327
7.63730168,1.9243535999999999,0.5298533147929797,0.5298533147929797,1.0597066295859594,7.2346034,1.58000112,8.03999996,2.26870608
7.63126826,1.931936385,0.5393701903743798,0.5393701903743798,1.0787403807487597,7.22253656,1.58000088,8.03999996,2.28387189
7.625302315,1.939573165,0.5488770599241143,0.5488770599241143,1.0977541198482286,7.21060467,1.58000135,8.03999996,2.29914498
7.619404554999999,1.9472637750000001,0.5583752944630779,0.5583752944630779,1.1167505889261558,7.19880915,1.58000028,8.03999996,2.31452727
7.61498642,1.9562538849999997,0.5659482307518761,0.5659482307518761,1.1318964615037521,7.19000149,1.58250904,8.03997135,2.32999873
7.606176135,1.96136546,0.5559606302784927,0.5559606302784927,1.1119212605569855,7.19000101,1.59273219,8.02235126,2.32999873
7.597424269999999,1.966492175,0.5460145157306857,0.5460145157306857,1.0920290314613714,7.19000006,1.60298514,8.00484848,2.32999921
7.589999915,1.9727718799999998,0.537813641814812,0.537813641814812,1.075627283629624,7.19000006,1.61326718,7.98999977,2.33227658
7.589999675,1.9857506150000002,0.539599569552806,0.539599569552806,1.079199139105612,7.19000006,1.62357938,7.98999929,2.34792185
7.58999944,1.9988071349999998,0.5414233893009375,0.5414233893009375,1.082846778601875,7.19000006,1.63392389,7.98999882,2.36369038
7.589999434999999,2.011944295,0.5432861911433845,0.5432861911433845,1.086572382286769,7.19000053,1.64430213,7.98999834,2.37958646
7.58156896,2.0173561,0.5336987760033304,0.5336987760033304,1.0673975520066608,7.19000149,1.65471399,7.97313643,2.37999821
7.57297468,2.02257997,0.523848906602351,0.523848906602351,1.047697813204702,7.19000053,1.66516078,7.95594883,2.37999916
7.5650000550000005,2.028346775,0.514804602133726,0.514804602133726,1.029609204267452,7.19000053,1.67564416,7.93999958,2.38104939
7.56174636,2.03856206,0.5211913622116985,0.5211913622116985,1.042382724423397,7.18349457,1.68000102,7.93999815,2.3971231
7.556244375,2.0466688299999998,0.5307654648865666,0.5307654648865666,1.0615309297731332,7.1724906,1.68000138,7.93999815,2.41333628
7.55080724,2.0548493850000003,0.5403527006475254,0.5403527006475254,1.0807054012950508,7.16161633,1.68000078,7.93999815,2.42969799
7.545437809999999,2.0631039749999998,0.5499512648876275,0.5499512648876275,1.099902529775255,7.15087652,1.68000114,7.9399991,2.44620681
7.540133955,2.07143545,0.5595653947896223,0.5595653947896223,1.1191307895792446,7.14026833,1.68000102,7.93999958,2.46286988
7.539999485,2.0848823800000003,0.562023956623074,0.562023956623074,1.124047913246148,7.14000034,1.69007659,7.93999863,2.47968817
7.53162384,2.090228855,0.5525305093560681,0.5525305093560681,1.1050610187121361,7.14000082,1.70045793,7.92324686,2.47999978
7.523150685,2.0954402649999997,0.5428527448820809,0.5428527448820809,1.0857054897641618,7.1400013,1.71088123,7.90630007,2.4799993
7.515000819999999,2.100943625,0.5335864211755376,0.5335864211755376,1.0671728423510751,7.14000177,1.7213515,7.88999987,2.48053575
7.515000105,2.114735065,0.535920533715929,0.535920533715929,1.071841067431858,7.1400013,1.73186862,7.88999891,2.49760151
7.514999625,2.128638865,0.5383105751288603,0.5383105751288603,1.0766211502577205,7.14000034,1.7424345,7.88999891,2.51484323
7.514999865,2.14266211,0.5407556733060909,0.5407556733060909,1.0815113466121817,7.14000082,1.75305665,7.88999891,2.53226757
7.5149998700000005,2.15680629,0.5432579519594473,0.5432579519594473,1.0865159039188945,7.1400013,1.7637347,7.88999844,2.54987788
7.515000345,2.171076235,0.5458203635507453,0.5458203635507453,1.0916407271014905,7.1400013,1.77447116,7.88999939,2.56768131
7.509869815,2.18000007,0.5481593246414229,0.5481593246414229,1.0963186492828458,7.1350646,1.78000045,7.88467503,2.57999969
7.496424435,2.17999983,0.5458349398522547,0.5458349398522547,1.0916698797045095,7.1250267,1.78000045,7.86782217,2.57999921
7.48310113,2.17999947,0.5435205991834008,0.5435205991834008,1.0870411983668016,7.11511278,1.78000045,7.85108948,2.57999849
7.47265959,2.18303108,0.5453186817841328,0.5453186817841328,1.0906373635682656,7.10531998,1.77999997,7.8399992,2.58606219
7.467822555,2.192196725,0.5553563855101319,0.5553563855101319,1.1107127710202638,7.09564686,1.78000021,7.83999825,2.60439324
7.464999915,2.2036564949999997,0.5625194533461472,0.5625194533461472,1.1250389066922943,7.09000015,1.78436744,7.83999968,2.62294555
7.465000395000001,2.21838975,0.565538341975813,0.565538341975813,1.131076683951626,7.09000111,1.79505873,7.83999968,2.64172077
7.465000395000001,2.233276605,0.5686302526711705,0.5686302526711705,1.137260505342341,7.09000111,1.8058238,7.83999968,2.66072941
7.464999915,2.24832225,0.5717956711441219,0.5717956711441219,1.1435913422882438,7.09000111,1.81666708,7.83999872,2.67997742
7.456624744999999,2.253793955,0.562195944868548,0.562195944868548,1.124391889737096,7.09000063,1.82758856,7.82324886,2.67999935
7.444639685,2.254999815,0.5582458424493201,0.5582458424493201,1.1164916848986401,7.08268166,1.83000004,7.80659771,2.67999959
7.431729795000001,2.25499952,0.5558984141300355,0.5558984141300355,1.111796828260071,7.07340145,1.83000088,7.79005814,2.67999816
7.427116155,2.264804485,0.5663379045645818,0.5663379045645818,1.1326758091291635,7.06423235,1.83000112,7.78999996,2.69960785
7.422587155,2.27477664,0.576902985452767,0.576902985452767,1.153805970905534,7.0551753,1.83000076,7.78999901,2.71955252
7.414118054999999,2.279999015,0.581241450023324,0.581241450023324,1.162482900046648,7.04622889,1.82999992,7.78200722,2.72999811
7.402750255,2.2816122749999996,0.5767480840634711,0.5767480840634711,1.1534961681269422,7.04000044,1.83322525,7.76550007,2.7299993
7.39455366,2.2870817199999998,0.5673485645408227,0.5673485645408227,1.1346971290816454,7.04000044,1.84416366,7.74910688,2.72999978
7.390000105,2.297130645,0.5637377030249789,0.5637377030249789,1.1274754060499579,7.04000044,1.85520256,7.73999977,2.73905873
7.390000105,2.31306791,0.5675049159626745,0.5675049159626745,1.135009831925349,7.04000044,1.86634421,7.73999977,2.75979161
7.389999865,2.32921964,0.5713671978750697,0.5713671978750697,1.1427343957501395,7.04000044,1.87759936,7.73999929,2.78083992
7.386563775,2.3411058750000002,0.58097655749099,0.58097655749099,1.16195311498198,7.03312826,1.88000166,7.73999929,2.80221009
7.382248165,2.35195714,0.5922242276172295,0.5922242276172295,1.184448455234459,7.02449656,1.88000023,7.73999977,2.82391405
7.372000695,2.35500014,0.5936193719919752,0.5936193719919752,1.1872387439839505,7.01596689,1.88000131,7.7280345,2.82999897
7.359550715,2.3549996650000002,0.5912169721661745,0.5912169721661745,1.182433944332349,7.00753641,1.88000131,7.71156502,2.82999802
7.347204685,2.35499978,0.5888365561175078,0.5888365561175078,1.1776731122350157,6.99920464,1.88000035,7.69520473,2.82999921
7.340485815,2.362627385,0.5958924660550727,0.5958924660550727,1.1917849321101455,6.990973,1.88000059,7.68999863,2.84525418
7.33641934,2.373996735,0.6074951553061552,0.6074951553061552,1.2149903106123103,6.98283958,1.88000107,7.6899991,2.8679924
7.33240056,2.38555962,0.6192467418489334,0.6192467418489334,1.2384934836978667,6.97480202,1.88000071,7.6899991,2.89111853
7.328428745,2.3973285,0.6311583717545807,0.6311583717545807,1.2623167435091613,6.96685791,1.88000131,7.68999958,2.91465569
7.321528434999999,2.404999795,0.6380017040635019,0.6380017040635019,1.2760034081270037,6.95900583,1.88000119,7.68405104,2.9299984
7.30936527,2.404999255,0.6355100908518914,0.6355100908518914,1.2710201817037827,6.95124626,1.88000035,7.66748428,2.92999816
7.297298195,2.40499997,0.6330432463148038,0.6330432463148038,1.2660864926296076,6.94357634,1.88000035,7.65102005,2.92999959
7.2900002,2.412021755,0.631806610978627,0.631806610978627,1.263613221957254,6.94000101,1.8860178,7.63999939,2.93802571
7.2900002,2.43018514,0.6373839613122604,0.6373839613122604,1.2747679226245208,6.94000101,1.89749491,7.63999939,2.96287537
7.2899997249999995,2.44867057,0.6431189716490088,0.6431189716490088,1.2862379432980175,6.94000006,1.90913165,7.63999939,2.98820949
7.289999959999999,2.46749002,0.6490136726007181,0.6490136726007181,1.2980273452014361,6.94000101,1.92093766,7.63999891,3.01404238
7.28578782,2.47999978,0.6506517930894354,0.6506517930894354,1.3013035861788709,6.93815422,1.93000102,7.63342142,3.02999854
7.273656604999999,2.480000135,0.6482250998290804,0.6482250998290804,1.2964501996581608,6.93058777,1.93000054,7.61672544,3.02999973
7.261615515,2.479999425,0.6458238899119416,0.6458238899119416,1.2916477798238832,6.92310524,1.93000007,7.60012579,3.02999878
7.252851725,2.4852495799999996,0.6495924145140918,0.6495924145140918,1.2991848290281836,6.91570425,1.93000019,7.5899992,3.04049897
7.24919152,2.49901974,0.6632737929477701,0.6632737929477701,1.3265475858955402,6.90838432,1.93000078,7.58999872,3.0680387
7.24079037,2.505000355,0.6678198256466384,0.6678198256466384,1.3356396512932769,6.90114403,1.9300015,7.58043671,3.07999921
7.22889185,2.50499958,0.6654248168342983,0.6654248168342983,1.3308496336685967,6.8939805,1.92999995,7.5638032,3.07999921
7.21708131,2.50499928,0.6630578795362824,0.6630578795362824,1.3261157590725647,6.88689661,1.93000031,7.54726601,3.07999825
7.20994258,2.5131107,0.6700415462067446,0.6700415462067446,1.3400830924134892,6.87988615,1.92999971,7.53999901,3.09622169
7.2064752599999995,2.527893005,0.6846264295392499,0.6846264295392499,1.3692528590784998,6.87295151,1.93000066,7.53999901,3.12578535
7.20304513,2.543034375,0.6995349545959972,0.6995349545959972,1.3990699091919945,6.86609077,1.93000019,7.53999949,3.15606856
7.197729585,2.5550004250000002,0.7107422871766093,0.7107422871766093,1.4214845743532185,6.85930538,1.9300015,7.53615379,3.17999935
7.185915945,2.5550004250000002,0.7083288703202446,0.7083288703202446,1.4166577406404892,6.85259008,1.9300015,7.51924181,3.17999935
7.17417979,2.55499917,0.7059473130132817,0.7059473130132817,1.4118946260265635,6.8459444,1.93000066,7.50241518,3.17999768
7.164999485,2.55979097,0.7076184519798916,0.7076184519798916,1.4152369039597832,6.83999968,1.93122196,7.48999929,3.18835998
7.164999959999999,2.58262402,0.7165392495451505,0.7165392495451505,1.433078499090301,6.84000063,1.94402874,7.48999929,3.2212193
7.15874672,2.5935561050000002,0.711800482814019,0.711800482814019,1.423600965628038,6.84000015,1.95711243,7.47749329,3.22999978
7.15030003,2.60024643,0.7020495032823015,0.7020495032823015,1.404099006564603,6.84000111,1.97049403,7.46059895,3.22999883
7.1408781999999995,2.60499978,0.694532419380497,0.694532419380497,1.389064838760994,6.83797216,1.98000121,7.44378424,3.22999835
7.135661125,2.61858636,0.7073987858717036,0.7073987858717036,1.4147975717434071,6.83132267,1.98000109,7.43999958,3.25717163
7.129280325,2.630000235,0.7178050875243271,0.7178050875243271,1.4356101750486543,6.8247385,1.98000145,7.43382215,3.27999902
7.11752939,2.629999995,0.7156017037267093,0.7156017037267093,1.4312034074534186,6.81821632,1.98000193,7.41684246,3.27999806
7.1058478350000005,2.6300005300000002,0.713435163175161,0.713435163175161,1.426870326350322,6.8117547,1.98000133,7.39994097,3.27999973
7.0976762749999995,2.63774729,0.7197789919501008,0.7197789919501008,1.4395579839002015,6.80535364,1.98000169,7.38999891,3.29549289
7.093596935,2.65499997,0.7364806444113365,0.7364806444113365,1.472961288822673,6.79901123,1.98000145,7.38818264,3.32999849
7.08191347,2.65499949,0.7343384596299622,0.7343384596299622,1.4686769192599245,6.79272556,1.98000073,7.37110138,3.32999825
7.0702950950000005,2.654999675,0.732231431415921,0.732231431415921,1.464462862831842,6.78649807,1.98000181,7.35409212,3.32999754
7.06016231,2.658450305,0.7338963862107383,0.7338963862107383,1.4677927724214765,6.78032494,1.9799999,7.33999968,3.33690071
7.057103875,2.679369095,0.7544177864944129,0.7544177864944129,1.5088355729888259,6.77420855,1.9800005,7.3399992,3.37873769
7.054072145,2.701043185,0.7756652655194948,0.7756652655194948,1.5513305310389895,6.76814461,1.98000085,7.33999968,3.42208552
7.04387283,2.70500046,0.7778173621863879,0.7778173621863879,1.5556347243727757,6.76213455,1.98000157,7.32561111,3.42999935
7.0321626649999995,2.7050000450000002,0.7757531727474678,0.7757531727474678,1.5515063454949356,6.75617599,1.9800005,7.30814934,3.42999959
7.020513060000001,2.704999805,0.7737268831352344,0.7737268831352344,1.5474537662704688,6.75026989,1.98000193,7.29075623,3.42999768
7.01720524,2.727716445,0.7959240757682469,0.7959240757682469,1.5918481515364937,6.74441099,1.98000097,7.28999949,3.47543192
7.006301405,2.72999978,0.7963428070855364,0.7963428070855364,1.5926856141710728,6.73860073,1.98000097,7.27400208,3.47999859
6.99461913,2.72999948,0.7943725346941458,0.7943725346941458,1.5887450693882916,6.7328372,1.98000085,7.25640106,3.47999811
6.983559845,2.7316678149999998,0.7942064843642749,0.7942064843642749,1.5884129687285498,6.72711992,1.98000133,7.23999977,3.4833343
6.979745384999999,2.755000055,0.8169091678879271,0.8169091678879271,1.6338183357758542,6.72144651,1.98000181,7.23804426,3.5299983
6.968023540000001,2.754998805,0.8150036985097454,0.8150036985097454,1.6300073970194908,6.71581745,1.98000002,7.22022963,3.52999759
6.956351045,2.754999165,0.8131408801575706,0.8131408801575706,1.6262817603151412,6.71023083,1.9800005,7.20247126,3.52999783
6.94734311,2.763442095,0.8201598099456165,0.8201598099456165,1.640319619891233,6.70468712,1.98000085,7.1899991,3.54688334
6.9407033899999995,2.779999495,0.8356616216163847,0.8356616216163847,1.6713232432327694,6.69918489,1.98000002,7.18222189,3.57999897
6.92897868,2.779999615,0.8338721242216446,0.8338721242216446,1.6677442484432892,6.69372129,1.98000169,7.16423607,3.57999754
6.918152335,2.78297824,0.8290333345394137,0.8290333345394137,1.6580666690788275,6.69000006,1.98595703,7.14630461,3.57999945
6.914999965,2.813524845,0.8387939044240246,0.8387939044240246,1.6775878088480491,6.69000006,2.00547147,7.13999987,3.62157822
6.907061580000001,2.8279854049999997,0.8308666998481863,0.8308666998481863,1.6617333996963726,6.69000006,2.02597308,7.1241231,3.62999773
6.89566898,2.8299996849999998,0.8271728624926236,0.8271728624926236,1.6543457249852471,6.68538713,2.03000188,7.10595083,3.62999749
6.884859085,2.834265115,0.8300146475120279,0.8300146475120279,1.6600292950240558,6.67971849,2.03000045,7.08999968,3.63852978
6.87809658,2.85499966,0.8498486953760004,0.8498486953760004,1.6996973907520008,6.67408609,2.03000116,7.08210707,3.67999816
6.8660872,2.85499978,0.8483313066594816,0.8483313066594816,1.6966626133189633,6.66848946,2.03000212,7.06368494,3.67999744
6.85411191,2.854999185,0.8468629015662814,0.8468629015662814,1.6937258031325628,6.66292334,2.02999997,7.04530048,3.6799984
6.8421731,2.854999065,0.8454394481268257,0.8454394481268257,1.6908788962536514,6.65739012,2.03000021,7.02695608,3.67999792
6.830269575,2.855000255,0.8440637015618302,0.8440637015618302,1.6881274031236604,6.65188789,2.03000116,7.00865126,3.67999935
6.81839919,2.8549993049999998,0.8427343574633704,0.8427343574633704,1.6854687149267409,6.64641523,2.03000069,6.99038315,3.67999792
6.811580415,2.8800001149999996,0.8669507567508885,0.8669507567508885,1.733901513501777,6.64097261,2.03000212,6.98218822,3.72999811
6.799582485,2.880000235,0.8656799934568041,0.8656799934568041,1.7313599869136083,6.63555861,2.0300014,6.96360636,3.72999907
6.787614585,2.87999928,0.8644567019601842,0.8644567019601842,1.7289134039203684,6.63017321,2.03000069,6.94505596,3.72999787
6.78011465,2.9049998500000003,0.8886730849414308,0.8886730849414308,1.7773461698828616,6.62481499,2.03000164,6.93541431,3.77999806
6.76801038,2.90500021,0.8875146901808464,0.8875146901808464,1.7750293803616928,6.61948204,2.03000212,6.91653872,3.7799983
6.75593209,2.9049989,0.8864074857857747,0.8864074857857747,1.7728149715715493,6.61417341,2.03000021,6.89769077,3.77999759
6.74388027,2.904999615,0.8853504100955863,0.8853504100955863,1.7707008201911727,6.60889053,2.03000069,6.87887001,3.77999854
6.73185277,2.905000805,0.8843433435112358,0.8843433435112358,1.7686866870224716,6.60363245,2.03000212,6.86007309,3.77999949
6.7198486299999995,2.9049989,0.8833875509678918,0.8833875509678918,1.7667751019357836,6.59839725,2.02999997,6.84130001,3.77999783
6.70786619,2.90500069,0.8824817133544169,0.8824817133544169,1.7649634267088339,6.59318447,2.03000236,6.82254791,3.77999902
6.69590378,2.90500021,0.8816283500783935,0.8816283500783935,1.763256700156787,6.58799267,2.03000093,6.80381489,3.77999949
6.68641162,2.92619467,0.902159426520312,0.902159426520312,1.804318853040624,6.58282328,2.03000212,6.78999996,3.82238722
6.674734835,2.930000185,0.9052172641976416,0.9052172641976416,1.8104345283952832,6.57767344,2.03000164,6.77179623,3.82999873
6.662632224999999,2.92999983,0.904495729348958,0.904495729348958,1.808991458697916,6.57254219,2.03000188,6.75272226,3.82999778
6.65054488,2.929999115,0.9038281058670947,0.9038281058670947,1.8076562117341894,6.56743002,2.03000069,6.73365974,3.82999754
6.638472795,2.929999235,0.9032129430344146,0.9032129430344146,1.8064258860688291,6.56233692,2.03000093,6.71460867,3.82999754
6.626411435,2.929999115,0.9026513432273491,0.9026513432273491,1.8053026864546982,6.55726051,2.03000045,6.69556236,3.82999778
6.614362715,2.930000185,0.9021423482287445,0.9021423482287445,1.804284696457489,6.5522027,2.03000188,6.67652273,3.82999849
6.602324250000001,2.92999971,0.9016881878798659,0.9016881878798659,1.8033763757597319,6.54716158,2.03000045,6.65748692,3.82999897
6.5902946,2.930000665,0.9012865930012524,0.9012865930012524,1.8025731860025047,6.54213572,2.03000164,6.63845348,3.82999969
6.57713032,2.90500021,0.9259655375954696,0.9259655375954696,1.8519310751909392,6.53483868,1.98000097,6.61942196,3.82999945
6.565309285,2.90500015,0.9256641349632062,0.9256641349632062,1.8513282699264124,6.53023243,1.98000085,6.60038614,3.82999945
6.553492305000001,2.90500027,0.9254174503109045,0.9254174503109045,1.850834900621809,6.52564001,1.98000205,6.5813446,3.82999849
6.541679145,2.90500039,0.9252283305142531,0.9252283305142531,1.8504566610285063,6.52106142,1.98000181,6.56229687,3.82999897
6.529867885,2.90499896,0.9250952457675613,0.9250952457675613,1.8501904915351226,6.51649475,1.98000038,6.54324102,3.82999754
6.51805711,2.904999855,0.9250195749503025,0.9250195749503025,1.850039149900605,6.51194096,1.9800005,6.52417326,3.82999921
6.50624585,2.904999195,0.9250000138864485,0.9250000138864485,1.850000027772897,6.50739908,1.9799999,6.50509262,3.82999849
6.494432685,2.90500027,0.9250378870650747,0.9250378870650747,1.8500757741301495,6.50286865,1.98000085,6.48599672,3.82999969
6.48261833,2.90500027,0.9251331887064763,0.9251331887064763,1.8502663774129526,6.49835014,1.98000085,6.46688652,3.82999969
6.470798015,2.90499896,0.9252855915336835,0.9252855915336835,1.850571183067367,6.4938426,1.98000038,6.44775343,3.82999754
6.4597916600000005,2.880000175,0.9004834284398157,0.9004834284398157,1.8009668568796313,6.48934412,1.98000181,6.4302392,3.77999854
6.4481544500000005,2.87999898,0.9007470328115987,0.9007470328115987,1.8014940656231975,6.48485422,1.9799999,6.41145468,3.77999806
6.436508180000001,2.880000115,0.901068150268382,0.901068150268382,1.802136300536764,6.48037243,1.98000026,6.39264393,3.77999997
6.424853325,2.880001005,0.9014452747654423,0.9014452747654423,1.8028905495308847,6.47590113,1.98000228,6.37380552,3.77999973
6.4131860750000005,2.880000055,0.9018811013745995,0.9018811013745995,1.803762202749199,6.4714365,1.98000205,6.35493565,3.77999806
6.403323175000001,2.85499966,0.877310831044957,0.877310831044957,1.754621662089914,6.46697855,1.98000121,6.3396678,3.72999811
6.391829015,2.854998765,0.8778504000579419,0.8778504000579419,1.7557008001158838,6.46252775,1.9799999,6.32113028,3.72999763
6.38032246,2.85499996,0.8784485082297759,0.8784485082297759,1.7568970164595519,6.45808554,1.98000014,6.30255938,3.72999978
6.36879468,2.85500026,0.8791028691541389,0.8791028691541389,1.7582057383082779,6.45364618,1.98000193,6.28394318,3.72999859
6.357249735,2.85499883,0.8798181174881913,0.8798181174881913,1.7596362349763826,6.44921398,1.98000026,6.26528549,3.7299974
6.345685005,2.855000075,0.8805919926255571,0.8805919926255571,1.7611839852511142,6.44478655,1.98000228,6.24658346,3.72999787
6.3371331699999995,2.829999145,0.8562438811187878,0.8562438811187878,1.7124877622375756,6.44036341,1.98000085,6.23390293,3.67999744
6.325728655,2.829998795,0.8571143184083748,0.8571143184083748,1.7142286368167496,6.43594503,1.98000038,6.21551228,3.67999721
6.314298395,2.829999325,0.8580444219120797,0.8580444219120797,1.7160888438241595,6.43152905,1.98000097,6.19706774,3.67999768
6.302843095,2.82999992,0.8590345059779745,0.8590345059779745,1.718069011955949,6.42711735,1.98000216,6.17856884,3.67999768
6.2913610900000005,2.8299999849999997,0.8600865747997082,0.8600865747997082,1.7201731495994164,6.42270803,1.98000181,6.16001415,3.67999816
6.279849049999999,2.829999565,0.8612000293589851,0.8612000293589851,1.7224000587179702,6.41830158,1.98000169,6.14139652,3.67999744
6.272587775,2.805000425,0.8370129565726214,0.8370129565726214,1.6740259131452428,6.41389656,1.98000193,6.13127899,3.62999892
6.2612216499999995,2.80500096,0.8382165141666438,0.8382165141666438,1.6764330283332876,6.40949202,1.98000228,6.11295128,3.62999964
6.24982357,2.804998995,0.8394823878512865,0.8394823878512865,1.678964775702573,6.40509033,1.98000026,6.09455681,3.62999773
6.238389015,2.8049991149999998,0.8408116806232202,0.8408116806232202,1.6816233612464404,6.40068865,1.98000026,6.07608938,3.62999797
6.226917029999999,2.805000605,0.8422046246208695,0.8422046246208695,1.684409249241739,6.39628649,1.98000205,6.05754757,3.62999916
6.215942145,2.802491665,0.8410985802600557,0.8410985802600557,1.6821971605201114,6.39188385,1.98000073,6.04000044,3.6249826
6.210679535,2.774343075,0.8253697875698801,0.8253697875698801,1.6507395751397602,6.38999987,1.96868837,6.0313592,3.57999778
6.201504229999999,2.765038255,0.8364759198408054,0.8364759198408054,1.6729518396816108,6.38999987,1.9500773,6.01300859,3.57999921
6.192286494999999,2.75641173,0.8469860297428765,0.8469860297428765,1.693972059485753,6.38999987,1.93282521,5.99457312,3.57999825
6.18138003,2.75499958,0.8501685829306195,0.8501685829306195,1.700337165861239,6.3867135,1.92999971,5.97604656,3.57999945
6.17008781,2.7549996400000003,0.8519665126083588,0.8519665126083588,1.7039330252167175,6.3827486,1.93000126,5.95742702,3.57999802
6.159392835,2.75257814,0.8513329965219987,0.8513329965219987,1.7026659930439974,6.37878561,1.93000007,5.94000006,3.57515621
6.154249195,2.7299996,0.8298498675427036,0.8298498675427036,1.6596997350854072,6.37482405,1.93000114,5.93367434,3.52999806
6.143032315,2.730000375,0.8318079523070874,0.8318079523070874,1.6636159046141747,6.37086344,1.93000197,5.91520119,3.52999878
6.131762504999999,2.730000075,0.8338391622160511,0.8338391622160511,1.6676783244321023,6.36690283,1.93000209,5.89662218,3.52999806
6.120438099999999,2.72999984,0.8359459510185622,0.8359459510185622,1.6718919020371243,6.3629427,1.93000162,5.8779335,3.52999806
6.109054565,2.72999972,0.8381310367029566,0.8381310367029566,1.6762620734059133,6.35898256,1.92999995,5.85912657,3.52999949
6.097610235,2.729999545,0.8403929646417337,0.8403929646417337,1.6807859292834675,6.35502195,1.92999983,5.84019852,3.52999926
6.09438276,2.7049999199999997,0.8163989210750506,0.8163989210750506,1.6327978421501013,6.35105991,1.93000054,5.83770561,3.4799993
6.083049055,2.704999625,0.8187463248488729,0.8187463248488729,1.6374926496977458,6.34709787,1.93000042,5.81900024,3.47999883
6.071649075,2.704999505,0.8211743032059057,0.8211743032059057,1.6423486064118114,6.34313393,1.93000066,5.80016422,3.47999835
6.060180905,2.705000695,0.823685204318968,0.823685204318968,1.647370408637936,6.33916855,1.93000185,5.78119326,3.47999954
6.04864192,2.704999505,0.8262805002495033,0.8262805002495033,1.6525610004990066,6.33520126,1.93000066,5.76208258,3.47999835
6.037032125,2.704999865,0.8289624013602226,0.8289624013602226,1.6579248027204452,6.33123302,1.93000019,5.74283123,3.47999954
6.03362942,2.6837300649999998,0.8089038149598162,0.8089038149598162,1.6178076299196325,6.32725859,1.93000114,5.74000025,3.43745899
6.023566004999999,2.6800006,0.8076671543126248,0.8076671543126248,1.6153343086252496,6.32327938,1.93000185,5.72385263,3.42999935
6.01197028,2.679999885,0.810522438287318,0.810522438287318,1.621044876574636,6.31929445,1.9300009,5.70464611,3.42999887
6.0002913499999995,2.6800001250000003,0.8134679967288238,0.8134679967288238,1.6269359934576475,6.31530142,1.9300009,5.68528128,3.42999935
5.988527775,2.679999645,0.8165038105406874,0.8165038105406874,1.6330076210813749,6.3112998,1.93000185,5.66575575,3.42999744
5.976675745,2.680000305,0.819636145634341,0.819636145634341,1.639272291268682,6.30728912,1.9300015,5.64606237,3.42999911
5.97163415,2.66471076,0.8060900288408119,0.8060900288408119,1.6121800576816239,6.30326796,1.92999983,5.64000034,3.39942169
5.964249375,2.654999975,0.7986487313647392,0.7986487313647392,1.5972974627294785,6.29923487,1.93000031,5.62926388,3.37999964
5.952383279999999,2.654999675,0.8019592649284458,0.8019592649284458,1.6039185298568917,6.29518652,1.92999995,5.60958004,3.3799994
5.940562249999999,2.654706065,0.8050403604911883,0.8050403604911883,1.6100807209823766,6.29112387,1.93000162,5.59000063,3.37941051
5.93852329,2.6344481699999998,0.7859483714138459,0.7859483714138459,1.5718967428276918,6.28704643,1.93000054,5.59000015,3.3388958
5.9288330049999995,2.6299994,0.7844738365718287,0.7844738365718287,1.5689476731436574,6.28295135,1.92999983,5.57471466,3.32999897
5.91683483,2.630000235,0.7880627573756317,0.7880627573756317,1.5761255147512634,6.27883577,1.9300015,5.55483389,3.32999897
5.904728175,2.629999695,0.7917566607605533,0.7917566607605533,1.5835133215211066,6.27470064,1.93000042,5.53475571,3.32999897
5.892508985,2.6299992199999997,0.7955554627878735,0.7955554627878735,1.591110925575747,6.27054405,1.93000066,5.51447392,3.32999778
5.880171775,2.6300002350000002,0.7994642001996465,0.7994642001996465,1.598928400399293,6.26636314,1.93000078,5.49398041,3.32999969
5.876080035,2.6151591549999997,0.7864465968366626,0.7864465968366626,1.5728931936733253,6.26215935,1.9300015,5.49000072,3.30031681
5.86952138,2.60499966,0.778770761922308,0.778770761922308,1.557541523844616,6.25792933,1.93000102,5.48111343,3.2799983
5.857114555,2.6049998399999996,0.7828675035125113,0.7828675035125113,1.5657350070250227,6.2536726,1.93000114,5.46055651,3.27999854
5.844576355,2.605000615,0.7870787981822326,0.7870787981822326,1.5741575963644652,6.2493844,1.93000174,5.43976831,3.27999949
5.83190775,2.60499966,0.7914062351413756,0.7914062351413756,1.5828124702827513,6.24506712,1.93000102,5.41874838,3.2799983
5.819099905,2.60500002,0.7958531997994075,0.7958531997994075,1.591706399598815,6.24071503,1.9300015,5.39748478,3.27999854
5.81499958,2.591111065,0.790784992602407,0.790784992602407,1.581569985204814,6.23999882,1.92424035,5.39000034,3.25798178
5.813351395,2.57377398,0.7827258114232805,0.7827258114232805,1.565451622846561,6.23999882,1.91754866,5.38670397,3.2299993
5.802660704999999,2.57052958,0.7913062424348549,0.7913062424348549,1.5826124848697098,6.24000025,1.91106033,5.36532116,3.22999883
5.791835069999999,2.56738514,0.7999426119710041,0.7999426119710041,1.5998852239420083,6.23999977,1.90477169,5.34367037,3.22999859
5.789999959999999,2.5510993600000003,0.7925707954547756,0.7925707954547756,1.5851415909095512,6.23999977,1.8986665,5.34000015,3.20353222
5.787350655,2.5363687849999996,0.7868616247917346,0.7868616247917346,1.5737232495834692,6.23999977,1.89273846,5.33470154,3.17999911
5.776445625,2.53348905,0.7955237352541853,0.7955237352541853,1.5910474705083706,6.23999977,1.88697875,5.31289148,3.17999935
5.76539588,2.5306893599999998,0.8042700507547622,0.8042700507547622,1.6085401015095244,6.23999929,1.88138056,5.29079247,3.17999816
5.75268388,2.52999961,0.810576173259799,0.810576173259799,1.621152346519598,6.23697138,1.88000011,5.26839638,3.17999911
5.739289045,2.529999675,0.8161730748207189,0.8161730748207189,1.6323461496414378,6.23288822,1.88000095,5.24568987,3.1799984
5.7257132550000005,2.5300005050000003,0.8219202248661308,0.8219202248661308,1.6438404497322616,6.22875834,1.88000166,5.22266817,3.17999935
5.711949345000001,2.5299997899999997,0.8278223068060854,0.8278223068060854,1.6556446136121707,6.22458076,1.88000071,5.19931793,3.17999887
5.70517468,2.5210593350000003,0.8224108720045057,0.8224108720045057,1.6448217440090114,6.22034883,1.88000143,5.19000053,3.16211724
5.703031299999999,2.506546975,0.8097901890439555,0.8097901890439555,1.619580378087911,6.21606159,1.88000083,5.19000101,3.13309312
5.690313339999999,2.50499928,0.813931920715993,0.813931920715993,1.627863841431986,6.21171618,1.87999988,5.1689105,3.12999868
5.67611909,2.5049992199999997,0.8202355902924403,0.8202355902924403,1.6404711805848806,6.20730925,1.88000047,5.14492893,3.12999797
5.661708835,2.504999695,0.8267090453224769,0.8267090453224769,1.6534180906449538,6.20284081,1.88000047,5.12057686,3.12999892
5.64707589,2.505000115,0.8333531976907288,0.8333531976907288,1.6667063953814576,6.19830465,1.88000059,5.09584713,3.12999964
5.6418488,2.494270205,0.8257494894243769,0.8257494894243769,1.6514989788487537,6.19369602,1.88000083,5.09000158,3.10853958
5.640000105,2.47997683,0.8147155205452589,0.8147155205452589,1.6294310410905177,6.1899991,1.87892568,5.09000111,3.08102798
5.627917765,2.476920605,0.824403026145666,0.824403026145666,1.648806052291332,6.18999958,1.87384152,5.06583595,3.07999969
5.615156175,2.47442901,0.8349595203697472,0.8349595203697472,1.6699190407394944,6.18999815,1.86885977,5.0403142,3.07999825
5.6021773800000005,2.4719849199999997,0.84570311513411,0.84570311513411,1.69140623026822,6.18999815,1.86397135,5.01435661,3.07999849
5.59000039,2.468544725,0.8551795049042012,0.8551795049042012,1.7103590098084025,6.1899991,1.8591733,4.99000168,3.07791615
5.589999675,2.4528114800000003,0.8473608310050156,0.8473608310050156,1.6947216620100312,6.18999815,1.85446191,4.9900012,3.05116105
5.58740115,2.4399147,0.8433996350089097,0.8433996350089097,1.6867992700178194,6.1899991,1.8498311,4.9848032,3.0299983
5.5739519600000005,2.437639775,0.8546361651340637,0.8546361651340637,1.7092723302681274,6.18999863,1.84528053,4.95790529,3.02999902
5.56499958,2.43092233,0.8595728424572532,0.8595728424572532,1.7191456849145064,6.1899991,1.84080279,4.94000006,3.02104187
5.5650000550000005,2.415865065,0.8522973437424852,0.8522973437424852,1.7045946874849704,6.18999958,1.83639431,4.94000053,2.99533582
5.55955219,2.406026605,0.8525891754743244,0.8525891754743244,1.705178350948649,6.18999958,1.83205414,4.9291048,2.97999907
5.54432583,2.4049994349999997,0.8627356003316092,0.8627356003316092,1.7254712006632185,6.1875124,1.83000052,4.90113926,2.97999835
5.527644394999999,2.40500039,0.8715918623189756,0.8715918623189756,1.7431837246379511,6.18266201,1.830001,4.87262678,2.97999978
5.5106256049999995,2.40499997,0.8806884694833955,0.8806884694833955,1.761376938966791,6.17769957,1.8300004,4.84355164,2.97999954
5.506310225,2.39395237,0.8729323239805403,0.8729323239805403,1.7458646479610807,6.17261982,1.82999992,4.84000063,2.95790482
5.50370717,2.38157725,0.862985839609903,0.862985839609903,1.725971679219806,6.16741419,1.82999992,4.84000015,2.93315458
5.48804903,2.3799996400000003,0.8699499525881347,0.8699499525881347,1.7398999051762694,6.16207743,1.83000088,4.81402063,2.9299984
5.470111605,2.3799995149999997,0.8796448310366626,0.8796448310366626,1.7592896620733252,6.15660667,1.82999992,4.78361654,2.92999911
5.451780080000001,2.380000415,0.8896045692873131,0.8896045692873131,1.7792091385746263,6.15099192,1.83000124,4.75256824,2.92999959
5.43303704,2.379999935,0.8998449214839308,0.8998449214839308,1.7996898429678616,6.14523172,1.83000028,4.72084236,2.92999959
5.4150002,2.379142045,0.9098070909751911,0.9098070909751911,1.8196141819503822,6.13999891,1.82948232,4.69000149,2.92880177
5.414999965,2.3645622150000003,0.9037622864664789,0.9037622864664789,1.8075245729329579,6.13999844,1.82496655,4.69000149,2.90415788
5.414913895,2.350244345,0.8979918670886993,0.8979918670886993,1.7959837341773985,6.13999939,1.82048929,4.6898284,2.8799994
5.398225305,2.348025265,0.9128113503806219,0.9128113503806219,1.8256227007612438,6.13999891,1.81605113,4.6564517,2.8799994
5.381147385,2.345823105,0.928007795549797,0.928007795549797,1.856015591099594,6.13999844,1.81164753,4.62229633,2.87999868
5.36500025,2.342716515,0.9419774880132569,0.9419774880132569,1.8839549760265137,6.13999987,1.80727541,4.59000063,2.87815762
5.36500025,2.3284263650000003,0.9363574154853372,0.9363574154853372,1.8727148309706745,6.13999939,1.80293465,4.59000111,2.85391808
5.36499977,2.314315975,0.9308936257202914,0.9308936257202914,1.8617872514405829,6.13999891,1.79862297,4.59000063,2.83000898
5.346939565,2.312167525,0.947149556176569,0.947149556176569,1.894299112353138,6.13999844,1.7943356,4.55388069,2.82999945
5.328420405,2.31003481,0.9638575543078074,0.9638575543078074,1.9277151086156148,6.13999844,1.79007089,4.51684237,2.82999873
5.315000534999999,2.304412245,0.9744519603630479,0.9744519603630479,1.9489039207260959,6.13999987,1.78582501,4.4900012,2.82299948
5.315000295,2.290355445,0.9692553989575924,0.9692553989575924,1.9385107979151848,6.13999891,1.78159881,4.49000168,2.79911208
5.309140205,2.27999991,0.9660058953528532,0.9660058953528532,1.9320117907057064,6.13567972,1.78000009,4.48260069,2.77999973
5.2858557699999995,2.279999675,0.979838876699232,0.979838876699232,1.959677753398464,6.12852097,1.78000009,4.44319057,2.77999926
5.2805516699999995,2.26915318,0.9725206912066766,0.9725206912066766,1.9450413824133532,6.12110281,1.78000057,4.44000053,2.75830579
5.27670717,2.257502735,0.9633726056942277,0.9633726056942277,1.9267452113884553,6.11341381,1.78000009,4.44000053,2.73500538
5.256614685000001,2.255000175,0.9726892733718668,0.9726892733718668,1.9453785467437337,6.10543728,1.78000057,4.40779209,2.72999978
5.231412885,2.2549998799999997,0.9874914436026521,0.9874914436026521,1.9749828872053041,6.09715843,1.78000093,4.36566734,2.72999883
5.215000395000001,2.2498658899999997,0.9935401364108202,0.9935401364108202,1.9870802728216403,6.08999968,1.77922988,4.34000111,2.7205019
5.214999199999999,2.2358675,0.9891637402668362,0.9891637402668362,1.9783274805336724,6.08999825,1.77454162,4.34000015,2.69719338
5.20933342,2.224928975,0.9912926126184574,0.9912926126184574,1.9825852252369147,6.0899992,1.76985884,4.32866764,2.67999911
5.19000006,2.220923485,1.0088098696273775,1.0088098696273775,2.017619739254755,6.08999825,1.76518166,4.29000187,2.67666531
5.190001015,2.2070566400000002,1.0046911436301382,1.0046911436301382,2.0093822872602765,6.08999968,1.76050687,4.29000235,2.65360641
5.19000006,2.1933172350000003,1.000693404820027,1.000693404820027,2.001386809640054,6.08999825,1.75583518,4.29000187,2.63079929
5.167141915,2.190580785,1.0221313683955455,1.0221313683955455,2.044262736791091,6.08999825,1.75116217,4.24428558,2.6299994
5.16499996,2.177852455,1.0206373264331194,1.0206373264331194,2.041274652866239,6.0899992,1.74648607,4.24000072,2.60921884
5.1649997249999995,2.164220575,1.0168848621181028,1.0168848621181028,2.0337697242362056,6.08999777,1.74180675,4.24000168,2.5866344
5.147423979999999,2.15855986,1.032500976374594,1.032500976374594,2.065001952749188,6.08999872,1.73712051,4.20484924,2.57999921
5.140000585,2.1482348399999998,1.0370118371931207,1.0370118371931207,2.0740236743862415,6.08999968,1.73242807,4.19000149,2.56404161
5.137346745,2.13583541,1.0306153067735855,1.0306153067735855,2.061230613547171,6.08469343,1.73000026,4.19000006,2.54167056
5.119167565,2.130000115,1.0346216140610738,1.0346216140610738,2.0692432281221476,6.07333851,1.7300005,4.16499662,2.52999973
5.100728275,2.124045725,1.0383971787689557,1.0383971787689557,2.0767943575379113,6.06145573,1.73000073,4.14000082,2.51809072
5.09450817,2.1129609350000003,1.0284667677211052,1.0284667677211052,2.0569335354422105,6.049016,1.7300005,4.14000034,2.49592137
5.089999915,2.10119486,1.0205165511684535,1.0205165511684535,2.041033102336907,6.03999901,1.72842717,4.14000082,2.47396255
5.09000063,2.08771801,1.0175230959419332,1.0175230959419332,2.0350461918838665,6.03999949,1.72322464,4.14000177,2.45221138
5.09000063,2.07433772,1.0146264375076883,1.0146264375076883,2.0292528750153767,6.03999949,1.71801066,4.14000177,2.43066478
5.065000295,2.07021707,1.0384521155644937,1.0384521155644937,2.0769042311289874,6.03999996,1.71278393,4.09000063,2.42765021
5.0650000550000005,2.0568119300000003,1.0356689712254645,1.0356689712254645,2.071337942450929,6.03999853,1.70754385,4.09000158,2.40608001
5.064999820000001,2.043496965,1.032979709179033,1.032979709179033,2.065959418358066,6.03999853,1.70228648,4.09000111,2.38470745
5.06499958,2.0302699200000003,1.0303808437111723,1.0303808437111723,2.0607616874223447,6.03999901,1.69701207,4.09000015,2.36352777
5.065000534999999,2.017128945,1.027868790080589,1.027868790080589,2.055737580161178,6.03999949,1.69171953,4.09000158,2.34253836
5.0650000550000005,2.0040695050000004,1.025441872478014,1.025441872478014,2.050883744956028,6.03999805,1.68640625,4.09000206,2.32173276
5.06499958,1.9910890449999998,1.02310049875653,1.02310049875653,2.04620099751306,6.03999853,1.68107021,4.09000063,2.30110788
5.0580875899999995,1.98033059,1.0136024141655644,1.0136024141655644,2.027204828331129,6.02617407,1.68000007,4.09000111,2.28066111
5.049016715,1.9701952950000001,1.0019605683897335,1.0019605683897335,2.003921136779467,6.0080328,1.68000031,4.09000063,2.26039028
5.039999965,1.95998055,0.9904908425893768,0.9904908425893768,1.9809816851787536,5.98999882,1.6796695,4.09000111,2.2402916
5.0400002,1.9471095800000002,0.9885167628176963,0.9885167628176963,1.9770335256353926,5.98999977,1.6738584,4.09000063,2.22036076
5.03999972,1.9343099600000002,0.9866123896736496,0.9866123896736496,1.9732247793472992,5.98999786,1.66802526,4.09000158,2.20059466
5.039999485,1.9215801350000001,0.9847814754843245,0.9847814754843245,1.969562950968649,5.98999882,1.66216576,4.09000015,2.18099451
5.04000044,1.9089145049999998,0.9830177029641295,0.9830177029641295,1.966035405928259,5.98999977,1.65627825,4.09000111,2.16155076
5.065000055,1.8898418499999998,0.9554955147117465,0.9554955147117465,1.910991029423493,5.98999834,1.65036356,4.14000177,2.12932014
5.065000769999999,1.877477345,0.9539073904457266,0.9539073904457266,1.9078147808914532,5.98999977,1.64441907,4.14000177,2.11053562
5.0649991,1.86517167,0.9523802628246427,0.9523802628246427,1.9047605256492854,5.98999786,1.63844395,4.14000034,2.09189939
5.065000534999999,1.8529225,0.9509142530799933,0.9509142530799933,1.9018285061599867,5.98999977,1.63243592,4.1400013,2.07340908
5.057219985,1.84253031,0.9415195967253871,0.9415195967253871,1.8830391934507742,5.97443867,1.63000023,4.1400013,2.05506039
5.06850028,1.827798305,0.900490631109801,0.900490631109801,1.800981262219602,5.9469986,1.63000023,4.19000196,2.02559638
5.06499958,1.81649679,0.8956788709905426,0.8956788709905426,1.791357741981085,5.93999863,1.62514031,4.19000053,2.00785327
5.06499982,1.8044589750000002,0.8945054125572938,0.8945054125572938,1.7890108251145875,5.93999863,1.61867142,4.19000101,1.99024653
5.0650000550000005,1.792469145,0.8933826502971295,0.8933826502971295,1.786765300594259,5.93999958,1.61216831,4.19000053,1.97276998
5.064999820000001,1.7805272950000002,0.8923082920376326,0.8923082920376326,1.7846165840752652,5.93999958,1.60562873,4.19000006,1.95542586
5.090000395000001,1.763786495,0.8658142477890618,0.8658142477890618,1.7316284955781236,5.93999863,1.59905243,4.24000216,1.92852056
5.09000039,1.7520865799999998,0.8648621201488204,0.8648621201488204,1.7297242402976407,5.93999958,1.59243739,4.2400012,1.91173577
5.089999915,1.740427615,0.8639528533518308,0.8639528533518308,1.7279057067036616,5.93999958,1.58578253,4.24000025,1.8950727
5.11500001,1.72440571,0.8376990889632846,0.8376990889632846,1.6753981779265692,5.93999815,1.57908595,4.29000187,1.86972547
5.1150004849999995,1.712969185,0.8368982995455871,0.8368982995455871,1.6737965990911743,5.93999958,1.57234466,4.29000139,1.85359371
5.139999865,1.697449625,0.8107970849030411,0.8107970849030411,1.6215941698060823,5.93999815,1.56556082,4.34000158,1.82933843
5.13999963,1.686222795,0.8100952599707388,0.8100952599707388,1.6201905199414777,5.93999958,1.55873001,4.33999968,1.81371558
5.1399991499999995,1.67502868,0.8094260953300494,0.8094260953300494,1.6188521906600988,5.93999815,1.55185318,4.34000015,1.79820418
5.164999485,1.660149515,0.7835169792885374,0.7835169792885374,1.5670339585770747,5.93999815,1.54492831,4.39000082,1.77537072
5.1650002,1.649149895,0.7829357653188266,0.7829357653188266,1.5658715306376532,5.93999958,1.53795469,4.39000082,1.7603451
5.1650002,1.6381791250000002,0.7823840679467541,0.7823840679467541,1.5647681358935082,5.93999863,1.53093052,4.39000177,1.74542773
5.141962525,1.630309285,0.7586217184221121,0.7586217184221121,1.5172434368442242,5.89392328,1.53000009,4.39000177,1.73061848
5.13999939,1.6195336,0.7561669754714202,0.7561669754714202,1.5123339509428404,5.88999844,1.52314937,4.39000034,1.71591783
5.140000345,1.6085264650000002,0.755719052418924,0.755719052418924,1.511438104837848,5.88999987,1.51572561,4.39000082,1.70132732
5.140000345000001,1.59754789,0.7552953350408825,0.7552953350408825,1.510590670081765,5.88999844,1.50825119,4.39000225,1.68684459
5.16500044,1.5837358849999998,0.729736317736807,0.729736317736807,1.459472635473614,5.88999987,1.50072432,4.44000101,1.66674745
5.1650002,1.572926165,0.7293748644667384,0.7293748644667384,1.4587497289334768,5.88999844,1.49314368,4.44000196,1.65270865
5.1650002,1.5621427300000001,0.7290367513377262,0.7290367513377262,1.4580735026754523,5.88999796,1.48550832,4.44000244,1.63877714
5.19000006,1.54885024,0.70359265250247,0.70359265250247,1.40718530500494,5.88999796,1.47781813,4.49000216,1.61988235
5.18999982,1.5382227899999998,0.7033094165148944,0.7033094165148944,1.4066188330297889,5.88999939,1.47007048,4.49000025,1.6063751
5.190000534999999,1.527619245,0.7030432459657026,0.7030432459657026,1.4060864919314051,5.88999939,1.46226323,4.49000168,1.59297526
5.190000295,1.5170414449999998,0.7027953270631043,0.7027953270631043,1.4055906541262086,5.88999796,1.45439529,4.49000263,1.5796876
5.190000775,1.5064883199999999,0.7025671912850809,0.7025671912850809,1.4051343825701619,5.88999939,1.44646668,4.49000216,1.56650996
5.190000535,1.4959586850000002,0.7023546416946701,0.7023546416946701,1.4047092833893402,5.88999891,1.43847549,4.49000216,1.55344188
5.190000535,1.48545301,0.7021583993152215,0.7021583993152215,1.404316798630443,5.88999891,1.43041945,4.49000216,1.54048657
5.21500039,1.47309196,0.6769068353952897,0.6769068353952897,1.3538136707905795,5.88999891,1.42229962,4.54000187,1.5238843
5.215000155,1.4627198,0.6767455742107695,0.6767455742107695,1.353491148421539,5.88999796,1.41411388,4.54000235,1.51132572
5.215000155,1.452370525,0.6765991229946337,0.6765991229946337,1.3531982459892673,5.88999844,1.40585506,4.54000187,1.49888599
5.21500039,1.442044975,0.6764648666986545,0.6764648666986545,1.352929733397309,5.88999891,1.39752853,4.54000187,1.48656142
5.24000001,1.4301651149999999,0.6512927192160742,0.6512927192160742,1.3025854384321485,5.88999891,1.38913298,4.59000111,1.47119725
5.240000009999999,1.4199563899999998,0.6511841637811264,0.6511841637811264,1.3023683275622528,5.88999796,1.38066924,4.59000206,1.45924354
5.239999055,1.409769235,0.6510877229844471,0.6510877229844471,1.3021754459688941,5.88999796,1.37213087,4.59000015,1.4474076
5.239999295,1.399605575,0.6509998341015698,0.6509998341015698,1.3019996682031396,5.88999796,1.36351514,4.59000063,1.43569601
5.24000049,1.389465155,0.6509216739141401,0.6509216739141401,1.3018433478282803,5.88999987,1.35482657,4.59000111,1.42410374
5.24000025,1.37934941,0.6508498139456854,0.6508498139456854,1.3016996278913708,5.88999844,1.34606528,4.59000206,1.41263354
5.240000009999999,1.3692575100000002,0.6507885653857924,0.6507885653857924,1.3015771307715849,5.88999987,1.33722723,4.59000015,1.40128779
5.23999977,1.359193565,0.6507325507705083,0.6507325507705083,1.3014651015410166,5.88999891,1.32830715,4.59000063,1.39007998
5.265000345,1.34800798,0.6256579580252799,0.6256579580252799,1.2513159160505598,5.88999987,1.31931174,4.64000082,1.37670422
5.26500058,1.3380343300000002,0.6256164608801891,0.6256164608801891,1.2512329217603781,5.88999939,1.31024146,4.64000177,1.3658272
5.265000105,1.328085305,0.6255809796712163,0.6255809796712163,1.2511619593424326,5.88999844,1.30109191,4.64000177,1.3550787
5.26500082,1.31816274,0.6255518092833853,0.6255518092833853,1.2511036185667705,5.88999939,1.29185963,4.64000225,1.34446585
5.2649998700000005,1.3082659250000002,0.6255273073732459,0.6255273073732459,1.2510546147464918,5.88999844,1.28255212,4.6400013,1.33397973
5.2649991499999995,1.298395095,0.6255076917245274,0.6255076917245274,1.2510153834490547,5.88999796,1.27316892,4.64000034,1.32362127
5.265000105,1.28855479,0.6254931231753456,0.6254931231753456,1.2509862463506911,5.88999939,1.26370442,4.64000082,1.31340516
5.265000105,1.27874237,0.6254810181000164,0.6254810181000164,1.2509620362000329,5.88999796,1.25416219,4.64000225,1.30332255
5.265000580000001,1.268957795,0.6254749145601245,0.6254749145601245,1.250949829120249,5.88999891,1.24454558,4.64000225,1.29337001
5.264999865,1.259203135,0.6254735715807591,0.6254735715807591,1.2509471431615182,5.88999939,1.23485601,4.64000034,1.28355026
5.265000105,1.2494817999999999,0.6254736933768574,0.6254736933768574,1.2509473867537149,5.88999796,1.22508872,4.64000225,1.27387488
5.26499939,1.23978871,0.625479525742741,0.625479525742741,1.250959051485482,5.88999748,1.21525252,4.6400013,1.2643249
5.265000105,1.23012596,0.6254896382451753,0.6254896382451753,1.2509792764903507,5.88999891,1.20535135,4.6400013,1.25490057
5.2649991499999995,1.220493555,0.6255029937762552,0.6255029937762552,1.2510059875525104,5.88999796,1.19538414,4.64000034,1.24560297
5.264999865,1.2108937499999999,0.6255212185896137,0.6255212185896137,1.2510424371792275,5.88999939,1.18535185,4.64000034,1.23643565
5.2650010599999995,1.20132315,0.6255420222984938,0.6255420222984938,1.2510840445969875,5.88999987,1.17525959,4.64000225,1.22738671
5.26499987,1.191782835,0.6255688731504255,0.6255688731504255,1.251137746300851,5.88999987,1.16511047,4.63999987,1.2184552
5.264999865,1.1822724949999999,0.6255969797090694,0.6255969797090694,1.2511939594181387,5.88999796,1.15490532,4.64000177,1.20963967
5.2649998700000005,1.172795835,0.625632296488384,0.625632296488384,1.251264592976768,5.88999844,1.14464343,4.6400013,1.20094824
5.265000105,1.16334933,0.6256726351189044,0.6256726351189044,1.2513452702378087,5.88999939,1.13432968,4.64000082,1.19236898
5.29000044,1.152734635,0.6507459075179097,0.6507459075179097,1.3014918150358195,5.93999958,1.12156808,4.6400013,1.18390119
5.2900002,1.1433085200000002,0.6507972698642144,0.6507972698642144,1.3015945397284288,5.93999863,1.11107302,4.64000177,1.17554402
5.289999485,1.13391155,0.6508555576612389,0.6508555576612389,1.3017111153224779,5.93999815,1.10052454,4.64000082,1.16729856
5.290000675,1.1245434300000001,0.6509203592518701,0.6509203592518701,1.3018407185037402,5.93999958,1.08992064,4.64000177,1.15916622
5.290000435,1.115204155,0.6509913925736854,0.6509913925736854,1.3019827851473709,5.9399991,1.07926631,4.64000177,1.151142
5.289999485,1.1058934950000001,0.6510693073278487,0.6510693073278487,1.3021386146556975,5.93999767,1.06856251,4.6400013,1.14322448
5.2899997249999995,1.0966134699999999,0.6511560182203812,0.6511560182203812,1.3023120364407623,5.93999863,1.05781162,4.64000082,1.13541532
5.290000915,1.08736211,0.6512498962395558,0.6512498962395558,1.3024997924791115,5.93999958,1.04701161,4.64000225,1.12771261
5.289999245000001,1.078140795,0.6513523699152299,0.6513523699152299,1.3027047398304599,5.93999767,1.03616512,4.64000082,1.12011647
5.31500006,1.0672701,0.6765210877119752,0.6765210877119752,1.3530421754239503,5.98999882,1.02191091,4.6400013,1.11262929
5.314999815,1.05804205,0.6766468773421533,0.6766468773421533,1.3532937546843067,5.98999786,1.01083362,4.64000177,1.10525048
5.315000295,1.04884228,0.6767846194254602,0.6767846194254602,1.3535692388509204,5.98999882,0.99970561,4.64000177,1.09797895
5.315000295,1.039670495,0.6769337579160006,0.6769337579160006,1.3538675158320013,5.98999929,0.98852688,4.6400013,1.09081411
5.314999820000001,1.030527295,0.6770945787177138,0.6770945787177138,1.3541891574354277,5.98999882,0.97729743,4.64000082,1.08375716
5.31500006,1.02141404,0.6772680403657757,0.6772680403657757,1.3545360807315514,5.98999882,0.96601844,4.6400013,1.07680964
5.315000534999999,1.012331185,0.6774558243268931,0.6774558243268931,1.3549116486537862,5.98999977,0.95469069,4.6400013,1.06997168
5.31499934,1.00327778,0.6776573797898697,0.6776573797898697,1.3553147595797395,5.98999834,0.94331217,4.64000034,1.06324339
5.3150000550000005,0.994254235,0.6778747013738715,0.6778747013738715,1.355749402747743,5.98999929,0.93188322,4.64000082,1.05662525
5.34000087,0.9828594900000001,0.7032225102525009,0.7032225102525009,1.4064450205050019,6.03999949,0.91560006,4.64000225,1.05011892
5.340001345,0.97380328,0.7034826687512975,0.7034826687512975,1.406965337502595,6.04000044,0.90388095,4.64000225,1.04372561
5.34000063,0.964775115,0.7037608817513935,0.7037608817513935,1.407521763502787,6.03999949,0.8921048,4.64000177,1.03744543
5.36499977,0.953078565,0.7292041334463221,0.7292041334463221,1.4584082668926441,6.08999872,0.87487888,4.64000082,1.03127825
5.364999774999999,0.944002715,0.7295338659192004,0.7295338659192004,1.4590677318384009,6.08999825,0.86278158,4.6400013,1.02522385
5.365000244999999,0.934954225,0.7298865405719211,0.7298865405719211,1.4597730811438423,6.08999872,0.85062408,4.64000177,1.01928437
5.365000009999999,0.92593062,0.7302625190358132,0.7302625190358132,1.4605250380716264,6.08999825,0.83840406,4.64000177,1.01345718
5.36500049,0.91693249,0.7306642779343036,0.7306642779343036,1.461328555868607,6.08999968,0.82612246,4.6400013,1.00774252
5.364999055,0.907960355,0.7310902782999216,0.7310902782999216,1.4621805565998431,6.08999777,0.81378043,4.64000034,1.00214028
5.3649992950000005,0.899014325,0.7315428108997454,0.7315428108997454,1.4630856217994908,6.08999729,0.80137831,4.6400013,0.99665034
5.36500001,0.89009306,0.7320238795683142,0.7320238795683142,1.4640477591366283,6.08999777,0.78891397,4.64000225,0.99127215
5.38999963,0.877583205,0.7577953119574453,0.7577953119574453,1.5155906239148906,6.13999844,0.76916033,4.64000082,0.98600608
5.3899998700000005,0.868584425,0.7583545852930147,0.7583545852930147,1.5167091705860294,6.13999844,0.75631768,4.6400013,0.98085117
5.376473904999999,0.8617039,0.7726355825851651,0.7726355825851651,1.5452711651703301,6.13999987,0.74340832,4.61294794,0.97999948
5.364999535,0.8546594949999999,0.7848926337949297,0.7848926337949297,1.5697852675898594,6.13999844,0.73042929,4.59000063,0.9788897
5.390000345000001,0.84171623,0.810918011107404,0.810918011107404,1.621836022214808,6.18999958,0.70909178,4.59000111,0.97434068
5.39000034,0.8328012499999999,0.8116626113312968,0.8116626113312968,1.6233252226625936,6.1899991,0.6956948,4.59000158,0.9699077
5.390000105,0.8239072249999999,0.8124487109721136,0.8124487109721136,1.6248974219442271,6.1899991,0.68222266,4.59000111,0.96559179
5.38999891,0.815033705,0.8132763875723269,0.8132763875723269,1.6265527751446538,6.18999767,0.66867638,4.59000015,0.96139103
5.39000058,0.8061777649999999,0.8141479359325898,0.8141479359325898,1.6282958718651797,6.1899991,0.65505123,4.59000206,0.9573043
5.3899998700000005,0.797340425,0.8150657806057297,0.8150657806057297,1.6301315612114593,6.18999863,0.64134616,4.59000111,0.95333469
5.4150002,0.783490985,0.8415307512166683,0.8415307512166683,1.6830615024333366,6.23999834,0.61750281,4.59000206,0.94947916
5.41499972,0.774531305,0.8425755681749769,0.8425755681749769,1.6851511363499538,6.23999786,0.60332483,4.59000158,0.94573778
5.414999484999999,0.765583605,0.8436731636320737,0.8436731636320737,1.6873463272641473,6.23999834,0.58905798,4.59000063,0.94210923
5.43999982,0.7511339450000001,0.8704247980694101,0.8704247980694101,1.7408495961388202,6.28999901,0.5636754,4.59000063,0.93859249
5.44000077,0.742041585,0.8716672737591661,0.8716672737591661,1.7433345475183322,6.28999996,0.54889601,4.59000158,0.93518716
5.44000077,0.732956975,0.8729687278409889,0.8729687278409889,1.7459374556819778,6.28999996,0.53402036,4.59000158,0.93189359
5.437322855,0.724521995,0.8770837935457844,0.8770837935457844,1.7541675870915687,6.28999805,0.51904452,4.58464766,0.92999947
5.43119979,0.71698287,0.8848231856705936,0.8848231856705936,1.7696463713411872,6.28999901,0.50396651,4.57240057,0.92999923
5.425634145,0.70939228,0.8920738875750018,0.8920738875750018,1.7841477751500037,6.28999996,0.48878503,4.56126833,0.92999953
5.445590494999999,0.69518615,0.9247179329323817,0.9247179329323817,1.8494358658647634,6.33999872,0.46037307,4.55118227,0.92999923
5.44102764,0.687302945,0.9311560478406931,0.9311560478406931,1.8623120956813861,6.3399992,0.44460618,4.54205608,0.92999971
5.440000055,0.678504125,0.9340173511390131,0.9340173511390131,1.8680347022780261,6.33999872,0.42872259,4.54000139,0.92828566
5.439999105,0.66942377,0.9358923162779309,0.9358923162779309,1.8717846325558618,6.33999777,0.41271999,4.54000044,0.92612755
5.440000295,0.6603375650000001,0.9378466957333065,0.9378466957333065,1.875693391466613,6.33999872,0.39659667,4.54000187,0.92407846
5.464999915,0.6437173350000001,0.9659923041219328,0.9659923041219328,1.9319846082438656,6.38999796,0.36529365,4.54000187,0.92214102
5.464999915,0.634408295,0.9681739199770533,0.9681739199770533,1.9363478399541065,6.38999796,0.34850734,4.54000187,0.92030925
5.46499944,0.62508337,0.9704455284776115,0.9704455284776115,1.940891056955223,6.38999796,0.33158335,4.54000092,0.91858339
5.46500015,0.615738895,0.9728085807498088,0.9728085807498088,1.9456171614996176,6.38999891,0.31451833,4.54000139,0.91695946
5.46499944,0.6063726700000001,0.9752660630022649,0.9752660630022649,1.9505321260045299,6.38999796,0.29730693,4.54000092,0.91543841
5.490000725,0.5884130750000001,1.0042494502059203,1.0042494502059203,2.0084989004118405,6.43999958,0.26280728,4.54000187,0.91401887
5.490000725,0.578776285,1.0069761689942127,1.0069761689942127,2.0139523379884254,6.4399991,0.244854,4.54000235,0.91269857
5.4900004849999995,0.56910561,1.009809508792206,1.009809508792206,2.019619017584412,6.43999958,0.22673598,4.54000139,0.91147524
5.490000009999999,0.55939845,1.012750123089892,1.012750123089892,2.025500246179784,6.4399991,0.20845039,4.54000092,0.91034651
5.490000244999999,0.54965008,1.0158019635929896,1.0158019635929896,2.031603927185979,6.4399991,0.1899894,4.54000139,0.90931076
5.515000105,0.5301581049999999,1.0457836132322402,1.0457836132322402,2.0915672264644805,6.48999882,0.15195066,4.54000139,0.90836555
5.539999965,0.510142005,1.076057102247711,1.076057102247711,2.152114204495422,6.53999949,0.11277588,4.54000044,0.90750813
5.540000205,0.49976568499999996,1.0796408625840987,1.0796408625840987,2.1592817251681975,6.53999949,0.09279416,4.54000092,0.90673721
5.5650002999999995,0.478907305,1.1104394194998595,1.1104394194998595,2.220878838999719,6.58999968,0.05176333,4.54000092,0.90605128
5.56499982,0.468152065,1.1143825142419193,1.1143825142419193,2.2287650284838385,6.58999825,0.03085742,4.54000139,0.90544671
5.56500006,0.45732056,1.11846796144753,1.11846796144753,2.23693592289506,6.58999968,0.00971989,4.54000044,0.90492123
5.56500006,0.44640935,1.1226953962297472,1.1226953962297472,2.2453907924594945,6.58999968,-0.01165258,4.54000044,0.90447128
5.590000155,0.42397566,1.1545594027135146,1.1545594027135146,2.3091188054270293,6.63999939,-0.05613789,4.54000092,0.90408921
5.589999675,0.412620995,1.1591954698557803,1.1591954698557803,2.3183909397115605,6.63999891,-0.07853656,4.54000044,0.90377855
5.58999968,0.40116807499999996,1.1639891870617909,1.1639891870617909,2.3279783741235818,6.63999844,-0.10119975,4.54000092,0.9035359
5.59000015,0.389613465,1.1689466798528714,1.1689466798528714,2.3378933597057427,6.63999891,-0.12413642,4.54000139,0.90336335
5.590000155,0.377947225,1.1740710224997641,1.1740710224997641,2.3481420449995283,6.63999844,-0.14735875,4.54000187,0.9032532
5.61499977,0.353376165,1.2074474920885518,1.2074474920885518,2.4148949841771037,6.6899991,-0.19644734,4.54000044,0.90319967
5.61500001,0.341189175,1.2130457862930903,1.2130457862930903,2.4260915725861807,6.68999815,-0.22082424,4.54000187,0.90320259
5.615000244999999,0.32887534500000004,1.218828141805845,1.218828141805845,2.43765628361169,6.6899991,-0.24551085,4.54000139,0.90326154
5.6150004849999995,0.316426795,1.2247975229597217,1.2247975229597217,2.4495950459194433,6.68999958,-0.27051947,4.54000139,0.90337306
5.6150004849999995,0.30383496,1.2309570421922733,1.2309570421922733,2.4619140843845466,6.6899991,-0.29585931,4.54000187,0.90352923
5.639999865,0.27685351999999996,1.266087610466993,1.266087610466993,2.532175220933986,6.73999834,-0.3500286,4.54000139,0.90373564
5.664999959999999,0.24911317,1.3017237110187727,1.3017237110187727,2.6034474220375454,6.78999853,-0.40576303,4.54000139,0.90398937
5.66500044,0.23545418499999998,1.3088026578524605,1.3088026578524605,2.617605315704921,6.78999949,-0.43338177,4.54000139,0.90429014
5.66500092,0.22162461,1.316099751186976,1.316099751186976,2.632199502373952,6.78999949,-0.46138108,4.54000235,0.9046303
5.664999959999999,0.20762491000000002,1.3236218454948774,1.3236218454948774,2.6472436909897548,6.78999853,-0.48976523,4.54000139,0.90501505
5.68999982,0.1776256,1.3609594842278627,1.3609594842278627,2.7219189684557255,6.83999872,-0.55018842,4.54000092,0.90543962
5.68999982,0.162936215,1.3691223897224831,1.3691223897224831,2.7382447794449662,6.83999872,-0.5800299,4.54000092,0.90590233
5.68999958,0.14805406,1.3775317639496332,1.3775317639496332,2.7550635278992663,6.83999872,-0.61029661,4.54000044,0.90640473
5.690000535,0.13297576,1.3861913669768624,1.3861913669768624,2.772382733953725,6.8399992,-0.64099425,4.54000187,0.90694577
5.68999982,0.11769821999999996,1.3951085666291598,1.3951085666291598,2.7902171332583197,6.83999825,-0.67213184,4.54000139,0.90752828
5.690000295,0.10221517000000002,1.4042882963013303,1.4042882963013303,2.8085765926026607,6.83999872,-0.7037186,4.54000187,0.90814894
5.67897391,0.09440528999999998,1.4001830544627751,1.4001830544627751,2.8003661089255503,6.81794643,-0.7199989,4.54000139,0.90880948
5.66500068,0.08884733499999997,1.3925157666221548,1.3925157666221548,2.7850315332443096,6.78999949,-0.73180962,4.54000187,0.90950429
5.6649997249999995,0.07308140500000004,1.4023011575935516,1.4023011575935516,2.804602315187103,6.78999853,-0.76407224,4.54000092,0.91023505
5.647339345,0.07050069999999997,1.390194152110396,1.390194152110396,2.780388304220792,6.75467777,-0.76999998,4.54000092,0.91100138
5.639999865,0.06023025500000001,1.3911023860177074,1.3911023860177074,2.782204772035415,6.73999929,-0.79133719,4.54000044,0.9117977
5.6372704549999995,0.04631131999999999,1.3980322515019792,1.3980322515019792,2.7960645030039584,6.73453999,-0.8199991,4.54000092,0.91262174
5.61653161,0.046736239999999984,1.382081291003844,1.382081291003844,2.764162582007688,6.69306183,-0.81999981,4.54000139,0.91347229
5.6150004849999995,0.03180757499999998,1.3908642671154363,1.3908642671154363,2.7817285342308726,6.68999958,-0.85073441,4.54000139,0.91434956
5.606361865,0.022623094999999982,1.3906482943057206,1.3906482943057206,2.781296588611441,6.67272329,-0.87,4.54000044,0.91524619
5.586452245,0.023078264999999987,1.3757348492091659,1.3757348492091659,2.7514696984183318,6.6329031,-0.86999899,4.54000139,0.91615552
5.566987995,0.023538500000000018,1.3612904139191095,1.3612904139191095,2.722580827838219,6.59397507,-0.86999893,4.54000092,0.91707593
5.564999820000001,0.008884219999999998,1.3700807519942737,1.3700807519942737,2.7401615039885474,6.5899992,-0.90023488,4.54000044,0.91800332
5.556988955,-0.0005313750000000006,1.371015674397404,1.371015674397404,2.742031348794808,6.57397652,-0.91999876,4.54000139,0.91893601
5.53824496,-6.631000000001386e-05,1.3574853551950046,1.3574853551950046,2.714970710390009,6.53648853,-0.91999906,4.54000139,0.91986644
5.519894365,0.00039607499999999574,1.344365250330441,1.344365250330441,2.688730500660882,6.49978781,-0.91999882,4.54000092,0.92079097
5.515000105,-0.011664239999999992,1.3497374510469524,1.3497374510469524,2.699474902093905,6.48999882,-0.94502842,4.54000139,0.92169994
5.509948254999999,-0.02370319000000004,1.3550914491873494,1.3550914491873494,2.7101828983746987,6.47989559,-0.9699986,4.54000092,0.92259222
5.49221897,-0.023269655,1.342763658346781,1.342763658346781,2.685527316693562,6.44443655,-0.96999872,4.54000139,0.92345941
5.474842785,-0.02284863499999995,1.3307971045698732,1.3307971045698732,2.6615942091397464,6.4096837,-0.96999878,4.54000187,0.92430151
5.465000155,-0.029873819999999995,1.3295190984231076,1.3295190984231076,2.659038196846215,6.38999987,-0.98485893,4.54000044,0.92511129
5.464856145,-0.04706022000000004,1.3423731891094053,1.3423731891094053,2.6847463782188106,6.3897109,-1.01999879,4.54000139,0.92587835
5.448014734999999,-0.04669878000000005,1.3310901211308352,1.3310901211308352,2.6621802422616705,6.35602808,-1.01999867,4.54000139,0.92660111
5.4314847,-0.046362875000000026,1.3201171868385184,1.3201171868385184,2.640234373677037,6.32296801,-1.01999879,4.54000139,0.92727304
5.415254115,-0.046055824999999995,1.3094397525045751,1.3094397525045751,2.6188795050091502,6.29050684,-1.01999891,4.54000139,0.92788726
5.41500068,-0.06356325999999995,1.3227588910704118,1.3227588910704118,2.6455177821408236,6.28999949,-1.05556536,4.54000187,0.92843884
5.40529609,-0.07053803999999997,1.3219909801998064,1.3219909801998064,2.643981960399613,6.27059174,-1.06999969,4.54000044,0.92892361
5.389504195,-0.070334165,1.311863901986674,1.311863901986674,2.623727803973348,6.239007,-1.07000005,4.54000139,0.92933172
5.37397981,-0.07016987000000002,1.3019910900713434,1.3019910900713434,2.603982180142687,6.20795918,-1.06999946,4.54000044,0.92965972
5.36500025,-0.07772731500000002,1.3022803696651932,1.3022803696651932,2.6045607393303865,6.18999958,-1.08535337,4.54000092,0.92989874
5.36380863,-0.09500038999999999,1.3149987066995368,1.3149987066995368,2.6299974133990736,6.18757915,-1.11999977,4.54003811,0.92999899
5.3486805,-0.09500068500000003,1.3055518993159494,1.3055518993159494,2.611103798631899,6.15728617,-1.11999953,4.54007483,0.92999816
5.33375049,-0.09500003000000001,1.2963866974741958,1.2963866974741958,2.5927733949483915,6.12747288,-1.11999917,4.5400281,0.92999911
5.319063185,-0.09506661,1.2874096340419887,1.2874096340419887,2.5748192680839774,6.09812593,-1.11999822,4.54000044,0.929865
5.315000055,-0.10913491499999994,1.2959693052733812,1.2959693052733812,2.5919386105467623,6.08999872,-1.14784253,4.54000139,0.9295727
5.30868673,-0.12042137999999997,1.3009570883518942,1.3009570883518942,2.6019141767037883,6.07737207,-1.16999853,4.54000139,0.92915577
5.29432297,-0.12069675500000004,1.2922986180840488,1.2922986180840488,2.5845972361680976,6.04864502,-1.16999841,4.54000092,0.9286049
5.280169725,-0.12104299500000004,1.283806301515414,1.283806301515414,2.567612603030828,6.02033806,-1.16999936,4.54000139,0.92791337
5.266215325,-0.12146166000000003,1.2754686880175756,1.2754686880175756,2.5509373760351512,5.99243021,-1.16999984,4.54000044,0.92707652
5.265000345,-0.14041200000000004,1.289586177474325,1.289586177474325,2.57917235494865,5.98999977,-1.20690548,4.54000092,0.92608148
5.2555654050000005,-0.147536455,1.2892662639737524,1.2892662639737524,2.578532527947505,5.97113037,-1.21999824,4.54000044,0.92492533
5.241870405,-0.148201315,1.2811596685068405,1.2811596685068405,2.562319337013681,5.94374037,-1.21999824,4.54000044,0.92359561
5.2283577900000004,-0.14895651,1.273172712225231,1.273172712225231,2.546345424450462,5.91671419,-1.22000003,4.54000139,0.92208701
5.2150199399999995,-0.14980420499999997,1.2652941964375504,1.2652941964375504,2.5305883928751007,5.89003849,-1.22000015,4.54000139,0.92039174
5.214999915,-0.17198803999999995,1.2824938307090554,1.2824938307090554,2.564987661418111,5.88999891,-1.26247728,4.54000092,0.9185012
5.20403838,-0.17679878999999998,1.2790758246517635,1.2790758246517635,2.558151649303527,5.86807632,-1.26999986,4.54000044,0.91640228
5.190915585,-0.177954795,1.271318311918064,1.271318311918064,2.542636623836128,5.84183025,-1.26999891,4.54000092,0.91408932
5.18999958,-0.19982120500000006,1.2874988480536553,1.2874988480536553,2.5749976961073107,5.83999872,-1.31119621,4.54000044,0.9115538
5.179490805,-0.20560881499999994,1.284838828210734,1.284838828210734,2.569677656421468,5.81898022,-1.31999838,4.54000139,0.90878075
5.166564225,-0.20711671999999998,1.2771411398585744,1.2771411398585744,2.5542822797171487,5.79312706,-1.31999969,4.54000139,0.90576625
5.153788329999999,-0.20875048499999999,1.26949091818457,1.26949091818457,2.53898183636914,5.76757622,-1.31999826,4.54000044,0.90249729
5.14115906,-0.21051943000000006,1.2618775360772234,1.2618775360772234,2.523755072154447,5.7423172,-1.3199985,4.54000092,0.89895964
5.139999865,-0.23374175999999997,1.2784302677782868,1.2784302677782868,2.5568605355565737,5.73999929,-1.36262822,4.54000044,0.8951447
5.1293551950000005,-0.23947956999999997,1.2749169772066158,1.2749169772066158,2.5498339544132316,5.71870947,-1.36999929,4.54000092,0.89104015
5.11689067,-0.24168360000000005,1.2672411909255528,1.2672411909255528,2.5344823818511055,5.6937809,-1.37,4.54000044,0.8866328
5.10455966,-0.24404427499999998,1.2595641344094626,1.2595641344094626,2.519128268818925,5.66911888,-1.36999929,4.54000044,0.88191074
5.092359545,-0.24657043500000003,1.2518762071898244,1.2518762071898244,2.503752414379649,5.64471817,-1.37,4.54000092,0.87685913
5.089999915,-0.26941763999999996,1.2665356498341007,1.2665356498341007,2.5330712996682014,5.63999939,-1.41030025,4.54000044,0.87146497
5.080153705,-0.277143985,1.2640746855848577,1.2640746855848577,2.5281493711697154,5.62030649,-1.41999996,4.54000092,0.86571199
5.06809235,-0.28020641,1.2561877672777875,1.2561877672777875,2.512375534555575,5.59618378,-1.419999,4.54000092,0.85958618
5.06500006,-0.30294895499999996,1.269648355034553,1.269648355034553,2.539296710069106,5.58999968,-1.458969,4.54000044,0.85307109
5.055455445,-0.311926365,1.2676074919642029,1.2676074919642029,2.5352149839284057,5.57091045,-1.47000015,4.54000044,0.84614742
5.043524505000001,-0.31560135,1.2594335220327695,1.2594335220327695,2.518867044065539,5.54704857,-1.47000003,4.54000044,0.83879733
5.0317080050000005,-0.31950116,1.2511682726604405,1.2511682726604405,2.502336545320881,5.52341557,-1.46999919,4.54000044,0.83099687
5.018481735,-0.32000026000000004,1.246740732734761,1.246740732734761,2.493481465469522,5.50000668,-1.4699986,4.53695679,0.82999808
5.005121945,-0.32000017,1.2429784686599878,1.2429784686599878,2.4859569373199757,5.47681713,-1.46999979,4.53342676,0.82999945
4.991841315,-0.32000034999999993,1.2393309920206927,1.2393309920206927,2.4786619840413855,5.45384216,-1.46999884,4.52984047,0.82999814
4.97863388,-0.32000068,1.2357996171990386,1.2357996171990386,2.4715992343980773,5.43107414,-1.47000003,4.52619362,0.82999867
4.965500115,-0.319999455,1.232377843753037,1.232377843753037,2.464755687506074,5.40851021,-1.46999824,4.52249002,0.82999933
4.952438355,-0.319999935,1.229064909578991,1.229064909578991,2.458129819157982,5.3861475,-1.4699986,4.51872921,0.82999873
4.939445255,-0.32000035000000004,1.2258581304307163,1.2258581304307163,2.4517162608614327,5.36398029,-1.46999955,4.51491022,0.82999885
4.91748762,-0.29500108999999997,1.1961718081376558,1.1961718081376558,2.3923436162753116,5.32394123,-1.41999996,4.51103401,0.82999778
4.9048194899999995,-0.295000375,1.1932324354882793,1.1932324354882793,2.3864648709765586,5.30253983,-1.41999912,4.50709915,0.82999837
4.89221239,-0.29500087999999997,1.1903894290930213,1.1903894290930213,2.3807788581860425,5.28131914,-1.41999996,4.50310564,0.8299982
4.879664180000001,-0.29500079000000007,1.1876391489970168,1.1876391489970168,2.3752782979940337,5.26027584,-1.41999924,4.49905252,0.82999766
4.8671751,-0.29500067,1.1849804509501818,1.1849804509501818,2.3699609019003636,5.23940849,-1.41999888,4.49494171,0.82999754
4.85474086,-0.29499995999999995,1.1824109061477504,1.1824109061477504,2.3648218122955007,5.21870995,-1.41999865,4.49077177,0.82999873
4.8344542950000005,-0.269999955,1.1537060569804325,1.1537060569804325,2.307412113960865,5.18236446,-1.36999822,4.48654413,0.82999831
4.822306875000001,-0.27000007000000004,1.1513611413674845,1.1513611413674845,2.302722282734969,5.16235638,-1.36999953,4.48225737,0.82999939
4.810209515,-0.26999941499999996,1.1490954081707774,1.1490954081707774,2.2981908163415548,5.14250851,-1.36999834,4.47791052,0.82999951
4.7981615049999995,-0.27000075500000004,1.1469104503725565,1.1469104503725565,2.293820900745113,5.12282324,-1.37,4.47349977,0.82999849
4.786159995,-0.269999805,1.1448022264565096,1.1448022264565096,2.2896044529130193,5.10329247,-1.36999941,4.46902752,0.8299998
4.76716566,-0.24499938000000004,1.1167955867592199,1.1167955867592199,2.2335911735184397,5.06983757,-1.31999803,4.46449375,0.82999927
4.75542235,-0.24499955500000004,1.1148803632256858,1.1148803632256858,2.2297607264513717,5.05094814,-1.3199985,4.45989656,0.82999939
4.7437222000000006,-0.24499986,1.1130359403738945,1.1130359403738945,2.226071880747789,5.0322094,-1.31999946,4.455235,0.82999974
4.73206377,-0.24500078000000003,1.1112597184342399,1.1112597184342399,2.2225194368684797,5.01362371,-1.31999946,4.45050383,0.8299979
4.714056015000001,-0.220000745,1.0837475222992166,1.0837475222992166,2.167495044598433,4.98240614,-1.26999927,4.44570589,0.82999778
4.702634335,-0.21999984500000003,1.0821436689991697,1.0821436689991697,2.1642873379983394,4.96442795,-1.26999938,4.44084072,0.82999969
4.693295955,-0.22841924499999994,1.0719361085655137,1.0719361085655137,2.1438722171310274,4.94659138,-1.26999903,4.44000053,0.81316054
4.68445468,-0.23920101000000005,1.059387150633155,1.059387150633155,2.11877430126631,4.9289093,-1.26999831,4.44000006,0.79159629
4.67436957,-0.24500099000000003,1.0520422904151645,1.0520422904151645,2.104084580830329,4.91137075,-1.27000022,4.43736839,0.77999824
4.657313105,-0.220000235,1.0250854382054642,1.0250854382054642,2.0501708764109283,4.88270664,-1.21999919,4.43191957,0.77999872
4.64607048,-0.22000032500000005,1.0238439885424262,1.0238439885424262,2.0476879770848524,4.86574602,-1.21999991,4.42639494,0.77999926
4.6348645699999995,-0.220000505,1.0226549989638474,1.0226549989638474,2.0453099979276947,4.84893656,-1.21999872,4.42079258,0.77999771
4.6236908450000005,-0.21999964,1.0215185817918748,1.0215185817918748,2.0430371635837496,4.83226633,-1.21999788,4.41511536,0.7799986
4.6125509749999996,-0.21999964000000005,1.0204332920203514,1.0204332920203514,2.0408665840407028,4.81573868,-1.21999907,4.40936327,0.77999979
4.601446155,-0.22000106999999997,1.0193970134835908,1.0193970134835908,2.0387940269671816,4.79936743,-1.21999979,4.40352488,0.77999765
4.590373039999999,-0.22000047499999997,1.0184094273413704,1.0184094273413704,2.036818854682741,4.78314257,-1.21999931,4.39760351,0.77999836
4.57933235,-0.220000205,1.0174682301148188,1.0174682301148188,2.0349364602296376,4.76706266,-1.21999967,4.39160204,0.77999926
4.568323135,-0.21999967000000004,1.016571032258443,1.016571032258443,2.033142064516886,4.75112867,-1.21999907,4.3855176,0.77999973
4.55289769,-0.19500038000000003,0.9903259010876372,0.9903259010876372,1.9806518021752744,4.72645569,-1.16999936,4.37933969,0.7799986
4.5420677650000005,-0.19499981499999997,0.9895349141134174,0.9895349141134174,1.9790698282268349,4.7110548,-1.16999865,4.37308073,0.77999902
4.531264545,-0.19500020499999998,0.9887830052167044,0.9887830052167044,1.9775660104334087,4.695786,-1.16999996,4.36674309,0.77999955
4.520486835,-0.19500112500000005,0.98806635647392,0.98806635647392,1.97613271294784,4.68064976,-1.17000008,4.36032391,0.77999783
4.5097358199999995,-0.19499948500000003,0.9873864779371059,0.9873864779371059,1.9747729558742118,4.66565275,-1.16999793,4.35381889,0.77999896
4.499006745,-0.19500014,0.986739526040439,0.986739526040439,1.973479052080878,4.65077543,-1.16999817,4.34723806,0.77999789
4.484513045,-0.16999930500000004,0.9608398409182861,0.9608398409182861,1.9216796818365722,4.62844181,-1.1199981,4.34058428,0.77999949
4.477002145,-0.19082728,0.9392174944056901,0.9392174944056901,1.8784349888113803,4.61400414,-1.11999893,4.34000015,0.73834437
4.466957805,-0.19500028999999997,0.9344726512534856,0.9344726512534856,1.868945302506971,4.59968805,-1.11999857,4.33422756,0.72999799
4.45631647,-0.19500017000000003,0.9339721798495041,0.9339721798495041,1.8679443596990082,4.58547354,-1.11999881,4.3271594,0.72999847
4.445694919999999,-0.19499984499999995,0.9334960774369764,0.9334960774369764,1.8669921548739528,4.57135963,-1.11999893,4.32003021,0.72999924
4.435091255,-0.19500008499999993,0.9330419340151719,0.9330419340151719,1.8660838680303438,4.55734205,-1.11999846,4.31284046,0.72999829
4.4212935,-0.1700007,0.9074060045273588,0.9074060045273588,1.8148120090547175,4.53699589,-1.06999993,4.30559111,0.72999853
4.410815955,-0.16999977999999993,0.9070079894739824,0.9070079894739824,1.8140159789479648,4.52335262,-1.06999922,4.29827929,0.72999966
4.40035224,-0.16999989499999996,0.9066283992356198,0.9066283992356198,1.8132567984712396,4.50979233,-1.06999874,4.29091215,0.72999895
4.389902355,-0.17000037000000007,0.9062683038988888,0.9062683038988888,1.8125366077977776,4.4963131,-1.06999981,4.28349161,0.72999907
4.379467245,-0.17000010500000007,0.9059252698786402,0.9059252698786402,1.8118505397572804,4.48291349,-1.06999981,4.276021,0.7299996
4.369044065000001,-0.16999984,0.905596921732305,0.905596921732305,1.81119384346461,4.4695878,-1.06999803,4.26850033,0.72999835
4.358633515,-0.17000002000000003,0.9052856475682473,0.9052856475682473,1.8105712951364945,4.45633554,-1.06999803,4.26093149,0.72999799
4.34559917,-0.14500066500000003,0.879852321329999,0.879852321329999,1.759704642659998,4.43788528,-1.01999974,4.25331306,0.72999841
4.3352878100000005,-0.14500018999999997,0.8795776325464455,0.8795776325464455,1.759155265092891,4.42492771,-1.01999819,4.24564791,0.72999781
4.32498717,-0.14500004,0.8793188448088383,0.8793188448088383,1.7586376896176765,4.41203403,-1.01999974,4.23794031,0.72999966
4.314694644999999,-0.14499929499999997,0.8790697830082449,0.8790697830082449,1.7581395660164898,4.39919806,-1.01999807,4.23019123,0.72999948
4.304411175,-0.14500016,0.8788330108077123,0.8788330108077123,1.7576660216154245,4.38642025,-1.01999843,4.2224021,0.72999811
4.29413557,-0.144999325,0.8786083652287945,0.8786083652287945,1.757216730457589,4.37369728,-1.01999795,4.21457386,0.7299993
4.28386974,-0.14499989000000002,0.878393563321919,0.878393563321919,1.756787126643838,4.36102962,-1.01999795,4.20670986,0.72999817
4.273610115,-0.14499968500000004,0.8781909359156324,0.8781909359156324,1.7563818718312647,4.34841156,-1.01999915,4.19880867,0.72999978
4.261286975,-0.12000107500000001,0.8529101264792084,0.8529101264792084,1.7058202529584168,4.33170128,-0.96999961,4.19087267,0.72999746
4.25110793,-0.11999964499999999,0.8527307082726155,0.8527307082726155,1.705461416545231,4.31931162,-0.96999842,4.18290424,0.72999913
4.24093485,-0.12000098999999997,0.852559764662314,0.852559764662314,1.705119529324628,4.30696583,-0.96999985,4.17490387,0.72999787
4.230766774999999,-0.12000021,0.8523974283034406,0.8523974283034406,1.7047948566068811,4.294662,-0.96999949,4.16687155,0.72999907
4.22060394,-0.12000092999999995,0.8522424578964174,0.8522424578964174,1.7044849157928348,4.28239822,-0.97000015,4.15880966,0.72999829
4.21044588,-0.12000056999999997,0.8520947462371355,0.8520947462371355,1.704189492474271,4.27017355,-0.96999943,4.15071821,0.72999829
4.200293545,-0.12000021500000002,0.851955533657731,0.851955533657731,1.703911067315462,4.25798798,-0.96999997,4.14259911,0.72999954
4.190145494999999,-0.12000098999999997,0.8518213028859064,0.8518213028859064,1.7036426057718128,4.24583817,-0.96999973,4.13445282,0.72999775
4.178421975,-0.09500027,0.8266442905892103,0.8266442905892103,1.6532885811784206,4.23056269,-0.91999853,4.12628126,0.72999799
4.16833997,-0.09500080499999997,0.8265283284960188,0.8265283284960188,1.6530566569920375,4.21859503,-0.9199999,4.11808491,0.72999829
4.158262015,-0.094999465,0.8264172148021384,0.8264172148021384,1.6528344296042767,4.20665884,-0.91999835,4.10986519,0.72999942
4.14818668,-0.09500005499999997,0.8263122384191345,0.8263122384191345,1.652624476838269,4.19475126,-0.91999924,4.1016221,0.72999913
4.1381135,-0.09500029500000001,0.8262109657929418,0.8262109657929418,1.6524219315858837,4.18287134,-0.91999805,4.09335566,0.72999746
4.128043175,-0.09500006,0.8261181677908377,0.8261181677908377,1.6522363355816754,4.1710186,-0.91999966,4.08506775,0.72999954
4.117977140000001,-0.095000325,0.826027807930964,0.826027807930964,1.652055615861928,4.15919399,-0.91999918,4.07676029,0.72999853
4.107913014999999,-0.09499996999999999,0.8259436148370297,0.8259436148370297,1.6518872296740594,4.14739418,-0.91999942,4.06843185,0.72999948
4.096705910000001,-0.07000055999999999,0.8008361506150032,0.8008361506150032,1.6016723012300065,4.13332891,-0.86999887,4.06008291,0.72999775
4.086697815,-0.069999755,0.8007629373776096,0.8007629373776096,1.6015258747552192,4.12167978,-0.86999822,4.05171585,0.72999871
4.07669163,-0.07000041500000004,0.8006933205851366,0.8006933205851366,1.6013866411702733,4.11005211,-0.86999846,4.04333115,0.72999763
4.06668687,-0.06999999499999998,0.8006299054482996,0.8006299054482996,1.6012598108965992,4.09844542,-0.86999977,4.03492832,0.72999978
4.056683305,-0.07000086,0.8005675912439361,0.8005675912439361,1.6011351824878721,4.0868578,-0.86999959,4.02650881,0.72999787
4.046681404999999,-0.06999916,0.8005102399473476,0.8005102399473476,1.6010204798946952,4.07528973,-0.86999804,4.01807308,0.72999972
4.0366818900000005,-0.07000088999999998,0.8004565589710325,0.8004565589710325,1.600913117942065,4.06374121,-0.86999995,4.00962257,0.72999817
4.02668333,-0.06999978499999998,0.8004052996654123,0.8004052996654123,1.6008105993308246,4.05221033,-0.86999792,4.00115633,0.72999835
4.015935065,-0.04500093999999999,0.7753479018276537,0.7753479018276537,1.5506958036553073,4.03919506,-0.81999987,3.99267507,0.72999799
4.005984905,-0.04499987,0.7753064146864451,0.7753064146864451,1.5506128293728902,4.02779055,-0.81999958,3.98417926,0.72999984
3.996035575,-0.04499938999999997,0.7752660629420404,0.7752660629420404,1.5505321258840807,4.01640129,-0.81999791,3.97566986,0.72999913
3.98608732,-0.04500054999999997,0.7752307195048861,0.7752307195048861,1.5504614390097722,4.00502729,-0.81999987,3.96714735,0.72999877
3.976138475,-0.04499966,0.775196540961618,0.775196540961618,1.550393081923236,3.9936657,-0.81999803,3.95861125,0.72999871
3.966190335,-0.04500016999999995,0.7751671977697974,0.7751671977697974,1.5503343955395947,3.98231792,-0.81999958,3.95006275,0.72999924
3.9562428,-0.04500072999999999,0.7751391290967722,0.7751391290967722,1.5502782581935444,3.97098327,-0.81999969,3.94150233,0.72999823
3.9458652699999996,-0.02000006999999998,0.8001171698543723,0.8001171698543723,1.6002343397087446,3.95966315,-0.81999826,3.93206739,0.77999812
3.93596184,-0.020000904999999958,0.8000951815742874,0.8000951815742874,1.6001903631485748,3.94835424,-0.82000011,3.92356944,0.7799983
3.92605829,-0.019999089999999997,0.8000744807725931,0.8000744807725931,1.6001489615451863,3.93705678,-0.81999797,3.9150598,0.77999979
3.916154145,-0.020000574999999965,0.8000561339302324,0.8000561339302324,1.600112267860465,3.92577004,-0.81999892,3.90653825,0.77999777
3.906251195,-0.020000340000000005,0.8000402290356017,0.8000402290356017,1.6000804580712034,3.91449547,-0.81999809,3.89800692,0.77999741
3.896347165,-0.019999504999999973,0.8000280745295798,0.8000280745295798,1.6000561490591596,3.90323019,-0.81999797,3.88946414,0.77999896
3.88644314,-0.02000042499999999,0.8000170802581569,0.8000170802581569,1.6000341605163138,3.89197493,-0.81999838,3.88091135,0.77999753
3.876407745,0.004999190000000042,0.7750097415602667,0.7750097415602667,1.5500194831205334,3.88046718,-0.76999992,3.87234831,0.7799983
3.8665452,0.005000294999999988,0.7750036724986653,0.7750036724986653,1.5500073449973306,3.86931443,-0.76999843,3.86377597,0.77999902
3.85668123,0.004999994999999979,0.7750012231910764,0.7750012231910764,1.550002446382153,3.85816908,-0.7699998,3.85519338,0.77999979
3.8468161800000003,0.004999575000000034,0.7749987553352657,0.7749987553352657,1.5499975106705315,3.84703302,-0.76999915,3.84659934,0.7799983
3.8369506600000003,0.005000439999999995,0.7749999956386945,0.7749999956386945,1.549999991277389,3.83590484,-0.76999885,3.83799648,0.77999973
3.82708454,0.005000234999999964,0.7750024393840323,0.7750024393840323,1.5500048787680647,3.82478404,-0.76999879,3.82938504,0.77999926
3.81721878,0.005000290000000018,0.7750073177445075,0.7750073177445075,1.550014635489015,3.81367159,-0.76999891,3.82076597,0.77999949
3.80735052,0.004999544999999994,0.7750134165852584,0.7750134165852584,1.5500268331705167,3.80256391,-0.76999909,3.81213713,0.77999818
3.797482135,0.004999279999999995,0.7750219827867737,0.7750219827867737,1.5500439655735474,3.79146314,-0.76999933,3.80350113,0.77999789
3.7876128,0.004999610000000043,0.7750329666337329,0.7750329666337329,1.5500659332674658,3.78036857,-0.7699995,3.79485703,0.77999872
3.77774358,0.004999460000000011,0.7750451630612312,0.7750451630612312,1.5500903261224623,3.76928091,-0.7699995,3.78620625,0.77999842
3.767872455,0.005000110000000002,0.7750598093817594,0.7750598093817594,1.550119618763519,3.75819898,-0.76999933,3.77754593,0.77999955
3.75799978,0.004999250000000011,0.7750744884015652,0.7750744884015652,1.5501489768031305,3.74712253,-0.76999891,3.76887703,0.77999741
3.748126265,0.0050006550000000205,0.7750927904737663,0.7750927904737663,1.5501855809475327,3.73605108,-0.76999807,3.76020145,0.77999938
3.73825288,0.00499951500000001,0.7751123345050301,0.7751123345050301,1.5502246690100603,3.72498584,-0.76999927,3.75151992,0.7799983
3.728377105,0.004999640000000027,0.7751343188556252,0.7751343188556252,1.5502686377112505,3.71392393,-0.76999992,3.74283028,0.7799992
3.71850085,0.004999845000000003,0.7751575017905163,0.7751575017905163,1.5503150035810327,3.70286679,-0.76999998,3.73413491,0.77999967
3.7086229299999998,0.004999069999999994,0.7751806795945382,0.7751806795945382,1.5503613591890764,3.69181323,-0.76999933,3.72543263,0.77999747
3.699325445,0.029999140000000035,0.7502002066439419,0.7502002066439419,1.5004004132878839,3.6819253,-0.71999925,3.71672559,0.77999753
3.689482925,0.029999374999999995,0.7502270509371689,0.7502270509371689,1.5004541018743378,3.67095685,-0.7199989,3.708009,0.77999765
3.679639815,0.030000004999999996,0.7502551150075112,0.7502551150075112,1.5005102300150224,3.65999293,-0.71999782,3.6992867,0.77999783
3.669795035,0.029999909999999963,0.7502856683232048,0.7502856683232048,1.5005713366464095,3.64903235,-0.71999842,3.69055772,0.77999824
3.659949895,0.030000420000000028,0.7503173752894614,0.7503173752894614,1.5006347505789228,3.63807654,-0.71999806,3.68182325,0.7799989
3.65010214,0.02999917000000002,0.750350301767681,0.750350301767681,1.500700603535362,3.62712312,-0.71999919,3.67308116,0.77999753
3.64025295,0.029999885000000004,0.7503857697806985,0.7503857697806985,1.500771539561397,3.61617327,-0.71999943,3.66433263,0.7799992
3.6304024449999996,0.03000024000000001,0.7504211374528942,0.7504211374528942,1.5008422749057884,3.60522699,-0.71999848,3.6555779,0.77999896
3.62055111,0.03000023500000004,0.7504589680236972,0.7504589680236972,1.5009179360473943,3.59428573,-0.71999896,3.64681649,0.77999943
3.610696435,0.03000003000000001,0.7504968407197457,0.7504968407197457,1.5009936814394913,3.58334661,-0.7199983,3.63804626,0.77999836
3.60084009,0.029999670000000034,0.7505370732982718,0.7505370732982718,1.5010741465965436,3.57241082,-0.71999878,3.62926936,0.77999812
3.59098208,0.030000450000000012,0.7505786178940168,0.7505786178940168,1.5011572357880336,3.5614779,-0.71999806,3.62048626,0.77999896
3.5811224,0.029999940000000003,0.750621355309026,0.750621355309026,1.501242710618052,3.55054808,-0.71999848,3.61169672,0.77999836
3.571262005,0.030000000000000027,0.7506665039236944,0.7506665039236944,1.5013330078473888,3.53962255,-0.71999943,3.60290146,0.77999943
3.561398865,0.03000029500000001,0.7507117149103584,0.7507117149103584,1.5014234298207167,3.52869892,-0.7199989,3.59409881,0.77999949
3.551534175,0.029999465000000003,0.750758054844909,0.750758054844909,1.501516109689818,3.51777911,-0.71999937,3.58528924,0.7799983
3.54166734,0.03000008999999998,0.750805655375817,0.750805655375817,1.501611310751634,3.50686264,-0.71999842,3.57647204,0.7799986
3.5317992,0.029999704999999988,0.7508544869471027,0.7508544869471027,1.5017089738942053,3.49594975,-0.71999848,3.56764865,0.77999789
3.52315843,0.05499995000000002,0.725875227351589,0.725875227351589,1.451750454703178,3.48749852,-0.66999882,3.55881834,0.77999872
3.51331961,0.054999710000000035,0.7259253253774828,0.7259253253774828,1.4518506507549656,3.47665882,-0.6699993,3.5499804,0.77999872
3.50347948,0.05499983000000003,0.7259753102959359,0.7259753102959359,1.4519506205918717,3.46582246,-0.66999817,3.5411365,0.77999783
3.494970205,0.08000016000000004,0.7510632557551954,0.7510632557551954,1.5021265115103908,3.45498872,-0.66999817,3.53495169,0.82999849
3.48516011,0.08000042999999996,0.7511193517064778,0.7511193517064778,1.5022387034129556,3.44415736,-0.66999894,3.52616286,0.8299998
3.47534692,0.07999989499999999,0.7511743170101113,0.7511743170101113,1.5023486340202226,3.43332815,-0.66999829,3.51736569,0.82999808
3.465531345,0.079999775,0.7512316685949942,0.7512316685949942,1.5024633371899885,3.42250156,-0.66999853,3.50856113,0.82999808
3.4557141099999997,0.07999888,0.7512902854938781,0.7512902854938781,1.5025805709877562,3.41167784,-0.66999972,3.49975038,0.82999748
3.445894245,0.07999968500000004,0.7513500499726411,0.7513500499726411,1.5027000999452822,3.40085626,-0.6699993,3.49093223,0.82999867
3.43607104,0.07999980499999998,0.751411156740432,0.751411156740432,1.502822313480864,3.39003563,-0.66999984,3.48210645,0.82999945
3.426245215,0.08000046499999997,0.7514722060051489,0.7514722060051489,1.5029444120102977,3.37921715,-0.66999876,3.47327328,0.82999969
3.416418315,0.08000034,0.7515344492832153,0.7515344492832153,1.5030688985664307,3.36840224,-0.66999865,3.46443439,0.82999933
3.40658784,0.079999565,0.7515979200351958,0.7515979200351958,1.5031958400703915,3.35758829,-0.66999942,3.45558739,0.82999855
3.396754145,0.07999938499999998,0.7516614041454699,0.7516614041454699,1.5033228082909398,3.34677601,-0.66999865,3.44673228,0.82999742
3.38691795,0.079999775,0.7517272889542275,0.7517272889542275,1.503454577908455,3.33596587,-0.66999876,3.43787003,0.82999831
3.3770808,0.07999941500000002,0.751794455701963,0.751794455701963,1.503588911403926,3.32515931,-0.66999996,3.42900229,0.82999879
3.367239235,0.079999655,0.7518615383142718,0.7518615383142718,1.5037230766285437,3.31435275,-0.66999954,3.42012572,0.82999885
3.357395415,0.07999932500000001,0.7519299269123485,0.7519299269123485,1.503859853824697,3.30354834,-0.67000008,3.41124249,0.82999873
3.3475487250000002,0.08000013,0.7519982537264456,0.7519982537264456,1.5039965074528912,3.29274559,-0.66999853,3.40235186,0.82999879
3.339558365,0.10499954,0.7269995200334614,0.7269995200334614,1.4539990400669227,3.28566194,-0.61999941,3.39345479,0.82999849
3.329738855,0.10499891500000003,0.7270678817429707,0.7270678817429707,1.4541357634859413,3.2749269,-0.61999995,3.38455081,0.82999778
3.3199154149999996,0.10500004999999996,0.7271374537143183,0.7271374537143183,1.4542749074286365,3.26419282,-0.61999917,3.37563801,0.82999927
3.310088875,0.104999185,0.7272070501580781,0.7272070501580781,1.4544141003161561,3.25346041,-0.61999965,3.36671734,0.82999802
3.30025923,0.10499992999999996,0.7272778218792283,0.7272778218792283,1.4545556437584566,3.24273014,-0.61999899,3.35778832,0.82999885
3.290427805,0.10499977999999999,0.7273498743777428,0.7273498743777428,1.4546997487554856,3.23200345,-0.61999983,3.34885216,0.82999939
3.2805917300000003,0.10500010999999998,0.7274218856510549,0.7274218856510549,1.4548437713021098,3.22127724,-0.61999947,3.33990622,0.82999969
3.2707519549999997,0.10500079000000001,0.7274939175773589,0.7274939175773589,1.4549878351547179,3.21055293,-0.61999816,3.33095098,0.82999974
3.26090896,0.10500058500000004,0.7275671496345599,0.7275671496345599,1.4551342992691199,3.19983101,-0.61999834,3.32198691,0.82999951
3.25106442,0.10500049499999997,0.7276403961503152,0.7276403961503152,1.4552807923006303,3.18911338,-0.61999786,3.31301546,0.82999885
3.2412151099999997,0.10499951499999999,0.7277148441726136,0.7277148441726136,1.4554296883452271,3.17839742,-0.61999899,3.3040328,0.82999802
3.231362465,0.10499993000000002,0.7277905376662768,0.7277905376662768,1.4555810753325535,3.16768408,-0.61999947,3.29504085,0.82999933
3.22150564,0.104999395,0.7278649959913178,0.7278649959913178,1.4557299919826356,3.15697312,-0.61999923,3.28603816,0.82999802
3.21164608,0.10500008,0.7279406569067512,0.7279406569067512,1.4558813138135025,3.14626598,-0.61999857,3.27702618,0.82999873
3.201782465,0.10499963000000001,0.7280176117135502,0.7280176117135502,1.4560352234271003,3.13556123,-0.61999995,3.2680037,0.82999921
3.191915035,0.10500046500000004,0.7280932340374334,0.7280932340374334,1.4561864680748668,3.12485981,-0.6199984,3.25897026,0.82999933
3.18204391,0.10499999000000004,0.7281701160758154,0.7281701160758154,1.4563402321516308,3.11416149,-0.61999911,3.24992633,0.82999909
3.172169925,0.10499935999999999,0.7282470653861891,0.7282470653861891,1.4564941307723782,3.10346794,-0.61999983,3.24087191,0.82999855
3.162291765,0.10499984000000001,0.7283227720820162,0.7283227720820162,1.4566455441640325,3.09277821,-0.61999804,3.23180532,0.82999772
3.1524101499999997,0.10500001999999997,0.7284008634924127,0.7284008634924127,1.4568017269848255,3.08209229,-0.61999875,3.22272801,0.82999879
3.142524005,0.10500001999999997,0.7284790174574592,0.7284790174574592,1.4569580349149185,3.0714097,-0.61999959,3.21363831,0.82999963
3.132634875,0.10499954,0.7285546634727004,0.7285546634727004,1.4571093269454007,3.06073236,-0.61999834,3.20453739,0.82999742
3.122741225,0.104999925,0.7286340398641922,0.7286340398641922,1.4572680797283843,3.05005813,-0.61999989,3.19542432,0.82999974
3.112844345,0.10499981000000003,0.7287109335060197,0.7287109335060197,1.4574218670120394,3.03938913,-0.61999947,3.18629956,0.82999909
3.10294271,0.10499915500000001,0.7287878821048349,0.7287878821048349,1.4575757642096698,3.02872396,-0.61999971,3.17716146,0.82999802
3.093037845,0.105000225,0.7288647224966854,0.7288647224966854,1.4577294449933709,3.01806426,-0.61999822,3.16801143,0.82999867
3.083129525,0.10500058500000004,0.7289416557287804,0.7289416557287804,1.457883311457561,3.00741053,-0.61999774,3.15884852,0.82999891
3.073215605,0.105000225,0.7290185854352986,0.7290185854352986,1.4580371708705973,2.99676013,-0.61999816,3.14967108,0.82999861
3.0652405050000002,0.12324178000000002,0.710749489188014,0.710749489188014,1.421498978376028,2.99000001,-0.58351398,3.140481,0.82999754
3.056063295,0.12999922000000003,0.7040283457790022,0.7040283457790022,1.4080566915580044,2.98084903,-0.56999987,3.13127756,0.82999831
3.0461639199999997,0.12999916499999997,0.7041015516209148,0.7041015516209148,1.4082031032418296,2.97026587,-0.56999975,3.12206197,0.82999808
3.036258935,0.13000062,0.704174793282551,0.704174793282551,1.408349586565102,2.95968628,-0.5699985,3.11283159,0.82999974
3.026349785,0.12999951999999998,0.7042468278623745,0.7042468278623745,1.408493655724749,2.94911242,-0.56999904,3.10358715,0.82999808
3.01643598,0.12999967,0.7043188816834299,0.7043188816834299,1.4086377633668599,2.93854356,-0.5699988,3.0943284,0.82999814
3.00651896,0.130000565,0.7043908895300037,0.7043908895300037,1.4087817790600075,2.92798233,-0.56999838,3.08505559,0.82999951
2.996596095,0.12999895500000003,0.70446168918666,0.70446168918666,1.40892337837332,2.91742539,-0.56999981,3.0757668,0.82999772
2.986669425,0.13000058999999997,0.7045324522125991,0.7045324522125991,1.4090649044251982,2.9068749,-0.56999856,3.06646395,0.82999974
2.97673857,0.12999919000000004,0.7046020782347943,0.7046020782347943,1.4092041564695885,2.89633083,-0.56999987,3.05714631,0.82999825
2.966804745,0.12999949,0.7046703677002698,0.7046703677002698,1.4093407354005396,2.88579464,-0.56999886,3.04781485,0.82999784
2.95686507,0.13000046999999998,0.7047387910124641,0.7047387910124641,1.4094775820249281,2.87526321,-0.56999803,3.03846693,0.82999897
2.946921585,0.12999937,0.7048071024698841,0.7048071024698841,1.4096142049397682,2.86473918,-0.56999999,3.02910399,0.82999873
2.93697357,0.129999845,0.7048742477407395,0.7048742477407395,1.409748495481479,2.85422182,-0.57000005,3.01972532,0.82999974
2.9270216199999997,0.13000041499999998,0.7049389537502427,0.7049389537502427,1.4098779075004855,2.84371328,-0.56999862,3.01032996,0.82999945
2.9170641899999996,0.130000055,0.7050024346503256,0.7050024346503256,1.4100048693006513,2.83321095,-0.56999785,3.00091743,0.82999796
2.90710306,0.13000074,0.7050671574912762,0.7050671574912762,1.4101343149825525,2.82271647,-0.56999826,2.99148965,0.82999974
2.89713788,0.12999883499999998,0.7051293439168,0.7051293439168,1.4102586878336,2.81223035,-0.56999981,2.98204541,0.82999748
2.887169125,0.1300002,0.7051904373083226,0.7051904373083226,1.4103808746166453,2.80175281,-0.56999809,2.97258544,0.82999849
2.8771954749999997,0.12999892500000004,0.7052514888324674,0.7052514888324674,1.4105029776649347,2.79128265,-0.57000011,2.9631083,0.82999796
2.8672176599999997,0.12999951999999998,0.7053100818558241,0.7053100818558241,1.4106201637116482,2.78082132,-0.56999904,2.953614,0.82999808
2.8572353149999996,0.12999961000000004,0.7053686504533259,0.7053686504533259,1.4107373009066517,2.7703681,-0.56999969,2.94410253,0.82999891
2.847248435,0.12999895500000003,0.705424819647342,0.705424819647342,1.410849639294684,2.75992393,-0.57000005,2.93457294,0.82999796
2.83725953,0.130000825,0.705479718071992,0.705479718071992,1.410959436143984,2.74949193,-0.56999809,2.92502713,0.82999974
2.82726538,0.130000685,0.7055334007316822,0.7055334007316822,1.4110668014633645,2.73906803,-0.56999832,2.91546273,0.82999969
2.81726706,0.12999949,0.7055847014289929,0.7055847014289929,1.4111694028579858,2.72865367,-0.56999868,2.90588045,0.82999766
2.8072644450000004,0.129999545,0.7056359776364132,0.7056359776364132,1.4112719552728263,2.71824884,-0.56999928,2.89628005,0.82999837
2.7972596899999997,0.13000041499999998,0.7056848082552424,0.7056848082552424,1.4113696165104848,2.70785618,-0.5699982,2.8866632,0.82999903
2.7872495649999998,0.129998805,0.7057324315388214,0.7057324315388214,1.4114648630776427,2.69747233,-0.56999999,2.8770268,0.8299976
2.7772355099999997,0.12999925,0.7057787576679916,0.7057787576679916,1.4115575153359832,2.68709922,-0.57000011,2.8673718,0.82999861
2.767218115,0.130000385,0.7058227537018074,0.7058227537018074,1.4116455074036147,2.67673755,-0.56999892,2.85769868,0.82999969
2.757197615,0.12999951999999998,0.705864237046617,0.705864237046617,1.411728474093234,2.66638827,-0.56999904,2.84800696,0.82999808
2.74717343,0.13000032500000003,0.7059045878105307,0.7059045878105307,1.4118091756210613,2.65605116,-0.56999826,2.8382957,0.82999891
2.737145185,0.130000505,0.7059436377180244,0.7059436377180244,1.4118872754360487,2.64572549,-0.56999868,2.82856488,0.82999969
2.7271139599999996,0.130000055,0.7059790067158608,0.7059790067158608,1.4119580134317216,2.63541269,-0.56999797,2.81881523,0.82999808
2.71707952,0.129998985,0.706014393798718,0.706014393798718,1.412028787597436,2.62511253,-0.56999987,2.80904651,0.82999784
2.70704103,0.12999949,0.70604735060226,0.70604735060226,1.41209470120452,2.6148243,-0.56999975,2.79925776,0.82999873
2.696999665,0.12999958,0.7060766776705152,0.7060766776705152,1.4121533553410304,2.60454988,-0.5699985,2.78944945,0.82999766
2.6869552150000002,0.13000002500000002,0.7061059282502032,0.7061059282502032,1.4122118565004065,2.59428883,-0.56999892,2.7796216,0.82999897
2.67690861,0.13000023,0.7061328116408944,0.7061328116408944,1.4122656232817887,2.58404231,-0.56999934,2.76977491,0.8299998
2.66685772,0.129998805,0.7061560097060822,0.7061560097060822,1.4123120194121643,2.57380891,-0.56999993,2.75990653,0.82999754
2.656804085,0.129999965,0.7061779804447451,0.7061779804447451,1.4123559608894902,2.56358981,-0.56999892,2.75001836,0.82999885
2.64674687,0.129999725,0.7061974685948683,0.7061974685948683,1.4123949371897366,2.55338597,-0.56999928,2.74010777,0.82999873
2.636688115,0.12999978500000003,0.7062146035628909,0.7062146035628909,1.4124292071257818,2.54319859,-0.56999934,2.73017764,0.82999891
2.626625895,0.129999935,0.7062292871417455,0.7062292871417455,1.412458574283491,2.53302574,-0.56999922,2.72022605,0.82999909
2.61656165,0.12999960500000002,0.7062414481270028,0.7062414481270028,1.4124828962540057,2.52286911,-0.56999946,2.71025419,0.82999867
2.6064941900000003,0.129999965,0.7062500457644443,0.7062500457644443,1.4125000915288886,2.51272798,-0.56999791,2.7002604,0.82999784
2.59642482,0.12999928,0.7062585648741487,0.7062585648741487,1.4125171297482975,2.50260353,-0.56999981,2.69024611,0.82999837
2.58635378,0.130000385,0.7062634379492868,0.7062634379492868,1.4125268758985736,2.49249697,-0.56999886,2.68021059,0.82999963
2.5762790449999997,0.12999946,0.7062658715755924,0.7062658715755924,1.4125317431511848,2.4824059,-0.57000005,2.67015219,0.82999897
2.5662029950000003,0.12999943000000003,0.7062646942133317,0.7062646942133317,1.4125293884266634,2.47233319,-0.56999934,2.6600728,0.8299982
2.55612445,0.130000145,0.7062621948145298,0.7062621948145298,1.4125243896290596,2.46227789,-0.56999922,2.64997101,0.82999951
2.54604471,0.129999755,0.7062549080848546,0.7062549080848546,1.4125098161697092,2.45224166,-0.56999809,2.63984776,0.8299976
2.5359627,0.13000044500000002,0.706247546005425,0.706247546005425,1.41249509201085,2.44222331,-0.5699985,2.62970209,0.82999939
2.5258787849999997,0.13000058999999997,0.7062365483182736,0.7062365483182736,1.4124730966365473,2.43222427,-0.56999862,2.6195333,0.8299998
2.51579285,0.129999845,0.7062219067888148,0.7062219067888148,1.4124438135776296,2.42224503,-0.56999886,2.60934067,0.82999855
2.5057069050000003,0.13000002499999996,0.7062060665923733,0.7062060665923733,1.4124121331847466,2.41228676,-0.56999975,2.59912705,0.8299998
2.49561846,0.129999965,0.7061853064305154,0.7061853064305154,1.4123706128610307,2.4023478,-0.5699988,2.58888912,0.82999873
2.485529185,0.130000145,0.7061632962012535,0.7061632962012535,1.412326592402507,2.39242983,-0.56999922,2.57862854,0.82999951
2.47875619,0.15500075000000002,0.6809180003518944,0.6809180003518944,1.3618360007037889,2.38916826,-0.51999801,2.56834412,0.82999951
2.46865821,0.15499982499999998,0.680889908218931,0.680889908218931,1.361779816437862,2.37927842,-0.51999819,2.558038,0.82999784
2.4585577250000004,0.15500072000000004,0.6808605882130714,0.6808605882130714,1.3617211764261428,2.36940789,-0.51999813,2.54770756,0.82999957
2.448455695,0.15500045,0.6808276350296649,0.6808276350296649,1.3616552700593298,2.35955811,-0.51999843,2.53735328,0.82999933
2.4383516299999997,0.15500003,0.6807922590568966,0.6807922590568966,1.361584518113793,2.34972858,-0.51999927,2.52697468,0.82999933
2.4282474499999998,0.15499997,0.680753172560734,0.680753172560734,1.361506345121468,2.33992195,-0.51999891,2.51657295,0.82999885
2.418141125,0.15499899,0.6807116700369318,0.6807116700369318,1.3614233400738636,2.3301363,-0.51999992,2.50614595,0.8299979
2.404787895,0.13000002500000002,0.6554565340303997,0.6554565340303997,1.3109130680607994,2.32037377,-0.51999807,2.48920202,0.77999812
2.394693255,0.12999999499999998,0.6554113583937085,0.6554113583937085,1.310822716787417,2.31063318,-0.51999843,2.47875333,0.77999842
2.384600165,0.129999875,0.6553637596787966,0.6553637596787966,1.3107275193575931,2.30091715,-0.51999921,2.46828318,0.77999896
2.37450671,0.12999976000000002,0.6553112808729111,0.6553112808729111,1.3106225617458223,2.29122448,-0.51999789,2.45778894,0.77999741
2.364412905,0.12999916,0.6552587964804615,0.6552587964804615,1.310517592960923,2.28155494,-0.5199998,2.44727087,0.77999812
2.354320285,0.13000002500000002,0.6552013955136505,0.6552013955136505,1.310402791027301,2.27191114,-0.51999813,2.43672943,0.77999818
2.34422827,0.12999979,0.6551415967300785,0.6551415967300785,1.310283193460157,2.26229215,-0.51999789,2.42616439,0.77999747
2.3341381549999998,0.129998925,0.6550805897852131,0.6550805897852131,1.3101611795704262,2.25269961,-0.5199998,2.4155767,0.77999765
2.3240484,0.12999931000000003,0.6550158939364542,0.6550158939364542,1.3100317878729084,2.24313259,-0.5199995,2.40496421,0.77999812
2.313959715,0.1299997,0.654948736003818,0.654948736003818,1.309897472007636,2.23359203,-0.51999944,2.3943274,0.77999884
2.30387247,0.129999875,0.6548791842129911,0.6548791842129911,1.3097583684259821,2.22407842,-0.51999986,2.38366652,0.77999961
2.293787955,0.13000044,0.6548059368583466,0.6548059368583466,1.3096118737166933,2.21459365,-0.51999885,2.37298226,0.77999973
2.2837044,0.130000085,0.6547302038539387,0.6547302038539387,1.3094604077078773,2.2051363,-0.51999891,2.3622725,0.77999908
2.27362251,0.12999979,0.6546508694243968,0.6546508694243968,1.3093017388487935,2.19570732,-0.51999789,2.3515377,0.77999747
2.26354325,0.130000265,0.6545715181087565,0.6545715181087565,1.309143036217513,2.18630767,-0.51999861,2.34077883,0.77999914
2.2534672000000002,0.12999978500000003,0.6544885148720327,0.6544885148720327,1.3089770297440655,2.17693877,-0.51999915,2.32999563,0.77999872
2.2433927049999998,0.12999984999999997,0.6544018329926958,0.6544018329926958,1.3088036659853917,2.16759944,-0.51999795,2.31918597,0.77999765
2.233320835,0.12999930999999998,0.6543151631116313,0.6543151631116313,1.3086303262232626,2.15829039,-0.51999974,2.30835128,0.77999836
2.22325194,0.12999934000000002,0.6542248392366117,0.6542248392366117,1.3084496784732234,2.14901304,-0.51999968,2.29749084,0.77999836
2.213187575,0.13000065000000005,0.6541320391560779,0.6541320391560779,1.3082640783121557,2.13976884,-0.51999813,2.28660631,0.77999943
2.20312476,0.12999961,0.6540380573501553,0.6540380573501553,1.3080761147003106,2.13055539,-0.51999998,2.27569413,0.7799992
2.193065405,0.13000059000000003,0.6539403602011052,0.6539403602011052,1.3078807204022105,2.12137508,-0.51999825,2.26475573,0.77999943
2.18300927,0.12999967,0.653840334896381,0.653840334896381,1.307680669792762,2.11222816,-0.51999819,2.25379038,0.77999753
2.17295897,0.130000915,0.6537402520849381,0.6537402520849381,1.3074805041698763,2.10311675,-0.51999784,2.24280119,0.77999967
2.16291082,0.13000062,0.6536376984541368,0.6536376984541368,1.3072753969082735,2.09403849,-0.51999849,2.23178315,0.77999973
2.1528666,0.12999957499999998,0.6535327198674165,0.6535327198674165,1.307065439734833,2.08499527,-0.51999927,2.22073793,0.77999842
2.14282656,0.13000002500000002,0.6534252793948657,0.6534252793948657,1.3068505587897314,2.07598758,-0.51999778,2.20966554,0.77999783
2.1327923550000003,0.13000011500000003,0.6533191063556916,0.6533191063556916,1.3066382127113831,2.06701732,-0.5199995,2.19856739,0.77999973
2.12276185,0.12999984999999997,0.6532092419973061,0.6532092419973061,1.3064184839946122,2.0580833,-0.51999938,2.1874404,0.77999908
2.1127367,0.12999993499999996,0.6530969675302291,0.6530969675302291,1.3061939350604581,2.04918718,-0.51999784,2.17628622,0.77999771
2.1027157350000003,0.129999015,0.6529858568429106,0.6529858568429106,1.305971713685821,2.04032803,-0.51999968,2.16510344,0.77999771
2.0950539150000003,0.15499931499999997,0.6277624279391764,0.6277624279391764,1.2555248558783527,2.03621507,-0.46999961,2.15389276,0.77999824
2.08499825,0.155000715,0.627652560927099,0.627652560927099,1.255305121854198,2.02734113,-0.469998,2.14265537,0.77999943
2.0749453300000003,0.15500003,0.6275415379527578,0.6275415379527578,1.2550830759055156,2.01850271,-0.46999806,2.13138795,0.77999812
2.0648970650000003,0.154999135,0.6274316124241496,0.6274316124241496,1.2548632248482992,2.00970221,-0.47000003,2.12009192,0.7799983
2.054853085,0.154999095,0.6273193417545923,0.6273193417545923,1.2546386835091845,2.00093961,-0.46999922,2.10876656,0.77999741
2.044814465,0.15500051,0.6272082385061463,0.6272082385061463,1.2544164770122925,1.99221611,-0.46999836,2.09741282,0.77999938
2.03478044,0.15499956999999998,0.6270971472798793,0.6270971472798793,1.2541942945597586,1.98353159,-0.46999994,2.08602929,0.77999908
2.0247511300000003,0.15499954,0.6269848501656643,0.6269848501656643,1.2539697003313286,1.97488654,-0.46999928,2.07461572,0.77999836
2.0147273549999998,0.15499957,0.6268737730406668,0.6268737730406668,1.2537475460813337,1.96628213,-0.46999946,2.06317258,0.7799986
2.004709065,0.15499876499999998,0.626762710593497,0.626762710593497,1.253525421186994,1.95771849,-0.46999994,2.05169964,0.77999747
1.99469566,0.15500023999999998,0.6266528573631075,0.6266528573631075,1.253305714726215,1.94919562,-0.4699986,2.0401957,0.77999908
1.9846875649999998,0.15499988,0.626542985841294,0.626542985841294,1.253085971682588,1.94071555,-0.46999818,2.02865958,0.77999794
1.97468561,0.154999685,0.6264355198480723,0.6264355198480723,1.2528710396961447,1.93227875,-0.46999881,2.01709247,0.77999818
1.9646902099999999,0.155000465,0.6263293505426836,0.6263293505426836,1.2526587010853671,1.92388535,-0.46999827,2.00549507,0.7799992
1.954700055,0.154999595,0.6262243508130957,0.6262243508130957,1.2524487016261914,1.91553462,-0.46999881,1.99386549,0.779998
1.9447160399999999,0.15500033,0.6261218073480431,0.6261218073480431,1.2522436146960862,1.90722764,-0.46999818,1.98220444,0.77999884
1.934738395,0.1549996,0.6260217066570162,0.6260217066570162,1.2520434133140323,1.89896512,-0.46999916,1.97051167,0.77999836
1.924767855,0.15499918000000001,0.625924088707136,0.625924088707136,1.251848177414272,1.89074779,-0.4699997,1.95878792,0.77999806
1.9148029100000001,0.154999245,0.6258288838467849,0.6258288838467849,1.2516577676935698,1.88257504,-0.46999928,1.94703078,0.77999777
1.904845,0.155000405,0.6257372934532514,0.6257372934532514,1.2514745869065027,1.87444818,-0.46999815,1.93524182,0.77999896
1.894893405,0.15499995499999997,0.6256493731915326,0.6256493731915326,1.2512987463830652,1.86636698,-0.46999875,1.92341983,0.77999866
1.88494897,0.15499985000000002,0.6255651929961195,0.6255651929961195,1.251130385992239,1.85833228,-0.46999884,1.91156566,0.77999854
1.875010315,0.154999925,0.6254845897351862,0.6254845897351862,1.2509691794703723,1.85034347,-0.46999809,1.89967716,0.77999794
1.86507899,0.15499957000000003,0.6254101423762305,0.6254101423762305,1.250820284752461,1.84240282,-0.46999934,1.88775516,0.77999848
1.855980335,0.18000075000000001,0.6003259224643765,0.6003259224643765,1.200651844928753,1.83616304,-0.41999799,1.87579763,0.77999949
1.84597981,0.17999933499999998,0.6002636618069941,0.6002636618069941,1.2005273236139882,1.82815349,-0.41999957,1.86380613,0.77999824
1.835985665,0.18000051500000003,0.6002062792674636,0.6002062792674636,1.2004125585349272,1.8201896,-0.41999787,1.85178173,0.7799989
1.825995925,0.17999950000000003,0.6001550096836621,0.6001550096836621,1.2003100193673242,1.81227005,-0.41999853,1.8397218,0.77999753
1.8160111300000001,0.17999941000000003,0.6001110812437873,0.6001110812437873,1.2002221624875746,1.8043952,-0.41999924,1.82762706,0.77999806
1.8060323,0.17999978,0.6000744333489045,0.6000744333489045,1.200148866697809,1.79656649,-0.41999999,1.81549811,0.77999955
1.79605901,0.180000185,0.6000427037471463,0.6000427037471463,1.2000854074942926,1.78878355,-0.41999841,1.80333447,0.77999878
1.78609002,0.18000026,0.6000207351224727,0.6000207351224727,1.2000414702449453,1.78104556,-0.41999927,1.79113448,0.77999979
1.7761266199999999,0.1799995,0.6000061064771975,0.6000061064771975,1.200012212954395,1.77335393,-0.4200002,1.77889931,0.7799992
1.76616806,0.17999988500000003,0.5999987712187388,0.5999987712187388,1.1999975424374776,1.76570821,-0.41999871,1.76662791,0.77999848
1.7562158700000001,0.17999956000000003,0.6000011999330306,0.6000011999330306,1.2000023998660612,1.75811005,-0.41999865,1.75432169,0.77999777
1.74626708,0.17999971,0.6000134101197536,0.6000134101197536,1.2000268202395072,1.75055897,-0.41999835,1.74197519,0.77999777
1.7363241299999999,0.1800006,0.6000366451924584,0.6000366451924584,1.2000732903849167,1.74305522,-0.41999829,1.72959304,0.77999949
1.726385595,0.180000675,0.6000695904914062,0.6000695904914062,1.2001391809828124,1.73559773,-0.4199982,1.71717346,0.77999955
1.716452415,0.180000545,0.6001135738739078,0.6001135738739078,1.2002271477478157,1.72818696,-0.41999829,1.70471787,0.77999938
1.706522705,0.17999987,0.6001684259790554,0.6001684259790554,1.2003368519581108,1.7208215,-0.4199982,1.69222391,0.77999794
1.69659746,0.18000042500000002,0.6002368092859979,0.6002368092859979,1.2004736185719957,1.71350217,-0.41999829,1.67969275,0.77999914
1.6866763200000001,0.18000052500000002,0.6003173977534244,0.6003173977534244,1.2006347955068488,1.70622861,-0.41999838,1.66712403,0.77999943
1.6767600150000002,0.17999953000000002,0.6004101491539268,0.6004101491539268,1.2008202983078535,1.69900131,-0.41999853,1.65451872,0.77999759
1.6668470499999999,0.17999947000000002,0.6005175749077141,0.6005175749077141,1.2010351498154281,1.69181931,-0.41999865,1.64187479,0.77999759
1.656937,0.17999962,0.6006396470281912,0.6006396470281912,1.2012792940563823,1.68468201,-0.41999888,1.62919199,0.77999812
1.64703035,0.18000087,0.6007763556323734,0.6007763556323734,1.2015527112647468,1.67758989,-0.41999775,1.61647081,0.77999949
1.6371266850000001,0.180000025,0.6009289552989094,0.6009289552989094,1.2018579105978189,1.67054224,-0.41999915,1.60371113,0.7799992
1.62722528,0.180000095,0.6010961501697031,0.6010961501697031,1.2021923003394062,1.66353869,-0.41999817,1.59091187,0.77999836
1.6173263150000001,0.17999923,0.6012817186387941,0.6012817186387941,1.2025634372775882,1.65657961,-0.41999984,1.57807302,0.7799983
1.60742843,0.17999930999999997,0.6014831480912197,0.6014831480912197,1.2029662961824394,1.64966464,-0.41999909,1.56519222,0.77999771
1.597532095,0.17999962000000003,0.6017028626790417,0.6017028626790417,1.2034057253580834,1.64279306,-0.41999853,1.55227113,0.77999777
1.5856241,0.20500024999999997,0.6270227007770772,0.6270227007770772,1.2540454015541544,1.63596511,-0.41999835,1.53528309,0.82999885
1.5756005050000002,0.20500046,0.6272912747243861,0.6272912747243861,1.2545825494487721,1.62917924,-0.41999847,1.52202177,0.82999939
1.56557536,0.20499922499999998,0.6275793774029274,0.6275793774029274,1.2551587548058547,1.62243533,-0.41999903,1.50871539,0.82999748
1.55554819,0.20499948999999998,0.6278906158891769,0.6278906158891769,1.2557812317783539,1.61573291,-0.42000005,1.49536347,0.82999903
1.545519885,0.20499922499999998,0.628221430311185,0.628221430311185,1.25644286062237,1.60907161,-0.41999945,1.48196816,0.8299979
1.535487475,0.20499884999999998,0.6285754645070295,0.6285754645070295,1.257150929014059,1.60244942,-0.41999972,1.46852553,0.82999742
1.52545136,0.204999255,0.6289526723408372,0.6289526723408372,1.2579053446816744,1.59586608,-0.41999933,1.45503664,0.82999784
1.51541096,0.20499915999999999,0.6293542458197422,0.6293542458197422,1.2587084916394844,1.5893209,-0.42000011,1.44150102,0.82999843
1.50536698,0.20499889500000001,0.62977905859717,0.62977905859717,1.25955811719434,1.5828141,-0.41999999,1.42791986,0.82999778
1.4953161499999998,0.20500001500000004,0.6302294851044371,0.6302294851044371,1.2604589702088742,1.57634306,-0.41999906,1.41428924,0.82999909
1.485260485,0.20499914499999997,0.6307055675151734,0.6307055675151734,1.2614111350303467,1.56990921,-0.42000014,1.40061176,0.82999843
1.475197735,0.20500021999999998,0.6312072899082561,0.6312072899082561,1.2624145798165123,1.56351042,-0.41999859,1.38688505,0.82999903
1.465128185,0.20499991,0.6317370730751392,0.6317370730751392,1.2634741461502783,1.55714655,-0.41999957,1.37310982,0.82999939
1.45505029,0.20499954999999997,0.6322925233834011,0.6322925233834011,1.2645850467668023,1.55081666,-0.41999856,1.35928392,0.82999766
1.4449627999999999,0.20500055000000003,0.6328784173614221,0.6328784173614221,1.2657568347228443,1.5445199,-0.41999823,1.3454057,0.82999933
1.4348659499999998,0.20499948,0.6334924132094708,0.6334924132094708,1.2669848264189416,1.53825617,-0.419999,1.33147573,0.82999796
1.4247593900000002,0.20500010500000002,0.6341369828743315,0.6341369828743315,1.268273965748663,1.53202498,-0.41999894,1.3174938,0.82999915
1.414640785,0.205000025,0.6348108071325772,0.6348108071325772,1.2696216142651544,1.52582455,-0.41999832,1.30345702,0.82999837
1.404510615,0.20499934000000003,0.6355175474368164,0.6355175474368164,1.2710350948736329,1.5196557,-0.41999999,1.28936553,0.82999867
1.394366685,0.20499922500000003,0.6362548835874016,0.6362548835874016,1.2725097671748031,1.51351631,-0.41999969,1.27521706,0.82999814
1.384209035,0.20500095,0.6370251457810219,0.6370251457810219,1.2740502915620437,1.50740623,-0.41999784,1.26101184,0.82999974
1.3740364299999999,0.20499956499999997,0.6378296097283308,0.6378296097283308,1.2756592194566616,1.50132549,-0.41999972,1.24674737,0.82999885
1.3638474299999999,0.20499982000000003,0.6386670073536099,0.6386670073536099,1.2773340147072199,1.49527287,-0.4199985,1.23242199,0.82999814
1.35364127,0.204999105,0.6395410149054513,0.6395410149054513,1.2790820298109027,1.48924839,-0.41999963,1.21803415,0.82999784
1.34341681,0.204999715,0.6404504443992672,0.6404504443992672,1.2809008887985345,1.48325074,-0.41999888,1.20358288,0.82999831
1.3331736900000002,0.20500023500000003,0.6413977137894733,0.6413977137894733,1.2827954275789466,1.47727954,-0.41999939,1.18906784,0.82999986
1.32290846,0.205000205,0.6423815546508136,0.6423815546508136,1.2847631093016272,1.47133207,-0.41999939,1.17448485,0.8299998
1.312621655,0.20499949,0.6434033597627729,0.6434033597627729,1.2868067195255457,1.46540928,-0.41999957,1.15983403,0.82999855
1.3023114800000002,0.20500003000000003,0.6444641206163865,0.6444641206163865,1.288928241232773,1.45950997,-0.41999808,1.14511299,0.82999814
1.29197818,0.20500037,0.6455664342176956,0.6455664342176956,1.291132868435391,1.45363498,-0.41999811,1.13032138,0.82999885
1.281618475,0.20499983500000002,0.6467089972090928,0.6467089972090928,1.2934179944181856,1.44778156,-0.41999805,1.11545539,0.82999772
1.27123129,0.20500035500000002,0.6478955347971729,0.6478955347971729,1.2957910695943458,1.44195008,-0.41999862,1.1005125,0.82999933
1.26081574,0.20500020500000002,0.6491235616142261,0.6491235616142261,1.2982471232284523,1.43613899,-0.41999832,1.08549249,0.82999873
1.2503701450000002,0.20499992500000003,0.6503955160322384,0.6503955160322384,1.3007910320644769,1.43034732,-0.41999811,1.07039297,0.82999796
1.2398924199999999,0.20499992500000003,0.6517138502094084,0.6517138502094084,1.3034277004188168,1.42457461,-0.41999882,1.05521023,0.82999867
1.22938156,0.20499958499999998,0.6530774030271461,0.6530774030271461,1.3061548060542922,1.41882014,-0.41999891,1.03994298,0.82999808
1.218835115,0.20499913500000003,0.6544885204815225,0.6544885204815225,1.308977040963045,1.41308236,-0.41999945,1.02458787,0.82999772
1.20825309,0.205000415,0.6559485212450319,0.6559485212450319,1.3118970424900638,1.40736187,-0.41999891,1.00914431,0.82999974
1.197631535,0.20499963999999998,0.6574560598230584,0.6574560598230584,1.3149121196461169,1.40165591,-0.41999838,0.99360716,0.82999766
1.1786094299999998,0.22999987000000002,0.685377194149467,0.685377194149467,1.370754388298934,1.39596605,-0.41999859,0.96125281,0.87999833
1.167704165,0.22999972000000002,0.6870532253243213,0.6870532253243213,1.3741064506486427,1.3902899,-0.41999853,0.94511843,0.87999797
1.1567539550000001,0.22999983999999998,0.6887854157655203,0.6887854157655203,1.3775708315310407,1.38462758,-0.41999936,0.92888033,0.87999904
1.14575392,0.22999969,0.6905737390331007,0.6905737390331007,1.3811474780662014,1.37897551,-0.42000014,0.91253233,0.87999952
1.134703515,0.22999938,0.6924182378810391,0.6924182378810391,1.3848364757620781,1.37333357,-0.41999963,0.89607346,0.87999839
1.1288508149999998,0.21601792,0.6793872065684621,0.6793872065684621,1.3587744131369242,1.36770117,-0.41999897,0.89000046,0.85203481
1.1220434,0.20500013000000003,0.6695080842447154,0.6695080842447154,1.3390161684894308,1.36207759,-0.4199996,0.88200921,0.82999986
1.1110429499999999,0.20499973,0.6714550849597505,0.6714550849597505,1.342910169919501,1.35645998,-0.4199982,0.86562592,0.82999766
1.099984585,0.20500002500000003,0.6734655673419715,0.6734655673419715,1.346931134683943,1.35084867,-0.41999844,0.8491205,0.82999849
1.0888673949999998,0.20499961,0.6755383002086663,0.6755383002086663,1.3510766004173327,1.34524333,-0.41999909,0.83249146,0.82999831
1.077866345,0.20457338999999997,0.6781384556888573,0.6781384556888573,1.3562769113777147,1.33999908,-0.42085302,0.81573361,0.8299998
1.069422455,0.19804348000000002,0.6874439156052886,0.6874439156052886,1.3748878312105772,1.3399992,-0.43391171,0.79884571,0.82999867
1.060908885,0.191788925,0.6965649765784218,0.6965649765784218,1.3931299531568435,1.33999932,-0.44642052,0.78181845,0.82999837
1.0523257849999998,0.18579512999999998,0.7055163859859819,0.7055163859859819,1.4110327719719638,1.34000003,-0.4584074,0.76465154,0.82999766
1.04366943,0.18005141500000002,0.7143127106372045,0.7143127106372045,1.428625421274409,1.33999979,-0.46989548,0.74733907,0.82999831
1.03239942,0.18000008000000003,0.716949489429994,0.716949489429994,1.433898978859988,1.33492041,-0.46999809,0.72987843,0.82999825
1.0210292300000001,0.17999918500000003,0.7196081532282695,0.7196081532282695,1.439216306456539,1.32979631,-0.46999988,0.71226215,0.82999825
1.009579775,0.179999085,0.7223449658170896,0.7223449658170896,1.4446899316341792,1.32467246,-0.47000003,0.69448709,0.8299982
1.0047732900000002,0.16640111999999999,0.7099902408109512,0.7099902408109512,1.4199804816219024,1.31954634,-0.46999818,0.69000024,0.80280042
0.9990451,0.15500048,0.7000598112635431,0.7000598112635431,1.4001196225270862,1.31441879,-0.46999806,0.68367141,0.77999902
0.9875919799999999,0.1549997,0.7029309329994496,0.7029309329994496,1.4058618659988993,1.30928826,-0.46999902,0.6658957,0.77999842
0.976047155,0.15500089499999997,0.7058861939139802,0.7058861939139802,1.4117723878279604,1.30415034,-0.469998,0.64794397,0.77999979
0.964410575,0.15499981999999998,0.708928233126482,0.708928233126482,1.417856466252964,1.29900849,-0.46999896,0.62981266,0.7799986
0.952678265,0.154999765,0.7120593226599937,0.7120593226599937,1.4241186453199874,1.29385972,-0.46999919,0.61149681,0.77999872
0.9414930349999999,0.15383324,0.7166174039250955,0.7166174039250955,1.433234807850191,1.28999889,-0.47233301,0.59298718,0.77999949
0.93999976,0.13544765,0.7092260337218906,0.7092260337218906,1.4184520674437813,1.28999925,-0.48140073,0.59000027,0.75229603
0.93714535,0.11992565999999999,0.7047656271419334,0.7047656271419334,1.4095312542838667,1.2899996,-0.49014685,0.5842911,0.72999817
0.9278644650000001,0.11570741000000001,0.7130896286280475,0.7130896286280475,1.426179257256095,1.28999949,-0.4985849,0.56572944,0.72999972
0.9184783699999999,0.11163553500000001,0.7213879588548284,0.7213879588548284,1.4427759177096569,1.28999889,-0.5067277,0.54695785,0.72999877
0.91500008,0.09787923500000001,0.7181530423980459,0.7181530423980459,1.4363060847960918,1.28999996,-0.51459026,0.5400002,0.71034873
0.914295045,0.08000027999999998,0.7071997255672507,0.7071997255672507,1.4143994511345015,1.28863847,-0.51999843,0.53995162,0.67999899
0.90252742,0.08000022000000001,0.7109753669733281,0.7109753669733281,1.4219507339466562,1.28395474,-0.51999909,0.5211001,0.67999953
0.8906363549999999,0.07999941999999999,0.714859646483508,0.714859646483508,1.429719292967016,1.27925575,-0.51999998,0.50201696,0.67999882
0.8822708,0.07446250500000001,0.7122228766285537,0.7122228766285537,1.4244457532571073,1.27454138,-0.51999962,0.49000022,0.66892463
0.879904225,0.060006590000000026,0.6988781907744868,0.6988781907744868,1.3977563815489735,1.26980722,-0.51999891,0.49000123,0.64001209
0.871293975,0.054999469999999995,0.696900638112683,0.696900638112683,1.393801276225366,1.26505339,-0.51999968,0.47753456,0.62999862
0.859180975,0.05499944499999998,0.7010718146668865,0.7010718146668865,1.402143629333773,1.26027668,-0.51999962,0.45808527,0.62999851
0.84692253,0.05500021500000002,0.7053637466123958,0.7053637466123958,1.4107274932247915,1.25547433,-0.51999843,0.43837073,0.62999886
0.834516315,0.05499980000000004,0.7097815092735912,0.7097815092735912,1.4195630185471824,1.25064802,-0.5199995,0.41838461,0.6299991
0.82195474,0.055000154999999995,0.7143261635042855,0.7143261635042855,1.428652327008571,1.24579215,-0.51999873,0.39811733,0.62999904
0.815454575,0.046713475000000004,0.7086425560937624,0.7086425560937624,1.4172851121875247,1.24090791,-0.51999962,0.39000124,0.61342657
0.81299479,0.03322297500000004,0.6964038142956763,0.6964038142956763,1.3928076285913527,1.23598945,-0.51999831,0.39000013,0.58644426
0.8027478149999999,0.030000570000000004,0.6970873795294903,0.6970873795294903,1.3941747590589806,1.23103726,-0.51999849,0.37445837,0.57999963
0.78986223,0.029999885000000004,0.701965317991112,0.701965317991112,1.403930635982224,1.22604716,-0.51999831,0.3536773,0.57999808
0.780509755,0.025400969999999967,0.7010779201396362,0.7010779201396362,1.4021558402792724,1.22101891,-0.51999974,0.3400006,0.57080168
0.77797461,0.012449030000000028,0.6894360411190914,0.6894360411190914,1.3788720822381828,1.21594799,-0.51999944,0.34000123,0.5448975
0.771028205,0.004999370000000003,0.6848742690727909,0.6848742690727909,1.3697485381455818,1.21083343,-0.5199998,0.33122298,0.52999854
0.757755295,0.004999489999999995,0.6901098357914771,0.6901098357914771,1.3802196715829542,1.20567,-0.51999956,0.30984059,0.52999854
0.74522945,0.0039054149999999677,0.6940527165304147,0.6940527165304147,1.3881054330608293,1.20045769,-0.51999956,0.29000121,0.52781039
0.742595795,-0.008570464999999972,0.6829358073681708,0.6829358073681708,1.3658716147363417,1.19519103,-0.51999873,0.29000056,0.5028578
0.739270015,-0.02007204500000001,0.6732226816262393,0.6732226816262393,1.3464453632524787,1.1899997,-0.52014357,0.28854033,0.47999948
0.7282309650000001,-0.023001834999999998,0.6828174209787288,0.6828174209787288,1.3656348419574575,1.1899991,-0.52600265,0.26646283,0.47999898
0.7169913050000001,-0.02585847999999999,0.6925512935000457,0.6925512935000457,1.3851025870000915,1.1899991,-0.5317151,0.24398351,0.47999814
0.7149994399999999,-0.038575735,0.6887206579298302,0.6887206579298302,1.3774413158596603,1.18999851,-0.5372861,0.24000037,0.46013463
0.7149995299999999,-0.053140465,0.6821398552502395,0.6821398552502395,1.364279710500479,1.18999898,-0.54272223,0.24000008,0.4364413
0.70668087,-0.059014559999999994,0.6875549516966557,0.6875549516966557,1.3751099033933114,1.18999982,-0.54802847,0.22336192,0.42999935
0.6950102300000001,-0.06160325,0.6976282004456456,0.6976282004456456,1.395256400891291,1.18999827,-0.55320466,0.20002219,0.42999816
0.683101995,-0.06413089,0.7078906048521352,0.7078906048521352,1.4157812097042703,1.18999934,-0.55826062,0.17620465,0.42999884
0.67094589,-0.06659931000000002,0.7183496163813178,0.7183496163813178,1.4366992327626356,1.18999922,-0.56319755,0.15189256,0.42999893
0.6650002500000001,-0.075083925,0.720145238931765,0.720145238931765,1.44029047786353,1.1899991,-0.56801939,0.1400014,0.41785154
0.66351872,-0.08764697500000002,0.7118530115880263,0.7118530115880263,1.4237060231760525,1.18703687,-0.56999898,0.14000057,0.39470503
0.6564791900000001,-0.09499951999999998,0.7082934472348082,0.7082934472348082,1.4165868944696165,1.18188894,-0.56999868,0.13106944,0.37999964
0.64113739,-0.09499977499999998,0.7158276255234665,0.7158276255234665,1.431655251046933,1.17666066,-0.56999874,0.10561412,0.37999919
0.630673795,-0.09953919000000003,0.7167016113390909,0.7167016113390909,1.4334032226781819,1.17134714,-0.57000017,0.09000045,0.37092179
0.627970835,-0.11083043999999997,0.7072814680199883,0.7072814680199883,1.4145629360399765,1.16594052,-0.56999892,0.09000115,0.34833804
0.62288628,-0.12000029000000001,0.7010449008255109,0.7010449008255109,1.4020898016510217,1.1604408,-0.56999928,0.08533176,0.3299987
0.6066824500000001,-0.12000024499999998,0.7092065152807284,0.7092065152807284,1.4184130305614568,1.15483832,-0.56999916,0.05852658,0.32999867
0.59008571,-0.11999979499999996,0.7176538298134785,0.7176538298134785,1.435307659626957,1.14912772,-0.56999874,0.0310437,0.32999915
0.573078295,-0.120000095,0.7264013212995807,0.7264013212995807,1.4528026425991614,1.14330542,-0.56999999,0.00285117,0.3299998
0.56499923,-0.12724119500000003,0.7269592171991067,0.7269592171991067,1.4539184343982134,1.1399982,-0.5720399,-0.00999974,0.31755751
0.56499996,-0.14066605499999998,0.7215710592724255,0.7215710592724255,1.443142118544851,1.13999903,-0.57660282,-0.00999911,0.29527071
0.5604758049999999,-0.15054118500000002,0.721950682157556,0.721950682157556,1.443901364315112,1.13999999,-0.58108097,-0.01904838,0.2799986
0.54546484,-0.15273831499999999,0.7353454775192759,0.7353454775192759,1.4706909550385519,1.13999927,-0.58547586,-0.04906959,0.27999923
0.53002066,-0.154895635,0.7491381563927016,0.7491381563927016,1.4982763127854033,1.13999939,-0.58979094,-0.07995807,0.27999967
0.514999655,-0.15763170999999998,0.7622766083229967,0.7622766083229967,1.5245532166459934,1.1399982,-0.59402883,-0.10999889,0.27876541
0.5149997749999999,-0.17090568,0.757098435184753,0.757098435184753,1.514196870369506,1.1399982,-0.59819365,-0.10999865,0.25638229
0.51499922,-0.18401240000000002,0.752048278445427,0.752048278445427,1.504096556890854,1.1399982,-0.6022861,-0.10999976,0.2342613
0.5015610450000001,-0.18815449,0.7631885236747458,0.7631885236747458,1.5263770473494915,1.13999975,-0.60630846,-0.13687766,0.22999948
0.48999981499999995,-0.19372397500000002,0.7720117403574098,0.7720117403574098,1.5440234807148197,1.13999879,-0.61026144,-0.15999916,0.22281349
0.49000031999999993,-0.20671119499999996,0.7671399150639809,0.7671399150639809,1.5342798301279619,1.13999879,-0.61414909,-0.15999815,0.2007267
0.48908383499999997,-0.21898699,0.7634655825260005,0.7634655825260005,1.526931165052001,1.13999856,-0.61797285,-0.16183089,0.17999887
0.47102251,-0.22086777000000002,0.7798876812140697,0.7798876812140697,1.5597753624281394,1.13999987,-0.62173444,-0.19795485,0.1799989
0.45230645999999997,-0.222717605,0.796933615959251,0.796933615959251,1.593867231918502,1.13999963,-0.62543499,-0.23538671,0.17999978
0.44000055000000005,-0.22860182499999998,0.8064599960232228,0.8064599960232228,1.6129199920464456,1.13999903,-0.62907636,-0.25999793,0.17187271
0.43999915,-0.24155407499999998,0.801849297501296,0.801849297501296,1.603698595002592,1.13999796,-0.63266015,-0.25999966,0.149552
0.43765391500000006,-0.253095345,0.8000305536501832,0.8000305536501832,1.6000611073003663,1.13999844,-0.6361894,-0.26469061,0.12999871
0.417017745,-0.25483203499999996,0.8190210419800106,0.8190210419800106,1.6380420839600212,1.13999808,-0.63966304,-0.30596259,0.12999897
0.395530675,-0.256542385,0.8388366845503118,0.8388366845503118,1.6776733691006236,1.13999856,-0.64308417,-0.34893721,0.1299994
0.390000465,-0.26676526500000003,0.8406323327852738,0.8406323327852738,1.6812646655705477,1.13999987,-0.6464541,-0.35999894,0.11292357
0.39000050499999994,-0.27973806,0.8363159182700367,0.8363159182700367,1.6726318365400734,1.13999927,-0.64977342,-0.35999826,0.0902973
0.377372905,-0.28652316,0.8461303307127188,0.8461303307127188,1.6922606614254376,1.13999867,-0.6530453,-0.38525286,0.07999898
0.353250595,-0.28813627999999997,0.8686169426619113,0.8686169426619113,1.7372338853238225,1.1399982,-0.65627158,-0.43349701,0.07999902
0.3399998999999999,-0.29519595,0.8790247021687225,0.8790247021687225,1.758049404337445,1.13999927,-0.65945607,-0.45999947,0.06906417
0.339999885,-0.30834388,0.8749243374028771,0.8749243374028771,1.7498486748057542,1.13999784,-0.66259784,-0.45999807,0.04591008
0.331794425,-0.317850515,0.879882803835557,0.879882803835557,1.759765607671114,1.13999867,-0.66570055,-0.47640982,0.02999952
0.31500065499999996,-0.323865535,0.8941918983205361,0.8941918983205361,1.7883837966410723,1.13999915,-0.66876644,-0.50999784,0.02103537
0.31278496999999994,-0.33610689,0.8879503443821642,0.8879503443821642,1.7759006887643285,1.13556778,-0.66999948,-0.50999784,-0.0022143
0.30218068,-0.34499994500000003,0.8872973946906928,0.8872973946906928,1.7745947893813856,1.12781501,-0.66999936,-0.52345365,-0.02000053
0.267854155,-0.34500012999999996,0.9116967791458419,0.9116967791458419,1.8233935582916838,1.11965585,-0.66999996,-0.58394754,-0.0200003
0.250525295,-0.35201265,0.9173962286259455,0.9173962286259455,1.834792457251891,1.11104834,-0.66999996,-0.60999775,-0.03402534
0.24597445000000007,-0.36391418,0.9090539120936783,0.9090539120936783,1.8181078241873565,1.1019479,-0.6699999,-0.609999,-0.05782846
0.22455617999999994,-0.37000012,0.9181433281670005,0.9181433281670005,1.836286656334001,1.09230459,-0.6699999,-0.64319223,-0.07000034
0.2150009,-0.38046176,0.9224951142504948,0.9224951142504948,1.8449902285009896,1.08999968,-0.67265069,-0.65999788,-0.08827283
0.21500098499999998,-0.39413987,0.9192981093404144,0.9192981093404144,1.838596218680829,1.08999991,-0.6760723,-0.65999794,-0.11220744
0.18999949,-0.39996805999999996,0.942401072967894,0.942401072967894,1.884802145935788,1.08999896,-0.67946893,-0.70999998,-0.12046719
0.18999970000000005,-0.41376791,0.9393603577055639,0.9393603577055639,1.8787207154111278,1.08999777,-0.68284291,-0.70999837,-0.14469291
0.18999979,-0.42748529500000004,0.9364440794598086,0.9364440794598086,1.8728881589196171,1.08999789,-0.68619543,-0.70999831,-0.16877516
0.14883929499999993,-0.42976419,0.9763488572093796,0.9763488572093796,1.9526977144187592,1.08999813,-0.68952781,-0.79231954,-0.17000057
0.14000064,-0.44145817,0.9826965383479376,0.9826965383479376,1.9653930766958752,1.08999979,-0.69284254,-0.80999851,-0.1900738
0.14000088000000005,-0.45551587,0.979998850956888,0.979998850956888,1.959997701913776,1.08999956,-0.69614059,-0.8099978,-0.21489115
0.09955614999999995,-0.45971206,1.0190380553829754,1.0190380553829754,2.038076110765951,1.08999896,-0.69942355,-0.89088666,-0.22000057
0.09000012500000004,-0.471873135,1.0262927503096475,1.0262927503096475,2.052585500619295,1.08999956,-0.70269328,-0.90999931,-0.24105299
0.08999997499999995,-0.48627785,1.0238415415705764,1.0238415415705764,2.0476830831411528,1.08999765,-0.70595068,-0.9099977,-0.26660502
0.06499921999999997,-0.4954001,1.0470593475667116,1.0470593475667116,2.094118695133423,1.08999848,-0.70919859,-0.96000004,-0.28160161
0.06500020499999998,-0.5099483300000001,1.0448083372374866,1.0448083372374866,2.089616674474973,1.08999896,-0.71243787,-0.95999855,-0.30745879
0.029642940000000007,-0.517834765,1.0786535034564322,1.0786535034564322,2.1573070069128644,1.08999896,-0.71566927,-1.03071308,-0.32000026
0.014998975000000025,-0.5300726,1.0914563101026915,1.0914563101026915,2.182912620205383,1.08999801,-0.71889514,-1.06000006,-0.34125006
0.014999870000000026,-0.54498169,1.0894945891790233,1.0894945891790233,2.1789891783580466,1.08999825,-0.72211707,-1.05999851,-0.36784631
-0.009999274999999974,-0.555983555,1.1129590347132197,1.1129590347132197,2.2259180694264393,1.08999956,-0.72533637,-1.10999811,-0.38663074
-0.009999215000000006,-0.5710462199999999,1.1112182544001807,1.1112182544001807,2.2224365088003615,1.08999956,-0.72855401,-1.10999799,-0.41353843
-0.03500056000000007,-0.58274388,1.1348266486426077,1.1348266486426077,2.2696532972852155,1.08999813,-0.7317723,-1.15999925,-0.43371546
-0.03500110000000001,-0.5979677,1.1333129081355786,1.1333129081355786,2.2666258162711572,1.08999765,-0.7349931,-1.15999985,-0.4609423
-0.05999982000000004,-0.61036119,1.157083710366733,1.157083710366733,2.314167420733466,1.08999813,-0.73821825,-1.20999777,-0.48250413
-0.05999887000000004,-0.625748575,1.1558044409078314,1.1558044409078314,2.311608881815663,1.09000003,-0.74144834,-1.20999777,-0.51004881
-0.11000037500000004,-0.636586275,1.2048582635370126,1.2048582635370126,2.4097165270740253,1.08999884,-0.74468493,-1.30999959,-0.52848762
-0.11000012999999997,-0.65240729,1.2037939286923198,1.2037939286923198,2.4075878573846397,1.08999789,-0.74792993,-1.30999815,-0.55688465
-0.13499951499999996,-0.66645482,1.2279261015309269,1.2279261015309269,2.4558522030618537,1.08999979,-0.75118506,-1.35999882,-0.58172458
-0.13500064499999997,-0.68244639,1.2271129749971372,1.2271129749971372,2.4542259499942745,1.08999801,-0.7544502,-1.3599993,-0.61044258
-0.16000038000000005,-0.6971877799999999,1.2514636254585727,1.2514636254585727,2.5029272509171454,1.08999801,-0.75772893,-1.40999877,-0.63664663
-0.1600005000000001,-0.7133588500000001,1.2509070352851026,1.2509070352851026,2.501814070570205,1.08999813,-0.76102263,-1.40999913,-0.66569507
-0.15999996500000002,-0.729491475,1.250484617603847,1.250484617603847,2.500969235207694,1.0899992,-0.76433206,-1.40999913,-0.69465089
-0.15999937499999994,-0.74558693,1.2501940395201139,1.2501940395201139,2.5003880790402278,1.08999979,-0.76766008,-1.40999854,-0.72351378
-0.16000068499999998,-0.761650445,1.250034189767493,1.250034189767493,2.500068379534986,1.08999848,-0.77100796,-1.40999985,-0.75229293
-0.16000026499999997,-0.7776819749999999,1.2500024011823825,1.2500024011823825,2.500004802364765,1.08999777,-0.77437812,-1.4099983,-0.78098583
-0.15999984499999997,-0.7936827799999999,1.2500989830866729,1.2500989830866729,2.5001979661733458,1.08999789,-0.77777272,-1.40999758,-0.80959284
-0.13499891499999994,-0.809085605,1.225316124213429,1.225316124213429,2.450632248426858,1.08999968,-0.78119212,-1.35999751,-0.83697909
-0.13499938999999994,-0.82478264,1.2256566578645924,1.2256566578645924,2.451313315729185,1.08999968,-0.78463888,-1.35999846,-0.8649264
-0.10999917999999997,-0.839387925,1.2010937687972734,1.2010937687972734,2.4021875375945467,1.08999968,-0.78811437,-1.30999804,-0.89066148
-0.10999995500000004,-0.8547929249999999,1.2016600735317537,1.2016600735317537,2.4033201470635075,1.08999848,-0.79162103,-1.30999839,-0.91796482
-0.08500068999999999,-0.8686159250000001,1.1772925227527877,1.1772925227527877,2.3545850455055755,1.08999801,-0.79516023,-1.25999939,-0.94207162
-0.08499938500000004,-0.8837401300000001,1.1780700447270402,1.1780700447270402,2.3561400894540805,1.08999979,-0.79873443,-1.25999856,-0.96874583
-0.03499996999999999,-0.89474323,1.1287865653326674,1.1287865653326674,2.257573130665335,1.0899986,-0.80234557,-1.15999854,-0.98714089
-0.03499960999999996,-0.9093537300000001,1.1297363296274852,1.1297363296274852,2.2594726592549703,1.08999872,-0.80599546,-1.15999794,-1.012712
0.014999925000000025,-0.91887659,1.0805310415806646,1.0805310415806646,2.161062083161329,1.08999979,-0.80968583,-1.05999994,-1.02806735
0.015000285000000058,-0.932988975,1.0816271837082738,1.0816271837082738,2.1632543674165476,1.08999825,-0.81342,-1.05999768,-1.05255795
0.04000007999999999,-0.944075825,1.0576367659998567,1.0576367659998567,2.1152735319997134,1.08999932,-0.81720138,-1.00999916,-1.07095027
0.04000020000000004,-0.9579430800000001,1.0588867087030782,1.0588867087030782,2.1177734174061564,1.08999836,-0.82103097,-1.00999796,-1.09485519
0.039999545000000025,-0.97181055,1.0602245765874307,1.0602245765874307,2.1204491531748615,1.08999777,-0.82490963,-1.00999868,-1.11871147
0.08999964500000002,-0.9782117349999999,1.0110925128901995,1.0110925128901995,2.022185025780399,1.08999777,-0.82884032,-0.90999848,-1.12758315
0.09000014999999995,-0.991613265,1.0125268173931838,1.0125268173931838,2.0250536347863677,1.0899986,-0.83282518,-0.9099983,-1.15040135
0.09945083000000005,-1.003433555,1.0044543586162988,1.0044543586162988,2.0089087172325977,1.08999825,-0.83686715,-0.89109659,-1.16999996
0.140000315,-1.009566095,0.9648437826537508,0.9648437826537508,1.9296875653075016,1.08999932,-0.84096771,-0.80999869,-1.17816448
0.13999956999999996,-1.022530105,0.9664197105863013,0.9664197105863013,1.9328394211726025,1.08999765,-0.84513026,-0.80999851,-1.19992995
0.14422693499999995,-1.03467804,0.9637573542220931,0.9637573542220931,1.9275147084441862,1.0899986,-0.84935617,-0.80154473,-1.21999991
0.16499978499999995,-1.0433700350000001,0.9442541467308893,0.9442541467308893,1.8885082934617785,1.08999801,-0.85364872,-0.75999844,-1.23309135
0.164999785,-1.05614865,0.9459826799739418,0.9459826799739418,1.8919653599478836,1.08999932,-0.85800958,-0.75999975,-1.25428772
0.17720225,-1.06622106,0.9352660512749827,0.9352660512749827,1.8705321025499655,1.08999836,-0.86244214,-0.73559386,-1.26999998
0.21499982500000003,-1.070148645,0.8982836603985248,0.8982836603985248,1.7965673207970496,1.08999884,-0.8669486,-0.65999919,-1.27334869
0.215000095,-1.082537655,0.9000817711614555,0.9000817711614555,1.800163542322911,1.08999932,-0.87153161,-0.65999913,-1.2935437
0.21499991499999999,-1.09494984,0.9019299352766306,0.9019299352766306,1.8038598705532611,1.08999932,-0.87619507,-0.65999949,-1.31370461
0.23999914500000002,-1.10091633,0.8780016794373534,0.8780016794373534,1.7560033588747068,1.08999777,-0.88094068,-0.60999948,-1.32089198
0.24000089999999996,-1.1131596,0.8798889273954867,0.8798889273954867,1.7597778547909735,1.08999991,-0.88576961,-0.60999811,-1.34054959
0.23999908499999995,-1.125430585,0.8818176668610451,0.8818176668610451,1.7636353337220902,1.08999765,-0.89068639,-0.60999948,-1.36017478
0.25715058999999996,-1.13284567,0.8659557628332243,0.8659557628332243,1.7319115256664486,1.08999944,-0.89569134,-0.57569826,-1.37
0.289999005,-1.13539401,0.8336914575074283,0.8336914575074283,1.6673829150148567,1.09000003,-0.90078837,-0.51000202,-1.36999965
0.289999785,-1.147328675,0.8356115914428099,0.8356115914428099,1.6712231828856199,1.08999825,-0.90597999,-0.50999868,-1.38867736
0.28999939999999996,-1.15929666,0.837565896294379,0.837565896294379,1.675131792588758,1.08999813,-0.9112671,-0.50999933,-1.40732622
0.29933819500000003,-1.16832623,0.8297497700863667,0.8297497700863667,1.6594995401727335,1.08999932,-0.9166525,-0.49132293,-1.41999996
0.32756453500000005,-1.171069565,0.8020422300616694,0.8020422300616694,1.6040844601233388,1.08999836,-0.92213905,-0.43486929,-1.42000008
0.33999979500000005,-1.17867428,0.7908690749681297,0.7908690749681297,1.5817381499362595,1.08999956,-0.92772758,-0.40999997,-1.42962098
0.33999993000000006,-1.190377145,0.7927941911114862,0.7927941911114862,1.5855883822229724,1.08999777,-0.93342215,-0.40999791,-1.44733214
0.339999885,-1.202118725,0.7947411528173107,0.7947411528173107,1.5894823056346215,1.08999944,-0.93922299,-0.40999967,-1.46501446
0.357666865,-1.20756668,0.7779345329977341,0.7779345329977341,1.5558690659954681,1.08999944,-0.94513357,-0.37466571,-1.46999979
0.3649997549999999,-1.21656328,0.7720532210715811,0.7720532210715811,1.5441064421431623,1.08999908,-0.95115387,-0.35999957,-1.48197269
0.36500018999999995,-1.228227915,0.7739733351308749,0.7739733351308749,1.5479466702617497,1.08999944,-0.95728362,-0.35999906,-1.49917221
0.365000725,-1.239933045,0.7759033537191328,0.7759033537191328,1.5518067074382655,1.08999968,-0.96352297,-0.35999823,-1.51634312
0.38234607500000006,-1.244936045,0.7592309231894099,0.7592309231894099,1.5184618463788198,1.08999836,-0.96987271,-0.32530621,-1.51999938
0.41161847,-1.24500033,0.7468383741799317,0.7468383741799317,1.4936767483598634,1.10598361,-0.97000104,-0.28274667,-1.51999962
0.430993585,-1.248672335,0.7450683893064092,0.7450683893064092,1.4901367786128183,1.12198496,-0.9700008,-0.25999779,-1.52734387
0.43884976,-1.25683847,0.7554235973336635,0.7554235973336635,1.510847194667327,1.13769817,-0.97000104,-0.25999865,-1.5436759
0.43999988,-1.26773727,0.758554673592748,0.758554673592748,1.517109347185496,1.13999808,-0.97549129,-0.25999832,-1.55998325
0.44738339,-1.27601862,0.7524243605355149,0.7524243605355149,1.5048487210710297,1.13999999,-0.9820379,-0.24523321,-1.56999934
0.466110305,-1.27934876,0.7338965296991766,0.7338965296991766,1.4677930593983533,1.13999903,-0.98869759,-0.20777842,-1.56999993
0.48423089500000005,-1.2827346,0.7159277280836589,0.7159277280836589,1.4318554561673178,1.13999844,-0.99546915,-0.17153665,-1.57000005
0.489999305,-1.29141474,0.7113769712703379,0.7113769712703379,1.4227539425406759,1.13999856,-1.00235045,-0.15999995,-1.58047903
0.49000034,-1.3026649350000001,0.7131189384352367,0.7131189384352367,1.4262378768704733,1.13999951,-1.00933969,-0.15999883,-1.59599018
0.49000051499999997,-1.313957635,0.7148546922801379,0.7148546922801379,1.4297093845602757,1.13999927,-1.01643646,-0.15999824,-1.61147881
0.49748037999999994,-1.3218188899999999,0.7083361954508114,0.7083361954508114,1.4166723909016228,1.13999784,-1.02363861,-0.14503708,-1.61999917
0.513792625,-1.3254711650000002,0.6920129119614304,0.6920129119614304,1.3840258239228609,1.13999939,-1.0309428,-0.11241414,-1.61999953
0.5296535849999999,-1.3291746350000002,0.6760925244687686,0.6760925244687686,1.352185048937537,1.13999915,-1.03834927,-0.08069198,-1.62
0.54000104,-1.335384545,0.6662024109224008,0.6662024109224008,1.3324048218448017,1.13999987,-1.04585552,-0.05999779,-1.62491357
0.539999715,-1.34656346,0.667763671174786,0.667763671174786,1.335527342349572,1.13999891,-1.0534606,-0.05999948,-1.63966632
0.540000075,-1.3577790250000001,0.6693128072062798,0.6693128072062798,1.3386256144125597,1.13999856,-1.06116235,-0.05999841,-1.6543957
0.5399995049999999,-1.3690302399999998,0.6708508156243187,0.6708508156243187,1.3417016312486374,1.13999879,-1.06896079,-0.05999978,-1.66909969
0.560394475,-1.3700004250000002,0.6647034019067528,0.6647034019067528,1.3294068038135056,1.15354776,-1.07000077,-0.03275881,-1.67000008
0.582307495,-1.370000185,0.6589599494212058,0.6589599494212058,1.3179198988424117,1.1690172,-1.07000029,-0.00440221,-1.67000008
0.60382373,-1.3700000650000002,0.6534484725064273,0.6534484725064273,1.3068969450128547,1.18433678,-1.07000089,0.02331068,-1.66999924
0.61499973,-1.3752019999999998,0.6486609391236076,0.6486609391236076,1.2973218782472151,1.18999791,-1.07497191,0.04000155,-1.67543209
0.6149997150000001,-1.3862164,0.6500671121004375,0.6500671121004375,1.300134224200875,1.18999863,-1.08296156,0.0400008,-1.68947124
0.61500005,-1.3972650199999999,0.6514562859738916,0.6514562859738916,1.3029125719477832,1.18999863,-1.091043,0.04000147,-1.70348704
0.61499905,-1.4083485,0.652829568230179,0.652829568230179,1.305659136460358,1.18999803,-1.09921646,0.04000007,-1.71748054
0.62555046,-1.41373849,0.6421825753210328,0.6421825753210328,1.2843651506420657,1.18999922,-1.10747707,0.0611017,-1.71999991
0.6381926450000001,-1.41791266,0.6290844162954549,0.6290844162954549,1.2581688325909097,1.18999922,-1.11582541,0.08638607,-1.71999991
0.640000545,-1.427980005,0.6282873416423831,0.6282873416423831,1.2565746832847662,1.18999934,-1.12425923,0.09000175,-1.73170078
0.640000375,-1.43906921,0.6295336521556338,0.6295336521556338,1.2590673043112677,1.18999887,-1.13277805,0.09000188,-1.74536037
0.63999941,-1.45018834,0.6307629351494173,0.6307629351494173,1.2615258702988346,1.18999827,-1.14137912,0.09000055,-1.75899756
0.642307995,-1.4600302,0.6293225105173934,0.6293225105173934,1.2586450210347868,1.18999958,-1.15006125,0.09461641,-1.76999915
0.654203215,-1.464411915,0.6168151996423694,0.6168151996423694,1.2336303992847388,1.18999922,-1.15882456,0.11840721,-1.76999927
0.66590056,-1.46883327,0.6044665859592518,0.6044665859592518,1.2089331719185037,1.18999887,-1.16766751,0.14180225,-1.76999903
0.68309711,-1.470000505,0.5988439813713963,0.5988439813713963,1.1976879627427925,1.20137751,-1.17000127,0.16481671,-1.76999974
0.7021019100000001,-1.4699999099999999,0.5956873218304958,0.5956873218304958,1.1913746436609916,1.21673179,-1.17000079,0.18747203,-1.76999903
0.711003985,-1.4758055799999998,0.6041198669271705,0.6041198669271705,1.208239733854341,1.23200738,-1.17000127,0.19000059,-1.78160989
0.7149998799999999,-1.4844692350000002,0.609794965582013,0.609794965582013,1.219589931164026,1.23999786,-1.17426443,0.1900019,-1.79467404
0.715000085,-1.495508015,0.6108203308134716,0.6108203308134716,1.2216406616269433,1.23999941,-1.18329465,0.19000076,-1.80772138
0.715624485,-1.50620097,0.6110961933405222,0.6110961933405222,1.2221923866810445,1.23999906,-1.19240189,0.19124991,-1.82000005
0.726422215,-1.510792495,0.599475074153049,0.599475074153049,1.198950148306098,1.23999894,-1.20158494,0.21284549,-1.82000005
0.73707593,-1.515420855,0.5879614289229335,0.5879614289229335,1.175922857845867,1.23999798,-1.21084237,0.23415388,-1.81999934
0.747735155,-1.519999865,0.5767162784078115,0.5767162784078115,1.153432556815623,1.24028158,-1.22000039,0.25518873,-1.81999934
0.765796455,-1.5199999800000001,0.5744018516743397,0.5744018516743397,1.1488037033486793,1.25563121,-1.22000098,0.2759617,-1.81999898
0.78046717,-1.521996915,0.5759850635359193,0.5759850635359193,1.1519701270718385,1.27093375,-1.22000134,0.29000059,-1.82399249
0.788097055,-1.528285565,0.5857812101187339,0.5857812101187339,1.1715624202374677,1.28619397,-1.22000146,0.29000014,-1.83656967
0.7900001,-1.538117765,0.5888367078216807,0.5888367078216807,1.1776734156433615,1.28999925,-1.22710407,0.29000095,-1.84913146
0.78999992,-1.549155475,0.5896338024754499,0.5896338024754499,1.1792676049508999,1.28999925,-1.23663557,0.29000059,-1.86167538
0.7933466899999999,-1.558119475,0.586457523414334,0.586457523414334,1.172915046828668,1.28999889,-1.24623966,0.29669449,-1.86999929
0.803247585,-1.5629565699999999,0.575501742251747,0.575501742251747,1.151003484503494,1.28999901,-1.25591373,0.31649616,-1.86999941
0.8130493599999999,-1.567828595,0.564614272246952,0.564614272246952,1.129228544493904,1.28999972,-1.26565707,0.336099,-1.87000012
0.8192977149999999,-1.5749349000000001,0.5680749352649016,0.5680749352649016,1.1361498705298032,1.29859376,-1.27000141,0.34000167,-1.87986839
0.827013955,-1.581097725,0.5778955271091032,0.5778955271091032,1.1557910542182064,1.31402695,-1.27000034,0.34000096,-1.89219511
0.834722325,-1.587252915,0.5877050764968585,0.5877050764968585,1.175410152993717,1.32944274,-1.2700007,0.34000191,-1.90450513
0.8399993349999999,-1.594962065,0.5946251610971649,0.5946251610971649,1.1892503221943298,1.33999813,-1.27312315,0.34000054,-1.91680098
0.8470266750000001,-1.6015410399999999,0.5868872386830588,0.5868872386830588,1.1737744773661176,1.33999836,-1.28308296,0.35405499,-1.91999912
0.856459235,-1.606555045,0.5762439517714805,0.5762439517714805,1.152487903542961,1.33999825,-1.29311109,0.37292022,-1.919999
0.8658166700000001,-1.611602425,0.5656481725228295,0.5656481725228295,1.131296345045659,1.33999932,-1.30320549,0.39163402,-1.91999936
0.875100075,-1.6166846750000001,0.5550952464493938,0.5550952464493938,1.1101904928987876,1.33999884,-1.31336987,0.41020131,-1.91999948
0.88706474,-1.6200003600000001,0.5478674229973234,0.5478674229973234,1.0957348459946468,1.34549618,-1.32000148,0.4286333,-1.91999924
0.90058266,-1.6222760699999998,0.5509143045481035,0.5509143045481035,1.101828609096207,1.36116529,-1.32000101,0.44000003,-1.92455113
0.9084234099999999,-1.6282643700000001,0.5607543993082114,0.5607543993082114,1.1215087986164227,1.37684536,-1.32000089,0.44000146,-1.93652785
0.9162713600000001,-1.63424581,0.5705993655593691,0.5705993655593691,1.1411987311187382,1.39254165,-1.32000029,0.44000107,-1.94849133
0.924129185,-1.640220405,0.580449208457593,0.580449208457593,1.160898416915186,1.40825772,-1.32000041,0.44000065,-1.9604404
0.9337896699999999,-1.64499992,0.5881579550155235,0.5881579550155235,1.176315910031047,1.42399883,-1.32000029,0.44358051,-1.96999955
0.95063758,-1.645000695,0.5872595265838075,0.5872595265838075,1.174519053167615,1.43976855,-1.32000124,0.46150661,-1.97000015
0.9596670399999999,-1.65018487,0.5770617695408218,0.5770617695408218,1.1541235390816436,1.43999946,-1.33037078,0.47933462,-1.96999896
0.96853243,-1.65548074,0.566746796633589,0.566746796633589,1.133493593267178,1.43999815,-1.34096205,0.49706671,-1.96999943
0.9773559549999999,-1.660808265,0.5564514252692441,0.5564514252692441,1.1129028505384881,1.4399997,-1.35161746,0.51471221,-1.96999907
0.9861363750000001,-1.666169885,0.5461706690842266,0.5461706690842266,1.0923413381684532,1.43999791,-1.36234081,0.53227484,-1.96999896
0.992331715,-1.673270765,0.5445873458974198,0.5445873458974198,1.0891746917948395,1.44466245,-1.37000144,0.54000098,-1.97654009
1.000410675,-1.679119945,0.5545544427036153,0.5545544427036153,1.1091088854072306,1.46081936,-1.37000108,0.54000199,-1.98823881
1.008514795,-1.68496215,0.5645410293143902,0.5645410293143902,1.1290820586287804,1.47702909,-1.37000036,0.5400005,-1.99992394
1.0166477550000002,-1.690796615,0.5745458513824256,0.5745458513824256,1.1490917027648513,1.49329543,-1.37000084,0.54000008,-2.01159239
1.0272184,-1.695000295,0.5816686894750064,0.5816686894750064,1.1633373789500128,1.50962293,-1.37000132,0.54481387,-2.01999927
1.04404068,-1.6949999949999999,0.5813159331912505,0.5813159331912505,1.162631866382501,1.52601993,-1.3700012,0.56206143,-2.01999879
1.059624495,-1.69584018,0.5795165926678459,0.5795165926678459,1.1590331853356919,1.53999925,-1.37168038,0.57924974,-2.01999998
1.068195315,-1.701426985,0.5692871499865858,0.5692871499865858,1.1385742999731716,1.53999925,-1.38285375,0.59639138,-2.02000022
1.076743725,-1.7070460349999999,0.5590576077113975,0.5590576077113975,1.118115215422795,1.53999925,-1.3940928,0.6134882,-2.01999927
1.085271835,-1.7126985750000001,0.548826921345001,0.548826921345001,1.097653842690002,1.53999937,-1.40539765,0.6305443,-2.0199995
1.089999615,-1.7209399950000002,0.543156719057672,0.543156719057672,1.086313438115344,1.53999829,-1.41676831,0.64000094,-2.02511168
1.09606627,-1.7282987850000002,0.5504931497042884,0.5504931497042884,1.1009862994085768,1.55213118,-1.42000103,0.64000136,-2.03659654
1.10456967,-1.7340316150000001,0.5607495497600506,0.5607495497600506,1.1214990995201013,1.56913912,-1.42000091,0.64000022,-2.04806232
1.1131238049999999,-1.739753965,0.5710400227130636,0.5710400227130636,1.1420800454261273,1.58624649,-1.42000151,0.64000112,-2.05950642
1.122417835,-1.745000365,0.5805395413361307,0.5805395413361307,1.1610790826722615,1.60346019,-1.42000127,0.64137548,-2.06999946
1.139519125,-1.7450003,0.5807275353323174,0.5807275353323174,1.1614550706646347,1.62078798,-1.42000067,0.65825027,-2.06999993
1.15667024,-1.74500018,0.5809704224080604,0.5809704224080604,1.1619408448161208,1.63823223,-1.42000067,0.67510825,-2.06999969
1.164999665,-1.7509858,0.5729186973580486,0.5729186973580486,1.1458373947160971,1.63999903,-1.4306556,0.6900003,-2.071316
1.164999965,-1.7626132350000001,0.5727575797457908,0.5727575797457908,1.1455151594915816,1.6399982,-1.44256961,0.69000173,-2.08265686
1.1649996,-1.77425969,0.5725733245145248,0.5725733245145248,1.1451466490290496,1.63999867,-1.45454717,0.69000053,-2.09397221
1.16500011,-1.78592336,0.5723620468183683,0.5723620468183683,1.1447240936367367,1.63999891,-1.46658897,0.69000131,-2.10525775
1.1714727249999999,-1.7932561649999998,0.5799218450685801,0.5799218450685801,1.1598436901371603,1.65294456,-1.47000051,0.69000089,-2.11651182
1.18632254,-1.795000435,0.5836450277105553,0.5836450277105553,1.1672900554211105,1.67110825,-1.47000146,0.70153683,-2.11999941
1.20384562,-1.79499984,0.5843042212016623,0.5843042212016623,1.1686084424033245,1.68942451,-1.47000051,0.71826673,-2.11999917
1.22144842,-1.795000435,0.5850268614299179,0.5850268614299179,1.1700537228598358,1.70789671,-1.47000122,0.73500013,-2.11999965
1.2391377399999999,-1.7950003150000002,0.5858141845194776,0.5858141845194776,1.1716283690389553,1.7265327,-1.47000122,0.75174278,-2.11999941
1.254247425,-1.796777785,0.5834606790553781,0.5834606790553781,1.1669213581107563,1.73999822,-1.47355568,0.76849663,-2.11999989
1.262634065,-1.8030754350000002,0.572990718920561,0.572990718920561,1.145981437841122,1.73999929,-1.48615146,0.78526884,-2.11999941
1.26500079,-1.81339645,0.5697277286453287,0.5697277286453287,1.1394554572906574,1.73999977,-1.49880838,0.79000181,-2.12798452
1.265000315,-1.8252955050000002,0.5692785557242294,0.5692785557242294,1.1385571114484587,1.73999965,-1.51152217,0.79000098,-2.13906884
1.26825616,-1.8350534449999998,0.5727014388115722,0.5727014388115722,1.1454028776231444,1.74651206,-1.5200007,0.79000026,-2.15010619
1.278024855,-1.8405460100000002,0.5838794030893436,0.5838794030893436,1.1677588061786872,1.76604772,-1.52000141,0.79000199,-2.16109061
1.289437745,-1.845000265,0.5932824482544578,0.5932824482544578,1.1865648965089155,1.78578389,-1.52000093,0.7930916,-2.1699996
1.30774346,-1.845000265,0.594650892499056,0.594650892499056,1.189301784998112,1.8057245,-1.52000093,0.80976242,-2.1699996
1.32616872,-1.845000265,0.5961011194973731,0.5961011194973731,1.1922022389947462,1.82588077,-1.52000117,0.82645667,-2.16999936
1.34000006,-1.848056675,0.5957971103339683,0.5957971103339683,1.1915942206679366,1.83999872,-1.52405739,0.8400014,-2.17205596
1.3400005099999999,-1.8601027749999999,0.5951232785416003,0.5951232785416003,1.1902465570832006,1.83999991,-1.53734541,0.84000111,-2.18286014
1.34000015,-1.8721391550000002,0.594420132579805,0.594420132579805,1.18884026515961,1.83999979,-1.55068052,0.84000051,-2.19359779
1.339999285,-1.88416511,0.5936877650606471,0.5936877650606471,1.1873755301212943,1.8399986,-1.56406224,0.83999997,-2.20426798
1.34587106,-1.89243299,0.5998900978932662,0.5998900978932662,1.1997801957865324,1.85174203,-1.57000053,0.84000009,-2.21486545
1.360755205,-1.8949998,0.6066602458937628,0.6066602458937628,1.2133204917875255,1.87301683,-1.57000029,0.84849358,-2.21999931
1.37753871,-1.896439315,0.6060583427066144,0.6060583427066144,1.2121166854132288,1.88999939,-1.57287979,0.86507803,-2.21999884
1.385849775,-1.9032869300000002,0.5953759963589024,0.5953759963589024,1.1907519927178047,1.88999856,-1.58657479,0.88170099,-2.21999907
1.390000165,-1.91276926,0.589602040824323,0.589602040824323,1.179204081648646,1.88999903,-1.60030854,0.8900013,-2.22522998
1.389999565,-1.924836815,0.5887023763634764,0.5887023763634764,1.1774047527269529,1.88999867,-1.61407745,0.89000046,-2.23559618
1.396372285,-1.932941735,0.595268559252558,0.595268559252558,1.190537118505116,1.90274441,-1.62000096,0.89000016,-2.24588251
1.407662985,-1.93804371,0.607557353695605,0.607557353695605,1.21511470739121,1.92532539,-1.62000036,0.89000058,-2.25608706
1.41500023,-1.9456158300000002,0.6151464641891115,0.6151464641891115,1.230292928378223,1.93999946,-1.6250211,0.890001,-2.26621056
1.42015144,-1.95454049,0.6080749682117232,0.6080749682117232,1.2161499364234465,1.93999803,-1.639081,0.90030485,-2.26999998
1.42844686,-1.96157944,0.5973352405175468,0.5973352405175468,1.1946704810350937,1.9399997,-1.65315914,0.91689402,-2.26999974
1.436784775,-1.96862644,0.5865575560217172,0.5865575560217172,1.1731151120434344,1.93999863,-1.66725361,0.93357092,-2.26999927
1.449547975,-1.9730768200000002,0.5928686426703432,0.5928686426703432,1.1857372853406865,1.95909512,-1.67000103,0.94000083,-2.27615261
1.461563645,-1.97804016,0.6057347980971638,0.6057347980971638,1.2114695961943276,1.98312521,-1.67000091,0.94000208,-2.28607941
1.46499911,-1.9881022,0.6085912810155,0.6085912810155,1.217182562031,1.98999786,-1.68027163,0.94000036,-2.29593277
1.4650000950000002,-2.00015628,0.6074426534932355,0.6074426534932355,1.214885306986471,1.98999918,-1.69460344,0.94000101,-2.30570912
1.4650003,-2.01217449,0.6062805177834273,0.6062805177834273,1.2125610355668546,1.98999858,-1.70893717,0.94000202,-2.31541181
1.467848955,-2.0225212,0.6083935186821349,0.6083935186821349,1.2167870373642697,1.99569726,-1.72000039,0.94000065,-2.32504201
1.480466545,-2.027300535,0.6217199209119572,0.6217199209119572,1.2434398418239143,2.02093196,-1.72000134,0.94000113,-2.33459973
1.49000001,-2.0338943,0.6314416624728865,0.6314416624728865,1.262883324945773,2.03999949,-1.72370219,0.94000053,-2.34408641
1.48999995,-2.045868995,0.6301879472684445,0.6301879472684445,1.260375894536889,2.03999829,-1.738235,0.94000161,-2.35350299
1.49000022,-2.05780202,0.6289306647301223,0.6289306647301223,1.2578613294602445,2.03999901,-1.75275266,0.94000143,-2.36285138
1.491940495,-2.068627535,0.625455313429491,0.625455313429491,1.250910626858982,2.03999972,-1.76725495,0.94388127,-2.37000012
1.5111765899999998,-2.07000029,0.6268078618242691,0.6268078618242691,1.2536157236485381,2.06152964,-1.77000093,0.96082354,-2.36999965
1.533220025,-2.07000017,0.6311279154367336,0.6311279154367336,1.2622558308734673,2.08848834,-1.77000093,0.97795171,-2.36999941
1.539999575,-2.078344645,0.6238733295099148,0.6238733295099148,1.2477466590198296,2.0899992,-1.78386486,0.98999995,-2.37282443
1.53999987,-2.09030926,0.6226074806067902,0.6226074806067902,1.2452149612135803,2.08999872,-1.79851937,0.99000102,-2.38209915
1.54000008,-2.10223162,0.621345213705443,0.621345213705443,1.242690427410886,2.0899992,-1.8131454,0.99000096,-2.39131784
1.54000023,-2.114111185,0.6200853705422903,0.6200853705422903,1.2401707410845806,2.08999872,-1.82774162,0.99000174,-2.40048075
1.539999605,-2.125948965,0.6188304800010574,0.6188304800010574,1.237660960002115,2.08999801,-1.84230673,0.9900012,-2.4095912
1.54000029,-2.13774288,0.6175818135698472,0.6175818135698472,1.2351636271396944,2.0899992,-1.85683632,0.99000138,-2.41864944
1.540000055,-2.14949447,0.6163378533244507,0.6163378533244507,1.2326757066489014,2.08999801,-1.87133157,0.9900021,-2.42765737
1.54000029,-2.1612027300000003,0.6151036931488357,0.6151036931488357,1.2302073862976715,2.08999944,-1.88578761,0.99000114,-2.43661785
1.54000026,-2.172868375,0.6138769051860379,0.6138769051860379,1.2277538103720758,2.08999991,-1.90020514,0.99000061,-2.44553161
1.539999815,-2.184491455,0.6126587637328221,0.6126587637328221,1.2253175274656443,2.08999944,-1.91458189,0.99000019,-2.45440102
1.539999485,-2.19607222,0.6114502032642951,0.6114502032642951,1.2229004065285902,2.08999848,-1.92891598,0.99000049,-2.46322846
1.53999934,-2.207610365,0.6102526486057517,0.6102526486057517,1.2205052972115034,2.08999801,-1.94320583,0.99000067,-2.4720149
1.54000005,-2.219107155,0.6090673825454156,0.6090673825454156,1.2181347650908312,2.0899992,-1.95745087,0.9900009,-2.48076344
1.541751925,-2.22973764,0.6098303165461243,0.6098303165461243,1.2196606330922486,2.09350324,-1.97000027,0.99000061,-2.48947501
1.55696321,-2.23407608,0.6254442853165667,0.6254442853165667,1.2508885706331334,2.12392426,-1.97000086,0.99000216,-2.4981513
1.564999495,-2.241831065,0.6331115755712148,0.6331115755712148,1.2662231511424296,2.13999844,-1.97686601,0.99000055,-2.50679612
1.564999195,-2.25328934,0.6319262760023568,0.6319262760023568,1.2638525520047137,2.1399982,-1.99116921,0.99000019,-2.51540947
1.56942797,-2.262710095,0.6258996548912,0.6258996548912,1.2517993097824,2.13999987,-2.00542021,0.99885607,-2.51999998
1.57907003,-2.2698102000000002,0.6141943612583478,0.6141943612583478,1.2283887225166956,2.13999796,-2.01962113,1.0181421,-2.51999927
1.5888972900000002,-2.276883125,0.6023449822506483,0.6023449822506483,1.2046899645012965,2.13999963,-2.03376651,1.03779495,-2.51999974
1.5900002149999999,-2.28781986,0.600067186626551,0.600067186626551,1.200134373253102,2.13999987,-2.04785943,1.04000056,-2.52778029
1.59000021,-2.29920435,0.5990099453963165,0.5990099453963165,1.198019890792633,2.13999915,-2.06189847,1.04000127,-2.53651023
1.59000057,-2.310551285,0.5979700439891645,0.5979700439891645,1.195940087978329,2.13999939,-2.07588243,1.04000175,-2.54522014
1.589999615,-2.32186091,0.5969469606656908,0.5969469606656908,1.1938939213313815,2.1399982,-2.08981085,1.04000103,-2.55391097
1.589999615,-2.3331345299999997,0.595941153387993,0.595941153387993,1.191882306775986,2.13999796,-2.10368371,1.04000127,-2.56258535
1.59000015,-2.344371915,0.5949536089067927,0.5949536089067927,1.1899072178135854,2.13999891,-2.11749935,1.04000139,-2.57124448
1.590000335,-2.355573295,0.5939843175174255,0.5939843175174255,1.187968635034851,2.13999987,-2.13125682,1.0400008,-2.57988977
1.589999555,-2.366740945,0.5930310319606836,0.5930310319606836,1.1860620639213673,2.13999796,-2.14495826,1.04000115,-2.58852363
1.5900001549999998,-2.3778737750000003,0.592097173136657,0.592097173136657,1.184194346273314,2.13999844,-2.15860009,1.04000187,-2.59714746
1.589999855,-2.3889738300000003,0.5911816086028564,0.5911816086028564,1.1823632172057128,2.13999772,-2.17218351,1.04000199,-2.60576415
1.58999997,-2.4000401499999997,0.5902868072734789,0.5902868072734789,1.1805736145469579,2.13999891,-2.18570471,1.04000103,-2.61437559
1.590000035,-2.41107464,0.5894104673839105,0.5894104673839105,1.178820934767821,2.13999963,-2.1991663,1.04000044,-2.62298298
1.59000057,-2.42207754,0.588552170610126,0.588552170610126,1.177104341220252,2.13999987,-2.21256757,1.04000127,-2.63158751
1.590000035,-2.433050755,0.5877136722867218,0.5877136722867218,1.1754273445734436,2.13999963,-2.22590876,1.04000044,-2.64019275
1.59000039,-2.443992975,0.5868933706195297,0.5868933706195297,1.1737867412390595,2.13999915,-2.23918772,1.04000163,-2.64879823
1.589999675,-2.4549063450000004,0.5860925508652165,0.5860925508652165,1.172185101730433,2.13999772,-2.25240541,1.04000163,-2.65740728
1.5900000349999999,-2.4657901549999997,0.5853125463832738,0.5853125463832738,1.1706250927665476,2.13999844,-2.26555896,1.04000163,-2.66602135
1.5899994400000002,-2.476646425,0.5845519108816009,0.5845519108816009,1.1691038217632017,2.13999796,-2.27865005,1.04000092,-2.6746428
1.590000035,-2.4874748,0.5838122857143259,0.5838122857143259,1.1676245714286517,2.13999987,-2.29167652,1.0400002,-2.68327308
1.5899997350000001,-2.498276825,0.583089626159441,0.583089626159441,1.166179252318882,2.1399982,-2.30464005,1.04000127,-2.6919136
1.5899994999999998,-2.5090526300000002,0.5823888492851199,0.5823888492851199,1.1647776985702398,2.13999844,-2.31753778,1.04000056,-2.70056748
1.59000063,-2.51980293,0.5817078458403823,0.5817078458403823,1.1634156916807645,2.13999987,-2.33036995,1.04000139,-2.70923591
1.5899992,-2.530528785,0.5810461046149119,0.5810461046149119,1.1620922092298238,2.13999796,-2.34313631,1.04000044,-2.71792126
1.59000027,-2.541229845,0.5804052854557215,0.5804052854557215,1.160810570911443,2.13999939,-2.35583496,1.04000115,-2.72662473
1.589999975,-2.55190754,0.5797851393731521,0.5797851393731521,1.1595702787463043,2.13999987,-2.36846566,1.04000008,-2.73534942
1.5899995599999999,-2.562562705,0.5791832991287892,0.5791832991287892,1.1583665982575784,2.13999844,-2.38102889,1.04000068,-2.74409652
1.59000057,-2.573194385,0.5786023454202764,0.5786023454202764,1.1572046908405529,2.13999891,-2.39352107,1.04000223,-2.7528677
1.5900002149999999,-2.58380532,0.5780419352435969,0.5780419352435969,1.1560838704871939,2.1399982,-2.40594387,1.04000223,-2.76166677
1.5899994350000002,-2.5943948050000003,0.5775036801404179,0.5775036801404179,1.1550073602808357,2.13999867,-2.41829443,1.0400002,-2.77049518
1.5900001549999998,-2.604963895,0.5769836542939759,0.5769836542939759,1.1539673085879518,2.13999844,-2.43057346,1.04000187,-2.77935433
1.589999675,-2.6155133250000002,0.5764855447147662,0.5764855447147662,1.1529710894295324,2.1399982,-2.44277883,1.04000115,-2.78824782
1.59000039,-2.626042725,0.5760083515274003,0.5760083515274003,1.1520167030548005,2.13999939,-2.45490909,1.04000139,-2.79717636
1.589999675,-2.63655436,0.575550531314308,0.575550531314308,1.151101062628616,2.13999772,-2.46696496,1.04000163,-2.80614376
1.5899994350000002,-2.64704704,0.5751159290544889,0.5751159290544889,1.1502318581089779,2.13999867,-2.47894239,1.0400002,-2.81515169
1.5899997350000001,-2.65752256,0.5747008998082244,0.5747008998082244,1.1494017996164487,2.13999867,-2.49084234,1.0400008,-2.82420278
1.5899997350000001,-2.66798067,0.5743066874817089,0.5743066874817089,1.1486133749634178,2.13999796,-2.50266242,1.04000151,-2.83329892
1.5899997350000001,-2.67842257,0.5739343508981409,0.5739343508981409,1.1478687017962819,2.13999772,-2.51440167,1.04000175,-2.84244347
1.590000395,-2.688848615,0.5735839683252089,0.5735839683252089,1.1471679366504177,2.13999844,-2.5260582,1.04000235,-2.85163903
1.59000111,-2.6992592799999997,0.5732569068385047,0.5732569068385047,1.1465138136770094,2.13999987,-2.53762746,1.04000235,-2.8608911
1.589999915,-2.709655165,0.5729516471051986,0.5729516471051986,1.1459032942103973,2.13999891,-2.54911017,1.04000092,-2.87020016
1.58999902,-2.72003722,0.572668524352677,0.572668524352677,1.145337048705354,2.13999796,-2.56050539,1.04000008,-2.87956905
1.5900008049999999,-2.730404495,0.5724085178422161,0.5724085178422161,1.1448170356844323,2.1400001,-2.57180977,1.04000151,-2.88899922
1.5900005099999999,-2.74075985,0.5721704469426027,0.5721704469426027,1.1443408938852053,2.13999915,-2.58302426,1.04000187,-2.89849544
1.5900007500000002,-2.751101615,0.5719567964947306,0.5719567964947306,1.1439135929894613,2.13999963,-2.59414363,1.04000187,-2.9080596
1.590000275,-2.76143253,0.5717651551449591,0.5717651551449591,1.1435303102899181,2.1399982,-2.60517097,1.04000235,-2.91769409
1.5649990150000002,-2.7788274299999998,0.5975805714120611,0.5975805714120611,1.1951611428241222,2.13999772,-2.61610365,0.99000031,-2.94155121
1.565000175,-2.7891120899999997,0.5974328515098054,0.5974328515098054,1.1948657030196108,2.13999963,-2.62693429,0.99000072,-2.95128989
1.5650002650000001,-2.7993906749999997,0.597308353940456,0.597308353940456,1.194616707880912,2.13999867,-2.63766837,0.99000186,-2.96111298
1.5650001150000001,-2.809664485,0.5972094422688058,0.5972094422688058,1.1944188845376116,2.13999796,-2.64830589,0.99000227,-2.97102308
1.565000745,-2.819933055,0.5971374821982642,0.5971374821982642,1.1942749643965285,2.13999963,-2.65884471,0.99000186,-2.9810214
1.565000145,-2.83019793,0.5970899237192312,0.5970899237192312,1.1941798474384624,2.13999891,-2.66928554,0.99000138,-2.99111032
1.565000355,-2.8404594650000003,0.5970690754994861,0.5970690754994861,1.1941381509989721,2.13999915,-2.67962456,0.99000156,-3.00129437
1.5650010399999998,-2.8507181399999997,0.5970764602286381,0.5970764602286381,1.1941529204572763,2.1400001,-2.68985677,0.99000198,-3.01157951
1.565000355,-2.860975025,0.5971093819508227,0.5971093819508227,1.1942187639016455,2.13999867,-2.69998884,0.99000204,-3.02196121
1.56500003,-2.87123084,0.5971716340450589,0.5971716340450589,1.1943432680901178,2.13999987,-2.71001935,0.99000019,-3.03244233
1.56500006,-2.8814860600000003,0.5972595101670732,0.5972595101670732,1.1945190203341465,2.13999987,-2.71994925,0.99000025,-3.04302287
1.56500056,-2.89174044,0.5973754178751607,0.5973754178751607,1.1947508357503214,2.13999891,-2.72977042,0.99000221,-3.05371046
1.5650002699999999,-2.90199697,0.5975220174719998,0.5975220174719998,1.1950440349439997,2.13999844,-2.73948646,0.9900021,-3.06450748
1.56499967,-2.912253975,0.5976976985481046,0.5976976985481046,1.1953953970962092,2.1399982,-2.74909997,0.99000114,-3.07540798
1.56500006,-2.922512885,0.5979028999439876,0.5979028999439876,1.1958057998879752,2.13999963,-2.75861239,0.99000049,-3.08641338
1.564999105,-2.932774785,0.5981359321884316,0.5981359321884316,1.1962718643768633,2.13999796,-2.76802373,0.99000025,-3.09752584
1.565,-2.943039895,0.5983997085534188,0.5983997085534188,1.1967994171068377,2.13999796,-2.77733064,0.99000204,-3.10874915
1.565000775,-2.95330799,0.5986937803559297,0.5986937803559297,1.1973875607118594,2.13999939,-2.78654218,0.99000216,-3.1200738
1.565000355,-2.96358156,0.5990161750282027,0.5990161750282027,1.1980323500564054,2.13999915,-2.79566264,0.99000156,-3.13150048
1.565000925,-2.973859075,0.5993676645294048,0.5993676645294048,1.1987353290588096,2.13999987,-2.80469108,0.99000198,-3.14302707
1.5650001150000001,-2.98414338,0.5997497313192643,0.5997497313192643,1.1994994626385287,2.13999867,-2.81362534,0.99000156,-3.15466142
1.56499976,-2.994433045,0.6001611832523273,0.6001611832523273,1.2003223665046545,2.1399982,-2.82247305,0.99000132,-3.16639304
1.5650000300000002,-3.004729985,0.6006030290049177,0.6006030290049177,1.2012060580098354,2.13999963,-2.83123803,0.99000043,-3.17822194
1.564999045,-3.015033725,0.6010718408268422,0.6010718408268422,1.2021436816536843,2.13999772,-2.83992267,0.99000037,-3.19014478
1.5650001500000001,-3.02534556,0.6015722922829828,0.6015722922829828,1.2031445845659656,2.13999963,-2.84852695,0.99000067,-3.20216417
1.56499964,-3.0356662300000004,0.6021020393990528,0.6021020393990528,1.2042040787981056,2.1399982,-2.85705066,0.99000108,-3.2142818
1.56499997,-3.0459960649999998,0.6026623361813522,0.6026623361813522,1.2053246723627045,2.1399982,-2.86549973,0.99000174,-3.2264924
1.56499985,-3.056335095,0.603253242792368,0.603253242792368,1.206506485584736,2.1399982,-2.87387586,0.9900015,-3.23879433
1.5650003250000002,-3.06668496,0.603874559227515,0.603874559227515,1.20774911845503,2.13999867,-2.88218188,0.99000198,-3.25118804
1.564999405,-3.0770458,0.6045275333494348,0.6045275333494348,1.2090550666988695,2.13999844,-2.89041877,0.99000037,-3.26367283
1.5650006250000001,-3.0874182,0.6052123497745766,0.6052123497745766,1.2104246995491532,2.13999987,-2.89858532,0.99000138,-3.27625108
1.565000145,-3.09780276,0.6059289560721491,0.6059289560721491,1.2118579121442983,2.13999915,-2.90668488,0.99000114,-3.28892064
1.5650005949999999,-3.10820043,0.6066785143928064,0.6066785143928064,1.2133570287856128,2.13999987,-2.91472006,0.99000132,-3.3016808
1.5649994,-3.118611455,0.6074597017560917,0.6074597017560917,1.2149194035121833,2.13999772,-2.92269254,0.99000108,-3.31453037
1.53999913,-3.137664795,0.6347229084618612,0.6347229084618612,1.2694458169237224,2.13999796,-2.93060303,0.9400003,-3.34472656
1.539999635,-3.14821756,0.6356103513851329,0.6356103513851329,1.2712207027702658,2.13999891,-2.93845248,0.94000036,-3.35798264
1.53999999,-3.158789035,0.6365332024396682,0.6365332024396682,1.2730664048793363,2.13999867,-2.94624233,0.94000131,-3.37133574
1.540000975,-3.1693806650000003,0.6374939344145558,0.6374939344145558,1.2749878688291116,2.13999963,-2.95397377,0.94000232,-3.38478756
1.5399991000000002,-3.17999411,0.6384936803019555,0.6384936803019555,1.276987360603911,2.13999796,-2.9616468,0.94000024,-3.39834142
1.53999999,-3.19062769,0.639532496310908,0.639532496310908,1.279064992621816,2.13999915,-2.96926188,0.94000083,-3.4119935
1.54000056,-3.201283335,0.6406104489366654,0.6406104489366654,1.2812208978733308,2.13999939,-2.97682142,0.94000173,-3.42574525
1.5399999,-3.211963175,0.6417297819278862,0.6417297819278862,1.2834595638557724,2.13999891,-2.98432684,0.94000089,-3.43959951
1.53999922,-3.222666505,0.6428906864673608,0.6428906864673608,1.2857813729347216,2.1399982,-2.99177766,0.94000024,-3.45355535
1.5400000550000001,-3.233394505,0.6440954640032659,0.6440954640032659,1.2881909280065318,2.13999987,-2.99917412,0.94000024,-3.46761489
1.539999305,-3.24414873,0.6453418184372717,0.6453418184372717,1.2906836368745433,2.13999772,-3.00651884,0.94000089,-3.48177862
1.54000062,-3.254930375,0.6466357795772111,0.6466357795772111,1.2932715591544222,2.13999987,-3.01381063,0.94000137,-3.49605012
1.5400000500000002,-3.26574087,0.6479747941305432,0.6479747941305432,1.2959495882610863,2.13999891,-3.02105188,0.94000119,-3.51042986
1.539999935,-3.276581285,0.6493616495004271,0.6493616495004271,1.2987232990008541,2.13999844,-3.02824211,0.94000143,-3.52492046
1.54000008,-3.287451505,0.6507970760309458,0.6507970760309458,1.3015941520618917,2.13999796,-3.03538132,0.9400022,-3.53952169
1.5399993650000001,-3.29835486,0.6522851174579044,0.6522851174579044,1.3045702349158088,2.13999867,-3.04247069,0.94000006,-3.55423903
1.5399993699999999,-3.30929029,0.6538232236376632,0.6538232236376632,1.3076464472753264,2.13999844,-3.04950976,0.9400003,-3.56907082
1.539999785,-3.32026136,0.6554138069819515,0.6554138069819515,1.310827613963903,2.13999796,-3.05650115,0.94000161,-3.58402157
1.54000017,-3.331268075,0.6570617890987925,0.6570617890987925,1.314123578197585,2.13999987,-3.06344247,0.94000047,-3.59909368
1.54000023,-3.342313175,0.6587634572316213,0.6587634572316213,1.3175269144632427,2.13999891,-3.0703373,0.94000155,-3.61428905
1.54000059,-3.353398445,0.6605249275962215,0.6605249275962215,1.321049855192443,2.13999987,-3.07718468,0.94000131,-3.62961221
1.5399999000000002,-3.364526035,0.6623449319040938,0.6623449319040938,1.3246898638081877,2.13999867,-3.08398676,0.94000113,-3.64506531
1.54000112,-3.375695585,0.6642273233662573,0.6642273233662573,1.3284546467325147,2.1400001,-3.09074092,0.94000214,-3.66065025
1.54000002,-3.38691151,0.6661718488658427,0.6661718488658427,1.3323436977316854,2.13999796,-3.09745097,0.94000208,-3.67637205
1.53999913,-3.39817345,0.6681836465982047,0.6681836465982047,1.3363672931964095,2.13999796,-3.10411429,0.9400003,-3.69223261
1.539999785,-3.409484505,0.670261225506411,0.670261225506411,1.340522451012822,2.13999796,-3.11073327,0.94000161,-3.70823574
1.54000026,-3.420847175,0.6724096664004449,0.6724096664004449,1.3448193328008897,2.13999915,-3.1173079,0.94000137,-3.72438645
1.53999993,-3.4322632549999996,0.6746276637616473,0.6746276637616473,1.3492553275232946,2.13999796,-3.12384009,0.9400019,-3.74068642
1.5400008250000001,-3.4437356,0.6769214330164028,0.6769214330164028,1.3538428660328057,2.13999963,-3.13032842,0.94000202,-3.75714278
1.540000085,-3.455266955,0.6792896147103685,0.6792896147103685,1.358579229420737,2.13999844,-3.13677621,0.94000173,-3.7737577
1.5400002,-3.466859935,0.6817383215554098,0.6817383215554098,1.3634766431108196,2.13999987,-3.1431818,0.94000053,-3.79053807
1.540000315,-3.47851777,0.6842663975866591,0.6842663975866591,1.3685327951733182,2.1400001,-3.14954853,0.94000053,-3.80748701
1.5400001700000001,-3.490243315,0.6868762327001512,0.6868762327001512,1.3737524654003024,2.13999867,-3.15587711,0.94000167,-3.82460952
1.5400000500000002,-3.502038835,0.6895739681439054,0.6895739681439054,1.3791479362878107,2.13999891,-3.16216588,0.94000119,-3.84191179
1.5399996649999999,-3.5139088650000003,0.692359658341135,0.692359658341135,1.38471931668227,2.1399982,-3.16841841,0.94000113,-3.85939932
1.54000041,-3.525854825,0.6952379897971743,0.6952379897971743,1.3904759795943487,2.13999939,-3.17463255,0.94000143,-3.8770771
1.540000115,-3.53788257,0.6982116579546676,0.6982116579546676,1.396423315909335,2.13999987,-3.18081141,0.94000036,-3.89495373
1.539999845,-3.5499942300000003,0.7012817078414739,0.7012817078414739,1.4025634156829478,2.13999963,-3.18695664,0.94000006,-3.91303182
1.539999845,-3.562194705,0.7044507346311407,0.7044507346311407,1.4089014692622814,2.13999796,-3.19306993,0.94000173,-3.93131948
1.5400003450000002,-3.574487205,0.7077257712167254,0.7077257712167254,1.4154515424334508,2.13999867,-3.19915032,0.94000202,-3.94982409
1.51500076,-3.60278034,0.7407384703781091,0.7407384703781091,1.4814769407562183,2.13999987,-3.20520067,0.89000165,-4.00036001
1.5150001050000002,-3.6155422900000005,0.7443774682650115,0.7443774682650115,1.488754936530023,2.13999963,-3.21122384,0.89000058,-4.01986074
1.51500082,-3.628415585,0.7481346546120133,0.7481346546120133,1.4962693092240267,2.13999963,-3.21721983,0.89000201,-4.03961134
1.51500037,-3.641407485,0.7520154195529883,0.7520154195529883,1.5040308391059767,2.13999891,-3.22319221,0.89000183,-4.05962276
1.51500067,-3.65452242,0.7560241717695476,0.7560241717695476,1.5120483435390952,2.13999939,-3.22914124,0.89000195,-4.0799036
1.5150005850000001,-3.6677660899999998,0.760164879673235,0.760164879673235,1.52032975934647,2.13999987,-3.23506927,0.8900013,-4.10046291
1.51500028,-3.6811460250000003,0.7644409191401068,0.7644409191401068,1.5288818382802136,2.13999891,-3.24097943,0.89000165,-4.12131262
1.515000165,-3.69466698,0.7688599774784415,0.7688599774784415,1.537719954956883,2.13999987,-3.24687123,0.89000046,-4.14246273
1.515000645,-3.708337065,0.7734227901511428,0.7734227901511428,1.5468455803022856,2.13999987,-3.25275087,0.89000142,-4.16392326
1.515000135,-3.72216344,0.7781359800666334,0.7781359800666334,1.5562719601332669,2.13999915,-3.25862074,0.89000112,-4.18570614
1.514999535,-3.736153725,0.7830053874920775,0.7830053874920775,1.566010774984155,2.13999867,-3.26448274,0.8900004,-4.20782471
1.515221265,-3.7501443649999997,0.7883129333845482,0.7883129333845482,1.5766258667690964,2.1404407,-3.2700007,0.89000183,-4.23028803
1.518963155,-3.7615572200000003,0.7982616888561148,0.7982616888561148,1.5965233777122296,2.14792609,-3.27000117,0.89000022,-4.25311327
1.5225768949999998,-3.77315688,0.8082812634447116,0.8082812634447116,1.6165625268894233,2.15515351,-3.27000141,0.89000028,-4.27631235
1.526067375,-3.784950375,0.8183850067127352,0.8183850067127352,1.6367700134254703,2.16213369,-3.27000022,0.89000106,-4.29990053
1.5294368249999999,-3.796948075,0.8285851598766578,0.8285851598766578,1.6571703197533156,2.16887355,-3.27000022,0.8900001,-4.32389593
1.53269148,-3.8091557,0.838891495587012,0.838891495587012,1.677782991174024,2.17538238,-3.27000141,0.89000058,-4.34830999
1.535836815,-3.821582675,0.8493213111549961,0.8493213111549961,1.6986426223099922,2.18167353,-3.27000165,0.8900001,-4.3731637
1.5388779,-3.834235665,0.8598841098249622,0.8598841098249622,1.7197682196499244,2.18775415,-3.27000141,0.89000165,-4.39846992
1.5399999899999999,-3.8487390249999995,0.8681702735318025,0.8681702735318025,1.736340547063605,2.18999958,-3.27322173,0.8900004,-4.42425632
1.5399999649999998,-3.8644739350000004,0.8751952576113226,0.8751952576113226,1.750390515222645,2.18999863,-3.2784121,0.8900013,-4.45053577
1.539999365,-3.8804784999999997,0.8824597691993789,0.8824597691993789,1.7649195383987577,2.18999839,-3.28362298,0.89000034,-4.47733402
1.540000555,-3.89676249,0.8899693810397198,0.8899693810397198,1.7799387620794396,2.18999934,-3.28885865,0.89000177,-4.50466633
1.539999695,-3.913344385,0.8977343854459487,0.8977343854459487,1.7954687708918975,2.18999863,-3.29412842,0.89000076,-4.53256035
1.53999999,-3.9302340750000004,0.9057629061633474,0.9057629061633474,1.8115258123266949,2.1899991,-3.2994349,0.89000088,-4.56103325
1.5399993650000001,-3.94745064,0.9140649698064063,0.9140649698064063,1.8281299396128126,2.18999815,-3.30478716,0.89000058,-4.59011412
1.53999993,-3.96500671,0.9226525012235535,0.9226525012235535,1.845305002447107,2.18999958,-3.31018758,0.89000028,-4.61982584
1.5547109250000002,-3.967826605,0.9104515219263529,0.9104515219263529,1.8209030438527058,2.18999982,-3.31565332,0.91942203,-4.61999989
1.56499991,-3.97507083,0.904538528028205,0.904538528028205,1.80907705605641,2.18999839,-3.32118487,0.94000143,-4.62895679
1.5649996700000002,-3.9932603849999997,0.9136815411632713,0.9136815411632713,1.8273630823265425,2.18999887,-3.32678461,0.94000047,-4.65973616
1.56499991,-4.01184881,0.9231408832233714,0.9231408832233714,1.8462817664467428,2.18999863,-3.33246255,0.94000119,-4.69123507
1.56499997,-4.030857565,0.9329332961031073,0.9329332961031073,1.8658665922062145,2.18999958,-3.33822489,0.94000036,-4.72349024
1.56499979,-4.050307630000001,0.943066466029281,0.943066466029281,1.886132932058562,2.18999839,-3.3440845,0.94000119,-4.75653076
1.5649997,-4.07022369,0.953559575220236,0.953559575220236,1.907119150440472,2.18999887,-3.35004878,0.94000053,-4.7903986
1.565000175,-4.090619685,0.9644225363918786,0.9644225363918786,1.9288450727837572,2.1899991,-3.35612178,0.94000125,-4.82511759
1.5650002349999999,-4.11152208,0.9756749705170499,0.9756749705170499,1.9513499410340998,2.18999934,-3.36231065,0.94000113,-4.86073351
1.576154265,-4.11931145,0.9697095426317118,0.9697095426317118,1.9394190852634237,2.18999863,-3.36862397,0.9623099,-4.86999893
1.59203151,-4.12120676,0.9626793916156968,0.9626793916156968,1.9253587832313936,2.19406247,-3.37000084,0.99000055,-4.87241268
1.594578265,-4.139836785,0.9788561421632211,0.9788561421632211,1.9577122843264423,2.19915533,-3.37000179,0.9900012,-4.90967178
1.59707779,-4.15897715,0.9955028586143773,0.9955028586143773,1.9910057172287545,2.20415497,-3.37000108,0.99000061,-4.94795322
1.5995318299999999,-4.178651455,1.0126416761042392,1.0126416761042392,2.0252833522084783,2.20906258,-3.37000108,0.99000108,-4.98730183
1.60480675,-4.1950004100000005,1.0254725237773783,1.0254725237773783,2.0509450475547566,2.21388078,-3.37000179,0.99573272,-5.01999903
1.62216151,-4.195000765,1.018026122117483,1.018026122117483,2.036052244234966,2.21861291,-3.37000203,1.02571011,-5.0199995
1.6316311350000001,-4.20580101,1.024006390322347,1.024006390322347,2.048012780644694,2.22326207,-3.37000084,1.0400002,-5.04160118
1.633915245,-4.227099655,1.042761294912319,1.042761294912319,2.085522589824638,2.22782969,-3.37000179,1.0400008,-5.08419752
1.63890082,-4.245000365,1.0572473702434344,1.0572473702434344,2.114494740486869,2.23232198,-3.37000132,1.04547966,-5.11999941
1.656057835,-4.24499965,1.0501489811091482,1.0501489811091482,2.1002979622182965,2.23673844,-3.37000084,1.07537723,-5.11999846
1.665000085,-4.257301330000001,1.0559180203588359,1.0559180203588359,2.1118360407176717,2.23999906,-3.37167215,1.09000111,-5.14293051
1.6650000249999999,-4.283889295,1.0725891733715678,1.0725891733715678,2.1451783467431356,2.23999882,-3.37844801,1.09000123,-5.18933058
1.670351985,-4.302713275,1.079772993373845,1.079772993373845,2.15954598674769,2.23999906,-3.38542819,1.10070491,-5.21999836
1.6852557049999999,-4.306313395,1.0689062916671899,1.0689062916671899,2.1378125833343797,2.23999929,-3.39262843,1.13051212,-5.21999836
1.69,-4.326835395,1.0776891554239283,1.0776891554239283,2.1553783108478566,2.23999906,-3.40005875,1.14000094,-5.25361204
1.690000355,-4.3561444300000005,1.0963414919004226,1.0963414919004226,2.1926829838008453,2.23999977,-3.40774298,1.14000094,-5.30454588
1.700555085,-4.36785114,1.0943420833617383,1.0943420833617383,2.1886841667234767,2.23999882,-3.41570354,1.16111135,-5.31999874
1.716094075,-4.37075007,1.0865990854632956,1.0865990854632956,2.1731981709265913,2.2421875,-3.42000127,1.19000065,-5.32149887
1.718383255,-4.39795065,1.1115638232708906,1.1115638232708906,2.2231276465417813,2.24676633,-3.42000103,1.19000018,-5.37590027
1.72389978,-4.42000115,1.130552944182075,1.130552944182075,2.26110588836415,2.25130105,-3.42000222,1.19649851,-5.42000008
1.74113965,-4.420000435,1.124664283312842,1.124664283312842,2.249328566625684,2.2557981,-3.42000222,1.2264812,-5.41999865
1.7501325049999998,-4.43606484,1.1369348920945563,1.1369348920945563,2.2738697841891127,2.26026464,-3.42000079,1.24000037,-5.45212889
1.7628399149999998,-4.444999695,1.1412670836099839,1.1412670836099839,2.2825341672199677,2.26470375,-3.42000055,1.26097608,-5.46999884
1.77955955,-4.445631264999999,1.1364795878557767,1.1364795878557767,2.2729591757115535,2.26911902,-3.42000103,1.29000008,-5.4712615
1.7850861550000001,-4.470000025,1.1580407535650443,1.1580407535650443,2.3160815071300886,2.27351475,-3.42000198,1.29665756,-5.51999807
1.80208087,-4.46999967,1.1527785108085367,1.1527785108085367,2.3055570216170733,2.27789664,-3.42000079,1.3262651,-5.51999855
1.811133445,-4.487639905,1.1669701092987972,1.1669701092987972,2.3339402185975944,2.28226662,-3.42000103,1.34000027,-5.55527878
1.8248611700000001,-4.494999765,1.169977945596865,1.169977945596865,2.33995589119373,2.28662586,-3.42000127,1.36309648,-5.56999826
1.8399997950000002,-4.49904144,1.1669458285503749,1.1669458285503749,2.3338916571007498,2.28999925,-3.42235065,1.39000034,-5.57573223
1.8455437399999999,-4.526563525,1.1803136188648486,1.1803136188648486,2.3606272377296973,2.28999996,-3.43312907,1.40108752,-5.61999798
1.86019653,-4.532267335,1.1695690869367155,1.1695690869367155,2.339138173873431,2.28999972,-3.44453526,1.43039334,-5.61999941
1.8651132600000002,-4.56330812,1.1854505784634295,1.1854505784634295,2.370901156926859,2.28999925,-3.45661712,1.44022727,-5.66999912
1.879772425,-4.569716455,1.1742701138586706,1.1742701138586706,2.3485402277173413,2.28999949,-3.46943283,1.46954536,-5.67000008
1.896658065,-4.570000645,1.1698073076592412,1.1698073076592412,2.3396146153184825,2.29471898,-3.47000217,1.49859715,-5.66999912
1.913524985,-4.57000029,1.1658034365373602,1.1658034365373602,2.3316068730747204,2.29965997,-3.47000146,1.52739,-5.66999912
1.922305765,-4.593407275,1.1866747658828471,1.1866747658828471,2.3733495317656943,2.30461121,-3.47000194,1.54000032,-5.71681261
1.9386611550000001,-4.59499991,1.1845667043271082,1.1845667043271082,2.3691334086542164,2.30957603,-3.47000194,1.56774628,-5.71999788
1.955444755,-4.59499979,1.1809252831859465,1.1809252831859465,2.361850566371893,2.31455708,-3.47000074,1.59633243,-5.71999884
1.972120345,-4.59500015,1.1774266092194188,1.1774266092194188,2.3548532184388375,2.31955576,-3.47000146,1.62468493,-5.71999884
1.98869139,-4.595000745,1.1740699700959898,1.1740699700959898,2.3481399401919796,2.32457447,-3.4700017,1.65280831,-5.71999979
2.005163785,-4.595000145,1.1708496391607626,1.1708496391607626,2.341699278321525,2.32961559,-3.47000241,1.68071198,-5.71999788
2.02153903,-4.595000265,1.1677674269369362,1.1677674269369362,2.3355348538738725,2.33468103,-3.47000122,1.70839703,-5.71999931
2.03782326,-4.59499967,1.1648156578695317,1.1648156578695317,2.3296313157390633,2.3397727,-3.47000098,1.73587382,-5.71999836
2.0540184349999997,-4.594999195,1.1619933587690239,1.1619933587690239,2.3239867175380478,2.34489226,-3.47000098,1.76314461,-5.71999741
2.07012999,-4.59499991,1.15929808018037,1.15929808018037,2.31859616036074,2.35004163,-3.47000146,1.79021835,-5.71999836
2.086160125,-4.59499967,1.1567259837149515,1.1567259837149515,2.313451967429903,2.35522151,-3.47000146,1.81709874,-5.71999788
2.1021142,-4.595000265,1.1542761576569753,1.1542761576569753,2.3085523153139507,2.36043477,-3.47000074,1.84379363,-5.71999979
2.117993055,-4.59499943,1.1519421842802782,1.1519421842802782,2.3038843685605563,2.36568093,-3.47000098,1.87030518,-5.71999788
2.13907236,-4.570000289999999,1.1241759536137317,1.1241759536137317,2.2483519072274634,2.37096262,-3.47000098,1.9071821,-5.6699996
2.154582025,-4.57000053,1.1221167942735328,1.1221167942735328,2.2442335885470657,2.37628055,-3.47000241,1.9328835,-5.66999865
2.17002898,-4.57000053,1.1201671244032627,1.1201671244032627,2.2403342488065254,2.3816359,-3.47000194,1.95842206,-5.66999912
2.185417175,-4.56999958,1.1183227323060358,1.1183227323060358,2.2366454646120717,2.38703012,-3.47000051,1.98380423,-5.66999865
2.19951606,-4.5770669,1.1094079360638291,1.1094079360638291,2.2188158721276583,2.38999987,-3.4841342,2.00903225,-5.6699996
2.21619022,-4.568997145,1.0652771808499788,1.0652771808499788,2.1305543616999576,2.38999963,-3.51799488,2.04238081,-5.61999941
2.231248855,-4.570001005,1.0627868884666347,1.0627868884666347,2.1255737769332694,2.3956244,-3.5200026,2.06687331,-5.61999941
2.24642408,-4.5699991,1.061406154252925,1.061406154252925,2.12281230850585,2.40161872,-3.52000022,2.09122944,-5.61999798
2.261552215,-4.5700000549999995,1.0601134623238948,1.0601134623238948,2.1202269246477896,2.40765119,-3.52000213,2.11545324,-5.61999798
2.279899835,-4.545000315,1.0336975072704266,1.0336975072704266,2.0673950145408533,2.41372347,-3.52000189,2.1460762,-5.56999874
2.294727565,-4.545000195,1.0326048934678818,1.0326048934678818,2.0652097869357635,2.41983485,-3.52000213,2.16962028,-5.56999826
2.3123564749999996,-4.520000455,1.00643423997806,1.00643423997806,2.01286847995612,2.42598653,-3.52000141,2.19872642,-5.5199995
2.32689953,-4.51999998,1.0055262065654262,1.0055262065654262,2.0110524131308525,2.43217969,-3.52000046,2.22161937,-5.5199995
2.34140968,-4.52000105,1.0046924149640597,1.0046924149640597,2.0093848299281194,2.43841457,-3.5200026,2.24440479,-5.5199995
2.3558889599999997,-4.519999145,1.0039341875856227,1.0039341875856227,2.0078683751712454,2.44469213,-3.52000022,2.26708579,-5.51999807
2.37235522,-4.4950006,0.9781663812988445,0.9781663812988445,1.956332762597689,2.45101261,-3.52000189,2.29369783,-5.46999931
2.38657546,-4.49500072,0.977565855045376,0.977565855045376,1.955131710090752,2.45737624,-3.52000213,2.31577468,-5.46999931
2.402387145,-4.47000051,0.9519800769039316,0.9519800769039316,1.9039601538078632,2.46378422,-3.52000237,2.34099007,-5.41999865
2.416361805,-4.47000051,0.9515245143217619,0.9515245143217619,1.9030490286435238,2.47023606,-3.52000237,2.36248755,-5.41999865
2.430316805,-4.47000039,0.9511314892363973,0.9511314892363973,1.9022629784727947,2.47673249,-3.52000213,2.38390112,-5.41999865
2.445279835,-4.44500065,0.9257787322334742,0.9257787322334742,1.8515574644669484,2.48327398,-3.52000189,2.40728569,-5.36999941
2.4590044,-4.4450004100000005,0.9255139545858304,0.9255139545858304,1.8510279091716608,2.48985958,-3.52000093,2.42814922,-5.36999989
2.4727143050000002,-4.444999455,0.9253040522781837,0.9253040522781837,1.8506081045563674,2.49649072,-3.52000093,2.44893789,-5.36999798
2.48641074,-4.4450004100000005,0.9251502923352657,0.9251502923352657,1.8503005846705314,2.50316787,-3.52000189,2.46965361,-5.36999893
2.5003597749999997,-4.4199998350000005,0.9000488981019815,0.9000488981019815,1.800097796203963,2.50989151,-3.52000141,2.49082804,-5.31999826
2.5138458000000004,-4.420000910000001,0.9000036649677896,0.9000036649677896,1.8000073299355792,2.51666164,-3.52000165,2.51102996,-5.32000017
2.52732301,-4.4199996,0.9000073511816388,0.9000073511816388,1.8000147023632775,2.52347851,-3.52000046,2.53116751,-5.31999874
2.540501475,-4.39499998,0.8750584940586422,0.8750584940586422,1.7501169881172844,2.53034234,-3.52000046,2.55066061,-5.2699995
2.5537807949999998,-4.395000455,0.8751551155448917,0.8751551155448917,1.7503102310897833,2.53725362,-3.52000141,2.57030797,-5.2699995
2.567053915,-4.394999739999999,0.8752964403281692,0.8752964403281692,1.7505928806563384,2.54421139,-3.52000141,2.58989644,-5.26999807
2.580322025,-4.395000215,0.8754832154555536,0.8754832154555536,1.7509664309111073,2.55121684,-3.52000093,2.60942721,-5.2699995
2.5935863250000004,-4.395000695,0.8757116875876025,0.8757116875876025,1.751423375175205,2.55827045,-3.52000141,2.6289022,-5.26999998
2.6056618699999996,-4.36999941,0.8509532600286943,0.8509532600286943,1.7019065200573886,2.56537247,-3.52000046,2.64595127,-5.21999836
2.61874509,-4.36999977,0.8512548780036784,0.8512548780036784,1.7025097560073568,2.57252336,-3.5200007,2.66496682,-5.21999884
2.63182545,-4.37000048,0.8515941602516961,0.8515941602516961,1.7031883205033922,2.5797236,-3.52000165,2.6839273,-5.21999931
2.6432002800000003,-4.345000025,0.8269129128340792,0.8269129128340792,1.6538258256681584,2.58697343,-3.52000093,2.69942713,-5.16999912
2.6561079,-4.345000385,0.8273132890018862,0.8273132890018862,1.6546265780037723,2.59427285,-3.52000117,2.71794295,-5.1699996
2.66901505,-4.34499991,0.8277478035351745,0.8277478035351745,1.655495607070349,2.60162115,-3.52000022,2.73640895,-5.1699996
2.679713845,-4.320001245,0.803116494250312,0.803116494250312,1.606232988500624,2.60902071,-3.52000213,2.75040698,-5.12000036
2.692456245,-4.32000065,0.8035998019905471,0.8035998019905471,1.6071996039810943,2.61647034,-3.52000141,2.76844215,-5.11999989
2.7052001949999998,-4.32000017,0.8041125110207702,0.8041125110207702,1.6082250220415404,2.62397122,-3.52000093,2.78642917,-5.11999941
2.717945695,-4.320000175,0.8046522117136037,0.8046522117136037,1.6093044234272074,2.63152409,-3.52000237,2.8043673,-5.11999798
2.730689885,-4.320000295,0.8052220455048527,0.8052220455048527,1.6104440910097053,2.63913012,-3.5200007,2.82224965,-5.11999989
2.74339461,-4.319675685,0.8054883798571311,0.8054883798571311,1.6109767597142621,2.64678931,-3.52000141,2.83999991,-5.11934996
2.752999425,-4.295000910000001,0.7812330057861351,0.7812330057861351,1.5624660115722702,2.6545012,-3.52000213,2.85149765,-5.06999969
2.76558542,-4.295000555,0.7818553140115675,0.7818553140115675,1.563710628023135,2.66226649,-3.52000189,2.86890435,-5.06999922
2.778171305,-4.295000195,0.7824988188394398,0.7824988188394398,1.5649976376788797,2.67008615,-3.52000213,2.88625646,-5.06999826
2.78711641,-4.269999145,0.7579005308249619,0.7579005308249619,1.5158010616499238,2.67796135,-3.52000022,2.89627147,-5.01999807
2.79954529,-4.269999265,0.7585609120497454,0.7585609120497454,1.5171218240994908,2.68589473,-3.52000046,2.91319585,-5.01999807
2.81197238,-4.27000022,0.7592394054500332,0.7592394054500332,1.5184788109000664,2.69388413,-3.52000046,2.93006063,-5.01999998
2.82096517,-4.248987915,0.7386400833420631,0.7386400833420631,1.4772801666841262,2.70193052,-3.52000237,2.93999982,-4.97797346
2.83258903,-4.24499953,0.7352844218694157,0.7352844218694157,1.4705688437388313,2.71003342,-3.5200007,2.95514464,-4.96999836
2.84485805,-4.24500072,0.7359790409136356,0.7359790409136356,1.4719580818272713,2.71819758,-3.5200026,2.97151852,-4.96999884
2.85711944,-4.245000125,0.7366846294568877,0.7366846294568877,1.4733692589137755,2.72642207,-3.52000189,2.98781681,-4.96999836
2.86937416,-4.245000245,0.7373998640928234,0.7373998640928234,1.4747997281856469,2.73470569,-3.52000165,3.00404263,-4.96999884
2.8800962,-4.23702407,0.7462427118621706,0.7462427118621706,1.4924854237243412,2.74000025,-3.50404978,3.02019215,-4.96999836
2.888946055,-4.21999979,0.7643297331540292,0.7643297331540292,1.5286594663080584,2.74163222,-3.47000074,3.03625989,-4.96999884
2.8959986,-4.19500029,0.7395837452243691,0.7395837452243691,1.4791674904487382,2.7498405,-3.47000241,3.0421567,-4.91999817
2.907956125,-4.195001125,0.7403222097923009,0.7403222097923009,1.4806444195846018,2.75811124,-3.47000217,3.05780101,-4.92000008
2.9199070899999997,-4.19500041,0.7410631622511529,0.7410631622511529,1.4821263245023057,2.76644444,-3.47000122,3.07336974,-4.9199996
2.9318517450000003,-4.195000295,0.7418054600119119,0.7418054600119119,1.4836109200238239,2.77483988,-3.47000194,3.08886361,-4.91999865
2.9382509,-4.1699996,0.7169433996650975,0.7169433996650975,1.433886799330195,2.78330112,-3.47000074,3.09320068,-4.86999846
2.9500590549999997,-4.170000195,0.7176611335663827,0.7176611335663827,1.4353222671327655,2.79182315,-3.47000098,3.10829496,-4.86999941
2.96186256,-4.17000079,0.7183777054761615,0.7183777054761615,1.436755410952323,2.80040526,-3.47000217,3.12331986,-4.86999941
2.97366011,-4.169999245,0.7190941635966551,0.7190941635966551,1.4381883271933102,2.80904484,-3.47000051,3.13827538,-4.86999798
2.979462025,-4.145000575,0.6941015102393996,0.6941015102393996,1.3882030204787992,2.81774282,-3.47000146,3.14118123,-4.81999969
2.991135595,-4.144999385,0.69478640341217,0.69478640341217,1.38957280682434,2.82650065,-3.47000051,3.15577054,-4.81999826
3.00280583,-4.14500022,0.695468721732538,0.695468721732538,1.390937443465076,2.83531332,-3.4700017,3.17029834,-4.81999874
3.014472965,-4.145000815,0.6961487899259159,0.6961487899259159,1.3922975798518318,2.84418011,-3.47000194,3.18476582,-4.81999969
3.02613604,-4.14500046,0.6968250175943471,0.6968250175943471,1.3936500351886942,2.85309911,-3.4700017,3.19917297,-4.81999922
3.0377951850000002,-4.1450001,0.697497473873034,0.697497473873034,1.394994947746068,2.86206937,-3.47000146,3.213521,-4.81999874
3.04944909,-4.145000335000001,0.698164138965093,0.698164138965093,1.396328277930186,2.8710928,-3.47000241,3.22780538,-4.81999826
3.0600826750000003,-4.141212705,0.6949059561884622,0.6949059561884622,1.3898119123769244,2.88016582,-3.4700017,3.23999953,-4.81242371
3.065948485,-4.120000245,0.6735779438049724,0.6735779438049724,1.3471558876099448,2.88928652,-3.47000194,3.24261045,-4.76999855
3.073272345,-4.1046557450000005,0.6901234054220385,0.6901234054220385,1.380246810844077,2.89000034,-3.43931246,3.25654435,-4.76999903
3.082072375,-4.095000745,0.7007872523862568,0.7007872523862568,1.4015745047725137,2.89371419,-3.42000151,3.27043056,-4.76999998
3.09353197,-4.095000150000001,0.701429541158221,0.701429541158221,1.402859082316442,2.90279508,-3.42000175,3.28426886,-4.76999855
3.10096097,-4.080906155,0.6874085479730131,0.6874085479730131,1.3748170959460262,2.91192245,-3.42000151,3.28999949,-4.7418108
3.109217525,-4.069999695,0.6766749027422746,0.6766749027422746,1.3533498054845492,2.92109513,-3.42000055,3.29733992,-4.71999884
3.1205945,-4.07000065,0.677277893614092,0.677277893614092,1.354555787228184,2.93031454,-3.42000151,3.31087446,-4.71999979
3.1319731500000003,-4.07000053,0.6778758319998933,0.6778758319998933,1.3557516639997866,2.93957615,-3.42000127,3.32437015,-4.71999979
3.14335406,-4.069999455,0.6784680823497707,0.6784680823497707,1.3569361646995415,2.94887948,-3.42000055,3.33782864,-4.71999836
3.15473783,-4.07000005,0.6790564091296304,0.6790564091296304,1.3581128182592608,2.95822334,-3.42000031,3.35125232,-4.71999979
3.166123865,-4.070000295,0.6796373672502438,0.6796373672502438,1.3592747345004876,2.96760726,-3.42000175,3.36464047,-4.71999884
3.17751217,-4.069999935,0.680214773508648,0.680214773508648,1.360429547017296,2.97702885,-3.42000103,3.37799549,-4.71999884
3.188244105,-4.067882895,0.6785680246400405,0.6785680246400405,1.357136049280081,2.98648882,-3.42000222,3.38999939,-4.71576357
3.1899998199999997,-4.037241335,0.6669702095373128,0.6669702095373128,1.3339404190746256,2.99000025,-3.40096354,3.38999939,-4.67351913
3.19600534,-4.020543335,0.6813438824604078,0.6813438824604078,1.3626877649208156,2.99000072,-3.3710885,3.40200996,-4.66999817
3.20709109,-4.019999985,0.6824708110688572,0.6824708110688572,1.3649416221377144,2.99908113,-3.37000132,3.41510105,-4.66999865
3.218353865,-4.0199996250000005,0.6830224930544445,0.6830224930544445,1.366044986108889,3.00854206,-3.3700006,3.42816567,-4.66999865
3.229019165,-4.018147345,0.6816199139474681,0.6816199139474681,1.3632398278949363,3.01803875,-3.37000155,3.43999958,-4.66629314
3.23378444,-3.9983331,0.6613062152330226,0.6613062152330226,1.3226124304660452,3.02756906,-3.37000108,3.43999982,-4.62666512
3.243902925,-3.995000005,0.6583130565395817,0.6583130565395817,1.3166261130791634,3.03713346,-3.37000203,3.45067239,-4.61999798
3.25512135,-3.995000005,0.6588257693728731,0.6588257693728731,1.3176515387457461,3.04672956,-3.3700006,3.46351314,-4.61999941
3.266346215,-3.995000365,0.65933217385967,0.65933217385967,1.31866434771934,3.05635786,-3.37000132,3.47633457,-4.61999941
3.27757716,-3.99499989,0.6598338796882877,0.6598338796882877,1.3196677593765753,3.06601739,-3.37000132,3.48913693,-4.61999846
3.28881407,-3.9949996499999996,0.6603319279918536,0.6603319279918536,1.3206638559837072,3.07570672,-3.37000084,3.50192142,-4.61999846
3.30005777,-3.99500072,0.6608250990180667,0.6608250990180667,1.3216501980361335,3.08542681,-3.37000203,3.51468873,-4.61999941
3.308719635,-3.9875181900000003,0.6692309762627646,0.6692309762627646,1.3384619525255292,3.09000015,-3.35503745,3.52743912,-4.61999893
3.315000055,-3.97328055,0.6842698692546093,0.6842698692546093,1.3685397385092186,3.09000039,-3.32706046,3.53999972,-4.61950064
3.318615555,-3.951610565,0.6692835268895921,0.6692835268895921,1.3385670537791843,3.09723091,-3.32000208,3.5400002,-4.58321905
3.3274509950000004,-3.945000055,0.6627563580321647,0.6627563580321647,1.3255127160643294,3.10694695,-3.32000089,3.54795504,-4.56999922
3.338611245,-3.9450004100000005,0.6632287137590326,0.6632287137590326,1.3264574275180652,3.11669183,-3.32000113,3.56053066,-4.56999969
3.3497788899999996,-3.9450002900000003,0.6636976317693714,0.6636976317693714,1.3273952635387427,3.12646365,-3.32000041,3.57309413,-4.57000017
3.3609540449999997,-3.94499993,0.6641602306181428,0.6641602306181428,1.3283204612362856,3.13626337,-3.3200016,3.58564472,-4.56999826
3.368044615,-3.933684705,0.6525877808947581,0.6525877808947581,1.3051755617895162,3.14608932,-3.32000184,3.58999991,-4.54736757
3.374231575,-3.920000075,0.6384739975518768,0.6384739975518768,1.2769479951037537,3.15594077,-3.3200016,3.59252238,-4.51999855
3.385376575,-3.9200009099999997,0.6389086669003342,0.6389086669003342,1.2778173338006684,3.16581798,-3.32000232,3.60493517,-4.5199995
3.3965292,-3.9200009099999997,0.6393395182835145,0.6393395182835145,1.278679036567029,3.17571998,-3.32000232,3.61733842,-4.5199995
3.407689575,-3.9200004350000004,0.6397668610951408,0.6397668610951408,1.2795337221902816,3.18564606,-3.32000184,3.62973309,-4.51999903
3.4160589000000003,-3.9124793999999996,0.6482141108775051,0.6482141108775051,1.2964282217550103,3.19000006,-3.30496073,3.64211774,-4.51999807
3.42224705,-3.8991889950000003,0.6628295026863308,0.6628295026863308,1.3256590053726616,3.19000053,-3.27837944,3.65449357,-4.51999855
3.4318134750000002,-3.89499998,0.6677356613843927,0.6677356613843927,1.3354713227687853,3.19676518,-3.27000141,3.66686177,-4.51999855
3.4429553750000004,-3.895000215,0.6681664551721667,0.6681664551721667,1.3363329103443333,3.20668793,-3.27000093,3.67922282,-4.5199995
3.453317165,-3.89292574,0.6663733188564785,0.6663733188564785,1.332746637712957,3.21663451,-3.27000141,3.68999982,-4.51585007
3.4583015450000003,-3.876769305,0.6495006902310365,0.6495006902310365,1.299001380462073,3.22660375,-3.27000141,3.68999934,-4.4835372
3.466834905,-3.869999405,0.6426574676257375,0.6426574676257375,1.285314935251475,3.23659492,-3.27000093,3.69707489,-4.46999788
3.474657775,-3.861429095,0.6522424646948185,0.6522424646948185,1.304484929389637,3.24000001,-3.25286031,3.70931554,-4.46999788
3.48077583,-3.84851885,0.6664903862362548,0.6664903862362548,1.3329807724725096,3.24000072,-3.22703934,3.72155094,-4.46999836
3.49051094,-3.8449999100000003,0.6706749244502658,0.6706749244502658,1.3413498489005315,3.2472403,-3.22000051,3.73378158,-4.46999931
3.5016182650000003,-3.84500074,0.6710804231439786,0.6710804231439786,1.3421608462879573,3.2572298,-3.22000217,3.74600673,-4.46999931
3.512732745,-3.844999075,0.6714830358562519,0.6714830358562519,1.3429660717125038,3.26724148,-3.22000027,3.75822401,-4.46999788
3.523857115,-3.8450008650000003,0.6718824310534433,0.6718824310534433,1.3437648621068865,3.2772758,-3.22000194,3.77043843,-4.46999979
3.53498876,-3.8449999100000003,0.6722790759674755,0.6722790759674755,1.344558151934951,3.28732991,-3.22000051,3.78264761,-4.46999931
3.54370248,-3.838902595,0.6661096916041416,0.6661096916041416,1.3322193832082831,3.29740524,-3.22000051,3.78999972,-4.45780468
3.54875064,-3.82366347,0.650082961586152,0.650082961586152,1.300165923172304,3.30750203,-3.22000217,3.78999925,-4.42732477
3.5584017049999996,-3.8200002950000003,0.6465112635546325,0.6465112635546325,1.293022527109265,3.31761742,-3.22000051,3.79918599,-4.42000008
3.56952465,-3.819999695,0.6468787574549714,0.6468787574549714,1.2937575149099427,3.32775331,-3.22000074,3.81129599,-4.41999865
3.5806567649999996,-3.82000041,0.6472435852185983,0.6472435852185983,1.2944871704371965,3.33790922,-3.22000217,3.82340431,-4.41999865
3.5877542499999997,-3.81004894,0.6583483023856823,0.6583483023856823,1.3166966047713646,3.34000015,-3.2000978,3.83550835,-4.42000008
3.590000035,-3.78825784,0.6620946531067944,0.6620946531067944,1.3241893062135888,3.34000087,-3.17517567,3.8399992,-4.40134001
3.5940127349999997,-3.77093005,0.6493273090165933,0.6493273090165933,1.2986546180331866,3.34802556,-3.17000055,3.83999991,-4.37185955
3.60471773,-3.769999865,0.6486742895460998,0.6486742895460998,1.2973485790921997,3.35818052,-3.17000175,3.85125494,-4.36999798
3.615812775,-3.770001055,0.6490258288486608,0.6490258288486608,1.2980516576973216,3.36835384,-3.17000222,3.86327171,-4.36999989
3.62691593,-3.7700006950000002,0.6493736977638378,0.6493736977638378,1.2987473955276756,3.37854576,-3.17000198,3.8752861,-4.36999941
3.63802731,-3.77000022,0.649719411514183,0.649719411514183,1.299438823028366,3.3887558,-3.17000103,3.88729882,-4.36999941
3.649147155,-3.77000034,0.6500610254026989,0.6500610254026989,1.3001220508053979,3.39898515,-3.17000175,3.89930916,-4.36999893
3.66027462,-3.7700001000000003,0.6504003123354892,0.6504003123354892,1.3008006246709785,3.40923285,-3.17000127,3.91131639,-4.36999893
3.6714104450000002,-3.7700001,0.6507372327930617,0.6507372327930617,1.3014744655861235,3.41949821,-3.17000079,3.92332268,-4.36999941
3.6825547199999997,-3.77000082,0.6510706393903514,0.6510706393903514,1.3021412787807027,3.42978191,-3.17000175,3.93532753,-4.36999989
3.689999815,-3.761232255,0.6420911078426994,0.6420911078426994,1.2841822156853988,3.44000053,-3.1698091,3.9399991,-4.35265541
3.6899997,-3.73494792,0.6402892894651593,0.6402892894651593,1.2805785789303186,3.44000006,-3.14548159,3.93999934,-4.32441425
3.6950288999999996,-3.72063756,0.651362202011559,0.651362202011559,1.302724404023118,3.44000053,-3.12127686,3.95005727,-4.31999826
3.70586383,-3.71999991,0.6523792027277433,0.6523792027277433,1.3047584054554866,3.44973993,-3.1200006,3.96198773,-4.31999922
3.716977595,-3.720000145,0.6526977652937107,0.6526977652937107,1.3053955305874214,3.46004057,-3.12000203,3.97391462,-4.31999826
3.728099705,-3.7200003850000005,0.65301636671209,0.65301636671209,1.30603273342418,3.47035718,-3.12000108,3.98584223,-4.31999969
3.73534548,-3.7109855400000002,0.6435144783543912,0.6435144783543912,1.2870289567087825,3.48069119,-3.12000155,3.98999977,-4.30196953
3.73999977,-3.696012615,0.6301341707722623,0.6301341707722623,1.2602683415445246,3.49000001,-3.11759305,3.98999953,-4.27443218
3.7449722249999997,-3.68184471,0.6410437504497941,0.6410437504497941,1.2820875008995882,3.49000072,-3.09368944,3.99994373,-4.26999998
3.75092685,-3.670000435,0.6542601879739965,0.6542601879739965,1.308520375947993,3.4900496,-3.07000089,4.0118041,-4.26999998
3.76202381,-3.6700003150000002,0.6545630013508653,0.6545630013508653,1.3091260027017306,3.50038505,-3.07000208,4.02366257,-4.26999855
3.77312863,-3.670000435,0.6548658073055629,0.6548658073055629,1.3097316146111257,3.51073623,-3.07000089,4.03552103,-4.26999998
3.7842415550000004,-3.6700003150000002,0.6551637435607542,0.6551637435607542,1.3103274871215085,3.52110457,-3.0700016,4.04737854,-4.26999903
3.795361875,-3.66999936,0.6554601683043713,0.6554601683043713,1.3109203366087425,3.5314877,-3.07000065,4.05923605,-4.26999807
3.80649042,-3.670000075,0.655753125561057,0.655753125561057,1.311506251122114,3.54188776,-3.07000208,4.07109308,-4.26999807
3.817626475,-3.669999715,0.6560449009048384,0.6560449009048384,1.3120898018096767,3.55230236,-3.07000136,4.08295059,-4.26999807
3.8263660699999997,-3.66457784,0.6504028527695914,0.6504028527695914,1.3008057055391828,3.56273246,-3.07000136,4.08999968,-4.25915432
3.8315887450000004,-3.65125811,0.636109560275484,0.636109560275484,1.272219120550968,3.57317829,-3.07000136,4.0899992,-4.23251486
3.8399359,-3.645000575,0.6295325292399766,0.6295325292399766,1.2590650584799532,3.58363986,-3.07000184,4.09623194,-4.21999931
3.84901428,-3.640396115,0.6348450072213416,0.6348450072213416,1.2696900144426833,3.59000015,-3.06079292,4.10802841,-4.21999931
3.854913355,-3.62870109,0.6479296083144875,0.6479296083144875,1.295859216628975,3.59000087,-3.03740239,4.11982584,-4.21999979
3.862137675,-3.6200001200000003,0.6577393074020584,0.6577393074020584,1.3154786148041169,3.59265304,-3.02000093,4.13162231,-4.21999931
3.87155783,-3.61620259,0.6538476261091921,0.6538476261091921,1.3076952522183842,3.60311627,-3.02000141,4.13999939,-4.21240377
3.876796725,-3.6031420250000004,0.6397888149176661,0.6397888149176661,1.2795776298353323,3.61359406,-3.02000046,4.13999939,-4.18628359
3.884239675,-3.5950009849999995,0.6311120345191465,0.6311120345191465,1.262224069038293,3.62408781,-3.02000237,4.14439154,-4.1699996
3.89536369,-3.5949999100000003,0.631367221256381,0.631367221256381,1.262734442512762,3.63459468,-3.0200007,4.1561327,-4.16999912
3.90649569,-3.5950001499999997,0.6316198720721682,0.6316198720721682,1.2632397441443364,3.64511609,-3.0200007,4.16787529,-4.1699996
3.917634605,-3.59500027,0.6318687536812027,0.6318687536812027,1.2637375073624053,3.65565181,-3.02000189,4.1796174,-4.16999865
3.92878115,-3.5950009849999995,0.6321167286347974,0.6321167286347974,1.2642334572695948,3.66620135,-3.02000237,4.19136095,-4.1699996
3.939933655,-3.595000625,0.6323619672491209,0.6323619672491209,1.2647239344982417,3.67676377,-3.02000213,4.20310354,-4.16999912
3.9510934349999998,-3.595000625,0.6326062058696649,0.6326062058696649,1.2652124117393297,3.68733931,-3.02000117,4.21484756,-4.17000008
3.958295105,-3.58637667,0.6423363871342499,0.6423363871342499,1.2846727742684998,3.69000053,-3.00275517,4.22658968,-4.16999817
3.964166165,-3.574887635,0.6552283367691002,0.6552283367691002,1.3104566735382004,3.69000006,-2.97977662,4.23833227,-4.16999865
3.968031525,-3.55908835,0.6488379272067077,0.6488379272067077,1.2976758544134155,3.69606328,-2.97000098,4.23999977,-4.14817572
3.973321435,-3.54642081,0.6351185140482448,0.6351185140482448,1.2702370280964896,3.70664358,-2.97000217,4.23999929,-4.12283945
3.9838078,-3.54499972,0.6337854954407564,0.6337854954407564,1.2675709908815127,3.71723604,-2.97000098,4.25037956,-4.11999846
3.99495828,-3.545000075,0.6340137169519231,0.6340137169519231,1.2680274339038462,3.72784257,-2.97000217,4.26207399,-4.11999798
4.00611544,-3.545000795,0.6342419473642178,0.6342419473642178,1.2684838947284356,3.73846102,-2.9700017,4.27376986,-4.11999989
4.012732865,-3.535253645,0.6452208898531354,0.6452208898531354,1.2904417797062708,3.74000049,-2.95050836,4.28546524,-4.11999893
4.0150001049999995,-3.51622367,0.6495387099663793,0.6495387099663793,1.2990774199327586,3.74000072,-2.92777157,4.28999949,-4.10467577
4.01848996,-3.4998649349999997,0.6402795736856466,0.6402795736856466,1.2805591473712932,3.74698091,-2.92000222,4.28999901,-4.07972765
4.027349475,-3.4950000049999996,0.6351270698367231,0.6351270698367231,1.2702541396734461,3.7576046,-2.92000079,4.29709435,-4.06999922
4.03849268,-3.49500024,0.6353431575755479,0.6353431575755479,1.2706863151510959,3.76824093,-2.92000031,4.30874443,-4.07000017
4.049642445,-3.4950002400000004,0.6355555000905482,0.6355555000905482,1.2711110001810964,3.77889085,-2.92000079,4.32039404,-4.06999969
4.060798765,-3.4950010750000002,0.6357654810458668,0.6357654810458668,1.2715309620917337,3.78955388,-2.92000198,4.33204365,-4.07000017
4.071959615,-3.495000955,0.6359728140380493,0.6359728140380493,1.2719456280760986,3.80022836,-2.92000222,4.34369087,-4.06999969
4.083126545,-3.495000365,0.6361780824611664,0.6361780824611664,1.2723561649223327,3.81091547,-2.92000151,4.35533762,-4.06999922
4.094299555,-3.495000365,0.6363805214091421,0.6363805214091421,1.2727610428182843,3.8216157,-2.92000151,4.36698341,-4.06999922
4.105478285,-3.49500036,0.6365808140997893,0.6365808140997893,1.2731616281995786,3.83232832,-2.92000103,4.37862825,-4.06999969
4.115000009999999,-3.491507885,0.6400159346495067,0.6400159346495067,1.2800318692990134,3.84000015,-2.91358447,4.38999987,-4.0694313
4.11500013,-3.468040465,0.6391554094399722,0.6391554094399722,1.2783108188799444,3.84000087,-2.89106989,4.38999939,-4.04501104
4.11533451,-3.4453381299999997,0.6375379377387471,0.6375379377387471,1.2750758754774942,3.84066963,-2.87000012,4.38999939,-4.02067614
4.126333,-3.444999815,0.6373499038947074,0.6373499038947074,1.2746998077894147,3.85139418,-2.87000108,4.40127182,-4.01999855
4.13749826,-3.44499993,0.6375341485905438,0.6375341485905438,1.2750682971810876,3.86213136,-2.87000179,4.41286516,-4.01999807
4.14866793,-3.44499993,0.6377160198634684,0.6377160198634684,1.2754320397269368,3.87288022,-2.87000179,4.42445564,-4.01999807
4.15984297,-3.445000645,0.6378954056896035,0.6378954056896035,1.275790811379207,3.8836422,-2.87000179,4.43604374,-4.0199995
4.17102182,-3.44499993,0.6380700003377545,0.6380700003377545,1.276140000675509,3.89441657,-2.87000179,4.44762707,-4.01999807
4.182205440000001,-3.444999695,0.6382434167596617,0.6382434167596617,1.2764868335193233,3.90520287,-2.87000036,4.45920801,-4.01999903
4.193393465,-3.44500041,0.6384119583500578,0.6384119583500578,1.2768239167001156,3.91600227,-2.87000132,4.47078466,-4.0199995
4.204584595,-3.4449995749999998,0.638576538024656,0.638576538024656,1.277153076049312,3.9268136,-2.87000108,4.48235559,-4.01999807
4.21381867,-3.44094503,0.634233323979598,0.634233323979598,1.268466647959196,3.93763757,-2.87000203,4.48999977,-4.01188803
4.2149999099999995,-3.4202683,0.6308519389917153,0.6308519389917153,1.2617038779834306,3.94000053,-2.85250998,4.48999929,-3.98802662
4.216397049999999,-3.4000822299999998,0.6334045478818523,0.6334045478818523,1.2668090957637046,3.94000006,-2.83016467,4.49279404,-3.96999979
4.225107550000001,-3.39500034,0.6392041288109661,0.6392041288109661,1.2784082576219322,3.94589925,-2.82000065,4.50431585,-3.97000003
4.2362867600000005,-3.39500022,0.6393518735826224,0.6393518735826224,1.2787037471652447,3.95674014,-2.82000065,4.51583338,-3.96999979
4.24746883,-3.3949999799999997,0.6394958958349706,0.6394958958349706,1.2789917916699411,3.96759248,-2.82000065,4.52734518,-3.96999931
4.258654475,-3.394999985,0.6396361887436024,0.6396361887436024,1.2792723774872048,3.97845674,-2.82000113,4.53885221,-3.96999884
4.264666085,-3.3843877300000003,0.6279651165831356,0.6279651165831356,1.2559302331662712,3.98933268,-2.8200016,4.53999949,-3.94877386
4.270109655000001,-3.3726292850000004,0.6150111010637914,0.6150111010637914,1.2300222021275828,4.00021935,-2.82000113,4.53999996,-3.92525744
4.2800076,-3.37000072,0.6122094505894767,0.6122094505894767,1.2244189011789535,4.01111746,-2.82000208,4.54889774,-3.91999936
4.2911918149999995,-3.370000245,0.6123303431704687,0.6123303431704687,1.2246606863409375,4.02202606,-2.82000184,4.56035757,-3.91999865
4.30237937,-3.37000024,0.6124486080645247,0.6124486080645247,1.2248972161290494,4.03294516,-2.8200016,4.57181358,-3.91999888
4.311632395,-3.36605048,0.6169616693661055,0.6169616693661055,1.233923338732211,4.04000092,-2.81210279,4.58326387,-3.91999817
4.317355395,-3.354910135,0.6294847621434978,0.6294847621434978,1.2589695242869956,4.04000092,-2.78982115,4.59470987,-3.91999912
4.323675155,-3.345000985,0.6406372468496263,0.6406372468496263,1.2812744936992526,4.04120016,-2.77000189,4.60615015,-3.92000008
4.3348607999999995,-3.34500003,0.6407457588311933,0.6407457588311933,1.2814915176623867,4.05213785,-2.77000189,4.61758375,-3.91999817
4.346048355000001,-3.34499955,0.640853323413634,0.640853323413634,1.281706646827268,4.06308413,-2.77000022,4.62901258,-3.91999888
4.357020855,-3.344557285,0.6404613596419008,0.6404613596419008,1.2809227192838015,4.07404232,-2.77000189,4.63999939,-3.91911268
4.362504005,-3.33297539,0.6276501658828962,0.6276501658828962,1.2553003317657925,4.08500862,-2.77000022,4.63999939,-3.89595056
4.36500049,-3.315351485,0.6216210315713988,0.6216210315713988,1.2432420631427976,4.09000111,-2.75786781,4.63999987,-3.87283516
4.3699943999999995,-3.30281115,0.6325342504731271,0.6325342504731271,1.2650685009462541,4.09000063,-2.73562241,4.64998817,-3.86999989
4.37731814,-3.29500055,0.6413331504467993,0.6413331504467993,1.2826663008935986,4.09326696,-2.72000217,4.66136932,-3.86999893
4.388499019999999,-3.295000435,0.6414196600314283,0.6414196600314283,1.2828393200628565,4.10425329,-2.7200017,4.67274475,-3.86999917
4.399681805,-3.2949996,0.6415028383402254,0.6415028383402254,1.2830056766804507,4.11524868,-2.72000074,4.68411493,-3.86999846
4.40812635,-3.289464475,0.6354065270565636,0.6354065270565636,1.2708130541131273,4.1262536,-2.72000051,4.6899991,-3.85892844
4.4136335849999995,-3.27800071,0.6226892197567065,0.6226892197567065,1.245378439513413,4.13726807,-2.72000074,4.6899991,-3.83600068
4.42085147,-3.270000815,0.613830524122575,0.613830524122575,1.22766104824515,4.14829111,-2.72000194,4.69341183,-3.81999969
4.432032345,-3.270000215,0.6138964910849724,0.6138964910849724,1.2277929821699447,4.15932178,-2.72000217,4.70474291,-3.81999826
4.443215374999999,-3.2699999799999997,0.6139612207730434,0.6139612207730434,1.2279224415460868,4.17036057,-2.72000122,4.71607018,-3.81999874
4.454399345000001,-3.27000105,0.6140222656687178,0.6140222656687178,1.2280445313374355,4.18140745,-2.72000217,4.72739124,-3.81999993
4.464353085,-3.2675216149999997,0.6168481220546563,0.6168481220546563,1.2336962441093127,4.19000006,-2.71504354,4.73870611,-3.81999969
4.470007185,-3.25638914,0.6293323686240366,0.6293323686240366,1.2586647372480733,4.19000006,-2.69278002,4.75001431,-3.81999826
4.47565937,-3.2452604750000003,0.6418151524222833,0.6418151524222833,1.2836303048445665,4.19000053,-2.67052078,4.76131821,-3.82000017
4.48671198,-3.245000125,0.6421556830121483,0.6421556830121483,1.2843113660242966,4.200809,-2.67000151,4.77261496,-3.81999874
4.497893810000001,-3.245000245,0.6422046323310867,0.6422046323310867,1.2844092646621734,4.21188211,-2.67000103,4.78390551,-3.81999946
4.506481409999999,-3.239784955,0.6364245618101898,0.6364245618101898,1.2728491236203796,4.22296333,-2.67000103,4.78999949,-3.80956888
4.512026075,-3.22845769,0.6238122565481405,0.6238122565481405,1.247624513096281,4.23405266,-2.67000222,4.78999949,-3.78691316
4.518995524999999,-3.220000025,0.6144042432057871,0.6144042432057871,1.2288084864115743,4.24514675,-2.67000055,4.7928443,-3.7699995
4.530175685,-3.2200012200000003,0.6144383550440988,0.6144383550440988,1.2288767100881977,4.25624895,-2.67000246,4.80410242,-3.76999998
4.54135537,-3.22000027,0.614470137601853,0.614470137601853,1.228940275203706,4.26735687,-2.67000175,4.81535387,-3.76999879
4.55253506,-3.21999955,0.6144995883542984,0.6144995883542984,1.2289991767085968,4.27847052,-2.67000103,4.8265996,-3.76999807
4.56371498,-3.2200002650000004,0.6145276698002224,0.6145276698002224,1.2290553396004449,4.28958988,-2.67000055,4.83784008,-3.76999998
4.565000534999999,-3.20015216,0.6163903346881824,0.6163903346881824,1.2327806693763648,4.29000139,-2.64850688,4.83999968,-3.75179744
4.56500006,-3.1777328249999997,0.6163048779791074,0.6163048779791074,1.2326097559582148,4.29000044,-2.62618327,4.83999968,-3.72928238
4.57231903,-3.1699995999999997,0.6145910684374422,0.6145910684374422,1.2291821368748843,4.2980504,-2.6200006,4.84658766,-3.7199986
4.583494905,-3.1700006700000003,0.6146070245538285,0.6146070245538285,1.229214049107657,4.3091898,-2.62000203,4.85780001,-3.71999931
4.5946691,-3.170000075,0.6146216057571403,0.6146216057571403,1.2292432115142806,4.320333,-2.6200006,4.8690052,-3.71999955
4.605843305,-3.170000075,0.6146324586334392,0.6146324586334392,1.2292649172668784,4.33148241,-2.62000084,4.8802042,-3.71999931
4.615698815,-3.16735709,0.617594035315969,0.617594035315969,1.235188070631938,4.34000015,-2.61471558,4.89139748,-3.7199986
4.62129307,-3.15617418,0.6300987896011153,0.6300987896011153,1.2601975792022306,4.34000063,-2.59234881,4.90258551,-3.71999955
4.6268904200000005,-3.14500034,0.6425891497908668,0.6425891497908668,1.2851782995817336,4.34001446,-2.57000208,4.91376638,-3.7199986
4.638062475,-3.1450006950000002,0.6425914925189339,0.6425914925189339,1.2851829850378678,4.35118246,-2.57000184,4.92494249,-3.71999955
4.64923334,-3.14500034,0.6425903243898262,0.6425903243898262,1.2851806487796524,4.36235523,-2.57000184,4.93611145,-3.71999884
4.656765699999999,-3.1377092600000003,0.634438593245811,0.634438593245811,1.268877186491622,4.3735323,-2.57000232,4.9399991,-3.7054162
4.662356135,-3.1265269499999997,0.6219373611599592,0.6219373611599592,1.2438747223199185,4.38471317,-2.5700016,4.9399991,-3.6830523
4.67026949,-3.12000096,0.6146362901439276,0.6146362901439276,1.2292725802878552,4.3958993,-2.57000208,4.94463968,-3.66999984
4.681437015,-3.12000024,0.6146264982881474,0.6146264982881474,1.2292529965762948,4.40708828,-2.5700016,4.95578575,-3.66999888
4.692603825,-3.119999645,0.6146154301064368,0.6146154301064368,1.2292308602128736,4.41828108,-2.57000041,4.96692657,-3.66999888
4.703769925,-3.119999765,0.6146008561363414,0.6146008561363414,1.2292017122726828,4.42947817,-2.57000136,4.97806168,-3.66999817
4.714595794999999,-3.119321105,0.6153442706642931,0.6153442706642931,1.2306885413285862,4.44000053,-2.56864333,4.98919106,-3.66999888
4.714999675,-3.097739935,0.6163207748238001,0.6163207748238001,1.2326415496476002,4.44000053,-2.54617238,4.98999882,-3.64930749
4.71499944,-3.0753444400000003,0.616401214883591,0.616401214883591,1.232802429767182,4.44000006,-2.52368712,4.98999882,-3.62700176
4.7234997750000005,-3.0699995749999998,0.614526500269294,0.614526500269294,1.229053000538588,4.44937515,-2.52000093,4.9976244,-3.61999822
4.7346642,-3.07000041,0.6145030991097296,0.6145030991097296,1.2290061982194591,4.46059227,-2.52000165,5.00873613,-3.61999917
4.745826005,-3.069999815,0.6144774748622835,0.6144774748622835,1.228954949724567,4.47181082,-2.52000141,5.01984119,-3.61999822
4.75698757,-3.07000077,0.614450791193702,0.614450791193702,1.228901582387404,4.4830327,-2.52000213,5.03094244,-3.61999941
4.768146755,-3.070000055,0.6144213450786606,0.6144213450786606,1.2288426901573213,4.4942565,-2.52000213,5.04203701,-3.61999798
4.7793052199999995,-3.07000077,0.6143920221566657,0.6143920221566657,1.2287840443133313,4.50548267,-2.52000189,5.05312777,-3.61999965
4.7904613000000005,-3.07000005,0.6143603608240157,0.6143603608240157,1.2287207216480314,4.51671028,-2.52000093,5.06421232,-3.61999917
4.801615955000001,-3.0699999350000002,0.6143275383015686,0.6143275383015686,1.2286550766031372,4.5279398,-2.52000022,5.07529211,-3.61999965
4.812768935,-3.0700000550000004,0.6142907883635772,0.6142907883635772,1.2285815767271544,4.53917265,-2.52000165,5.08636522,-3.61999846
4.81500006,-3.05206251,0.6175902175329765,0.6175902175329765,1.235180435065953,4.54000044,-2.49907708,5.08999968,-3.60504794
4.8150002999999995,-3.029631375,0.6177442437749733,0.6177442437749733,1.2354884875499466,4.54000092,-2.47647381,5.08999968,-3.58278894
4.821367745,-3.0200001,0.6141772110753582,0.6141772110753582,1.2283544221507163,4.54802752,-2.47000122,5.09470797,-3.56999898
4.8325212,-3.0199996249999996,0.6141370020741334,0.6141370020741334,1.2282740041482667,4.55927229,-2.47000027,5.10577011,-3.56999898
4.84367299,-3.0199995,0.6140942555045584,0.6140942555045584,1.2281885110091169,4.57051897,-2.47000074,5.11682701,-3.56999826
4.8548235900000005,-3.0200001,0.6140516349030675,0.6140516349030675,1.228103269806135,4.58176661,-2.47000074,5.12788057,-3.56999946
4.865971325,-3.02000022,0.6140075335464389,0.6140075335464389,1.2280150670928778,4.59301424,-2.47000051,5.13892841,-3.56999993
4.87711835,-3.020001055,0.6139612210315171,0.6139612210315171,1.2279224420630341,4.60426426,-2.47000194,5.14997244,-3.57000017
4.888262750000001,-3.0200008150000004,0.6139147173887579,0.6139147173887579,1.2278294347775158,4.6155138,-2.47000146,5.1610117,-3.57000017
4.8994047599999995,-3.020000575,0.6138671667386849,0.6138671667386849,1.2277343334773698,4.62676334,-2.47000098,5.17204618,-3.57000017
4.910544870000001,-3.0200006950000002,0.6138182519631978,0.6138182519631978,1.2276365039263957,4.63801336,-2.47000122,5.18307638,-3.57000017
4.91499972,-3.006507155,0.6195811568307305,0.6195811568307305,1.239162313661461,4.64000034,-2.45129895,5.1899991,-3.56171536
4.914999485,-2.98400867,0.6197888359048876,0.6197888359048876,1.2395776718097753,4.64000034,-2.4285686,5.18999863,-3.53944874
4.91920853,-2.9700007399999997,0.6136656776580203,0.6136656776580203,1.2273313553160405,4.64701939,-2.42000198,5.19139767,-3.5199995
4.930350065000001,-2.969999905,0.6136145113138783,0.6136145113138783,1.2272290226277567,4.65827799,-2.42000031,5.20242214,-3.5199995
4.941491125,-2.9700012200000003,0.6135608157388671,0.6135608157388671,1.2271216314777342,4.66953897,-2.42000222,5.21344328,-3.52000022
4.952629325,-2.97000051,0.6135070318013178,0.6135070318013178,1.2270140636026357,4.68079805,-2.42000175,5.2244606,-3.51999927
4.963765145,-2.970000145,0.6134533822237737,0.6134533822237737,1.2269067644475473,4.69205618,-2.42000079,5.23547411,-3.5199995
4.97489953,-2.970000505,0.6133972034614878,0.6133972034614878,1.2267944069229757,4.70331526,-2.42000222,5.2464838,-3.51999879
4.98603153,-2.970000625,0.6133423294340711,0.6133423294340711,1.2266846588681422,4.71457195,-2.42000198,5.25749111,-3.51999927
4.99716115,-2.970000625,0.6132860927317889,0.6132860927317889,1.2265721854635778,4.72582817,-2.42000222,5.26849413,-3.51999903
5.0082879049999995,-2.96999979,0.6132299853310007,0.6132299853310007,1.2264599706620014,4.737082,-2.42000127,5.27949381,-3.51999831
5.015000105,-2.9610446699999997,0.6220447427302644,0.6220447427302644,1.2440894854605289,4.74000025,-2.40308881,5.28999996,-3.51900053
5.015000105,-2.9384616599999998,0.6222815018864627,0.6222815018864627,1.2445630037729254,4.7400012,-2.38024139,5.28999901,-3.49668193
5.018109085,-2.92217529,0.6154845900651453,0.6154845900651453,1.2309691801302907,4.74621868,-2.3700006,5.28999949,-3.47434998
5.0281691550000005,-2.920000195,0.6130029492503215,0.6130029492503215,1.226005898500643,4.75747967,-2.37000036,5.29885864,-3.47000003
5.039298295,-2.92000091,0.6129443052428404,0.6129443052428404,1.2258886104856808,4.7687397,-2.37000203,5.30985689,-3.46999979
5.05042434,-2.920000555,0.6128869628514128,0.6128869628514128,1.2257739257028255,4.7799964,-2.37000132,5.32085228,-3.46999979
5.06154871,-2.920000555,0.6128296478013906,0.6128296478013906,1.2256592956027812,4.79125118,-2.37000108,5.33184624,-3.47000003
5.07125211,-2.9171116350000004,0.6095530765735697,0.6095530765735697,1.2191061531471394,4.80250454,-2.37000132,5.33999968,-3.46422195
5.07684922,-2.905843255,0.5969702486386994,0.5969702486386994,1.1939404972773988,4.81369972,-2.37000203,5.33999872,-3.44168448
5.082657575,-2.894999985,0.5848644473986561,0.5848644473986561,1.1697288947973121,4.82489252,-2.37000132,5.34042263,-3.41999865
5.093789815,-2.895000455,0.5848400880335726,0.5848400880335726,1.1696801760671451,4.83608246,-2.3700006,5.35149717,-3.42000031
5.10128641,-2.887594465,0.5930651301065641,0.5930651301065641,1.1861302602131283,4.84000015,-2.35518885,5.36257267,-3.42000008
5.106824874999999,-2.876194955,0.6057372668207505,0.6057372668207505,1.211474533641501,4.84000063,-2.33239126,5.37364912,-3.41999865
5.114917995,-2.870000245,0.6126148556273389,0.6126148556273389,1.2252297112546777,4.84510756,-2.32000089,5.38472843,-3.4199996
5.126050235,-2.86999977,0.6125915420901683,0.6125915420901683,1.2251830841803366,4.85629177,-2.32000089,5.3958087,-3.41999865
5.13718176,-2.8700010799999998,0.6125697021715404,0.6125697021715404,1.2251394043430808,4.86747265,-2.32000232,5.40689087,-3.41999984
5.148312095,-2.8699995300000003,0.6125488119407942,0.6125488119407942,1.2250976238815885,4.87865019,-2.32000089,5.417974,-3.41999817
5.15944266,-2.86999965,0.612529293377484,0.612529293377484,1.225058586754968,4.88982534,-2.32000089,5.42905998,-3.41999841
5.1704988499999995,-2.86984897,0.6123413933311675,0.6123413933311675,1.224682786662335,4.90099812,-2.32000232,5.43999958,-3.41969562
5.1760830900000006,-2.8585337400000004,0.599725414728212,0.599725414728212,1.199450829456424,4.91216612,-2.32000017,5.44000006,-3.39706731
5.181666375000001,-2.847213745,0.5871021578081281,0.5871021578081281,1.1742043156162563,4.92333317,-2.32000136,5.43999958,-3.37442613
5.191711665,-2.845000265,0.5846227711805188,0.5846227711805188,1.1692455423610375,4.93449593,-2.32000136,5.4489274,-3.36999917
5.20001364,-2.8392266050000003,0.5910387739497167,0.5910387739497167,1.1820775478994334,4.94000006,-2.3084538,5.46002722,-3.36999941
5.20556521,-2.827836755,0.6037097516327947,0.6037097516327947,1.2074195032655894,4.94000053,-2.28567362,5.47112989,-3.36999989
5.2128570100000005,-2.819999815,0.6124230240837761,0.6124230240837761,1.2248460481675523,4.94348097,-2.27000117,5.48223305,-3.36999846
5.223987814999999,-2.8200000550000004,0.6124133849207344,0.6124133849207344,1.2248267698414688,4.95463514,-2.2700007,5.49334049,-3.36999941
5.235117675,-2.8199992199999997,0.6124036278259429,0.6124036278259429,1.2248072556518859,4.96578646,-2.27000022,5.50444889,-3.36999822
5.24624848,-2.8199999350000002,0.6123950234884671,0.6123950234884671,1.2247900469769342,4.97693586,-2.27000141,5.5155611,-3.36999846
5.257378575000001,-2.8200001749999997,0.6123875672415943,0.6123875672415943,1.2247751344831885,4.98808193,-2.27000213,5.52667522,-3.36999822
5.26850939,-2.82000089,0.6123827588196783,0.6123827588196783,1.2247655176393566,4.99922514,-2.27000213,5.53779364,-3.36999965
5.27518177,-2.810896155,0.6022423225156281,0.6022423225156281,1.2044846450312563,5.01036453,-2.27000093,5.53999901,-3.35179138
5.28075099,-2.799536465,0.5895910931287871,0.5895910931287871,1.1791821862575742,5.02150202,-2.27000117,5.53999996,-3.32907176
5.2896611700000005,-2.79500103,0.5845384566301967,0.5845384566301967,1.1690769132603933,5.03263712,-2.27000213,5.54668522,-3.31999993
5.298907755,-2.791152355,0.5888231953174822,0.5888231953174822,1.1776463906349643,5.04000044,-2.26230478,5.55781507,-3.31999993
5.304474355,-2.779785395,0.6014782933175625,0.6014782933175625,1.202956586635125,5.04000092,-2.23957253,5.56894779,-3.31999826
5.310814615,-2.769999745,0.6123767896739492,0.6123767896739492,1.2247535793478983,5.04154491,-2.22000051,5.58008432,-3.31999898
5.321946145,-2.7700001,0.6123803625185007,0.6123803625185007,1.2247607250370014,5.05266857,-2.22000074,5.59122372,-3.31999946
5.333078145,-2.7700003349999998,0.612385283005247,0.612385283005247,1.224770566010494,5.06378937,-2.22000098,5.60236692,-3.31999969
5.344210145,-2.77000022,0.6123913669588034,0.6123913669588034,1.2247827339176067,5.0749073,-2.22000098,5.61351299,-3.31999946
5.35534215,-2.7699995,0.612398590022544,0.612398590022544,1.224797180045088,5.0860219,-2.22000074,5.6246624,-3.31999826
5.3629083600000005,-2.76271498,0.6205187710722075,0.6205187710722075,1.241037542144415,5.09000015,-2.2054317,5.63581657,-3.31999826
5.36499977,-2.7442534,0.6252282278662638,0.6252282278662638,1.2504564557325275,5.09000063,-2.18275023,5.63999891,-3.30575657
5.36743069,-2.726486205,0.6196533241310427,0.6196533241310427,1.2393066482620854,5.09486151,-2.17000055,5.63999987,-3.28297186
5.375386475,-2.7200008650000003,0.6124437929670365,0.6124437929670365,1.224887585934073,5.10596418,-2.17000175,5.64480877,-3.26999998
5.386519195,-2.72000027,0.6124585815214455,0.6124585815214455,1.224917163042891,5.11706305,-2.17000127,5.65597534,-3.26999927
5.397652625,-2.720000625,0.6124743132827912,0.6124743132827912,1.2249486265655825,5.12816,-2.17000198,5.66714525,-3.26999927
5.408786535,-2.7199999100000003,0.6124926799734022,0.6124926799734022,1.2249853599468044,5.13925314,-2.17000079,5.67831993,-3.26999903
5.41474962,-2.70944679,0.6242639205493267,0.6242639205493267,1.2485278410986533,5.14000034,-2.14889503,5.6894989,-3.26999855
5.42034125,-2.6981396699999998,0.6368786602892172,0.6368786602892172,1.2737573205784345,5.14000034,-2.12628007,5.70068216,-3.26999927
5.429937600000001,-2.6950012450000003,0.6403979470264628,0.6403979470264628,1.2807958940529256,5.14800501,-2.12000251,5.71187019,-3.26999998
5.441072705,-2.694999815,0.6404235772549596,0.6404235772549596,1.2808471545099192,5.15908337,-2.12000036,5.72306204,-3.26999927
5.45220947,-2.695001005,0.6404492838549142,0.6404492838549142,1.2808985677098284,5.17016029,-2.12000227,5.73425865,-3.26999974
5.460616825,-2.68943584,0.6342797299718244,0.6342797299718244,1.2685594599436487,5.18123388,-2.12000108,5.73999977,-3.2588706
5.46615219,-2.6780195200000003,0.6215917382183671,0.6215917382183671,1.2431834764367342,5.19230509,-2.12000155,5.73999929,-3.23603749
5.473353385,-2.6699995999999997,0.6126892165713397,0.6126892165713397,1.2253784331426794,5.20337343,-2.1200006,5.74333334,-3.2199986
5.4844911100000004,-2.66999948,0.6127209507400025,0.6127209507400025,1.225441901480005,5.21443939,-2.12000036,5.75454283,-3.2199986
5.4956305,-2.66999996,0.6127539445368736,0.6127539445368736,1.2255078890737472,5.22550344,-2.12000108,5.76575756,-3.21999884
5.506771805,-2.670000435,0.6127879900342835,0.6127879900342835,1.225575980068567,5.23656607,-2.12000227,5.77697754,-3.2199986
5.514101265000001,-2.662243245,0.6214673035289651,0.6214673035289651,1.2429346070579301,5.24000072,-2.10448837,5.78820181,-3.21999812
5.519716735,-2.65099943,0.634035785762782,0.634035785762782,1.268071571525564,5.24000072,-2.08200002,5.79943275,-3.21999884
5.52790856,-2.64500034,0.6407617519859701,0.6407617519859701,1.2815235039719401,5.24514961,-2.07000208,5.81066751,-3.2199986
5.53905153,-2.645000575,0.6408056376941893,0.6408056376941893,1.2816112753883786,5.25619411,-2.07000184,5.82190895,-3.21999931
5.550195459999999,-2.644999865,0.6408507915854438,0.6408507915854438,1.2817015831708876,5.26723576,-2.07000113,5.83315516,-3.2199986
5.559137585,-2.640523075,0.6359070107856443,0.6359070107856443,1.2718140215712885,5.27827597,-2.07000184,5.8399992,-3.21104431
5.5646564949999995,-2.6290946,0.6232165403857753,0.6232165403857753,1.2464330807715507,5.28931379,-2.07000136,5.8399992,-3.18818784
5.5661485200000005,-2.60949862,0.6248352699770143,0.6248352699770143,1.2496705399540287,5.29000092,-2.0489974,5.84229612,-3.16999984
5.57177806,-2.598309755,0.6373596764676658,0.6373596764676658,1.2747193529353316,5.29000044,-2.02662039,5.85355568,-3.16999912
5.58128977,-2.5949991949999998,0.6411035462028476,0.6411035462028476,1.2822070924056952,5.29775858,-2.02000022,5.86482096,-3.16999817
5.592435119999999,-2.595000025,0.6411596533457973,0.6411596533457973,1.2823193066915946,5.30877733,-2.02000093,5.87609291,-3.16999912
5.603582384999999,-2.595000145,0.6412170385670692,0.6412170385670692,1.2824340771341385,5.31979418,-2.02000141,5.88737059,-3.16999888
5.614731785,-2.5950001499999997,0.6412780553965225,0.6412780553965225,1.282556110793045,5.33080816,-2.02000022,5.89865541,-3.17000008
5.62497306,-2.593158485,0.6433935301962098,0.6433935301962098,1.2867870603924196,5.34000063,-2.01631713,5.90994549,-3.16999984
5.63062143,-2.58202088,0.6558812911049363,0.6558812911049363,1.3117625822098726,5.34000015,-1.99404168,5.92124271,-3.17000008
5.636272905,-2.57089651,0.6683568803475204,0.6683568803475204,1.3367137606950408,5.34000015,-1.97179437,5.93254566,-3.16999865
5.64505291,-2.5661027400000003,0.6650782995631723,0.6650782995631723,1.3301565991263447,5.35010672,-1.97000217,5.9399991,-3.16220331
5.650548695,-2.55467564,0.6523998553526562,0.6523998553526562,1.3047997107053124,5.36109781,-1.97000158,5.93999958,-3.1393497
5.656908509999999,-2.5450000800000003,0.6416747069670928,0.6416747069670928,1.2833494139341857,5.372087,-1.9700017,5.94173002,-3.11999846
5.66806102,-2.54500049,0.6417493937384912,0.6417493937384912,1.2834987874769823,5.38307381,-1.97000086,5.95304823,-3.12000012
5.67718601,-2.54090846,0.6463904094704193,0.6463904094704193,1.2927808189408385,5.39000082,-1.96181846,5.9643712,-3.11999846
5.6828517949999995,-2.5298442249999997,0.6588195126407573,0.6588195126407573,1.3176390252815147,5.3900013,-1.93969023,5.97570229,-3.11999822
5.664292095,-2.470000685,0.7257163800983553,0.7257163800983553,1.4514327601967105,5.34154367,-1.82000244,5.98704052,-3.11999893
5.6754310100000005,-2.47000045,0.7258082281262711,0.7258082281262711,1.4516164562525422,5.35247564,-1.82000244,5.99838638,-3.11999846
5.686572075,-2.469999375,0.725903312052638,0.725903312052638,1.451806624105276,5.36340475,-1.82000053,6.0097394,-3.11999822
5.697715284999999,-2.469999795,0.7259997660376644,0.7259997660376644,1.4519995320753287,5.374331,-1.82000113,6.02109957,-3.11999846
5.708862065,-2.470000145,0.7260985585836417,0.7260985585836417,1.4521971171672834,5.38525581,-1.8200016,6.03246832,-3.11999869
5.71808839,-2.466141165,0.7218884530785333,0.7218884530785333,1.4437769061570667,5.39617729,-1.82000172,6.03999949,-3.11228061
5.723547935,-2.45472729,0.7092382465300118,0.7092382465300118,1.4184764930600235,5.40709591,-1.82000136,6.03999996,-3.08945322
5.72984338,-2.444999515,0.6984717221280717,0.6984717221280717,1.3969434442561435,5.41801167,-1.82000053,6.04167509,-3.0699985
5.7409918300000005,-2.445000055,0.6985766563128628,0.6985766563128628,1.3971533126257256,5.42892599,-1.82000065,6.05305767,-3.06999946
5.752143145,-2.44500065,0.6986828751335161,0.6986828751335161,1.3973657502670322,5.43983841,-1.82000184,6.06444788,-3.06999946
5.763296845,-2.4449999900000003,0.6987915545903217,0.6987915545903217,1.3975831091806434,5.45074797,-1.82000172,6.07584572,-3.06999826
5.774454355,-2.445000945,0.6989037701065685,0.6989037701065685,1.397807540213137,5.46165562,-1.8200022,6.08725309,-3.06999969
5.785614495,-2.445000175,0.6990185737058054,0.6990185737058054,1.398037147411611,5.47256041,-1.82000089,6.09866858,-3.06999946
5.79677868,-2.44500077,0.6991344649154395,0.6991344649154395,1.398268929830879,5.48346472,-1.82000208,6.11009264,-3.06999946
5.807945015,-2.444999815,0.6992540626145402,0.6992540626145402,1.3985081252290803,5.49436522,-1.82000065,6.12152481,-3.06999898
5.819116115,-2.44499993,0.699374927503631,0.699374927503631,1.398749855007262,5.50526571,-1.82000136,6.13296652,-3.0699985
5.82808137,-2.440605045,0.6945800797219771,0.6945800797219771,1.3891601594439542,5.51616335,-1.8200016,6.13999939,-3.06120849
5.833529475,-2.42921865,0.681960475164365,0.681960475164365,1.36392095032873,5.52705908,-1.82000113,6.13999987,-3.03843617
5.840063575,-2.4200009099999997,0.6717650645063303,0.6717650645063303,1.3435301290126607,5.53795481,-1.82000208,6.14217234,-3.01999974
5.851237299999999,-2.419999895,0.6718908336084629,0.6718908336084629,1.3437816672169258,5.54884768,-1.82000172,6.15362692,-3.01999807
5.862416270000001,-2.420000675,0.6720202367626502,0.6720202367626502,1.3440404735253004,5.55973959,-1.82000232,6.16509295,-3.01999903
5.87359834,-2.419999895,0.6721520984263878,0.6721520984263878,1.3443041968527756,5.5706296,-1.82000124,6.17656708,-3.01999855
5.884784935,-2.41999924,0.672286423795,0.672286423795,1.34457284759,5.58151865,-1.82000041,6.18805122,-3.01999807
5.895976545,-2.42000103,0.6724230669833041,0.6724230669833041,1.3448461339666082,5.59240723,-1.82000232,6.19954586,-3.01999974
5.907171965,-2.420000435,0.672562195447349,0.672562195447349,1.345124390894698,5.60329437,-1.82000184,6.21104956,-3.01999903
5.918371915,-2.42000061,0.6727051377993258,0.6727051377993258,1.3454102755986517,5.61417961,-1.82000124,6.22256422,-3.01999998
5.929576635,-2.4200009099999997,0.6728491831051405,0.6728491831051405,1.345698366210281,5.62506485,-1.82000208,6.23408842,-3.01999974
5.9379742150000006,-2.414465545,0.6667894964706824,0.6667894964706824,1.3335789929413648,5.63594866,-1.82000041,6.23999977,-3.00893068
