s,left_x,left_y,right_x,right_y
0.00000000,6.41378998,17.15000058,7.43121328,19.84999872
0.01062690,6.40329724,17.15000270,7.42045222,19.84999768
0.02125262,6.39280610,17.15000168,7.40969192,19.84999892
0.03187867,6.38231222,17.15000269,7.39893371,19.84999784
0.04250382,6.37181979,17.15000145,7.38817584,19.84999748
0.05244978,6.36132203,17.15000224,7.37999986,19.85685091
0.06767368,6.35082110,17.15000203,7.37999915,19.88543054
0.07840939,6.34032345,17.15000149,7.37472282,19.89999831
0.08903772,6.32982202,17.15000225,7.36396760,19.90000051
0.09966663,6.31931758,17.15000253,7.35321421,19.90000047
0.11029568,6.30881113,17.15000145,7.34246256,19.90000031
0.12092450,6.29830477,17.15000284,7.33171130,19.89999980
0.13155344,6.28779609,17.15000084,7.32096208,19.89999960
0.16358192,6.25850503,17.09999976,7.31021431,19.89999881
0.17420962,6.24799514,17.10000107,7.29946879,19.89999995
0.18483739,6.23748502,17.10000041,7.28872341,19.89999895
0.19546530,6.22696977,17.10000038,7.27798283,19.89999994
0.20609432,6.21645202,17.10000083,7.26724252,19.90000051
0.21672308,6.20593460,17.10000161,7.25650241,19.89999895
0.22735265,6.19541251,17.09999959,7.24576537,19.89999930
0.23798318,6.18488698,17.10000127,7.23502985,19.89999892
0.24886134,6.17436195,17.10000138,7.22999988,19.91520997
0.26411411,6.16383358,17.09999983,7.22999982,19.94384260
0.27408129,6.15329955,17.10000088,7.22157433,19.94999913
0.28471637,6.14276114,17.10000145,7.21084258,19.94999900
0.29535025,6.13222321,17.09999983,7.20011273,19.94999915
0.30598596,6.12168075,17.09999978,7.18938378,19.94999851
0.31662217,6.11113554,17.10000052,7.17865658,19.94999967
0.32725886,6.10058722,17.10000119,7.16793154,19.94999858
0.33789718,6.09003313,17.10000104,7.15720898,19.94999906
0.36991173,6.06075669,17.05000080,7.14648885,19.94999931
0.38055134,6.05019651,17.05000066,7.13576981,19.94999881
0.39118907,6.03964009,17.05000251,7.12505074,19.94999875
0.40144154,6.03000051,17.05247953,7.11433541,19.94999787
0.48473012,6.08000045,17.21435714,7.10362232,19.94999827
0.49985185,6.08000034,17.24263929,7.09291055,19.94999898
0.51498133,6.08000039,17.27093971,7.08220112,19.94999904
0.54053247,6.08000029,17.29925126,7.08000005,19.97274235
0.56832832,6.08000070,17.32758327,7.07948682,19.99999960
0.58126634,6.07778035,17.34999980,7.06878017,19.99999877
0.59192187,6.06717294,17.35000132,7.05807655,19.99999998
0.60257781,6.05656307,17.35000156,7.04737455,20.00000067
0.61323518,6.04594903,17.35000113,7.03667384,19.99999884
0.62389356,6.03532998,17.34999992,7.02597609,20.00000090
0.63455433,6.02470526,17.35000057,7.01527932,19.99999983
0.64521527,6.01407671,17.35000082,7.00458599,20.00000076
0.65587664,6.00344769,17.35000115,6.99389219,19.99999929
0.66654152,5.99280776,17.35000025,6.98320235,19.99999874
0.67720628,5.98216588,17.35000054,6.97251480,20.00000048
0.69024622,5.98000051,17.37269501,6.96182753,19.99999901
0.70499098,5.97955258,17.40000279,6.95114432,19.99999928
0.71566111,5.96889562,17.40000069,6.94046106,19.99999925
0.72633052,5.95823721,17.40000267,6.92978061,19.99999903
0.73700392,5.94756850,17.40000243,6.91910253,19.99999965
0.74767756,5.93689640,17.40000171,6.90842728,20.00000008
0.75781494,5.93000066,17.41011706,6.89775200,20.00000020
0.77307069,5.93000067,17.43870174,6.88707921,19.99999951
0.79250205,5.93000060,17.46730386,6.87999942,20.00960980
0.89120179,5.98000060,17.62971738,6.87999946,20.03815842
0.91167176,5.98000094,17.65833770,6.87375723,20.04999943
0.99523181,6.03000028,17.82076395,6.86309363,20.04999798
1.01051068,6.03000068,17.84940107,6.85243268,20.04999863
1.09406793,6.08000076,18.01181936,6.84177206,20.04999860
1.10934985,6.08000071,18.04046389,6.83111508,20.04999988
1.12463677,6.08000093,18.06912049,6.82045880,20.05000000
1.13992071,6.08000042,18.09777300,6.80980376,20.04999795
1.15521133,6.08000094,18.12643822,6.79915300,20.04999947
1.17050147,6.08000042,18.15510332,6.78850297,20.05000019
1.18579483,6.08000067,18.18377898,6.77785512,20.04999808
1.20109081,6.08000099,18.21245733,6.76721036,20.04999994
1.21638620,6.08000082,18.24113794,6.75656596,20.04999856
1.23168194,6.08000036,18.26981809,6.74592302,20.04999874
1.24698269,6.08000093,18.29851148,6.73528403,20.04999793
1.26864040,6.08000078,18.32719482,6.72999963,20.06430661
1.29719722,6.08000101,18.35588985,6.73000020,20.09272522
1.31560755,6.08000066,18.38457853,6.72209127,20.09999764
1.33090651,6.08000068,18.41327108,6.71146179,20.09999743
1.34620547,6.08000078,18.44196389,6.70083672,20.09999858
1.35622680,6.07226562,18.45000163,6.69021189,20.09999928
1.36691165,6.06151832,18.45000161,6.67958959,20.09999935
1.37759852,6.05076583,18.45000022,6.66896837,20.09999834
1.38828576,6.04000933,18.45000030,6.65835026,20.09999878
1.39864719,6.03000006,18.45200141,6.64773342,20.09999834
1.41395032,6.03000042,18.48070876,6.63711812,20.09999737
1.42925119,6.03000078,18.50941112,6.62650585,20.09999802
1.44455111,6.03000028,18.53811317,6.61589559,20.09999716
1.45488870,6.02369346,18.55000205,6.60528784,20.09999770
1.46557701,6.01292351,18.55000088,6.59468107,20.09999781
1.47626615,6.00215164,18.55000245,6.58407473,20.09999728
1.48769701,5.99137307,18.55000155,6.57999975,20.11737708
1.50279868,5.98059144,18.55000178,6.58000005,20.14559045
1.51927376,5.98000091,18.57713446,6.57106296,20.15000041
1.53456581,5.98000068,18.60582689,6.56047031,20.14999900
1.54985487,5.98000058,18.63451371,6.54988132,20.14999848
1.56082761,5.97503958,18.65000103,6.53929566,20.15000008
1.57151532,5.96425140,18.65000194,6.52870856,20.14999828
1.58220375,5.95345887,18.65000133,6.51812410,20.15000021
1.59289324,5.94266348,18.65000194,6.50754071,20.14999934
1.60358393,5.93186297,18.65000142,6.49695968,20.14999960
1.61697865,5.93000067,18.67372680,6.48638010,20.14999896
1.63131428,5.92910183,18.70000004,6.47580172,20.14999980
1.64200497,5.91828230,18.70000032,6.46523999,20.14999935
1.65269768,5.90745746,18.69999984,6.45467939,20.14999828
1.66339099,5.89662991,18.69999997,6.44412021,20.14999900
1.67408478,5.88579837,18.70000203,6.43356436,20.14999877
1.69067276,5.88000020,18.71333234,6.42999925,20.16849574
1.71895647,5.87999987,18.74199334,6.42999971,20.19640221
1.72924376,5.87219309,18.75000125,6.42081607,20.19999759
1.73993397,5.86135567,18.75000115,6.41027308,20.19999828
1.75062621,5.85051338,18.75000189,6.39973094,20.19999757
1.76131999,5.83966566,18.75000152,6.38919090,20.19999817
1.77154267,5.83000043,18.75312492,6.37865092,20.19999885
1.78678596,5.83000053,18.78173236,6.36811208,20.19999859
1.79843330,5.82608559,18.80000073,6.35757244,20.19999776
1.80912745,5.81523563,18.80000228,6.34703417,20.19999839
1.81982279,5.80438078,18.80000085,6.33649829,20.19999844
1.83052039,5.79352336,18.80000176,6.32596056,20.19999800
1.84121978,5.78266039,18.80000172,6.31542477,20.19999883
1.85385442,5.78000085,18.82155200,6.30488955,20.19999934
1.86902726,5.77997645,18.85000099,6.29435396,20.19999935
1.87972593,5.76911549,18.85000116,6.28381756,20.19999858
1.89118826,5.75825066,18.85000039,6.27999953,20.21760497
1.90601218,5.74738296,18.85000042,6.27999943,20.24518907
1.91608286,5.73651109,18.85000047,6.27131279,20.24999955
1.92678130,5.72563578,18.84999970,6.26079135,20.24999936
1.93748152,5.71475608,18.84999985,6.25027046,20.25000093
1.94818413,5.70387427,18.85000004,6.23974705,20.24999988
1.95888782,5.69298956,18.85000104,6.22922447,20.25000073
1.96959341,5.68209975,18.85000102,6.21870318,20.25000077
1.98267817,5.68000067,18.87292586,6.20818014,20.25000049
1.99729383,5.67950159,18.90000070,6.19765773,20.24999946
2.00799870,5.66861576,18.90000212,6.18713400,20.25000041
2.01803136,5.65772647,18.90000246,6.17999947,20.25881836
2.03275251,5.64683202,18.90000077,6.17999955,20.28617265
2.04335976,5.63593678,18.90000178,6.17480618,20.29999943
2.05380630,5.63000037,18.91288733,6.16429519,20.29999866
2.06889033,5.63000033,18.94116333,6.15378332,20.29999975
2.07891560,5.62251440,18.95000055,6.14327047,20.29999823
2.08961916,5.61161902,18.94999990,6.13275876,20.29999864
2.10032463,5.60072126,18.95000179,6.12224527,20.29999859
2.11103320,5.58981925,18.95000164,6.11173013,20.29999816
2.12174344,5.57891458,18.95000169,6.10121438,20.29999966
2.13245535,5.56800631,18.95000094,6.09069903,20.29999870
2.14317012,5.55709440,18.94999988,6.08018121,20.29999950
2.15760660,5.54617993,18.94999978,6.07999947,20.32665500
2.17081571,5.53526251,18.94999992,6.07854675,20.34999780
2.18154979,5.53000042,18.96457064,6.06804196,20.34999727
2.19654846,5.53000054,18.99266652,6.05753512,20.34999846
2.20653105,5.52193966,19.00000163,6.04702648,20.34999739
2.21724176,5.51102641,19.00000318,6.03651811,20.34999860
2.22795606,5.50010859,19.00000241,6.02600734,20.34999905
2.23867154,5.48918801,19.00000253,6.01549690,20.34999924
2.24938989,5.47826369,19.00000108,6.00498480,20.34999941
2.26011038,5.46733809,19.00000136,5.99446948,20.34999944
2.27083254,5.45640894,19.00000239,5.98395441,20.34999863
2.28155732,5.44547639,19.00000167,5.97343721,20.34999806
2.29228401,5.43454203,19.00000102,5.96291822,20.34999745
2.30339193,5.43000035,19.01632915,5.95239692,20.34999902
2.31830001,5.43000092,19.04422872,5.94187498,20.34999752
2.32831931,5.42133625,19.05000154,5.93135114,20.34999849
2.34151697,5.41040609,19.05000123,5.92999929,20.37336296
2.35592365,5.39947233,19.05000131,5.92994578,20.39999870
2.36664772,5.38853721,19.05000186,5.91943257,20.39999861
2.37665081,5.38000039,19.05610417,5.90891710,20.40000041
2.39149904,5.38000056,19.08387585,5.89839904,20.39999991
2.40254211,5.37542381,19.09999984,5.88788085,20.39999916
2.41326880,5.36449308,19.09999988,5.87735833,20.39999832
2.42399645,5.35356088,19.10000040,5.86683528,20.40000011
2.43472672,5.34262576,19.10000092,5.85630982,20.39999893
2.44545937,5.33168686,19.09999952,5.84578353,20.39999975
2.45619535,5.32074659,19.10000004,5.83525175,20.39999884
2.46693230,5.30980491,19.10000068,5.82471947,20.40000021
2.47767258,5.29885926,19.10000154,5.81418491,20.39999841
2.48841405,5.28791184,19.10000042,5.80364904,20.39999948
2.49840140,5.28000004,19.10765020,5.79310977,20.40000051
2.51315236,5.28000040,19.13520604,5.78256881,20.39999929
2.53099036,5.27494065,19.15000126,5.77999939,20.42005484
2.54531765,5.26399968,19.15000131,5.77999986,20.44653847
2.55551505,5.25305672,19.15000126,5.77084340,20.44999752
2.56625509,5.24211187,19.15000170,5.76030815,20.44999770
2.57699752,5.23116522,19.15000170,5.74976989,20.44999782
2.58774281,5.22021576,19.15000150,5.73922882,20.44999754
2.59849000,5.20926483,19.15000153,5.72868518,20.44999797
2.60923958,5.19831164,19.15000137,5.71813910,20.44999801
2.61999178,5.18735604,19.15000131,5.70759066,20.44999811
2.63074660,5.17639820,19.15000079,5.69703871,20.44999815
2.64150357,5.16544007,19.15000186,5.68648308,20.44999840
2.65226221,5.15447894,19.15000139,5.67592670,20.44999875
2.66302347,5.14351613,19.15000078,5.66536712,20.44999944
2.67378736,5.13255256,19.15000143,5.65480262,20.44999766
2.68455291,5.12158656,19.15000272,5.64423763,20.44999835
2.69532275,5.11061642,19.15000102,5.63366836,20.44999853
2.70609236,5.09964796,19.15000156,5.62309718,20.44999965
2.71686649,5.08867632,19.15000159,5.61252072,20.44999847
2.72764206,5.07770385,19.15000151,5.60194221,20.44999758
2.73841882,5.06672906,19.15000181,5.59136320,20.44999871
2.74919915,5.05575320,19.15000152,5.58077859,20.44999838
2.76268148,5.04477612,19.15000098,5.57999942,20.47426566
2.77670527,5.03379781,19.15000231,5.57982431,20.49999887
2.78748465,5.02281689,19.15000121,5.56924626,20.50000069
2.79826593,5.01183629,19.15000201,5.55866407,20.50000080
2.80904984,5.00085416,19.15000068,5.54807873,20.49999936
2.81983638,4.98986982,19.15000073,5.53749003,20.49999980
2.85244536,4.95858801,19.10000157,5.52689825,20.49999891
2.86324310,4.94758619,19.09999998,5.51630436,20.50000024
2.87404275,4.93658564,19.09999985,5.50570569,20.50000018
2.88420773,4.93000097,19.11085625,5.49510244,20.50000086
2.89872146,4.93000090,19.13787855,5.48449696,20.49999909
2.91322064,4.93000092,19.16486619,5.47388988,20.50000028
2.92770171,4.93000055,19.19181369,5.46327697,20.50000023
2.93770576,4.92236098,19.20000178,5.45266070,20.50000010
2.94850397,4.91138271,19.20000153,5.44204248,20.50000056
2.95930529,4.90040307,19.20000078,5.43141926,20.49999933
2.97216153,4.88942453,19.20000192,5.42999914,20.52252375
2.98777795,4.88000027,19.20380341,5.42999945,20.54849951
3.00279760,4.87999994,19.23062816,5.41999328,20.54999813
3.01465082,4.87696072,19.25000137,5.40937127,20.54999929
3.02544856,4.86599332,19.25000273,5.39874302,20.54999888
3.03624868,4.85502398,19.25000192,5.38811231,20.54999913
3.04705024,4.84405467,19.25000099,5.37747815,20.54999798
3.05785370,4.83308553,19.25000163,5.36684033,20.54999981
3.06965065,4.83000068,19.26919274,5.35619810,20.54999801
3.08401132,4.83000027,19.29586788,5.34555352,20.54999874
3.09417653,4.82074388,19.30000185,5.33490404,20.54999880
3.10498238,4.80978498,19.30000121,5.32425141,20.54999890
3.11578989,4.79882671,19.30000212,5.31359485,20.54999972
3.12659883,4.78786868,19.30000073,5.30293476,20.54999968
3.13741040,4.77691094,19.30000078,5.29226930,20.54999815
3.14822364,4.76595199,19.30000054,5.28160197,20.54999906
3.16087818,4.75499581,19.30000217,5.27999934,20.57197095
3.17491174,4.74403660,19.30000065,5.27999970,20.59781163
3.18533039,4.73307958,19.30000130,5.27023478,20.59999831
3.19707990,4.73000103,19.31905751,5.25956433,20.59999924
3.21135497,4.73000113,19.34553653,5.24888744,20.59999894
3.22149301,4.72090283,19.35000070,5.23820668,20.59999739
3.23230791,4.70995667,19.34999990,5.22752314,20.59999892
3.24312329,4.69901290,19.35000090,5.21683617,20.59999918
3.25394106,4.68806915,19.35000132,5.20614440,20.59999829
3.26476121,4.67712490,19.35000087,5.19544846,20.59999804
3.27558279,4.66618185,19.34999970,5.18474853,20.59999899
3.28640509,4.65523965,19.35000092,5.17404608,20.59999864
3.29722953,4.64429926,19.35000057,5.16333728,20.59999734
3.30805445,4.63335947,19.35000023,5.15262725,20.59999933
3.31888151,4.62242027,19.35000170,5.14191232,20.59999759
3.32971072,4.61148052,19.34999980,5.13119366,20.59999882
3.34267139,4.60054407,19.34999948,5.12999928,20.62290649
3.35666895,4.58960844,19.35000047,5.12999957,20.64867683
3.36681318,4.58000053,19.35318540,5.11982655,20.64999996
3.38099194,4.58000080,19.37943749,5.10910044,20.64999870
3.39318132,4.57763987,19.40000177,5.09837067,20.65000038
3.40400982,4.56671800,19.40000163,5.08763525,20.64999932
3.41483951,4.55579758,19.40000273,5.07689626,20.64999878
3.42567039,4.54487749,19.40000121,5.06615489,20.64999948
3.43650222,4.53396050,19.40000104,5.05540835,20.64999969
3.44733572,4.52304516,19.40000179,5.04465637,20.64999840
3.45816946,4.51213132,19.40000215,5.03390298,20.65000051
3.46900439,4.50121962,19.40000175,5.02314477,20.64999960
3.47984052,4.49030969,19.40000256,5.01238219,20.64999974
3.49067807,4.47940206,19.40000209,5.00161485,20.64999885
3.50151634,4.46849577,19.40000074,4.99084473,20.64999877
3.51235414,4.45759276,19.40000118,4.98007184,20.65000041
3.52319384,4.44669169,19.40000236,4.96929389,20.65000046
3.53403425,4.43579266,19.40000274,4.95851178,20.64999955
3.54432607,4.43000051,19.41220261,4.94772593,20.65000042
3.55841756,4.43000016,19.43823865,4.93693618,20.64999975
3.57073188,4.42403310,19.44999988,4.92999913,20.65921595
3.58473206,4.41315019,19.45000132,4.92999942,20.68501375
3.59547853,4.40226876,19.45000159,4.92547375,20.69999891
3.60631776,4.39139001,19.45000093,4.91467388,20.69999966
3.61715865,4.38051465,19.45000080,4.90386786,20.69999958
3.62799907,4.36964231,19.45000011,4.89305902,20.69999879
3.63883996,4.35877280,19.45000033,4.88224671,20.69999893
3.64968157,4.34790791,19.45000079,4.87142836,20.69999835
3.66052294,4.33704475,19.45000104,4.86060876,20.69999885
3.67136502,4.32618567,19.45000163,4.84978388,20.69999843
3.68220615,4.31532995,19.45000161,4.83895732,20.69999941
3.69304824,4.30447806,19.45000188,4.82812502,20.69999941
3.70389128,4.29362900,19.45000046,4.81728810,20.69999813
3.71473265,4.28278450,19.45000043,4.80644959,20.69999833
3.72557354,4.27194428,19.45000130,4.79560804,20.69999977
3.73641562,4.26110759,19.45000054,4.78476062,20.69999813
3.74707389,4.25027590,19.45000048,4.77999969,20.71453321
3.76111507,4.23944866,19.45000121,4.77999984,20.74044367
3.77116299,4.22862506,19.45000039,4.77314537,20.75000069
3.78200364,4.21780566,19.45000030,4.76228321,20.74999996
3.79284358,4.20699148,19.45000064,4.75141763,20.75000068
3.80368161,4.19618422,19.45000168,4.74054898,20.75000096
3.81452084,4.18537945,19.45000078,4.72967512,20.74999982
3.82491302,4.18000031,19.46295215,4.71879861,20.74999961
3.83890820,4.18000008,19.48874116,4.70791727,20.74999931
3.84908772,4.17392147,19.50000178,4.69703520,20.75000028
3.85992575,4.16313317,19.50000172,4.68614722,20.74999955
3.87076187,4.15235076,19.50000287,4.67525761,20.75000063
3.88159752,4.14157289,19.50000220,4.66436416,20.75000060
3.89243126,4.13080167,19.50000209,4.65346775,20.74999994
3.90326500,4.12003419,19.50000217,4.64256756,20.74999988
3.91409707,4.10927276,19.50000306,4.63166516,20.74999887
3.92677927,4.09851620,19.50000227,4.62999953,20.77211409
3.94090366,4.08776559,19.50000168,4.62999944,20.79823787
3.95140409,4.07702035,19.50000151,4.61981791,20.79999978
3.96223426,4.06628180,19.50000151,4.60889624,20.79999952
3.97306323,4.05554704,19.50000239,4.59797299,20.79999972
3.98389030,4.04482079,19.50000292,4.58704500,20.79999977
3.99471641,4.03409724,19.50000234,4.57611664,20.79999995
4.00564861,4.03000043,19.51588216,4.56518412,20.79999973
4.01961946,4.03000052,19.54159722,4.55424821,20.79999842
4.02961969,4.02278962,19.55000246,4.54331143,20.79999821
4.04044247,4.01208420,19.55000106,4.53237124,20.79999944
4.05126476,4.00138232,19.55000056,4.52142849,20.79999858
4.06208372,3.99068757,19.55000076,4.51048459,20.79999932
4.07290220,3.97999950,19.55000065,4.49953657,20.79999892
4.08371687,3.96931887,19.55000088,4.48858745,20.79999966
4.09453058,3.95864373,19.55000165,4.47763542,20.79999909
4.10534239,3.94797359,19.55000069,4.46668202,20.79999942
4.11615086,3.93731159,19.55000229,4.45572627,20.79999853
4.12695789,3.92665539,19.55000139,4.44476880,20.79999842
4.13776207,3.91600537,19.55000098,4.43381011,20.79999911
4.14902306,3.90536341,19.55000088,4.42999926,20.81727128
4.16330528,3.89472858,19.55000022,4.42999926,20.84378342
4.17331743,3.88409993,19.55000024,4.42159248,20.84999786
4.18423271,3.88000002,19.56578638,4.41061317,20.84999790
4.19821596,3.88000044,19.59150509,4.39963303,20.84999934
4.20821190,3.87288653,19.59999984,4.38864950,20.84999933
4.21901178,3.86227088,19.59999947,4.37766490,20.84999789
4.22980881,3.85166265,19.60000113,4.36667939,20.84999927
4.24060345,3.84106104,19.60000099,4.35569110,20.84999735
4.25139475,3.83046576,19.60000150,4.34470394,20.84999808
4.26218367,3.81987780,19.59999989,4.33371458,20.84999794
4.27296972,3.80929654,19.60000053,4.32272357,20.84999800
4.28375244,3.79872136,19.59999981,4.31173334,20.84999875
4.29453182,3.78815503,19.60000109,4.30074072,20.84999817
4.30530834,3.77759442,19.60000072,4.28974857,20.84999782
4.31557274,3.76704066,19.60000091,4.27999998,20.85303723
4.33001041,3.75649390,19.60000105,4.27999909,20.87991783
4.34206343,3.74595469,19.59999950,4.27720071,20.89999898
4.35283566,3.73542326,19.60000039,4.26618814,20.89999869
4.36316299,3.73000047,19.61250926,4.25517460,20.89999882
4.37719965,3.73000041,19.63833202,4.24416169,20.89999953
4.38742256,3.72422651,19.65000253,4.23314747,20.89999893
4.39819145,3.71370348,19.65000265,4.22213301,20.89999868
4.40895748,3.70318560,19.65000097,4.21111866,20.89999860
4.41971827,3.69267775,19.65000220,4.20010498,20.89999975
4.43047667,3.68217455,19.65000191,4.18909106,20.89999852
4.44123173,3.67167819,19.65000180,4.17807784,20.89999982
4.45198250,3.66119102,19.65000174,4.16706342,20.89999982
4.46273041,3.65070824,19.65000061,4.15605046,20.89999989
4.47347355,3.64023492,19.65000203,4.14503698,20.89999840
4.48421288,3.62976797,19.65000198,4.13402581,20.89999949
4.49550819,3.61930736,19.65000229,4.12999912,20.91733277
4.51015949,3.60885306,19.65000086,4.12999985,20.94470952
4.52018976,3.59840715,19.65000239,4.12109634,20.94999841
4.53092480,3.58796877,19.65000181,4.11006397,20.94999971
4.54090834,3.58000060,19.65614273,4.09903255,20.94999887
4.55504227,3.58000083,19.68217080,4.08800249,20.94999803
4.56647873,3.57670571,19.70000197,4.07697238,20.94999813
4.57721043,3.56627057,19.70000129,4.06594408,20.94999806
4.58793783,3.55584292,19.70000134,4.05491736,20.94999823
4.59866142,3.54542243,19.70000193,4.04389085,20.94999877
4.60938025,3.53500832,19.70000158,4.03286696,20.94999966
4.62009621,3.52460208,19.70000105,4.02184170,20.94999850
4.63080692,3.51420207,19.70000176,4.01082013,20.94999938
4.64151478,3.50380854,19.70000068,3.99979802,20.94999830
4.65221739,3.49342287,19.70000070,3.98877797,20.94999765
4.66220522,3.48304418,19.70000196,3.98000004,20.95565666
4.67707729,3.47267148,19.70000132,3.97999942,20.98353402
4.68817949,3.46230708,19.70000146,3.97546626,20.99999936
4.69887877,3.45194784,19.70000051,3.96442726,20.99999891
4.70957232,3.44159708,19.70000062,3.95339078,20.99999891
4.72026253,3.43125167,19.70000134,3.94235574,21.00000068
4.73336172,3.43000070,19.72314202,3.93132144,20.99999891
4.74765968,3.43000034,19.74952477,3.92029051,20.99999888
4.75825930,3.41983589,19.75000140,3.90926065,20.99999906
4.76894474,3.40949266,19.75000211,3.89823343,21.00000004
4.77962732,3.39915339,19.75000143,3.88720769,21.00000027
4.79030418,3.38882244,19.75000185,3.87618444,21.00000084
4.80097675,3.37849773,19.75000162,3.86516409,20.99999911
4.81164503,3.36818028,19.75000214,3.85414511,21.00000020
4.82230902,3.35786920,19.75000144,3.84312793,20.99999874
4.83296871,3.34756381,19.75000191,3.83211385,20.99999917
4.84362364,3.33726522,19.75000179,3.82110280,21.00000010
4.85427332,3.32697440,19.75000301,3.81009440,20.99999885
4.86491919,3.31668867,19.75000293,3.79908822,20.99999961
4.87555981,3.30640998,19.75000234,3.78808542,21.00000079
4.88548994,3.29613792,19.75000266,3.77999979,21.00757795
4.90070105,3.28587214,19.75000208,3.77999925,21.03621622
4.91458225,3.28000035,19.76144137,3.77426973,21.04999906
4.92906713,3.28000095,19.78823289,3.76324811,21.04999832
4.93931770,3.27423297,19.80000211,3.75222916,21.04999819
4.94996071,3.26396229,19.80000140,3.74121353,21.04999987
4.96059847,3.25369965,19.80000247,3.73020072,21.04999969
4.97123384,3.24343993,19.80000046,3.71919023,21.04999887
4.98186255,3.23319033,19.80000199,3.70818226,21.04999884
4.99248743,3.22294411,19.80000111,3.69717860,21.04999833
5.00310707,3.21270491,19.80000167,3.68617845,21.05000011
5.01372194,3.20247213,19.80000190,3.67518136,21.04999991
5.02433252,3.19224524,19.80000129,3.66418674,21.04999971
5.03493881,3.18202458,19.80000231,3.65319497,21.04999938
5.04554033,3.17180886,19.80000115,3.64220797,21.04999907
5.05613708,3.16159925,19.80000162,3.63122391,21.04999863
5.07034349,3.15139572,19.80000119,3.62999941,21.07601178
5.08380079,3.14119910,19.80000096,3.62798833,21.09999902
5.09439945,3.13100778,19.80000199,3.61698180,21.09999753
5.10808372,3.13000026,19.82459443,3.60598149,21.09999868
5.12207603,3.12926988,19.85000123,3.59498291,21.09999938
5.13267565,3.11906457,19.85000081,3.58398835,21.09999839
5.14327192,3.10886327,19.85000008,3.57299759,21.09999937
5.15386343,3.09866847,19.85000111,3.56200940,21.09999788
5.16445017,3.08847815,19.85000032,3.55102617,21.09999913
5.17503119,3.07829593,19.85000134,3.54004587,21.09999853
5.18560886,3.06811681,19.85000011,3.52906977,21.09999739
5.19618082,3.05794473,19.85000098,3.51809822,21.09999880
5.20674944,3.04777643,19.84999971,3.50712938,21.09999797
5.21731186,3.03761558,19.85000094,3.49616499,21.09999778
5.22722769,3.03000015,19.85694395,3.48520481,21.09999940
5.24914122,3.03000017,19.88472623,3.47999994,21.11573354
5.27191639,3.02540653,19.90000218,3.47999965,21.14577658
5.28194857,3.01523206,19.90000280,3.47056017,21.14999962
5.29252195,3.00506248,19.90000101,3.45958257,21.14999834
5.30308914,2.99489994,19.90000248,3.44861098,21.15000019
5.31365299,2.98474165,19.90000117,3.43764147,21.14999965
5.32421207,2.97458844,19.90000220,3.42667627,21.14999863
5.33476734,2.96443826,19.90000180,3.41571602,21.15000020
5.34531641,2.95429557,19.90000171,3.40476019,21.15000015
5.35586309,2.94415524,19.90000197,3.39380789,21.14999947
5.36640453,2.93402134,19.90000192,3.38285897,21.14999925
5.37694216,2.92388957,19.90000057,3.37191530,21.14999864
5.38747454,2.91376522,19.90000122,3.36097489,21.14999850
5.39800167,2.90364413,19.90000097,3.35004108,21.14999839
5.40852547,2.89352817,19.90000273,3.33911029,21.15000042
5.41846943,2.88341605,19.90000258,3.32999959,21.15510422
5.44333076,2.88000012,19.91884497,3.32999956,21.18586656
5.46486807,2.88000068,19.94737844,3.32406811,21.19999788
5.47502708,2.87079836,19.95000195,3.31312275,21.19999864
5.48556137,2.86067127,19.94999997,3.30218121,21.19999974
5.49609232,2.85054666,19.95000150,3.29124406,21.19999806
5.50661802,2.84042805,19.95000060,3.28031136,21.19999917
5.51713991,2.83031305,19.95000047,3.26938286,21.19999785
5.52765703,2.82020202,19.95000058,3.25845935,21.19999841
5.53817034,2.81009431,19.95000143,3.24754059,21.19999890
5.54867935,2.79999050,19.95000068,3.23662680,21.19999936
5.55905581,2.78989114,19.95000027,3.22999984,21.21228501
5.57577753,2.78000076,19.95059118,3.23000014,21.24364175
5.59401417,2.78000068,19.97964835,3.22127943,21.24999968
5.60635948,2.77695192,20.00000328,3.21035103,21.24999891
5.61688042,2.76683398,20.00000160,3.19942709,21.24999995
5.62739706,2.75671991,20.00000269,3.18850779,21.25000048
5.63790941,2.74660902,20.00000236,3.17759380,21.25000093
5.64841795,2.73650242,20.00000268,3.16668368,21.24999916
5.65892267,2.72639803,20.00000155,3.15577866,21.24999967
5.66942215,2.71629901,20.00000305,3.14487870,21.24999985
5.67991877,2.70620062,20.00000104,3.13398351,21.24999986
5.69223785,2.69610661,20.00000232,3.12999951,21.27021755
5.70808268,2.68601575,20.00000155,3.12925450,21.29999798
5.71858263,2.67592711,20.00000161,3.11834268,21.29999984
5.72907829,2.66584348,20.00000271,3.10743534,21.30000000
5.73957157,2.65576090,20.00000177,3.09653145,21.29999926
5.75006056,2.64568128,20.00000200,3.08563328,21.29999838
5.76054525,2.63560454,20.00000322,3.07474039,21.29999982
5.77112436,2.63000001,20.01325837,3.06385178,21.29999815
5.78705883,2.63000017,20.04321021,3.05296910,21.29999906
5.79700279,2.62218605,20.05000042,3.04209050,21.29999980
5.80748844,2.61208845,20.05000026,3.03121675,21.29999999
5.81796932,2.60199397,20.05000130,3.02034879,21.30000011
5.82844782,2.59190049,20.05000087,3.00948538,21.29999974
5.83892250,2.58181099,20.05000084,2.99862616,21.29999922
5.84939289,2.57172348,20.05000233,2.98777297,21.29999847
5.85945034,2.56163796,20.05000216,2.97999980,21.30925571
5.87656689,2.55155360,20.05000047,2.97999960,21.34197173
5.88655329,2.54147262,20.05000205,2.97179297,21.34999909
5.89702559,2.53139205,20.05000034,2.96092910,21.34999924
5.91154909,2.53000017,20.07633792,2.95006985,21.34999856
5.92508554,2.52769907,20.10000063,2.93921551,21.34999802
5.93556118,2.51759476,20.10000144,2.92836833,21.34999906
5.94603491,2.50749266,20.10000041,2.91752371,21.34999771
5.95650434,2.49739226,20.10000048,2.90668537,21.34999813
5.96696997,2.48729327,20.10000167,2.89585226,21.34999804
5.97743273,2.47719661,20.10000173,2.88502401,21.34999812
5.98789215,2.46710076,20.10000016,2.87420111,21.34999732
5.99834776,2.45700754,20.10000171,2.86338247,21.34999863
6.00880146,2.44691364,20.09999992,2.85256967,21.34999938
6.01925135,2.43682172,20.10000169,2.84176120,21.34999732
6.02969790,2.42673142,20.09999960,2.83095840,21.34999743
6.04590797,2.41664114,20.10000146,2.82999982,21.38047450
6.05809975,2.40655337,20.10000176,2.82548260,21.40000049
6.06855154,2.39646601,20.10000033,2.81466640,21.40000037
6.07899952,2.38637995,20.10000081,2.80385680,21.40000005
6.08935547,2.38000034,20.11156110,2.79305071,21.39999906
6.10602188,2.38000059,20.14309570,2.78225144,21.39999981
6.11598730,2.37209891,20.15000114,2.77145635,21.39999994
6.12643671,2.36198799,20.15000274,2.76066846,21.39999977
6.13688469,2.35187763,20.15000237,2.74988351,21.39999918
6.14732885,2.34176726,20.15000112,2.73910519,21.40000043
6.15777111,2.33165735,20.15000077,2.72833043,21.39999856
6.16820908,2.32154942,20.15000163,2.71756247,21.39999875
6.17864513,2.31144044,20.15000170,2.70679928,21.39999847
6.18907785,2.30133314,20.15000244,2.69604131,21.39999996
6.19950914,2.29122466,20.15000237,2.68528734,21.39999871
6.21110535,2.28111552,20.15000123,2.67999951,21.41734365
6.24175262,2.28000066,20.17862108,2.67950851,21.44999775
6.25458002,2.27658653,20.20000120,2.66874614,21.44999974
6.26502562,2.26645247,20.20000192,2.65798934,21.44999863
6.27546835,2.25631880,20.20000096,2.64723715,21.44999937
6.28590822,2.24618494,20.20000124,2.63649111,21.44999918
6.29634666,2.23605202,20.20000202,2.62574771,21.44999866
6.30678129,2.22591711,20.20000031,2.61501302,21.44999964
6.31721449,2.21578307,20.20000163,2.60428074,21.44999784
6.32764435,2.20564887,20.19999983,2.59355560,21.44999808
6.33807182,2.19551332,20.20000129,2.58283543,21.44999935
6.34849787,2.18537609,20.19999992,2.57212068,21.44999782
6.35892105,2.17524055,20.20000155,2.56141017,21.44999830
6.36934280,2.16510249,20.19999991,2.55070503,21.44999796
6.37976170,2.15496381,20.20000196,2.54000569,21.44999916
6.39017868,2.14482350,20.20000120,2.52931183,21.44999767
6.40059471,2.13468198,20.20000104,2.51862147,21.44999759
6.41235304,2.13000046,20.21780239,2.50793862,21.44999957
6.42936087,2.12971235,20.25000294,2.49725895,21.44999863
6.43978119,2.11954629,20.25000303,2.48658483,21.44999843
6.45049763,2.10937956,20.25000279,2.47999946,21.46336828
6.46870947,2.09921051,20.25000134,2.48000008,21.49834507
6.47891474,2.08904122,20.25000154,2.46982629,21.50000054
6.48933649,2.07887141,20.25000251,2.45915206,21.49999938
6.49975681,2.06869931,20.25000257,2.44848343,21.49999985
6.51017523,2.05852508,20.25000191,2.43782077,21.49999949
6.52059269,2.04834896,20.25000205,2.42716212,21.50000053
6.53100729,2.03817393,20.25000136,2.41650863,21.49999930
6.54098558,2.03000051,20.25663351,2.40585881,21.49999897
6.55866861,2.03000078,20.29036012,2.39521552,21.49999870
6.56884670,2.02271171,20.30000207,2.38457751,21.49999940
6.57926416,2.01251023,20.30000202,2.37394350,21.49999959
6.58968019,2.00230751,20.30000084,2.36331400,21.49999939
6.60009480,1.99210295,20.30000061,2.35268938,21.50000059
6.61050749,1.98189829,20.30000169,2.34206892,21.49999902
6.62091875,1.97169059,20.30000163,2.33145400,21.49999872
6.63727903,1.96148223,20.30000087,2.32999961,21.53057115
6.64955664,1.95127047,20.30000030,2.32519463,21.54999967
6.65997076,1.94105894,20.30000208,2.31457810,21.55000022
6.67038488,1.93084436,20.30000195,2.30396425,21.54999955
6.68079710,1.92062829,20.30000095,2.29335601,21.54999839
6.69120836,1.91040986,20.30000102,2.28275227,21.54999866
6.70161724,1.90019142,20.30000176,2.27215255,21.54999835
6.71202517,1.88996959,20.30000194,2.26155826,21.54999974
6.72231436,1.88000036,20.30085975,2.25096769,21.54999795
6.74034119,1.88000010,20.33532428,2.24038077,21.54999792
6.75137138,1.87411121,20.35000054,2.22980112,21.54999939
6.76178217,1.86386665,20.34999980,2.21922362,21.54999800
6.77219105,1.85362203,20.34999976,2.20865060,21.54999843
6.78259945,1.84337437,20.35000096,2.19808154,21.54999793
6.79300499,1.83312620,20.35000118,2.18751830,21.54999956
6.80327749,1.82287358,20.34999968,2.17999953,21.56031006
6.82190371,1.81262026,20.34999974,2.17999957,21.59612338
6.83193207,1.80236472,20.35000024,2.17057703,21.59999914
6.84234190,1.79210612,20.34999958,2.16001582,21.59999845
6.85274982,1.78184627,20.35000042,2.14945968,21.59999747
6.86315775,1.77158348,20.34999948,2.13890691,21.59999774
6.87356377,1.76131871,20.35000028,2.12835964,21.59999758
6.88396835,1.75105363,20.35000166,2.11781481,21.59999713
6.89437294,1.74078468,20.35000169,2.10727494,21.59999767
6.90477705,1.73051236,20.35000046,2.09673862,21.59999758
6.91517925,1.72024055,20.35000049,2.08620663,21.59999751
6.92558241,1.70996355,20.35000106,2.07567760,21.59999806
6.93598318,1.69968492,20.35000093,2.06515388,21.59999838
6.94638443,1.68940423,20.35000118,2.05463197,21.59999791
6.95645809,1.68000025,20.35301434,2.04411556,21.59999898
6.97485018,1.68000054,20.38826576,2.03360146,21.59999727
6.98533726,1.67312832,20.40000190,2.02309147,21.59999742
6.99573994,1.66282839,20.40000175,2.01258540,21.59999887
7.00614262,1.65252627,20.40000281,2.00208242,21.59999739
7.01654434,1.64222240,20.40000231,1.99158277,21.59999799
7.02694607,1.63191554,20.40000211,1.98108602,21.59999717
7.04409075,1.62160521,20.40000149,1.97999943,21.63233772
7.05589724,1.61129412,20.40000109,1.97463858,21.64999986
7.06630135,1.60097947,20.40000207,1.96414495,21.64999948
7.07670450,1.59066288,20.40000131,1.95365511,21.64999823
7.08710718,1.58034367,20.40000162,1.94316834,21.64999891
7.09750986,1.57002194,20.40000278,1.93268539,21.64999858
7.10791206,1.55969696,20.40000224,1.92220541,21.64999975
7.11831427,1.54936915,20.40000110,1.91172885,21.64999847
7.12871599,1.53904026,20.40000231,1.90125502,21.64999845
7.13911676,1.52870788,20.40000247,1.89078535,21.65000028
7.14951897,1.51837199,20.40000096,1.88031726,21.64999897
7.15992022,1.50803379,20.40000268,1.86985300,21.64999909
7.17032051,1.49769303,20.40000084,1.85939249,21.64999888
7.18072176,1.48734858,20.40000180,1.84893448,21.64999968
7.19102383,1.48000067,20.41037263,1.83847958,21.65000010
7.21275187,1.48000048,20.44617080,1.82999957,21.65682314
7.23327255,1.47075173,20.45000073,1.82999952,21.69297915
7.24329805,1.46039276,20.45000176,1.82157737,21.69999871
7.25370216,1.45003171,20.45000116,1.81112989,21.69999768
7.26410723,1.43966675,20.45000144,1.80068517,21.69999810
7.27451134,1.42929928,20.45000200,1.79024380,21.69999967
7.28491640,1.41892880,20.45000135,1.77980431,21.69999863
7.29532051,1.40855623,20.45000148,1.76936849,21.69999917
7.30572557,1.39818122,20.45000210,1.75893399,21.69999920
7.31612968,1.38780315,20.45000127,1.74850324,21.69999841
7.32653475,1.37742081,20.45000169,1.73807622,21.69999888
7.33693886,1.36703713,20.45000046,1.72765122,21.69999951
7.34734392,1.35665047,20.45000197,1.71722768,21.69999898
7.35774946,1.34626044,20.45000149,1.70680696,21.69999969
7.36815500,1.33586849,20.45000204,1.69638734,21.69999799
7.37946320,1.33000018,20.46569676,1.68597115,21.69999801
7.40452862,1.32949475,20.50000118,1.67999965,21.71540427
7.42265511,1.31909433,20.50000107,1.67956246,21.74999902
7.43306160,1.30869190,20.50000170,1.66915186,21.74999947
7.44346809,1.29828845,20.50000318,1.65874277,21.75000000
7.45387602,1.28788058,20.50000215,1.64833479,21.74999904
7.46428251,1.27747205,20.50000202,1.63792950,21.75000049
7.47469044,1.26706148,20.50000201,1.62752502,21.74999870
7.48509789,1.25664953,20.50000223,1.61712122,21.74999909
7.49550533,1.24623518,20.50000279,1.60672067,21.75000077
7.50591421,1.23581831,20.50000184,1.59632012,21.75000026
7.51632261,1.22540084,20.50000326,1.58592073,21.74999898
7.52673197,1.21498130,20.50000213,1.57552199,21.74999946
7.53714085,1.20455947,20.50000181,1.56512572,21.74999935
7.54755020,1.19413726,20.50000152,1.55472935,21.74999927
7.55795956,1.18371304,20.50000144,1.54433509,21.75000066
7.57156372,1.18000080,20.52326879,1.53394038,21.74999961
7.59633827,1.17728988,20.55000238,1.53000003,21.77236682
7.61157465,1.16686399,20.55000227,1.52758126,21.79999944
7.62198305,1.15643730,20.55000253,1.51719077,21.79999939
7.63239288,1.14600842,20.55000021,1.50680005,21.79999880
7.64280224,1.13558049,20.55000220,1.49640969,21.80000016
7.65321207,1.12515109,20.55000213,1.48601906,21.79999901
7.66362190,1.11472093,20.55000179,1.47562951,21.79999970
7.67403269,1.10428983,20.55000111,1.46523921,21.79999996
7.68444252,1.09385914,20.55000108,1.45484970,21.79999823
7.69485378,1.08342785,20.55000054,1.44445918,21.79999855
7.70526457,1.07299549,20.55000185,1.43406994,21.80000012
7.71567583,1.06256262,20.55000087,1.42368021,21.79999939
7.72608757,1.05213067,20.55000146,1.41328835,21.79999858
7.73649836,1.04169826,20.55000248,1.40289915,21.79999985
7.74691057,1.03126559,20.55000042,1.39250721,21.79999866
7.75732136,1.02083449,20.55000072,1.38211688,21.79999990
7.76773357,1.01040279,20.55000253,1.37172437,21.79999797
7.77814484,0.99997161,20.55000182,1.36133261,21.79999859
7.78855801,0.98953969,20.55000054,1.35093889,21.79999896
7.79864264,0.98000074,20.55308527,1.34054563,21.79999896
7.81740999,0.98000076,20.58915179,1.33015107,21.79999927
7.84084082,0.97270987,20.60000027,1.32999966,21.83541743
7.85189009,0.96228211,20.60000090,1.32382058,21.84999719
7.86230040,0.95185717,20.60000163,1.31342574,21.84999940
7.87271166,0.94143092,20.60000152,1.30302882,21.84999841
7.88312340,0.93100594,20.60000063,1.29263069,21.84999734
7.89353418,0.92058364,20.60000148,1.28223161,21.84999917
7.90394592,0.91016126,20.60000086,1.27183044,21.84999751
7.91435719,0.89973963,20.60000006,1.26142939,21.84999839
7.92476749,0.88932203,20.60000086,1.25102612,21.84999758
7.93517876,0.87890399,20.60000062,1.24062176,21.84999838
7.94558954,0.86848809,20.59999992,1.23021643,21.84999724
7.95599985,0.85807478,20.60000040,1.21980880,21.84999859
7.96641016,0.84766228,20.59999979,1.20940062,21.84999924
7.97682047,0.83725233,20.60000091,1.19898988,21.84999802
7.98720026,0.83000078,20.61090591,1.18857770,21.84999931
8.00878048,0.83000056,20.64686324,1.17999946,21.85634144
8.02891541,0.82050501,20.65000091,1.17999962,21.89233871
8.03897476,0.81010320,20.65000240,1.17179916,21.89999887
8.04938412,0.79970403,20.65000058,1.16137945,21.90000044
8.05979347,0.78930893,20.65000179,1.15095694,21.89999941
8.07020283,0.77891512,20.65000194,1.14053195,21.89999840
8.08061028,0.76852432,20.65000103,1.13010684,21.89999976
8.09101868,0.75813686,20.65000101,1.11967775,21.89999911
8.10142612,0.74775141,20.65000199,1.10924804,21.90000022
8.11183357,0.73737126,20.65000154,1.09881441,21.90000006
8.12224007,0.72699380,20.65000199,1.08837893,21.89999936
8.13264656,0.71661915,20.65000085,1.07794020,21.89999903
8.14305115,0.70624846,20.65000099,1.06750100,21.89999862
8.15345573,0.69588237,20.65000173,1.05705832,21.89999866
8.16386032,0.68551895,20.65000073,1.04661341,21.89999833
8.17426300,0.67515938,20.65000118,1.03616653,21.89999852
8.18536568,0.66480596,20.65000133,1.02999972,21.91483724
8.20373726,0.65445580,20.65000213,1.02969422,21.94999881
8.21413898,0.64411056,20.65000175,1.01923481,21.94999834
8.22454166,0.63376973,20.65000150,1.00877148,21.94999783
8.23796844,0.63000032,20.67277280,0.99830605,21.94999765
8.25304508,0.62751482,20.70000102,0.98783776,21.94999763
8.26344585,0.61718389,20.70000127,0.97736641,21.94999771
8.27384663,0.60685819,20.70000196,0.96689094,21.94999829
8.28424644,0.59653656,20.70000105,0.95641338,21.94999906
8.29464436,0.58622151,20.70000047,0.94593249,21.94999802
8.30504131,0.57591093,20.70000006,0.93544861,21.94999916
8.31543636,0.56560715,20.70000002,0.92496177,21.94999838
8.32583141,0.55530834,20.69999986,0.91447060,21.94999760
8.33622360,0.54501651,20.69999995,0.90397766,21.94999964
8.34661579,0.53473104,20.70000211,0.89347940,21.94999941
8.35700607,0.52445134,20.69999988,0.88297890,21.94999954
8.37170887,0.51417768,20.70000043,0.87999992,21.97624995
8.38548756,0.50391267,20.70000068,0.87629013,21.99999955
8.39587688,0.49365324,20.70000096,0.86577034,22.00000069
8.40626431,0.48340148,20.70000123,0.85524666,22.00000008
8.41665173,0.47315594,20.70000048,0.84471720,21.99999925
8.42703629,0.46292011,20.69999998,0.83418540,21.99999953
8.43741894,0.45269053,20.70000157,0.82364941,21.99999969
8.44779873,0.44246981,20.70000040,0.81310973,22.00000063
8.45817757,0.43225832,20.70000114,0.80256460,21.99999997
8.47353554,0.43000042,20.72792106,0.79201661,21.99999931
8.48673820,0.42607362,20.75000139,0.78146465,22.00000051
8.49711609,0.41587289,20.75000200,0.77090908,22.00000044
8.50749207,0.40568038,20.75000244,0.76034993,22.00000085
8.51786518,0.39549789,20.75000164,0.74978500,21.99999942
8.52823639,0.38532384,20.75000302,0.73921687,22.00000074
8.53860474,0.37515896,20.75000158,0.72864506,22.00000030
8.54897118,0.36500443,20.75000168,0.71806775,22.00000069
8.55933380,0.35485961,20.75000183,0.70748667,21.99999960
8.56969357,0.34472534,20.75000320,0.69690141,21.99999871
8.58005047,0.33459878,20.75000233,0.68631358,22.00000092
8.59125233,0.32448520,20.75000253,0.67999949,22.01523227
8.60947704,0.31438077,20.75000292,0.67915210,22.04999866
8.61983490,0.30428757,20.75000274,0.66853107,22.04999951
8.63018894,0.29420581,20.75000201,0.65790401,22.04999925
8.64053917,0.28413786,20.75000219,0.64727170,22.05000008
8.65088654,0.27407966,20.75000225,0.63663526,22.04999936
8.66123009,0.26403436,20.75000145,0.62599347,22.04999997
8.67156982,0.25400197,20.75000265,0.61534631,22.04999991
8.68190575,0.24398192,20.75000266,0.60469392,22.04999819
8.69223785,0.23397440,20.75000236,0.59403715,22.04999802
8.70535564,0.23000025,20.77177453,0.58337478,22.04999916
8.72086716,0.22779621,20.80000084,0.57270819,22.04999934
8.73120022,0.21780267,20.80000027,0.56203612,22.04999841
8.74152851,0.20782289,20.80000212,0.55135953,22.04999947
8.75185299,0.19785510,20.80000029,0.54067752,22.04999878
8.76216793,0.18790336,20.80000026,0.52999961,22.05003578
8.78236771,0.17796701,20.80000206,0.52999991,22.08919376
8.79273701,0.16804423,20.80000061,0.52222069,22.09999792
8.80305862,0.15813719,20.80000076,0.51148532,22.09999824
8.81337452,0.14824568,20.80000239,0.50074362,22.09999797
8.82368660,0.13836899,20.80000149,0.48999742,22.09999731
8.83399296,0.12850868,20.80000175,0.47924402,22.09999856
8.84429550,0.11866547,20.80000124,0.46848347,22.09999743
8.85459137,0.10883909,20.80000155,0.45771739,22.09999754
8.86488152,0.09903022,20.80000207,0.44694531,22.09999834
8.87516689,0.08923776,20.80000104,0.43616718,22.09999792
8.88544655,0.07946455,20.80000170,0.42538183,22.09999796
8.89571953,0.06970971,20.80000158,0.41459112,22.09999768
8.90598679,0.05997307,20.80000217,0.40379281,22.09999923
8.91624641,0.05025669,20.80000023,0.39298863,22.09999911
8.92650223,0.04055860,20.80000114,0.38217697,22.09999773
8.94402885,0.03088198,20.80000158,0.37999960,22.13298602
8.95572948,0.02122512,20.80000072,0.37358577,22.14999841
8.96598625,0.01158926,20.80000093,0.36270873,22.14999906
8.97623539,0.00197541,20.80000249,0.35182396,22.15000015
8.98647785,-0.00761729,20.80000084,0.34093222,22.14999914
8.99671268,-0.01718659,20.80000216,0.33003085,22.14999823
9.01153946,-0.01999973,20.82628734,0.31912313,22.14999998
9.02541542,-0.02349973,20.85000143,0.30820615,22.15000026
9.03565407,-0.03305152,20.85000011,0.29728035,22.14999871
9.04588604,-0.04258170,20.84999992,0.28634676,22.14999914
9.05796814,-0.05208645,20.85000176,0.27999977,22.16823490
9.07503319,-0.06156750,20.85000159,0.27699327,22.19999748
9.08526802,-0.07102398,20.85000100,0.26597850,22.19999912
9.09549713,-0.08045529,20.85000168,0.25495234,22.19999956
9.10571766,-0.08986018,20.85000084,0.24391529,22.19999821
9.11593151,-0.09923957,20.85000097,0.23286849,22.19999966
9.13373947,-0.10859145,20.85000045,0.22999968,22.23345374
9.14538956,-0.11791499,20.85000116,0.22291770,22.24999882
9.15560818,-0.12721025,20.85000062,0.21177418,22.24999975
9.16582012,-0.13647734,20.85000089,0.20061860,22.24999887
9.17602253,-0.14571501,20.85000069,0.18945097,22.25000013
9.18621540,-0.15492182,20.85000161,0.17827138,22.25000004
9.19640160,-0.16409907,20.85000113,0.16707801,22.24999867
9.20657635,-0.17324464,20.84999977,0.15587345,22.24999875
9.21674156,-0.18235802,20.85000174,0.14465594,22.24999982
9.22689724,-0.19143838,20.84999962,0.13342467,22.24999968
9.23704338,-0.20048627,20.85000010,0.12218078,22.24999924
9.24717903,-0.20949940,20.85000128,0.11092327,22.24999983
9.25730324,-0.21847682,20.85000161,0.09965176,22.25000003
9.26741695,-0.22741744,20.85000002,0.08836490,22.24999895
9.27751923,-0.23632263,20.85000040,0.07706509,22.24999942
9.28761005,-0.24518865,20.85000176,0.06575054,22.24999891
9.29768944,-0.25401938,20.84999976,0.05442172,22.24999945
9.30775642,-0.26281005,20.84999995,0.04307909,22.24999967
9.31781101,-0.27155968,20.85000151,0.03171958,22.24999934
9.34088326,-0.28027101,20.84999993,0.02999994,22.29495164
9.35074711,-0.28893985,20.85000036,0.01959799,22.29999859
9.36081219,-0.29756630,20.84999963,0.00809453,22.29999824
9.37086391,-0.30614773,20.85000025,-0.00342812,22.29999981
9.38090229,-0.31468379,20.85000074,-0.01496895,22.29999862
9.41012859,-0.33340528,20.80000176,-0.02652861,22.29999927
9.42008686,-0.34174366,20.80000039,-0.03810613,22.29999933
9.43002987,-0.35003354,20.80000101,-0.04970200,22.29999811
9.43995762,-0.35827326,20.80000149,-0.06131775,22.29999862
9.44986820,-0.36645730,20.80000129,-0.07295509,22.29999881
9.45976353,-0.37458889,20.80000121,-0.08461325,22.29999810
9.46964073,-0.38266609,20.80000173,-0.09629132,22.29999935
9.47950268,-0.39069111,20.80000055,-0.10798995,22.29999923
9.48934650,-0.39865962,20.80000034,-0.11970949,22.29999838
9.51489067,-0.40657180,20.80000084,-0.12228007,22.34999942
9.52476311,-0.41441970,20.80000233,-0.13417630,22.34999865
9.53461933,-0.42221161,20.80000042,-0.14609676,22.34999850
9.54445648,-0.42994311,20.80000047,-0.15804075,22.34999944
9.55427742,-0.43761305,20.80000053,-0.17001183,22.34999720
9.56407738,-0.44521540,20.80000225,-0.18201032,22.34999867
9.57386112,-0.45275415,20.80000159,-0.19403736,22.34999851
9.58362389,-0.46022792,20.80000256,-0.20608934,22.34999727
9.59336758,-0.46763776,20.80000080,-0.21816780,22.34999707
9.62186050,-0.48286838,20.75000104,-0.23027640,22.34999738
9.63148499,-0.48997800,20.75000105,-0.24241598,22.34999771
9.64108658,-0.49701410,20.75000219,-0.25458205,22.34999902
9.65066719,-0.50398096,20.75000147,-0.26677605,22.34999918
9.67636108,-0.51086414,20.75000171,-0.27175766,22.39999829
9.68597794,-0.51767000,20.75000139,-0.28418572,22.39999916
9.69557285,-0.52440085,20.75000177,-0.29664453,22.39999891
9.70514488,-0.53105148,20.75000321,-0.30913824,22.39999824
9.71469307,-0.53761721,20.75000296,-0.32166936,22.39999900
9.72421837,-0.54410452,20.75000329,-0.33423313,22.40000054
9.73371983,-0.55051106,20.75000178,-0.34682926,22.39999965
9.74319649,-0.55682673,20.75000129,-0.35946763,22.40000031
9.75264931,-0.56305980,20.75000306,-0.37213933,22.40000001
9.76207829,-0.56921357,20.75000124,-0.38484438,22.39999872
9.78985023,-0.58065790,20.70000007,-0.39758730,22.40000020
9.79912472,-0.58642561,20.70000163,-0.41036862,22.39999881
9.81688499,-0.59210502,20.70000017,-0.41999999,22.43205158
9.82920074,-0.59768834,20.70000178,-0.43128630,22.44999892
9.83850002,-0.60317862,20.70000032,-0.44439480,22.44999912
9.84777451,-0.60857753,20.69999986,-0.45754432,22.44999839
9.85702133,-0.61388120,20.70000122,-0.47073484,22.44999876
9.86624241,-0.61908799,20.70000118,-0.48396946,22.44999772
9.89355755,-0.62783346,20.65000259,-0.49723961,22.44999800
9.90260696,-0.63262135,20.65000142,-0.51055057,22.44999779
9.91162872,-0.63731151,20.65000113,-0.52390325,22.44999900
9.92062187,-0.64190980,20.65000113,-0.53729218,22.44999818
9.92958736,-0.64641579,20.65000137,-0.55071650,22.44999820
9.93852520,-0.65082642,20.65000167,-0.56418202,22.44999763
9.94743633,-0.65514736,20.65000251,-0.57768277,22.44999899
9.95632076,-0.65938150,20.65000221,-0.59121837,22.44999873
9.96517754,-0.66351993,20.65000197,-0.60479232,22.44999872
9.97400856,-0.66757259,20.65000138,-0.61840127,22.44999877
9.98281288,-0.67263799,20.59999979,-0.63094627,22.49999892
9.99159145,-0.67624230,20.60000025,-0.64489773,22.50000057
10.00034428,-0.67975785,20.60000169,-0.65888770,22.49999938
10.00907135,-0.68318958,20.60000052,-0.67291021,22.49999963
10.01777363,-0.68653178,20.60000068,-0.68697352,22.50000057
10.02645111,-0.68978517,20.59999960,-0.70107532,22.50000026
10.03510571,-0.69295628,20.60000071,-0.71521324,22.49999986
10.04373550,-0.69604286,20.60000064,-0.72938565,22.49999860
10.05234337,-0.69904590,20.60000173,-0.74359836,22.49999942
10.06092739,-0.70196174,20.59999957,-0.75785043,22.50000046
10.08765411,-0.70479970,20.60000131,-0.77391009,22.55000014
10.09634686,-0.70755610,20.60000164,-0.78853859,22.54999804
10.10501957,-0.71022976,20.60000106,-0.80321104,22.54999990
10.11367226,-0.71282089,20.59999964,-0.81792592,22.54999867
10.12230778,-0.71533552,20.60000145,-0.83268175,22.54999919
10.13092422,-0.71777092,20.60000067,-0.84747866,22.54999815
10.13950443,-0.71999994,20.59824997,-0.86232035,22.54999906
10.15560150,-0.72000007,20.56970208,-0.87720786,22.55000010
10.16805649,-0.72031151,20.55000146,-0.89213785,22.54999972
10.17644024,-0.72210529,20.55000092,-0.90711273,22.54999973
10.20369148,-0.72382218,20.55000127,-0.92709147,22.59999716
10.21221256,-0.72545943,20.55000211,-0.94249717,22.59999766
10.22071934,-0.72701547,20.55000192,-0.95795490,22.59999868
10.22921276,-0.72849372,20.55000040,-0.97346351,22.59999812
10.23769569,-0.72989546,20.55000165,-0.98902680,22.59999725
10.24616623,-0.73121797,20.55000047,-1.00464587,22.59999789
10.25462723,-0.73246598,20.55000032,-1.02031906,22.59999927
10.26307774,-0.73363670,20.55000057,-1.03604870,22.59999764
10.27151775,-0.73472910,20.55000156,-1.05183804,22.59999756
10.27995205,-0.73574552,20.55000168,-1.06768919,22.59999746
10.28837872,-0.73668649,20.55000127,-1.08360149,22.59999780
10.29679871,-0.73755289,20.55000073,-1.09957621,22.59999877
10.30521393,-0.73834511,20.55000247,-1.11561387,22.59999774
10.33348560,-0.73906185,20.55000109,-1.14129726,22.64999963
10.34208298,-0.73970379,20.55000093,-1.15785065,22.64999843
10.35068130,-0.74027129,20.55000162,-1.17448044,22.65000046
10.35927963,-0.74076584,20.55000163,-1.19118281,22.64999981
10.36788082,-0.74118563,20.55000131,-1.20796541,22.64999960
10.37648773,-0.74153540,20.55000213,-1.22482828,22.64999979
10.38509846,-0.74181020,20.55000029,-1.24177512,22.64999893
10.39371586,-0.74201531,20.55000183,-1.25880425,22.64999938
10.42285919,-0.74214824,20.55000065,-1.28863138,22.69999979
10.43169785,-0.74220816,20.55000091,-1.30624805,22.69999948
10.44054890,-0.74219968,20.55000036,-1.32395835,22.69999967
10.44941521,-0.74212205,20.55000238,-1.34176792,22.69999913
10.45829678,-0.74197280,20.55000053,-1.35968032,22.69999939
10.46719646,-0.74175675,20.55000176,-1.37769621,22.69999751
10.47611523,-0.74146933,20.55000139,-1.39582226,22.69999816
10.48505592,-0.74111518,20.55000115,-1.41405760,22.69999848
10.51529408,-0.74069394,20.55000181,-1.44849475,22.74999988
10.52450466,-0.74020782,20.55000209,-1.46740275,22.74999994
10.53374481,-0.73965512,20.55000157,-1.48643558,22.74999902
10.54301643,-0.73903534,20.55000184,-1.50559823,22.75000086
10.55231953,-0.73835104,20.55000142,-1.52488934,22.74999961
10.56166172,-0.73760484,20.55000216,-1.54432014,22.75000087
10.57104206,-0.73679399,20.55000120,-1.56389081,22.74999988
10.60247612,-0.73592381,20.55000176,-1.60287181,22.80000010
10.61217594,-0.73499082,20.55000170,-1.62320425,22.79999984
10.62192631,-0.73399779,20.55000186,-1.64369675,22.79999970
10.63172531,-0.73294400,20.55000074,-1.66435008,22.79999897
10.64158249,-0.73183583,20.55000072,-1.68517150,22.79999913
10.65149307,-0.73066671,20.55000061,-1.70616200,22.79999938
10.66146469,-0.72944369,20.55000095,-1.72732793,22.79999990
10.67149734,-0.72816373,20.55000105,-1.74867330,22.79999848
10.70459843,-0.72683095,20.55000244,-1.79339554,22.84999732
10.71502399,-0.72544803,20.55000055,-1.81563047,22.84999927
10.72552490,-0.72400987,20.55000205,-1.83807089,22.84999938
10.73610401,-0.72252383,20.55000174,-1.86071461,22.84999854
10.74676609,-0.72098718,20.55000174,-1.88357463,22.84999815
10.75782585,-0.72000037,20.55115826,-1.90665149,22.84999828
10.76817513,-0.72000031,20.55422490,-1.91999949,22.83111233
10.78259659,-0.72000001,20.55725793,-1.92658658,22.79999896
10.79430008,-0.72000055,20.56024442,-1.94980181,22.79999887
10.80449963,-0.72000064,20.56317952,-1.96999872,22.79419385
10.82371998,-0.72000071,20.56607430,-1.96999893,22.75285832
10.84236622,-0.72000073,20.56891913,-1.96999930,22.71272086
10.86046886,-0.72000053,20.57170910,-1.96999924,22.67372660
10.87180614,-0.72000085,20.57445176,-1.97859096,22.65000017
10.88336086,-0.72000113,20.57714536,-2.00154242,22.64999973
10.89290905,-0.72000112,20.57978073,-2.01999945,22.64246059
10.90981579,-0.72000006,20.58236097,-2.01999968,22.60606754
10.92626858,-0.72000084,20.58489578,-2.01999857,22.57062748
10.94229126,-0.72000119,20.58736748,-2.01999860,22.53611035
10.95790291,-0.72000065,20.58978097,-2.01999970,22.50247354
10.96840286,-0.72000058,20.59214271,-2.04100022,22.50000009
10.97993755,-0.72000053,20.59444589,-2.06395339,22.49999992
10.99118996,-0.72000118,20.59669221,-2.06999964,22.47607626
11.00595951,-0.72000109,20.59887900,-2.06999903,22.44434975
11.02089119,-0.71925043,20.60000046,-2.06999890,22.41337339
11.02962112,-0.71766635,20.60000033,-2.08280562,22.40000034
11.04035187,-0.71606920,20.60000089,-2.10586582,22.39999867
11.04893780,-0.71446291,20.60000104,-2.11999976,22.38825667
11.06365299,-0.71284658,20.60000082,-2.11999855,22.35887094
11.07804680,-0.71122401,20.59999975,-2.11999933,22.33012954
11.09213066,-0.70959862,20.60000016,-2.11999981,22.30200853
11.10592079,-0.70796569,20.60000057,-2.11999854,22.27447566
11.11816216,-0.70633293,20.59999984,-2.12213141,22.24999915
11.12889481,-0.70470250,20.60000064,-2.14522663,22.25000004
11.13979053,-0.70307318,20.60000118,-2.16864835,22.24999932
11.15219402,-0.70144602,20.60000104,-2.16999848,22.22519343
11.16512585,-0.69983030,20.60000019,-2.16999959,22.19938114
11.17780972,-0.69822470,20.60000121,-2.16999875,22.17406434
11.18985081,-0.69662714,20.59999951,-2.17073565,22.14999893
11.20086002,-0.69505038,20.60000117,-2.19433161,22.15000012
11.21205997,-0.69348628,20.59999998,-2.21829567,22.15000047
11.22337341,-0.69194649,20.60000075,-2.21999935,22.12737419
11.23536301,-0.69043034,20.60000107,-2.21999848,22.10344261
11.24714375,-0.68894108,20.60000028,-2.21999993,22.07992939
11.25872421,-0.68748257,20.60000017,-2.21999898,22.05681365
11.26723576,-0.68605784,20.60000036,-2.23702326,22.04999958
11.27884388,-0.68467029,20.60000058,-2.26162704,22.05000014
11.28715324,-0.68332749,20.59999991,-2.26999960,22.03494340
11.29836941,-0.68202011,20.59999973,-2.26999952,22.01254903
11.30941010,-0.68076820,20.60000060,-2.26999931,21.99050217
11.32028294,-0.67956543,20.59999946,-2.26999928,21.96879131
11.32972717,-0.67842451,20.60000039,-2.27305920,21.94999864
11.34186268,-0.67733949,20.60000050,-2.29841410,21.94999946
11.35228920,-0.67631913,20.60000086,-2.31999831,21.94653149
11.36286926,-0.67536475,20.59999957,-2.31999843,21.92539401
11.37329960,-0.67448779,20.60000084,-2.31999939,21.90455092
11.38358784,-0.67369074,20.60000085,-2.31999937,21.88399025
11.39373589,-0.67297591,20.60000092,-2.31999907,21.86370708
11.40160275,-0.67234338,20.59999994,-2.32835342,21.84999826
11.41470623,-0.67180885,20.60000034,-2.35509376,21.84999816
11.42323494,-0.67136971,20.60000075,-2.36999828,21.84095722
11.43316555,-0.67103511,20.59999972,-2.36999953,21.82109973
11.44297218,-0.67081118,20.60000083,-2.37000005,21.80148586
11.45266247,-0.67069803,20.60000025,-2.36999888,21.78210753
11.46223450,-0.67070325,20.60000012,-2.36999945,21.76296287
11.47012043,-0.67083126,20.60000008,-2.37885574,21.75000061
11.48445034,-0.67109777,20.59999949,-2.40724983,21.74999986
11.49289513,-0.67149952,20.60000009,-2.41999970,21.73940468
11.50231171,-0.67204267,20.60000044,-2.41999941,21.72057798
11.51163101,-0.67274012,20.60000051,-2.41999898,21.70195166
11.52085590,-0.67359294,20.60000007,-2.41999918,21.68352358
11.52998924,-0.67461202,20.59999962,-2.41999798,21.66528565
11.53816032,-0.67579971,20.60000033,-2.42459728,21.65000034
11.55400658,-0.67716549,20.59999982,-2.45492381,21.64999981
11.56352615,-0.67872099,20.59999990,-2.46999891,21.64073016
11.57256699,-0.68047613,20.60000008,-2.46999916,21.62273485
11.58153057,-0.68242931,20.59999964,-2.46999970,21.60491497
11.59042263,-0.68459517,20.59999954,-2.46999988,21.58726207
11.59924984,-0.68698715,20.59999982,-2.46999973,21.56977182
11.60801220,-0.68960290,20.60000006,-2.46999981,21.55244192
11.62349033,-0.69246071,20.59999992,-2.49800133,21.54999974
11.63638020,-0.69556302,20.59999965,-2.51999802,21.54411414
11.64519501,-0.69892809,20.59999954,-2.51999964,21.52680925
11.65396404,-0.70256510,20.59999987,-2.51999853,21.50965135
11.66269112,-0.70648286,20.59999995,-2.51999769,21.49264363
11.67138386,-0.71069637,20.59999974,-2.51999932,21.47577600
11.68004799,-0.71521000,20.59999980,-2.51999935,21.45904678
11.68869305,-0.72000163,20.59998075,-2.51999929,21.44245134
11.69811249,-0.72000105,20.59760686,-2.51999797,21.42598709
11.70750332,-0.72000038,20.59515783,-2.51999961,21.40965507
11.71705914,-0.72000181,20.59263079,-2.53472429,21.40000012
11.73477554,-0.72000002,20.59002568,-2.56999858,21.39923435
11.74428177,-0.72000074,20.58734601,-2.56999971,21.38290190
11.75376320,-0.72000202,20.58459306,-2.56999808,21.36669215
11.76322460,-0.72000092,20.58176182,-2.56999883,21.35060035
11.77266407,-0.72000201,20.57885560,-2.56999770,21.33462707
11.78208637,-0.72000038,20.57586531,-2.56999899,21.31877235
11.79148960,-0.72000179,20.57280070,-2.56999980,21.30303054
11.80801868,-0.72000184,20.56966203,-2.60247708,21.30000007
11.81871510,-0.72000021,20.56644375,-2.61999803,21.29094097
11.82823658,-0.72000039,20.56314391,-2.61999864,21.27519875
11.83773804,-0.72000036,20.55976720,-2.62000004,21.25957166
11.84722900,-0.71999989,20.55631010,-2.61999793,21.24404729
11.85670471,-0.72000099,20.55277596,-2.61999866,21.22863039
11.86582661,-0.72241089,20.55000045,-2.61999919,21.21332142
11.87635040,-0.73322437,20.55000066,-2.62547885,21.19999927
11.90432644,-0.74465858,20.55000060,-2.66999805,21.19989120
11.91407108,-0.75673251,20.55000066,-2.66999857,21.18459356
11.92399216,-0.76950048,20.55000080,-2.66999961,21.16940458
11.93361282,-0.77000011,20.54584853,-2.66999966,21.15432298
11.94330215,-0.77000136,20.54145510,-2.66999788,21.13933705
11.95298290,-0.77000204,20.53697883,-2.66999964,21.12445294
11.96265221,-0.77000004,20.53241773,-2.66999870,21.10967474
11.97231197,-0.77000047,20.52777828,-2.66999922,21.09499443
11.98196602,-0.77000073,20.52305562,-2.66999798,21.08040909
11.99161434,-0.77000112,20.51824028,-2.66999932,21.06592871
12.00125408,-0.77000078,20.51334304,-2.66999809,21.05154505
12.02438259,-0.77000088,20.50836197,-2.71579158,21.04999997
12.03378677,-0.77000224,20.50328804,-2.71999907,21.03674168
12.04353333,-0.77000213,20.49812526,-2.71999870,21.02241126
12.05327702,-0.77000002,20.49287300,-2.71999837,21.00817639
12.06301594,-0.77000006,20.48752639,-2.71999804,20.99404589
12.07274818,-0.77000013,20.48208963,-2.71999961,20.98001869
12.08247948,-0.77000141,20.47656200,-2.71999925,20.96608269
12.09220886,-0.77000043,20.47093813,-2.71999937,20.95224747
12.11620903,-0.77000153,20.46521501,-2.76733077,20.94999944
12.12580681,-0.77000205,20.45940306,-2.76999777,20.93680248
12.13563156,-0.77000007,20.45349799,-2.76999769,20.92305719
12.14577579,-0.78084778,20.45000027,-2.76999828,20.90941122
12.16086483,-0.80781318,20.45000002,-2.76999769,20.89585813
12.17134380,-0.82000032,20.44641038,-2.76999920,20.88239885
12.18125153,-0.82000010,20.43995957,-2.76999966,20.86903416
12.19115829,-0.82000105,20.43342717,-2.76999939,20.85575378
12.20106030,-0.82000014,20.42681682,-2.76999966,20.84256040
12.21095848,-0.82000129,20.42011885,-2.76999745,20.82946123
12.22085857,-0.82000179,20.41334053,-2.76999944,20.81643939
12.23075581,-0.82000100,20.40648809,-2.76999918,20.80349792
12.25465393,-0.82000036,20.39955175,-2.81664291,20.79999978
12.26443195,-0.82000006,20.39253831,-2.81999843,20.78774666
12.27439690,-0.82000102,20.38545468,-2.81999791,20.77489978
12.28435993,-0.82000055,20.37829520,-2.81999977,20.76213300
12.29432201,-0.81999997,20.37105843,-2.81999898,20.74944552
12.30428314,-0.82000001,20.36375293,-2.81999803,20.73682968
12.31424046,-0.82000024,20.35638109,-2.81999789,20.72428636
12.32411098,-0.82586318,20.34999951,-2.81999903,20.71181742
12.34602928,-0.86791117,20.34999952,-2.81999775,20.69941948
12.35591412,-0.87000125,20.34267703,-2.81999846,20.68708427
12.36592388,-0.87000009,20.33492387,-2.81999878,20.67481657
12.37593555,-0.87000139,20.32710483,-2.81999857,20.66261388
12.38594151,-0.87000063,20.31922890,-2.81999802,20.65047733
12.41160870,-0.87000180,20.31129561,-2.86999831,20.64678394
12.42166328,-0.87000233,20.30331107,-2.86999830,20.63466004
12.43171787,-0.87000223,20.29526829,-2.87000004,20.62259450
12.44176865,-0.87000207,20.28716886,-2.86999919,20.61059201
12.45181561,-0.87000036,20.27902012,-2.86999964,20.59864566
12.46185970,-0.87000037,20.27082344,-2.86999842,20.58675414
12.47190285,-0.87000156,20.26257740,-2.86999803,20.57491435
12.48194313,-0.87000108,20.25428349,-2.86999894,20.56312790
12.49746990,-0.89660518,20.25000112,-2.86999909,20.55139411
12.51180744,-0.91999991,20.24510375,-2.86999957,20.53971159
12.52188396,-0.92000134,20.23658965,-2.86999908,20.52807201
12.53195763,-0.92000194,20.22803571,-2.86999994,20.51647899
12.54202843,-0.92000166,20.21944317,-2.86999788,20.50493034
12.56570053,-0.92000105,20.21081211,-2.91535994,20.50000062
12.57573700,-0.92000073,20.20214037,-2.91999884,20.48914348
12.58583546,-0.92000023,20.19343121,-2.91999818,20.47765459
12.59593105,-0.92000169,20.18468740,-2.91999974,20.46620775
12.60602570,-0.92000011,20.17590806,-2.91999938,20.45479840
12.61611462,-0.92000203,20.16709786,-2.91999884,20.44343064
12.62620068,-0.92000128,20.15825550,-2.91999775,20.43210038
12.63628578,-0.92000024,20.14938000,-2.91999886,20.42080524
12.64636898,-0.92000133,20.14047439,-2.91999782,20.40954546
12.65644836,-0.91999991,20.13153592,-2.91999933,20.39832362
12.66652679,-0.92000052,20.12256932,-2.91999958,20.38713476
12.67660236,-0.92000051,20.11357596,-2.91999908,20.37597705
12.68667698,-0.92000008,20.10455370,-2.91999813,20.36484864
12.69674873,-0.92000176,20.09550784,-2.91999978,20.35375232
12.72267437,-0.92000126,20.08643441,-2.96999884,20.34908913
12.73276615,-0.92000065,20.07733852,-2.96999897,20.33800116
12.74285793,-0.92000005,20.06821708,-2.96999807,20.32693948
12.75294685,-0.92000165,20.05907299,-2.96999882,20.31590548
12.76299381,-0.92074701,20.05000032,-2.96999911,20.30489677
12.78860760,-0.97000139,20.04689833,-2.96999769,20.29391488
12.79871178,-0.97000165,20.03764840,-2.96999918,20.28295597
12.80881405,-0.97000221,20.02837945,-2.96999927,20.27202064
12.81891441,-0.97000076,20.01909269,-2.96999860,20.26110717
12.82901192,-0.97000212,20.00978883,-2.96999965,20.25021561
12.83910847,-0.97000197,20.00046791,-2.96999824,20.23934460
12.84920216,-0.96999991,19.99113032,-2.96999943,20.22849421
12.85929203,-0.97000098,19.98178065,-2.96999868,20.21766341
12.86938286,-0.97000064,19.97241446,-2.96999907,20.20684865
12.88817310,-0.97000125,19.96303484,-3.00389495,20.19999975
12.90037251,-0.97000088,19.95364333,-3.01999966,20.19106194
12.91047382,-0.97000196,19.94424000,-3.01999959,20.18026325
12.92057514,-0.97000196,19.93482247,-3.01999932,20.16947821
12.93067455,-0.97000104,19.92539376,-3.01999916,20.15870744
12.94077110,-0.97000160,19.91595674,-3.01999968,20.14795202
12.95086384,-0.97000181,19.90651133,-3.01999856,20.13721140
12.96095753,-0.97000195,19.89705501,-3.01999915,20.12648055
12.97105026,-0.97000170,19.88759057,-3.01999916,20.11576010
12.98114109,-0.97000129,19.87811826,-3.01999858,20.10504972
12.99123001,-0.97000059,19.86864037,-3.01999756,20.09435088
13.00131702,-0.97000229,19.85915587,-3.01999900,20.08366123
13.01135445,-0.97307040,19.84999944,-3.01999938,20.07297906
13.03600216,-1.02000152,19.84558693,-3.01999827,20.06230388
13.04610157,-1.02000104,19.83605745,-3.01999813,20.05163525
13.07217789,-1.02000109,19.82652612,-3.06999842,20.04633529
13.08228779,-1.02000192,19.81699190,-3.06999940,20.03565061
13.09239674,-1.02000099,19.80745476,-3.06999751,20.02496996
13.10250282,-1.02000227,19.79791775,-3.06999889,20.01429472
13.11260986,-1.01999998,19.78837707,-3.06999825,20.00361992
13.12271500,-1.02000156,19.77883807,-3.06999806,19.99294873
13.13282013,-1.02000200,19.76929901,-3.06999852,19.98227843
13.14292240,-1.02000165,19.75976231,-3.06999757,19.97161010
13.15302467,-1.02000159,19.75022701,-3.06999896,19.96094098
13.16312695,-1.02000153,19.74069406,-3.06999791,19.95026948
13.17322731,-1.02000123,19.73116569,-3.06999879,19.93959764
13.18332863,-1.02000075,19.72163850,-3.06999960,19.92892096
13.19342709,-1.01999998,19.71211942,-3.06999779,19.91824356
13.20352554,-1.02000183,19.70260501,-3.06999896,19.90756197
13.24468994,-1.07000171,19.69806493,-3.10143486,19.90000044
13.25776100,-1.07000217,19.68853367,-3.11999876,19.89112584
13.26788521,-1.07000064,19.67901074,-3.11999799,19.88040000
13.27801228,-1.07000003,19.66949316,-3.11999899,19.86966398
13.28813839,-1.07000018,19.65998564,-3.11999928,19.85892027
13.29826260,-1.06999996,19.65048839,-3.11999774,19.84816815
13.30838585,-1.07000104,19.64100258,-3.11999883,19.83740702
13.31851292,-1.07000009,19.63152504,-3.11999910,19.82663179
13.32863808,-1.07000113,19.62206068,-3.11999797,19.81584561
13.33876228,-1.07000164,19.61261001,-3.11999801,19.80504786
13.34888744,-1.07000135,19.60317200,-3.11999870,19.79423564
13.37507915,-1.12000069,19.59837450,-3.11999943,19.78341059
13.38522339,-1.12000061,19.58892888,-3.11999823,19.77256694
13.39536762,-1.12000085,19.57950064,-3.11999938,19.76170704
13.40550995,-1.12000121,19.57009185,-3.11999803,19.75083227
13.41565418,-1.12000176,19.56069776,-3.11999891,19.73993623
13.42580128,-1.11999998,19.55132099,-3.11999970,19.72901956
13.43594742,-1.12000121,19.54196451,-3.11999846,19.71808328
13.44609547,-1.12000122,19.53262733,-3.11999850,19.70712462
13.46986771,-1.12000239,19.52331221,-3.16460877,19.69999977
13.48016644,-1.12000222,19.51401570,-3.16999748,19.68941720
13.49033833,-1.12000041,19.50474325,-3.16999934,19.67834421
13.50051403,-1.12000160,19.49549450,-3.16999983,19.66724294
13.51068974,-1.12000068,19.48627167,-3.16999844,19.65611456
13.52086926,-1.12000208,19.47707285,-3.16999974,19.64495384
13.53104973,-1.12000003,19.46790480,-3.16999844,19.63375990
13.54123497,-1.12000203,19.45876337,-3.16999936,19.62253085
13.55141926,-1.12000023,19.44965463,-3.16999915,19.61127123
13.56160831,-1.11999997,19.44057383,-3.16999852,19.59997480
13.57179928,-1.12000053,19.43152484,-3.16999920,19.58864130
13.58199120,-1.12000150,19.42251075,-3.16999820,19.57727114
13.59218597,-1.12000214,19.41353071,-3.16999966,19.56586167
13.60238457,-1.12000006,19.40459084,-3.16999948,19.55440441
13.62876129,-1.12000013,19.39568631,-3.21999989,19.54649307
13.63899803,-1.12000193,19.38682239,-3.21999881,19.53488308
13.64923859,-1.12000069,19.37799754,-3.21999948,19.52322612
13.65948391,-1.12000039,19.36921434,-3.21999868,19.51151930
13.66973400,-1.12000070,19.36047973,-3.21999929,19.49975357
13.67998886,-1.12000191,19.35179100,-3.21999789,19.48793291
13.69024754,-1.12000146,19.34314859,-3.21999898,19.47605723
13.70051098,-1.12000092,19.33455401,-3.21999901,19.46412491
13.71078205,-1.12000046,19.32601233,-3.21999890,19.45212492
13.72105598,-1.12000232,19.31752692,-3.21999964,19.44006249
13.73133659,-1.12000121,19.30909299,-3.21999823,19.42793503
13.74162197,-1.12000028,19.30071410,-3.21999915,19.41574314
13.75191402,-1.12000090,19.29240191,-3.21999784,19.40347138
13.77849293,-1.12000084,19.28414924,-3.26999830,19.39367729
13.78884697,-1.12000215,19.27595554,-3.26999791,19.38116281
13.79920769,-1.11999997,19.26783397,-3.26999756,19.36856343
13.80957699,-1.12000186,19.25977928,-3.26999881,19.35587846
13.81995392,-1.12000032,19.25179116,-3.26999775,19.34311283
13.83034229,-1.12000061,19.24388017,-3.26999746,19.33024821
13.84073544,-1.12000244,19.23604495,-3.26999854,19.31729629
13.85113811,-1.12000133,19.22828111,-3.26999742,19.30425421
13.86155319,-1.12000092,19.22060481,-3.26999789,19.29110060
13.87197399,-1.12000024,19.21300734,-3.26999909,19.27785704
13.88240528,-1.12000146,19.20549355,-3.26999974,19.26450838
13.90926647,-1.17000009,19.19929998,-3.26999974,19.25104896
13.93618488,-1.17000052,19.19181310,-3.31999972,19.23857813
13.94679737,-1.17000105,19.18442011,-3.31999892,19.22474550
13.95742035,-1.16999996,19.17710967,-3.31999948,19.21081040
13.96806145,-1.17000090,19.16988937,-3.31999915,19.19674781
13.97871590,-1.17000070,19.16275556,-3.31999965,19.18257323
13.98938560,-1.17000231,19.15571025,-3.31999971,19.16827943
14.00006580,-1.17000128,19.14875729,-3.31999757,19.15387068
14.01076317,-1.17000068,19.14188852,-3.31999914,19.13934541
14.02147579,-1.17000099,19.13511118,-3.31999771,19.12469807
14.03219700,-1.16999992,19.12842088,-3.31999872,19.10994506
14.05953121,-1.17000129,19.12182199,-3.36999940,19.09444387
14.07037735,-1.17000075,19.11530747,-3.36999864,19.07926702
14.08124256,-1.17000061,19.10888540,-3.36999849,19.06395826
14.09212208,-1.17000101,19.10254314,-3.36999765,19.04854205
14.10301590,-1.17000098,19.09629493,-3.36999889,19.03300167
14.11392403,-1.17000234,19.09012608,-3.36999782,19.01735490
14.12484550,-1.17000189,19.08404899,-3.36999998,19.00158784
14.13578129,-1.17000190,19.07805206,-3.36999844,18.98571351
14.14673233,-1.17000064,19.07214071,-3.36999842,18.96972365
14.15769482,-1.17000132,19.06631191,-3.36999827,18.95362752
14.18559170,-1.17000223,19.06056339,-3.41999815,18.93462029
14.19670296,-1.17000176,19.05489889,-3.41999973,18.91806085
14.20783043,-1.17000177,19.04931227,-3.41999822,18.90139309
14.21897411,-1.17000057,19.04380846,-3.41999806,18.88460892
14.23013115,-1.17000122,19.03838090,-3.41999840,18.86772297
14.24130726,-1.17000214,19.03303534,-3.41999807,18.85071636
14.25249672,-1.17000080,19.02776566,-3.41999855,18.83360821
14.26370144,-1.17000042,19.02257395,-3.41999936,18.81638948
14.29218388,-1.17000148,19.01746099,-3.46999987,18.79420994
14.30355835,-1.17000144,19.01241920,-3.46999928,18.77650270
14.31495285,-1.17000189,19.00745712,-3.46999923,18.75867605
14.32636356,-1.17000214,19.00256866,-3.46999845,18.74074414
14.33779240,-1.17000098,18.99775641,-3.46999869,18.72269709
14.34924221,-1.17000102,18.99301942,-3.46999966,18.70453496
14.36071110,-1.17000223,18.98835409,-3.46999901,18.68626269
14.37219906,-1.17000116,18.98376681,-3.46999878,18.66787458
14.40140247,-1.17000203,18.97925274,-3.51999910,18.64219962
14.41308689,-1.17000218,18.97481092,-3.51999932,18.62327303
14.42479610,-1.17000132,18.97044448,-3.51999838,18.60422173
14.43652821,-1.17000164,18.96615279,-3.51999825,18.58504927
14.44828510,-1.17000066,18.96193211,-3.51999888,18.56575578
14.46006966,-1.17000016,18.95778657,-3.51999903,18.54633273
14.47187996,-1.17000204,18.95371740,-3.51999919,18.52678026
14.48360252,-1.16851958,18.94999962,-3.51999789,18.50710020
14.50464058,-1.14846063,18.94999945,-3.56999776,18.47753700
14.51830864,-1.13014609,18.94999943,-3.56999854,18.45724497
14.53033352,-1.12000235,18.94862310,-3.56999773,18.43681471
14.54229259,-1.12000112,18.94527784,-3.56999855,18.41624237
14.55428314,-1.12000032,18.94201134,-3.56999954,18.39552640
14.56631184,-1.12000156,18.93882578,-3.56999764,18.37465577
14.57837486,-1.12000201,18.93571926,-3.56999952,18.35363504
14.60931301,-1.12000193,18.93269169,-3.61999959,18.32021289
14.62163734,-1.12000123,18.92974466,-3.61999838,18.29851221
14.63400650,-1.12000125,18.92687679,-3.61999976,18.27664102
14.64641953,-1.12000212,18.92409244,-3.61999836,18.25459952
14.65887928,-1.12000198,18.92138552,-3.61999891,18.23238741
14.67138481,-1.12000006,18.91875904,-3.61999959,18.21000220
14.68394184,-1.12000172,18.91621170,-3.61999925,18.18743440
14.69655132,-1.12000201,18.91374459,-3.61999984,18.16468414
14.70921230,-1.12000232,18.91136258,-3.61999937,18.14174370
14.72192955,-1.12000157,18.90906060,-3.61999798,18.11861145
14.75450993,-1.12000230,18.90683687,-3.66999928,18.07905142
14.76756001,-1.12000055,18.90469689,-3.66999936,18.05509150
14.78067589,-1.12000035,18.90263678,-3.66999867,18.03092054
14.79386044,-1.12000177,18.90065693,-3.66999931,18.00653032
14.80661201,-1.11654983,18.90000008,-3.66999774,17.98191994
14.81926727,-1.11171343,18.90000025,-3.66999838,17.95707464
14.83200073,-1.10731551,18.90000032,-3.66999874,17.93199028
14.84481812,-1.10334858,18.90000022,-3.66999789,17.90666611
14.85772800,-1.09976851,18.90000029,-3.66999871,17.88109386
14.87074089,-1.09656725,18.90000031,-3.66999856,17.85526611
14.90398216,-1.09371201,18.90000040,-3.71999990,17.80839164
14.91746807,-1.09118378,18.90000036,-3.71999898,17.78153975
14.93107891,-1.08896870,18.89999996,-3.71999841,17.75440743
14.94482899,-1.08703019,18.90000057,-3.71999853,17.72697518
14.95872116,-1.08536724,18.90000001,-3.71999842,17.69924117
14.97275925,-1.08395528,18.90000018,-3.71999783,17.67120077
14.98609638,-1.08278524,18.90000013,-3.70497984,17.65000157
15.00495338,-1.08183841,18.90000030,-3.66999981,17.63852478
15.01920223,-1.08108995,18.90000000,-3.66999951,17.61003725
15.03858948,-1.08053507,18.89999982,-3.63310176,17.60000052
15.06640816,-1.08015857,18.90000054,-3.57784111,17.60000039
15.09329224,-1.07995864,18.90000004,-3.52427399,17.59999968
15.11929893,-1.07990532,18.89999997,-3.47231323,17.60000046
15.13269234,-1.07999692,18.90000008,-3.46999859,17.57330503
15.14511395,-1.08022553,18.89999955,-3.46116475,17.55000098
15.16961098,-1.08057688,18.89999956,-3.41181862,17.55000132
15.19037151,-1.08103604,18.89999972,-3.36999843,17.54637376
15.20448399,-1.08159611,18.89999991,-3.37000004,17.51815455
15.21667862,-1.08226179,18.89999937,-3.35304601,17.50000155
15.23917961,-1.08299994,18.89999989,-3.30730562,17.50000216
15.26102543,-1.08382408,18.89999956,-3.26278953,17.50000137
15.28197479,-1.08471759,18.90000007,-3.21999955,17.49964282
15.29611778,-1.08567079,18.89999956,-3.21999943,17.47137338
15.30785275,-1.08667777,18.90000037,-3.20929375,17.44999989
15.32810307,-1.08774146,18.90000045,-3.16772910,17.45000019
15.34782314,-1.08883999,18.90000034,-3.12719081,17.44999990
15.36702728,-1.08997644,18.89999984,-3.08764629,17.45000017
15.37834072,-1.09114727,18.89999999,-3.06999950,17.43449189
15.39274406,-1.09234277,18.90000001,-3.06999967,17.40570908
15.40768433,-1.09356215,18.89999963,-3.03945035,17.40000185
15.42568398,-1.09479611,18.90000005,-3.00221688,17.40000053
15.44324684,-1.09604877,18.89999958,-2.96583893,17.40000143
15.46040154,-1.09730806,18.89999920,-2.93026903,17.40000179
15.47157860,-1.09857619,18.89999939,-2.91999884,17.37954211
15.48628139,-1.09984714,18.89999986,-2.91999837,17.35016172
15.50276852,-1.10112239,18.90000037,-2.88575033,17.35000102
15.51898384,-1.10240160,18.89999952,-2.85204028,17.34999968
15.53485012,-1.10367755,18.89999962,-2.81903146,17.35000086
15.55037594,-1.10494604,18.90000010,-2.78671176,17.35000013
15.56081676,-1.10621522,18.90000022,-2.76999933,17.33594582
15.57584286,-1.10747115,18.89999941,-2.76999982,17.30591926
15.58820820,-1.10871728,18.90000054,-2.74474253,17.30000094
15.60299587,-1.10995587,18.89999907,-2.71392858,17.30000024
15.61749458,-1.11117691,18.89999911,-2.68371058,17.30000031
15.63171196,-1.11238472,18.89999980,-2.65406761,17.30000071
15.64566040,-1.11357345,18.89999962,-2.62498113,17.30000030
15.65852737,-1.11474356,18.90000029,-2.61999886,17.27455067
15.67105961,-1.11589172,18.89999970,-2.61379082,17.25000190
15.68470669,-1.11701736,18.89999963,-2.58537173,17.25000256
15.69811440,-1.11812092,18.89999898,-2.55745279,17.25000241
15.71129322,-1.11919331,18.89999929,-2.53002223,17.25000275
15.72227383,-1.12000132,18.90027545,-2.51999857,17.22979250
15.73659992,-1.12000134,18.90151357,-2.51763054,17.20000110
15.75005817,-1.12000063,18.90275728,-2.49074238,17.20000107
15.76329708,-1.12000038,18.90400940,-2.46429546,17.20000046
15.77632427,-1.12000008,18.90525900,-2.43826982,17.20000069
15.78914547,-1.12000140,18.90650733,-2.41265710,17.20000110
15.80176926,-1.12000022,18.90774999,-2.38744170,17.19999985
15.81156731,-1.12000080,18.90898233,-2.36999943,17.18983319
15.82823563,-1.12000073,18.91020040,-2.36999902,17.15527835
15.83896732,-1.12000080,18.91139625,-2.34892774,17.15000129
15.85121918,-1.12000092,18.91256766,-2.32445182,17.15000225
15.86329746,-1.12000055,18.91370797,-2.30032300,17.15000065
15.87520981,-1.12000066,18.91481149,-2.27652271,17.15000076
15.88829899,-1.12000004,18.91587556,-2.26999902,17.12358601
15.90039444,-1.12000110,18.91688809,-2.26129918,17.09999989
15.91216660,-1.12000072,18.91784229,-2.23777368,17.10000134
15.92378521,-1.12000106,18.91873561,-2.21455416,17.09999991
15.93525600,-1.12000098,18.91956092,-2.19162745,17.10000127
15.94658661,-1.11999996,18.92030687,-2.16898029,17.10000006
15.95777798,-1.12000021,18.92096877,-2.14660532,17.10000010
15.96883774,-1.12000068,18.92153961,-2.12449442,17.10000122
15.98485756,-1.12000043,18.92200919,-2.11999910,17.06780842
15.99562359,-1.12000038,18.92235840,-2.10739608,17.05000062
16.00660324,-1.12000002,18.92259646,-2.08543786,17.05000069
16.01746368,-1.12000086,18.92269615,-2.06371870,17.05000083
16.02820778,-1.12000098,18.92264926,-2.04222722,17.05000178
16.03884315,-1.12000089,18.92245040,-2.02096051,17.05000174
16.06039619,-1.12000053,18.92209024,-2.01999931,17.00726576
16.07019615,-1.12000011,18.92154470,-2.00202312,17.00000157
16.08079338,-1.12000021,18.92080874,-1.98084153,17.00000316
16.09128952,-1.12000076,18.91985608,-1.95986828,17.00000276
16.10169601,-1.12000031,18.91868292,-1.93909079,17.00000215
16.11201286,-1.12000066,18.91727472,-1.91850370,17.00000215
16.12224770,-1.12000032,18.91560584,-1.89810097,17.00000149
16.13240623,-1.12000004,18.91365859,-1.87787927,17.00000222
16.14974785,-1.12000037,18.91140812,-1.86999967,16.96847776
16.16217995,-1.12000030,18.90883928,-1.85675557,16.95000152
16.17238617,-1.12000032,18.90593016,-1.83655295,16.95000153
16.18253899,-1.12000057,18.90264684,-1.81651323,16.95000031
16.19274330,-1.11964470,18.89999864,-1.79663383,16.95000022
16.20329475,-1.11826798,18.89999924,-1.77690716,16.95000054
16.21380806,-1.11681552,18.89999895,-1.75733366,16.95000078
16.22428513,-1.11528895,18.89999825,-1.73790461,16.95000167
16.23428917,-1.11368771,18.89999906,-1.71999958,16.94554907
16.25734138,-1.11201162,18.89999928,-1.71453313,16.90000241
16.26794434,-1.11026166,18.90000036,-1.69507508,16.90000106
16.27851868,-1.10843484,18.89999864,-1.67575495,16.90000146
16.28906250,-1.10653399,18.89999961,-1.65656594,16.90000217
16.29958153,-1.10455938,18.90000024,-1.63750408,16.90000258
16.31007385,-1.10251060,18.89999998,-1.61856749,16.90000058
16.32054520,-1.10038830,18.89999901,-1.59974810,16.90000281
16.33099174,-1.09819091,18.89999818,-1.58105071,16.90000271
16.34845352,-1.09591707,18.89999914,-1.56999976,16.86772210
16.36076164,-1.09357054,18.89999982,-1.55526118,16.85000145
16.37135124,-1.09114942,18.89999836,-1.53650100,16.85000091
16.38192177,-1.08865484,18.89999941,-1.51785484,16.85000168
16.39247513,-1.08608616,18.89999848,-1.49931707,16.84999974
16.40301132,-1.08344239,18.89999948,-1.48088694,16.85000005
16.41353416,-1.08072472,18.89999973,-1.46256088,16.85000075
16.42404175,-1.07793485,18.89999940,-1.44433640,16.85000063
16.43453598,-1.07507007,18.89999918,-1.42620989,16.85000123
16.44502068,-1.07213095,18.89999883,-1.40818240,16.85000185
16.45549202,-1.06911380,18.90000000,-1.39025364,16.85000147
16.46595573,-1.06602445,18.89999961,-1.37241880,16.85000157
16.47640800,-1.06286091,18.89999994,-1.35467629,16.85000152
16.48685265,-1.05961961,18.89999857,-1.33702745,16.85000141
16.51533508,-1.05630350,18.89999954,-1.31304936,16.90000072
16.52559471,-1.05291125,18.90000010,-1.29592251,16.90000263
16.53584862,-1.04944287,18.89999823,-1.27888366,16.90000077
16.54610062,-1.04589498,18.89999917,-1.26192930,16.90000221
16.55634880,-1.04227229,18.89999912,-1.24505493,16.90000152
16.56659508,-1.03856800,18.90000014,-1.22826609,16.90000180
16.59452438,-1.03478550,18.90000027,-1.20714263,16.95000004
16.60460854,-1.03092327,18.90000041,-1.19083756,16.95000095
16.61469269,-1.02697480,18.89999993,-1.17461646,16.95000020
16.62477875,-1.02294855,18.89999825,-1.15847019,16.95000214
16.63486671,-1.01883582,18.89999908,-1.14240734,16.95000176
16.64495659,-1.01463774,18.89999910,-1.12642432,16.94999996
16.67242622,-1.01035662,18.89999813,-1.10794932,17.00000286
16.68237495,-1.00598114,18.89999838,-1.09242442,17.00000335
16.69232941,-1.00152104,18.89999855,-1.07697513,17.00000206
16.71956825,-0.99696877,18.89999931,-1.05990487,17.05000264
16.72939491,-0.99232825,18.90000040,-1.04489121,17.05000237
16.73923111,-0.98759631,18.89999833,-1.02995253,17.05000213
16.74907303,-0.98277346,18.89999933,-1.01508931,17.05000079
16.75892639,-0.97786044,18.90000008,-1.00029636,17.05000189
16.76878929,-0.97285212,18.90000007,-0.98557983,17.05000234
16.77865982,-0.96775649,18.89999876,-0.97093308,17.05000151
16.78853989,-0.96256110,18.89999895,-0.95636786,17.05000199
16.79842949,-0.95728366,18.89999815,-0.94186764,17.05000129
16.80832863,-0.95190468,18.90000015,-0.92744805,17.05000069
16.81823730,-0.94643955,18.89999895,-0.91309469,17.05000151
16.82815552,-0.94087719,18.89999879,-0.89882057,17.05000075
16.83808327,-0.93522884,18.89999987,-0.88461494,17.05000115
16.84802055,-0.92948556,18.89999959,-0.87048417,17.05000028
16.85796738,-0.92365609,18.89999848,-0.85642092,17.05000159
16.86792374,-0.91773320,18.89999894,-0.84243170,17.05000253
16.87788773,-0.91172330,18.89999895,-0.82851225,17.05000177
16.88786316,-0.90562574,18.89999960,-0.81466014,17.05000079
16.89784622,-0.89943991,18.90000003,-0.80087866,17.05000165
16.90783882,-0.89317146,18.89999916,-0.78716145,17.05000175
16.91783905,-0.88681184,18.90000026,-0.77351950,17.05000173
16.92785072,-0.88037534,18.89999809,-0.75993294,17.05000103
16.93787003,-0.87384975,18.90000032,-0.74641935,17.05000149
16.94789886,-0.86724885,18.89999893,-0.73296427,17.05000044
16.95811081,-0.86056549,18.89999842,-0.72000005,17.05557648
16.98180962,-0.85380292,18.89999924,-0.71023507,17.10000030
16.99177742,-0.84696611,18.89999940,-0.69713827,17.10000111
17.00175476,-0.84004819,18.89999826,-0.68410226,17.10000023
17.01173973,-0.83306121,18.89999818,-0.67111881,17.10000024
17.02173424,-0.82599966,18.89999954,-0.65818815,17.09999982
17.03174019,-0.81886483,18.89999863,-0.64531179,17.10000137
17.04175568,-0.81166539,18.89999912,-0.63248215,17.10000161
17.05177879,-0.80439210,18.89999922,-0.61970682,17.10000071
17.06181145,-0.79705425,18.89999815,-0.60698151,17.10000086
17.07185364,-0.78965335,18.89999899,-0.59429853,17.10000009
17.08190346,-0.78218390,18.89999826,-0.58166790,17.09999950
17.09196091,-0.77465280,18.90000051,-0.56908257,17.10000186
17.10202789,-0.76706405,18.90000038,-0.55653968,17.10000182
17.11210251,-0.75941210,18.89999948,-0.54404204,17.10000127
17.12218475,-0.75169985,18.89999974,-0.53158870,17.09999969
17.13227654,-0.74393287,18.89999916,-0.51917403,17.10000016
17.14237213,-0.73611422,18.89999884,-0.50679894,17.10000125
17.15247726,-0.72823286,18.89999925,-0.49446898,17.10000038
17.16259003,-0.72029974,18.90000012,-0.48217693,17.10000135
17.17271042,-0.71231722,18.89999851,-0.46992001,17.10000120
17.18283653,-0.70428517,18.89999967,-0.45770077,17.09999958
17.19296837,-0.69619790,18.89999825,-0.44552164,17.10000140
17.20310974,-0.68806519,18.90000017,-0.43337538,17.09999978
17.21325493,-0.67988469,18.89999814,-0.42126331,17.10000098
17.22340584,-0.67165976,18.89999864,-0.40918582,17.10000156
17.23356438,-0.66338768,18.89999890,-0.39714034,17.10000085
17.24372864,-0.65506763,18.90000049,-0.38513150,17.10000143
17.25390053,-0.64670652,18.89999923,-0.37315112,17.10000093
17.27968788,-0.63830462,18.90000041,-0.36889967,17.15000065
17.28982162,-0.62985948,18.89999992,-0.35707740,17.15000197
17.29996300,-0.62137508,18.89999881,-0.34527991,17.15000146
17.31011009,-0.61284731,18.89999866,-0.33351477,17.15000091
17.32026291,-0.60428250,18.89999864,-0.32177531,17.15000116
17.33041954,-0.59568049,18.89999911,-0.31006314,17.15000183
17.34058380,-0.58703970,18.89999992,-0.29837444,17.15000065
17.35075378,-0.57836397,18.89999982,-0.28671084,17.15000087
17.36092949,-0.56965169,18.90000024,-0.27507183,17.15000141
17.37110901,-0.56090564,18.89999874,-0.26345752,17.15000233
17.38129616,-0.55212360,18.89999872,-0.25186787,17.15000114
17.39148712,-0.54330706,18.89999932,-0.24030216,17.15000253
17.40168190,-0.53445839,18.89999922,-0.22875902,17.15000256
17.41188240,-0.52557937,18.90000008,-0.21723834,17.15000100
17.42208862,-0.51666689,18.89999929,-0.20573820,17.15000180
17.43229866,-0.50772434,18.90000023,-0.19426088,17.15000114
17.44251442,-0.49875223,18.89999920,-0.18280260,17.15000074
17.45273209,-0.48975048,18.90000019,-0.17136797,17.15000091
17.46295547,-0.48071736,18.89999824,-0.15995461,17.15000181
17.47318268,-0.47165621,18.89999989,-0.14856074,17.15000067
17.48341370,-0.46256901,18.89999997,-0.13718514,17.15000267
17.49364853,-0.45345363,18.89999969,-0.12583160,17.15000271
17.50388718,-0.44430975,18.89999891,-0.11449819,17.15000088
17.51412964,-0.43513928,18.89999988,-0.10318395,17.15000212
17.52437592,-0.42594230,18.90000018,-0.09188844,17.15000161
17.53462410,-0.41672170,18.89999912,-0.08061193,17.15000147
17.54487610,-0.40747493,18.89999991,-0.06935441,17.15000177
17.55513191,-0.39820362,18.89999995,-0.05811511,17.15000272
17.56538963,-0.38890858,18.89999967,-0.04689243,17.15000244
17.57565117,-0.37958871,18.89999885,-0.03568933,17.15000248
17.58591461,-0.37024776,18.89999993,-0.02450340,17.15000142
17.59618187,-0.36088191,18.90000000,-0.01333571,17.15000249
17.60645294,-0.35149342,18.89999973,-0.00218443,17.15000219
17.61672401,-0.34208289,18.89999912,0.00894941,17.15000288
17.62699699,-0.33265188,18.90000024,0.02006521,17.15000145
17.63727570,-0.32319782,18.89999848,0.03116565,17.15000109
17.64755440,-0.31372316,18.89999828,0.04224916,17.15000112
17.65783501,-0.30422700,18.90000030,0.05331516,17.15000177
17.66811752,-0.29471103,18.89999949,0.06436465,17.15000091
17.67840195,-0.28517515,18.89999872,0.07539778,17.15000140
17.69544983,-0.27561995,18.89999929,0.07999994,17.18101559
17.70806122,-0.26604493,18.89999948,0.08703321,17.20000151
17.71833038,-0.25645084,18.89999993,0.09797675,17.20000097
17.72860146,-0.24683726,18.89999928,0.10890742,17.20000098
17.73887634,-0.23720466,18.89999853,0.11982382,17.20000006
17.74915123,-0.22755384,18.89999984,0.13072305,17.20000214
17.75942802,-0.21788587,18.89999867,0.14160753,17.20000079
17.76970673,-0.20819954,18.89999935,0.15247846,17.20000021
17.77998734,-0.19849577,18.89999936,0.16333455,17.20000052
17.79026794,-0.18877499,18.89999980,0.17417565,17.20000007
17.80055046,-0.17903706,18.89999910,0.18500148,17.19999992
17.81083298,-0.16928358,18.90000046,0.19581435,17.20000116
17.82111740,-0.15951202,18.89999932,0.20661295,17.20000110
17.83140373,-0.14972480,18.90000029,0.21739728,17.19999988
17.84169006,-0.13992065,18.89999928,0.22816547,17.20000007
17.85197639,-0.13010250,18.89999920,0.23892065,17.20000071
17.86226463,-0.12026812,18.89999930,0.24966168,17.20000055
17.87255287,-0.11041823,18.89999910,0.26038900,17.20000147
17.88284111,-0.10055568,18.90000049,0.27110382,17.20000164
17.89312935,-0.09067691,18.90000003,0.28180079,17.20000040
17.90341759,-0.08078291,18.89999863,0.29248520,17.19999981
17.91370773,-0.07087447,18.89999917,0.30315517,17.20000026
17.92399597,-0.06095255,18.90000007,0.31381157,17.20000047
17.93428421,-0.05101760,18.90000045,0.32445317,17.20000172
17.94457436,-0.04106688,18.89999988,0.33508169,17.20000103
17.95486450,-0.03110323,18.89999909,0.34569701,17.20000199
17.96515274,-0.02112673,18.90000053,0.35629836,17.20000207
17.97543907,-0.01113870,18.89999997,0.36688340,17.20000162
17.98572731,-0.00113540,18.89999829,0.37745620,17.20000163
18.00476265,0.00887956,18.89999878,0.37999973,17.23594145
18.01595688,0.01890795,18.89999907,0.38739347,17.25000231
18.02623558,0.02894758,18.89999896,0.39790950,17.25000122
18.03651237,0.03899943,18.89999861,0.40841227,17.25000161
18.04678917,0.04906388,18.90000041,0.41890171,17.25000101
18.05706596,0.05914067,18.89999946,0.42937741,17.25000195
18.06734085,0.06922693,18.90000019,0.43984110,17.25000242
18.07761574,0.07932636,18.89999834,0.45029103,17.25000173
18.08788872,0.08943653,18.89999878,0.46072832,17.25000315
18.09816170,0.09955987,18.89999862,0.47115047,17.25000269
18.10843468,0.10969301,18.89999819,0.48156070,17.25000210
18.11870384,0.11983720,18.89999981,0.49195522,17.25000268
18.12897301,0.12999357,18.89999844,0.50233814,17.25000237
18.15205765,0.13000040,18.94498774,0.51270787,17.25000228
18.16207314,0.13903841,18.94999955,0.52306422,17.25000322
18.17233467,0.14921861,18.94999904,0.53340564,17.25000148
18.18259621,0.15941144,18.94999790,0.54373502,17.25000126
18.19285393,0.16961481,18.94999940,0.55404768,17.25000242
18.20311165,0.17982921,18.94999779,0.56434824,17.25000274
18.21336555,0.19005195,18.94999825,0.57463514,17.25000273
18.22361946,0.20028655,18.94999868,0.58490826,17.25000195
18.23387146,0.21053092,18.94999889,0.59516797,17.25000300
18.24412346,0.22078588,18.94999880,0.60541467,17.25000114
18.25436974,0.23104982,18.94999918,0.61564401,17.25000119
18.26461601,0.24132433,18.94999871,0.62586085,17.25000264
18.27486038,0.25160947,18.94999797,0.63606464,17.25000101
18.28510094,0.26190383,18.94999945,0.64625173,17.25000324
18.29533958,0.27220554,18.94999827,0.65642719,17.25000104
18.30557442,0.28251694,18.94999915,0.66658773,17.25000285
18.31580925,0.29284067,18.94999818,0.67673171,17.25000134
18.33246231,0.30317216,18.94999888,0.68000004,17.28040653
18.34512520,0.31351207,18.94999913,0.68570077,17.30000035
18.35535240,0.32386111,18.94999935,0.69580959,17.30000145
18.36557961,0.33421905,18.94999892,0.70590536,17.30000212
18.37580299,0.34458501,18.94999845,0.71598711,17.30000259
18.38602448,0.35496072,18.94999801,0.72605434,17.30000034
18.39624214,0.36534411,18.94999754,0.73610462,17.30000254
18.40645599,0.37573568,18.94999914,0.74614241,17.30000238
18.41666985,0.38613672,18.94999789,0.75616590,17.30000129
18.42687798,0.39654391,18.94999895,0.76617567,17.30000097
18.43708229,0.40696037,18.94999766,0.77616855,17.30000240
18.44728470,0.41738495,18.94999794,0.78614886,17.30000086
18.45748329,0.42781750,18.94999845,0.79611307,17.30000188
18.46767807,0.43825715,18.94999857,0.80606333,17.30000038
18.47786903,0.44870381,18.94999824,0.81599833,17.30000115
18.48805618,0.45915878,18.94999761,0.82591821,17.30000157
18.49823952,0.46962110,18.94999951,0.83582265,17.30000208
18.50842094,0.48009234,18.94999821,0.84571195,17.30000171
18.51859474,0.49056937,18.94999740,0.85558389,17.30000200
18.52876663,0.50105313,18.94999879,0.86544331,17.30000038
18.53893280,0.51154518,18.94999743,0.87528523,17.30000063
18.54909515,0.52204433,18.94999798,0.88511153,17.30000046
18.55925369,0.53255006,18.94999852,0.89492087,17.30000035
18.56940842,0.54306253,18.94999916,0.90471669,17.30000129
18.57955742,0.55358299,18.94999935,0.91449590,17.30000166
18.58970261,0.56410881,18.94999915,0.92426036,17.30000252
18.59984207,0.57464195,18.94999907,0.93400627,17.30000066
18.60997772,0.58518194,18.94999864,0.94373671,17.30000153
18.62010765,0.59572957,18.94999812,0.95345004,17.30000229
18.63023376,0.60628163,18.94999947,0.96314878,17.30000122
18.64035225,0.61684106,18.94999878,0.97282956,17.30000048
18.65094376,0.62740496,18.94999760,0.97999995,17.31158549
18.67106438,0.63797635,18.94999861,0.98140741,17.35000097
18.68118286,0.64855297,18.94999768,0.99106632,17.35000058
18.69129562,0.65913682,18.94999834,1.00070911,17.34999982
18.70140076,0.66972496,18.94999963,1.01033211,17.35000013
18.71150398,0.68032134,18.94999763,1.01994041,17.35000017
18.72159958,0.69092295,18.94999843,1.02953177,17.35000156
18.73169136,0.70153059,18.94999933,1.03910605,17.35000109
18.74177551,0.71214355,18.94999781,1.04866108,17.35000134
18.75185394,0.72276142,18.94999791,1.05820241,17.34999984
18.76192856,0.73338571,18.94999794,1.06772594,17.35000143
18.77199745,0.74401588,18.94999790,1.07723177,17.35000129
18.78205681,0.75464956,18.94999863,1.08671940,17.35000058
18.79211235,0.76529097,18.94999884,1.09618915,17.34999992
18.80216217,0.77593684,18.94999924,1.10564127,17.35000068
18.81220436,0.78658770,18.94999932,1.11507648,17.35000000
18.82224083,0.79724312,18.94999970,1.12449220,17.35000048
18.83226967,0.80790481,18.94999979,1.13389045,17.35000182
18.84229469,0.81857260,18.94999778,1.14326953,17.35000184
18.85231209,0.82924420,18.94999808,1.15263270,17.35000123
18.87746620,0.83000052,18.99928372,1.16197407,17.35000150
18.88742447,0.84058143,19.00000006,1.17129821,17.34999996
18.89744186,0.85131175,18.99999914,1.18060288,17.35000013
18.90745354,0.86204739,18.99999880,1.18988891,17.34999987
18.91745758,0.87278695,19.00000073,1.19915799,17.35000147
18.92745399,0.88353373,19.00000027,1.20840356,17.35000094
18.93744469,0.89428556,19.00000027,1.21763178,17.35000015
18.94742775,0.90504297,19.00000021,1.22684145,17.35000100
18.95740318,0.91580667,18.99999986,1.23603030,17.35000016
18.96737099,0.92657337,19.00000024,1.24519994,17.34999983
18.97733307,0.93734751,19.00000090,1.25434787,17.35000050
18.98728752,0.94812748,18.99999901,1.26347728,17.35000050
18.99723434,0.95891015,18.99999973,1.27258765,17.35000053
19.00717354,0.96969826,19.00000042,1.28167669,17.34999964
19.01710320,0.98049386,18.99999927,1.29074362,17.35000052
19.02702713,0.99129374,19.00000032,1.29979007,17.35000073
19.03694344,1.00209813,18.99999965,1.30881689,17.35000143
19.04685020,1.01290606,18.99999913,1.31782388,17.34999981
19.05674934,1.02372104,18.99999858,1.32680754,17.34999958
19.06664085,1.03454002,19.00000055,1.33577151,17.35000181
19.07652473,1.04536418,19.00000036,1.34471392,17.35000151
19.08639908,1.05619229,19.00000022,1.35363494,17.35000140
19.09626579,1.06702606,19.00000027,1.36253463,17.35000122
19.10612297,1.07786527,18.99999864,1.37141106,17.35000140
19.13207817,1.08000044,19.04927800,1.38000004,17.35150974
19.15730095,1.09078157,19.04999846,1.38032580,17.40000070
19.16719627,1.10169663,19.04999835,1.38919773,17.40000276
19.17708206,1.11261567,19.04999808,1.39805109,17.40000070
19.18696022,1.12354214,19.04999863,1.40688015,17.40000143
19.19682884,1.13447317,19.04999906,1.41568851,17.40000279
19.20668983,1.14541090,19.04999820,1.42447428,17.40000054
19.21654510,1.15635218,19.04999937,1.43324006,17.40000177
19.22638702,1.16729676,19.04999920,1.44198097,17.40000192
19.23622322,1.17824986,19.04999904,1.45069903,17.40000246
19.24604988,1.18920703,19.04999900,1.45939783,17.40000218
19.25586891,1.20016984,19.04999937,1.46807323,17.40000058
19.26568031,1.21113784,19.04999811,1.47672509,17.40000083
19.27548218,1.22211234,19.04999910,1.48535408,17.40000180
19.30401039,1.24099634,18.99999924,1.49396092,17.40000247
19.31375885,1.25190726,19.00000002,1.50254496,17.40000279
19.32349396,1.26282153,19.00000095,1.51110380,17.40000226
19.33322334,1.27374170,18.99999948,1.51964294,17.40000114
19.35024261,1.28000033,19.03066371,1.52815699,17.40000202
19.36297035,1.28806371,19.04999810,1.53664856,17.40000055
19.37270927,1.29907507,19.05000012,1.54511491,17.40000117
19.38243675,1.31008947,19.05000001,1.55355769,17.40000225
19.39215660,1.32111085,19.04999997,1.56197669,17.40000277
19.40186882,1.33213706,19.04999843,1.57037274,17.40000166
19.41156769,1.34316496,19.05000010,1.57874315,17.40000160
19.42126083,1.35420250,19.04999933,1.58709067,17.40000121
19.43094444,1.36524504,19.04999883,1.59541541,17.40000145
19.44061470,1.37629055,19.04999963,1.60371404,17.40000094
19.45027924,1.38734356,19.04999788,1.61198734,17.40000279
19.45993233,1.39840253,19.04999881,1.62023658,17.40000053
19.46957588,1.40946385,19.04999838,1.62846144,17.40000291
19.47920990,1.42053195,19.04999868,1.63666133,17.40000184
19.48883438,1.43160604,19.04999921,1.64483484,17.40000166
19.49844551,1.44268089,19.04999880,1.65298290,17.40000210
19.50804901,1.45376427,19.04999786,1.66110890,17.40000104
19.51764488,1.46485338,19.04999801,1.66920998,17.40000233
19.52722931,1.47594751,19.04999869,1.67728411,17.40000075
19.53680420,1.48704743,19.04999979,1.68533479,17.40000143
19.54636765,1.49815160,19.04999934,1.69335873,17.40000261
19.55592346,1.50926084,19.04999881,1.70135750,17.40000070
19.56546593,1.52037643,19.04999965,1.70933010,17.40000240
19.57647514,1.53000037,19.06326700,1.71727595,17.40000260
19.59631538,1.53708905,19.09999837,1.72519746,17.40000284
19.60587692,1.54831763,19.09999745,1.73309473,17.40000267
19.61543083,1.55955276,19.09999907,1.74096739,17.40000066
19.62497520,1.57079536,19.09999712,1.74881019,17.40000253
19.63450813,1.58204349,19.09999806,1.75662753,17.40000109
19.64403152,1.59330057,19.09999765,1.76441866,17.40000160
19.65354538,1.60456279,19.09999943,1.77218536,17.40000113
19.66304779,1.61582844,19.09999768,1.77992506,17.40000134
19.67254257,1.62710331,19.09999828,1.78763914,17.40000284
19.68202782,1.63838463,19.09999778,1.79532640,17.40000268
19.69150162,1.64967252,19.09999748,1.80298844,17.40000247
19.70096779,1.66096689,19.09999842,1.81062384,17.40000090
19.71042252,1.67226855,19.09999707,1.81823274,17.40000195
19.71986771,1.68357635,19.09999927,1.82581628,17.40000202
19.74197578,1.69489170,19.09999714,1.82999994,17.44141628
19.75206757,1.70621394,19.09999794,1.83694317,17.45000022
19.76153946,1.71754056,19.09999918,1.84455904,17.45000053
19.77100182,1.72887602,19.09999752,1.85214933,17.45000141
19.78045654,1.74021819,19.09999811,1.85971551,17.45000083
19.78990173,1.75156965,19.09999775,1.86725349,17.45000033
19.79933739,1.76292738,19.09999749,1.87476963,17.45000194
19.80876541,1.77429115,19.09999848,1.88225921,17.45000175
19.83496475,1.78250900,19.14999892,1.88972512,17.45000003
19.84443474,1.79400924,19.14999873,1.89716425,17.45000067
19.85389328,1.80551393,19.14999886,1.90457715,17.45000191
19.86334610,1.81703095,19.14999978,1.91196676,17.45000207
19.87279129,1.82855509,19.14999895,1.91933095,17.45000135
19.88222885,1.84008872,19.14999868,1.92667217,17.45000002
19.89165688,1.85162987,19.14999901,1.93398820,17.45000055
19.90107727,1.86318012,19.14999927,1.94127734,17.45000024
19.91049004,1.87474116,19.14999812,1.94854277,17.45000017
19.91989517,1.88631151,19.14999974,1.95578144,17.45000015
19.92928886,1.89788716,19.14999970,1.96299562,17.45000092
19.93867874,1.90947412,19.14999989,1.97018636,17.45000203
19.94805908,1.92107068,19.14999825,1.97735179,17.45000192
19.97450066,1.93115355,19.19999846,1.98449096,17.45000053
19.98393250,1.94290151,19.19999935,1.99160714,17.45000072
19.99335670,1.95465939,19.19999789,1.99870034,17.45000019
20.00277710,1.96642897,19.19999837,2.00576890,17.45000098
20.01218987,1.97821029,19.19999736,2.01281271,17.45000009
20.02159691,1.99000168,19.19999866,2.01983505,17.45000143
20.03099251,2.00180174,19.19999968,2.02682932,17.45000037
20.04038620,2.01361656,19.19999897,2.03379970,17.45000064
20.04977226,2.02544163,19.19999781,2.04074665,17.45000130
20.07642174,2.03698207,19.24999874,2.04767040,17.45000121
20.08586884,2.04897409,19.25000056,2.05456997,17.45000192
20.09530830,2.06097740,19.24999927,2.06144745,17.45000182
20.10474205,2.07299477,19.25000027,2.06829846,17.45000151
20.11417389,2.08502544,19.25000092,2.07512901,17.45000132
20.12359619,2.09706746,19.24999874,2.08193354,17.45000132
20.13301659,2.10912385,19.25000035,2.08871830,17.45000127
20.14243317,2.12119385,19.24999885,2.09547893,17.45000188
20.16930008,2.13414068,19.29999945,2.10221734,17.45000139
20.17878151,2.14638874,19.29999835,2.10893205,17.45000145
20.18825912,2.15865228,19.29999867,2.11562453,17.45000093
20.19773483,2.17093087,19.29999986,2.12229600,17.45000177
20.24891663,2.18615985,19.39999820,2.12894567,17.44999999
20.25853729,2.19877594,19.39999998,2.13557281,17.45000108
20.26815796,2.21141170,19.39999866,2.14217712,17.45000180
20.27777672,2.22406717,19.39999948,2.14876003,17.45000044
20.32912827,2.24091622,19.49999870,2.15532403,17.45000016
20.33890343,2.25392396,19.49999948,2.16186503,17.45000003
20.34867668,2.26695132,19.49999943,2.16838584,17.45000190
20.37601280,2.28256567,19.54999996,2.17488553,17.45000002
20.38586807,2.29579641,19.54999977,2.18136631,17.44999999
20.39572525,2.30904986,19.54999908,2.18782614,17.45000134
20.40558052,2.32232384,19.54999861,2.19426436,17.45000056
20.43308449,2.33883521,19.59999756,2.20068485,17.45000029
20.44302940,2.35232371,19.59999718,2.20708788,17.45000208
20.45297623,2.36583539,19.59999823,2.21346964,17.44999980
20.46292686,2.37937167,19.59999811,2.21983406,17.45000088
20.49061203,2.39681325,19.64999995,2.22617859,17.45000088
20.51837158,2.41056872,19.64999984,2.23655457,17.50000157
20.52850342,2.42434954,19.64999953,2.24303457,17.50000193
20.55473328,2.43376907,19.59999855,2.24949686,17.50000142
20.56478882,2.44743346,19.59999810,2.25594243,17.50000223
20.57484818,2.46112401,19.59999785,2.26237048,17.50000249
20.58491516,2.47484129,19.59999717,2.26878549,17.50000165
20.59498596,2.48858552,19.59999909,2.27518497,17.50000110
20.60506439,2.50235616,19.59999944,2.28156880,17.50000172
20.61514664,2.51615439,19.59999748,2.28793767,17.50000346
20.62523651,2.52997925,19.59999900,2.29429326,17.50000210
20.63533211,2.54383020,19.59999906,2.30063340,17.50000106
20.64543533,2.55771164,19.59999832,2.30695814,17.50000156
20.65554810,2.57162155,19.59999761,2.31327078,17.50000196
20.67868805,2.58000004,19.55610527,2.31957283,17.50000331
20.68880844,2.59301082,19.54999905,2.32585836,17.50000172
20.69885254,2.60682710,19.55000002,2.33213133,17.50000217
20.70890427,2.62066914,19.54999832,2.33839347,17.50000283
20.71896553,2.63454109,19.54999789,2.34464336,17.50000121
20.72903442,2.64844293,19.54999802,2.35088154,17.50000165
20.73911285,2.66237182,19.54999974,2.35710842,17.50000326
20.74920273,2.67633368,19.54999877,2.36332522,17.50000246
20.77495575,2.68250210,19.50000022,2.36952902,17.50000173
20.78497124,2.69633474,19.50000094,2.37572468,17.50000335
20.79499435,2.71019842,19.49999862,2.38190802,17.50000304
20.80502892,2.72409298,19.50000080,2.38808384,17.50000259
20.81507492,2.73801951,19.49999924,2.39424835,17.50000279
20.82513237,2.75197710,19.49999951,2.40040441,17.50000114
20.83519745,2.76596480,19.50000041,2.40655017,17.50000238
20.84527969,2.77998776,19.49999964,2.41268926,17.50000229
20.87085724,2.78466287,19.44999978,2.41882115,17.50000250
20.88086319,2.79855441,19.44999959,2.42494484,17.50000151
20.89088440,2.81247913,19.44999866,2.43106252,17.50000254
20.90091896,2.82643774,19.44999749,2.43717323,17.50000180
20.91096878,2.84043052,19.44999967,2.44327838,17.50000305
20.92103004,2.85445786,19.44999815,2.44937472,17.50000287
20.93110466,2.86851625,19.44999861,2.45546581,17.50000331
20.94119644,2.88261562,19.44999747,2.46154912,17.50000142
20.95130539,2.89674988,19.44999784,2.46763057,17.50000315
20.96142960,2.91092197,19.44999835,2.47370713,17.50000134
20.97157097,2.92513220,19.44999905,2.47977987,17.50000125
20.99246216,2.92999964,19.40967214,2.48584832,17.50000274
21.00263023,2.94182554,19.40000045,2.49191473,17.50000329
21.01271820,2.95593952,19.39999945,2.49797600,17.50000101
21.02282333,2.97009160,19.40000036,2.50403455,17.50000258
21.03294563,2.98428010,19.39999843,2.51008927,17.50000131
21.04308891,2.99851062,19.39999997,2.51614477,17.50000127
21.05325127,3.01278251,19.39999980,2.52219909,17.50000332
21.06343460,3.02709410,19.39999833,2.52825251,17.50000264
21.07363701,3.04144922,19.40000033,2.53430464,17.50000300
21.08386230,3.05584552,19.39999951,2.54035685,17.50000245
21.09410667,3.07028339,19.39999946,2.54640878,17.50000300
21.10570717,3.07999958,19.38298461,2.55246054,17.50000094
21.12310982,3.08505862,19.34999929,2.55851236,17.50000140
21.13331032,3.09940674,19.34999781,2.56456724,17.50000155
21.14353752,3.11380104,19.34999923,2.57062525,17.50000334
21.15378380,3.12823830,19.34999946,2.57668361,17.50000289
21.16405678,3.14272118,19.34999861,2.58274323,17.50000116
21.17435455,3.15725204,19.34999903,2.58880816,17.50000294
21.18467712,3.17183029,19.34999763,2.59487566,17.50000124
21.19502640,3.18645621,19.34999839,2.60094867,17.50000212
21.20539856,3.20112612,19.34999855,2.60702417,17.50000292
21.21580124,3.21584967,19.34999879,2.61310476,17.50000221
21.22596359,3.22999942,19.34810841,2.61919370,17.50000145
21.24827194,3.22999990,19.30391008,2.62528731,17.50000324
21.25818062,3.24332815,19.29999968,2.63138624,17.50000218
21.26857948,3.25801799,19.29999853,2.63749340,17.50000273
21.27900696,3.27276283,19.29999824,2.64360592,17.50000123
21.28946686,3.28755980,19.29999859,2.64972819,17.50000307
21.29995537,3.30240805,19.29999838,2.65585691,17.50000317
21.31047630,3.31731102,19.29999980,2.66199368,17.50000228
21.32102966,3.33227114,19.29999999,2.66814287,17.50000231
21.33161926,3.34728977,19.30000010,2.67430176,17.50000116
21.34223938,3.36236168,19.29999959,2.68047001,17.50000214
21.35289383,3.37749352,19.29999996,2.68664907,17.50000125
21.36977577,3.37999926,19.26737394,2.69283930,17.50000213
21.38107491,3.38824393,19.24999897,2.69904079,17.50000096
21.39171028,3.40330154,19.24999914,2.70525539,17.50000271
21.40238190,3.41841709,19.24999881,2.71148350,17.50000265
21.41309357,3.43359796,19.25000067,2.71772528,17.50000158
21.42384338,3.44884141,19.25000008,2.72398169,17.50000144
21.43451118,3.46414742,19.25000027,2.73000039,17.49939983
21.44517708,3.47951794,19.25000068,2.73000069,17.48460497
21.46981430,3.47999946,19.21520686,2.73000061,17.47012977
21.48513031,3.48870217,19.19999884,2.73000076,17.45596644
21.49498177,3.50400755,19.19999936,2.73347428,17.45000033
21.50570869,3.51937312,19.19999952,2.73956087,17.45000108
21.51647949,3.53481184,19.19999884,2.74566379,17.45000094
21.52729225,3.55031776,19.19999891,2.75178357,17.45000168
21.53814888,3.56589414,19.19999837,2.75791980,17.45000121
21.54904938,3.58154229,19.19999936,2.76407595,17.45000108
21.55999565,3.59725931,19.19999851,2.77025054,17.45000052
21.57098961,3.61305241,19.19999873,2.77644491,17.45000031
21.58202934,3.62891884,19.19999938,2.78265955,17.45000129
21.59765625,3.62999893,19.16961308,2.78889273,17.45000161
21.60925865,3.63614232,19.15000005,2.79514947,17.45000149
21.62030602,3.65195656,19.15000053,2.80142743,17.45000154
21.63140106,3.66784988,19.15000037,2.80772540,17.44999981
21.64254761,3.68382042,19.14999933,2.81404834,17.45000153
21.65374565,3.69986939,19.14999936,2.82039649,17.45000107
21.66499901,3.71600138,19.15000021,2.82676858,17.45000150
21.67630196,3.73221483,19.15000015,2.83316214,17.44999982
21.68766212,3.74851105,19.15000014,2.83958634,17.45000097
21.69907379,3.76488837,19.15000021,2.84603385,17.45000070
21.70993996,3.77999924,19.14751811,2.85251130,17.45000127
21.72526169,3.77999940,19.11757393,2.85901703,17.45000148
21.73624229,3.78663700,19.09999760,2.86554860,17.45000152
21.74773979,3.80306845,19.09999923,2.87211036,17.45000172
21.75929451,3.81958968,19.09999838,2.87870062,17.45000074
21.76937103,3.83620082,19.09999929,2.88000022,17.44076327
21.77946091,3.85290288,19.09999750,2.88000058,17.42943684
21.78953934,3.86969830,19.09999871,2.88000094,17.41829613
21.79961014,3.88658841,19.09999865,2.88000112,17.40732240
21.80982399,3.90357451,19.09999786,2.88208820,17.40000083
21.82160378,3.92065936,19.09999758,2.88856021,17.40000196
21.83178520,3.92999987,19.08721198,2.89506776,17.40000226
21.84604645,3.92999930,19.05945017,2.90161132,17.40000191
21.85611725,3.94121302,19.04999863,2.90818416,17.40000193
21.86800766,3.95838311,19.04999926,2.91479575,17.40000072
21.87996864,3.97565537,19.04999860,2.92144488,17.40000096
21.89199829,3.99303336,19.04999859,2.92812787,17.40000104
21.90410042,4.01051645,19.04999859,2.93484862,17.40000110
21.91627693,4.02810941,19.04999983,2.94160994,17.40000076
21.92852974,4.04581181,19.04999966,2.94841013,17.40000177
21.94085503,4.06362470,19.04999985,2.95525022,17.40000086
21.95253944,4.07999903,19.04771524,2.96213033,17.40000160
21.96613884,4.07999962,19.02141070,2.96905189,17.40000138
21.97797775,4.08314584,19.00000037,2.97601662,17.40000122
21.98914719,4.10107641,18.99999910,2.98000121,17.39567391
21.99945259,4.11912680,19.00000018,2.98000035,17.38572026
22.00978088,4.13729809,18.99999997,2.98000107,17.37589770
22.02013206,4.15558960,19.00000094,2.98000125,17.36620529
22.03050995,4.17400460,19.00000015,2.98000091,17.35663201
22.04133415,4.19254684,19.00000081,2.98206826,17.35000084
22.05413246,4.21121162,18.99999960,2.98900220,17.35000002
22.06702042,4.23000681,19.00000067,2.99598135,17.35000012
22.07999420,4.24892970,19.00000079,3.00300602,17.34999992
22.09306335,4.26798815,18.99999909,3.01008589,17.35000015
22.10371017,4.27999962,18.99066543,3.01721467,17.35000083
22.11661530,4.27999902,18.96587547,3.02439267,17.35000055
22.12751389,4.28676390,18.94999821,3.03000080,17.34793004
22.13817215,4.30600158,18.94999932,3.03000103,17.33875395
22.14887047,4.32538148,18.94999949,3.03000092,17.32967984
22.15961266,4.34490326,18.94999868,3.03000071,17.32070903
22.17040253,4.36457224,18.94999886,3.03000145,17.31183894
22.18123436,4.38438450,18.94999797,3.03000094,17.30307098
22.19364166,4.40435468,18.94999927,3.03465423,17.30000079
22.20731735,4.42447272,18.94999797,3.04188675,17.30000084
22.22109795,4.44474426,18.94999900,3.04917939,17.30000119
22.23499107,4.46517765,18.94999939,3.05653003,17.30000139
22.24659920,4.47999979,18.94330574,3.06393875,17.30000090
22.25907135,4.47999996,18.91950604,3.07140931,17.30000129
22.27028847,4.48354506,18.89999935,3.07894141,17.30000074
22.28176117,4.50421732,18.89999981,3.08000033,17.29262764
22.29301643,4.52505888,18.89999878,3.08000087,17.28413141
22.30433464,4.54607411,18.89999987,3.08000090,17.27571676
22.31571770,4.56726304,18.89999985,3.08000164,17.26738762
22.32659531,4.58000015,18.89061020,3.08000025,17.25913866
22.34224510,4.57999947,18.86747941,3.08000120,17.25097210
22.35318184,4.58507764,18.84999942,3.08667071,17.25000212
22.36773872,4.60655361,18.84999888,3.09430842,17.25000149
22.38241768,4.62820617,18.84999877,3.10201486,17.25000227
22.39723015,4.65005248,18.84999848,3.10979233,17.25000214
22.41217041,4.67208554,18.84999914,3.11764210,17.25000144
22.42724800,4.69430927,18.84999856,3.12557193,17.25000195
22.44079208,4.71672718,18.84999888,3.13000118,17.24638871
22.45279503,4.73934074,18.84999832,3.13000043,17.23832655
22.46488380,4.76215615,18.84999925,3.13000082,17.23033334
22.47705460,4.78517241,18.84999923,3.13000053,17.22240205
22.48931122,4.80838988,18.84999872,3.13000040,17.21453822
22.50165558,4.83181089,18.84999946,3.13000167,17.20673573
22.51408958,4.85544166,18.84999802,3.13000037,17.19898580
22.55648994,4.92999973,18.89808867,3.13000092,17.19129616
22.57182693,4.92999829,18.87505142,3.13000019,17.18365849
22.58702850,4.92999878,18.85222909,3.13000149,17.17607767
22.60210228,4.92999890,18.82961245,3.13000089,17.16854834
22.61705017,4.92999945,18.80719860,3.13000047,17.16106482
22.62810326,4.94656924,18.79999989,3.13000122,17.15363561
22.64262962,4.97122516,18.79999900,3.13417109,17.15000187
22.65377045,4.97999937,18.78565694,3.14244876,17.15000159
22.66555405,4.97999876,18.76362983,3.15082646,17.15000092
22.67679024,4.98938582,18.75000025,3.15930980,17.15000206
22.69361687,5.01445151,18.75000067,3.16789568,17.15000136
22.70643997,5.02999877,18.74162969,3.17658901,17.15000209
22.71966743,5.02999836,18.71997412,3.18000105,17.14542056
22.73342323,5.03177234,18.69999832,3.18000072,17.13794325
22.74669075,5.05724407,18.69999892,3.18000126,17.13051222
22.75908852,5.07999901,18.69754536,3.18000038,17.12311273
22.77341652,5.07999929,18.67624964,3.18000074,17.11575068
22.78764153,5.08000003,18.65512891,3.18000129,17.10842214
22.79924393,5.09960173,18.64999964,3.18000020,17.10112906
22.81281471,5.12574982,18.65000020,3.18000143,17.09386857
22.82649803,5.15214746,18.64999963,3.18000080,17.08663587
22.84029961,5.17879434,18.64999944,3.18000077,17.07943493
22.85390854,5.17999900,18.62998177,3.18000015,17.07226246
22.86787224,5.17999866,18.60919510,3.18000023,17.06512082
22.87893295,5.19493644,18.59999802,3.18000023,17.05800312
22.89294434,5.22204743,18.59999930,3.18000136,17.05091250
22.90708160,5.24941984,18.59999836,3.18000183,17.04384090
22.92133904,5.27705259,18.59999878,3.18000051,17.03679331
22.93415642,5.27999820,18.58155868,3.18000191,17.02976771
22.94789886,5.27999818,18.56108068,3.18000135,17.02276182
22.95894432,5.29271603,18.54999935,3.18000065,17.01577748
22.97342873,5.32083192,18.54999981,3.18000195,17.00881107
22.98473549,5.32999853,18.53627780,3.18000181,17.00186017
22.99631691,5.32999836,18.51611432,3.18717728,17.00000182
23.00749016,5.33555714,18.49999978,3.19710461,17.00000117
23.02683640,5.36416777,18.49999987,3.20718613,17.00000214
23.04640007,5.39305913,18.50000071,3.21742066,17.00000164
23.06618118,5.42223260,18.50000022,3.22781016,17.00000169
23.07751656,5.42999964,18.48529884,3.23000209,16.99433740
23.09102249,5.42999914,18.46543913,3.23000037,16.98718481
23.10275841,5.43641480,18.44999923,3.23000047,16.98004716
23.11802292,5.46610031,18.44999858,3.23000026,16.97292069
23.12925720,5.47999895,18.43946586,3.23000197,16.96580278
23.14259529,5.47999821,18.41989646,3.23000105,16.95869381
23.15585899,5.47999941,18.40047097,3.23000053,16.95159394
23.17107201,5.50946959,18.39999978,3.23000073,16.94449827
23.18332863,5.52999860,18.39368956,3.23000036,16.93740945
23.19650841,5.52999992,18.37441049,3.23000209,16.93032906
23.20962143,5.52999887,18.35526773,3.23000110,16.92324704
23.22234535,5.55225175,18.34999922,3.23000185,16.91617291
23.23694038,5.57999995,18.34800192,3.23000211,16.90909924
23.24997902,5.57999930,18.32900219,3.23000171,16.90202445
23.26294708,5.57999830,18.31013873,3.23000168,16.89494975
23.27585220,5.58000002,18.29140701,3.23000222,16.88787340
23.28869057,5.57999971,18.27280564,3.23000192,16.88079628
23.30146980,5.57999821,18.25433098,3.23000044,16.87371405
23.31477928,5.60404563,18.25000022,3.23000108,16.86662936
23.32876396,5.62999876,18.24666498,3.23000021,16.85953708
23.34147644,5.62999775,18.22833312,3.23000191,16.85244166
23.37817764,5.62999869,18.21013032,3.18000138,16.81690522
23.39065933,5.62999885,18.19205073,3.18000151,16.81002168
23.40308571,5.62999873,18.17409404,3.18000077,16.80312622
23.41545486,5.62999979,18.15626104,3.18000150,16.79622120
23.42777252,5.62999895,18.13854795,3.18000061,16.78930042
23.44003677,5.62999831,18.12095570,3.18000197,16.78236492
23.45224762,5.62999873,18.10348376,3.18000064,16.77541242
23.46441269,5.62999884,18.08612580,3.18000202,16.76844208
23.47652435,5.62999908,18.06888615,3.18000098,16.76145679
23.48859024,5.62999842,18.05176203,3.18000031,16.75444961
23.50060654,5.62999791,18.03475259,3.18000217,16.74742522
23.53596687,5.57999956,17.99178638,3.18000197,16.74037889
23.54779243,5.57999814,17.97520203,3.18000171,16.73330962
23.55957603,5.57999868,17.95872813,3.18000031,16.72621720
23.57131577,5.57999873,17.94236467,3.18000134,16.71910337
23.58301353,5.57999986,17.92610819,3.18000104,16.71196308
23.59467316,5.58000006,17.90995743,3.18000076,16.70479604
23.60629082,5.57999825,17.89391329,3.18000150,16.69760253
23.61787224,5.57999928,17.87797449,3.18000215,16.69038038
23.62941360,5.57999918,17.86214241,3.18000207,16.68312749
23.64092064,5.58000006,17.84641322,3.18000136,16.67584202
23.65239334,5.57999927,17.83078790,3.18000183,16.66852527
23.68667412,5.52999788,17.79122370,3.18000103,16.66117733
23.69799042,5.52999934,17.77597620,3.18000018,16.65379373
23.73205566,5.52999993,17.76082447,3.13000164,16.62266254
23.74322701,5.52999943,17.74577433,3.13000001,16.61536828
23.75437355,5.52999818,17.73082012,3.13000210,16.60803069
23.76548958,5.52999938,17.71596836,3.13000162,16.60065265
23.77657890,5.52999861,17.70121192,3.13000078,16.59322730
23.78763962,5.52999966,17.68655660,3.13000211,16.58576068
23.79867363,5.52999988,17.67200243,3.13000155,16.57824815
23.83219719,5.47999965,17.63489930,3.13000060,16.57068304
23.84311485,5.47999880,17.62067742,3.12999997,16.56307041
23.85400963,5.47999948,17.60655240,3.13000008,16.55540598
23.86488533,5.47999836,17.59251849,3.13000188,16.54768915
23.87574005,5.47999813,17.57857936,3.13000000,16.53991654
23.88657570,5.47999885,17.56473694,3.13000157,16.53208955
23.89739227,5.47999908,17.55098981,3.13000047,16.52420400
23.90819168,5.47999791,17.53733496,3.13000152,16.51625856
23.91897392,5.47999983,17.52377874,3.13000100,16.50825296
23.97847748,5.42999888,17.48882240,3.08000066,16.47869223
23.98911667,5.42999986,17.47556570,3.08000020,16.47066787
23.99974632,5.42999852,17.46239965,3.08000075,16.46257554
24.01036835,5.42999913,17.44932454,3.08000029,16.45440842
24.02097893,5.42999936,17.43634226,3.08000192,16.44616673
24.03158379,5.42999886,17.42345150,3.08000136,16.43784957
24.04218102,5.42999873,17.41065576,3.08000177,16.42944815
24.05277061,5.42999956,17.39795887,3.08000012,16.42096589
24.06335831,5.42999836,17.38535289,3.08000114,16.41239996
24.07394028,5.42999924,17.37284130,3.08000147,16.40374505
24.10649490,5.37999760,17.33988474,3.08000048,16.39500381
24.11703491,5.37999928,17.32763742,3.08000066,16.38617045
24.12757492,5.37999793,17.31548268,3.08000116,16.37724464
24.13811874,5.37999865,17.30341903,3.08000070,16.36821944
24.14866257,5.37999917,17.29145170,3.08000222,16.35909939
24.18109131,5.37999846,17.27958567,3.03000043,16.32965914
24.19161987,5.37999946,17.26781279,3.03000040,16.32037407
24.20215607,5.37999837,17.25613635,3.03000116,16.31098034
24.21269989,5.37999821,17.24455740,3.03000120,16.30146979
24.22325706,5.37999931,17.23307304,3.03000073,16.29184028
24.23382568,5.37999834,17.22168753,3.03000216,16.28209088
24.26619530,5.32999946,17.19044598,3.03000135,16.27220568
24.27677917,5.32999843,17.17929417,3.03000191,16.26218971
24.28738403,5.32999921,17.16823712,3.03000201,16.25203791
24.29800224,5.32999933,17.15728135,3.03000151,16.24175646
24.30864525,5.32999888,17.14641933,3.03000014,16.23133271
24.31931114,5.32999847,17.13566453,3.03000216,16.22075684
24.32999992,5.32999932,17.12501329,3.03000220,16.21002845
24.36243629,5.32999920,17.11446040,2.98000027,16.17925301
24.37318039,5.33000002,17.10401253,2.98000108,16.16821099
24.38395691,5.33000019,17.09366970,2.98000040,16.15699959
24.39476967,5.32999919,17.08343674,2.98000127,16.14560817
24.40561295,5.32999999,17.07331028,2.98000192,16.13404752
24.41649246,5.32999970,17.06328727,2.98000094,16.12231088
24.42740822,5.32999903,17.05337387,2.98000160,16.11039280
24.46006775,5.32999796,17.04357845,2.93000159,16.07816243
24.47109222,5.32999957,17.03388894,2.93000216,16.06580264
24.48215866,5.32999804,17.02430706,2.93000220,16.05325157
24.49327469,5.32999823,17.01484070,2.93000199,16.04048435
24.50444031,5.32999845,17.00549027,2.93000149,16.02750679
24.51564789,5.32999874,16.99624797,2.93000217,16.01433044
24.54864311,5.32999898,16.98710943,2.88000079,15.98040669
24.56000710,5.32999894,16.97808583,2.88000083,15.96670350
24.57142258,5.32999858,16.96916630,2.88000013,15.95279147
24.58288956,5.32999993,16.96034865,2.88000136,15.93867241
24.59441757,5.33000009,16.95163285,2.88000032,15.92433347
24.60598946,5.34653557,16.94999971,2.88000044,15.90977239
24.61840820,5.36650460,16.94999955,2.88000174,15.89500529
24.62947273,5.37999877,16.94743844,2.88000017,15.88002807
24.64116096,5.37999782,16.93926163,2.88000068,15.86482883
24.65290642,5.37999932,16.93118305,2.88000174,15.84941485
24.66471100,5.37999773,16.92319768,2.88000003,15.83379214
24.67657089,5.37999792,16.91530851,2.88000077,15.81796306
24.68849182,5.37999791,16.90751993,2.88000132,15.80190756
24.70047188,5.37999881,16.89982312,2.88000133,15.78564480
24.71251297,5.37999962,16.89221370,2.88000143,15.76917245
24.72461510,5.37999939,16.88469309,2.88000091,15.75249025
24.73677826,5.37999864,16.87726889,2.88000133,15.73558653
24.74900627,5.37999808,16.86992644,2.88000000,15.71847127
24.76129913,5.37999805,16.86266851,2.88000104,15.70114557
24.77365685,5.37999777,16.85549251,2.88000049,15.68360712
24.78608131,5.37999890,16.84840807,2.88000081,15.66584211
24.79857445,5.37999796,16.84140336,2.88000028,15.64785890
24.81113625,5.37999833,16.83447620,2.88000173,15.62966226
24.82377052,5.37999798,16.82762536,2.88000014,15.61124606
24.85911369,5.37999899,16.82085559,2.83000038,15.56804737
24.89468575,5.37999902,16.81416448,2.78000125,15.52412905
24.90778542,5.37999917,16.80755067,2.78000178,15.50454255
24.94374084,5.37999936,16.80101000,2.73000063,15.45940092
24.96058083,5.39066740,16.79999985,2.75136196,15.45000055
24.98122406,5.40292726,16.79999988,2.78000103,15.44433882
24.99309158,5.41478123,16.79999968,2.78000223,15.42377814
25.00497246,5.42624153,16.79999930,2.78000188,15.40296255
25.02412415,5.42999888,16.79609757,2.81392935,15.40000111
25.04391861,5.42999970,16.79029098,2.85308928,15.40000119
25.06351852,5.42999959,16.78455907,2.89186797,15.40000088
25.08291626,5.42999823,16.77890459,2.93024955,15.40000089
25.10211182,5.42999937,16.77332544,2.96823004,15.40000095
25.11374092,5.42999981,16.76782846,2.98000150,15.38543845
25.12714577,5.42999822,16.76240400,2.98000142,15.36405383
25.13886261,5.42999847,16.75705576,2.99314571,15.35000088
25.15771675,5.42999822,16.75178616,3.03048391,15.35000008
25.17907715,5.43577012,16.75000057,3.06739493,15.35000008
25.20156860,5.44426445,16.75000065,3.10388420,15.35000107
25.21897125,5.45242981,16.75000092,3.13000163,15.34398169
25.23060799,5.46027370,16.75000050,3.13000198,15.32207249
25.24229622,5.46779713,16.75000067,3.13018190,15.30000062
25.26378441,5.47501044,16.75000075,3.16594418,15.29999995
25.28395081,5.47999825,16.74878187,3.20127319,15.30000028
25.30152893,5.47999848,16.74451340,3.23616554,15.30000006
25.31888390,5.47999942,16.74032724,3.27062167,15.30000058
25.33009911,5.47999958,16.73622370,3.28000190,15.28372669
25.34344864,5.48000018,16.73219889,3.28000118,15.26105266
25.35500526,5.47999900,16.72825563,3.29758820,15.25000106
25.37195396,5.47999977,16.72439398,3.33126738,15.25000123
25.38868141,5.47999831,16.72061195,3.36450769,15.25000158
25.40519333,5.47999974,16.71691333,3.39732092,15.25000069
25.42148399,5.47999855,16.71329039,3.42970302,15.25000151
25.43470573,5.47999834,16.70974680,3.43000146,15.22710465
25.44814301,5.47999851,16.70628253,3.43000154,15.20369404
25.46208954,5.47999856,16.70289260,3.45698035,15.20000091
25.47822762,5.48055380,16.69999950,3.48857218,15.20000122
25.49592972,5.48478782,16.69999963,3.51974300,15.20000093
25.51331520,5.48880740,16.69999837,3.55049534,15.20000068
25.53039551,5.49262485,16.69999935,3.58083787,15.20000129
25.54717064,5.49624046,16.69999869,3.61077302,15.20000065
25.55923462,5.49966028,16.69999882,3.63000070,15.19168622
25.57131958,5.50289559,16.69999915,3.63000082,15.16773339
25.58174706,5.50594931,16.69999834,3.63792725,15.15000124
25.59778976,5.50883009,16.69999899,3.66713086,15.15000029
25.61355209,5.51154045,16.69999887,3.69594646,15.15000127
25.62904358,5.51408923,16.69999908,3.72438002,15.15000096
25.63968277,5.51647986,16.69999907,3.73000085,15.13029116
25.65221405,5.51871993,16.69999906,3.73000195,15.10532637
25.66462708,5.52081567,16.69999882,3.75215480,15.10000075
25.67948723,5.52277415,16.69999893,3.77991475,15.09999995
25.69409943,5.52459524,16.69999922,3.80731845,15.10000010
25.70646095,5.52628992,16.69999859,3.83000114,15.09587207
25.71932983,5.52786016,16.69999845,3.83000119,15.07018272
25.73010635,5.52931092,16.69999830,3.83611202,15.05000073
25.74417114,5.53065202,16.69999823,3.86289917,15.05000062
25.75801468,5.53188956,16.69999831,3.88935122,15.04999981
25.77164268,5.53302416,16.69999881,3.91546954,15.05000072
25.78137016,5.53406000,16.69999809,3.93000030,15.03832979
25.79486656,5.53500531,16.69999923,3.93000081,15.01135203
25.80466080,5.53586080,16.69999866,3.94511143,15.00000182
25.81784058,5.53663479,16.69999882,3.97069468,15.00000164
25.83082962,5.53733479,16.69999866,3.99597216,15.00000055
25.84362984,5.53796015,16.69999967,4.02094707,15.00000166
25.85624695,5.53851768,16.69999856,4.04562459,15.00000196
25.86868477,5.53900686,16.69999895,4.07000991,15.00000169
25.87848663,5.53943812,16.69999805,4.08000080,14.98339842
25.89286423,5.53981061,16.69999954,4.08000057,14.95464326
25.90345764,5.54012789,16.69999815,4.10035443,14.95000171
25.91556931,5.54039518,16.69999842,4.12431098,14.95000095
25.92752838,5.54062155,16.69999833,4.14800393,14.95000145
25.93933296,5.54080444,16.69999949,4.17142984,14.95000051
25.95098495,5.54094343,16.69999863,4.19459472,14.95000063
25.96249390,5.54104859,16.69999908,4.21750774,14.95000110
25.97177887,5.54111827,16.69999823,4.23000120,14.93632713
25.98723412,5.54115329,16.69999956,4.23000059,14.90541421
25.99704170,5.54115660,16.69999838,4.24885032,14.90000173
26.00831223,5.54113351,16.69999796,4.27141439,14.90000016
26.01944733,5.54108220,16.69999852,4.29373542,14.90000111
26.03045273,5.54100823,16.69999806,4.31582144,14.90000158
26.03953934,5.54091172,16.69999822,4.33000087,14.88851944
26.05611610,5.54079571,16.69999853,4.33000083,14.85536344
26.06567383,5.54066237,16.69999899,4.34848070,14.85000004
26.07648659,5.54051108,16.69999801,4.37025792,14.85000016
26.08718109,5.54034708,16.69999880,4.39181244,14.85000115
26.09776497,5.54017084,16.69999874,4.41315461,14.85000021
26.10824013,5.53998869,16.69999923,4.43428776,14.85000132
26.11860847,5.53979939,16.69999778,4.45521287,14.85000108
26.12887001,5.53960478,16.69999795,4.47593233,14.85000067
26.14359093,5.53940982,16.69999923,4.48000108,14.82081540
26.15492058,5.53921521,16.69999820,4.48915261,14.80000126
26.16517067,5.53902279,16.69999794,4.50984460,14.80000083
26.17532539,5.53883462,16.69999847,4.53034106,14.80000175
26.18539238,5.53865494,16.69999880,4.55065612,14.80000105
26.19537544,5.53848717,16.69999938,4.57079058,14.80000060
26.20706558,5.53832981,16.69999811,4.58000036,14.77844537
26.22159767,5.53818737,16.69999944,4.58612204,14.75000140
26.23160362,5.53806209,16.69999892,4.60625954,14.75000075
26.24153519,5.53795346,16.69999836,4.62623016,14.75000092
26.25139618,5.53786733,16.69999806,4.64603883,14.75000224
26.26118851,5.53780525,16.69999916,4.66568298,14.75000239
26.27046013,5.53776871,16.69999869,4.68000073,14.73817381
26.28960991,5.53776044,16.69999841,4.68314327,14.70000114
26.29946327,5.53778282,16.69999926,4.70282855,14.70000249
26.30925941,5.53783654,16.69999941,4.72236364,14.70000143
26.31900024,5.53792478,16.69999965,4.74175717,14.70000134
26.32868767,5.53804791,16.69999822,4.76100890,14.70000072
26.33832550,5.53820759,16.69999907,4.78012465,14.70000161
26.34791565,5.53840821,16.69999821,4.79910600,14.70000113
26.35746002,5.53864941,16.69999909,4.81795557,14.70000090
26.36696815,5.53893165,16.69999810,4.83668597,14.70000117
26.37643623,5.53926117,16.69999825,4.85529456,14.70000220
26.38586807,5.53963485,16.69999807,4.87378287,14.70000110
26.40492058,5.54005773,16.69999832,4.88000032,14.66247720
26.43443298,5.54052725,16.69999821,4.88000059,14.60345571
26.44382477,5.54104710,16.69999870,4.89794623,14.60000137
26.45357132,5.54162140,16.69999975,4.91686589,14.60000096
26.46556091,5.54224428,16.69999930,4.93000026,14.58036312
26.48171425,5.54292430,16.69999907,4.94036076,14.55000155
26.49159241,5.54365812,16.69999747,4.95938211,14.55000032
26.50144577,5.54445021,16.69999888,4.97829937,14.54999985
26.52668381,5.54529879,16.69999941,4.98436446,14.50000101
26.53670311,5.54620670,16.69999977,5.00349378,14.50000176
26.54669952,5.54717414,16.69999947,5.02251957,14.50000229
26.57190132,5.54820010,16.69999869,5.03000043,14.45032053
26.58202553,5.54928821,16.69999959,5.04915743,14.45000213
26.59216881,5.55043965,16.69999803,5.06829202,14.45000086
26.60229492,5.55165273,16.69999960,5.08733267,14.45000254
26.61240768,5.55293098,16.69999795,5.10628021,14.45000091
26.62250900,5.55427297,16.69999901,5.12513878,14.45000042
26.64810944,5.55567996,16.69999771,5.13475512,14.40000166
26.65837860,5.55715469,16.69999868,5.15381947,14.40000070
26.66863632,5.55869501,16.69999961,5.17279419,14.40000027
26.67888451,5.56030292,16.69999866,5.19168510,14.40000225
26.68912315,5.56197774,16.69999779,5.21048548,14.40000152
26.69935608,5.56372128,16.69999833,5.22920773,14.40000020
26.70958328,5.56553612,16.69999836,5.24784856,14.40000147
26.71980667,5.56741897,16.69999765,5.26641181,14.40000149
26.74106789,5.56937317,16.69999878,5.28000008,14.36041921
26.75212288,5.57139664,16.69999837,5.29747640,14.35000065
26.76251411,5.57349110,16.69999748,5.31616398,14.35000120
26.77290154,5.57565844,16.69999936,5.33477021,14.35000129
26.78328514,5.57789901,16.69999894,5.35329852,14.35000204
26.79363251,5.58000009,16.69760237,5.37175410,14.35000178
26.83394241,5.58000004,16.66826217,5.38604131,14.30000004
26.84746552,5.58130309,16.64999909,5.40468886,14.30000043
26.85818672,5.58417158,16.64999808,5.42326225,14.30000010
26.86890602,5.58711370,16.64999944,5.44175990,14.30000053
26.87962532,5.59012712,16.64999905,5.46018400,14.30000007
26.90733147,5.59321303,16.64999945,5.48097773,14.35000191
26.91788673,5.59637403,16.64999916,5.49892895,14.35000203
26.92844963,5.59961155,16.65000038,5.51681488,14.35000102
27.00453186,5.60292289,16.64999952,5.53908525,14.50000227
27.01463127,5.60631027,16.64999940,5.55589752,14.50000196
27.02474213,5.60977475,16.65000037,5.57265234,14.50000097
27.05181694,5.61331497,16.64999847,5.58990556,14.55000196
27.06179237,5.61693621,16.64999841,5.60623593,14.55000128
27.07177925,5.62063872,16.64999978,5.62250817,14.55000053
27.08177948,5.62441974,16.64999983,5.63872582,14.54999982
27.09178925,5.62828038,16.64999982,5.65488341,14.55000217
27.11890030,5.63314668,16.59999797,5.67098915,14.55000056
27.14567184,5.63746268,16.59999782,5.68582231,14.60000142
27.15571976,5.64186051,16.59999742,5.70152226,14.60000077
27.16578102,5.64633949,16.59999779,5.71716700,14.60000158
27.17585564,5.65089926,16.59999765,5.73275613,14.60000211
27.18594360,5.65554627,16.59999870,5.74828522,14.60000173
27.19604492,5.66028282,16.59999918,5.76375104,14.60000054
27.20615768,5.66510543,16.59999752,5.77915413,14.60000195
27.23258781,5.67001501,16.59999806,5.79138840,14.65000222
27.24259949,5.67501547,16.59999737,5.80641292,14.65000036
27.25262642,5.68011148,16.59999793,5.82137028,14.65000027
27.26266861,5.68529742,16.59999879,5.83626786,14.65000175
27.27272606,5.69057607,16.59999853,5.85110338,14.65000055
27.28279686,5.69595323,16.59999840,5.86586857,14.65000205
27.29288101,5.70142877,16.59999749,5.88056168,14.65000247
27.30297852,5.70699709,16.59999938,5.89518844,14.65000174
27.31309319,5.71266067,16.59999897,5.90975331,14.65000237
27.32321930,5.71842856,16.59999713,5.92423988,14.65000060
27.34929085,5.72429064,16.59999866,5.93316199,14.70000219
27.37742424,5.73595630,16.54999835,5.94730108,14.70000260
27.38759232,5.74221790,16.54999953,5.96137378,14.70000063
27.39777184,5.74857510,16.55000002,5.97537649,14.70000047
27.40796280,5.75501832,16.54999988,5.98931697,14.70000223
27.41816902,5.76154890,16.54999960,6.00319609,14.70000199
27.42838478,5.76817286,16.54999923,6.01700299,14.70000070
27.43861389,5.77488558,16.54999867,6.03074870,14.70000099
27.44885254,5.78168027,16.54999899,6.04443164,14.70000044
27.45910263,5.78856031,16.54999862,6.05805442,14.70000064
27.46936417,5.79553099,16.54999846,6.07160591,14.70000103
27.48775291,5.80258344,16.54999907,6.07999991,14.73337594
27.49995041,5.80971599,16.54999976,6.09072269,14.75000059
27.51015854,5.81692854,16.54999855,6.10392604,14.75000294
27.52037811,5.82422693,16.54999821,6.11706441,14.75000102
27.53060722,5.83160184,16.54999946,6.13015028,14.75000284
27.54084969,5.83905248,16.54999788,6.14318160,14.75000223
27.55110168,5.84657864,16.54999789,6.15616239,14.75000100
27.56136322,5.85418440,16.54999966,6.16907899,14.75000214
27.57163620,5.86186372,16.54999826,6.18194345,14.75000058
27.58191681,5.86961325,16.54999975,6.19475594,14.75000171
27.59220695,5.87743218,16.54999918,6.20751705,14.75000230
27.60250473,5.88532011,16.54999952,6.22022489,14.75000169
27.61281013,5.89328089,16.54999832,6.23287686,14.75000264
27.62312508,5.90130675,16.54999811,6.24548038,14.75000220
27.63344765,5.90939702,16.54999927,6.25803493,14.75000224
27.64377785,5.91755060,16.54999951,6.27054152,14.75000263
27.65540695,5.92576614,16.54999796,6.27999966,14.76512476
27.67413330,5.93404551,16.54999939,6.28537201,14.79999980
27.68442917,5.94238718,16.54999878,6.29761992,14.80000084
27.69473267,5.95078745,16.54999985,6.30982540,14.80000099
27.70503807,5.95924135,16.55000007,6.32198570,14.80000032
27.71535492,5.96775415,16.55000015,6.33410687,14.80000134
27.72567940,5.97631991,16.54999843,6.34618725,14.80000042
27.73600769,5.98494006,16.55000006,6.35822631,14.80000180
27.74634361,5.99361573,16.54999938,6.37022268,14.80000092
27.75687218,6.00234423,16.54999978,6.37999947,14.81004166
27.77772141,6.01112442,16.54999794,6.38315292,14.84999993
27.78803062,6.01995166,16.54999925,6.39494420,14.85000000
27.79834366,6.02882537,16.54999929,6.40669491,14.85000203
27.80866432,6.03774726,16.54999807,6.41841456,14.85000216
27.81898880,6.04671509,16.54999941,6.43009825,14.85000067
27.82932091,6.05572905,16.54999969,6.44174766,14.85000157
27.83966064,6.06478786,16.54999873,6.45336564,14.85000019
27.85000038,6.07388934,16.55000020,6.46494718,14.85000175
27.86034775,6.08303365,16.54999952,6.47649565,14.85000215
27.87069893,6.09222103,16.54999804,6.48800904,14.85000177
27.88105011,6.10144700,16.54999831,6.49948695,14.85000129
27.89140701,6.11071310,16.54999981,6.51093626,14.85000121
27.90176964,6.12002082,16.54999926,6.52235268,14.85000171
27.91334152,6.12936501,16.54999846,6.52999963,14.86571490
27.94882965,6.13000004,16.58658885,6.53314026,14.90000129
27.95982170,6.13615573,16.59999871,6.54440671,14.90000183
27.97014236,6.14555580,16.59999790,6.55564498,14.90000161
27.98046494,6.15499214,16.59999784,6.56685315,14.90000034
27.99078941,6.16446459,16.59999818,6.57803322,14.90000065
28.00111771,6.17396996,16.59999872,6.58918368,14.90000027
28.01144981,6.18351125,16.59999728,6.60030670,14.90000121
28.02178574,6.19308741,16.59999900,6.61140190,14.90000150
28.03212547,6.20269790,16.59999839,6.62247087,14.90000088
28.04246712,6.21233885,16.59999808,6.63351186,14.90000228
28.05281067,6.22201426,16.59999814,6.64452461,14.90000213
28.06315613,6.23171944,16.59999724,6.65551167,14.90000077
28.07350349,6.24145403,16.59999747,6.66647024,14.90000212
28.08385086,6.25121802,16.59999835,6.67740173,14.90000082
28.10149956,6.26101279,16.59999943,6.67999981,14.93304778
28.11329651,6.27083749,16.59999783,6.68658773,14.95000042
28.12363434,6.28068927,16.59999756,6.69741065,14.95000086
28.13397217,6.29056901,16.59999859,6.70820791,14.95000214
28.14431190,6.30047439,16.59999851,6.71898122,14.95000046
28.15465164,6.31040798,16.59999731,6.72972862,14.95000180
28.16499329,6.32036649,16.59999910,6.74045319,14.95000200
28.17533302,6.33035035,16.59999907,6.75115031,14.95000234
28.18567657,6.34036061,16.59999728,6.76182533,14.95000131
28.19601822,6.35039542,16.59999815,6.77247447,14.95000045
28.20635986,6.36045408,16.59999860,6.78309736,14.95000182
28.21669960,6.37053578,16.59999904,6.79369648,14.95000109
28.22704124,6.38064226,16.59999787,6.80427141,14.95000167
28.23738098,6.39077013,16.59999861,6.81482282,14.95000042
28.24771881,6.40092065,16.59999895,6.82535028,14.95000189
28.26128769,6.41109330,16.59999909,6.82999984,14.97273390
28.27653122,6.42128565,16.59999753,6.83344840,15.00000053
28.28654480,6.43000008,16.60581719,6.84389522,15.00000153
28.30706215,6.43000019,16.64550826,6.85432006,15.00000068
28.31706429,6.43909273,16.64999923,6.86472177,15.00000101
28.32739067,6.44936587,16.64999955,6.87509981,15.00000063
28.33771515,6.45965877,16.64999936,6.88545602,15.00000159
28.34803772,6.46997316,16.64999915,6.89578755,15.00000082
28.35835838,6.48030686,16.64999987,6.90609557,15.00000253
28.36867523,6.49065905,16.64999941,6.91637734,15.00000155
28.37899208,6.50103263,16.64999835,6.92663773,15.00000155
28.38930893,6.51142500,16.64999883,6.93687658,15.00000267
28.39962196,6.52183654,16.64999820,6.94709091,15.00000169
28.40993309,6.53226564,16.64999980,6.95728325,15.00000286
28.42024040,6.54271340,16.64999875,6.96745155,15.00000283
28.43054581,6.55317748,16.64999929,6.97759673,15.00000205
28.44084549,6.56365919,16.65000033,6.98771749,15.00000099
28.45114136,6.57415804,16.64999950,6.99781094,15.00000190
28.46143723,6.58467464,16.64999848,7.00788493,15.00000078
28.47172737,6.59520737,16.64999959,7.01793339,15.00000122
28.48201561,6.60575633,16.64999823,7.02795825,15.00000169
28.49229813,6.61632082,16.64999904,7.03795950,15.00000221
28.50257683,6.62690036,16.65000023,7.04793626,15.00000059
28.51867104,6.63000035,16.67942390,7.05788932,15.00000277
28.53149605,6.63538931,16.69999812,7.06781979,15.00000177
28.54177284,6.64603727,16.69999975,7.07772366,15.00000077
28.55810356,6.65669955,16.69999918,7.07999972,15.02999172
28.57075500,6.66737946,16.69999749,7.08480671,15.05000033
28.58102798,6.67807295,16.69999948,7.09466131,15.05000191
28.59129715,6.68878097,16.69999903,7.10449249,15.05000185
28.60156441,6.69950588,16.69999805,7.11430127,15.05000197
28.61182594,6.71024391,16.69999830,7.12408554,15.05000186
28.62208176,6.72099586,16.69999953,7.13384716,15.05000168
28.63233376,6.73176359,16.69999757,7.14358174,15.05000069
28.64257812,6.74254271,16.69999865,7.15329317,15.04999986
28.65282059,6.75333709,16.69999932,7.16298039,15.05000202
28.66305542,6.76414439,16.69999850,7.17264285,15.05000157
28.67328453,6.77496603,16.69999936,7.18228244,15.05000191
28.68715858,6.78000021,16.72356416,7.19189825,15.05000132
28.70210838,6.78437766,16.74999893,7.20148687,15.05000187
28.71233940,6.79527617,16.74999943,7.21105022,15.05000204
28.72256470,6.80618919,16.74999957,7.22059040,15.05000127
28.73278236,6.81711241,16.74999945,7.23010117,15.05000170
28.74299622,6.82805129,16.74999875,7.23959092,15.05000131
28.75320435,6.83900170,16.75000083,7.24905520,15.05000094
28.76340485,6.84996469,16.74999898,7.25849323,15.05000105
28.77359772,6.86094128,16.74999911,7.26790469,15.04999990
28.78378487,6.87193087,16.74999871,7.27728905,15.04999995
28.79396629,6.88293158,16.74999862,7.28664869,15.05000093
28.80414009,6.89394485,16.74999908,7.29598425,15.05000008
28.81430626,6.90496856,16.74999898,7.30529153,15.05000137
28.82446289,6.91600310,16.75000028,7.31457193,15.05000181
28.83461380,6.92705176,16.74999881,7.32382542,15.05000167
28.85907173,6.93000007,16.78491091,7.32999991,15.06314698
28.88537407,6.93761968,16.79999873,7.33069367,15.10000181
28.89555740,6.94875758,16.79999957,7.33992350,15.10000104
28.90573502,6.95990803,16.79999960,7.34912887,15.10000045
28.91590500,6.97106970,16.79999924,7.35830779,15.10000050
28.92606735,6.98224187,16.79999974,7.36746051,15.10000046
28.93622208,6.99342708,16.79999785,7.37658367,15.10000051
28.94637108,7.00462451,16.79999886,7.38568467,15.10000078
28.95651245,7.01583287,16.79999931,7.39475744,15.10000174
28.96664619,7.02705213,16.79999894,7.40380438,15.10000130
28.97677040,7.03828231,16.79999940,7.41282319,15.10000058
28.98688507,7.04952361,16.79999953,7.42181365,15.10000123
28.99699593,7.06077702,16.79999812,7.43077930,15.10000019
29.00709534,7.07204101,16.79999825,7.43971621,15.10000004
29.01852036,7.08000029,16.81541234,7.44862395,15.10000169
29.03696060,7.08392238,16.84999843,7.45750670,15.10000139
29.04707146,7.09528910,16.84999807,7.46636228,15.10000080
29.05717659,7.10666825,16.84999838,7.47519049,15.10000117
29.06727028,7.11805718,16.84999755,7.48398902,15.10000047
29.07735443,7.12945770,16.84999770,7.49275964,15.10000138
29.08743286,7.14087016,16.84999932,7.50150319,15.10000197
29.09750366,7.15229328,16.84999741,7.51021953,15.10000011
29.10756302,7.16372786,16.84999881,7.51890685,15.09999990
29.11761284,7.17517015,16.84999903,7.52756222,15.10000208
29.13550758,7.18000036,16.88316052,7.53619235,15.10000167
29.14739418,7.18818433,16.89999961,7.54479328,15.10000167
29.15745926,7.19974265,16.89999947,7.55336482,15.10000209
29.16751671,7.21131237,16.89999979,7.56190823,15.10000004
29.17756271,7.22289484,16.89999983,7.57042036,15.10000154
29.18760300,7.23448884,16.90000023,7.57890382,15.10000070
29.20801735,7.24609390,16.89999896,7.57999977,15.13880633
29.21861649,7.25770859,16.89999883,7.58638803,15.15000145
29.22867203,7.26933460,16.89999955,7.59487301,15.15000124
29.23859215,7.28000038,16.90528559,7.60332947,15.15000185
29.26173210,7.28350648,16.94999903,7.61175754,15.15000178
29.27180862,7.29526196,16.94999923,7.62015693,15.15000116
29.28187752,7.30702745,16.94999965,7.62852719,15.15000201
29.29193687,7.31880533,16.94999927,7.63686818,15.15000116
29.30198860,7.33059563,16.94999898,7.64518115,15.15000198
29.31202888,7.34239467,16.94999947,7.65346411,15.15000102
29.32206154,7.35420757,16.94999810,7.66171677,15.15000233
29.33208656,7.36603131,16.94999975,7.66994351,15.15000212
29.34210205,7.37786863,16.94999761,7.67813702,15.15000235
29.35210991,7.38971829,16.94999792,7.68630257,15.15000072
29.36210823,7.40157771,16.94999914,7.69443831,15.15000082
29.37209702,7.41345006,16.94999797,7.70254373,15.15000155
29.38207626,7.42533360,16.94999946,7.71062042,15.15000138
29.40605164,7.43000017,16.99623435,7.71866834,15.15000094
29.41595459,7.44142453,16.99999896,7.72668553,15.15000229
29.42596054,7.45345089,17.00000062,7.73467419,15.15000079
29.43595886,7.46549037,17.00000029,7.74263176,15.15000179
29.44595146,7.47754303,16.99999967,7.75056124,15.15000028
29.45593262,7.48960627,16.99999963,7.75846026,15.15000231
29.46590424,7.50168393,16.99999934,7.76632877,15.15000187
29.47587013,7.51377364,16.99999943,7.77416790,15.15000048
29.48582458,7.52587635,16.99999902,7.78197537,15.15000185
29.51166725,7.53118374,17.04999959,7.78975331,15.15000101
29.52166367,7.54342934,17.04999823,7.79750089,15.15000132
29.53165245,7.55568906,17.04999859,7.80522055,15.15000092
29.54163170,7.56795962,17.04999921,7.81290896,15.15000099
29.55160522,7.58024659,17.04999899,7.82056841,15.15000064
29.56156921,7.59254619,17.04999837,7.82819743,15.15000054
29.58643913,7.60485858,17.04999949,7.82999993,15.19769207
29.59637642,7.61718693,17.04999827,7.83741367,15.20000109
29.60637665,7.62952541,17.04999917,7.84507403,15.20000172
29.61637115,7.64188212,17.04999871,7.85270827,15.20000026
29.62635994,7.65425282,17.04999781,7.86031265,15.20000036
29.63633919,7.66663745,17.04999873,7.86788808,15.20000228
29.64631081,7.67903501,17.04999880,7.87543364,15.20000149
29.67237473,7.68627316,17.09999704,7.88295061,15.20000045
29.68239784,7.69883354,17.09999718,7.89043666,15.20000242
29.69241714,7.71141027,17.09999786,7.89789604,15.20000171
29.70242691,7.72400193,17.09999804,7.90532410,15.20000257
29.71242905,7.73660763,17.09999899,7.91272385,15.20000174
29.72242737,7.74923224,17.09999872,7.92009489,15.20000231
29.73241615,7.76187160,17.09999706,7.92743510,15.20000212
29.74239922,7.77452818,17.09999887,7.93474465,15.20000126
29.75237656,7.78720277,17.09999714,7.94202511,15.20000058
29.76234818,7.79989277,17.09999831,7.94927706,15.20000241
29.77231216,7.81259784,17.09999738,7.95649998,15.20000210
29.78227043,7.82531949,17.09999790,7.96369354,15.20000074
29.79221916,7.83805600,17.09999848,7.97085728,15.20000258
29.80216599,7.85081040,17.09999708,7.97799356,15.20000104
29.81210518,7.86358338,17.09999909,7.98509997,15.20000162
29.82204056,7.87637417,17.09999884,7.99217848,15.20000174
29.83196831,7.88917933,17.09999848,7.99922896,15.20000177
29.84189034,7.90200525,17.09999863,8.00624864,15.20000222
29.85180664,7.91484820,17.09999902,8.01324000,15.20000103
29.86171913,7.92770799,17.09999942,8.02020352,15.20000097
29.88821030,7.93830669,17.14999959,8.02713680,15.20000038
29.89818954,7.95135717,17.14999966,8.03404339,15.20000139
29.90816307,7.96442808,17.14999876,8.04092103,15.20000187
29.91813469,7.97751871,17.14999914,8.04777269,15.20000209
29.92810249,7.99062888,17.14999924,8.05459689,15.20000094
29.93806458,8.00375513,17.14999898,8.06139374,15.20000101
29.94802284,8.01690127,17.14999938,8.06816393,15.20000165
29.95797539,8.03006386,17.14999838,8.07490952,15.20000118
29.96792793,8.04324651,17.14999872,8.08162907,15.20000044
29.97787285,8.05644579,17.15000030,8.08832083,15.20000202
29.98781776,8.06966604,17.15000044,8.09499071,15.20000135
29.99776077,8.08290577,17.14999846,8.10163695,15.20000054
30.00769997,8.09616245,17.15000005,8.10825867,15.20000097
30.01763725,8.10943661,17.15000023,8.11485800,15.20000034
30.02757072,8.12272962,17.15000053,8.12143415,15.20000100
30.03750229,8.13603816,17.14999907,8.12798922,15.20000105
30.04743385,8.14936647,17.14999987,8.13452142,15.20000032
30.05735970,8.16270940,17.14999960,8.14103296,15.20000051
30.06728935,8.17607588,17.14999883,8.14752294,15.20000031
30.07721519,8.18945748,17.14999845,8.15399314,15.20000098
30.08714294,8.20285948,17.15000010,8.16044659,15.20000230
30.09706879,8.21627995,17.14999984,8.16687822,15.20000058
30.10699463,8.22971805,17.14999946,8.17329169,15.20000030
30.15831184,8.24480224,17.19999909,8.18131323,15.25000205
30.16841888,8.25845785,17.19999936,8.18787069,15.25000209
30.17852592,8.27213119,17.19999827,8.19441194,15.25000098
30.18863678,8.28582633,17.19999840,8.20093617,15.25000202
30.19874763,8.29954003,17.19999974,8.20744716,15.25000279
30.20886230,8.31327417,17.19999956,8.21394185,15.25000105
30.21897888,8.32702735,17.19999765,8.22042261,15.25000186
30.22909927,8.34080057,17.19999926,8.22688777,15.25000097
30.23922157,8.35459322,17.19999947,8.23334232,15.25000081
30.24934959,8.36840535,17.19999970,8.23978326,15.25000123
30.25947952,8.38223729,17.19999859,8.24621145,15.25000078
30.26960945,8.39608574,17.19999767,8.25262537,15.25000163
30.27974892,8.40995851,17.19999873,8.25902932,15.25000086
30.28989220,8.42385071,17.19999834,8.26542419,15.25000252
30.30004120,8.43776418,17.19999762,8.27180824,15.25000083
30.31019402,8.45169849,17.19999921,8.27818195,15.25000137
30.32035446,8.46565162,17.19999884,8.28454803,15.25000205
30.33052063,8.47962703,17.19999849,8.29090423,15.25000073
30.34069252,8.49362404,17.19999740,8.29725219,15.25000183
30.35086823,8.50763934,17.19999899,8.30358936,15.25000143
30.36105537,8.52167868,17.19999898,8.30992284,15.25000053
30.37125015,8.53574088,17.19999861,8.31624888,15.25000081
30.38145256,8.54982405,17.19999978,8.32257004,15.25000158
30.39166069,8.56392776,17.19999788,8.32888385,15.25000100
30.40188026,8.57805586,17.19999923,8.33519384,15.25000121
30.41210747,8.59220511,17.19999964,8.34150047,15.25000237
30.42234421,8.60637733,17.19999807,8.34780222,15.25000182
30.43259048,8.62056949,17.19999747,8.35410049,15.25000227
30.44284630,8.63478635,17.19999786,8.36039602,15.25000201
30.45311356,8.64902672,17.19999827,8.36669006,15.25000215
30.46339035,8.66328938,17.19999796,8.37298320,15.25000239
30.47368240,8.67757856,17.19999787,8.37927539,15.25000186
30.49947929,8.68403336,17.15000042,8.38556648,15.25000204
30.50969124,8.69816353,17.14999868,8.39185833,15.25000182
30.51991272,8.71231666,17.15000007,8.39815084,15.25000275
30.53014755,8.72649221,17.14999940,8.40444456,15.25000243
30.54039383,8.74069073,17.14999891,8.41073867,15.25000069
30.55065727,8.75491628,17.14999868,8.41703733,15.25000051
30.56093407,8.76916719,17.14999861,8.42333966,15.25000161
30.57122421,8.78344292,17.14999828,8.42964513,15.25000162
30.58152771,8.79774224,17.14999955,8.43595425,15.25000213
30.59184837,8.81206830,17.14999870,8.44226852,15.25000218
30.60218430,8.82641850,17.14999955,8.44858932,15.25000279
30.61253548,8.84079552,17.15000002,8.45491452,15.25000273
30.62290001,8.85519534,17.14999883,8.46124678,15.25000236
30.63328743,8.86962581,17.14999921,8.46758838,15.25000087
30.64368820,8.88408120,17.14999986,8.47393583,15.25000192
30.65410805,8.89856352,17.14999899,8.48029350,15.25000070
30.66454506,8.91307282,17.14999833,8.48665862,15.25000207
30.67500305,8.92761043,17.15000027,8.49303435,15.25000078
30.68547630,8.94217456,17.14999953,8.49942003,15.25000160
30.69597244,8.95676739,17.14999889,8.50581776,15.25000217
30.70648575,8.97138401,17.14999841,8.51222601,15.25000192
30.71702003,8.98603326,17.14999922,8.51864588,15.25000143
30.72757530,9.00071133,17.14999964,8.52507967,15.25000281
30.73815155,9.01541768,17.14999858,8.53152631,15.25000233
30.74867821,9.03000004,17.14940233,8.53798817,15.25000230
30.77372169,9.03175061,17.09999741,8.54446500,15.25000067
30.78425789,9.04632797,17.09999842,8.55095857,15.25000151
30.79481316,9.06093476,17.09999731,8.55746581,15.25000200
30.80539322,9.07556982,17.09999769,8.56399022,15.25000212
30.82441521,9.07999995,17.06357103,8.57052889,15.25000109
30.83537865,9.09066407,17.04999936,8.57708859,15.25000164
30.84592247,9.10517058,17.04999787,8.58366720,15.25000104
30.85648918,9.11970707,17.05000014,8.59026371,15.25000160
30.86708260,9.13427630,17.05000001,8.59688218,15.25000230
30.87769890,9.14887381,17.04999991,8.60351944,15.25000243
30.88834381,9.16350304,17.04999912,8.61017723,15.25000195
30.89901352,9.17816236,17.04999824,8.61685673,15.25000278
30.90970802,9.19285304,17.04999871,8.62355840,15.25000189
30.92043304,9.20757706,17.04999986,8.63028244,15.25000152
30.93118668,9.22233321,17.04999796,8.63703264,15.25000169
30.94417953,9.22999930,17.02839317,8.64380450,15.25000125
30.95959854,9.23523887,17.00000030,8.65060144,15.25000193
30.97032356,9.24986740,16.99999996,8.65742281,15.25000248
30.98107719,9.26452977,16.99999988,8.66427047,15.25000103
30.99186325,9.27922393,16.99999997,8.67114539,15.25000155
31.00267601,9.29394978,17.00000041,8.67804775,15.25000157
31.01352119,9.30870909,16.99999976,8.68497849,15.25000241
31.02439690,9.32350341,17.00000071,8.69193675,15.25000214
31.03530502,9.33833009,17.00000022,8.69892280,15.25000220
31.04624367,9.35319067,16.99999877,8.70594172,15.25000142
31.05721283,9.36808266,16.99999955,8.71298877,15.25000111
31.06821823,9.38301147,17.00000019,8.72006810,15.25000198
31.07925224,9.39797207,16.99999970,8.72717672,15.25000201
31.09032249,9.41296842,16.99999911,8.73432057,15.25000167
31.10142136,9.42799423,16.99999985,8.74149379,15.25000181
31.11850929,9.42999929,16.96708931,8.74870263,15.25000243
31.12998962,9.43809183,16.94999788,8.75594237,15.25000052
31.14108467,9.45300250,16.94999977,8.76322122,15.25000167
31.15221214,9.46794297,16.94999757,8.77053432,15.25000263
31.16337585,9.48292058,16.94999761,8.77788293,15.25000145
31.17457199,9.49793092,16.94999922,8.78526649,15.25000118
31.18580627,9.51297901,16.94999949,8.79268783,15.25000224
31.19707298,9.52805500,16.94999957,8.80014530,15.25000178
31.21301079,9.52999932,16.91955618,8.80764244,15.25000210
31.22503662,9.53646381,16.89999883,8.81517916,15.25000144
31.23630524,9.55142747,16.89999945,8.82275416,15.25000054
31.24761200,9.56642303,16.89999925,8.83037054,15.25000083
31.25835228,9.57999998,16.89677095,8.83802842,15.25000148
31.27533150,9.57999989,16.86369323,8.84572648,15.25000152
31.28601074,9.58864617,16.84999858,8.85346747,15.25000122
31.29735565,9.60355479,16.84999726,8.86124763,15.25000241
31.30874062,9.61850226,16.84999723,8.86907338,15.25000092
31.32016754,9.63348432,16.84999805,8.87694214,15.25000089
31.33163261,9.64850239,16.84999814,8.88485483,15.25000066
31.34313583,9.66355268,16.84999766,8.89281064,15.25000115
31.35468102,9.67863998,16.84999887,8.90081406,15.25000221
31.36947250,9.67999966,16.82195171,8.90885916,15.25000057
31.38204384,9.68416542,16.80000008,8.91695326,15.25000175
31.39359665,9.69913195,16.79999951,8.92509232,15.25000113
31.40518761,9.71412990,16.79999813,8.93327764,15.25000271
31.41682434,9.72916782,16.79999857,8.94151092,15.25000120
31.43144035,9.72999998,16.77222210,8.94979277,15.25000154
31.44402695,9.73349588,16.74999925,8.95812137,15.25000097
31.45567513,9.74841538,16.75000099,8.96649993,15.25000087
31.46736717,9.76336774,16.74999987,8.97493052,15.25000217
31.47909927,9.77835310,16.75000086,8.98340759,15.25000127
31.49087143,9.79337043,16.74999989,8.99193600,15.25000178
31.50268364,9.80841741,16.74999989,9.00051395,15.25000053
31.51454163,9.82350245,16.74999975,9.00914483,15.25000167
31.52547836,9.83000018,16.73425076,9.01782601,15.25000143
31.53982925,9.83000011,16.70690931,9.02655849,15.25000229
31.55085182,9.84115138,16.69999766,9.03000090,15.24039025
31.56171036,9.85614863,16.69999969,9.03000086,15.22468293
31.57252884,9.87117583,16.69999813,9.03000059,15.20911531
31.58433342,9.87999910,16.68902881,9.03359032,15.20000167
31.59818077,9.87999885,16.66276512,9.04237411,15.20000220
31.60858727,9.88759694,16.64999874,9.05121483,15.20000128
31.62050629,9.90253919,16.65000029,9.06011061,15.20000235
31.63246346,9.91750414,16.64999871,9.06905998,15.20000096
31.64446640,9.93250252,16.64999919,9.07806876,15.20000226
31.65651131,9.94752786,16.64999888,9.08713181,15.20000206
31.66859818,9.96258230,16.65000029,9.09625170,15.20000225
31.68072510,9.97766200,16.64999988,9.10542576,15.20000132
31.69275093,9.97999943,16.62891349,9.11465748,15.20000199
31.70593643,9.97999916,16.60423035,9.12394359,15.20000068
31.71700287,9.99237715,16.59999746,9.13328834,15.20000135
31.72919655,10.00736366,16.59999905,9.14269083,15.20000024
31.74143219,10.02237236,16.59999820,9.15215143,15.20000199
31.75370789,10.03740821,16.59999850,9.16166649,15.20000090
31.76602364,10.05246501,16.59999771,9.17124144,15.20000147
31.77796173,10.06754501,16.59999848,9.18000005,15.19862295
31.78946877,10.08000007,16.59584793,9.18000101,15.18342462
31.80880356,10.07999983,16.57228410,9.18000006,15.16831887
31.82745743,10.08066844,16.54999979,9.18000090,15.15329917
31.83884048,10.09564294,16.54999900,9.18754939,15.15000073
31.85120392,10.11063831,16.54999884,9.19728356,15.15000094
31.86360931,10.12565403,16.54999905,9.20707805,15.15000089
31.87605095,10.14068561,16.54999991,9.21692835,15.15000021
31.88853455,10.15573813,16.54999972,9.22684278,15.15000095
31.90105247,10.17080336,16.54999834,9.23681453,15.15000151
31.91161919,10.17999866,16.54122516,9.24684511,15.15000140
31.92387581,10.17999946,16.51888610,9.25693622,15.15000079
31.93515778,10.18219561,16.50000085,9.26708867,15.15000210
31.94773674,10.19714297,16.49999971,9.27730028,15.15000197
31.95815277,10.21210384,16.50000089,9.28000049,15.13895028
31.96873283,10.22707566,16.50000024,9.28000111,15.12399990
31.98496246,10.22999989,16.48256426,9.28000060,15.10910987
32.00038910,10.22999973,16.46107453,9.28397843,15.10000149
32.01073456,10.23713589,16.44999824,9.29431605,15.10000117
32.02335358,10.25197975,16.44999838,9.30471231,15.10000057
32.03601074,10.26683524,16.44999842,9.31517105,15.10000066
32.04870224,10.28169820,16.44999861,9.32569178,15.10000183
32.05925369,10.29656356,16.44999927,9.33000102,15.09118733
32.06976318,10.31143539,16.44999944,9.33000151,15.07633681
32.08025742,10.32630874,16.44999822,9.33000084,15.06153163
32.09411621,10.33000036,16.43447504,9.33232789,15.04999983
32.10566711,10.33000025,16.41397795,9.34299228,15.05000045
32.11603928,10.33461114,16.39999928,9.35371163,15.05000028
32.12879562,10.34934213,16.39999936,9.36449332,15.05000068
32.14158249,10.36407402,16.39999985,9.37533621,15.05000112
32.15439987,10.37880241,16.40000046,9.38623673,15.05000060
32.16724014,10.39352965,16.39999948,9.39719553,15.05000108
32.18011093,10.40824821,16.39999920,9.40821465,15.05000036
32.19300461,10.42296107,16.39999881,9.41929213,15.05000112
32.20571518,10.43766802,16.40000055,9.43000089,15.04943418
32.21619415,10.45236220,16.39999954,9.43000097,15.03449274
32.22666168,10.46705173,16.40000047,9.43000010,15.01957756
32.23741913,10.47999885,16.39770731,9.43000047,15.00468866
32.25005341,10.47999963,16.37832402,9.43769986,15.00000104
32.26121140,10.47999998,16.35908191,9.44898713,15.00000055
32.27172852,10.48763217,16.34999934,9.46033312,15.00000212
32.28467941,10.50213884,16.34999758,9.47173019,15.00000056
32.29625320,10.51663634,16.34999791,9.48000149,14.99584860
32.30666733,10.53111675,16.34999827,9.48000011,14.98087649
32.31706619,10.54557942,16.34999849,9.48000141,14.96592658
32.32746124,10.56003092,16.34999790,9.48000009,14.95098537
32.34008408,10.57446679,16.34999861,9.49079177,14.95000139
32.35038757,10.57999939,16.33854618,9.50239220,14.95000084
32.36131287,10.57999973,16.32006319,9.51404294,14.95000083
32.37220001,10.57999987,16.30169571,9.52574139,14.95000170
32.38248825,10.59295007,16.29999955,9.53000113,14.94042477
32.39284515,10.60720873,16.29999885,9.53000113,14.92539605
32.40319061,10.62144711,16.29999949,9.53000027,14.91038089
32.41389084,10.62999825,16.29279425,9.53364694,14.90000067
32.42465973,10.62999851,16.27480572,9.54548793,14.90000047
32.43540192,10.62999834,16.25691101,9.55737756,14.90000198
32.44624329,10.63862147,16.25000015,9.56930852,14.90000043
32.45926666,10.65268972,16.24999967,9.58128427,14.90000128
32.47229767,10.66673857,16.25000082,9.59330057,14.90000193
32.48534393,10.68076908,16.25000037,9.60535657,14.90000037
32.49839401,10.69477558,16.25000018,9.61745381,14.90000189
32.51145554,10.70876483,16.24999951,9.62958847,14.90000139
32.52173615,10.72273370,16.25000001,9.63000080,14.88531288
32.53404999,10.73000003,16.24166806,9.62999974,14.87010892
32.55031204,10.72999900,16.22434242,9.63000037,14.85491061
32.56213760,10.72999894,16.20709577,9.63827885,14.85000101
32.57292557,10.73811503,16.19999806,9.65053620,14.85000028
32.58597183,10.75191656,16.19999825,9.66282735,14.85000140
32.59902573,10.76569747,16.19999899,9.67515189,14.85000114
32.60942078,10.77945511,16.19999942,9.68000029,14.84071883
32.62521362,10.77999939,16.18371010,9.68000097,14.82543165
32.64130402,10.77999879,16.16681416,9.68000121,14.81014068
32.65494537,10.78000918,16.14999919,9.68418508,14.80000021
32.66797638,10.79363321,16.14999897,9.69662297,14.80000079
32.68101120,10.80723485,16.14999963,9.70908871,14.79999996
32.69404984,10.82081487,16.14999967,9.72158571,14.79999995
32.70532227,10.83437341,16.15000006,9.73000019,14.79495503
32.71556091,10.84790135,16.14999926,9.73000132,14.77957622
32.72580338,10.86141032,16.14999897,9.73000037,14.76418457
32.73593521,10.87489454,16.15000030,9.73099191,14.75000054
32.74615479,10.87999947,16.13978227,9.74358979,14.75000092
32.75650787,10.87999926,16.12336956,9.75621463,14.75000192
32.76684952,10.87999867,16.10700653,9.76886340,14.75000141
32.77722931,10.88762286,16.09999947,9.78000103,14.74812614
32.78744507,10.90095697,16.09999874,9.78000037,14.73264292
32.79765701,10.91426459,16.09999766,9.78000086,14.71715270
32.80786514,10.92755462,16.09999870,9.78000172,14.70164688
32.81800461,10.92999853,16.08682029,9.79139095,14.70000140
32.82828140,10.92999955,16.07070884,9.80415202,14.70000166
32.83854675,10.92999930,16.05463715,9.81693390,14.70000140
32.84987259,10.93936443,16.04999931,9.82973406,14.70000152
32.86003494,10.95251601,16.04999983,9.83000126,14.68473509
32.87023163,10.96564126,16.04999855,9.83000176,14.66913018
32.88042450,10.97874395,16.04999942,9.83000056,14.65351046
32.89097595,10.97999995,16.03563400,9.83997259,14.65000086
32.90119171,10.97999923,16.01977341,9.85285000,14.65000045
32.91139984,10.97999856,16.00394553,9.86574610,14.65000154
32.92290115,10.98975091,15.99999957,9.87865439,14.65000018
32.93585205,11.00272719,16.00000096,9.89158018,14.65000197
32.94879913,11.01567889,16.00000007,9.90451941,14.65000189
32.96173477,11.02860600,15.99999955,9.91746947,14.65000142
32.97445679,11.04150737,16.00000019,9.93000074,14.64947837
32.98463058,11.05438280,15.99999920,9.93000057,14.63371633
32.99480820,11.06723669,15.99999968,9.93000124,14.61793411
33.00499725,11.08000040,15.99991921,9.93000034,14.60213410
33.01548386,11.08000028,15.98435221,9.94125838,14.60000095
33.02562332,11.08000001,15.96880797,9.95428188,14.60000113
33.03575516,11.08000039,15.95328696,9.96731448,14.60000171
33.04726791,11.09003784,15.94999856,9.98000124,14.59957311
33.05744171,11.10275513,15.94999920,9.98000014,14.58369301
33.06761169,11.11544666,15.94999972,9.98000055,14.56780006
33.07778168,11.12811618,15.94999926,9.98000028,14.55188218
33.08784485,11.12999839,15.93688809,9.99153687,14.54999982
33.09794617,11.12999862,15.92149889,10.00462913,14.55000126
33.10804367,11.12999912,15.90612708,10.01772617,14.55000071
33.11858749,11.13756562,15.89999891,10.03000161,14.54899365
33.12875748,11.15013628,15.89999920,10.03000021,14.53299680
33.13893127,11.16268337,15.89999947,10.03000078,14.51698229
33.14910507,11.17520607,15.89999930,10.03000092,14.50094490
33.15912628,11.17999954,15.89058126,10.04236507,14.50000075
33.16920090,11.17999875,15.87531151,10.05550855,14.50000101
33.17926788,11.17999863,15.86005345,10.06865472,14.50000195
33.18931198,11.18424054,15.84999906,10.08180147,14.50000210
33.20210266,11.19667426,15.84999881,10.09495024,14.50000125
33.21488571,11.20908951,15.84999811,10.10810192,14.50000151
33.22766113,11.22148413,15.84999872,10.12125435,14.50000175
33.23767090,11.22999984,15.84526616,10.13000009,14.49459377
33.25333786,11.22999931,15.83009120,10.13000001,14.47843303
33.26901627,11.22999966,15.81491981,10.13000036,14.46224807
33.28270721,11.23020330,15.79999936,10.13322054,14.45000086
33.29545593,11.24251867,15.79999834,10.14640089,14.45000188
33.30818939,11.25481261,15.79999807,10.15957767,14.45000198
33.32091522,11.26708669,15.79999790,10.17275127,14.45000165
33.33132935,11.27934262,15.79999891,10.18000133,14.44268689
33.34663010,11.27999949,15.78569217,10.18000075,14.42640561
33.36233521,11.27999926,15.77057778,10.18000051,14.41010438
33.37519836,11.27999987,15.75545671,10.18503177,14.40000194
33.38604355,11.28780050,15.74999937,10.19822683,14.40000107
33.39873505,11.29999147,15.74999867,10.21141965,14.40000160
33.41141510,11.31216568,15.74999911,10.22460670,14.40000091
33.42143631,11.32432064,15.74999980,10.23000078,14.39032162
33.43397522,11.32999924,15.74197134,10.23000019,14.37392113
33.44973373,11.32999909,15.72687991,10.23000095,14.35749782
33.46158981,11.33000027,15.71178186,10.23718657,14.35000064
33.47146988,11.33266158,15.69999914,10.25038636,14.35000173
33.48411560,11.34476309,15.69999870,10.26358142,14.35000126
33.49675369,11.35684716,15.69999908,10.27676899,14.35000017
33.50937653,11.36891210,15.69999884,10.28995143,14.35000023
33.52152252,11.37999938,15.69879350,10.30312718,14.35000134
33.53153610,11.37999886,15.68370392,10.31629510,14.35000032
33.54155350,11.37999825,15.66860325,10.32945651,14.35000015
33.55702972,11.37999924,15.65349400,10.33000141,14.33415813
33.56806564,11.38924099,15.64999887,10.33000116,14.31760938
33.57830048,11.40125102,15.64999840,10.33000174,14.30103261
33.59048843,11.41324742,15.64999968,10.34235449,14.29999990
33.60305786,11.42522603,15.64999835,10.35551787,14.30000015
33.61310577,11.42999959,15.64091393,10.36867147,14.29999995
33.62349701,11.42999934,15.62578822,10.37999986,14.29770029
33.63938522,11.42999835,15.61064753,10.38000016,14.28106493
33.65315628,11.43355570,15.59999975,10.38000088,14.26440363
33.66311264,11.44550511,15.59999923,10.38180113,14.25000187
33.67565918,11.45744446,15.59999876,10.39495320,14.25000051
33.68819046,11.46936933,15.59999946,10.40809429,14.25000122
33.70009995,11.47999884,15.59836803,10.42122688,14.25000173
33.71134949,11.47999878,15.58319378,10.43000032,14.24445565
33.72731781,11.47999885,15.56800294,10.42999995,14.22771408
33.74330521,11.47999982,15.55279276,10.43000068,14.21094755
33.75321960,11.48972107,15.54999807,10.43457099,14.20000076
33.76572800,11.50161644,15.54999833,10.44769509,14.20000157
33.77822495,11.51349843,15.54999925,10.46080547,14.20000083
33.79071045,11.52537226,15.54999970,10.47390672,14.20000106
33.80071640,11.52999941,15.54069984,10.48699654,14.20000092
33.81076813,11.52999914,15.52543589,10.50007567,14.20000044
33.82082367,11.52999986,15.51014961,10.51314252,14.20000119
33.83074570,11.53400058,15.49999885,10.52619967,14.20000153
33.84059525,11.54586872,15.49999932,10.53000080,14.18806433
33.85090256,11.55772538,15.49999888,10.53000110,14.17120276
33.86121368,11.56957264,15.49999969,10.53000112,14.15431764
33.87174606,11.58000015,15.49816939,10.53972107,14.15000169
33.88182068,11.57999998,15.48281706,10.55276343,14.15000182
33.89189529,11.58000040,15.46744126,10.56579101,14.15000020
33.90197754,11.57999950,15.45204008,10.57881001,14.15000112
33.91240692,11.59027789,15.44999982,10.58000081,14.13461969
33.92274857,11.60211570,15.44999868,10.58000081,14.11766446
33.93309402,11.61394604,15.44999866,10.58000053,14.10068718
33.94525146,11.62576667,15.44999841,10.59248718,14.10000173
33.95519638,11.62999858,15.44007893,10.60548829,14.10000034
33.96529770,11.62999952,15.42460857,10.61847987,14.10000145
33.97573471,11.62999855,15.40910967,10.62999976,14.09808964
33.99200821,11.62999945,15.39358614,10.62999990,14.08106864
34.00830078,11.62999908,15.37803831,10.63000090,14.06402840
34.02314758,11.62999895,15.36246318,10.63231037,14.05000010
34.03303528,11.63238010,15.34999920,10.64528439,14.05000049
34.04544067,11.64423053,15.34999965,10.65824678,14.04999989
34.05783463,11.65606710,15.34999809,10.67119230,14.05000015
34.06850815,11.66790168,15.34999827,10.68000009,14.04454454
34.07890701,11.67973098,15.34999913,10.67999986,14.02743981
34.08930969,11.69154989,15.34999796,10.68000021,14.01031615
34.09923935,11.70336433,15.34999903,10.68515456,14.00000133
34.11161041,11.71517319,15.34999796,10.69808503,14.00000157
34.12397003,11.72697785,15.34999872,10.71100433,14.00000055
34.13384628,11.72999885,15.33832266,10.72391065,14.00000063
34.14400864,11.72999891,15.32260925,10.73680321,14.00000156
34.15417862,11.72999900,15.30686661,10.74968638,14.00000210
34.16453171,11.73666782,15.29999851,10.76255511,14.00000155
34.17687225,11.74848428,15.29999848,10.77541400,14.00000167
34.18675613,11.76029431,15.29999849,10.78000085,13.98895623
34.19718552,11.77210120,15.29999817,10.78000163,13.97176243
34.20908356,11.77999886,15.29476775,10.78000095,13.95454730
34.22031403,11.77999975,15.27893486,10.78945929,13.95000185
34.23051453,11.77999953,15.26307858,10.80229421,13.95000139
34.24043274,11.78208800,15.24999929,10.81511890,13.95000096
34.25275421,11.79391290,15.24999967,10.82793422,13.95000112
34.26277924,11.80573195,15.24999868,10.83000166,13.93553846
34.27323914,11.81754885,15.24999981,10.83000175,13.91827559
34.28370667,11.82936212,15.25000028,10.83000071,13.90099223
34.29990768,11.82999959,15.23490440,10.83000180,13.88369123
34.31655884,11.82999953,15.21891925,10.83000126,13.86637018
34.33275604,11.82999946,15.20290629,10.83071721,13.85000115
34.34409332,11.83968719,15.19999887,10.84352010,13.85000151
34.35640717,11.85152219,15.19999900,10.85631346,13.85000160
34.36871338,11.86335355,15.19999862,10.86909221,13.85000060
34.38101578,11.87518427,15.19999936,10.88186233,13.85000109
34.39101028,11.87999910,15.19045828,10.89462049,13.85000124
34.40128326,11.87999912,15.17434524,10.90736736,13.85000104
34.41156387,11.87999831,15.15820340,10.92010288,13.85000153
34.42147446,11.88583500,15.14999949,10.93000030,13.84614926
34.43198395,11.89768841,15.14999881,10.93000066,13.82879544
34.44250107,11.90954371,15.14999959,10.92999984,13.81142145
34.45302200,11.92139696,15.14999896,10.93000119,13.79403414
34.46476746,11.92999956,15.14554670,10.93000073,13.77662815
34.48159790,11.92999967,15.12930079,10.93000056,13.75920958
34.49468613,11.92999932,15.11303071,10.93599582,13.75000087
34.50465393,11.93238088,15.09999801,10.94870152,13.75000165
34.51694489,11.94426705,15.09999946,10.96139533,13.75000079
34.52922821,11.95615032,15.09999970,10.97407744,13.75000235
34.53926849,11.96803423,15.09999843,10.98000024,13.74071892
34.54981995,11.97991943,15.09999882,10.98000113,13.72328337
34.56037521,11.99180764,15.09999917,10.98000050,13.70583330
34.57094574,12.00369584,15.09999951,10.98843170,13.70000190
34.58321762,12.01558470,15.09999862,11.00108521,13.70000152
34.59548187,12.02747469,15.09999962,11.01372554,13.70000158
34.60544968,12.02999942,15.08705305,11.02635839,13.70000065
34.62000275,12.02999975,15.07059495,11.03000018,13.68758267
34.63697052,12.02999903,15.05411457,11.03000108,13.67012512
34.64865494,12.03894418,15.04999912,11.03000097,13.65265398
34.66004181,12.05086426,15.04999799,11.04070087,13.65000177
34.67230606,12.06278550,15.04999853,11.05330475,13.65000055
34.68456268,12.07470914,15.04999926,11.06590045,13.65000136
34.69461823,12.08000028,15.04078929,11.07848586,13.65000064
34.71060944,12.08000039,15.02421353,11.08000136,13.63463227
34.72765350,12.07999910,15.00761267,11.08000089,13.61714664
34.74047852,12.08646909,14.99999901,11.08024822,13.60000061
34.75273895,12.09841655,14.99999863,11.09281792,13.60000116
34.76499557,12.11036859,15.00000040,11.10538253,13.60000183
34.77724838,12.12231752,14.99999891,11.11793668,13.60000180
34.78766251,12.12999926,14.99404466,11.12999988,13.59932939
34.80475235,12.12999889,14.97736312,11.12999969,13.58183076
34.82185364,12.12999901,14.96066385,11.13000023,13.56432632
34.83610916,12.13433307,14.94999898,11.13000080,13.54681331
34.84671783,12.14630267,14.95000003,11.13000086,13.52929431
34.85733032,12.15827354,14.95000016,11.13000071,13.51176370
34.86729813,12.17024420,14.95000012,11.13412712,13.50000106
34.87855148,12.17999874,14.94689527,11.14665861,13.50000115
34.88901520,12.17999899,14.93012265,11.15918140,13.50000219
34.89948654,12.17999965,14.91333349,11.17169614,13.50000177
34.90951538,12.18247580,14.89999989,11.18420427,13.50000056
34.92176056,12.19446316,14.89999885,11.19670525,13.50000220
34.93400192,12.20645169,14.89999844,11.20919954,13.50000114
34.94623566,12.21843532,14.89999881,11.22168465,13.50000090
34.95668411,12.22999911,14.89940302,11.23000022,13.49414754
34.97388458,12.22999886,14.88254964,11.23000019,13.47660486
34.99108887,12.22999988,14.86568343,11.23000138,13.45905554
35.00771713,12.23085159,14.84999952,11.23000038,13.44149457
35.01835632,12.24285202,14.84999981,11.23000125,13.42392907
35.02899551,12.25485071,14.84999909,11.23000021,13.40635085
35.03963852,12.26684833,14.84999877,11.23000089,13.38876822
35.05028534,12.27884230,14.84999941,11.23000049,13.37117875
35.06673431,12.27999951,14.83471316,11.23000121,13.35358203
35.07813263,12.28000000,14.81778273,11.23993968,13.35000136
35.08865356,12.27999880,14.80083730,11.25241152,13.35000135
35.10060120,12.29141153,14.79999888,11.26487996,13.35000103
35.11283112,12.30341451,14.79999816,11.27734184,13.35000130
35.12291718,12.31541672,14.79999810,11.28000097,13.33614961
35.13357544,12.32741658,14.79999857,11.28000150,13.31853125
35.14423752,12.33941353,14.79999869,11.28000103,13.30090540
35.15615082,12.35140883,14.79999942,11.29182098,13.30000167
35.16837311,12.36340068,14.79999785,11.30427336,13.30000074
35.18059540,12.37539273,14.79999862,11.31672325,13.30000099
35.19059753,12.37999929,14.78953444,11.32916849,13.30000033
35.20733261,12.37999840,14.77253408,11.33000160,13.28354119
35.22466278,12.37999958,14.75552681,11.33000130,13.26588961
35.23634720,12.38809944,14.74999888,11.33125019,13.25000215
35.24856186,12.40009054,14.74999961,11.34369314,13.25000120
35.26077652,12.41207656,14.74999861,11.35613135,13.25000132
35.27298355,12.42406092,14.74999918,11.36856609,13.25000132
35.28301239,12.42999876,14.74140690,11.38000015,13.24858111
35.30036926,12.42999876,14.72436758,11.38000012,13.23090302
35.31773758,12.42999894,14.70731714,11.38000078,13.21321369
35.32915497,12.43684043,14.69999988,11.38315135,13.20000086
35.34136200,12.44882112,14.69999895,11.39558492,13.20000110
35.35356522,12.46079889,14.69999980,11.40801429,13.20000107
35.36576462,12.47276991,14.69999842,11.42044270,13.20000079
35.37575912,12.47999938,14.69323695,11.42999991,13.19590990
35.39315796,12.47999943,14.67616634,11.43000003,13.17818618
35.41056442,12.48000005,14.65908857,11.43000014,13.16045296
35.42427063,12.48560425,14.64999920,11.43000076,13.14270396
35.43497849,12.49757013,14.64999996,11.42999989,13.12494273
35.44569016,12.50953058,14.64999919,11.43000045,13.10716928
35.45602417,12.52148718,14.64999937,11.43742570,13.10000061
35.46678162,12.53000007,14.64508556,11.44986118,13.10000014
35.47735214,12.53000017,14.62798946,11.46229781,13.10000065
35.48792648,12.52999904,14.61088292,11.47473286,13.10000001
35.49954224,12.53434785,14.59999956,11.48000006,13.08973484
35.51026917,12.54629100,14.59999793,11.48000039,13.07191657
35.52099991,12.55823024,14.59999799,11.48000031,13.05408282
35.53195572,12.57016197,14.59999828,11.48959682,13.04999984
35.54319763,12.58000012,14.59700048,11.50204052,13.05000099
35.55377579,12.57999961,14.57988380,11.51448063,13.04999974
35.56435776,12.58000009,14.56276376,11.52691889,13.05000006
35.57781601,12.58303862,14.54999904,11.53000047,13.03655111
35.58856583,12.59495418,14.54999803,11.53000022,13.01866176
35.59931564,12.60686291,14.54999822,11.53000051,13.00075694
35.61124039,12.61876810,14.54999929,11.54192795,13.00000212
35.62308884,12.62999964,14.54904551,11.55437710,13.00000105
35.63367462,12.62999956,14.53191698,11.56682816,13.00000237
35.64426804,12.62999952,14.51478108,11.57927683,13.00000106
35.66015625,12.63163667,14.49999974,11.58000085,12.98309272
35.67092896,12.64351890,14.49999956,11.58000135,12.96512221
35.68118668,12.65539440,14.50000035,11.58198950,12.95000041
35.69335175,12.66725999,14.49999866,11.59445522,12.95000184
35.70551300,12.67911939,14.49999880,11.60692022,12.95000160
35.71587753,12.67999882,14.48413090,11.61938310,12.95000048
35.72712326,12.67999958,14.46698333,11.63000045,12.94732854
35.74472046,12.67999903,14.44983065,11.62999998,12.92927959
35.76233673,12.67999865,14.43267005,11.62999975,12.91121105
35.77996826,12.67999917,14.41550111,11.63000078,12.89311935
35.79678345,12.68115452,14.39999837,11.63000074,12.87500602
35.80761337,12.69299253,14.39999840,11.63000031,12.85686792
35.81800079,12.70482184,14.39999871,11.63777622,12.85000179
35.83016205,12.71663976,14.39999833,11.65028042,12.85000043
35.84231949,12.72845010,14.39999981,11.66278466,12.85000162
35.85447311,12.74024865,14.39999826,11.67529015,12.85000011
35.86448669,12.75203976,14.39999908,11.68000051,12.83864536
35.87533951,12.76381675,14.39999844,11.67999991,12.82041272
35.88619995,12.77558496,14.39999875,11.68000058,12.80215355
35.89626312,12.78000010,14.38928153,11.69105628,12.79999985
35.90688705,12.78000009,14.37211979,11.70358642,12.80000059
35.91751862,12.77999883,14.35494393,11.71611813,12.80000035
35.92825317,12.78836294,14.34999988,11.72864924,12.80000023
35.94038773,12.80009955,14.34999900,11.74118026,12.80000050
35.95251465,12.81182371,14.34999883,11.75371310,12.80000089
35.96463776,12.82353528,14.34999836,11.76624344,12.80000038
35.97488403,12.82999939,14.34231120,11.77877792,12.79999980
35.99178314,12.82999977,14.32514355,11.78000079,12.78339354
36.00959015,12.83000001,14.30796489,11.78000100,12.76495969
36.02317047,12.83627195,14.29999782,11.78000146,12.74649527
36.03411102,12.84795384,14.29999890,11.78000030,12.72799649
36.04505920,12.85962216,14.29999940,11.78000084,12.70946938
36.05514908,12.87127570,14.29999818,11.78616974,12.70000153
36.06602097,12.87999866,14.29569328,11.79876302,12.70000129
36.07667160,12.87999888,14.27851476,11.81135851,12.70000169
36.08732605,12.87999877,14.26132669,11.82395428,12.70000130
36.09896851,12.88396767,14.24999993,11.83000132,12.69030789
36.10996246,12.89558527,14.24999950,11.83000132,12.67163914
36.12097168,12.90718777,14.24999870,11.83000158,12.65293072
36.13219070,12.91877865,14.25000049,11.84065693,12.65000043
36.14412308,12.92999943,14.24947543,11.85329118,12.65000102
36.15478897,12.92999920,14.23228405,11.86592556,12.65000023
36.16545868,12.92999978,14.21508407,11.87855985,12.65000107
36.17577362,12.93142996,14.19999857,11.89119784,12.65000113
36.18786621,12.94298053,14.20000007,11.90383650,12.65000184
36.19995499,12.95451348,14.19999928,11.91647492,12.65000081
36.21203613,12.96603367,14.19999903,11.92911719,12.65000167
36.22279358,12.97753946,14.20000023,11.93000028,12.63240639
36.23387527,12.98902473,14.19999833,11.93000020,12.61345011
36.24401474,13.00049627,14.19999930,11.93370152,12.60000157
36.25607681,13.01194796,14.19999862,11.94637625,12.60000152
36.26813889,13.02338863,14.19999898,11.95905556,12.60000154
36.27843857,13.02999959,14.19275721,11.97173423,12.60000118
36.29105759,13.02999911,14.17556157,11.98000125,12.59335513
36.30923462,13.02999902,14.15834600,11.98000097,12.57421787
36.32743835,13.02999885,14.14111430,11.98000077,12.55503588
36.34567642,13.02999922,14.12386520,11.98000063,12.53580818
36.36394882,13.02999976,14.10659844,11.98000082,12.51653437
36.37738037,13.03704862,14.09999970,11.98000051,12.49721224
36.38861847,13.04843963,14.09999848,11.98000076,12.47783838
36.39987183,13.05981489,14.09999864,11.98000102,12.45841847
36.41008759,13.07117468,14.09999909,11.98726457,12.45000043
36.42216110,13.08251700,14.09999935,12.00006504,12.45000130
36.43422318,13.09384354,14.09999926,12.01286457,12.45000190
36.44627762,13.10515274,14.09999984,12.02566057,12.45000088
36.45642471,13.11644598,14.09999927,12.03000151,12.43705897
36.46774292,13.12772207,14.09999925,12.03000075,12.41743093
36.48451233,13.12999860,14.08621286,12.03000105,12.39775214
36.50303268,13.12999932,14.06891122,12.03000056,12.37801307
36.52159119,13.12999895,14.05158507,12.03000104,12.35822286
36.53173828,13.14022626,14.04999869,12.03754197,12.35000044
36.54380035,13.15146601,14.04999862,12.05042028,12.35000010
36.55585098,13.16268855,14.04999850,12.06329908,12.35000132
36.56789017,13.17389670,14.04999771,12.07617474,12.35000134
36.57992172,13.17999968,14.04211077,12.08000070,12.33596839
36.59861374,13.17999898,14.02474547,12.08000163,12.31595626
36.61534119,13.17999925,14.00734968,12.08265017,12.30000089
36.62570190,13.18646167,13.99999896,12.09556726,12.30000060
36.63774490,13.19763350,13.99999913,12.10848153,12.30000012
36.64978027,13.20878838,13.99999906,12.12139512,12.30000187
36.66020966,13.21992469,14.00000015,12.13000049,12.29326139
36.67226410,13.22999924,13.99835776,12.13000075,12.27300487
36.69114304,13.22999935,13.98091501,12.13000012,12.25268517
36.70268631,13.22999925,13.96344357,12.14124306,12.25000066
36.71295547,13.23257617,13.95000005,12.15419562,12.25000187
36.72497940,13.24367804,13.94999972,12.16714475,12.25000138
36.73699570,13.25476248,13.95000021,12.18009178,12.25000224
36.74900055,13.26582764,13.94999892,12.19303601,12.25000093
36.76099396,13.27687441,13.94999849,12.20597675,12.25000116
36.77119064,13.28000017,13.93742904,12.21891478,12.25000079
36.78284836,13.27999981,13.91986318,12.23000077,12.24705677
36.80197144,13.27999933,13.90226187,12.23000115,12.22641183
36.81442642,13.28961141,13.89999891,12.23000083,12.20570080
36.82503128,13.30062537,13.89999849,12.23941942,12.20000118
36.83701706,13.31161980,13.89999814,12.25240000,12.20000232
36.84899521,13.32259696,13.89999838,12.26537442,12.20000159
36.85957718,13.32999977,13.89427274,12.27834594,12.20000223
36.87053680,13.32999939,13.87660221,12.29131393,12.20000052
36.88150787,13.33000008,13.85889866,12.30428091,12.20000070
36.89249420,13.33000019,13.84115607,12.31724236,12.20000085
36.90349579,13.32999986,13.82337516,12.33019850,12.20000203
36.91451263,13.32999943,13.80554995,12.34315264,12.20000191
36.92513275,13.33755231,13.79999871,12.35610107,12.20000166
36.93708038,13.34850123,13.79999866,12.36904681,12.20000062
36.94813919,13.35942907,13.79999884,12.38000005,12.19674572
36.96007156,13.37033860,13.79999770,12.38000067,12.17551857
36.97269821,13.37999952,13.79797778,12.38000041,12.15420742
36.98492813,13.37999934,13.78006520,12.39043377,12.15000098
36.99600601,13.37999881,13.76211158,12.40342235,12.15000182
37.00625992,13.38355809,13.75000001,12.41640773,12.15000142
37.01818848,13.39443623,13.74999935,12.42938749,12.15000090
37.03010559,13.40529322,13.74999897,12.44236388,12.15000046
37.04201126,13.41613152,13.74999954,12.45533553,12.15000046
37.05390167,13.42694951,13.74999881,12.46830200,12.15000077
37.06420135,13.42999895,13.73703661,12.48126424,12.15000102
37.07533264,13.42999942,13.71893429,12.49422244,12.15000064
37.08648300,13.42999881,13.70078394,12.50717383,12.15000031
37.09812927,13.44033742,13.69999870,12.52011851,12.15000072
37.10878372,13.45112358,13.69999869,12.53000096,12.14483417
37.12098694,13.46188905,13.69999866,12.53000070,12.12292762
37.13322830,13.47263468,13.69999982,12.53000037,12.10092460
37.14368057,13.47999918,13.69428646,12.54245387,12.10000060
37.15488434,13.47999959,13.67602562,12.55544695,12.10000141
37.16611099,13.47999953,13.65771263,12.56843385,12.10000127
37.17645645,13.48622089,13.64999996,12.58141649,12.10000145
37.18830109,13.49693397,13.65000000,12.59439013,12.10000046
37.20013428,13.50762788,13.64999963,12.60736468,12.10000140
37.21195602,13.51830012,13.64999886,12.62032952,12.09999998
37.22250748,13.52895187,13.64999919,12.63000001,12.09430634
37.23494720,13.53958095,13.64999813,12.62999990,12.07180895
37.24717712,13.55018960,13.64999805,12.63045786,12.05000044
37.25897980,13.56077669,13.64999814,12.64348001,12.05000170
37.27077103,13.57134199,13.64999866,12.65649797,12.05000163
37.28173065,13.57999954,13.64669451,12.66950696,12.05000162
37.29304123,13.57999986,13.62818693,12.68251117,12.05000091
37.30437851,13.58000017,13.60961251,12.69551401,12.05000162
37.31462479,13.58510347,13.59999851,12.70850727,12.05000125
37.32638550,13.59563691,13.59999810,12.72149810,12.05000091
37.33813477,13.60614836,13.59999839,12.73448184,12.05000143
37.34986496,13.61663667,13.59999877,12.74745703,12.04999979
37.36158371,13.62710141,13.59999896,12.76043244,12.05000150
37.39739609,13.66542094,13.64999860,12.77340054,12.05000051
37.40761566,13.67575589,13.64999835,12.78000022,12.03856129
37.42493057,13.67999946,13.63904446,12.78000079,12.01514941
37.44198990,13.67999923,13.62038985,12.78463692,12.00000074
37.45339584,13.67999904,13.60166559,12.79766436,12.00000090
37.46464157,13.68940717,13.59999884,12.81068607,12.00000219
37.47629929,13.69970967,13.59999966,12.82370265,12.00000161
37.48794174,13.70998653,13.59999930,12.83671145,12.00000194
37.49957275,13.72024046,13.59999863,12.84971820,12.00000255
37.51118469,13.73046949,13.59999982,12.86271320,12.00000149
37.52278519,13.74067462,13.59999781,12.87570880,12.00000174
37.53436661,13.75085257,13.59999850,12.88869597,12.00000084
37.54593658,13.76100583,13.59999843,12.90167790,12.00000109
37.55748749,13.77113392,13.59999885,12.91465382,12.00000095
37.56846619,13.78000010,13.59767885,12.92762559,12.00000179
37.58794403,13.78000004,13.57871652,12.93000082,11.98008422
37.60972977,13.77999972,13.55967127,12.93000048,11.95555774
37.62044907,13.78499020,13.54999918,12.94009775,11.95000080
37.63201523,13.79508154,13.54999762,12.95313726,11.95000170
37.64356232,13.80514732,13.54999861,12.96617032,11.95000227
37.65509796,13.81518714,13.54999885,12.97919744,11.95000128
37.66661453,13.82520010,13.54999951,12.99221893,11.95000222
37.67811584,13.83518625,13.54999861,13.00523515,11.95000052
37.68960190,13.84514670,13.54999783,13.01824584,11.95000125
37.70106888,13.85507945,13.54999808,13.03125231,11.95000104
37.71252441,13.86498571,13.54999774,13.04425376,11.95000207
37.72395706,13.87486144,13.54999793,13.05724709,11.95000234
37.73413849,13.87999911,13.54073773,13.07023751,11.95000164
37.74790955,13.87999928,13.52133239,13.08000136,11.94365464
37.77051926,13.87999893,13.50182687,13.08000124,11.91793491
37.78233337,13.88894132,13.50000000,13.08401514,11.90000097
37.79378510,13.89877768,13.49999847,13.09708122,11.90000061
37.80522156,13.90858728,13.49999874,13.11014353,11.90000116
37.81664276,13.91836841,13.49999935,13.12320114,11.90000109
37.82804108,13.92811808,13.49999986,13.13624889,11.90000105
37.83942413,13.93784176,13.50000019,13.14929613,11.90000178
37.85079193,13.94753478,13.49999935,13.16233600,11.90000112
37.86214066,13.95719857,13.49999834,13.17537241,11.90000130
37.87334061,13.96683247,13.49999970,13.17999994,11.88273249
37.88765335,13.97643838,13.50000050,13.18000066,11.85576327
37.89911652,13.97999936,13.48753171,13.19033660,11.85000148
37.91105270,13.97999933,13.46759430,13.20346034,11.85000006
37.92238235,13.98117189,13.44999881,13.21657823,11.85000131
37.93373871,13.99076352,13.44999821,13.22969427,11.84999999
37.94507599,14.00032381,13.44999894,13.24280663,11.85000115
37.95639420,14.00985364,13.44999977,13.25591498,11.85000203
37.96769333,14.01935086,13.44999917,13.26901703,11.85000104
37.97897720,14.02881763,13.44999984,13.28211466,11.85000117
37.99024200,14.03825371,13.44999864,13.29521073,11.85000074
38.00148773,14.04765619,13.44999865,13.30830124,11.85000084
38.01271820,14.05702705,13.44999842,13.32138754,11.85000047
38.02293015,14.06636242,13.45000006,13.33000127,11.84024220
38.03805923,14.07566647,13.45000008,13.33000107,11.81145318
38.04841232,14.08493750,13.44999959,13.33798062,11.80000066
38.05962753,14.09417646,13.44999927,13.35117035,11.80000058
38.07081985,14.10337856,13.44999870,13.36435621,11.80000142
38.08199692,14.11254869,13.44999893,13.37753854,11.80000098
38.09315491,14.12168510,13.44999850,13.39071791,11.79999973
38.10393524,14.12999942,13.44821515,13.40389443,11.79999983
38.11620331,14.12999874,13.42751243,13.41706606,11.80000060
38.12870789,14.12999915,13.40665298,13.43000016,11.79945650
38.14749908,14.13622111,13.39999968,13.43000011,11.76904545
38.15935898,14.14530448,13.39999931,13.43504538,11.75000126
38.17052841,14.15435404,13.39999922,13.44833616,11.75000092
38.18167877,14.16336539,13.39999831,13.46162405,11.75000177
38.19281006,14.17234278,13.40000009,13.47491129,11.75000063
38.20339203,14.17999907,13.39694288,13.48819670,11.75000261
38.21596146,14.17999918,13.37559744,13.50147904,11.75000269
38.22861099,14.17999952,13.35406264,13.51476060,11.75000121
38.23908997,14.18727706,13.34999923,13.52804172,11.75000233
38.25019455,14.19620308,13.34999774,13.54132107,11.75000260
38.26127625,14.20509343,13.34999944,13.55459912,11.75000209
38.27234268,14.21394406,13.34999837,13.56787500,11.75000186
38.28290939,14.22275797,13.34999916,13.58000087,11.74713298
38.30015564,14.23153162,13.34999788,13.58000070,11.71377766
38.31096649,14.24026810,13.34999821,13.58793059,11.70000132
38.32201767,14.24896280,13.34999862,13.60134261,11.70000115
38.33305359,14.25761940,13.34999887,13.61475773,11.70000177
38.34407043,14.26623721,13.34999898,13.62817332,11.70000166
38.35506821,14.27481691,13.34999885,13.64159036,11.70000086
38.36536026,14.27999947,13.34119071,13.65500847,11.70000201
38.37848282,14.27999994,13.31863504,13.66842488,11.70000157
38.39043808,14.28156396,13.29999956,13.68184385,11.70000092
38.40142822,14.29012856,13.29999786,13.69526247,11.70000097
38.41239929,14.29865216,13.29999961,13.70868077,11.70000236
38.42335129,14.30713512,13.29999799,13.72210176,11.70000036
38.43452454,14.31557832,13.29999867,13.73000027,11.68476075
38.45252609,14.32397872,13.29999767,13.73097997,11.65000237
38.46286392,14.32999968,13.29343737,13.74456182,11.65000141
38.47648621,14.32999970,13.26982431,13.75815035,11.65000137
38.48892212,14.33143326,13.24999963,13.77174171,11.65000157
38.49991608,14.33982546,13.24999980,13.78533677,11.65000237
38.51088715,14.34817362,13.24999945,13.79893156,11.65000018
38.52183914,14.35648036,13.24999999,13.81253246,11.65000073
38.53277588,14.36474323,13.24999847,13.82613652,11.65000150
38.54368973,14.37296435,13.24999955,13.83974375,11.65000090
38.55458450,14.38114127,13.24999837,13.85335628,11.65000043
38.56545639,14.38927442,13.24999888,13.86697087,11.65000083
38.57605362,14.39736216,13.24999904,13.88000005,11.64817318
38.59776306,14.40540853,13.24999846,13.88000011,11.60551325
38.60815430,14.41340807,13.24999960,13.89204324,11.60000024
38.61903381,14.42136049,13.24999962,13.90584944,11.60000096
38.62989426,14.42926967,13.25000043,13.91966324,11.60000049
38.64073563,14.43713218,13.25000044,13.93348424,11.60000220
38.65155792,14.44494882,13.24999882,13.94731035,11.60000129
38.66236115,14.45272042,13.24999967,13.96114517,11.60000177
38.67314148,14.46044225,13.24999817,13.97498667,11.60000144
38.68390656,14.46811816,13.24999961,13.98883684,11.60000129
38.69464874,14.47574692,13.24999916,14.00269310,11.60000007
38.70536804,14.48332615,13.25000028,14.01655491,11.60000161
38.71588516,14.49085717,13.25000018,14.03000081,11.59847907
38.74045563,14.49834121,13.24999901,14.03054498,11.55000141
38.75121307,14.50577764,13.24999935,14.04462643,11.55000097
38.76195145,14.51316481,13.24999953,14.05871655,11.55000125
38.77267075,14.52050302,13.24999906,14.07281640,11.55000021
38.78337097,14.52779322,13.24999996,14.08692615,11.55000036
38.79616928,14.52999991,13.23028232,14.10104617,11.55000132
38.81227112,14.52999974,13.20134269,14.11517193,11.55000051
38.82286835,14.53700958,13.19999955,14.12931229,11.55000057
38.84829712,14.54430685,13.20000023,14.13131798,11.50000249
38.85910416,14.55155239,13.19999890,14.14568940,11.50000260
38.86989594,14.55875165,13.19999938,14.16007304,11.50000159
38.88066864,14.56590136,13.19999907,14.17446870,11.50000177
38.89142609,14.57300343,13.19999863,14.18888006,11.50000174
38.90216064,14.58005447,13.19999816,14.20330012,11.50000083
38.91288376,14.58705876,13.20000014,14.21774012,11.50000091
38.92358398,14.59400947,13.19999815,14.23218677,11.50000263
38.93426895,14.60091422,13.20000022,14.24665127,11.50000191
38.94493103,14.60776593,13.19999832,14.26112396,11.50000183
38.95558167,14.61457281,13.19999958,14.27561827,11.50000205
38.96620941,14.62132837,13.19999898,14.29012147,11.50000222
38.97682190,14.62803205,13.19999934,14.30463845,11.50000247
38.98741913,14.63468798,13.19999962,14.31917938,11.50000154
39.00090790,14.64129241,13.19999936,14.33000056,11.47940697
39.01765442,14.64785001,13.19999926,14.33948226,11.45000244
39.02831268,14.65435747,13.19999905,14.35429342,11.45000089
39.03896332,14.66082299,13.19999987,14.36912709,11.45000068
39.04959106,14.66723582,13.19999895,14.38396962,11.45000047
39.06020355,14.67360172,13.19999803,14.39882563,11.45000064
39.07080460,14.67992455,13.19999829,14.41370466,11.45000255
39.08138275,14.68619829,13.19999804,14.42859174,11.45000189
39.10734940,14.69243053,13.19999861,14.43638820,11.40000021
39.11802673,14.69861482,13.19999925,14.45155482,11.40000028
39.12868881,14.70475587,13.19999978,14.46674358,11.40000114
39.13933563,14.71085083,13.19999911,14.48194336,11.40000132
39.14997482,14.71690478,13.19999936,14.49716419,11.40000072
39.16059494,14.72291229,13.19999912,14.51239615,11.40000192
39.17119980,14.72887490,13.19999925,14.52764268,11.40000187
39.19515610,14.72999978,13.15498108,14.54291416,11.40000047
39.20589447,14.73561010,13.14999795,14.55819607,11.40000068
39.21659851,14.74171226,13.14999899,14.57349917,11.40000093
39.24297714,14.74777413,13.14999843,14.58427292,11.35000172
39.25379181,14.75379981,13.14999936,14.59987823,11.35000099
39.26459122,14.75978487,13.14999776,14.61549515,11.35000021
39.27538681,14.76573398,13.14999981,14.63113789,11.35000061
39.28617096,14.77164583,13.14999914,14.64679473,11.35000016
39.29694748,14.77752043,13.14999924,14.66247009,11.35000046
39.30771637,14.78336011,13.14999915,14.67817093,11.35000119
39.31847763,14.78916212,13.14999895,14.69388654,11.35000162
39.32923508,14.79493280,13.14999978,14.70963035,11.35000088
39.33998108,14.80066697,13.14999794,14.72539042,11.35000147
39.36684799,14.80636929,13.14999787,14.73936945,11.29999980
39.37772369,14.81203579,13.14999832,14.75545522,11.30000152
39.38859558,14.81766883,13.14999786,14.77156655,11.30000092
39.39947128,14.82327394,13.14999935,14.78770918,11.30000178
39.41033936,14.82884547,13.14999921,14.80387201,11.30000170
39.42120361,14.83438317,13.14999939,14.82006438,11.30000104
39.43206406,14.83989364,13.14999781,14.83627900,11.30000134
39.44293213,14.84537524,13.14999888,14.85252946,11.30000056
39.45378876,14.85082241,13.14999820,14.86879819,11.30000008
39.46465302,14.85624387,13.14999953,14.88510263,11.30000000
39.47551346,14.86163371,13.14999901,14.90143047,11.29999982
39.48637390,14.86699739,13.14999811,14.91779011,11.30000191
39.51397705,14.87233655,13.14999868,14.93586023,11.25000073
39.52499390,14.87764874,13.14999893,14.95258300,11.25000144
39.53602219,14.88293720,13.14999915,14.96935021,11.25000277
39.54705048,14.88819849,13.15000010,14.98614629,11.25000103
39.55809021,14.89343946,13.14999959,15.00298508,11.25000066
39.56912994,14.89865274,13.14999997,15.01985175,11.25000180
39.59721756,14.90384545,13.14999912,15.04026043,11.20000166
39.60843277,14.90901556,13.15000015,15.05751691,11.20000205
39.61965561,14.91416170,13.14999876,15.07481408,11.20000131
39.63089371,14.91929008,13.14999872,15.09216212,11.20000242
39.64213943,14.92439695,13.14999811,15.10954843,11.20000129
39.67069244,14.93454927,13.09999852,15.12698638,11.20000218
39.68212509,14.93993614,13.09999767,15.14446425,11.20000268
39.69357681,14.94530682,13.09999937,15.16199764,11.20000155
39.70504379,14.95066327,13.09999807,15.17957505,11.20000029
39.71652603,14.95600316,13.09999923,15.19720040,11.20000090
39.72803116,14.96133360,13.09999838,15.21488400,11.20000079
39.75719833,14.96664824,13.09999780,15.23961258,11.15000131
39.76890945,14.97195236,13.09999903,15.25773420,11.15000149
39.78064346,14.97724172,13.09999964,15.27590549,11.15000209
39.79240036,14.98252305,13.09999917,15.29414007,11.15000228
39.80418015,14.98779297,13.09999766,15.31243277,11.15000048
39.81599426,14.99305599,13.09999763,15.33079302,11.15000109
39.82782745,14.99831030,13.09999867,15.34921053,11.15000084
39.83969116,15.00355495,13.09999971,15.36769239,11.15000132
39.86977768,15.00879655,13.09999910,15.39592720,11.10000056
39.88187408,15.01402841,13.09999904,15.41488483,11.10000207
39.89400864,15.01926084,13.09999918,15.43392572,11.10000201
39.90617371,15.02448756,13.09999967,15.45303086,11.10000131
39.91838074,15.02971142,13.09999901,15.47221792,11.10000047
39.93295288,15.03000043,13.12161016,15.49147809,11.10000183
39.94742966,15.03000034,13.14315222,15.51082128,11.10000158
39.95927048,15.03325606,13.14999843,15.53024264,11.10000140
39.97145462,15.03812066,13.14999869,15.54974478,11.10000216
39.98368835,15.04298990,13.14999953,15.56934027,11.10000130
39.99595642,15.04785714,13.14999909,15.58901341,11.10000103
40.00827789,15.05272736,13.14999848,15.60878287,11.10000204
40.03987885,15.05760057,13.15000000,15.64256761,11.04999978
40.05247879,15.06248101,13.14999857,15.66288948,11.05000076
40.06512833,15.06736447,13.15000010,15.68330151,11.05000064
40.07782745,15.07225203,13.14999822,15.70381177,11.05000119
40.09058380,15.07714849,13.14999942,15.72443306,11.05000019
40.10339355,15.08205001,13.14999779,15.74514899,11.05000170
40.11626816,15.08696331,13.14999864,15.76598324,11.05000004
40.12919617,15.09188410,13.14999988,15.78691541,11.05000171
40.14218903,15.09681927,13.14999984,15.80796806,11.05000142
40.15524292,15.10176775,13.14999815,15.82912826,11.05000125
40.16836929,15.10673247,13.14999923,15.85041427,11.05000206
40.18155289,15.11170793,13.14999963,15.87180894,11.04999981
40.19480515,15.11669961,13.14999983,15.89332356,11.05000121
40.20813751,15.12171176,13.14999909,15.91497013,11.05000196
40.22153473,15.12673941,13.14999926,15.93673767,11.05000019
40.23431778,15.12999998,13.15454905,15.95863925,11.05000019
40.24699020,15.13000046,13.16708150,15.98066592,11.05000113
40.25961685,15.13000034,13.17917178,16.00283647,11.05000065
40.27219772,15.12999984,13.19084026,16.02513433,11.05000018
40.28475952,15.12999992,13.20211438,16.04758523,11.05000086
40.29729843,15.12999980,13.21300704,16.07017059,11.05000129
40.30982590,15.13000061,13.22354342,16.09290370,11.05000001
40.32235718,15.13000061,13.23374738,16.11579482,11.05000061
40.33853912,15.13000052,13.24362807,16.12999914,11.06920272
40.35779953,15.13150366,13.24999891,16.13860989,11.10000130
40.37149048,15.13596076,13.24999952,16.16152904,11.10000137
40.38527679,15.14044706,13.24999938,16.18461870,11.10000081
40.39915848,15.14496098,13.25000017,16.20786412,11.10000176
40.41255569,15.14950587,13.24999975,16.23000031,11.10253010
40.43568802,15.15408828,13.24999842,16.22999959,11.14856424
40.44929886,15.15870069,13.24999922,16.25257441,11.15000205
40.46337128,15.16334919,13.24999865,16.27606814,11.15000179
40.48217773,15.16803271,13.24999898,16.27999876,11.18661771
40.49459076,15.17275699,13.24999942,16.29618260,11.20000074
40.50875854,15.17751761,13.24999996,16.31975450,11.20000038
40.52412033,15.18000015,13.25409724,16.32999966,11.22386588
40.54888916,15.17999998,13.26244230,16.33000015,11.26506031
40.57049179,15.18000068,13.27059736,16.33307759,11.30000052
40.58284760,15.18000025,13.27857159,16.35647149,11.29999983
40.59525299,15.18000008,13.28636260,16.37999995,11.30007879
40.61844635,15.18000004,13.29399850,16.37999970,11.33882849
40.63093948,15.18000047,13.30146405,16.39663868,11.35000091
40.64334488,15.18000094,13.30878283,16.42034475,11.35000154
40.65877914,15.18000091,13.31595247,16.42999907,11.37215362
40.67645264,15.18000109,13.32298408,16.43571583,11.40000151
40.68885422,15.18000083,13.32987137,16.45954442,11.40000061
40.70073318,15.18000115,13.33663056,16.47999954,11.40532753
40.72177505,15.18000014,13.34327786,16.47999999,11.44076695
40.73361206,15.18000002,13.34980586,16.49766089,11.45000101
40.74790573,15.18438155,13.34999902,16.52186377,11.45000157
40.76095581,15.18895309,13.34999824,16.52999921,11.47280527
40.77796555,15.19358773,13.34999841,16.52999939,11.50650604
40.79464722,15.19828095,13.34999909,16.52999860,11.53953685
40.80643845,15.20304048,13.34999905,16.54637072,11.55000036
40.82100677,15.20786431,13.34999811,16.57068685,11.55000043
40.83320618,15.21275066,13.34999907,16.57999995,11.56984008
40.84858704,15.21771254,13.34999904,16.58109373,11.60000066
40.86334991,15.22274077,13.34999985,16.60559130,11.60000064
40.87811279,15.22784956,13.34999917,16.63000004,11.60044457
40.89539337,15.23000048,13.35372557,16.63000005,11.63121080
40.90880966,15.23000125,13.36005618,16.63944130,11.65000031
40.92168045,15.23000105,13.36630647,16.66441101,11.65000035
40.93342209,15.23000057,13.37248397,16.67999871,11.66138950
40.95124817,15.23000043,13.37858527,16.67999876,11.69094166
40.96276855,15.23000091,13.38461104,16.69741335,11.70000110
40.97586060,15.23000058,13.39057812,16.72290719,11.70000119
40.98970413,15.23000040,13.39647415,16.73000007,11.72087097
41.00685120,15.23000123,13.40231025,16.73000000,11.74932851
41.02373886,15.23000134,13.40808614,16.73000004,11.77732655
41.03812027,15.23000040,13.41380897,16.73457392,11.79999999
41.05128860,15.23000143,13.41947184,16.76029193,11.80000056
41.06288147,15.23000102,13.42509068,16.77999924,11.80659927
41.07919693,15.23000157,13.43065997,16.77999927,11.83365848
41.09528351,15.23000122,13.43618003,16.77999802,11.86031602
41.11116409,15.23000098,13.44165764,16.77999922,11.88659805
41.12250137,15.23000122,13.44708948,16.79262398,11.90000043
41.13593292,15.23000069,13.45248615,16.81894394,11.90000152
41.14752960,15.23000014,13.45783958,16.82999970,11.91503156
41.16292572,15.23000126,13.46315412,16.82999931,11.94051436
41.17813873,15.23000124,13.46843440,16.83000081,11.96565806
41.19316483,15.23000055,13.47368189,16.82999959,11.99046163
41.20801926,15.23000103,13.47889987,16.82999970,12.01495261
41.22269440,15.23000006,13.48408900,16.82999991,12.03911444
41.23352814,15.23000175,13.48924652,16.84455560,12.05000081
41.24724960,15.23000055,13.49438064,16.87152008,12.05000029
41.25880051,15.23000093,13.49948739,16.87999884,12.06638190
41.27111816,15.23532783,13.49999945,16.87999965,12.08992222
41.28313446,15.24137201,13.50000035,16.87999958,12.11318057
41.29504013,15.24755227,13.50000035,16.87999896,12.13617717
41.30682755,15.25386519,13.49999931,16.87999992,12.15888790
41.31851196,15.26031566,13.49999973,16.87999955,12.18134972
41.32933807,15.26690411,13.49999988,16.88440735,12.20000099
41.34656906,15.27364066,13.50000036,16.91213241,12.20000081
41.35939407,15.28000027,13.50041242,16.92999904,12.20803367
41.37309647,15.28000098,13.50584601,16.92999878,12.23000250
41.38666534,15.28000145,13.51125997,16.92999799,12.25172858
41.40011215,15.28000165,13.51665774,16.92999805,12.27321735
41.41343307,15.28000186,13.52203631,16.92999834,12.29448168
41.42531586,15.28000080,13.52739940,16.95112773,12.30000063
41.44000626,15.28000154,13.53274397,16.97999905,12.30009471
41.45320892,15.28000041,13.53807672,16.97999959,12.32117123
41.46630096,15.28000125,13.54339344,16.97999871,12.34204166
41.47928238,15.28000157,13.54869663,16.97999887,12.36269444
41.49215317,15.28000158,13.55398784,16.98000053,12.38314540
41.50492477,15.28000134,13.55927156,16.97999960,12.40340747
41.51758957,15.28000141,13.56454264,16.97999963,12.42346767
41.53016281,15.28000100,13.56980425,16.97999964,12.44334704
41.54176712,15.28000065,13.57506001,16.99992231,12.45000097
41.55705643,15.28000103,13.58031053,17.02999803,12.45026112
41.56954575,15.28000140,13.58555192,17.02999937,12.47000322
41.58195114,15.28000078,13.59078927,17.02999938,12.48957779
41.59426117,15.28000076,13.59601874,17.02999970,12.50896912
41.60648727,15.28000044,13.60124484,17.02999829,12.52819008
41.61862946,15.28000136,13.60646737,17.02999900,12.54725522
41.63068771,15.28000189,13.61168819,17.02999845,12.56615131
41.64266968,15.28000091,13.61690645,17.02999843,12.58489274
41.65325928,15.28000101,13.62212083,17.03596482,12.60000050
41.66955185,15.28000035,13.62734001,17.06813408,12.60000054
41.67993927,15.28000172,13.63255519,17.07999920,12.61183611
41.69180298,15.28000217,13.63777054,17.07999926,12.63034643
41.70358658,15.28000100,13.64298737,17.08000086,12.64870068
41.71530151,15.28000167,13.64820425,17.07999914,12.66690946
41.72573471,15.28637529,13.64999909,17.07999894,12.68498258
41.73598099,15.29629915,13.64999917,17.08000010,12.70291078
41.74623871,15.30649719,13.64999990,17.08000082,12.72071690
41.75650787,15.31696601,13.64999993,17.07999901,12.73838689
41.76679993,15.32771909,13.64999950,17.07999938,12.75593585
41.77777100,15.33000246,13.65440824,17.07999994,12.77335373
41.78920746,15.33000104,13.65998080,17.07999985,12.79065310
41.80014420,15.33000258,13.66554870,17.09599278,12.79999991
41.81743622,15.33000247,13.67111842,17.12999909,12.80072728
41.82886505,15.33000085,13.67669163,17.13000005,12.81801229
41.84022903,15.33000191,13.68225625,17.12999978,12.83517744
41.85154343,15.33000118,13.68782370,17.12999801,12.85223951
41.86280060,15.33000087,13.69339103,17.12999993,12.86918757
41.87401199,15.33000057,13.69895862,17.13000005,12.88603865
41.88516235,15.33000195,13.70452345,17.12999792,12.90277511
41.89626312,15.33000149,13.71008749,17.12999933,12.91941214
41.90731812,15.33000101,13.71565081,17.12999807,12.93595844
41.91751480,15.33000076,13.72121445,17.13561956,12.95000102
41.93717575,15.33000205,13.72677616,17.17454380,12.95000027
41.94745636,15.33000251,13.73233766,17.17999913,12.96426601
41.95847702,15.33000248,13.73789856,17.17999928,12.98074307
41.96944427,15.33000202,13.74345700,17.17999804,12.99712373
41.98037720,15.33000119,13.74901708,17.17999918,13.01342428
41.99126053,15.33000063,13.75457729,17.17999799,13.02963550
42.00210190,15.33000254,13.76013287,17.17999909,13.04576135
42.01290894,15.33000095,13.76569205,17.17999918,13.06181587
42.02367020,15.33000074,13.77124530,17.17999911,13.07778303
42.03439713,15.33000203,13.77680132,17.17999773,13.09368022
42.04874039,15.33000200,13.78235565,17.20611123,13.10000068
42.06231308,15.33000135,13.78791224,17.22999926,13.10733778
42.07306290,15.33000135,13.79346500,17.22999880,13.12328406
42.08377457,15.33000080,13.79901715,17.23000038,13.13915878
42.09445572,15.33000163,13.80456853,17.22999937,13.15497143
42.10509872,15.33000238,13.81011812,17.22999982,13.17070410
42.11571121,15.33000156,13.81566951,17.22999963,13.18637969
42.12628555,15.33000166,13.82121504,17.22999888,13.20198127
42.13683319,15.33000228,13.82676293,17.22999883,13.21752709
42.14734268,15.33000117,13.83230717,17.23000050,13.23300444
42.15782547,15.33000082,13.83785093,17.22999834,13.24842872
42.18070221,15.33000076,13.84339313,17.27519406,13.25000119
42.19080734,15.33000191,13.84893096,17.27999923,13.26409345
42.20133209,15.33000214,13.85447192,17.27999843,13.27960085
42.21181870,15.33000063,13.86000703,17.27999757,13.29504221
42.22228622,15.33000185,13.86554421,17.27999746,13.31043612
42.23272324,15.33000162,13.87108176,17.27999956,13.32577276
42.24313354,15.33000052,13.87661543,17.27999849,13.34106060
42.25351334,15.33000121,13.88214634,17.27999763,13.35629094
42.26387405,15.33000089,13.88767689,17.27999905,13.37147553
42.27420044,15.33000056,13.89320557,17.27999776,13.38660514
42.28450775,15.33000149,13.89873103,17.27999790,13.40168888
42.29479218,15.33000047,13.90425865,17.27999770,13.41673461
42.30505371,15.33000170,13.90978378,17.27999928,13.43172882
42.31529236,15.33000163,13.91530897,17.27999971,13.44668530
42.34029007,15.33000197,13.92083115,17.32920920,13.45000080
42.35052490,15.33000047,13.92635285,17.32999860,13.46492676
42.36081314,15.33000163,13.93187005,17.33000018,13.47998727
42.37108231,15.33000258,13.93738726,17.32999925,13.49500839
42.38133621,15.33000205,13.94290583,17.32999908,13.50999630
42.39156342,15.33000085,13.94842128,17.32999941,13.52494147
42.40177917,15.33000286,13.95393541,17.32999928,13.53985620
42.41196823,15.33000208,13.95944598,17.33000044,13.55472591
42.42214203,15.33000286,13.96495483,17.33000000,13.56956426
42.43229675,15.33000282,13.97046012,17.32999988,13.58436386
42.44243622,15.33000140,13.97596853,17.32999869,13.59913871
42.45255661,15.33000247,13.98147412,17.32999883,13.61387329
42.46266174,15.33000087,13.98697753,17.32999970,13.62857622
42.47275162,15.33000127,13.99247953,17.32999946,13.64325513
42.49677277,15.33000050,13.99798127,17.37645352,13.65000020
42.51150894,15.35104157,14.00000034,17.37999863,13.66424362
42.52799225,15.38000200,14.00093205,17.37999877,13.67905535
42.53824997,15.38000111,14.00665497,17.37999804,13.69384616
42.54848480,15.38000085,14.01237357,17.37999783,13.70860305
42.55871582,15.38000148,14.01809683,17.37999929,13.72334053
42.56892776,15.38000097,14.02381304,17.37999861,13.73804710
42.57912445,15.38000149,14.02952760,17.37999776,13.75272807
42.58931351,15.38000204,14.03524374,17.37999952,13.76739138
42.59948730,15.37999981,14.04095512,17.37999796,13.78202698
42.60965347,15.38000174,14.04666760,17.37999860,13.79664592
42.63565063,15.38000006,14.05237775,17.42999699,13.80520966
42.64590454,15.38000202,14.05808677,17.42999765,13.82000650
42.65614319,15.38000016,14.06379294,17.42999905,13.83477678
42.66637421,15.38000038,14.06949995,17.42999762,13.84953040
42.67659760,15.38000130,14.07520681,17.42999781,13.86427026
42.68680954,15.38000157,14.08091475,17.42999740,13.87898635
42.69701385,15.38000123,14.08662184,17.42999764,13.89368942
42.70720291,15.38000192,14.09232305,17.42999747,13.90836899
42.71739197,15.38000143,14.09802615,17.42999795,13.92304141
42.72756577,15.38000070,14.10372472,17.42999694,13.93769085
42.73773956,15.38000200,14.10942933,17.42999727,13.95233254
42.74790192,15.38000043,14.11512928,17.42999914,13.96695590
42.75805283,15.38000029,14.12082655,17.42999741,13.98156628
42.76820755,15.37999983,14.12653019,17.42999746,13.99617051
42.79466629,15.38000099,14.13222912,17.47999907,14.00779344
42.80492020,15.38000104,14.13793214,17.48000005,14.02259291
42.81516266,15.38000023,14.14363304,17.47999934,14.03737743
42.82540131,15.38000141,14.14933188,17.48000019,14.05215567
42.83563232,15.38000164,14.15503026,17.47999971,14.06691958
42.84586334,15.38000152,14.16073398,17.47999846,14.08168178
42.85609055,15.37999998,14.16643607,17.48000037,14.09642931
42.86631012,15.37999988,14.17214048,17.47999884,14.11116902
42.87653351,15.38000183,14.17784739,17.47999929,14.12590764
42.88674927,15.38000039,14.18355169,17.47999884,14.14063232
42.89696503,15.38000080,14.18926011,17.47999826,14.15536065
42.90717697,15.38000081,14.19496544,17.47999983,14.17007980
42.91739273,15.38000032,14.20067473,17.47999883,14.18479935
42.92760086,15.38000064,14.20638363,17.47999914,14.19950925
42.95461655,15.38000093,14.21209234,17.52999747,14.21426909
42.96493912,15.37999967,14.21780982,17.52999885,14.22919926
42.97525787,15.37999975,14.22352311,17.52999873,14.24411939
42.98557663,15.38000106,14.22924103,17.52999967,14.25904517
42.99589920,15.38000180,14.23496220,17.52999961,14.27396304
43.00622177,15.38000131,14.24068767,17.52999813,14.28888930
43.01654816,15.38000141,14.24641310,17.52999960,14.30380970
43.02687836,15.38000090,14.25214453,17.52999753,14.31873899
43.03720474,15.38000132,14.25787481,17.52999907,14.33366219
43.04753494,15.38000054,14.26360790,17.52999887,14.34859002
43.05787277,15.38000129,14.26934912,17.52999767,14.36352818
43.06821060,15.38000004,14.27508987,17.52999922,14.37846483
43.07855988,15.37999983,14.28083741,17.52999897,14.39341143
43.10618973,15.38000152,14.28658467,17.57999851,14.41118934
43.11665344,15.38000164,14.29233930,17.58000031,14.42636119
43.12711716,15.38000199,14.29809599,17.57999878,14.44153532
43.13759232,15.38000133,14.30385600,17.57999955,14.45672277
43.14806747,15.38000052,14.30962339,17.57999958,14.47190862
43.15855408,15.38000034,14.31539490,17.57999892,14.48710687
43.16904831,15.38000156,14.32117098,17.58000004,14.50231884
43.17954636,15.37999999,14.32695354,17.58000011,14.51753584
43.19005966,15.38000097,14.33274192,17.58000078,14.53277114
43.20057297,15.38000022,14.33853201,17.57999858,14.54800980
43.21109772,15.38000190,14.34432958,17.57999910,14.56326536
43.22163010,15.38000095,14.35013222,17.57999863,14.57852662
43.23217010,15.38000046,14.35593743,17.57999857,14.59380266
43.24272919,15.38000063,14.36175354,17.57999953,14.60910002
43.25328827,15.38000120,14.36757349,17.57999992,14.62440101
43.26386261,15.37999993,14.37340074,17.57999846,14.63972109
43.27444458,15.38000000,14.37923600,17.57999941,14.65505213
43.28504181,15.38000014,14.38507636,17.57999980,14.67040540
43.29564667,15.38000204,14.39092380,17.58000020,14.68576942
43.30627060,15.38000112,14.39678253,17.57999995,14.70115867
43.31690216,15.38000138,14.40264482,17.57999861,14.71655840
43.32754517,15.38000106,14.40851186,17.57999856,14.73197765
43.33821106,15.37999982,14.41439396,17.57999986,14.74742197
43.36714554,15.38000171,14.42028118,17.62999994,14.77066540
43.37794113,15.38000009,14.42617659,17.62999947,14.78636670
43.38874817,15.38000105,14.43207867,17.62999881,14.80207942
43.39958191,15.38000067,14.43799647,17.62999989,14.81782196
43.41041946,15.38000065,14.44391780,17.62999968,14.83357994
43.42127991,15.38000121,14.44985196,17.62999981,14.84936710
43.43215179,15.38000117,14.45579089,17.62999787,14.86516956
43.44303894,15.38000162,14.46174020,17.62999904,14.88099736
43.45395279,15.38000046,14.46770388,17.62999763,14.89685843
43.46487808,15.38000078,14.47367432,17.62999792,14.91273968
43.47582626,15.38000151,14.47965697,17.62999992,14.92865233
43.48678589,15.38000025,14.48564788,17.62999815,14.94458299
43.49777222,15.38000199,14.49165378,17.62999788,14.96054798
43.50876999,15.38000142,14.49766615,17.62999800,14.97653235
43.52127075,15.36301076,14.50000067,17.62999873,14.99254392
43.53693390,15.33611209,14.50000089,17.62999944,15.00859176
43.54765320,15.33000116,14.50447454,17.62999967,15.02466658
43.55862808,15.33000201,14.51031790,17.62999903,15.04077838
43.57515335,15.33000146,14.51616814,17.60058664,15.04999949
43.58849716,15.33000245,14.52203483,17.57999989,15.06110863
43.59942245,15.33000233,14.52791144,17.57999853,15.07708576
43.61037827,15.33000130,14.53380282,17.58000025,15.09310239
43.62134933,15.33000225,14.53970521,17.57999997,15.10914481
43.63234329,15.33000125,14.54562231,17.58000047,15.12521995
43.64336777,15.33000081,14.55155667,17.57999855,15.14133255
43.65441132,15.33000260,14.55750070,17.58000049,15.15747747
43.66548538,15.33000192,14.56346298,17.57999849,15.17366323
43.67658234,15.33000239,14.56943725,17.58000035,15.18987858
43.69017792,15.33000112,14.57543013,17.55810271,15.20000001
43.70591736,15.33000075,14.58143326,17.52999945,15.20818577
43.71697998,15.33000194,14.58745474,17.52999743,15.22429286
43.72806931,15.33000105,14.59349058,17.52999855,15.24043270
43.73918533,15.33000095,14.59954280,17.52999905,15.25661296
43.75164413,15.31149160,14.60000010,17.52999829,15.27283960
43.76433563,15.29200488,14.60000015,17.52999888,15.28909953
43.78038025,15.28000148,14.60217878,17.51269790,15.29999915
43.79775620,15.28000212,14.60806392,17.48000004,15.30588523
43.80878830,15.28000190,14.61397328,17.48000047,15.32204360
43.81984711,15.28000098,14.61989383,17.47999889,15.33823470
43.83097839,15.28000025,14.62583270,17.46649663,15.34999921
43.84988785,15.28000035,14.63179144,17.42999876,15.35396328
43.86091995,15.28000033,14.63776609,17.42999771,15.37005242
43.87199402,15.28000048,14.64376559,17.42999870,15.38619435
43.88309097,15.28000074,14.64978005,17.42999791,15.40237438
43.89470291,15.26360961,14.65000034,17.42999891,15.41861093
43.90633392,15.24698909,14.65000086,17.42999831,15.43488566
43.91870499,15.23073909,14.65000027,17.42666280,15.44999977
43.94139862,15.23000151,14.65558823,17.38235343,15.44999988
43.95206070,15.23000150,14.66146472,17.37999919,15.46531249
43.96312332,15.23000172,14.66736185,17.37999929,15.48154607
43.97422028,15.23000138,14.67327660,17.37999779,15.49782279
43.99289703,15.23000212,14.67921380,17.34353861,15.49999979
44.00370026,15.23000213,14.68517121,17.33000082,15.51088571
44.01478958,15.23000178,14.69115226,17.32999915,15.52708313
44.02591324,15.23000168,14.69715195,17.32999869,15.54332784
44.04232788,15.22221128,14.70000069,17.30636983,15.54999931
44.06296539,15.20765696,14.70000091,17.27999906,15.55535553
44.07374191,15.19339230,14.70000053,17.27999905,15.57151938
44.08435822,15.18000007,14.70025008,17.27999766,15.58774214
44.09456253,15.17999995,14.70611631,17.27060612,15.59999979
44.11362076,15.18000141,14.71200695,17.23294754,15.59999941
44.12411499,15.18000149,14.71792104,17.22999970,15.61486236
44.13518524,15.18000182,14.72386108,17.22999840,15.63106225
44.14629364,15.18000083,14.72982257,17.22999920,15.64731762
44.16196060,15.18000055,14.73581069,17.19988401,15.64999986
44.17994690,15.18000045,14.74182519,17.16442214,15.64999923
44.19743347,15.18000162,14.74786377,17.12999954,15.65017331
44.20742416,15.17160454,14.75000050,17.12999888,15.66616420
44.21768188,15.15882481,14.75000110,17.12999944,15.68220854
44.22789764,15.14625548,14.75000056,17.12999955,15.69832253
44.24908447,15.13390621,14.75000110,17.10000674,15.70000008
44.26211166,15.13000042,14.75402794,17.07999943,15.70631409
44.27310181,15.13000120,14.75996787,17.08000077,15.72235231
44.28413773,15.13000125,14.76593453,17.08000022,15.73845509
44.29403687,15.13000006,14.77193185,17.07081901,15.75000004
44.31020737,15.13000070,14.77795253,17.03903857,15.74999997
44.32004929,15.13000153,14.78400401,17.02999828,15.76143469
44.33113861,15.13000052,14.79008429,17.02999788,15.77753344
44.34228134,15.13000084,14.79619696,17.02999783,15.79370245
44.35490417,15.12559724,14.80000020,17.01126055,15.79999879
44.37577820,15.11411002,14.80000050,16.98099958,15.79999937
44.38570023,15.10280535,14.80000075,16.98000041,15.81556571
44.39552307,15.09166115,14.80000079,16.97999911,15.83173863
44.40533066,15.08067019,14.80000025,16.97999984,15.84798823
44.41904831,15.08000131,14.80566052,16.95432661,15.84999898
44.43380356,15.08000229,14.81172059,16.92544218,15.84999971
44.44835281,15.08000236,14.81781560,16.89698961,15.84999887
44.46270370,15.08000209,14.82393987,16.86895233,15.84999922
44.47685242,15.08000132,14.83009727,16.84133519,15.84999917
44.49081039,15.08000089,14.83628838,16.81410998,15.84999869
44.50458908,15.08000174,14.84252056,16.78726319,15.84999933
44.51415634,15.08000085,14.84878194,16.77999929,15.86143524
44.52365875,15.07154941,14.85000058,16.77999822,15.87723479
44.53313065,15.06119116,14.85000049,16.77999917,15.89310460
44.54610443,15.05095978,14.85000017,16.76521517,15.89999944
44.56404877,15.04085896,14.85000022,16.73943134,15.89999944
44.57496262,15.03087903,14.85000077,16.72999922,15.90998828
44.58431625,15.02102213,14.85000108,16.72999948,15.92588129
44.59366608,15.01128151,14.85000114,16.72999959,15.94184966
44.60302734,15.00165602,14.85000082,16.72999952,15.95790398
44.61238861,14.99214264,14.85000115,16.73000004,15.97403304
44.62176132,14.98273866,14.85000100,16.72999921,15.99024710
44.63122559,14.98000191,14.85431968,16.72007183,16.00000012
44.64389420,14.98000080,14.86046405,16.69549941,16.00000027
44.65370941,14.98000075,14.86664900,16.67999867,16.00586619
44.66494751,14.98000048,14.87287444,16.67999759,16.02211855
44.67624664,14.98000165,14.87913982,16.67999750,16.03845149
44.68760681,14.98000159,14.88544587,16.67999779,16.05486671
44.69903946,14.98000189,14.89179784,16.67999816,16.07137663
44.71052933,14.98000173,14.89818762,16.67999900,16.08796608
44.72007370,14.97344900,14.90000051,16.67340974,16.09999933
44.73634338,14.96440567,14.90000054,16.64991229,16.09999888
44.75243759,14.95544697,14.90000019,16.62668219,16.09999913
44.76834869,14.94658341,14.90000042,16.60372640,16.09999924
44.78408432,14.93780711,14.90000101,16.58103132,16.09999919
44.79965591,14.92911179,14.90000010,16.55858440,16.09999903
44.81505203,14.92050399,14.90000155,16.53639576,16.09999868
44.82452011,14.91197124,14.90000123,16.52999947,16.11164793
44.83378601,14.90351556,14.90000161,16.52999797,16.12813400
44.84307861,14.89513177,14.90000029,16.52999860,16.14472195
44.85494995,14.88682674,14.90000022,16.51515163,16.14999907
44.86915207,14.88000092,14.90109116,16.49359671,16.14999940
44.87835312,14.87999976,14.90746525,16.47999942,16.15602399
44.88988876,14.88000027,14.91388994,16.47999923,16.17267023
44.90150070,14.88000021,14.92036629,16.47999915,16.18941838
44.91090775,14.87999972,14.92689093,16.47217119,16.19999927
44.92189407,14.88000067,14.93347224,16.45120427,16.19999839
44.93278122,14.88000152,14.94009996,16.43046514,16.19999940
44.94434738,14.88000144,14.94678753,16.42999761,16.21644370
44.95463943,14.87573200,14.95000160,16.42999751,16.23336535
44.96407318,14.86760338,14.95000094,16.42999884,16.25039659
44.97353745,14.85954002,14.95000103,16.42999879,16.26752100
44.98303986,14.85153907,14.95000077,16.42999782,16.28475196
44.99257660,14.84359583,14.95000149,16.42999885,16.30209563
45.00214767,14.83570787,14.95000104,16.42999844,16.31954244
45.01176453,14.82787425,14.95000053,16.42999835,16.33710497
45.02141571,14.82010170,14.95000158,16.42999899,16.35476843
45.03110504,14.81237998,14.95000083,16.42999849,16.37254896
45.04083633,14.80471423,14.95000045,16.42999890,16.39043608
45.05060959,14.79709711,14.95000054,16.42999838,16.40843774
45.06042862,14.78952548,14.95000035,16.42999875,16.42656147
45.07028961,14.78201214,14.95000104,16.42999870,16.44479425
45.11233521,14.78000090,14.95499124,16.47999936,16.50885084
45.12517929,14.78000036,14.96186324,16.48000026,16.52767051
45.13812637,14.78000098,14.96880554,16.47999982,16.54662188
45.15115738,14.78000040,14.97580862,16.47999887,16.56568440
45.16429138,14.78000081,14.98287533,16.47999894,16.58488297
45.17751694,14.78000032,14.99000968,16.47999954,16.60419815
45.19083786,14.78000057,14.99721302,16.47999885,16.62363912
45.20426178,14.78000164,15.00448360,16.48000045,16.64321712
45.21777725,14.78000171,15.01181816,16.47999911,16.66291180
45.23139954,14.78000060,15.01922334,16.47999946,16.68274896
45.24512100,14.78000189,15.02670219,16.47999975,16.70271224
45.25894547,14.78000124,15.03425157,16.48000033,16.72281451
45.27286911,14.78000157,15.04187231,16.48000044,16.74304320
45.28690720,14.78000029,15.04956830,16.47999940,16.76342030
45.29798126,14.77278193,15.05000128,16.47999956,16.78392498
45.30897903,14.76517289,15.05000116,16.48000052,16.80456837
45.32004547,14.75759830,15.05000141,16.47999889,16.82535864
45.33116531,14.75006513,15.05000078,16.47999990,16.84628533
45.34235001,14.74256156,15.05000048,16.47999984,16.86736137
45.35359573,14.73509684,15.05000006,16.47999966,16.88857332
45.36362839,14.73000094,15.05248097,16.47062752,16.89999992
45.37440872,14.73000042,15.06040921,16.45057446,16.90000028
45.38513565,14.73000111,15.06841950,16.43067305,16.90000026
45.39953613,14.73000163,15.07651366,16.42999826,16.92069959
45.41440964,14.73000084,15.08468564,16.42999918,16.94227189
45.42462540,14.73000087,15.09294369,16.41727928,16.94999964
45.43529129,14.73000135,15.10128538,16.39764005,16.94999959
45.44556427,14.73000065,15.10972132,16.37999879,16.95208382
45.46071243,14.73000069,15.11823549,16.37999893,16.97386999
45.47599411,14.73000078,15.12684471,16.38000002,16.99582233
45.48614883,14.73000082,15.13553770,16.36429261,17.00000045
45.49673462,14.73000032,15.14432491,16.34502994,17.00000038
45.50727844,14.73000141,15.15320555,16.32589736,16.99999962
45.51778030,14.73000031,15.16217360,16.30690944,16.99999998
45.52824402,14.73000130,15.17124103,16.28804384,16.99999947
45.53866959,14.73000120,15.18040303,16.26931220,17.00000056
45.54906845,14.73000030,15.18966554,16.25069770,16.99999964
45.55942535,14.73000086,15.19902290,16.23221656,16.99999987
45.57065582,14.72297798,15.20000173,16.22999902,17.01949291
45.58247375,14.71516861,15.20000188,16.22999926,17.04180333
45.59302521,14.70738598,15.20000218,16.21833722,17.04999896
45.60604858,14.69962571,15.20000174,16.20004819,17.04999944
45.61899948,14.69189198,15.20000088,16.18188152,17.04999902
45.63188553,14.68417715,15.20000178,16.16382741,17.04999929
45.64315796,14.68000038,15.20442275,16.14589351,17.04999989
45.65332031,14.68000030,15.21417921,16.12806539,17.04999867
45.66345215,14.67999984,15.22402973,16.11035801,17.04999926
45.67356491,14.68000046,15.23399487,16.09275960,17.04999989
45.68365860,14.68000010,15.24407173,16.07526366,17.04999915
45.69373322,14.67999998,15.25426226,16.05787739,17.04999856
45.70379639,14.68000049,15.26456570,16.04058951,17.04999841
45.71472549,14.68000040,15.27497962,16.02999869,17.05870054
45.73138428,14.68000060,15.28551610,16.02999844,17.08148478
45.74605942,14.68000026,15.29616550,16.02668437,17.09999750
45.75617981,14.67999993,15.30693523,16.00955046,17.09999870
45.76628494,14.68000069,15.31782296,15.99251754,17.09999878
45.77638245,14.68000026,15.32882789,15.97558859,17.09999792
45.78647614,14.68000122,15.33996118,15.95874668,17.09999797
45.79655838,14.68000039,15.35121036,15.94201010,17.09999902
45.80664444,14.68000012,15.36259298,15.92535695,17.09999834
45.81672287,14.68000115,15.37409720,15.90880395,17.09999747
45.82680893,14.68000034,15.38573800,15.89233427,17.09999816
45.83751678,14.68000035,15.39750091,15.87999887,17.10574216
45.85515976,14.68000090,15.40940429,15.87999947,17.12912862
45.87163544,14.67999997,15.42143032,15.87813590,17.15000022
45.88182068,14.68000111,15.43359440,15.86179665,17.14999887
45.89201355,14.68000018,15.44589746,15.84553754,17.14999928
45.90312195,14.67433683,15.45000211,15.82937179,17.15000002
45.91539383,14.66588395,15.45000182,15.81328307,17.14999899
45.92760849,14.65745180,15.45000178,15.79728333,17.14999914
45.93978119,14.64902954,15.45000135,15.78135936,17.14999967
45.95189667,14.64063026,15.45000061,15.76552690,17.14999880
45.96396637,14.63224654,15.45000160,15.74977059,17.14999887
45.97408295,14.63000004,15.45938180,15.73408995,17.15000013
45.98955917,14.63000061,15.47232545,15.72999895,17.16773660
46.00820923,14.63000007,15.48541802,15.72999990,17.19194332
46.02006912,14.63000007,15.49865052,15.71953898,17.19999922
46.03034210,14.63000066,15.51204244,15.70395326,17.19999811
46.04063034,14.63000074,15.52557551,15.68845520,17.19999804
46.05094528,14.63000007,15.53926775,15.67302334,17.19999947
46.06112289,14.62805842,15.55000008,15.65766991,17.19999942
46.07309723,14.61938933,15.55000159,15.64238981,17.19999875
46.08503723,14.61072761,15.55000057,15.62717242,17.19999956
46.09692764,14.60208324,15.54999987,15.61203328,17.19999905
46.10878372,14.59344956,15.55000182,15.59695734,17.19999920
46.12059402,14.58482813,15.54999995,15.58195556,17.19999970
46.13096619,14.58000165,15.55629754,15.56701893,17.19999797
46.14133453,14.58000165,15.57074744,15.55215241,17.19999771
46.15173340,14.58000083,15.58536214,15.53734846,17.19999916
46.16587830,14.58000140,15.60014567,15.52999968,17.21253298
46.18592072,14.58000098,15.61509526,15.53000000,17.23766643
46.20015717,14.58000107,15.63021189,15.52243105,17.25000084
46.21076965,14.58000162,15.64550101,15.50770588,17.24999914
46.22149658,14.57369623,15.65000115,15.49303912,17.24999982
46.23323441,14.56480928,15.65000178,15.47844522,17.24999999
46.24494553,14.55592796,15.65000179,15.46390891,17.24999973
46.25661469,14.54706003,15.65000215,15.44943826,17.25000018
46.26824951,14.53820068,15.65000052,15.43502798,17.24999939
46.27954102,14.53000020,15.65117361,15.42067192,17.25000046
46.29026031,14.53000078,15.66715309,15.40637927,17.24999890
46.30103302,14.53000061,15.68332127,15.39213966,17.25000011
46.31276321,14.53000126,15.69967150,15.37999920,17.25372455
46.32664871,14.52119094,15.70000162,15.37999863,17.27972822
46.33847427,14.51221078,15.70000211,15.37678941,17.29999939
46.35005188,14.50323232,15.70000104,15.36261186,17.29999834
46.36159134,14.49426932,15.70000118,15.34850142,17.29999953
46.37309647,14.48531239,15.70000196,15.33444422,17.29999903
46.38335800,14.48000114,15.70691310,15.32043642,17.29999937
46.39439011,14.48000061,15.72401631,15.30648651,17.29999905
46.40548706,14.48000073,15.74131803,15.29258828,17.29999879
46.41664124,14.48000079,15.75881132,15.27874477,17.29999847
46.42785645,14.48000082,15.77650085,15.26495393,17.29999923
46.43912888,14.48000079,15.79437980,15.25121736,17.29999913
46.44953537,14.47365503,15.80000167,15.23752803,17.29999873
46.45985413,14.46443624,15.80000060,15.22999988,17.31206042
46.47414780,14.45522570,15.80000156,15.22999962,17.33911988
46.48441696,14.44601478,15.80000061,15.22179016,17.34999931
46.49583435,14.43681194,15.80000048,15.20815661,17.34999744
46.50631332,14.42999995,15.80482557,15.19457163,17.34999882
46.51785660,14.43000020,15.82353328,15.18103906,17.34999735
46.52947617,14.43000059,15.84245116,15.16754892,17.34999873
46.53973007,14.42437352,15.85000162,15.15411146,17.34999932
46.55108261,14.41505563,15.85000144,15.14071741,17.34999844
46.56241989,14.40573877,15.85000090,15.12736519,17.34999853
46.57372665,14.39642936,15.85000135,15.11406254,17.34999760
46.58500671,14.38712349,15.85000193,15.10080359,17.34999881
46.59543228,14.38000047,15.85460468,15.08759134,17.34999730
46.61170578,14.37999986,15.87439260,15.08000034,17.36185871
46.63574982,14.38000020,15.89438239,15.07999970,17.38996133
46.64670181,14.37320704,15.90000136,15.07148177,17.39999838
46.65799332,14.36379109,15.90000013,15.05831458,17.39999980
46.66926193,14.35437858,15.90000137,15.04518986,17.39999960
46.68051147,14.34496430,15.90000029,15.03210216,17.39999872
46.69173431,14.33555752,15.90000016,15.01906307,17.39999925
46.70293808,14.32615314,15.90000200,15.00606109,17.40000025
46.71411896,14.31675077,15.90000090,14.99310421,17.39999849
46.72528076,14.30734955,15.90000103,14.98018014,17.39999833
46.73641586,14.29795159,15.90000075,14.96730353,17.40000038
46.74754333,14.28854951,15.90000052,14.95445734,17.39999913
46.75825882,14.28000084,15.90192179,14.94165498,17.39999919
46.77156067,14.28000053,15.92331077,14.92999911,17.40252054
46.79693604,14.28000075,15.94492963,14.92999950,17.43165371
46.81010818,14.27271313,15.95000132,14.92521970,17.44999860
46.82124329,14.26320790,15.95000169,14.91245340,17.44999805
46.83235550,14.25370925,15.95000081,14.89973213,17.44999781
46.84345245,14.24420657,15.95000184,14.88704067,17.44999769
46.85452271,14.23470904,15.95000182,14.87439250,17.44999843
46.86486053,14.23000054,15.96129107,14.86177944,17.44999966
46.87777710,14.23000079,15.98384662,14.84919728,17.44999968
46.88890839,14.22722310,16.00000281,14.83665265,17.44999878
46.89963913,14.21761972,16.00000210,14.82999971,17.46400690
46.91540146,14.20802235,16.00000115,14.82999957,17.49403746
46.92567444,14.19842077,16.00000220,14.81993784,17.50000057
46.93672943,14.18882013,16.00000130,14.80743327,17.50000074
46.94741821,14.18000057,16.00190624,14.79495695,17.49999936
46.96071243,14.17999997,16.02540214,14.78252020,17.50000069
46.97409439,14.18000016,16.04912118,14.77011598,17.49999952
46.98757172,14.18000060,16.07306760,14.75774230,17.50000066
47.00113297,14.18000000,16.09722505,14.74540133,17.50000019
47.01171875,14.17132890,16.09999990,14.73308709,17.50000098
47.02489853,14.16154479,16.10000057,14.72999923,17.52300595
47.03953934,14.15175654,16.10000000,14.72844268,17.54999853
47.05058289,14.14197555,16.10000115,14.71614026,17.54999956
47.06161118,14.13219110,16.10000149,14.70386460,17.54999984
47.07262039,14.12240930,16.10000163,14.69162514,17.54999872
47.08361816,14.11262754,16.10000102,14.67941640,17.54999964
47.09460068,14.10284362,16.10000169,14.66723459,17.55000005
47.10556412,14.09306344,16.10000159,14.65508460,17.54999856
47.11652374,14.08327472,16.10000072,14.64295763,17.54999905
47.12746048,14.07349081,16.09999975,14.63086436,17.54999812
47.13838959,14.06370541,16.10000163,14.61879481,17.55000017
47.14929962,14.05392083,16.10000150,14.60676027,17.54999986
47.16019440,14.04413693,16.10000063,14.59475228,17.54999890
47.17108536,14.03434453,16.10000113,14.58276519,17.54999824
47.19083405,14.03000105,16.11445334,14.58000033,17.57439714
47.21673584,14.03000068,16.14060368,14.57763798,17.59999847
47.22702408,14.02366497,16.15000253,14.56566417,17.59999892
47.23793793,14.01379524,16.15000063,14.55370925,17.59999845
47.24883270,14.00393014,16.15000257,14.54178712,17.59999910
47.25971603,13.99406084,16.15000094,14.52988582,17.59999741
47.27058792,13.98419292,16.15000063,14.51801270,17.59999767
47.28144455,13.97432317,16.15000105,14.50616554,17.59999904
47.29229355,13.96445179,16.15000279,14.49433861,17.59999922
47.30313110,13.95457989,16.15000136,14.48254066,17.59999858
47.31395721,13.94470367,16.15000075,14.47076271,17.59999822
47.32477188,13.93482842,16.15000154,14.45901041,17.59999847
47.33557892,13.92494723,16.15000079,14.44727873,17.59999851
47.34637070,13.91506669,16.15000118,14.43557261,17.59999896
47.35789108,13.90518104,16.15000073,14.42999912,17.61708708
47.37500381,13.89530095,16.15000102,14.42999922,17.64985269
47.38576889,13.88541719,16.15000280,14.41835453,17.64999925
47.39639664,13.87999973,16.16263337,14.40667638,17.64999949
47.41158676,13.87999970,16.19069240,14.39502369,17.64999854
47.42185211,13.87333338,16.20000005,14.38338946,17.64999850
47.43263245,13.86338234,16.20000084,14.37178029,17.64999938
47.44340515,13.85342775,16.20000194,14.36018908,17.64999923
47.45416641,13.84347328,16.20000189,14.34862353,17.65000023
47.46491623,13.83351595,16.20000068,14.33707976,17.65000026
47.47566605,13.82355230,16.20000134,14.32554659,17.64999985
47.48639679,13.81359156,16.20000109,14.31404250,17.64999839
47.49712372,13.80362460,16.20000106,14.30255217,17.64999912
47.50783920,13.79366185,16.20000155,14.29108744,17.64999941
47.51855087,13.78369079,16.20000042,14.27963693,17.64999916
47.52924728,13.77372083,16.20000019,14.26820841,17.64999917
47.53994370,13.76374577,16.20000039,14.25679735,17.64999832
47.55062103,13.75377259,16.20000116,14.24540998,17.64999982
47.56129837,13.74379436,16.20000012,14.23403702,17.64999926
47.57421875,13.73381327,16.20000159,14.22999934,17.67170574
47.58955002,13.72383233,16.20000163,14.22815547,17.69999750
47.60022736,13.71384431,16.20000169,14.21678908,17.69999938
47.61089706,13.70385456,16.19999998,14.20544096,17.69999942
47.62156296,13.69385760,16.20000057,14.19410634,17.69999882
47.63221359,13.68386614,16.20000021,14.18279750,17.69999972
47.64416885,13.68000003,16.21848895,14.17150155,17.69999784
47.66031647,13.68000026,16.24875457,14.16022449,17.69999898
47.67078018,13.67036888,16.25000298,14.14896519,17.69999838
47.68143082,13.66031670,16.25000174,14.13771792,17.69999784
47.69207001,13.65026627,16.25000261,14.12648847,17.69999832
47.70270920,13.64020684,16.25000109,14.11527175,17.69999870
47.71333694,13.63015021,16.25000223,14.10407422,17.69999817
47.72396088,13.62008671,16.25000124,14.09288997,17.69999837
47.73457336,13.61002505,16.25000223,14.08172513,17.69999914
47.75024414,13.59995850,16.25000099,14.07999969,17.72903959
47.76296997,13.58988696,16.25000147,14.07562441,17.74999928
47.77358627,13.57981708,16.25000207,14.06446657,17.75000019
47.78419876,13.56973926,16.25000269,14.05332136,17.74999897
47.79479980,13.55966286,16.25000312,14.04219383,17.74999942
47.80540085,13.54957924,16.25000275,14.03107626,17.75000046
47.81599045,13.53949567,16.25000292,14.01997948,17.74999992
47.82657623,13.52940734,16.25000239,14.00889205,17.74999870
47.83715820,13.51931599,16.25000221,13.99782077,17.74999870
47.84773636,13.50922182,16.25000119,13.98676383,17.74999966
47.85831070,13.49912077,16.25000180,13.97571555,17.74999913
47.86887360,13.48902125,16.25000240,13.96468550,17.75000058
47.87903976,13.48000028,16.25342917,13.95366755,17.75000082
47.89595795,13.48000063,16.28542561,13.94266540,17.74999994
47.90697861,13.47446197,16.30000209,13.93167061,17.75000073
47.92290115,13.46431896,16.30000204,13.92999940,17.77957365
47.93548584,13.45417168,16.30000168,13.92543323,17.79999939
47.94604874,13.44402491,16.30000031,13.91445346,17.79999844
47.95660782,13.43387471,16.30000083,13.90348637,17.79999919
47.96716690,13.42371672,16.30000249,13.89252675,17.79999838
47.97771835,13.41355848,16.30000116,13.88158194,17.79999971
47.98826599,13.40339487,16.30000141,13.87064714,17.80000001
47.99880981,13.39323344,16.30000110,13.85972829,17.80000013
48.00934982,13.38306277,16.30000199,13.84881586,17.79999886
48.01988220,13.37289254,16.30000217,13.83792047,17.79999904
48.03041458,13.36271800,16.30000128,13.82703404,17.79999892
48.04093933,13.35253852,16.30000147,13.81615733,17.80000010
48.05146408,13.34235954,16.30000060,13.80529324,17.79999875
48.06198502,13.33217235,16.30000121,13.79443851,17.79999827
48.07249832,13.32198536,16.30000116,13.78359663,17.79999818
48.08614349,13.31179357,16.30000220,13.77999987,17.82354656
48.10086060,13.30160066,16.30000161,13.77728559,17.84999909
48.11137772,13.29139935,16.30000227,13.76644849,17.84999813
48.12188721,13.28119979,16.30000050,13.75563071,17.84999919
48.13779068,13.28000083,16.32945900,13.74481869,17.84999720
48.15044022,13.27604918,16.34999994,13.73401302,17.84999901
48.16094971,13.26581986,16.35000113,13.72322118,17.84999826
48.17145920,13.25558466,16.35000106,13.71243850,17.84999912
48.18196487,13.24534909,16.35000172,13.70166575,17.84999749
48.19246674,13.23510509,16.35000069,13.69089912,17.84999714
48.20296478,13.22486544,16.35000143,13.68014881,17.84999731
48.21345901,13.21461665,16.35000034,13.66940298,17.84999909
48.22395325,13.20436833,16.35000008,13.65866760,17.84999840
48.23443985,13.19411813,16.35000071,13.64794196,17.84999756
48.24493027,13.18386045,16.34999961,13.63722262,17.84999832
48.25541306,13.17360151,16.34999986,13.62651355,17.84999939
48.26589966,13.16333590,16.35000067,13.61580892,17.84999754
48.27637482,13.15307202,16.35000054,13.60511896,17.84999839
48.28685379,13.14279972,16.35000124,13.59443113,17.84999939
48.29732895,13.13252819,16.35000005,13.58375427,17.84999775
48.31080246,13.12225423,16.35000027,13.58000040,17.87300099
48.32574844,13.11197329,16.35000106,13.57743929,17.89999848
48.33621979,13.10169620,16.35000059,13.56677675,17.89999899
48.34669113,13.09141016,16.35000112,13.55611676,17.89999954
48.35716248,13.08112199,16.35000004,13.54546757,17.89999948
48.37356949,13.08000060,16.38063414,13.53482471,17.89999983
48.38586044,13.07549425,16.40000113,13.52419033,17.89999822
48.39632797,13.06518276,16.40000112,13.51356142,17.89999882
48.40679550,13.05487143,16.40000163,13.50294033,17.90000022
48.41725922,13.04455796,16.40000059,13.49232627,17.89999969
48.42772293,13.03423832,16.40000054,13.48171730,17.89999932
48.43817902,13.02392115,16.40000144,13.47112179,17.89999923
48.44864273,13.01359535,16.40000263,13.46052599,17.89999934
48.45909882,13.00327012,16.40000260,13.44993917,17.89999825
48.46955109,12.99293948,16.40000071,13.43935851,17.89999950
48.47960663,12.98260959,16.40000177,13.42999969,17.90408507
48.49811554,12.97227310,16.40000166,13.42999928,17.93963249
48.50842667,12.96193800,16.40000266,13.42251429,17.94999807
48.51887512,12.95159899,16.40000165,13.41195339,17.94999927
48.52932739,12.94125398,16.40000149,13.40139586,17.94999872
48.53977203,12.93090986,16.40000205,13.39084637,17.94999901
48.55669022,12.93000033,16.43184010,13.38029802,17.94999953
48.56863022,12.92502948,16.45000040,13.36976145,17.94999850
48.57908249,12.91466542,16.44999998,13.35922567,17.94999808
48.58952332,12.90430572,16.45000061,13.34870150,17.94999909
48.59996796,12.89394076,16.45000123,13.33818066,17.94999757
48.61040878,12.88357041,16.45000109,13.32766271,17.94999782
48.62085342,12.87319913,16.45000081,13.31715163,17.94999813
48.63129425,12.86282337,16.45000127,13.30664421,17.94999937
48.64173126,12.85244761,16.45000038,13.29614250,17.94999758
48.65216827,12.84206824,16.45000033,13.28564602,17.94999898
48.66363144,12.83168728,16.45000062,13.28000019,17.96638485
48.68130493,12.82129804,16.45000134,13.27944434,17.99999884
48.69173813,12.81091425,16.45000048,13.26896094,17.99999949
48.70217514,12.80052533,16.45000063,13.25848181,18.00000079
48.71260834,12.79013201,16.45000085,13.24800340,18.00000071
48.72291946,12.78000060,16.45088746,13.23753359,17.99999957
48.74129105,12.78000026,16.48610916,13.22706116,17.99999941
48.75217438,12.77370416,16.50000156,13.21660111,18.00000040
48.76261139,12.76329614,16.50000237,13.20613758,17.99999983
48.77304077,12.75289226,16.50000207,13.19568639,18.00000068
48.78347397,12.74247923,16.50000149,13.18523155,17.99999968
48.79390335,12.73206845,16.50000234,13.17478495,18.00000095
48.80432892,12.72165581,16.50000109,13.16434335,18.00000070
48.81475830,12.71123875,16.50000226,13.15390073,17.99999921
48.82518387,12.70082370,16.50000265,13.14346780,17.99999986
48.83561325,12.69040036,16.50000226,13.13303095,18.00000076
48.84603882,12.67997981,16.50000302,13.12260277,17.99999870
48.85646439,12.66955269,16.50000204,13.11217513,18.00000044
48.86688995,12.65912335,16.50000138,13.10175123,18.00000072
48.87731552,12.64869536,16.50000114,13.09133224,18.00000040
48.88774109,12.63826037,16.50000159,13.08091150,17.99999918
48.90804291,12.62999990,16.50735778,13.08000041,18.03219672
48.93475723,12.62999974,16.54273235,13.07483849,18.04999828
48.94478607,12.62171152,16.55000248,13.06443417,18.04999923
48.95521164,12.61126811,16.55000219,13.05402541,18.04999898
48.96562958,12.60083042,16.55000222,13.04362447,18.04999831
48.97605515,12.59038377,16.55000257,13.03322135,18.04999853
48.98647690,12.57993700,16.55000125,13.02282482,18.05000018
48.99689484,12.56949322,16.55000240,13.01243088,18.04999942
49.00732422,12.55903985,16.55000128,13.00203208,18.04999996
49.01774216,12.54859030,16.55000133,12.99164303,18.04999999
49.02816772,12.53813331,16.55000122,12.98125153,18.04999828
49.03858566,12.52768048,16.55000161,12.97086516,18.04999941
49.04901123,12.51722018,16.55000244,12.96047798,18.04999902
49.05942917,12.50676524,16.55000148,12.95009709,18.04999908
49.06985092,12.49630216,16.55000249,12.93971161,18.05000010
49.07999802,12.48584421,16.55000206,12.92999954,18.05224865
49.10552216,12.48000027,16.56562272,12.92999946,18.08733848
49.12929535,12.47970283,16.59999950,12.92336748,18.09999807
49.13970947,12.46924090,16.60000163,12.91299639,18.09999872
49.15013504,12.45877065,16.60000097,12.90262061,18.09999808
49.16054916,12.44830485,16.60000168,12.89225278,18.09999778
49.17096710,12.43783575,16.59999955,12.88188528,18.09999866
49.18138504,12.42736726,16.60000004,12.87151942,18.09999937
49.19179916,12.41689936,16.60000155,12.86115761,18.09999754
49.20222092,12.40642433,16.60000001,12.85078984,18.09999724
49.21263885,12.39595438,16.60000153,12.84042821,18.09999720
49.22306061,12.38547590,16.60000031,12.83006263,18.09999825
49.23347473,12.37500242,16.59999997,12.81970460,18.09999935
49.24389648,12.36452246,16.59999954,12.80934091,18.09999746
49.25431824,12.35404490,16.60000146,12.79897911,18.09999820
49.26473999,12.34356059,16.60000139,12.78861634,18.09999769
49.27472687,12.33308246,16.60000143,12.77999998,18.10586027
49.29294205,12.32260055,16.59999950,12.77999953,18.14074631
49.30310059,12.31211685,16.60000011,12.77239079,18.14999875
49.31351852,12.30163301,16.60000066,12.76203761,18.14999874
49.32394028,12.29114701,16.60000098,12.75168245,18.14999831
49.33435822,12.28066179,16.59999964,12.74133043,18.14999828
49.34477997,12.27017355,16.59999999,12.73097533,18.14999973
49.35520172,12.25968421,16.60000095,12.72062231,18.14999830
49.36562347,12.24919336,16.59999975,12.71027004,18.14999929
49.37604523,12.23870370,16.60000107,12.69991823,18.15000037
49.38603210,12.23000013,16.60600225,12.68956647,18.14999912
49.40440369,12.23000009,16.64125367,12.67921102,18.14999916
49.41451645,12.22211725,16.65000261,12.66886020,18.14999916
49.42494202,12.21162285,16.65000258,12.65850452,18.14999860
49.43535995,12.20113321,16.65000094,12.64815548,18.14999839
49.44578552,12.19063555,16.65000130,12.63780113,18.14999925
49.45587921,12.18014420,16.65000209,12.62999938,18.15854278
49.47399902,12.16965204,16.65000085,12.62999927,18.19323007
49.48400497,12.15915431,16.65000142,12.62167007,18.19999762
49.49442291,12.14866009,16.65000273,12.61132730,18.19999958
49.50484467,12.13815988,16.65000182,12.60098158,18.19999835
49.51526642,12.12766056,16.65000281,12.59063561,18.19999941
49.52569199,12.11715896,16.65000193,12.58028997,18.19999783
49.53610992,12.10666186,16.65000117,12.56994890,18.19999880
49.54653549,12.09615724,16.65000248,12.55960330,18.19999844
49.55695343,12.08565790,16.65000232,12.54926286,18.19999933
49.58770752,12.06019254,16.59999978,12.53892034,18.19999884
49.59813309,12.04968029,16.60000117,12.52857608,18.19999828
49.60856247,12.03916920,16.60000170,12.51823310,18.19999959
49.61899185,12.02865373,16.60000018,12.50788635,18.19999856
49.62942123,12.01813819,16.59999996,12.49754505,18.19999957
49.63985062,12.00762223,16.60000113,12.48720001,18.19999788
49.65027618,11.99710845,16.60000083,12.47686095,18.19999880
49.66070938,11.98658739,16.60000001,12.46651581,18.19999880
49.67141342,11.98000054,16.61310416,12.45617543,18.19999848
49.68968201,11.98000048,16.64814354,12.44583444,18.19999834
49.69987488,11.97003975,16.65000074,12.43548944,18.19999783
49.71124268,11.95952516,16.65000230,12.42999912,18.21613557
49.72899628,11.94900413,16.65000080,12.42983372,18.24999921
49.73942184,11.93848638,16.65000172,12.41950081,18.25000058
49.74985123,11.92796105,16.65000252,12.40916089,18.24999920
49.76028061,11.91743945,16.65000174,12.39882711,18.25000060
49.77070999,11.90691591,16.65000066,12.38848990,18.24999947
49.78114319,11.89638785,16.65000224,12.37815280,18.24999969
49.79157257,11.88586366,16.65000154,12.36781926,18.25000027
49.82236099,11.86026513,16.60000013,12.35748074,18.25000022
49.83279419,11.84973168,16.60000163,12.34714746,18.25000001
49.84323502,11.83919013,16.60000093,12.33680957,18.24999913
49.85367203,11.82865282,16.60000015,12.32647358,18.24999877
49.86410904,11.81811243,16.60000152,12.31613827,18.24999952
49.87454605,11.80757162,16.60000113,12.30580273,18.25000096
49.88498306,11.79703140,16.60000085,12.29546905,18.24999944
49.89542770,11.78648309,16.60000063,12.28513011,18.24999970
49.91791534,11.76082131,16.55000220,12.28000016,18.26721135
49.93520355,11.75026597,16.55000184,12.27958286,18.29999881
49.94564438,11.73971228,16.55000179,12.26925553,18.29999920
49.97645950,11.71401675,16.50000096,12.25892373,18.29999869
49.98690033,11.70345590,16.50000302,12.24859732,18.29999871
49.99735260,11.69288546,16.50000243,12.23826489,18.30000007
50.00780106,11.68232033,16.50000232,12.22793841,18.29999902
50.06397629,11.64142905,16.40000266,12.21761304,18.29999795
50.07443619,11.63084161,16.40000213,12.20728206,18.29999873
50.08489227,11.62025648,16.40000170,12.19695537,18.29999900
50.09534836,11.60966942,16.40000168,12.18662723,18.29999933
50.10580826,11.59908088,16.40000139,12.17629770,18.29999949
50.11626816,11.58848873,16.40000221,12.16597002,18.29999910
50.12628937,11.58000049,16.40691164,12.15564465,18.29999812
50.14443970,11.58000098,16.44171676,12.14532109,18.30000003
50.15452957,11.57193018,16.45000018,12.13499002,18.29999868
50.16624832,11.56134221,16.45000032,12.12999925,18.31750903
50.18340302,11.55074939,16.45000138,12.12956633,18.34999759
50.19385910,11.54015648,16.45000143,12.11924830,18.34999811
50.20431900,11.52956078,16.45000080,12.10892679,18.34999806
50.21477890,11.51896440,16.45000102,12.09860581,18.34999850
50.22523880,11.50836250,16.45000136,12.08828389,18.34999763
50.23569870,11.49776550,16.45000169,12.07796511,18.34999723
50.24615860,11.48716471,16.45000000,12.06764471,18.34999934
50.25655746,11.48000075,16.46125933,12.05732178,18.34999835
50.27464294,11.48000013,16.49592535,12.04700408,18.34999918
50.28469086,11.47064432,16.50000258,12.03667909,18.34999939
50.29515076,11.46004345,16.50000222,12.02635849,18.34999754
50.30561447,11.44943849,16.50000156,12.01603627,18.34999714
50.31607437,11.43883666,16.50000182,12.00571830,18.34999719
50.32608032,11.42999982,16.50577893,11.99539459,18.34999944
50.34412384,11.43000031,16.54035849,11.98507543,18.34999858
50.35892105,11.42235844,16.55000127,11.97999965,18.36707966
50.37624741,11.41175227,16.55000171,11.97978457,18.39999914
50.38670731,11.40114785,16.55000054,11.96947264,18.40000009
50.39716721,11.39054040,16.55000165,11.95915680,18.39999841
50.40759659,11.38000026,16.55023204,11.94884419,18.40000049
50.42559814,11.37999976,16.58472398,11.93852612,18.40000040
50.43673325,11.37409834,16.60000070,11.92821433,18.40000018
50.44719696,11.36349076,16.60000021,11.91789986,18.39999885
50.45766068,11.35287971,16.60000001,11.90758211,18.40000012
50.46812057,11.34227091,16.60000046,11.89726921,18.39999893
50.47858429,11.33165806,16.60000039,11.88695262,18.39999943
50.48892212,11.32104404,16.60000099,11.87999928,18.41089168
50.50644302,11.31042577,16.59999945,11.87999960,18.44429294
50.51643753,11.29981346,16.60000095,11.87145906,18.44999928
50.52690506,11.28918979,16.60000148,11.86114690,18.44999793
50.53692245,11.28000080,16.60461639,11.85084156,18.44999789
50.55483627,11.28000081,16.63892988,11.84053672,18.44999890
50.56518936,11.27280956,16.65000058,11.83023006,18.44999931
50.57565308,11.26219229,16.65000222,11.81992211,18.44999962
50.58611679,11.25157254,16.65000176,11.80961142,18.44999795
50.59658051,11.24095145,16.65000194,11.79930537,18.44999766
50.60704803,11.23032572,16.65000182,11.78899369,18.44999973
50.61708450,11.21970092,16.65000195,11.77999961,18.45423306
50.63450623,11.20907295,16.65000213,11.78000015,18.48741527
50.64508820,11.19844403,16.65000093,11.77361262,18.49999873
50.65554810,11.18781869,16.65000215,11.76331618,18.49999989
50.66567612,11.18000024,16.65905205,11.75301188,18.49999972
50.68350601,11.18000034,16.69318795,11.74271194,18.50000003
50.69350815,11.17149371,16.70000015,11.73240990,18.49999943
50.70396805,11.16086815,16.70000182,11.72211127,18.49999884
50.71443939,11.15023319,16.70000073,11.71180578,18.49999991
50.72490311,11.13960261,16.70000043,11.70150742,18.50000076
50.73537064,11.12897100,16.70000045,11.69120737,18.49999958
50.74583817,11.11833252,16.70000047,11.68090443,18.49999961
50.75630569,11.10769754,16.70000093,11.67060552,18.49999983
50.76678085,11.09705463,16.70000102,11.66030012,18.49999934
50.77725220,11.08641404,16.70000165,11.64999803,18.49999893
50.78800201,11.08000060,16.71351235,11.63969345,18.49999991
50.80657578,11.08000049,16.74744857,11.62999897,18.50193045
50.82495880,11.07015943,16.75000186,11.62999923,18.53479551
50.83605194,11.05951944,16.75000105,11.62447550,18.54999797
50.84651947,11.04887921,16.75000221,11.61418378,18.54999977
50.85699081,11.03823212,16.75000121,11.60388635,18.54999884
50.86701584,11.03000045,16.75767174,11.59358925,18.54999877
50.88470840,11.03000077,16.79151833,11.58329074,18.55000011
50.89477539,11.02202940,16.80000148,11.57299589,18.54999788
50.90524673,11.01138566,16.80000072,11.56269667,18.54999861
50.91571426,11.00074431,16.80000029,11.55240316,18.54999878
50.92618561,10.99009820,16.80000251,11.54210594,18.54999839
50.93665695,10.97945160,16.80000223,11.53180861,18.54999804
50.94713211,10.96880275,16.80000208,11.52151068,18.54999969
50.95761108,10.95814821,16.80000056,11.51121126,18.54999866
50.96808243,10.94749610,16.80000110,11.50091534,18.54999922
50.97856522,10.93683613,16.80000162,11.49061215,18.54999965
50.98904037,10.93000048,16.81205909,11.48031460,18.54999798
51.02162170,10.93000055,16.84570134,11.47999949,18.58151972
51.03491974,10.92071294,16.85000073,11.47556530,18.59999834
51.04538727,10.91006239,16.85000176,11.46527784,18.59999947
51.05586243,10.89940505,16.85000089,11.45498652,18.59999761
51.06633377,10.88875126,16.84999968,11.44469800,18.59999838
51.07681274,10.87808837,16.85000093,11.43440297,18.59999794
51.08728790,10.86742745,16.85000016,11.42411052,18.59999792
51.09776688,10.85676032,16.84999954,11.41381626,18.59999903
51.10824585,10.84609728,16.84999981,11.40352588,18.59999849
51.11872864,10.83543053,16.85000132,11.39322923,18.59999729
51.13009262,10.83000080,16.86641877,11.38294093,18.59999819
51.14757156,10.83000090,16.89983106,11.37265031,18.59999917
51.15802765,10.81938934,16.90000241,11.36235096,18.59999902
51.16850662,10.80872598,16.90000246,11.35205786,18.59999872
51.17898941,10.79805635,16.90000268,11.34175961,18.59999815
51.18947220,10.78738967,16.90000065,11.33146525,18.59999742
51.20453644,10.77671819,16.90000115,11.32999985,18.62757641
51.21769333,10.76604921,16.90000240,11.32689919,18.64999979
51.22817612,10.75537296,16.90000283,11.31660995,18.64999921
51.23865891,10.74469654,16.90000205,11.30632319,18.64999908
51.24914169,10.73401881,16.90000109,11.29603696,18.65000051
51.26173782,10.73000042,16.92074229,11.28574583,18.64999876
51.27746964,10.72873505,16.95000201,11.27545960,18.65000014
51.28795242,10.71805837,16.95000041,11.26516847,18.65000012
51.29843140,10.70738561,16.94999978,11.25488131,18.64999842
51.30891800,10.69670596,16.95000101,11.24459088,18.65000003
51.31940079,10.68602999,16.95000014,11.23430204,18.64999995
51.32988739,10.67534910,16.95000211,11.22401146,18.64999921
51.34037781,10.66466221,16.95000191,11.21371643,18.64999828
51.35086441,10.65397521,16.95000178,11.20342459,18.64999866
51.36135864,10.64328295,16.94999984,11.19312903,18.64999933
51.37184906,10.63259376,16.95000001,11.18283713,18.64999935
51.38591766,10.63000001,16.97500323,11.17253982,18.65000007
51.39997482,10.62741547,17.00000183,11.16224939,18.64999940
51.41046524,10.61673054,17.00000326,11.15195171,18.64999847
51.42095566,10.60604563,17.00000118,11.14165808,18.65000036
51.43144989,10.59535679,17.00000203,11.13136272,18.64999918
51.44645309,10.58466379,17.00000263,11.12999932,18.67748286
51.45962143,10.57397156,17.00000330,11.12703377,18.69999897
51.47011185,10.56327623,17.00000173,11.11674642,18.69999824
51.48060226,10.55258046,17.00000293,11.10646092,18.69999931
51.49110031,10.54187681,17.00000162,11.09616931,18.69999974
51.50159836,10.53117491,17.00000099,11.08588029,18.69999798
51.51727676,10.53000045,17.02919206,11.07559100,18.69999786
51.52986908,10.52610234,17.05000103,11.06530322,18.69999967
51.54035950,10.51541000,17.05000207,11.05501513,18.69999965
51.55085754,10.50470807,17.05000091,11.04472090,18.69999860
51.56135178,10.49401215,17.05000249,11.03443202,18.69999806
51.57184982,10.48330853,17.05000193,11.02413965,18.69999875
51.58501434,10.48000059,17.07254535,11.01385010,18.69999920
51.59999084,10.47831150,17.10000079,11.00355537,18.69999962
51.61048508,10.46761859,17.10000177,10.99326321,18.69999753
51.62097931,10.45692380,17.10000053,10.98297046,18.69999774
51.63404465,10.44621752,17.09999959,10.97999978,18.72227164
51.64912796,10.43551475,17.10000095,10.97883837,18.74999876
51.65962219,10.42480841,17.10000032,10.96855324,18.75000078
51.67011642,10.41410199,17.10000011,10.95826901,18.75000006
51.68061829,10.40338790,17.09999978,10.94797920,18.74999869
51.69112015,10.39267564,17.10000020,10.93769323,18.74999974
51.70162201,10.38195932,17.10000006,10.92740125,18.75000074
51.71620560,10.38000030,17.12647104,10.91711370,18.74999895
51.72969818,10.37707947,17.15000109,10.90682476,18.74999912
51.74020004,10.36636995,17.15000222,10.89653064,18.74999901
51.75069809,10.35566118,17.15000186,10.88624002,18.74999891
51.76120377,10.34494652,17.15000218,10.87594840,18.75000038
51.77170563,10.33423219,17.15000206,10.86565515,18.74999937
51.78221512,10.32351278,17.15000238,10.85535975,18.75000029
51.79272079,10.31279389,17.15000060,10.84506545,18.74999880
51.80323029,10.30207138,17.15000133,10.83476803,18.74999958
51.81457901,10.29134987,17.15000205,10.82999991,18.76658604
51.83090973,10.28062545,17.15000186,10.83000001,18.79744143
51.84807968,10.28000075,17.18028025,10.82056467,18.79999894
51.86029816,10.27586658,17.20000182,10.81027964,18.79999911
51.87080383,10.26514434,17.20000189,10.79999136,18.79999824
51.88130569,10.25442416,17.19999997,10.78970453,18.79999818
51.89181519,10.24369937,17.20000028,10.77941405,18.79999982
51.90232086,10.23297565,17.20000084,10.76912489,18.79999906
51.91282654,10.22224984,17.19999994,10.75883614,18.79999834
51.92334366,10.21151572,17.20000046,10.74854055,18.79999852
51.93385315,10.20078503,17.19999987,10.73825090,18.79999927
51.94437027,10.19004868,17.20000119,10.72795362,18.79999990
51.95458984,10.18000011,17.20204408,10.71766060,18.79999987
51.97135162,10.18000049,17.23394256,10.70735939,18.80000002
51.98255157,10.17468272,17.25000265,10.69706174,18.79999791
51.99306870,10.16395058,17.25000297,10.68676019,18.79999984
52.00326157,10.15321908,17.25000149,10.67999976,18.81047999
52.01942062,10.14248680,17.25000181,10.67999939,18.84096096
52.02947998,10.13174766,17.25000259,10.67276049,18.84999936
52.04406357,10.13000028,17.27656626,10.66247146,18.84999904
52.05748367,10.12719991,17.30000096,10.65217543,18.84999768
52.06799698,10.11647241,17.30000232,10.64188155,18.84999905
52.07851028,10.10573882,17.30000190,10.63158415,18.84999765
52.08902359,10.09500660,17.30000167,10.62128901,18.84999863
52.09954834,10.08426641,17.30000086,10.61098635,18.84999881
52.11006165,10.07353396,17.30000114,10.60069067,18.84999745
52.12057877,10.06279545,17.30000176,10.59039168,18.84999824
52.13109970,10.05205399,17.30000182,10.58008952,18.84999824
52.14162064,10.04131357,17.30000253,10.56978887,18.84999868
52.15214920,10.03056702,17.30000080,10.55948342,18.84999867
52.16801071,10.03000035,17.32980327,10.54917963,18.84999869
52.18033981,10.02616167,17.35000165,10.53887006,18.84999822
52.19086075,10.01542623,17.35000104,10.52856313,18.84999813
52.20138550,10.00468814,17.35000031,10.51825447,18.84999762
52.21191406,9.99394395,17.35000133,10.50793973,18.84999864
52.22243881,9.98320351,17.35000083,10.49762715,18.84999859
52.23534393,9.98000073,17.37198564,10.48730785,18.84999739
52.25420761,9.97888482,17.40000277,10.47999993,18.85875701
52.27014923,9.96814550,17.40000215,10.47999947,18.88877579
52.28041077,9.95740904,17.40000257,10.47355510,18.89999970
52.29093552,9.94667085,17.40000261,10.46324520,18.89999950
52.30145645,9.93593201,17.40000065,10.45293986,18.90000049
52.31198120,9.92519130,17.40000126,10.44263156,18.89999922
52.32251358,9.91444609,17.40000181,10.43231659,18.89999852
52.33303833,9.90370177,17.40000239,10.42200490,18.89999948
52.34357452,9.89295035,17.40000280,10.41168613,18.90000015
52.35411072,9.88220086,17.40000130,10.40136779,18.89999936
52.36795425,9.87999973,17.42469975,10.39104466,18.89999967
52.38201904,9.87802758,17.45000104,10.38072670,18.89999825
52.39255524,9.86728298,17.45000201,10.37039976,18.89999913
52.40308380,9.85654179,17.45000128,10.36007948,18.89999950
52.41362000,9.84579781,17.45000051,10.34975469,18.90000044
52.42416000,9.83504994,17.45000173,10.33942310,18.89999902
52.43608856,9.83000069,17.46637146,10.32999980,18.90259813
52.46634293,9.83000050,17.49722093,10.32999962,18.93225837
52.47874069,9.82023054,17.50000325,10.32586152,18.94999949
52.48927307,9.80948763,17.50000241,10.31553559,18.94999794
52.49980927,9.79874505,17.50000176,10.30521091,18.94999887
52.51034164,9.78800316,17.50000165,10.29488864,18.94999940
52.52087784,9.77725515,17.50000128,10.28455932,18.94999752
52.53141785,9.76650894,17.50000102,10.27423127,18.94999830
52.54195786,9.75575710,17.50000297,10.26389751,18.94999869
52.55250168,9.74500639,17.50000265,10.25356399,18.94999955
52.56304932,9.73424895,17.50000271,10.24322405,18.94999801
52.57359695,9.72349310,17.50000221,10.23288653,18.94999810
52.58414841,9.71273438,17.50000209,10.22254419,18.94999918
52.59469604,9.70197853,17.50000234,10.21220484,18.94999785
52.60524368,9.69122048,17.50000237,10.20186367,18.94999867
52.61580276,9.68045425,17.50000233,10.19151456,18.94999912
52.62635803,9.66969016,17.50000253,10.18116789,18.94999970
52.64067078,9.65892073,17.50000227,10.17999920,18.97601951
52.65422440,9.64815610,17.50000275,10.17813007,19.00000008
52.66477966,9.63738488,17.50000248,10.16778705,18.99999876
52.67485046,9.63000007,17.50956578,10.15744681,19.00000020
52.69091797,9.63000032,17.53998626,10.14710060,19.00000070
52.70102692,9.62278797,17.55000154,10.13675243,18.99999990
52.71157837,9.61202607,17.55000195,10.12640408,18.99999877
52.72214127,9.60126029,17.55000211,10.11605158,18.99999985
52.73269653,9.59049701,17.55000051,10.10570096,18.99999934
52.74325943,9.57972810,17.55000044,10.09534321,19.00000088
52.75382233,9.56895838,17.55000037,10.08498477,18.99999963
52.76439285,9.55818385,17.55000037,10.07462004,18.99999880
52.77495956,9.54741227,17.55000034,10.06425730,19.00000086
52.78552628,9.53664042,17.55000081,10.05389510,19.00000036
52.79610062,9.52586199,17.55000057,10.04352522,18.99999949
52.80667496,9.51508522,17.55000079,10.03315576,18.99999944
52.81725311,9.50430275,17.55000035,10.02277972,18.99999897
52.82782745,9.49352636,17.55000051,10.01240943,18.99999907
52.83840942,9.48274232,17.55000229,10.00202957,18.99999876
52.84898758,9.47196052,17.55000242,9.99165285,18.99999898
52.85957336,9.46117281,17.55000230,9.98126955,18.99999911
52.87362671,9.45038464,17.55000201,9.97999956,19.02538793
52.88739014,9.43959978,17.55000168,9.97846463,19.04999854
52.89797211,9.42880881,17.55000149,9.96808894,19.04999954
52.90855408,9.41801797,17.55000089,9.95771109,19.04999840
52.91914368,9.40722121,17.55000238,9.94732909,19.04999845
52.92973328,9.39642673,17.55000182,9.93694781,19.04999960
52.94032669,9.38562847,17.55000102,9.92656073,19.04999837
52.95106506,9.38000024,17.56431628,9.91617740,19.04999980
52.96689224,9.38000023,17.59421316,9.90578408,19.04999907
52.97686386,9.37130396,17.60000131,9.89539199,19.04999854
52.98745346,9.36051748,17.60000052,9.88500123,19.05000004
52.99804688,9.34972622,17.59999976,9.87460345,19.04999972
53.00864029,9.33893577,17.60000137,9.86420429,19.04999982
53.01924133,9.32814024,17.60000173,9.85379799,19.04999938
53.02984238,9.31734698,17.60000077,9.84339457,19.04999990
53.04044342,9.30655005,17.60000171,9.83298409,19.04999826
53.05276489,9.29575461,17.60000065,9.83000008,19.07043052
53.06805801,9.28495819,17.59999960,9.83000001,19.09904635
53.07849884,9.27415625,17.60000005,9.81994133,19.09999752
53.08909988,9.26335830,17.60000048,9.80953947,19.09999930
53.09970474,9.25255408,17.60000119,9.79913056,19.09999887
53.11031342,9.24175245,17.60000130,9.78872154,19.09999886
53.12092590,9.23094257,17.59999947,9.77830565,19.09999880
53.13153076,9.22014010,17.60000033,9.76789416,19.09999730
53.14214706,9.20933131,17.60000043,9.75747564,19.09999778
53.15275955,9.19852371,17.60000049,9.74705650,19.09999877
53.16337585,9.18771586,17.60000027,9.73663338,19.09999832
53.17399597,9.17690123,17.60000023,9.72620591,19.09999945
53.18461227,9.16609191,17.60000072,9.71578243,19.09999891
53.19523621,9.15527710,17.60000043,9.70534976,19.09999899
53.20585632,9.14446416,17.60000017,9.69491788,19.09999945
53.21648788,9.13364612,17.60000168,9.68447664,19.09999785
53.23480606,9.13000005,17.61951168,9.67999926,19.11621612
53.26370239,9.13000024,17.64891717,9.67999952,19.14460201
53.27367020,9.11959348,17.65000095,9.67155390,19.15000046
53.28429031,9.10878697,17.65000059,9.66112164,19.15000034
53.29491425,9.09797861,17.65000254,9.65068169,19.14999927
53.30553436,9.08717277,17.65000208,9.64024620,19.15000016
53.31616211,9.07636152,17.65000153,9.62980264,19.14999931
53.32678986,9.06555226,17.65000095,9.61935979,19.14999890
53.33742142,9.05473912,17.65000203,9.60890903,19.14999888
53.34804916,9.04392966,17.65000169,9.59846437,19.14999895
53.35867691,9.03311832,17.65000063,9.58801474,19.14999952
53.37109375,9.03000076,17.67079310,9.57755676,19.14999872
53.38659286,9.03000062,17.69997148,9.56710305,19.15000042
53.39722061,9.01920435,17.70000015,9.55663835,19.14999997
53.40785599,9.00839983,17.70000173,9.54617432,19.15000027
53.41849518,8.99758948,17.70000081,9.53570513,19.15000034
53.42894745,8.98678574,17.70000184,9.52999952,19.16282253
53.44403839,8.97597619,17.70000101,9.52999945,19.19099946
53.45406723,8.96516887,17.70000170,9.52287905,19.19999858
53.46470261,8.95435995,17.70000036,9.51241522,19.19999920
53.47534561,8.94354638,17.70000132,9.50194364,19.19999789
53.48598480,8.93273952,17.70000159,9.49147320,19.19999789
53.49663162,8.92192519,17.69999992,9.48099750,19.19999773
53.50727081,8.91111572,17.70000086,9.47052430,19.19999837
53.51792145,8.90029925,17.70000054,9.46004002,19.19999925
53.52856827,8.88948669,17.70000062,9.44955761,19.19999851
53.53922272,8.87866816,17.70000005,9.43906707,19.19999807
53.54987335,8.86785564,17.69999987,9.42858091,19.19999828
53.56052399,8.85704209,17.70000194,9.41809215,19.19999882
53.57118225,8.84622413,17.70000127,9.40759548,19.19999796
53.58183670,8.83540837,17.70000065,9.39710058,19.19999959
53.59249878,8.82458789,17.70000152,9.38659632,19.19999937
53.60315704,8.81376990,17.70000067,9.37609567,19.19999952
53.61382294,8.80295088,17.70000144,9.36558732,19.19999851
53.62448502,8.79213487,17.70000028,9.35508196,19.19999813
53.63514709,8.78131785,17.70000066,9.34457220,19.19999804
53.64581680,8.77049560,17.70000098,9.33405561,19.19999826
53.65718079,8.75967623,17.70000098,9.33000023,19.21718666
53.67217255,8.74885633,17.70000119,9.33000025,19.24514564
53.68222046,8.73803947,17.70000097,9.32131694,19.25000058
53.69220734,8.73000048,17.70739463,9.31080137,19.24999960
53.70749283,8.73000085,17.73610702,9.30028515,19.25000002
53.71812820,8.72441998,17.75000269,9.28976174,19.24999991
53.72879410,8.71361157,17.75000103,9.27924194,19.24999894
53.73946381,8.70280060,17.75000112,9.26871527,19.24999884
53.75013351,8.69198806,17.75000310,9.25818596,19.25000083
53.76080322,8.68117755,17.75000237,9.24765527,19.24999895
53.77148056,8.67036338,17.75000166,9.23711879,19.25000032
53.78215408,8.65955243,17.75000308,9.22658255,19.24999972
53.79283142,8.64873702,17.75000186,9.21603988,19.24999970
53.80350876,8.63792549,17.75000279,9.20549733,19.25000080
53.81418991,8.62711178,17.75000323,9.19495028,19.24999948
53.82486725,8.61630203,17.75000171,9.18440527,19.24999953
53.83598328,8.60549172,17.75000166,9.17999938,19.26621376
53.85091782,8.59467658,17.75000126,9.17999899,19.29405335
53.86092377,8.58386646,17.75000307,9.17170548,19.29999919
53.87160873,8.57305041,17.75000236,9.16115103,19.29999846
53.88228607,8.56224276,17.75000325,9.15060005,19.29999863
53.89297104,8.55142953,17.75000226,9.14004407,19.29999919
53.90365601,8.54062100,17.75000318,9.12948663,19.29999876
53.91433716,8.52981181,17.75000110,9.11892711,19.29999840
53.92502975,8.51899870,17.75000282,9.10835771,19.29999895
53.93571854,8.50818857,17.75000264,9.09779202,19.29999986
53.94641113,8.49737425,17.75000195,9.08721809,19.29999907
53.95644379,8.48656896,17.75000300,9.07999992,19.30880691
53.97134018,8.47575865,17.75000153,9.08000038,19.33657602
53.98188400,8.46495298,17.75000233,9.07454430,19.34999752
53.99257660,8.45414117,17.75000231,9.06396825,19.34999908
54.00326920,8.44333429,17.75000190,9.05339098,19.34999730
54.01396179,8.43252859,17.75000132,9.04281333,19.34999875
54.02465820,8.42171821,17.75000237,9.03222733,19.34999777
54.03739929,8.41091166,17.75000114,9.03000015,19.37189487
54.05228043,8.40010490,17.75000125,9.02999984,19.39961986
54.06290054,8.38930192,17.75000130,9.01956362,19.39999999
54.07360077,8.37849381,17.75000277,9.00897076,19.40000014
54.08429718,8.36769169,17.75000182,8.99838170,19.39999883
54.09499741,8.35688697,17.75000304,8.98778670,19.39999833
54.10569382,8.34608418,17.75000099,8.97719208,19.40000029
54.11639404,8.33528427,17.75000116,8.96659363,19.39999920
54.12709808,8.32447976,17.75000282,8.95598876,19.40000032
54.13780212,8.31367863,17.75000208,8.94538475,19.39999989
54.14850616,8.30288071,17.75000267,8.93477569,19.39999885
54.15920639,8.29208421,17.75000131,8.92416948,19.40000031
54.16991425,8.28128486,17.75000142,8.91355517,19.40000016
54.18061829,8.27049023,17.75000316,8.90294135,19.40000050
54.19132233,8.25969676,17.75000285,8.89232685,19.39999963
54.20203400,8.24889838,17.75000314,8.88170185,19.39999877
54.21522903,8.23810581,17.75000149,8.87999917,19.42324984
54.22972107,8.22730861,17.75000131,8.87963624,19.44999796
54.24042892,8.21651975,17.75000310,8.86901408,19.44999856
54.25113678,8.20572694,17.75000163,8.85838635,19.44999915
54.26184082,8.19494072,17.75000284,8.84776206,19.44999830
54.27255249,8.18415161,17.75000296,8.83712991,19.44999830
54.30476761,8.15415598,17.70000162,8.82649852,19.44999909
54.31547928,8.14336694,17.70000021,8.81586399,19.44999848
54.32619476,8.13257439,17.70000028,8.80522352,19.44999761
54.33690643,8.12178739,17.70000193,8.79458309,19.44999784
54.34762573,8.11099850,17.70000060,8.78393697,19.44999914
54.35833740,8.10021642,17.70000145,8.77329450,19.44999863
54.36905670,8.08942714,17.69999988,8.76264405,19.44999864
54.37977219,8.07864678,17.70000124,8.75199257,19.44999755
54.39049149,8.06786267,17.70000002,8.74133837,19.44999864
54.40120697,8.05708499,17.70000111,8.73068629,19.44999849
54.41192245,8.04631070,17.70000132,8.72003207,19.44999948
54.42264175,8.03553048,17.70000120,8.70937076,19.44999808
54.43336105,8.02475901,17.70000183,8.69870880,19.44999839
54.44408035,8.01398073,17.70000032,8.68804251,19.44999816
54.45408630,8.00320931,17.70000017,8.67999977,19.45680629
54.46894455,7.99243535,17.70000185,8.67999931,19.48450322
54.47989273,7.98166675,17.69999989,8.67530162,19.50000061
54.49061203,7.97089808,17.70000034,8.66463085,19.49999984
54.50133514,7.96013010,17.70000200,8.65395414,19.50000030
54.51205063,7.94936840,17.70000115,8.64328216,19.49999893
54.52276993,7.93860592,17.70000178,8.63260474,19.50000077
54.53348923,7.92784780,17.70000025,8.62192920,19.49999887
54.54420853,7.91708589,17.70000185,8.61124763,19.50000090
54.55492783,7.90633168,17.70000043,8.60056495,19.50000062
54.56565094,7.89557312,17.70000108,8.58987756,19.50000000
54.57637024,7.88482259,17.70000120,8.57919331,19.50000071
54.60861588,7.85478172,17.65000272,8.56850239,19.49999917
54.61933899,7.84402569,17.65000172,8.55780868,19.50000026
54.63005829,7.83327850,17.65000269,8.54711740,19.50000078
54.64078522,7.82252671,17.65000197,8.53641785,19.50000079
54.65100098,7.81178033,17.65000096,8.52999932,19.51108957
54.66587067,7.80103354,17.65000162,8.53000001,19.53882165
54.67609787,7.79029169,17.65000141,8.52361356,19.55000017
54.68682480,7.77954793,17.65000059,8.51290630,19.54999823
54.69754028,7.76881372,17.65000114,8.50220477,19.54999938
54.70825958,7.75808214,17.65000114,8.49150177,19.54999877
54.71898270,7.74734708,17.65000063,8.48079281,19.54999863
54.72969818,7.73661860,17.65000161,8.47008602,19.54999916
54.74042130,7.72588912,17.65000161,8.45937220,19.54999825
54.75113678,7.71516556,17.65000264,8.44866048,19.54999995
54.76185989,7.70443859,17.65000123,8.43794286,19.55000018
54.77257919,7.69371838,17.65000170,8.42722823,19.54999847
54.78329468,7.68300020,17.65000100,8.41651123,19.54999992
54.81554794,7.65297582,17.59999980,8.40578774,19.54999915
54.82626343,7.64226466,17.60000170,8.39506610,19.54999973
54.83698273,7.63157141,17.59999968,8.38432241,19.54999884
54.84818268,7.62088825,17.60000076,8.37999907,19.56663067
54.86309814,7.61020187,17.60000089,8.37999893,19.59448017
54.87313080,7.59952491,17.59999969,8.37137997,19.59999921
54.88385010,7.58884529,17.59999979,8.36062583,19.59999943
54.89456177,7.57817433,17.60000148,8.34987368,19.59999835
54.90526962,7.56750816,17.60000043,8.33912432,19.59999807
54.91598129,7.55684145,17.60000014,8.32836837,19.59999807
54.92668915,7.54617915,17.60000068,8.31761040,19.59999891
54.93740463,7.53551348,17.60000110,8.30684793,19.59999736
54.96963501,7.50557814,17.55000035,8.29609187,19.59999924
54.98034286,7.49492515,17.55000232,8.28533011,19.59999875
54.99104691,7.48427726,17.55000231,8.27457264,19.59999909
55.00175476,7.47362975,17.55000204,8.26380673,19.59999737
55.01245499,7.46298711,17.55000193,8.25304610,19.59999821
55.02315521,7.45235068,17.55000249,8.24228240,19.59999818
55.03385925,7.44171114,17.55000214,8.23151363,19.59999788
55.04731369,7.43107833,17.55000189,8.22999933,19.62401097
55.06150436,7.42044416,17.55000207,8.22923677,19.65000009
55.07220459,7.40981615,17.55000173,8.21846553,19.64999993
55.08290482,7.39918517,17.55000029,8.20768918,19.64999960
55.09360504,7.38856325,17.55000097,8.19691740,19.65000032
55.12582016,7.35870170,17.50000104,8.18614281,19.64999938
55.13651657,7.34808668,17.50000280,8.17536417,19.64999868
55.14720917,7.33747407,17.50000184,8.16458901,19.65000024
55.15790558,7.32686102,17.50000183,8.15380775,19.64999943
55.16859818,7.31625639,17.50000199,8.14303175,19.65000001
55.17929077,7.30564923,17.50000281,8.13224969,19.65000006
55.18998337,7.29504868,17.50000286,8.12146959,19.64999858
55.20067596,7.28444561,17.50000279,8.11068813,19.64999913
55.23287582,7.25463911,17.45000064,8.09990734,19.64999838
55.24356079,7.24405024,17.44999982,8.08912864,19.64999980
55.25424576,7.23346218,17.45000182,8.07834225,19.64999959
55.26493073,7.22287488,17.45000050,8.06756265,19.64999892
55.27561569,7.21229189,17.45000081,8.05677594,19.64999898
55.28629684,7.20171321,17.45000127,8.04599355,19.64999918
55.29697800,7.19113271,17.45000170,8.03520851,19.64999963
55.30770493,7.18055968,17.45000054,8.02999944,19.66453221
55.32272720,7.16998121,17.45000025,8.02999934,19.69265778
55.33269882,7.15941554,17.45000192,8.02202536,19.69999903
55.34337616,7.14884564,17.44999999,8.01123821,19.69999925
55.35405731,7.13827681,17.45000147,8.00044644,19.69999975
55.38623047,7.10856162,17.40000257,7.98965707,19.69999882
55.39690781,7.09800184,17.40000125,7.97886603,19.69999978
55.40757751,7.08744854,17.40000195,7.96807782,19.69999878
55.41825104,7.07689191,17.40000232,7.95728652,19.69999759
55.42892075,7.06634426,17.40000128,7.94649878,19.69999961
55.43958664,7.05579683,17.40000265,7.93571078,19.69999889
55.45026016,7.04524759,17.40000073,7.92491848,19.69999832
55.46092224,7.03470283,17.40000159,7.91413171,19.69999767
55.49308014,7.00504529,17.35000172,7.90334119,19.69999960
55.50374222,6.99450815,17.35000000,7.89255478,19.69999915
55.51440430,6.98397349,17.34999957,7.88176491,19.69999937
55.52771759,6.97344392,17.35000097,7.87999983,19.72361857
55.54205704,6.96291229,17.35000140,7.87927960,19.74999935
55.55271912,6.95238396,17.35000007,7.86848819,19.74999894
55.56337738,6.94185789,17.35000093,7.85769842,19.74999873
55.57403564,6.93133208,17.35000014,7.84690483,19.75000068
55.60617065,6.90174220,17.30000176,7.83611487,19.75000082
55.61682510,6.89122408,17.30000209,7.82532173,19.74999874
55.62747574,6.88071179,17.30000163,7.81453405,19.74999891
55.63813019,6.87019408,17.30000105,7.80374325,19.75000048
55.64877701,6.85968364,17.30000070,7.79295653,19.75000091
55.65942764,6.84917274,17.30000125,7.78216442,19.74999877
55.67007446,6.83866579,17.30000243,7.77137926,19.74999876
55.70219040,6.80912966,17.25000153,7.76059459,19.74999889
55.71283722,6.79862575,17.25000306,7.74980795,19.75000094
55.72348022,6.78812475,17.25000225,7.73902075,19.74999915
55.73351669,6.77761944,17.25000259,7.72999988,19.75465395
55.74864578,6.76711932,17.25000135,7.72999959,19.78302721
55.75991821,6.75661531,17.25000268,7.72565827,19.79999806
55.77055740,6.74612486,17.25000309,7.71487169,19.79999871
55.78120041,6.73562964,17.25000326,7.70408304,19.79999797
55.79184341,6.72512720,17.25000275,7.69329338,19.79999947
55.80248642,6.71463526,17.25000306,7.68250634,19.79999951
55.81312943,6.70413639,17.25000206,7.67171821,19.79999872
55.82376862,6.69364043,17.25000184,7.66093608,19.80000001
55.83440781,6.68314592,17.25000158,7.65014709,19.79999912
55.86649704,6.65369490,17.20000023,7.63936553,19.79999825
55.87713242,6.64320789,17.20000174,7.62858178,19.79999988
55.88776779,6.63272044,17.19999985,7.61780294,19.79999888
55.89839935,6.62223538,17.20000013,7.60702432,19.79999810
55.90903091,6.61174832,17.20000014,7.59624435,19.79999933
55.91966248,6.60126186,17.20000144,7.58546971,19.80000018
55.93029404,6.59077535,17.20000180,7.57468970,19.79999929
55.94092178,6.58029139,17.20000167,7.56391843,19.79999836
55.95155334,6.56980313,17.20000102,7.55314348,19.79999903
55.96218109,6.55931813,17.20000158,7.54237463,19.79999990
55.97281265,6.54882792,17.19999972,7.53160093,19.79999819
55.98637009,6.53834165,17.19999979,7.52999991,19.82426661
56.00046921,6.52785590,17.20000070,7.52894907,19.84999830
56.01110458,6.51736078,17.20000051,7.51817190,19.84999767
56.02173615,6.50687194,17.19999997,7.50739900,19.84999736
56.03237152,6.49637907,17.20000027,7.49662540,19.84999916
56.04299927,6.48589185,17.20000097,7.48585668,19.84999922
56.07505417,6.45653477,17.15000255,7.47508595,19.84999841
56.08567810,6.44604930,17.15000070,7.46432040,19.84999772
56.09630203,6.43556516,17.15000140,7.45355697,19.84999940
56.10693359,6.42507157,17.15000118,7.44278961,19.84999793
56.11755753,6.41458561,17.15000174,7.43202972,19.84999740
