s,left_width,right_width
0.00000000,1.44266595,1.44266595
0.01062690,1.44261717,1.44261717
0.02125262,1.44257078,1.44257078
0.03187867,1.44252323,1.44252323
0.04250382,1.44247688,1.44247688
0.05244978,1.44609251,1.44609251
0.06767368,1.46131590,1.46131590
0.07840939,1.46905280,1.46905280
0.08903772,1.46900881,1.46900881
0.09966663,1.46896485,1.46896485
0.11029568,1.46892214,1.46892214
0.12092450,1.46887817,1.46887817
0.13155344,1.46883671,1.46883671
0.16358192,1.49550051,1.49550051
0.17420962,1.49545901,1.49545901
0.18483739,1.49541750,1.49541750
0.19546530,1.49537838,1.49537838
0.20609432,1.49533933,1.49533933
0.21672308,1.49529912,1.49529912
0.22735265,1.49526248,1.49526248
0.23798318,1.49522464,1.49522464
0.24886134,1.50331058,1.50331058
0.26411411,1.51856447,1.51856447
0.27408129,1.52181643,1.52181643
0.28471637,1.52178218,1.52178218
0.29535025,1.52174933,1.52174933
0.30598596,1.52171634,1.52171634
0.31662217,1.52168462,1.52168462
0.32725886,1.52165280,1.52165280
0.33789718,1.52162356,1.52162356
0.36991173,1.54828984,1.54828984
0.38055134,1.54826182,1.54826182
0.39118907,1.54823242,1.54823242
0.40144154,1.54688354,1.54688354
0.48473012,1.46043950,1.46043950
0.49985185,1.44531861,1.44531861
0.51498133,1.43018925,1.43018925
0.54053247,1.42719604,1.42719604
0.56832832,1.42660274,1.42660274
0.58126634,1.41461790,1.41461790
0.59192187,1.41460090,1.41460090
0.60257781,1.41458498,1.41458498
0.61323518,1.41456915,1.41456915
0.62389356,1.41455690,1.41455690
0.63455433,1.41454348,1.41454348
0.64521527,1.41453246,1.41453246
0.65587664,1.41452028,1.41452028
0.66654152,1.41451170,1.41451170
0.67720628,1.41450439,1.41450439
0.69024622,1.40238285,1.40238285
0.70499098,1.38780152,1.38780152
0.71566111,1.38779789,1.38779789
0.72633052,1.38779300,1.38779300
0.73700392,1.38779176,1.38779176
0.74767756,1.38779175,1.38779175
0.75781494,1.38239261,1.38239261
0.77307069,1.36713620,1.36713620
0.79250205,1.35700196,1.35700196
0.89120179,1.28555301,1.28555301
0.91167176,1.27660156,1.27660156
0.99523181,1.18990849,1.18990849
1.01051068,1.17463016,1.17463016
1.09406793,1.08794188,1.08794188
1.10934985,1.07266114,1.07266114
1.12463677,1.05737428,1.05737428
1.13992071,1.04208867,1.04208867
1.15521133,1.02679934,1.02679934
1.17050147,1.01151001,1.01151001
1.18579483,0.99621466,0.99621466
1.20109081,0.98092043,0.98092043
1.21638620,0.96562378,0.96562378
1.23168194,0.95032838,0.95032838
1.24698269,0.93502683,0.93502683
1.26864040,0.92736938,0.92736938
1.29719722,0.92724000,0.92724000
1.31560755,0.91582518,0.91582518
1.33090651,0.90052608,0.90052608
1.34620547,0.88522826,0.88522826
1.35622680,0.88095826,0.88095826
1.36691165,0.88098023,0.88098023
1.37759852,0.88100343,0.88100343
1.38828576,0.88102788,0.88102788
1.39864719,0.87998415,0.87998415
1.41395032,0.86468022,0.86468022
1.42925119,0.84937992,0.84937992
1.44455111,0.83407957,0.83407957
1.45488870,0.82775880,0.82775880
1.46557701,0.82778807,0.82778807
1.47626615,0.82781617,0.82781617
1.48769701,0.83713013,0.83713013
1.50279868,0.85223147,0.85223147
1.51927376,0.84012821,0.84012821
1.53456581,0.82483521,0.82483521
1.54985487,0.80954588,0.80954588
1.56082761,0.80130863,0.80130863
1.57151532,0.80134276,0.80134276
1.58220375,0.80138060,0.80138060
1.59289324,0.80141726,0.80141726
1.60358393,0.80145630,0.80145630
1.61697865,0.78881835,0.78881835
1.63131428,0.77481935,0.77481935
1.64200497,0.77486449,0.77486449
1.65269768,0.77491085,0.77491085
1.66339099,0.77495852,0.77495852
1.67408478,0.77500615,0.77500615
1.69067276,0.77781738,0.77781738
1.71895647,0.77746463,0.77746463
1.72924376,0.77515749,0.77515749
1.73993397,0.77520997,0.77520997
1.75062621,0.77526244,0.77526244
1.76131999,0.77531740,0.77531740
1.77154267,0.77370239,0.77370239
1.78678596,0.75845948,0.75845948
1.79843330,0.74874394,0.74874394
1.80912745,0.74879884,0.74879884
1.81982279,0.74885618,0.74885618
1.83052039,0.74891235,0.74891235
1.84121978,0.74897093,0.74897093
1.85385442,0.73750004,0.73750004
1.86902726,0.72233645,0.72233645
1.87972593,0.72239381,0.72239381
1.89118826,0.73187502,0.73187502
1.90601218,0.74669801,0.74669801
1.91608286,0.74933475,0.74933475
1.92678130,0.74939818,0.74939818
1.93748152,0.74946292,0.74946292
1.94818413,0.74952638,0.74952638
1.95888782,0.74959106,0.74959106
1.96959341,0.74965701,0.74965701
1.98267817,0.73744628,0.73744628
1.99729383,0.72301149,0.72301149
2.00799870,0.72307616,0.72307616
2.01803136,0.72786498,0.72786498
2.03275251,0.74258671,0.74258671
2.04335976,0.75006227,0.75006227
2.05380630,0.74322756,0.74322756
2.06889033,0.72814577,0.72814577
2.07891560,0.72347782,0.72347782
2.08961916,0.72354738,0.72354738
2.10032463,0.72361569,0.72361569
2.11103320,0.72368529,0.72368529
2.12174344,0.72375611,0.72375611
2.13245535,0.72382692,0.72382692
2.14317012,0.72389895,0.72389895
2.15760660,0.73826535,0.73826535
2.17081571,0.75085815,0.75085815
2.18154979,0.74311770,0.74311770
2.19654846,0.72812134,0.72812134
2.20653105,0.72425906,0.72425906
2.21724176,0.72433231,0.72433231
2.22795606,0.72440673,0.72440673
2.23867154,0.72448122,0.72448122
2.24938989,0.72455687,0.72455687
2.26011038,0.72463134,0.72463134
2.27083254,0.72470581,0.72470581
2.28155732,0.72478150,0.72478150
2.29228401,0.72485719,0.72485719
2.30339193,0.71616575,0.71616575
2.31830001,0.70125730,0.70125730
2.32831931,0.69823120,0.69823120
2.34151697,0.71085571,0.71085571
2.35592365,0.72524048,0.72524048
2.36664772,0.72531736,0.72531736
2.37665081,0.72211668,0.72211668
2.39149904,0.70726931,0.70726931
2.40254211,0.69867919,0.69867919
2.41326880,0.69875366,0.69875366
2.42399645,0.69882935,0.69882935
2.43472672,0.69890381,0.69890381
2.44545937,0.69898068,0.69898068
2.45619535,0.69905516,0.69905516
2.46693230,0.69913085,0.69913085
2.47767258,0.69920533,0.69920533
2.48841405,0.69928221,0.69928221
2.49840140,0.69524293,0.69524293
2.51315236,0.68049191,0.68049191
2.53099036,0.68339601,0.68339601
2.54531765,0.69772215,0.69772215
2.55551505,0.69965944,0.69965944
2.56625509,0.69973513,0.69973513
2.57699752,0.69981082,0.69981082
2.58774281,0.69988647,0.69988647
2.59849000,0.69996219,0.69996219
2.60923958,0.70003783,0.70003783
2.61999178,0.70011352,0.70011352
2.63074660,0.70018920,0.70018920
2.64150357,0.70026367,0.70026367
2.65226221,0.70033936,0.70033936
2.66302347,0.70041505,0.70041505
2.67378736,0.70048828,0.70048828
2.68455291,0.70056277,0.70056277
2.69532275,0.70063843,0.70063843
2.70609236,0.70071287,0.70071287
2.71686649,0.70078614,0.70078614
2.72764206,0.70085941,0.70085941
2.73841882,0.70093383,0.70093383
2.74919915,0.70100704,0.70100704
2.76268148,0.71416751,0.71416751
2.77670527,0.72812012,0.72812012
2.78748465,0.72819703,0.72819703
2.79826593,0.72827147,0.72827147
2.80904984,0.72834593,0.72834593
2.81983638,0.72842045,0.72842045
2.85244536,0.75547486,0.75547486
2.86324310,0.75555296,0.75555296
2.87404275,0.75562864,0.75562864
2.88420773,0.74984372,0.74984372
2.89872146,0.73532956,0.73532956
2.91322064,0.72083255,0.72083255
2.92770171,0.70635256,0.70635256
2.93770576,0.70199954,0.70199954
2.94850397,0.70206789,0.70206789
2.95930529,0.70213503,0.70213503
2.97216153,0.71436771,0.71436771
2.98777795,0.72641357,0.72641357
3.00279760,0.71279905,0.71279905
3.01465082,0.70239867,0.70239867
3.02544856,0.70246214,0.70246214
3.03624868,0.70252685,0.70252685
3.04705024,0.70259035,0.70259035
3.05785370,0.70265380,0.70265380
3.06965065,0.69234129,0.69234129
3.08401132,0.67798218,0.67798218
3.09417653,0.67580564,0.67580564
3.10498238,0.67586425,0.67586425
3.11578989,0.67592164,0.67592164
3.12659883,0.67597900,0.67597900
3.13741040,0.67603396,0.67603396
3.14822364,0.67609008,0.67609008
3.16087818,0.68802858,0.68802858
3.17491174,0.70206299,0.70206299
3.18533039,0.70330078,0.70330078
3.19707990,0.69304563,0.69304563
3.21135497,0.67877075,0.67877075
3.22149301,0.67640502,0.67640502
3.23230791,0.67645632,0.67645632
3.24312329,0.67650511,0.67650511
3.25394106,0.67655273,0.67655273
3.26476121,0.67660037,0.67660037
3.27558279,0.67664792,0.67664792
3.28640509,0.67669314,0.67669314
3.29722953,0.67673710,0.67673710
3.30805445,0.67678224,0.67678224
3.31888151,0.67682378,0.67682378
3.32971072,0.67686766,0.67686766
3.34267139,0.68931398,0.68931398
3.35666895,0.70331054,0.70331054
3.36681318,0.70234253,0.70234253
3.38099194,0.68816281,0.68816281
3.39318132,0.67706298,0.67706298
3.40400982,0.67709841,0.67709841
3.41483951,0.67713255,0.67713255
3.42567039,0.67716796,0.67716796
3.43650222,0.67720095,0.67720095
3.44733572,0.67723146,0.67723146
3.45816946,0.67726316,0.67726316
3.46900439,0.67729249,0.67729249
3.47984052,0.67732057,0.67732057
3.49067807,0.67734742,0.67734742
3.50151634,0.67737425,0.67737425
3.51235414,0.67739989,0.67739989
3.52319384,0.67742312,0.67742312
3.53403425,0.67744507,0.67744507
3.54432607,0.67085450,0.67085450
3.55841756,0.65676272,0.65676272
3.57073188,0.65540162,0.65540162
3.58473206,0.66940063,0.66940063
3.59547853,0.67753907,0.67753907
3.60631776,0.67755495,0.67755495
3.61715865,0.67756836,0.67756836
3.62799907,0.67758058,0.67758058
3.63883996,0.67759159,0.67759159
3.64968157,0.67760010,0.67760010
3.66052294,0.67760863,0.67760863
3.67136502,0.67761477,0.67761477
3.68220615,0.67762086,0.67762086
3.69304824,0.67762452,0.67762452
3.70389128,0.67762693,0.67762693
3.71473265,0.67762819,0.67762819
3.72557354,0.67762820,0.67762820
3.73641562,0.67762572,0.67762572
3.74707389,0.68550170,0.68550170
3.76111507,0.69954223,0.69954223
3.77116299,0.70471681,0.70471681
3.78200364,0.70470826,0.70470826
3.79284358,0.70469851,0.70469851
3.80368161,0.70468630,0.70468630
3.81452084,0.70467285,0.70467285
3.82491302,0.69763794,0.69763794
3.83890820,0.68364257,0.68364257
3.84908772,0.67752200,0.67752200
3.85992575,0.67750245,0.67750245
3.87076187,0.67748173,0.67748173
3.88159752,0.67745972,0.67745972
3.89243126,0.67743532,0.67743532
3.90326500,0.67740966,0.67740966
3.91409707,0.67738160,0.67738160
3.92677927,0.68933718,0.68933718
3.94090366,0.70346193,0.70346193
3.95140409,0.70438354,0.70438354
3.96223426,0.70434815,0.70434815
3.97306323,0.70431154,0.70431154
3.98389030,0.70427248,0.70427248
3.99471641,0.70423342,0.70423342
4.00564861,0.69558959,0.69558959
4.01961946,0.68161742,0.68161742
4.02961969,0.67702148,0.67702148
4.04044247,0.67697758,0.67697758
4.05126476,0.67693114,0.67693114
4.06208372,0.67688355,0.67688355
4.07290220,0.67683352,0.67683352
4.08371687,0.67678224,0.67678224
4.09453058,0.67672852,0.67672852
4.10534239,0.67667482,0.67667482
4.11615086,0.67661739,0.67661739
4.12695789,0.67656006,0.67656006
4.13776207,0.67650149,0.67650149
4.14902306,0.68578733,0.68578733
4.16330528,0.70006958,0.70006958
4.17331743,0.70336549,0.70336549
4.18423271,0.69475707,0.69475707
4.19821596,0.68077636,0.68077636
4.20821190,0.67611208,0.67611208
4.21901178,0.67604124,0.67604124
4.22980881,0.67596923,0.67596923
4.24060345,0.67589478,0.67589478
4.25139475,0.67582031,0.67582031
4.26218367,0.67574466,0.67574466
4.27296972,0.67566652,0.67566652
4.28375244,0.67558838,0.67558838
4.29453182,0.67550662,0.67550662
4.30530834,0.67542480,0.67542480
4.31557274,0.67698362,0.67698362
4.33001041,0.69141967,0.69141967
4.34206343,0.70217893,0.70217893
4.35283566,0.70208741,0.70208741
4.36316299,0.69524047,0.69524047
4.37719965,0.68120605,0.68120605
4.38742256,0.67481322,0.67481322
4.39819145,0.67472044,0.67472044
4.40895748,0.67462769,0.67462769
4.41971827,0.67453248,0.67453248
4.43047667,0.67443604,0.67443604
4.44123173,0.67433961,0.67433961
4.45198250,0.67424070,0.67424070
4.46273041,0.67414185,0.67414185
4.47347355,0.67403932,0.67403932
4.48421288,0.67393801,0.67393801
4.49550819,0.68317871,0.68317871
4.51015949,0.69782958,0.69782958
4.52018976,0.70057006,0.70057006
4.53092480,0.70046019,0.70046019
4.54090834,0.69703979,0.69703979
4.55504227,0.68290768,0.68290768
4.56647873,0.67319335,0.67319335
4.57721043,0.67308349,0.67308349
4.58793783,0.67297242,0.67297242
4.59866142,0.67286010,0.67286010
4.60938025,0.67274780,0.67274780
4.62009621,0.67263305,0.67263305
4.63080692,0.67251832,0.67251832
4.64151478,0.67240234,0.67240234
4.65221739,0.67228511,0.67228511
4.66220522,0.67520994,0.67520994
4.67707729,0.69007931,0.69007931
4.68817949,0.69880736,0.69880736
4.69887877,0.69868287,0.69868287
4.70957232,0.69855715,0.69855715
4.72026253,0.69843140,0.69843140
4.73336172,0.68587280,0.68587280
4.74765968,0.67157836,0.67157836
4.75825930,0.67119869,0.67119869
4.76894474,0.67107421,0.67107421
4.77962732,0.67094972,0.67094972
4.79030418,0.67082397,0.67082397
4.80097675,0.67069700,0.67069700
4.81164503,0.67057009,0.67057009
4.82230902,0.67044189,0.67044189
4.83296871,0.67031371,0.67031371
4.84362364,0.67018553,0.67018553
4.85427332,0.67005495,0.67005495
4.86491919,0.66992556,0.66992556
4.87555981,0.66979612,0.66979612
4.88548994,0.67372434,0.67372434
4.90070105,0.68893186,0.68893186
4.91458225,0.69005129,0.69005129
4.92906713,0.67557010,0.67557010
4.93931770,0.66913574,0.66913574
4.94996071,0.66900391,0.66900391
4.96059847,0.66886963,0.66886963
4.97123384,0.66873656,0.66873656
4.98186255,0.66860105,0.66860105
4.99248743,0.66846679,0.66846679
5.00310707,0.66833249,0.66833249
5.01372194,0.66819702,0.66819702
5.02433252,0.66806153,0.66806153
5.03493881,0.66792481,0.66792481
5.04554033,0.66778929,0.66778929
5.05613708,0.66765258,0.66765258
5.07034349,0.68140746,0.68140746
5.08380079,0.69407469,0.69407469
5.09439945,0.69393068,0.69393068
5.10808372,0.68066404,0.68066404
5.12207603,0.66696777,0.66696777
5.13267565,0.66682983,0.66682983
5.14327192,0.66669313,0.66669313
5.15386343,0.66655396,0.66655396
5.16445017,0.66641723,0.66641723
5.17503119,0.66627809,0.66627809
5.18560886,0.66614016,0.66614016
5.19618082,0.66600221,0.66600221
5.20674944,0.66586425,0.66586425
5.21731186,0.66572510,0.66572510
5.22722769,0.66189088,0.66189088
5.24914122,0.65533938,0.65533938
5.27191639,0.66306273,0.66306273
5.28194857,0.66517211,0.66517211
5.29252195,0.66503418,0.66503418
5.30308914,0.66489623,0.66489623
5.31365299,0.66475831,0.66475831
5.32421207,0.66461915,0.66461915
5.33476734,0.66448243,0.66448243
5.34531641,0.66434450,0.66434450
5.35586309,0.66420653,0.66420653
5.36640453,0.66406862,0.66406862
5.37694216,0.66393189,0.66393189
5.38747454,0.66379396,0.66379396
5.39800167,0.66365725,0.66365725
5.40852547,0.66352047,0.66352047
5.41846943,0.66609252,0.66609252
5.44333076,0.67228030,0.67228030
5.46486807,0.66450195,0.66450195
5.47502708,0.66297485,0.66297485
5.48556137,0.66284056,0.66284056
5.49609232,0.66270386,0.66270386
5.50661802,0.66256957,0.66256957
5.51713991,0.66243410,0.66243410
5.52765703,0.66229979,0.66229979
5.53817034,0.66216556,0.66216556
5.54867935,0.66203247,0.66203247
5.55905581,0.66840452,0.66840452
5.57577753,0.68455811,0.68455811
5.59401417,0.67240602,0.67240602
5.60635948,0.66149903,0.66149903
5.61688042,0.66136841,0.66136841
5.62739706,0.66123658,0.66123658
5.63790941,0.66110595,0.66110595
5.64841795,0.66097411,0.66097411
5.65892267,0.66084473,0.66084473
5.66942215,0.66071411,0.66071411
5.67991877,0.66058596,0.66058596
5.69223785,0.67113892,0.67113892
5.70808268,0.68674073,0.68674073
5.71858263,0.68660887,0.68660887
5.72907829,0.68647584,0.68647584
5.73957157,0.68634396,0.68634396
5.75006056,0.68621213,0.68621213
5.76054525,0.68608153,0.68608153
5.77112436,0.67895630,0.67895630
5.78705883,0.66302732,0.66302732
5.79700279,0.65932128,0.65932128
5.80748844,0.65919797,0.65919797
5.81796932,0.65907469,0.65907469
5.82844782,0.65895264,0.65895264
5.83892250,0.65883056,0.65883056
5.84939289,0.65870850,0.65870850
5.85945034,0.66346555,0.66346555
5.87656689,0.68057985,0.68057985
5.88655329,0.68468385,0.68468385
5.89702559,0.68456176,0.68456176
5.91154909,0.67057251,0.67057251
5.92508554,0.65799682,0.65799682
5.93556118,0.65788087,0.65788087
5.94603491,0.65776491,0.65776491
5.95650434,0.65765017,0.65765017
5.96696997,0.65753543,0.65753543
5.97743273,0.65742189,0.65742189
5.98789215,0.65730959,0.65730959
5.99834776,0.65719725,0.65719725
6.00880146,0.65708741,0.65708741
6.01925135,0.65697509,0.65697509
6.02969790,0.65686643,0.65686643
6.04590797,0.67276976,0.67276976
6.05809975,0.68291625,0.68291625
6.06855154,0.68280518,0.68280518
6.07899952,0.68269410,0.68269410
6.08935547,0.67651367,0.67651367
6.10602188,0.65985106,0.65985106
6.11598730,0.65612182,0.65612182
6.12643671,0.65601804,0.65601804
6.13688469,0.65591553,0.65591553
6.14732885,0.65581547,0.65581547
6.15777111,0.65571412,0.65571412
6.16820908,0.65561405,0.65561405
6.17864513,0.65551517,0.65551517
6.18907785,0.65541749,0.65541749
6.19950914,0.65531982,0.65531982
6.21110535,0.66431642,0.66431642
6.24175262,0.66633422,0.66633422
6.25458002,0.65503540,0.65503540
6.26502562,0.65494139,0.65494139
6.27546835,0.65484983,0.65484983
6.28590822,0.65475831,0.65475831
6.29634666,0.65466677,0.65466677
6.30678129,0.65457886,0.65457886
6.31721449,0.65448853,0.65448853
6.32764435,0.65440188,0.65440188
6.33807182,0.65431521,0.65431521
6.34849787,0.65422972,0.65422972
6.35892105,0.65414426,0.65414426
6.36934280,0.65406124,0.65406124
6.37976170,0.65397826,0.65397826
6.39017868,0.65389648,0.65389648
6.40059471,0.65381590,0.65381590
6.41235304,0.64442749,0.64442749
6.42936087,0.62751099,0.62751099
6.43978119,0.62743650,0.62743650
6.45049763,0.63435300,0.63435300
6.46870947,0.65256470,0.65256470
6.47891474,0.65335572,0.65335572
6.48933649,0.65328125,0.65328125
6.49975681,0.65320923,0.65320923
6.51017523,0.65313842,0.65313842
6.52059269,0.65306883,0.65306883
6.53100729,0.65299923,0.65299923
6.54098558,0.64946654,0.64946654
6.55866861,0.63178464,0.63178464
6.56884670,0.62668582,0.62668582
6.57926416,0.62662353,0.62662353
6.58968019,0.62656249,0.62656249
6.60009480,0.62650270,0.62650270
6.61050749,0.62644163,0.62644163
6.62091875,0.62638302,0.62638302
6.63727903,0.64228270,0.64228270
6.64955664,0.65236449,0.65236449
6.65997076,0.65230589,0.65230589
6.67038488,0.65224851,0.65224851
6.68079710,0.65219237,0.65219237
6.69120836,0.65213744,0.65213744
6.70161724,0.65208254,0.65208254
6.71202517,0.65203003,0.65203003
6.72231436,0.65152955,0.65152955
6.74034119,0.63350341,0.63350341
6.75137138,0.62580200,0.62580200
6.76178217,0.62575440,0.62575440
6.77219105,0.62570802,0.62570802
6.78259945,0.62566163,0.62566163
6.79300499,0.62561767,0.62561767
6.80327749,0.63094971,0.63094971
6.82190371,0.64957518,0.64957518
6.83193207,0.65155152,0.65155152
6.84234190,0.65150877,0.65150877
6.85274982,0.65146609,0.65146609
6.86315775,0.65142577,0.65142577
6.87356377,0.65138550,0.65138550
6.88396835,0.65134523,0.65134523
6.89437294,0.65130735,0.65130735
6.90477705,0.65127077,0.65127077
6.91517925,0.65123416,0.65123416
6.92558241,0.65119875,0.65119875
6.93598318,0.65116457,0.65116457
6.94638443,0.65113039,0.65113039
6.95645809,0.64952880,0.64952880
6.97485018,0.63113526,0.63113526
6.98533726,0.62499269,0.62499269
6.99573994,0.62496461,0.62496461
7.00614262,0.62493530,0.62493530
7.01654434,0.62490845,0.62490845
7.02694607,0.62488162,0.62488162
7.04409075,0.64169677,0.64169677
7.05589724,0.65086791,0.65086791
7.06630135,0.65084228,0.65084228
7.07670450,0.65081788,0.65081788
7.08710718,0.65079470,0.65079470
7.09750986,0.65077152,0.65077152
7.10791206,0.65075075,0.65075075
7.11831427,0.65072997,0.65072997
7.12871599,0.65070921,0.65070921
7.13911676,0.65069091,0.65069091
7.14951897,0.65067261,0.65067261
7.15992022,0.65065432,0.65065432
7.17032051,0.65063846,0.65063846
7.18072176,0.65062260,0.65062260
7.19102383,0.64520993,0.64520993
7.21275187,0.63011476,0.63011476
7.23327255,0.64692626,0.64692626
7.24329805,0.65056643,0.65056643
7.25370216,0.65055422,0.65055422
7.26410723,0.65054322,0.65054322
7.27451134,0.65053346,0.65053346
7.28491640,0.65052370,0.65052370
7.29532051,0.65051513,0.65051513
7.30572557,0.65050659,0.65050659
7.31612968,0.65049931,0.65049931
7.32653475,0.65049314,0.65049314
7.33693886,0.65048831,0.65048831
7.34734392,0.65048222,0.65048222
7.35774946,0.65047853,0.65047853
7.36815500,0.65047362,0.65047362
7.37946320,0.64230345,0.64230345
7.40452862,0.63246707,0.63246707
7.42265511,0.65046755,0.65046755
7.43306160,0.65046633,0.65046633
7.44346809,0.65046510,0.65046510
7.45387602,0.65046511,0.65046511
7.46428251,0.65046632,0.65046632
7.47469044,0.65046631,0.65046631
7.48509789,0.65046752,0.65046752
7.49550533,0.65046997,0.65046997
7.50591421,0.65047244,0.65047244
7.51632261,0.65047365,0.65047365
7.52673197,0.65047731,0.65047731
7.53714085,0.65048095,0.65048095
7.54755020,0.65048463,0.65048463
7.55795956,0.65048949,0.65048949
7.57156372,0.63838502,0.63838502
7.59633827,0.63611698,0.63611698
7.61157465,0.65050171,0.65050171
7.62198305,0.65050657,0.65050657
7.63239288,0.65051270,0.65051270
7.64280224,0.65051760,0.65051760
7.65321207,0.65052246,0.65052246
7.66362190,0.65052859,0.65052859
7.67403269,0.65053470,0.65053470
7.68444252,0.65053960,0.65053960
7.69485378,0.65054566,0.65054566
7.70526457,0.65055177,0.65055177
7.71567583,0.65055788,0.65055788
7.72608757,0.65056277,0.65056277
7.73649836,0.65056889,0.65056889
7.74691057,0.65057496,0.65057496
7.75732136,0.65058107,0.65058107
7.76773357,0.65058471,0.65058471
7.77814484,0.65059083,0.65059083
7.78855801,0.65059692,0.65059692
7.79864264,0.64899660,0.64899660
7.81740999,0.63022949,0.63022949
7.84084082,0.64302246,0.64302246
7.85189009,0.65061525,0.65061525
7.86230040,0.65062014,0.65062014
7.87271166,0.65062379,0.65062379
7.88312340,0.65062743,0.65062743
7.89353418,0.65063113,0.65063113
7.90394592,0.65063358,0.65063358
7.91435719,0.65063725,0.65063725
7.92476749,0.65063847,0.65063847
7.93517876,0.65064087,0.65064087
7.94558954,0.65064212,0.65064212
7.95599985,0.65064333,0.65064333
7.96641016,0.65064454,0.65064454
7.97682047,0.65064330,0.65064330
7.98720026,0.64496703,0.64496703
8.00878048,0.62955078,0.62955078
8.02891541,0.64665284,0.64665284
8.03897476,0.65063722,0.65063722
8.04938412,0.65063599,0.65063599
8.05979347,0.65063110,0.65063110
8.07020283,0.65062621,0.65062621
8.08061028,0.65062254,0.65062254
8.09101868,0.65061645,0.65061645
8.10142612,0.65061037,0.65061037
8.11183357,0.65060308,0.65060308
8.12224007,0.65059447,0.65059447
8.13264656,0.65058596,0.65058596
8.14305115,0.65057618,0.65057618
8.15345573,0.65056521,0.65056521
8.16386032,0.65055423,0.65055423
8.17426300,0.65054199,0.65054199
8.18536568,0.65825078,0.65825078
8.20373726,0.67653441,0.67653441
8.21413898,0.67651854,0.67651854
8.22454166,0.67650144,0.67650144
8.23796844,0.66463381,0.66463381
8.25304508,0.65044680,0.65044680
8.26344585,0.65042727,0.65042727
8.27384663,0.65040649,0.65040649
8.28424644,0.65038572,0.65038572
8.29464436,0.65036257,0.65036257
8.30504131,0.65033935,0.65033935
8.31543636,0.65031370,0.65031370
8.32583141,0.65028684,0.65028684
8.33622360,0.65026001,0.65026001
8.34661579,0.65022950,0.65022950
8.35700607,0.65020019,0.65020019
8.37170887,0.66382203,0.66382203
8.38548756,0.67614015,0.67614015
8.39587688,0.67610473,0.67610473
8.40626431,0.67606691,0.67606691
8.41665173,0.67602784,0.67602784
8.42703629,0.67598756,0.67598756
8.43741894,0.67594482,0.67594482
8.44779873,0.67590209,0.67590209
8.45817757,0.67585570,0.67585570
8.47353554,0.66129396,0.66129396
8.48673820,0.64976930,0.64976930
8.49711609,0.64972048,0.64972048
8.50749207,0.64967040,0.64967040
8.51786518,0.64961793,0.64961793
8.52823639,0.64956420,0.64956420
8.53860474,0.64950928,0.64950928
8.54897118,0.64945193,0.64945193
8.55933380,0.64939208,0.64939208
8.56969357,0.64932980,0.64932980
8.58005047,0.64926878,0.64926878
8.59125233,0.65711428,0.65711428
8.60947704,0.67510130,0.67510130
8.61983490,0.67503054,0.67503054
8.63018894,0.67495726,0.67495726
8.64053917,0.67488160,0.67488160
8.65088654,0.67480350,0.67480350
8.66123009,0.67472412,0.67472412
8.67156982,0.67464113,0.67464113
8.68190575,0.67455569,0.67455569
8.69223785,0.67446903,0.67446903
8.70535564,0.66308592,0.66308592
8.72086716,0.64835571,0.64835571
8.73120022,0.64826538,0.64826538
8.74152851,0.64817258,0.64817258
8.75185299,0.64807859,0.64807859
8.76216793,0.64800051,0.64800051
8.78236771,0.66819578,0.66819578
8.79273701,0.67369021,0.67369021
8.80305862,0.67358154,0.67358154
8.81337452,0.67346925,0.67346925
8.82368660,0.67335572,0.67335572
8.83399296,0.67323974,0.67323974
8.84429550,0.67312011,0.67312011
8.85459137,0.67299808,0.67299808
8.86488152,0.67287354,0.67287354
8.87516689,0.67274659,0.67274659
8.88544655,0.67261598,0.67261598
8.89571953,0.67248291,0.67248291
8.90598679,0.67234745,0.67234745
8.91624641,0.67220947,0.67220947
8.92650223,0.67206663,0.67206663
8.94402885,0.68897217,0.68897217
8.95572948,0.69761232,0.69761232
8.96598625,0.69745606,0.69745606
8.97623539,0.69729615,0.69729615
8.98647785,0.69713381,0.69713381
8.99671268,0.69696652,0.69696652
9.01153946,0.68323120,0.68323120
9.02541542,0.67082519,0.67082519
9.03565407,0.67065556,0.67065556
9.04588604,0.67048339,0.67048339
9.05796814,0.67970947,0.67970947
9.07503319,0.69590091,0.69590091
9.08526802,0.69571287,0.69571287
9.09549713,0.69552005,0.69552005
9.10571766,0.69532348,0.69532348
9.11593151,0.69512449,0.69512449
9.13373947,0.71214236,0.71214236
9.14538956,0.72044437,0.72044437
9.15560818,0.72022705,0.72022705
9.16582012,0.72000486,0.72000486
9.17602253,0.71978029,0.71978029
9.18621540,0.71955078,0.71955078
9.19640160,0.71931762,0.71931762
9.20657635,0.71908203,0.71908203
9.21674156,0.71884156,0.71884156
9.22689724,0.71859867,0.71859867
9.23704338,0.71835082,0.71835082
9.24717903,0.71809934,0.71809934
9.25730324,0.71784423,0.71784423
9.26741695,0.71758545,0.71758545
9.27751923,0.71732300,0.71732300
9.28761005,0.71705565,0.71705565
9.29768944,0.71678711,0.71678711
9.30775642,0.71651367,0.71651367
9.31781101,0.71623534,0.71623534
9.34088326,0.73894410,0.73894410
9.35074711,0.74123047,0.74123047
9.36081219,0.74093261,0.74093261
9.37086391,0.74063113,0.74063113
9.38090229,0.74032473,0.74032473
9.41012859,0.76553344,0.76553344
9.42008686,0.76521118,0.76521118
9.43002987,0.76488403,0.76488403
9.43995762,0.76455444,0.76455444
9.44986820,0.76422119,0.76422119
9.45976353,0.76388424,0.76388424
9.46964073,0.76354492,0.76354492
9.47950268,0.76320312,0.76320312
9.48934650,0.76285767,0.76285767
9.51489067,0.78792725,0.78792725
9.52476311,0.78756348,0.78756348
9.53461933,0.78719970,0.78719970
9.54445648,0.78683348,0.78683348
9.55427742,0.78646362,0.78646362
9.56407738,0.78609252,0.78609252
9.57386112,0.78572018,0.78572018
9.58362389,0.78534547,0.78534547
9.59336758,0.78497193,0.78497193
9.62186050,0.80990601,0.80990601
9.63148499,0.80951780,0.80951780
9.64108658,0.80912965,0.80912965
9.65066719,0.80874267,0.80874267
9.67636108,0.83361571,0.83361571
9.68597794,0.83321779,0.83321779
9.69557285,0.83282103,0.83282103
9.70514488,0.83242553,0.83242553
9.71469307,0.83203371,0.83203371
9.72421837,0.83164550,0.83164550
9.73371983,0.83126098,0.83126098
9.74319649,0.83088016,0.83088016
9.75264931,0.83050294,0.83050294
9.76207829,0.83013307,0.83013307
9.78985023,0.85491451,0.85491451
9.79912472,0.85454469,0.85454469
9.81688499,0.87029050,0.87029050
9.82920074,0.87894534,0.87894534
9.83850002,0.87859378,0.87859378
9.84777451,0.87825194,0.87825194
9.85702133,0.87792116,0.87792116
9.86624241,0.87760254,0.87760254
9.89355755,0.90236332,0.90236332
9.90260696,0.90206544,0.90206544
9.91162872,0.90178348,0.90178348
9.92062187,0.90151736,0.90151736
9.92958736,0.90126951,0.90126951
9.93852520,0.90104005,0.90104005
9.94743633,0.90083130,0.90083130
9.95632076,0.90064334,0.90064334
9.96517754,0.90047727,0.90047727
9.97400856,0.90033444,0.90033444
9.98281288,0.95022825,0.95022825
9.99159145,0.95012943,0.95012943
10.00034428,0.95005615,0.95005615
10.00907135,0.95001346,0.95001346
10.01777363,0.94999997,0.94999997
10.02645111,0.95001710,0.95001710
10.03510571,0.95006475,0.95006475
10.04373550,0.95014525,0.95014525
10.05234337,0.95025998,0.95025998
10.06092739,0.95041135,0.95041135
10.08765411,0.97561156,0.97561156
10.09634686,0.97583863,0.97583863
10.10501957,0.97610719,0.97610719
10.11367226,0.97641478,0.97641478
10.12230778,0.97676268,0.97676268
10.13092422,0.97715330,0.97715330
10.13950443,0.97846559,0.97846559
10.15560150,0.99326413,0.99326413
10.16805649,1.00368288,1.00368288
10.17644024,1.00426876,1.00426876
10.20369148,1.03002446,1.03002446
10.21221256,1.03072634,1.03072634
10.22071934,1.03148191,1.03148191
10.22921276,1.03229124,1.03229124
10.23769569,1.03315427,1.03315427
10.24616623,1.03407594,1.03407594
10.25462723,1.03505496,1.03505496
10.26307774,1.03609133,1.03609133
10.27151775,1.03718871,1.03718871
10.27995205,1.03834836,1.03834836
10.28837872,1.03957152,1.03957152
10.29679871,1.04085936,1.04085936
10.30521393,1.04221067,1.04221067
10.33348560,1.06908690,1.06908690
10.34208298,1.07061154,1.07061154
10.35068130,1.07220948,1.07220948
10.35927963,1.07387939,1.07387939
10.36788082,1.07562496,1.07562496
10.37648773,1.07744631,1.07744631
10.38509846,1.07934693,1.07934693
10.39371586,1.08132564,1.08132564
10.42285919,1.10918215,1.10918215
10.43169785,1.11137694,1.11137694
10.44054890,1.11365841,1.11365841
10.44941521,1.11602657,1.11602657
10.45829678,1.11848756,1.11848756
10.46719646,1.12103755,1.12103755
10.47611523,1.12368410,1.12368410
10.48505592,1.12642577,1.12642577
10.51529408,1.15552731,1.15552731
10.52450466,1.15853388,1.15853388
10.53374481,1.16164429,1.16164429
10.54301643,1.16486205,1.16486205
10.55231953,1.16818604,1.16818604
10.56166172,1.17162109,1.17162109
10.57104206,1.17516843,1.17516843
10.60247612,1.20562135,1.20562135
10.61217594,1.20948488,1.20948488
10.62192631,1.21347049,1.21347049
10.63172531,1.21758052,1.21758052
10.64158249,1.22181645,1.22181645
10.65149307,1.22618163,1.22618163
10.66146469,1.23067748,1.23067748
10.67149734,1.23530646,1.23530646
10.70459843,1.26762933,1.26762933
10.71502399,1.27264408,1.27264408
10.72552490,1.27780277,1.27780277
10.73610401,1.28310790,1.28310790
10.74676609,1.28856442,1.28856442
10.75782585,1.29352293,1.29352293
10.76817513,1.28687746,1.28687746
10.78259659,1.27335565,1.27335565
10.79430008,1.27758670,1.27758670
10.80449963,1.27866338,1.27866338
10.82371998,1.25941652,1.25941652
10.84236622,1.24080440,1.24080440
10.86046886,1.22280153,1.22280153
10.87180614,1.21366699,1.21366699
10.88336086,1.21851070,1.21851070
10.89290905,1.21908202,1.21908202
10.90981579,1.20264160,1.20264160
10.92626858,1.18671021,1.18671021
10.94229126,1.17128050,1.17128050
10.95790291,1.15632936,1.15632936
10.96840286,1.16027581,1.16027581
10.97993755,1.16590581,1.16590581
10.99118996,1.15699830,1.15699830
11.00595951,1.14326908,1.14326908
11.02089119,1.13057981,1.13057981
11.02962112,1.12955802,1.12955802
11.04035187,1.13704954,1.13704954
11.04893780,1.13725459,1.13725459
11.06365299,1.12624384,1.12624384
11.07804680,1.11557127,1.11557127
11.09213066,1.10522215,1.10522215
11.10592079,1.09518304,1.09518304
11.11816216,1.08708131,1.08708131
11.12889481,1.09517211,1.09517211
11.13979053,1.10344964,1.10344964
11.15219402,1.09520508,1.09520508
11.16512585,1.08621098,1.08621098
11.17780972,1.07747315,1.07747315
11.18985081,1.06952023,1.06952023
11.20086002,1.07823246,1.07823246
11.21205997,1.08714594,1.08714594
11.22337341,1.08025635,1.08025635
11.23536301,1.07237064,1.07237064
11.24714375,1.06469848,1.06469848
11.25872421,1.05722657,1.05722657
11.26723576,1.06160156,1.06160156
11.27884388,1.07113156,1.07113156
11.28715324,1.06964845,1.06964845
11.29836941,1.06265871,1.06265871
11.30941010,1.05583499,1.05583499
11.32028294,1.04917479,1.04917479
11.32972717,1.04467161,1.04467161
11.34186268,1.05479620,1.05479620
11.35228920,1.06240599,1.06240599
11.36286926,1.05611202,1.05611202
11.37329960,1.04994754,1.04994754
11.38358784,1.04390623,1.04390623
11.39373589,1.03798345,1.03798345
11.40160275,1.03740844,1.03740844
11.41470623,1.04832517,1.04832517
11.42323494,1.05182128,1.05182128
11.43316555,1.04613160,1.04613160
11.44297218,1.04052980,1.04052980
11.45266247,1.03501220,1.03501220
11.46223450,1.02957393,1.02957393
11.47012043,1.02954466,1.02954466
11.48445034,1.04124023,1.04124023
11.49289513,1.04349122,1.04349122
11.50231171,1.03815302,1.03815302
11.51163101,1.03286130,1.03286130
11.52085590,1.02761349,1.02761349
11.52998924,1.02239993,1.02239993
11.53816032,1.01990109,1.01990109
11.55400658,1.03234256,1.03234256
11.56352615,1.03583252,1.03583252
11.57256699,1.03057982,1.03057982
11.58153057,1.02533686,1.02533686
11.59042263,1.02009280,1.02009280
11.59924984,1.01483885,1.01483885
11.60801220,1.00957400,1.00957400
11.62349033,1.02010742,1.02010742
11.63638020,1.02712161,1.02712161
11.64519501,1.02167483,1.02167483
11.65396404,1.01618528,1.01618528
11.66269112,1.01064939,1.01064939
11.67138386,1.00505736,1.00505736
11.68004799,0.99940311,0.99940311
11.68869305,0.99369868,0.99369868
11.69811249,0.99073240,0.99073240
11.70750332,0.98785158,0.98785158
11.71705914,0.99310912,0.99310912
11.73477554,1.00961792,1.00961792
11.74428177,1.00690185,1.00690185
11.75376320,1.00426147,1.00426147
11.76322460,1.00169918,1.00169918
11.77266407,0.99920901,0.99920901
11.78208637,0.99679558,0.99679558
11.79148960,0.99445063,0.99445063
11.80801868,1.00959233,1.00959233
11.81871510,1.01672119,1.01672119
11.82823658,1.01452149,1.01452149
11.83773804,1.01238889,1.01238889
11.84722900,1.01031864,1.01031864
11.85670471,1.00831175,1.00831175
11.86582661,1.00509155,1.00509155
11.87635040,1.00039057,1.00039057
11.90432644,1.01603271,1.01603271
11.91407108,1.00788084,1.00788084
11.92399216,0.99944459,0.99944459
11.93361282,0.99752687,0.99752687
11.94330215,0.99592289,0.99592289
11.95298290,0.99437376,0.99437376
11.96265221,0.99287720,0.99287720
11.97231197,0.99142945,0.99142945
11.98196602,0.99002935,0.99002935
11.99161434,0.98868041,0.98868041
12.00125408,0.98737672,0.98737672
12.02438259,1.00988529,1.00988529
12.03378677,1.01082397,1.01082397
12.04353333,1.00962399,1.00962399
12.05327702,1.00846804,1.00846804
12.06301594,1.00735472,1.00735472
12.07274818,1.00628417,1.00628417
12.08247948,1.00525147,1.00525147
12.09220886,1.00426024,1.00426024
12.11620903,1.02765997,1.02765997
12.12580681,1.02809205,1.02809205
12.13563156,1.02718990,1.02718990
12.14577579,1.02075684,1.02075684
12.16086483,1.00610108,1.00610108
12.17134380,0.99907227,0.99907227
12.18125153,0.99832401,0.99832401
12.19115829,0.99760379,0.99760379
12.20106030,0.99691284,0.99691284
12.21095848,0.99624874,0.99624874
12.22085857,0.99561282,0.99561282
12.23075581,0.99500122,0.99500122
12.25465393,1.01820186,1.01820186
12.26443195,1.01933595,1.01933595
12.27439690,1.01878053,1.01878053
12.28435993,1.01824952,1.01824952
12.29432201,1.01773926,1.01773926
12.30428314,1.01724854,1.01724854
12.31424046,1.01677737,1.01677737
12.32411098,1.01334717,1.01334717
12.34602928,0.99155639,0.99155639
12.35591412,0.99008907,0.99008907
12.36592388,0.98969969,0.98969969
12.37593555,0.98932494,0.98932494
12.38594151,0.98896604,0.98896604
12.41160870,1.01396973,1.01396973
12.42166328,1.01362913,1.01362913
12.43171787,1.01330322,1.01330322
12.44176865,1.01298951,1.01298951
12.45181561,1.01268919,1.01268919
12.46185970,1.01239869,1.01239869
12.47190285,1.01211910,1.01211910
12.48194313,1.01185181,1.01185181
12.49746990,0.99813842,0.99813842
12.51180744,0.98606446,0.98606446
12.52188396,0.98583127,0.98583127
12.53195763,0.98560790,0.98560790
12.54202843,0.98539182,0.98539182
12.56570053,1.00810306,1.00810306
12.57573700,1.01024294,1.01024294
12.58583546,1.01004638,1.01004638
12.59593105,1.00985716,1.00985716
12.60602570,1.00967531,1.00967531
12.61611462,1.00949827,1.00949827
12.62620068,1.00932860,1.00932860
12.63628578,1.00916626,1.00916626
12.64636898,1.00900758,1.00900758
12.65644836,1.00885744,1.00885744
12.66652679,1.00871095,1.00871095
12.67660236,1.00856936,1.00856936
12.68667698,1.00843265,1.00843265
12.69674873,1.00830083,1.00830083
12.72267437,1.03337766,1.03337766
12.73276615,1.03325192,1.03325192
12.74285793,1.03312985,1.03312985
12.75294685,1.03301153,1.03301153
12.76299381,1.03252196,1.03252196
12.78860760,1.00759644,1.00759644
12.79871178,1.00749267,1.00749267
12.80881405,1.00739134,1.00739134
12.81891441,1.00729370,1.00729370
12.82901192,1.00719849,1.00719849
12.83910847,1.00710565,1.00710565
12.84920216,1.00701784,1.00701784
12.85929203,1.00692992,1.00692992
12.86938286,1.00684571,1.00684571
12.88817310,1.02382566,1.02382566
12.90037251,1.03185059,1.03185059
12.91047382,1.03176999,1.03176999
12.92057514,1.03169187,1.03169187
12.93067455,1.03161616,1.03161616
12.94077110,1.03154180,1.03154180
12.95086384,1.03146852,1.03146852
12.96095753,1.03139767,1.03139767
12.97105026,1.03132814,1.03132814
12.98114109,1.03125976,1.03125976
12.99123001,1.03119261,1.03119261
13.00131702,1.03112671,1.03112671
13.01135445,1.02951908,1.02951908
13.03600216,1.00585203,1.00585203
13.04610157,1.00579100,1.00579100
13.07217789,1.03087404,1.03087404
13.08228779,1.03081294,1.03081294
13.09239674,1.03075198,1.03075198
13.10250282,1.03069214,1.03069214
13.11260986,1.03063359,1.03063359
13.12271500,1.03057375,1.03057375
13.13282013,1.03051516,1.03051516
13.14292240,1.03045654,1.03045654
13.15302467,1.03039915,1.03039915
13.16312695,1.03034060,1.03034060
13.17322731,1.03028320,1.03028320
13.18332863,1.03022586,1.03022586
13.19342709,1.03016724,1.03016724
13.20352554,1.03010868,1.03010868
13.24468994,1.02072261,1.02072261
13.25776100,1.02999146,1.02999146
13.26788521,1.02993286,1.02993286
13.27801228,1.02987428,1.02987428
13.28813839,1.02981446,1.02981446
13.29826260,1.02975339,1.02975339
13.30838585,1.02969239,1.02969239
13.31851292,1.02963132,1.02963132
13.32863808,1.02956783,1.02956783
13.33876228,1.02950442,1.02950442
13.34888744,1.02944092,1.02944092
13.37507915,1.00427005,1.00427005
13.38522339,1.00420533,1.00420533
13.39536762,1.00414059,1.00414059
13.40550995,1.00407350,1.00407350
13.41565418,1.00400635,1.00400635
13.42580128,1.00393920,1.00393920
13.43594742,1.00386837,1.00386837
13.44609547,1.00379759,1.00379759
13.46986771,1.02611327,1.02611327
13.48016644,1.02874271,1.02874271
13.49033833,1.02866818,1.02866818
13.50051403,1.02859009,1.02859009
13.51068974,1.02851075,1.02851075
13.52086926,1.02843017,1.02843017
13.53104973,1.02834836,1.02834836
13.54123497,1.02826417,1.02826417
13.55141926,1.02817988,1.02817988
13.56160831,1.02809323,1.02809323
13.57179928,1.02800537,1.02800537
13.58199120,1.02791503,1.02791503
13.59218597,1.02782471,1.02782471
13.60238457,1.02773315,1.02773315
13.62876129,1.05270386,1.05270386
13.63899803,1.05260497,1.05260497
13.64923859,1.05250728,1.05250728
13.65948391,1.05240718,1.05240718
13.66973400,1.05230595,1.05230595
13.67998886,1.05220218,1.05220218
13.69024754,1.05209960,1.05209960
13.70051098,1.05199579,1.05199579
13.71078205,1.05189090,1.05189090
13.72105598,1.05178464,1.05178464
13.73133659,1.05167853,1.05167853
13.74162197,1.05157346,1.05157346
13.75191402,1.05146607,1.05146607
13.77849293,1.07639276,1.07639276
13.78884697,1.07628416,1.07628416
13.79920769,1.07617797,1.07617797
13.80957699,1.07607178,1.07607178
13.81995392,1.07596801,1.07596801
13.83034229,1.07586545,1.07586545
13.84073544,1.07576543,1.07576543
13.85113811,1.07566899,1.07566899
13.86155319,1.07557620,1.07557620
13.87197399,1.07548832,1.07548832
13.88240528,1.07540404,1.07540404
13.90926647,1.05031858,1.05031858
13.93618488,1.07525387,1.07525387
13.94679737,1.07518800,1.07518800
13.95742035,1.07513181,1.07513181
13.96806145,1.07508300,1.07508300
13.97871590,1.07504514,1.07504514
13.98938560,1.07501707,1.07501707
14.00006580,1.07500119,1.07500119
14.01076317,1.07499998,1.07499998
14.02147579,1.07501097,1.07501097
14.03219700,1.07503909,1.07503909
14.05953121,1.10008423,1.10008423
14.07037735,1.10014654,1.10014654
14.08124256,1.10022829,1.10022829
14.09212208,1.10032965,1.10032965
14.10301590,1.10045409,1.10045409
14.11392403,1.10059935,1.10059935
14.12484550,1.10077148,1.10077148
14.13578129,1.10096676,1.10096676
14.14673233,1.10119021,1.10119021
14.15769482,1.10144046,1.10144046
14.18559170,1.12675899,1.12675899
14.19670296,1.12707758,1.12707758
14.20783043,1.12742673,1.12742673
14.21897411,1.12781129,1.12781129
14.23013115,1.12822997,1.12822997
14.24130726,1.12868529,1.12868529
14.25249672,1.12917968,1.12917968
14.26370144,1.12971316,1.12971316
14.29218388,1.15540400,1.15540400
14.30355835,1.15603273,1.15603273
14.31495285,1.15670651,1.15670651
14.32636356,1.15742549,1.15742549
14.33779240,1.15819332,1.15819332
14.34924221,1.15901003,1.15901003
14.36071110,1.15987547,1.15987547
14.37219906,1.16079466,1.16079466
14.40140247,1.18702264,1.18702264
14.41308689,1.18807254,1.18807254
14.42479610,1.18918095,1.18918095
14.43652821,1.19034910,1.19034910
14.44828510,1.19157955,1.19157955
14.46006966,1.19287352,1.19287352
14.47187996,1.19423217,1.19423217
14.48360252,1.19641236,1.19641236
14.50464058,1.23359868,1.23359868
14.51830864,1.24455684,1.24455684
14.53033352,1.25144169,1.25144169
14.54229259,1.25323241,1.25323241
14.55428314,1.25510378,1.25510378
14.56631184,1.25705694,1.25705694
14.57837486,1.25909788,1.25909788
14.60931301,1.28696529,1.28696529
14.62163734,1.28922847,1.28922847
14.63400650,1.29158808,1.29158808
14.64641953,1.29404424,1.29404424
14.65887928,1.29660162,1.29660162
14.67138481,1.29926267,1.29926267
14.68394184,1.30202765,1.30202765
14.69655132,1.30490236,1.30490236
14.70921230,1.30788938,1.30788938
14.72192955,1.31099122,1.31099122
14.75450993,1.34049556,1.34049556
14.76756001,1.34390506,1.34390506
14.78067589,1.34744022,1.34744022
14.79386044,1.35110601,1.35110601
14.80661201,1.35673942,1.35673942
14.81926727,1.36326177,1.36326177
14.83200073,1.36970697,1.36970697
14.84481812,1.37608151,1.37608151
14.85772800,1.38241217,1.38241217
14.87074089,1.38870608,1.38870608
14.90398216,1.42205817,1.42205817
14.91746807,1.42842776,1.42842776
14.93107891,1.43480831,1.43480831
14.94482899,1.44122438,1.44122438
14.95872116,1.44767946,1.44767946
14.97275925,1.45418949,1.45418949
14.98609638,1.45244629,1.45244629
15.00495338,1.43960932,1.43960932
15.01920223,1.44624139,1.44624139
15.03858948,1.43227048,1.43227048
15.06640816,1.40787237,1.40787237
15.09329224,1.38425779,1.38425779
15.11929893,1.36139766,1.36139766
15.13269234,1.36676879,1.36676879
15.14511395,1.36851815,1.36851815
15.16961098,1.34695799,1.34695799
15.19037151,1.32962890,1.32962890
15.20448399,1.33662721,1.33662721
15.21667862,1.33383422,1.33383422
15.23917961,1.31410896,1.31410896
15.26102543,1.29497928,1.29497928
15.28197479,1.27675658,1.27675658
15.29611778,1.28416622,1.28416622
15.30785275,1.28530152,1.28530152
15.32810307,1.26775878,1.26775878
15.34782314,1.25073732,1.25073732
15.36702728,1.23421877,1.23421877
15.37834072,1.23121588,1.23121588
15.39274406,1.23935792,1.23935792
15.40768433,1.22846187,1.22846187
15.42568398,1.21328609,1.21328609
15.44324684,1.19855222,1.19855222
15.46040154,1.18424429,1.18424429
15.47157860,1.18631476,1.18631476
15.48628139,1.19529795,1.19529795
15.50276852,1.18188355,1.18188355
15.51898384,1.16873169,1.16873169
15.53485012,1.15595579,1.15595579
15.55037594,1.14355103,1.14355103
15.56081676,1.14175783,1.14175783
15.57584286,1.15163939,1.15163939
15.58820820,1.14417845,1.14417845
15.60299587,1.13277587,1.13277587
15.61749458,1.12170164,1.12170164
15.63171196,1.11094366,1.11094366
15.64566040,1.10049432,1.10049432
15.65852737,1.10768678,1.10768678
15.67105961,1.11424800,1.11424800
15.68470669,1.10437255,1.10437255
15.69811440,1.09477908,1.09477908
15.71129322,1.08546382,1.08546382
15.72227383,1.08978273,1.08978273
15.73659992,1.10096686,1.10096686
15.75005817,1.09296748,1.09296748
15.76329708,1.08521608,1.08521608
15.77632427,1.07769905,1.07769905
15.78914547,1.07041140,1.07041140
15.80176926,1.06334595,1.06334595
15.81156731,1.06277589,1.06277589
15.82823563,1.07729373,1.07729373
15.83896732,1.07386843,1.07386843
15.85121918,1.06739622,1.06739622
15.86329746,1.06111081,1.06111081
15.87520981,1.05500002,1.05500002
15.88829899,1.06475343,1.06475343
15.90039444,1.07280521,1.07280521
15.91216660,1.06700072,1.06700072
15.92378521,1.06134891,1.06134891
15.93525600,1.05583860,1.05583860
15.94658661,1.05046140,1.05046140
15.95777798,1.04520871,1.04520871
15.96883774,1.04007329,1.04007329
15.98485756,1.05333492,1.05333492
15.99562359,1.05838012,1.05838012
16.00660324,1.05340936,1.05340936
16.01746368,1.04852171,1.04852171
16.02820778,1.04370851,1.04370851
16.03884315,1.03896490,1.03896490
16.06039619,1.05789302,1.05789302
16.07019615,1.05715332,1.05715332
16.08079338,1.05244262,1.05244262
16.09128952,1.04776121,1.04776121
16.10169601,1.04310176,1.04310176
16.11201286,1.03845332,1.03845332
16.12224770,1.03380132,1.03380132
16.13240623,1.02913333,1.02913333
16.14974785,1.04133056,1.04133056
16.16217995,1.04640500,1.04640500
16.17238617,1.04152586,1.04152586
16.18253899,1.03657590,1.03657590
16.19274330,1.03208625,1.03208625
16.20329475,1.02911376,1.02911376
16.21380806,1.02625001,1.02625001
16.22428513,1.02349120,1.02349120
16.23428917,1.02316773,1.02316773
16.25734138,1.04439213,1.04439213
16.26794434,1.04187379,1.04187379
16.27851868,1.03945188,1.03945188
16.28906250,1.03712643,1.03712643
16.29958153,1.03489380,1.03489380
16.31007385,1.03275267,1.03275267
16.32054520,1.03069697,1.03069697
16.33099174,1.02872925,1.02872925
16.34845352,1.04342038,1.04342038
16.36076164,1.05067259,1.05067259
16.37135124,1.04890748,1.04890748
16.38192177,1.04722291,1.04722291
16.39247513,1.04561640,1.04561640
16.40301132,1.04408570,1.04408570
16.41353416,1.04262825,1.04262825
16.42404175,1.04124265,1.04124265
16.43453598,1.03992677,1.03992677
16.44502068,1.03867923,1.03867923
16.45549202,1.03749997,1.03749997
16.46595573,1.03638427,1.03638427
16.47640800,1.03533204,1.03533204
16.48685265,1.03434079,1.03434079
16.51533508,1.00820555,1.00820555
16.52559471,1.00735351,1.00735351
16.53584862,1.00655761,1.00655761
16.54610062,1.00581542,1.00581542
16.55634880,1.00512576,1.00512576
16.56659508,1.00448727,1.00448727
16.59452438,0.97880129,0.97880129
16.60460854,0.97827277,0.97827277
16.61469269,0.97779049,0.97779049
16.62477875,0.97734985,0.97734985
16.63486671,0.97695438,0.97695438
16.64495659,0.97660034,0.97660034
16.67242622,0.95125001,0.95125001
16.68237495,0.95098023,0.95098023
16.69232941,0.95074707,0.95074707
16.71956825,0.92553345,0.92553345
16.72939491,0.92537230,0.92537230
16.73923111,0.92524051,0.92524051
16.74907303,0.92514038,0.92514038
16.75892639,0.92506712,0.92506712
16.76878929,0.92502076,0.92502076
16.77865982,0.92499999,0.92499999
16.78853989,0.92500366,0.92500366
16.79842949,0.92503054,0.92503054
16.80832863,0.92508055,0.92508055
16.81823730,0.92514896,0.92514896
16.82815552,0.92523801,0.92523801
16.83808327,0.92534548,0.92534548
16.84802055,0.92546996,0.92546996
16.85796738,0.92560913,0.92560913
16.86792374,0.92576415,0.92576415
16.87788773,0.92593380,0.92593380
16.88786316,0.92611694,0.92611694
16.89784622,0.92631101,0.92631101
16.90783882,0.92651613,0.92651613
16.91783905,0.92673212,0.92673212
16.92785072,0.92695678,0.92695678
16.93787003,0.92719121,0.92719121
16.94789886,0.92743285,0.92743285
16.95811081,0.92488525,0.92488525
16.98180962,0.90285767,0.90285767
16.99177742,0.90311160,0.90311160
17.00175476,0.90337036,0.90337036
17.01173973,0.90363404,0.90363404
17.02173424,0.90390261,0.90390261
17.03174019,0.90417238,0.90417238
17.04175568,0.90444702,0.90444702
17.05177879,0.90472417,0.90472417
17.06181145,0.90500247,0.90500247
17.07185364,0.90528442,0.90528442
17.08190346,0.90556643,0.90556643
17.09196091,0.90584964,0.90584964
17.10202789,0.90613400,0.90613400
17.11210251,0.90641848,0.90641848
17.12218475,0.90670407,0.90670407
17.13227654,0.90698855,0.90698855
17.14237213,0.90727295,0.90727295
17.15247726,0.90755737,0.90755737
17.16259003,0.90784058,0.90784058
17.17271042,0.90812261,0.90812261
17.18283653,0.90840577,0.90840577
17.19296837,0.90868411,0.90868411
17.20310974,0.90896484,0.90896484
17.21325493,0.90924073,0.90924073
17.22340584,0.90951664,0.90951664
17.23356438,0.90979127,0.90979127
17.24372864,0.91006348,0.91006348
17.25390053,0.91033324,0.91033324
17.27968788,0.88530760,0.88530760
17.28982162,0.88556520,0.88556520
17.29996300,0.88582155,0.88582155
17.31011009,0.88607545,0.88607545
17.32026291,0.88632690,0.88632690
17.33041954,0.88657596,0.88657596
17.34058380,0.88682370,0.88682370
17.35075378,0.88706791,0.88706791
17.36092949,0.88730959,0.88730959
17.37110901,0.88754758,0.88754758
17.38129616,0.88778447,0.88778447
17.39148712,0.88801756,0.88801756
17.40168190,0.88824833,0.88824833
17.41188240,0.88847777,0.88847777
17.42208862,0.88870241,0.88870241
17.43229866,0.88892578,0.88892578
17.44251442,0.88914549,0.88914549
17.45273209,0.88936282,0.88936282
17.46295547,0.88957521,0.88957521
17.47318268,0.88978761,0.88978761
17.48341370,0.88999511,0.88999511
17.49364853,0.89020021,0.89020021
17.50388718,0.89040283,0.89040283
17.51412964,0.89060183,0.89060183
17.52437592,0.89079837,0.89079837
17.53462410,0.89099124,0.89099124
17.54487610,0.89118166,0.89118166
17.55513191,0.89136840,0.89136840
17.56538963,0.89155277,0.89155277
17.57565117,0.89173344,0.89173344
17.58591461,0.89191282,0.89191282
17.59618187,0.89208739,0.89208739
17.60645294,0.89225951,0.89225951
17.61672401,0.89242794,0.89242794
17.62699699,0.89259525,0.89259525
17.63727570,0.89275757,0.89275757
17.64755440,0.89291746,0.89291746
17.65783501,0.89307492,0.89307492
17.66811752,0.89322875,0.89322875
17.67840195,0.89337890,0.89337890
17.69544983,0.87769164,0.87769164
17.70806122,0.86813842,0.86813842
17.71833038,0.86827636,0.86827636
17.72860146,0.86841069,0.86841069
17.73887634,0.86854248,0.86854248
17.74915123,0.86867061,0.86867061
17.75942802,0.86879634,0.86879634
17.76970673,0.86891969,0.86891969
17.77998734,0.86903930,0.86903930
17.79026794,0.86915652,0.86915652
17.80055046,0.86926999,0.86926999
17.81083298,0.86938112,0.86938112
17.82111740,0.86948856,0.86948856
17.83140373,0.86959474,0.86959474
17.84169006,0.86969603,0.86969603
17.85197639,0.86979494,0.86979494
17.86226463,0.86989134,0.86989134
17.87255287,0.86998419,0.86998419
17.88284111,0.87007570,0.87007570
17.89312935,0.87016354,0.87016354
17.90341759,0.87024782,0.87024782
17.91370773,0.87032960,0.87032960
17.92399597,0.87040892,0.87040892
17.93428421,0.87048463,0.87048463
17.94457436,0.87055784,0.87055784
17.95486450,0.87062744,0.87062744
17.96515274,0.87069577,0.87069577
17.97543907,0.87076046,0.87076046
17.98572731,0.87082149,0.87082149
18.00476265,0.85246950,0.85246950
18.01595688,0.84532108,0.84532108
18.02623558,0.84537350,0.84537350
18.03651237,0.84542237,0.84542237
18.04678917,0.84546999,0.84546999
18.05706596,0.84551272,0.84551272
18.06734085,0.84555418,0.84555418
18.07761574,0.84559204,0.84559204
18.08788872,0.84562746,0.84562746
18.09816170,0.84566041,0.84566041
18.10843468,0.84569094,0.84569094
18.11870384,0.84571898,0.84571898
18.12897301,0.84574339,0.84574339
18.15205765,0.86882690,0.86882690
18.16207314,0.87141599,0.87141599
18.17233467,0.87143436,0.87143436
18.18259621,0.87144896,0.87144896
18.19285393,0.87146118,0.87146118
18.20311165,0.87146974,0.87146974
18.21336555,0.87147705,0.87147705
18.22361946,0.87148189,0.87148189
18.23387146,0.87148317,0.87148317
18.24412346,0.87148313,0.87148313
18.25436974,0.87147947,0.87147947
18.26461601,0.87147217,0.87147217
18.27486038,0.87146363,0.87146363
18.28510094,0.87145144,0.87145144
18.29533958,0.87143802,0.87143802
18.30557442,0.87142094,0.87142094
18.31580925,0.87140140,0.87140140
18.33246231,0.85579464,0.85579464
18.34512520,0.84572756,0.84572756
18.35535240,0.84570071,0.84570071
18.36557961,0.84567135,0.84567135
18.37580299,0.84563968,0.84563968
18.38602448,0.84560670,0.84560670
18.39624214,0.84556887,0.84556887
18.40645599,0.84553097,0.84553097
18.41666985,0.84548956,0.84548956
18.42687798,0.84544677,0.84544677
18.43708229,0.84539917,0.84539917
18.44728470,0.84535158,0.84535158
18.45748329,0.84530029,0.84530029
18.46767807,0.84524781,0.84524781
18.47786903,0.84519164,0.84519164
18.48805618,0.84513304,0.84513304
18.49823952,0.84507324,0.84507324
18.50842094,0.84500979,0.84500979
18.51859474,0.84494385,0.84494385
18.52876663,0.84487794,0.84487794
18.53893280,0.84480712,0.84480712
18.54909515,0.84473511,0.84473511
18.55925369,0.84466067,0.84466067
18.56940842,0.84458373,0.84458373
18.57955742,0.84450437,0.84450437
18.58970261,0.84442259,0.84442259
18.59984207,0.84433960,0.84433960
18.60997772,0.84425292,0.84425292
18.62010765,0.84416381,0.84416381
18.63023376,0.84407470,0.84407470
18.64035225,0.84398196,0.84398196
18.65094376,0.83796144,0.83796144
18.67106438,0.81822022,0.81822022
18.68118286,0.81812379,0.81812379
18.69129562,0.81802611,0.81802611
18.70140076,0.81792598,0.81792598
18.71150398,0.81782226,0.81782226
18.72159958,0.81771724,0.81771724
18.73169136,0.81761109,0.81761109
18.74177551,0.81750119,0.81750119
18.75185394,0.81739135,0.81739135
18.76192856,0.81727783,0.81727783
18.77199745,0.81716308,0.81716308
18.78205681,0.81704714,0.81704714
18.79211235,0.81692872,0.81692872
18.80216217,0.81680787,0.81680787
18.81220436,0.81668579,0.81668579
18.82224083,0.81656131,0.81656131
18.83226967,0.81643434,0.81643434
18.84229469,0.81630495,0.81630495
18.85231209,0.81617554,0.81617554
18.87746620,0.84118046,0.84118046
18.88742447,0.84140863,0.84140863
18.89744186,0.84126830,0.84126830
18.90745354,0.84112670,0.84112670
18.91745758,0.84098389,0.84098389
18.92745399,0.84083860,0.84083860
18.93744469,0.84069215,0.84069215
18.94742775,0.84054323,0.84054323
18.95740318,0.84039309,0.84039309
18.96737099,0.84024167,0.84024167
18.97733307,0.84008787,0.84008787
18.98728752,0.83993163,0.83993163
18.99723434,0.83977541,0.83977541
19.00717354,0.83961794,0.83961794
19.01710320,0.83945679,0.83945679
19.02702713,0.83929563,0.83929563
19.03694344,0.83913207,0.83913207
19.04685020,0.83896851,0.83896851
19.05674934,0.83880244,0.83880244
19.06664085,0.83863524,0.83863524
19.07652473,0.83846683,0.83846683
19.08639908,0.83829712,0.83829712
19.09626579,0.83812621,0.83812621
19.10612297,0.83795287,0.83795287
19.13207817,0.86203492,0.86203492
19.15730095,0.83760499,0.83760499
19.16719627,0.83742796,0.83742796
19.17708206,0.83725216,0.83725216
19.18696022,0.83707395,0.83707395
19.19682884,0.83689452,0.83689452
19.20668983,0.83671510,0.83671510
19.21654510,0.83653437,0.83653437
19.22638702,0.83635256,0.83635256
19.23622322,0.83616943,0.83616943
19.24604988,0.83598633,0.83598633
19.25586891,0.83580324,0.83580324
19.26568031,0.83561768,0.83561768
19.27548218,0.83543212,0.83543212
19.30401039,0.80993530,0.80993530
19.31375885,0.80975465,0.80975465
19.32349396,0.80957395,0.80957395
19.33322334,0.80939207,0.80939207
19.35024261,0.82471802,0.82471802
19.36297035,0.83430905,0.83430905
19.37270927,0.83412111,0.83412111
19.38243675,0.83393186,0.83393186
19.39215660,0.83374263,0.83374263
19.40186882,0.83355347,0.83355347
19.41156769,0.83336549,0.83336549
19.42126083,0.83317626,0.83317626
19.43094444,0.83298706,0.83298706
19.44061470,0.83279906,0.83279906
19.45027924,0.83260865,0.83260865
19.45993233,0.83242187,0.83242187
19.46957588,0.83223269,0.83223269
19.47920990,0.83204589,0.83204589
19.48883438,0.83185913,0.83185913
19.49844551,0.83167242,0.83167242
19.50804901,0.83148682,0.83148682
19.51764488,0.83130129,0.83130129
19.52722931,0.83111817,0.83111817
19.53680420,0.83093509,0.83093509
19.54636765,0.83075192,0.83075192
19.55592346,0.83057132,0.83057132
19.56546593,0.83039063,0.83039063
19.57647514,0.83688718,0.83688718
19.59631538,0.85518559,0.85518559
19.60587692,0.85500363,0.85500363
19.61543083,0.85482540,0.85482540
19.62497520,0.85464479,0.85464479
19.63450813,0.85446903,0.85446903
19.64403152,0.85429327,0.85429327
19.65354538,0.85412112,0.85412112
19.66304779,0.85394895,0.85394895
19.67254257,0.85377928,0.85377928
19.68202782,0.85361204,0.85361204
19.69150162,0.85344725,0.85344725
19.70096779,0.85328611,0.85328611
19.71042252,0.85312498,0.85312498
19.71986771,0.85296876,0.85296876
19.74197578,0.83203736,0.83203736
19.75206757,0.82758423,0.82758423
19.76153946,0.82744022,0.82744022
19.77100182,0.82729733,0.82729733
19.78045654,0.82715939,0.82715939
19.78990173,0.82702392,0.82702392
19.79933739,0.82689086,0.82689086
19.80876541,0.82676271,0.82676271
19.83496475,0.85168825,0.85168825
19.84443474,0.85156244,0.85156244
19.85389328,0.85144042,0.85144042
19.86334610,0.85132324,0.85132324
19.87279129,0.85120974,0.85120974
19.88222885,0.85110107,0.85110107
19.89165688,0.85099613,0.85099613
19.90107727,0.85089598,0.85089598
19.91049004,0.85079958,0.85079958
19.91989517,0.85070922,0.85070922
19.92928886,0.85062256,0.85062256
19.93867874,0.85054081,0.85054081
19.94805908,0.85046386,0.85046386
19.97450066,0.87540528,0.87540528
19.98393250,0.87533814,0.87533814
19.99335670,0.87527589,0.87527589
20.00277710,0.87521976,0.87521976
20.01218987,0.87516967,0.87516967
20.02159691,0.87512575,0.87512575
20.03099251,0.87508913,0.87508913
20.04038620,0.87505736,0.87505736
20.04977226,0.87503172,0.87503172
20.07642174,0.90001463,0.90001463
20.08586884,0.90000367,0.90000367
20.09530830,0.89999876,0.89999876
20.10474205,0.90000244,0.90000244
20.11417389,0.90001340,0.90001340
20.12359619,0.90003052,0.90003052
20.13301659,0.90005737,0.90005737
20.14243317,0.90009032,0.90009032
20.16930008,0.92513674,0.92513674
20.17878151,0.92518803,0.92518803
20.18825912,0.92524902,0.92524902
20.19773483,0.92531863,0.92531863
20.24891663,0.97541869,0.97541869
20.25853729,0.97551145,0.97551145
20.26815796,0.97561278,0.97561278
20.27777672,0.97572632,0.97572632
20.32912827,1.02589230,1.02589230
20.33890343,1.02603272,1.02603272
20.34867668,1.02618286,1.02618286
20.37601280,1.05137942,1.05137942
20.38586807,1.05155757,1.05155757
20.39572525,1.05174684,1.05174684
20.40558052,1.05194950,1.05194950
20.43308449,1.07721560,1.07721560
20.44302940,1.07744749,1.07744749
20.45297623,1.07769529,1.07769529
20.46292686,1.07795412,1.07795412
20.49061203,1.10330323,1.10330323
20.51837158,1.07851443,1.07851443
20.52850342,1.07881472,1.07881472
20.55473328,1.05403323,1.05403323
20.56478882,1.05435424,1.05435424
20.57484818,1.05468994,1.05468994
20.58491516,1.05504030,1.05504030
20.59498596,1.05540648,1.05540648
20.60506439,1.05578614,1.05578614
20.61514664,1.05617917,1.05617917
20.62523651,1.05659061,1.05659061
20.63533211,1.05701659,1.05701659
20.64543533,1.05745729,1.05745729
20.65554810,1.05791385,1.05791385
20.67868805,1.03626464,1.03626464
20.68880844,1.03366575,1.03366575
20.69885254,1.03416016,1.03416016
20.70890427,1.03466916,1.03466916
20.71896553,1.03519649,1.03519649
20.72903442,1.03573982,1.03573982
20.73911285,1.03630007,1.03630007
20.74920273,1.03687742,1.03687742
20.77495575,1.01216922,1.01216922
20.78497124,1.01276616,1.01276616
20.79499435,1.01338010,1.01338010
20.80502892,1.01401368,1.01401368
20.81507492,1.01466305,1.01466305
20.82513237,1.01533207,1.01533207
20.83519745,1.01601809,1.01601809
20.84527969,1.01672238,1.01672238
20.87085724,0.99200927,0.99200927
20.88086319,0.99273317,0.99273317
20.89088440,0.99347414,0.99347414
20.90091896,0.99423464,0.99423464
20.91096878,0.99501465,0.99501465
20.92103004,0.99581298,0.99581298
20.93110466,0.99663087,0.99663087
20.94119644,0.99746950,0.99746950
20.95130539,0.99832643,0.99832643
20.96142960,0.99920533,0.99920533
20.97157097,1.00010376,1.00010376
20.99246216,0.98031980,0.98031980
21.00263023,0.97626955,0.97626955
21.01271820,0.97720579,0.97720579
21.02282333,0.97816164,0.97816164
21.03294563,0.97913814,0.97913814
21.04308891,0.98013671,0.98013671
21.05325127,0.98115477,0.98115477
21.06343460,0.98219481,0.98219481
21.07363701,0.98325804,0.98325804
21.08386230,0.98434209,0.98434209
21.09410667,0.98544801,0.98544801
21.10570717,0.97774293,0.97774293
21.12310982,0.96173582,0.96173582
21.13331032,0.96287843,0.96287843
21.14353752,0.96404418,0.96404418
21.15378380,0.96523312,0.96523312
21.16405678,0.96644527,0.96644527
21.17435455,0.96767944,0.96767944
21.18467712,0.96893799,0.96893799
21.19502640,0.97021973,0.97021973
21.20539856,0.97152470,0.97152470
21.21580124,0.97285518,0.97285518
21.22596359,0.97321413,0.97321413
21.24827194,0.95128298,0.95128298
21.25818062,0.95058717,0.95058717
21.26857948,0.95197632,0.95197632
21.27900696,0.95339232,0.95339232
21.28946686,0.95483153,0.95483153
21.29995537,0.95629639,0.95629639
21.31047630,0.95778806,0.95778806
21.32102966,0.95930418,0.95930418
21.33161926,0.96084716,0.96084716
21.34223938,0.96241455,0.96241455
21.35289383,0.96401004,0.96401004
21.36977577,0.94812867,0.94812867
21.38107491,0.94041135,0.94041135
21.39171028,0.94203980,0.94203980
21.40238190,0.94369509,0.94369509
21.41309357,0.94537962,0.94537962
21.42384338,0.94708987,0.94708987
21.43451118,0.94915407,0.94915407
21.44517708,0.95895752,0.95895752
21.46981430,0.94970947,0.94970947
21.48513031,0.95095700,0.95095700
21.49498177,0.95606199,0.95606199
21.50570869,0.95794072,0.95794072
21.51647949,0.95984990,0.95984990
21.52729225,0.96178833,0.96178833
21.53814888,0.96375731,0.96375731
21.54904938,0.96575685,0.96575685
21.55999565,0.96778568,0.96778568
21.57098961,0.96984620,0.96984620
21.58202934,0.97193725,0.97193725
21.59765625,0.95714723,0.95714723
21.60925865,0.94832274,0.94832274
21.62030602,0.95044679,0.95044679
21.63140106,0.95260380,0.95260380
21.64254761,0.95479003,0.95479003
21.65374565,0.95700924,0.95700924
21.66499901,0.95926151,0.95926151
21.67630196,0.96154782,0.96154782
21.68766212,0.96386479,0.96386479
21.69907379,0.96621581,0.96621581
21.70993996,0.96718629,0.96718629
21.72526169,0.95249756,0.95249756
21.73624229,0.94484005,0.94484005
21.74773979,0.94725587,0.94725587
21.75929451,0.94970580,0.94970580
21.76937103,0.95752073,0.95752073
21.77946091,0.96660641,0.96660641
21.78953934,0.97565676,0.97565676
21.79961014,0.98467899,0.98467899
21.80982399,0.99164310,0.99164310
21.82160378,0.99438596,0.99438596
21.83178520,0.98966675,0.98966675
21.84604645,0.97613400,0.97613400
21.85611725,0.97334959,0.97334959
21.86800766,0.97616210,0.97616210
21.87996864,0.97901123,0.97901123
21.89199829,0.98190066,0.98190066
21.90410042,0.98482905,0.98482905
21.91627693,0.98779781,0.98779781
21.92852974,0.99080567,0.99080567
21.94085503,0.99385495,0.99385495
21.95253944,0.99556399,0.99556399
21.96613884,0.98274781,0.98274781
21.97797775,0.97284793,0.97284793
21.98914719,0.97860474,0.97860474
21.99945259,0.98786496,0.98786496
22.00978088,0.99712644,0.99712644
22.02013206,1.00639160,1.00639160
22.03050995,1.01566526,1.01566526
22.04133415,1.02320065,1.02320065
22.05413246,1.02668088,1.02668088
22.06702042,1.03020880,1.03020880
22.07999420,1.03378294,1.03378294
22.09306335,1.03740236,1.03740236
22.10371017,1.03518189,1.03518189
22.11661530,1.02318120,1.02318120
22.12751389,1.01809576,1.01809576
22.13817215,1.02765377,1.02765377
22.14887047,1.03723750,1.03723750
22.15961266,1.04684687,1.04684687
22.17040253,1.05648558,1.05648558
22.18123436,1.06615235,1.06615235
22.19364166,1.07221433,1.07221433
22.20731735,1.07634038,1.07634038
22.22109795,1.08052002,1.08052002
22.23499107,1.08475591,1.08475591
22.24659920,1.08462893,1.08462893
22.25907135,1.07318722,1.07318722
22.27028847,1.06453123,1.06453123
22.28176117,1.07378295,1.07378295
22.29301643,1.08388422,1.08388422
22.30433464,1.09403682,1.09403682
22.31571770,1.10423833,1.10423833
22.32659531,1.10811767,1.10811767
22.34224510,1.10262082,1.10262082
22.35318184,1.09604000,1.09604000
22.36773872,1.10078122,1.10078122
22.38241768,1.10558228,1.10558228
22.39723015,1.11044919,1.11044919
22.41217041,1.11537965,1.11537965
22.42724800,1.12037114,1.12037114
22.44079208,1.12796997,1.12796997
22.45279503,1.13880004,1.13880004
22.46488380,1.14970090,1.14970090
22.47705460,1.16067508,1.16067508
22.48931122,1.17172120,1.17172120
22.50165558,1.18284301,1.18284301
22.51408958,1.19404659,1.19404659
22.55648994,1.24027581,1.24027581
22.57182693,1.23499020,1.23499020
22.58702850,1.22978391,1.22978391
22.60210228,1.22465575,1.22465575
22.61705017,1.21960575,1.21960575
22.62810326,1.22580940,1.22580940
22.64262962,1.23463134,1.23463134
22.65377045,1.23003665,1.23003665
22.66555405,1.21959722,1.21959722
22.67679024,1.21543947,1.21543947
22.69361687,1.22165525,1.22165525
22.70643997,1.22151608,1.22151608
22.71966743,1.21467166,1.21467166
22.73342323,1.21130861,1.21130861
22.74669075,1.22345097,1.22345097
22.75908852,1.23377803,1.23377803
22.77341652,1.22934449,1.22934449
22.78764153,1.22497929,1.22497929
22.79924393,1.23327512,1.23327512
22.81281471,1.24574099,1.24574099
22.82649803,1.25831919,1.25831919
22.84029961,1.27100832,1.27100832
22.85390854,1.26752563,1.26752563
22.86787224,1.26334468,1.26334468
22.87893295,1.26863275,1.26863275
22.89294434,1.28156370,1.28156370
22.90708160,1.29461548,1.29461548
22.92133904,1.30778809,1.30778809
22.93415642,1.30556881,1.30556881
22.94789886,1.30157708,1.30157708
22.95894432,1.30550785,1.30550785
22.97342873,1.31894045,1.31894045
22.98473549,1.32069332,1.32069332
22.99631691,1.31246708,1.31246708
23.00749016,1.30604126,1.30604126
23.02683640,1.31363646,1.31363646
23.04640007,1.32130617,1.32130617
23.06618118,1.32904904,1.32904904
23.07751656,1.32881105,1.32881105
23.09102249,1.32525756,1.32525756
23.10275841,1.32561526,1.32561526
23.11802292,1.33995359,1.33995359
23.12925720,1.34482055,1.34482055
23.14259529,1.34141720,1.34141720
23.15585899,1.33807134,1.33807134
23.17107201,1.35226319,1.35226319
23.18332863,1.36113406,1.36113406
23.19650841,1.35788081,1.35788081
23.20962143,1.35468382,1.35468382
23.22234535,1.36461556,1.36461556
23.23694038,1.37776366,1.37776366
23.24997902,1.37465943,1.37465943
23.26294708,1.37160891,1.37160891
23.27585220,1.36861209,1.36861209
23.28869057,1.36566647,1.36566647
23.30146980,1.36277223,1.36277223
23.31477928,1.37384519,1.37384519
23.32876396,1.38601198,1.38601198
23.34147644,1.38320799,1.38320799
23.37817764,1.40921636,1.40921636
23.39065933,1.40645754,1.40645754
23.40308571,1.40374880,1.40374880
23.41545486,1.40108886,1.40108886
23.42777252,1.39847781,1.39847781
23.44003677,1.39591434,1.39591434
23.45224762,1.39340089,1.39340089
23.46441269,1.39093267,1.39093267
23.47652435,1.38851199,1.38851199
23.48859024,1.38613764,1.38613764
23.50060654,1.38380733,1.38380733
23.53596687,1.35333007,1.35333007
23.54779243,1.35113652,1.35113652
23.55957603,1.34898808,1.34898808
23.57131577,1.34688118,1.34688118
23.58301353,1.34481808,1.34481808
23.59467316,1.34279658,1.34279658
23.60629082,1.34081541,1.34081541
23.61787224,1.33887695,1.33887695
23.62941360,1.33698002,1.33698002
23.64092064,1.33512459,1.33512459
23.65239334,1.33330812,1.33330812
23.68667412,1.30379159,1.30379159
23.69799042,1.30209346,1.30209346
23.73205566,1.32810056,1.32810056
23.74322701,1.32644403,1.32644403
23.75437355,1.32482426,1.32482426
23.76548958,1.32324586,1.32324586
23.77657890,1.32170529,1.32170529
23.78763962,1.32020263,1.32020263
23.79867363,1.31873902,1.31873902
23.83219719,1.28986935,1.28986935
23.84311485,1.28850952,1.28850952
23.85400963,1.28718744,1.28718744
23.86488533,1.28589967,1.28589967
23.87574005,1.28465089,1.28465089
23.88657570,1.28343756,1.28343756
23.89739227,1.28226192,1.28226192
23.90819168,1.28112061,1.28112061
23.91897392,1.28001827,1.28001827
23.97847748,1.27895021,1.27895021
23.98911667,1.27791999,1.27791999
23.99974632,1.27692382,1.27692382
24.01036835,1.27596558,1.27596558
24.02097893,1.27504270,1.27504270
24.03158379,1.27415653,1.27415653
24.04218102,1.27330810,1.27330810
24.05277061,1.27249879,1.27249879
24.06335831,1.27172367,1.27172367
24.07394028,1.27098752,1.27098752
24.10649490,1.24326050,1.24326050
24.11703491,1.24261355,1.24261355
24.12757492,1.24200199,1.24200199
24.13811874,1.24142950,1.24142950
24.14866257,1.24089351,1.24089351
24.18109131,1.26736450,1.26736450
24.19161987,1.26689934,1.26689934
24.20215607,1.26647214,1.26647214
24.21269989,1.26608651,1.26608651
24.22325706,1.26574212,1.26574212
24.23382568,1.26543707,1.26543707
24.26619530,1.23826053,1.23826053
24.27677917,1.23804933,1.23804933
24.28738403,1.23788207,1.23788207
24.29800224,1.23775763,1.23775763
24.30864525,1.23767703,1.23767703
24.31931114,1.23764283,1.23764283
24.32999992,1.23765747,1.23765747
24.36243629,1.26462522,1.26462522
24.37318039,1.26473510,1.26473510
24.38395691,1.26489623,1.26489623
24.39476967,1.26510994,1.26510994
24.40561295,1.26537598,1.26537598
24.41649246,1.26569455,1.26569455
24.42740822,1.26606686,1.26606686
24.46006775,1.29344604,1.29344604
24.47109222,1.29394539,1.29394539
24.48215866,1.29450075,1.29450075
24.49327469,1.29512087,1.29512087
24.50444031,1.29580449,1.29580449
24.51564789,1.29654788,1.29654788
24.54864311,1.32438113,1.32438113
24.56000710,1.32527214,1.32527214
24.57142258,1.32622681,1.32622681
24.58288956,1.32724483,1.32724483
24.59441757,1.32833005,1.32833005
24.60598946,1.33845699,1.33845699
24.61840820,1.35052854,1.35052854
24.62947273,1.35916867,1.35916867
24.64116096,1.36055058,1.36055058
24.65290642,1.36200315,1.36200315
24.66471100,1.36352420,1.36352420
24.67657089,1.36511472,1.36511472
24.68849182,1.36678104,1.36678104
24.70047188,1.36851934,1.36851934
24.71251297,1.37032958,1.37032958
24.72461510,1.37221315,1.37221315
24.73677826,1.37417477,1.37417477
24.74900627,1.37621214,1.37621214
24.76129913,1.37832512,1.37832512
24.77365685,1.38051637,1.38051637
24.78608131,1.38279180,1.38279180
24.79857445,1.38514772,1.38514772
24.81113625,1.38758420,1.38758420
24.82377052,1.39010501,1.39010501
24.85911369,1.42056515,1.42056515
24.89468575,1.45122188,1.45122188
24.90778542,1.45411628,1.45411628
24.94374084,1.48512695,1.48512695
24.96058083,1.48226443,1.48226443
24.98122406,1.47627563,1.47627563
24.99309158,1.48627438,1.48627438
25.00497246,1.49618648,1.49618648
25.02412415,1.48264166,1.48264166
25.04391861,1.46401614,1.46401614
25.06351852,1.44560658,1.44560658
25.08291626,1.42742065,1.42742065
25.10211182,1.40946163,1.40946163
25.11374092,1.40654665,1.40654665
25.12714577,1.41048463,1.41048463
25.13886261,1.40695192,1.40695192
25.15771675,1.38948490,1.38948490
25.17907715,1.37560918,1.37560918
25.20156860,1.36357788,1.36357788
25.21897125,1.35743902,1.35743902
25.23060799,1.36648680,1.36648680
25.24229622,1.37540404,1.37540404
25.26378441,1.36329466,1.36329466
25.28395081,1.35014407,1.35014407
25.30152893,1.33429804,1.33429804
25.31888390,1.31870115,1.31870115
25.33009911,1.31811773,1.31811773
25.34344864,1.32327877,1.32327877
25.35500526,1.31796751,1.31796751
25.37195396,1.30296631,1.30296631
25.38868141,1.28821538,1.28821538
25.40519333,1.27371345,1.27371345
25.42148399,1.25945684,1.25945684
25.43470573,1.26498171,1.26498171
25.44814301,1.27085205,1.27085205
25.46208954,1.26008790,1.26008790
25.47822762,1.24679445,1.24679445
25.49592972,1.23606202,1.23606202
25.51331520,1.22546386,1.22546386
25.53039551,1.21500243,1.21500243
25.54717064,1.20467647,1.20467647
25.55923462,1.20110718,1.20110718
25.57131958,1.20991458,1.20991458
25.58174706,1.21367185,1.21367185
25.59778976,1.20357302,1.20357302
25.61355209,1.19361574,1.19361574
25.62904358,1.18380248,1.18380248
25.63968277,1.18906373,1.18906373
25.65221405,1.19817497,1.19817497
25.66462708,1.19249267,1.19249267
25.67948723,1.18295769,1.18295769
25.69409943,1.17356687,1.17356687
25.70646095,1.16732788,1.16732788
25.71932983,1.17675660,1.17675660
25.73010635,1.18209713,1.18209713
25.74417114,1.17301872,1.17301872
25.75801468,1.16409055,1.16409055
25.77164268,1.15531128,1.15531128
25.78137016,1.15478884,1.15478884
25.79486656,1.16485716,1.16485716
25.80466080,1.16409544,1.16409544
25.81784058,1.15565553,1.15565553
25.83082962,1.14736571,1.14736571
25.84362984,1.13922363,1.13922363
25.85624695,1.13122922,1.13122922
25.86868477,1.12338136,1.12338136
25.87848663,1.12657352,1.12657352
25.89286423,1.13768558,1.13768558
25.90345764,1.13307493,1.13307493
25.91556931,1.12558714,1.12558714
25.92752838,1.11824337,1.11824337
25.93933296,1.11104492,1.11104492
25.95098495,1.10398685,1.10398685
25.96249390,1.09707034,1.09707034
25.97177887,1.09881342,1.09881342
25.98723412,1.11126707,1.11126707
25.99704170,1.10793089,1.10793089
26.00831223,1.10138308,1.10138308
26.01944733,1.09497314,1.09497314
26.03045273,1.08869991,1.08869991
26.03953934,1.08946781,1.08946781
26.05611610,1.10325687,1.10325687
26.06567383,1.10043097,1.10043097
26.07648659,1.09453009,1.09453009
26.08718109,1.08876342,1.08876342
26.09776497,1.08312743,1.08312743
26.10824013,1.07762085,1.07762085
26.11860847,1.07224248,1.07224248
26.12887001,1.06699215,1.06699215
26.14359093,1.07861934,1.07861934
26.15492058,1.08542847,1.08542847
26.16517067,1.08041621,1.08041621
26.17532539,1.07552857,1.07552857
26.18539238,1.07076294,1.07076294
26.19537544,1.06611820,1.06611820
26.20706558,1.07363405,1.07363405
26.22159767,1.08500239,1.08500239
26.23160362,1.08059577,1.08059577
26.24153519,1.07630495,1.07630495
26.25139618,1.07212893,1.07212893
26.26118851,1.06806889,1.06806889
26.27046013,1.07057494,1.07057494
26.28960991,1.08746949,1.08746949
26.29946327,1.08364382,1.08364382
26.30925941,1.07992916,1.07992916
26.31900024,1.07632199,1.07632199
26.32868767,1.07282100,1.07282100
26.33832550,1.06942503,1.06942503
26.34791565,1.06613274,1.06613274
26.35746002,1.06294313,1.06294313
26.36696815,1.05985102,1.05985102
26.37643623,1.05685790,1.05685790
26.38586807,1.05396237,1.05396237
26.40492058,1.07088376,1.07088376
26.43443298,1.09906619,1.09906619
26.44382477,1.09813108,1.09813108
26.45357132,1.09548099,1.09548099
26.46556091,1.10314327,1.10314327
26.48171425,1.11641974,1.11641974
26.49159241,1.11398678,1.11398678
26.50144577,1.11164547,1.11164547
26.52668381,1.13519164,1.13519164
26.53670311,1.13297491,1.13297491
26.54669952,1.13084592,1.13084592
26.57190132,1.15429445,1.15429445
26.58202553,1.15245600,1.15245600
26.59216881,1.15053831,1.15053831
26.60229492,1.14870360,1.14870360
26.61240768,1.14695070,1.14695070
26.62250900,1.14527833,1.14527833
26.64810944,1.16909789,1.16909789
26.65837860,1.16754764,1.16754764
26.66863632,1.16607423,1.16607423
26.67888451,1.16467405,1.16467405
26.68912315,1.16334965,1.16334965
26.69935608,1.16209839,1.16209839
26.70958328,1.16091678,1.16091678
26.71980667,1.15980469,1.15980469
26.74106789,1.17870367,1.17870367
26.75212288,1.18295410,1.18295410
26.76251411,1.18202155,1.18202155
26.77290154,1.18115601,1.18115601
26.78328514,1.18035279,1.18035279
26.79363251,1.17840941,1.17840941
26.83394241,1.18809569,1.18809569
26.84746552,1.17831302,1.17831302
26.85818672,1.17775022,1.17775022
26.86890602,1.17724494,1.17724494
26.87962532,1.17679442,1.17679442
26.90733147,1.15136717,1.15136717
26.91788673,1.15103023,1.15103023
26.92844963,1.15074458,1.15074458
27.00453186,1.07547239,1.07547239
27.01463127,1.07529420,1.07529420
27.02474213,1.07515993,1.07515993
27.05181694,1.05006349,1.05006349
27.06179237,1.05001220,1.05001220
27.07177925,1.05000004,1.05000004
27.08177948,1.05002437,1.05002437
27.09178925,1.05008307,1.05008307
27.11890030,1.02517333,1.02517333
27.14567184,1.00029049,1.00029049
27.15571976,1.00044317,1.00044317
27.16578102,1.00062498,1.00062498
27.17585564,1.00083499,1.00083499
27.18594360,1.00107297,1.00107297
27.19604492,1.00133664,1.00133664
27.20615768,1.00162236,1.00162236
27.23258781,0.97688475,0.97688475
27.24259949,0.97720950,0.97720950
27.25262642,0.97755370,0.97755370
27.26266861,0.97791622,0.97791622
27.27272606,0.97829714,0.97829714
27.28279686,0.97869262,0.97869262
27.29288101,0.97910280,0.97910280
27.30297852,0.97952881,0.97952881
27.31309319,0.97996585,0.97996585
27.32321930,0.98041379,0.98041379
27.34929085,0.95572143,0.95572143
27.37742424,0.93101435,0.93101435
27.38759232,0.93146729,0.93146729
27.39777184,0.93192505,0.93192505
27.40796280,0.93238768,0.93238768
27.41816902,0.93285644,0.93285644
27.42838478,0.93332885,0.93332885
27.43861389,0.93380369,0.93380369
27.44885254,0.93428220,0.93428220
27.45910263,0.93476195,0.93476195
27.46936417,0.93524166,0.93524166
27.48775291,0.91884159,0.91884159
27.49995041,0.91090090,0.91090090
27.51015854,0.91136597,0.91136597
27.52037811,0.91183108,0.91183108
27.53060722,0.91229368,0.91229368
27.54084969,0.91275392,0.91275392
27.55110168,0.91321286,0.91321286
27.56136322,0.91366702,0.91366702
27.57163620,0.91411743,0.91411743
27.58191681,0.91456420,0.91456420
27.59220695,0.91500612,0.91500612
27.60250473,0.91544435,0.91544435
27.61281013,0.91587525,0.91587525
27.62312508,0.91630246,0.91630246
27.63344765,0.91672484,0.91672484
27.64377785,0.91714112,0.91714112
27.65540695,0.90984253,0.90984253
27.67413330,0.89245852,0.89245852
27.68442917,0.89284420,0.89284420
27.69473267,0.89322509,0.89322509
27.70503807,0.89359982,0.89359982
27.71535492,0.89396730,0.89396730
27.72567940,0.89432864,0.89432864
27.73600769,0.89468382,0.89468382
27.74634361,0.89503176,0.89503176
27.75687218,0.89023561,0.89023561
27.77772141,0.87011471,0.87011471
27.78803062,0.87043335,0.87043335
27.79834366,0.87074337,0.87074337
27.80866432,0.87104731,0.87104731
27.81898880,0.87134642,0.87134642
27.82932091,0.87163696,0.87163696
27.83966064,0.87192140,0.87192140
27.85000038,0.87219851,0.87219851
27.86034775,0.87246825,0.87246825
27.87069893,0.87273070,0.87273070
27.88105011,0.87298707,0.87298707
27.89140701,0.87323734,0.87323734
27.90176964,0.87347905,0.87347905
27.91334152,0.86563838,0.86563838
27.94882965,0.86704954,0.86704954
27.95982170,0.87416507,0.87416507
27.97014236,0.87437985,0.87437985
27.98046494,0.87458862,0.87458862
27.99078941,0.87479006,0.87479006
28.00111771,0.87498531,0.87498531
28.01144981,0.87517214,0.87517214
28.02178574,0.87535400,0.87535400
28.03212547,0.87552854,0.87552854
28.04246712,0.87569578,0.87569578
28.05281067,0.87585693,0.87585693
28.06315613,0.87601197,0.87601197
28.07350349,0.87615966,0.87615966
28.08385086,0.87630248,0.87630248
28.10149956,0.85940065,0.85940065
28.11329651,0.85078489,0.85078489
28.12363434,0.85090332,0.85090332
28.13397217,0.85101565,0.85101565
28.14431190,0.85112301,0.85112301
28.15465164,0.85122191,0.85122191
28.16499329,0.85131711,0.85131711
28.17533302,0.85140499,0.85140499
28.18567657,0.85148682,0.85148682
28.19601822,0.85156373,0.85156373
28.20635986,0.85163324,0.85163324
28.21669960,0.85169804,0.85169804
28.22704124,0.85175541,0.85175541
28.23738098,0.85180906,0.85180906
28.24771881,0.85185545,0.85185545
28.26128769,0.84015991,0.84015991
28.27653122,0.82611569,0.82611569
28.28654480,0.82914913,0.82914913
28.30706215,0.84966796,0.84966796
28.31706429,0.85200561,0.85200561
28.32739067,0.85201905,0.85201905
28.33771515,0.85202640,0.85202640
28.34803772,0.85202881,0.85202881
28.35835838,0.85202512,0.85202512
28.36867523,0.85201658,0.85201658
28.37899208,0.85200193,0.85200193
28.38930893,0.85198245,0.85198245
28.39962196,0.85195800,0.85195800
28.40993309,0.85192868,0.85192868
28.42024040,0.85189334,0.85189334
28.43054581,0.85185424,0.85185424
28.44084549,0.85181032,0.85181032
28.45114136,0.85175904,0.85175904
28.46143723,0.85170408,0.85170408
28.47172737,0.85164428,0.85164428
28.48201561,0.85157839,0.85157839
28.49229813,0.85150877,0.85150877
28.50257683,0.85143556,0.85143556
28.51867104,0.86653683,0.86653683
28.53149605,0.87706666,0.87706666
28.54177284,0.87697629,0.87697629
28.55810356,0.86140988,0.86140988
28.57075500,0.85099003,0.85099003
28.58102798,0.85088745,0.85088745
28.59129715,0.85078005,0.85078005
28.60156441,0.85066772,0.85066772
28.61182594,0.85055175,0.85055175
28.62208176,0.85043211,0.85043211
28.63233376,0.85030640,0.85030640
28.64257812,0.85017821,0.85017821
28.65282059,0.85004393,0.85004393
28.66305542,0.84990600,0.84990600
28.67328453,0.84976441,0.84976441
28.68715858,0.86175295,0.86175295
28.70210838,0.87520999,0.87520999
28.71233940,0.87505131,0.87505131
28.72256470,0.87488893,0.87488893
28.73278236,0.87472168,0.87472168
28.74299622,0.87455077,0.87455077
28.75320435,0.87437742,0.87437742
28.76340485,0.87419799,0.87419799
28.77359772,0.87401609,0.87401609
28.78378487,0.87382937,0.87382937
28.79396629,0.87363889,0.87363889
28.80414009,0.87344609,0.87344609
28.81430626,0.87324830,0.87324830
28.82446289,0.87304810,0.87304810
28.83461380,0.87284300,0.87284300
28.85907173,0.88380865,0.88380865
28.88537407,0.87242431,0.87242431
28.89555740,0.87221067,0.87221067
28.90573502,0.87199340,0.87199340
28.91590500,0.87177248,0.87177248
28.92606735,0.87154905,0.87154905
28.93622208,0.87132083,0.87132083
28.94637108,0.87109132,0.87109132
28.95651245,0.87085814,0.87085814
28.96664619,0.87062251,0.87062251
28.97677040,0.87038452,0.87038452
28.98688507,0.87014282,0.87014282
28.99699593,0.86989865,0.86989865
29.00709534,0.86965208,0.86965208
29.01852036,0.87728517,0.87728517
29.03696060,0.89471432,0.89471432
29.04707146,0.89445315,0.89445315
29.05717659,0.89418942,0.89418942
29.06727028,0.89392336,0.89392336
29.07735443,0.89365477,0.89365477
29.08743286,0.89338498,0.89338498
29.09750366,0.89311278,0.89311278
29.10756302,0.89283933,0.89283933
29.11761284,0.89256225,0.89256225
29.13550758,0.90919308,0.90919308
29.14739418,0.91749149,0.91749149
29.15745926,0.91720216,0.91720216
29.16751671,0.91691283,0.91691283
29.17756271,0.91661985,0.91661985
29.18760300,0.91632690,0.91632690
29.20801735,0.89628296,0.89628296
29.21861649,0.89029784,0.89029784
29.22867203,0.89000974,0.89000974
29.23859215,0.89240724,0.89240724
29.26173210,0.91484136,0.91484136
29.27180862,0.91454221,0.91454221
29.28187752,0.91424198,0.91424198
29.29193687,0.91394162,0.91394162
29.30198860,0.91364014,0.91364014
29.31202888,0.91333983,0.91333983
29.32206154,0.91303706,0.91303706
29.33208656,0.91273683,0.91273683
29.34210205,0.91243411,0.91243411
29.35210991,0.91213378,0.91213378
29.36210823,0.91183349,0.91183349
29.37209702,0.91153199,0.91153199
29.38207626,0.91123291,0.91123291
29.40605164,0.93433226,0.93433226
29.41595459,0.93593022,0.93593022
29.42596054,0.93562625,0.93562625
29.43595886,0.93532104,0.93532104
29.44595146,0.93501827,0.93501827
29.45593262,0.93471554,0.93471554
29.46590424,0.93441526,0.93441526
29.47587013,0.93411740,0.93411740
29.48582458,0.93381961,0.93381961
29.51166725,0.95875607,0.95875607
29.52166367,0.95845456,0.95845456
29.53165245,0.95815671,0.95815671
29.54163170,0.95786134,0.95786134
29.55160522,0.95756831,0.95756831
29.56156921,0.95727782,0.95727782
29.58643913,0.93296991,0.93296991
29.59637642,0.93152957,0.93152957
29.60637665,0.93125611,0.93125611
29.61637115,0.93098630,0.93098630
29.62635994,0.93071897,0.93071897
29.63633919,0.93045536,0.93045536
29.64631081,0.93019655,0.93019655
29.67237473,0.95507448,0.95507448
29.68239784,0.95481567,0.95481567
29.69241714,0.95456303,0.95456303
29.70242691,0.95431396,0.95431396
29.71242905,0.95407108,0.95407108
29.72242737,0.95383180,0.95383180
29.73241615,0.95359741,0.95359741
29.74239922,0.95337037,0.95337037
29.75237656,0.95314701,0.95314701
29.76234818,0.95292970,0.95292970
29.77231216,0.95271846,0.95271846
29.78227043,0.95251464,0.95251464
29.79221916,0.95231568,0.95231568
29.80216599,0.95212401,0.95212401
29.81210518,0.95193969,0.95193969
29.82204056,0.95176147,0.95176147
29.83196831,0.95159057,0.95159057
29.84189034,0.95142696,0.95142696
29.85180664,0.95127195,0.95127195
29.86171913,0.95112427,0.95112427
29.88821030,0.97601072,0.97601072
29.89818954,0.97587528,0.97587528
29.90816307,0.97574831,0.97574831
29.91813469,0.97563109,0.97563109
29.92810249,0.97552361,0.97552361
29.93806458,0.97542482,0.97542482
29.94802284,0.97533571,0.97533571
29.95797539,0.97525640,0.97525640
29.96792793,0.97518800,0.97518800
29.97787285,0.97512939,0.97512939
29.98781776,0.97508176,0.97508176
29.99776077,0.97504394,0.97504394
30.00769997,0.97501830,0.97501830
30.01763725,0.97500371,0.97500371
30.02757072,0.97499998,0.97499998
30.03750229,0.97500732,0.97500732
30.04743385,0.97502803,0.97502803
30.05735970,0.97505978,0.97505978
30.06728935,0.97510378,0.97510378
30.07721519,0.97515997,0.97515997
30.08714294,0.97522950,0.97522950
30.09706879,0.97531247,0.97531247
30.10699463,0.97540769,0.97540769
30.15831184,0.97551516,0.97551516
30.16841888,0.97563721,0.97563721
30.17852592,0.97577273,0.97577273
30.18863678,0.97592164,0.97592164
30.19874763,0.97608519,0.97608519
30.20886230,0.97626342,0.97626342
30.21897888,0.97645381,0.97645381
30.22909927,0.97666134,0.97666134
30.23922157,0.97688236,0.97688236
30.24934959,0.97711791,0.97711791
30.25947952,0.97736821,0.97736821
30.26960945,0.97763304,0.97763304
30.27974892,0.97791504,0.97791504
30.28989220,0.97821044,0.97821044
30.30004120,0.97852298,0.97852298
30.31019402,0.97885131,0.97885131
30.32035446,0.97919431,0.97919431
30.33052063,0.97955443,0.97955443
30.34069252,0.97992916,0.97992916
30.35086823,0.98032225,0.98032225
30.36105537,0.98073117,0.98073117
30.37125015,0.98115597,0.98115597
30.38145256,0.98159785,0.98159785
30.39166069,0.98205568,0.98205568
30.40188026,0.98253171,0.98253171
30.41210747,0.98302367,0.98302367
30.42234421,0.98353272,0.98353272
30.43259048,0.98405882,0.98405882
30.44284630,0.98460320,0.98460320
30.45311356,0.98516482,0.98516482
30.46339035,0.98574343,0.98574343
30.47368240,0.98634036,0.98634036
30.49947929,0.96164915,0.96164915
30.50969124,0.96226438,0.96226438
30.51991272,0.96289797,0.96289797
30.53014755,0.96354854,0.96354854
30.54039383,0.96421751,0.96421751
30.55065727,0.96490352,0.96490352
30.56093407,0.96560671,0.96560671
30.57122421,0.96632813,0.96632813
30.58152771,0.96706783,0.96706783
30.59184837,0.96782471,0.96782471
30.60218430,0.96859984,0.96859984
30.61253548,0.96939335,0.96939335
30.62290001,0.97020385,0.97020385
30.63328743,0.97103396,0.97103396
30.64368820,0.97188109,0.97188109
30.65410805,0.97274654,0.97274654
30.66454506,0.97362915,0.97362915
30.67500305,0.97453251,0.97453251
30.68547630,0.97545165,0.97545165
30.69597244,0.97638915,0.97638915
30.70648575,0.97734497,0.97734497
30.71702003,0.97832032,0.97832032
30.72757530,0.97931270,0.97931270
30.73815155,0.98032349,0.98032349
30.74867821,0.98104487,0.98104487
30.77372169,0.95654786,0.95654786
30.78425789,0.95758543,0.95758543
30.79481316,0.95864013,0.95864013
30.80539322,0.95971315,0.95971315
30.82441521,0.94188597,0.94188597
30.83537865,0.93591554,0.93591554
30.84592247,0.93701045,0.93701045
30.85648918,0.93812379,0.93812379
30.86708260,0.93925292,0.93925292
30.87769890,0.94039916,0.94039916
30.88834381,0.94156243,0.94156243
30.89901352,0.94274170,0.94274170
30.90970802,0.94393921,0.94393921
30.92043304,0.94515384,0.94515384
30.93118668,0.94638303,0.94638303
30.94417953,0.93625613,0.93625613
30.95959854,0.92253661,0.92253661
30.97032356,0.92378052,0.92378052
30.98107719,0.92504151,0.92504151
30.99186325,0.92631717,0.92631717
31.00267601,0.92760865,0.92760865
31.01352119,0.92891477,0.92891477
31.02439690,0.93023807,0.93023807
31.03530502,0.93157592,0.93157592
31.04624367,0.93292844,0.93292844
31.05721283,0.93429687,0.93429687
31.06821823,0.93567992,0.93567992
31.07925224,0.93707768,0.93707768
31.09032249,0.93849000,0.93849000
31.10142136,0.93991702,0.93991702
31.11850929,0.92365476,0.92365476
31.12998962,0.91587648,0.91587648
31.14108467,0.91730471,0.91730471
31.15221214,0.91874393,0.91874393
31.16337585,0.92019903,0.92019903
31.17457199,0.92166750,0.92166750
31.18580627,0.92314815,0.92314815
31.19707298,0.92464115,0.92464115
31.21301079,0.90956175,0.90956175
31.22503662,0.90038088,0.90038088
31.23630524,0.90186767,0.90186767
31.24761200,0.90336428,0.90336428
31.25835228,0.90310181,0.90310181
31.27533150,0.88644774,0.88644774
31.28601074,0.88040889,0.88040889
31.29735565,0.88190184,0.88190184
31.30874062,0.88340702,0.88340702
31.32016754,0.88492189,0.88492189
31.33163261,0.88644649,0.88644649
31.34313583,0.88797975,0.88797975
31.35468102,0.88952269,0.88952269
31.36947250,0.87545532,0.87545532
31.38204384,0.86474119,0.86474119
31.39359665,0.86626098,0.86626098
31.40518761,0.86778685,0.86778685
31.41682434,0.86932377,0.86932377
31.43144035,0.85526001,0.85526001
31.44402695,0.84427491,0.84427491
31.45567513,0.84578250,0.84578250
31.46736717,0.84729368,0.84729368
31.47909927,0.84881346,0.84881346
31.49087143,0.85033691,0.85033691
31.50268364,0.85186649,0.85186649
31.51454163,0.85340093,0.85340093
31.52547836,0.84596438,0.84596438
31.53982925,0.83187987,0.83187987
31.55085182,0.83492797,0.83492797
31.56171036,0.84544067,0.84544067
31.57252884,0.85590703,0.85590703
31.58433342,0.85638917,0.85638917
31.59818077,0.84280641,0.84280641
31.60858727,0.83696291,0.83696291
31.62050629,0.83847778,0.83847778
31.63246346,0.83999270,0.83999270
31.64446640,0.84150879,0.84150879
31.65651131,0.84302612,0.84302612
31.66859818,0.84454470,0.84454470
31.68072510,0.84606322,0.84606322
31.69275093,0.83525517,0.83525517
31.70593643,0.82229741,0.82229741
31.71700287,0.82128294,0.82128294
31.72919655,0.82274780,0.82274780
31.74143219,0.82420778,0.82420778
31.75370789,0.82566895,0.82566895
31.76602364,0.82712521,0.82712521
31.77796173,0.82939578,0.82939578
31.78946877,0.83739744,0.83739744
31.80880356,0.83383421,0.83383421
31.82745743,0.83095948,0.83095948
31.83884048,0.83436039,0.83436039
31.85120392,0.83579468,0.83579468
31.86360931,0.83722409,0.83722409
31.87605095,0.83864871,0.83864871
31.88853455,0.84006594,0.84006594
31.90105247,0.84147583,0.84147583
31.91161919,0.83759762,0.83759762
31.92387581,0.82551389,0.82551389
31.93515778,0.81546265,0.81546265
31.94773674,0.81679319,0.81679319
31.95815277,0.82481444,0.82481444
31.96873283,0.83521362,0.83521362
31.98496246,0.83499635,0.83499635
32.00038910,0.82877562,0.82877562
32.01073456,0.82331667,0.82331667
32.02335358,0.82459228,0.82459228
32.03601074,0.82585693,0.82585693
32.04870224,0.82710936,0.82710936
32.05925369,0.83375851,0.83375851
32.06976318,0.84412106,0.84412106
32.08025742,0.85446897,0.85446897
32.09411621,0.85324703,0.85324703
32.10566711,0.84181639,0.84181639
32.11603928,0.83436520,0.83436520
32.12879562,0.83552732,0.83552732
32.14158249,0.83667482,0.83667482
32.15439987,0.83780759,0.83780759
32.16724014,0.83892451,0.83892451
32.18011093,0.84002440,0.84002440
32.19300461,0.84110717,0.84110717
32.20571518,0.84252931,0.84252931
32.21619415,0.85291138,0.85291138
32.22666168,0.86328493,0.86328493
32.23741913,0.87220949,0.87220949
32.25005341,0.86402590,0.86402590
32.26121140,0.85294924,0.85294924
32.27172852,0.84820927,0.84820927
32.28467941,0.84915163,0.84915163
32.29625320,0.85269165,0.85269165
32.30666733,0.86303833,0.86303833
32.31706619,0.87337156,0.87337156
32.32746124,0.88369998,0.88369998
32.34008408,0.88520390,0.88520390
32.35038757,0.87881958,0.87881958
32.36131287,0.86794797,0.86794797
32.37220001,0.85710817,0.85710817
32.38248825,0.86288818,0.86288818
32.39284515,0.87319944,0.87319944
32.40319061,0.88350100,0.88350100
32.41389084,0.88626465,0.88626465
32.42465973,0.87553593,0.87553593
32.43540192,0.86482909,0.86482909
32.44624329,0.86109370,0.86109370
32.45926666,0.86174319,0.86174319
32.47229767,0.86237552,0.86237552
32.48534393,0.86299074,0.86299074
32.49839401,0.86358520,0.86358520
32.51145554,0.86416384,0.86416384
32.52173615,0.87413331,0.87413331
32.53404999,0.87908690,0.87908690
32.55031204,0.87825686,0.87825686
32.56213760,0.87085575,0.87085575
32.57292557,0.86679319,0.86679319
32.58597183,0.86726680,0.86726680
32.59902573,0.86772459,0.86772459
32.60942078,0.87413452,0.87413452
32.62521362,0.87391602,0.87391602
32.64130402,0.87329228,0.87329228
32.65494537,0.86938595,0.86938595
32.66797638,0.86975953,0.86975953
32.68101120,0.87011839,0.87011839
32.69404984,0.87046022,0.87046022
32.70532227,0.87404051,0.87404051
32.71556091,0.88427368,0.88427368
32.72580338,0.89450685,0.89450685
32.73593521,0.90395140,0.90395140
32.74615479,0.89762453,0.89762453
32.75650787,0.88727540,0.88727540
32.76684952,0.87693849,0.87693849
32.77722931,0.87384032,0.87384032
32.78744507,0.88405396,0.88405396
32.79765701,0.89426148,0.89426148
32.80786514,0.90447021,0.90447021
32.81800461,0.89717527,0.89717527
32.82828140,0.88690062,0.88690062
32.83854675,0.87663456,0.87663456
32.84987259,0.87375248,0.87375248
32.86003494,0.88374023,0.88374023
32.87023163,0.89393436,0.89393436
32.88042450,0.90412842,0.90412842
32.89097595,0.89716799,0.89716799
32.90119171,0.88695312,0.88695312
32.91139984,0.87674439,0.87674439
32.92290115,0.87421877,0.87421877
32.93585205,0.87423466,0.87423466
32.94879913,0.87423831,0.87423831
32.96173477,0.87423100,0.87423100
32.97445679,0.87455077,0.87455077
32.98463058,0.88472655,0.88472655
32.99480820,0.89490359,0.89490359
33.00499725,0.90502809,0.90502809
33.01548386,0.89626468,0.89626468
33.02562332,0.88612548,0.88612548
33.03575516,0.87599242,0.87599242
33.04726791,0.87404664,0.87404664
33.05744171,0.88421878,0.88421878
33.06761169,0.89438719,0.89438719
33.07778168,0.90455811,0.90455811
33.08784485,0.89715574,0.89715574
33.09794617,0.88705443,0.88705443
33.10804367,0.87695921,0.87695921
33.11858749,0.87348630,0.87348630
33.12875748,0.88365723,0.88365723
33.13893127,0.89382694,0.89382694
33.14910507,0.90399779,0.90399779
33.15912628,0.89832154,0.89832154
33.16920090,0.88825069,0.88825069
33.17926788,0.87818355,0.87818355
33.18931198,0.87147342,0.87147342
33.20210266,0.87124756,0.87124756
33.21488571,0.87101442,0.87101442
33.22766113,0.87077514,0.87077514
33.23767090,0.87096432,0.87096432
33.25333786,0.87134641,0.87134641
33.26901627,0.87173954,0.87173954
33.28270721,0.86975099,0.86975099
33.29545593,0.86947752,0.86947752
33.30818939,0.86919920,0.86919920
33.32091522,0.86891598,0.86891598
33.33132935,0.87333373,0.87333373
33.34663010,0.87430789,0.87430789
33.36233521,0.87476927,0.87476927
33.37519836,0.87123659,0.87123659
33.38604355,0.86741948,0.86741948
33.39873505,0.86710448,0.86710448
33.41141510,0.86678712,0.86678712
33.42143631,0.87267702,0.87267702
33.43397522,0.87771853,0.87771853
33.44973373,0.87823733,0.87823733
33.46158981,0.87302490,0.87302490
33.47146988,0.86513188,0.86513188
33.48411560,0.86478999,0.86478999
33.49675369,0.86444576,0.86444576
33.50937653,0.86409669,0.86409669
33.52152252,0.86297364,0.86297364
33.53153610,0.85296996,0.85296996
33.54155350,0.84296383,0.84296383
33.55702972,0.84308104,0.84308104
33.56806564,0.85106562,0.85106562
33.57830048,0.86129027,0.86129027
33.59048843,0.86158445,0.86158445
33.60305786,0.86121581,0.86121581
33.61310577,0.85505375,0.85505375
33.62349701,0.84650996,0.84650996
33.63938522,0.84709593,0.84709593
33.65315628,0.85055787,0.85055787
33.66311264,0.85935427,0.85935427
33.67565918,0.85897947,0.85897947
33.68819046,0.85860351,0.85860351
33.70009995,0.85718868,0.85718868
33.71134949,0.85069333,0.85069333
33.72731781,0.85130369,0.85130369
33.74330521,0.85191648,0.85191648
33.75321960,0.85671384,0.85671384
33.76572800,0.85633543,0.85633543
33.77822495,0.85595826,0.85595826
33.79071045,0.85558111,0.85558111
33.80071640,0.84931275,0.84931275
33.81076813,0.83927372,0.83927372
33.82082367,0.82922972,0.82922972
33.83074570,0.82244387,0.82244387
33.84059525,0.82963261,0.82963261
33.85090256,0.83992802,0.83992802
33.86121368,0.85023072,0.85023072
33.87174606,0.85143067,0.85143067
33.88182068,0.84136963,0.84136963
33.89189529,0.83130494,0.83130494
33.90197754,0.82123167,0.82123167
33.91240692,0.82928956,0.82928956
33.92274857,0.83961797,0.83961797
33.93309402,0.84995364,0.84995364
33.94525146,0.85002317,0.85002317
33.95519638,0.84342041,0.84342041
33.96529770,0.83333007,0.83333007
33.97573471,0.82443482,0.82443482
33.99200821,0.82503050,0.82503050
34.00830078,0.82562376,0.82562376
34.02314758,0.82430908,0.82430908
34.03303528,0.81614254,0.81614254
34.04544067,0.81580686,0.81580686
34.05783463,0.81547119,0.81547119
34.06850815,0.81855956,0.81855956
34.07890701,0.82894895,0.82894895
34.08930969,0.83934202,0.83934202
34.09923935,0.84546510,0.84546510
34.11161041,0.84512700,0.84512700
34.12397003,0.84479247,0.84479247
34.13384628,0.83715580,0.83715580
34.14400864,0.82700193,0.82700193
34.15417862,0.81683959,0.81683959
34.16453171,0.81223267,0.81223267
34.17687225,0.81192017,0.81192017
34.18675613,0.81850581,0.81850581
34.19718552,0.82892577,0.82892577
34.20908356,0.83609011,0.83609011
34.22031403,0.82873900,0.82873900
34.23051453,0.81854740,0.81854740
34.24043274,0.81009643,0.81009643
34.25275421,0.80980106,0.80980106
34.26277924,0.81851317,0.81851317
34.27323914,0.82896602,0.82896602
34.28370667,0.83942628,0.83942628
34.29990768,0.84050173,0.84050173
34.31655884,0.84103887,0.84103887
34.33275604,0.84096928,0.84096928
34.34409332,0.83887451,0.83887451
34.35640717,0.83859010,0.83859010
34.36871338,0.83830935,0.83830935
34.38101578,0.83803100,0.83803100
34.39101028,0.83183473,0.83183473
34.40128326,0.82156864,0.82156864
34.41156387,0.81129393,0.81129393
34.42147446,0.80833864,0.80833864
34.43198395,0.81884033,0.81884033
34.44250107,0.82935180,0.82935180
34.45302200,0.83986698,0.83986698
34.46476746,0.84763430,0.84763430
34.48159790,0.84810792,0.84810792
34.49468613,0.84348878,0.84348878
34.50465393,0.83518190,0.83518190
34.51694489,0.83494509,0.83494509
34.52922821,0.83470953,0.83470953
34.53926849,0.84021604,0.84021604
34.54981995,0.85076172,0.85076172
34.56037521,0.86131472,0.86131472
34.57094574,0.86468991,0.86468991
34.58321762,0.86446531,0.86446531
34.59548187,0.86424560,0.86424560
34.60544968,0.85603880,0.85603880
34.62000275,0.85333494,0.85333494
34.63697052,0.85373045,0.85373045
34.64865494,0.86176271,0.86176271
34.66004181,0.86319457,0.86319457
34.67230606,0.86299562,0.86299562
34.68456268,0.86279909,0.86279909
34.69461823,0.85693118,0.85693118
34.71060944,0.85599856,0.85599856
34.72765350,0.85635743,0.85635743
34.74047852,0.86204350,0.86204350
34.75273895,0.86186158,0.86186158
34.76499557,0.86168338,0.86168338
34.77724838,0.86150635,0.86150635
34.78766251,0.85808354,0.85808354
34.80475235,0.85841554,0.85841554
34.82185364,0.85874269,0.85874269
34.83610916,0.86278812,0.86278812
34.84671783,0.87339483,0.87339483
34.85733032,0.88400638,0.88400638
34.86729813,0.89107181,0.89107181
34.87855148,0.88900146,0.88900146
34.88901520,0.87853757,0.87853757
34.89948654,0.86807006,0.86807006
34.90951538,0.85973022,0.85973022
34.92176056,0.85958005,0.85958005
34.93400192,0.85943358,0.85943358
34.94623566,0.85928838,0.85928838
34.95668411,0.86237184,0.86237184
34.97388458,0.86265260,0.86265260
34.99108887,0.86293091,0.86293091
35.00771713,0.86394290,0.86394290
35.01835632,0.87457767,0.87457767
35.02899551,0.88521732,0.88521732
35.03963852,0.89585815,0.89585815
35.05028534,0.90650147,0.90650147
35.06673431,0.90777831,0.90777831
35.07813263,0.89945923,0.89945923
35.08865356,0.88894046,0.88894046
35.10060120,0.88829342,0.88829342
35.11283112,0.88816046,0.88816046
35.12291718,0.89651243,0.89651243
35.13357544,0.90716919,0.90716919
35.14423752,0.91782835,0.91782835
35.15615082,0.91824829,0.91824829
35.16837311,0.91811519,0.91811519
35.18059540,0.91798338,0.91798338
35.19059753,0.91144902,0.91144902
35.20733261,0.91098753,0.91098753
35.22466278,0.91125125,0.91125125
35.23634720,0.91745852,0.91745852
35.24856186,0.91732910,0.91732910
35.26077652,0.91719847,0.91719847
35.27298355,0.91706910,0.91706910
35.28301239,0.91255492,0.91255492
35.30036926,0.91281618,0.91281618
35.31773758,0.91307739,0.91307739
35.32915497,0.91655029,0.91655029
35.34136200,0.91641967,0.91641967
35.35356522,0.91629029,0.91629029
35.36576462,0.91615848,0.91615848
35.37575912,0.91439696,0.91439696
35.39315796,0.91466432,0.91466432
35.41056442,0.91493285,0.91493285
35.42427063,0.92008664,0.92008664
35.43497849,0.93079345,0.93079345
35.44569016,0.94150271,0.94150271
35.45602417,0.94573853,0.94573853
35.46678162,0.94260132,0.94260132
35.47735214,0.93203247,0.93203247
35.48792648,0.92145997,0.92145997
35.49954224,0.92094364,0.92094364
35.51026917,0.93166629,0.93166629
35.52099991,0.94239502,0.94239502
35.53195572,0.94473756,0.94473756
35.54319763,0.94276247,0.94276247
35.55377579,0.93218506,0.93218506
35.56435776,0.92160648,0.92160648
35.57781601,0.92187499,0.92187499
35.58856583,0.93261966,0.93261966
35.59931564,0.94336912,0.94336912
35.61124039,0.94367313,0.94367313
35.62308884,0.94293459,0.94293459
35.63367462,0.93234862,0.93234862
35.64426804,0.92176145,0.92176145
35.66015625,0.92289555,0.92289555
35.67092896,0.93366456,0.93366456
35.68118668,0.94269532,0.94269532
35.69335175,0.94252324,0.94252324
35.70551300,0.94235110,0.94235110
35.71587753,0.93253175,0.93253175
35.72712326,0.92355953,0.92355953
35.74472046,0.92392823,0.92392823
35.76233673,0.92430179,0.92430179
35.77996826,0.92468141,0.92468141
35.79678345,0.92608395,0.92608395
35.80761337,0.93691037,0.93691037
35.81800079,0.94088745,0.94088745
35.83016205,0.94069333,0.94069333
35.84231949,0.94049684,0.94049684
35.85447311,0.94029661,0.94029661
35.86448669,0.94698120,0.94698120
35.87533951,0.95782958,0.95782958
35.88619995,0.96868654,0.96868654
35.89626312,0.96327760,0.96327760
35.90688705,0.95265749,0.95265749
35.91751862,0.94203127,0.94203127
35.92825317,0.93881468,0.93881468
35.94038773,0.93859009,0.93859009
35.95251465,0.93836183,0.93836183
35.96463776,0.93813109,0.93813109
35.97488403,0.93324582,0.93324582
35.99178314,0.93266968,0.93266968
36.00959015,0.93318848,0.93318848
36.02317047,0.93929196,0.93929196
36.03411102,0.95022581,0.95022581
36.04505920,0.96116699,0.96116699
36.05514908,0.96662353,0.96662353
36.06602097,0.96375612,0.96375612
36.07667160,0.95311276,0.95311276
36.08732605,0.94246577,0.94246577
36.09896851,0.94120725,0.94120725
36.10996246,0.95219360,0.95219360
36.12097168,0.96319212,0.96319212
36.13219070,0.96466920,0.96466920
36.14412308,0.96405641,0.96405641
36.15478897,0.95339850,0.95339850
36.16545868,0.94273680,0.94273680
36.17577362,0.93335081,0.93335081
36.18786621,0.93304807,0.93304807
36.19995499,0.93274049,0.93274049
36.21203613,0.93242796,0.93242796
36.22279358,0.94269412,0.94269412
36.23387527,0.95376467,0.95376467
36.24401474,0.96151492,0.96151492
36.25607681,0.96117555,0.96117555
36.26813889,0.96083254,0.96083254
36.27843857,0.95613772,0.95613772
36.29105759,0.94945678,0.94945678
36.30923462,0.95025758,0.95025758
36.32743835,0.95107054,0.95107054
36.34567642,0.95189576,0.95189576
36.36394882,0.95273311,0.95273311
36.37738037,0.95998416,0.95998416
36.38861847,0.97120608,0.97120608
36.39987183,0.98244382,0.98244382
36.41008759,0.98708621,0.98708621
36.42216110,0.98668584,0.98668584
36.43422318,0.98628176,0.98628176
36.44627762,0.98587523,0.98587523
36.45642471,0.99319334,0.99319334
36.46774292,1.00449344,1.00449344
36.48451233,1.00758303,1.00758303
36.50303268,1.00860471,1.00860471
36.52159119,1.00963743,1.00963743
36.53173828,1.01315185,1.01315185
36.54380035,1.01270636,1.01270636
36.55585098,1.01225585,1.01225585
36.56789017,1.01180299,1.01180299
36.57992172,1.01500241,1.01500241
36.59861374,1.01611450,1.01611450
36.61534119,1.01479245,1.01479245
36.62570190,1.00995607,1.00995607
36.63774490,1.00948609,1.00948609
36.64978027,1.00901122,1.00901122
36.66020966,1.01253296,1.01253296
36.67226410,1.02308837,1.02308837
36.69114304,1.02430180,1.02430180
36.70268631,1.01504638,1.01504638
36.71295547,1.00659058,1.00659058
36.72497940,1.00609620,1.00609620
36.73699570,1.00559811,1.00559811
36.74900055,1.00509639,1.00509639
36.76099396,1.00459105,1.00459105
36.77119064,0.99665896,0.99665896
36.78284836,0.98751953,0.98751953
36.80197144,0.98880857,0.98880857
36.81442642,0.99917724,0.99917724
36.82503128,1.00201658,1.00201658
36.83701706,1.00149044,1.00149044
36.84899521,1.00096311,1.00096311
36.85957718,0.99706173,0.99706173
36.87053680,0.98613649,0.98613649
36.88150787,0.97519771,0.97519771
36.89249420,0.96424438,0.96424438
36.90349579,0.95327633,0.95327633
36.91451263,0.94229124,0.94229124
36.92513275,0.93851440,0.93851440
36.93708038,0.93799316,0.93799316
36.94813919,0.93937503,0.93937503
36.96007156,0.95127568,0.95127568
36.97269821,0.96202641,0.96202641
36.98492813,0.95346072,0.95346072
36.99600601,0.94241703,0.94241703
37.00625992,0.93479614,0.93479614
37.01818848,0.93425292,0.93425292
37.03010559,0.93370608,0.93370608
37.04201126,0.93315674,0.93315674
37.05390167,0.93260372,0.93260372
37.06420135,0.92449709,0.92449709
37.07533264,0.91340453,0.91340453
37.08648300,0.90229372,0.90229372
37.09812927,0.90129027,0.90129027
37.10878372,0.90374271,0.90374271
37.12098694,0.91591061,0.91591061
37.13322830,0.92811651,0.92811651
37.14368057,0.92476194,0.92476194
37.15488434,0.91359864,0.91359864
37.16611099,0.90241574,0.90241574
37.17645645,0.89738041,0.89738041
37.18830109,0.89681157,0.89681157
37.20013428,0.89623774,0.89623774
37.21195602,0.89566284,0.89566284
37.22250748,0.89837279,0.89837279
37.23494720,0.91077148,0.91077148
37.24717712,0.92275387,0.92275387
37.25897980,0.92214720,0.92214720
37.27077103,0.92153813,0.92153813
37.28173065,0.91902461,0.91902461
37.29304123,0.90776609,0.90776609
37.30437851,0.89647949,0.89647949
37.31462479,0.89035280,0.89035280
37.32638550,0.88974855,0.88974855
37.33813477,0.88914188,0.88914188
37.34986496,0.88853392,0.88853392
37.36158371,0.88791993,0.88791993
37.39739609,0.91592771,0.91592771
37.40761566,0.92183345,0.92183345
37.42493057,0.92830932,0.92830932
37.44198990,0.92565308,0.92565308
37.45339584,0.91430907,0.91430907
37.46464157,0.91270752,0.91270752
37.47629929,0.91205565,0.91205565
37.48794174,0.91140015,0.91140015
37.49957275,0.91074097,0.91074097
37.51118469,0.91008181,0.91008181
37.52278519,0.90941647,0.90941647
37.53436661,0.90875004,0.90875004
37.54593658,0.90807984,0.90807984
37.55748749,0.90740722,0.90740722
37.56846619,0.90541624,0.90541624
37.58794403,0.90527950,0.90527950
37.60972977,0.90770024,0.90770024
37.62044907,0.90468752,0.90468752
37.63201523,0.90399905,0.90399905
37.64356232,0.90330929,0.90330929
37.65509796,0.90261717,0.90261717
37.66661453,0.90192142,0.90192142
37.67811584,0.90122316,0.90122316
37.68960190,0.90052125,0.90052125
37.70106888,0.89981688,0.89981688
37.71252441,0.89910888,0.89910888
37.72395706,0.89839845,0.89839845
37.73413849,0.89249022,0.89249022
37.74790955,0.88445799,0.88445799
37.77051926,0.88723025,0.88723025
37.78233337,0.89553099,0.89553099
37.79378510,0.89480590,0.89480590
37.80522156,0.89407839,0.89407839
37.81664276,0.89334839,0.89334839
37.82804108,0.89261596,0.89261596
37.83942413,0.89187991,0.89187991
37.85079193,0.89114133,0.89114133
37.86214066,0.89039916,0.89039916
37.87334061,0.89925784,0.89925784
37.88765335,0.91348633,0.91348633
37.89911652,0.90899292,0.90899292
37.91105270,0.89716553,0.89716553
37.92238235,0.88665036,0.88665036
37.93373871,0.88589231,0.88589231
37.94507599,0.88513067,0.88513067
37.95639420,0.88436648,0.88436648
37.96769333,0.88359986,0.88359986
37.97897720,0.88283083,0.88283083
37.99024200,0.88205813,0.88205813
38.00148773,0.88128298,0.88128298
38.01271820,0.88050538,0.88050538
38.02293015,0.88509154,0.88509154
38.03805923,0.90011844,0.90011844
38.04841232,0.90559939,0.90559939
38.05962753,0.90478641,0.90478641
38.07081985,0.90396973,0.90396973
38.08199692,0.90315186,0.90315186
38.09315491,0.90233156,0.90233156
38.10393524,0.90053348,0.90053348
38.11620331,0.88840697,0.88840697
38.12870789,0.87651000,0.87651000
38.14749908,0.88864501,0.88864501
38.15935898,0.89818728,0.89818728
38.17052841,0.89735105,0.89735105
38.18167877,0.89651122,0.89651122
38.19281006,0.89567138,0.89567138
38.20339203,0.89316891,0.89316891
38.21596146,0.88075931,0.88075931
38.22861099,0.86826780,0.86826780
38.23908997,0.86524293,0.86524293
38.25019455,0.86441525,0.86441525
38.26127625,0.86358763,0.86358763
38.27234268,0.86275635,0.86275635
38.28290939,0.86346926,0.86346926
38.30015564,0.88058349,0.88058349
38.31096649,0.88713499,0.88713499
38.32201767,0.88627078,0.88627078
38.33305359,0.88540408,0.88540408
38.34407043,0.88453613,0.88453613
38.35506821,0.88366697,0.88366697
38.36536026,0.87808230,0.87808230
38.37848282,0.86515871,0.86515871
38.39043808,0.85435061,0.85435061
38.40142822,0.85350098,0.85350098
38.41239929,0.85265137,0.85265137
38.42335129,0.85180051,0.85180051
38.43452454,0.85905401,0.85905401
38.45252609,0.87666014,0.87666014
38.46286392,0.87229858,0.87229858
38.47648621,0.85890017,0.85890017
38.48892212,0.84753295,0.84753295
38.49991608,0.84667725,0.84667725
38.51088715,0.84582275,0.84582275
38.52183914,0.84496700,0.84496700
38.53277588,0.84411011,0.84411011
38.54368973,0.84325558,0.84325558
38.55458450,0.84239991,0.84239991
38.56545639,0.84154542,0.84154542
38.57605362,0.84165160,0.84165160
38.59776306,0.86318967,0.86318967
38.60815430,0.86520506,0.86520506
38.61903381,0.86432737,0.86432737
38.62989426,0.86345216,0.86345216
38.64073563,0.86257687,0.86257687
38.65155792,0.86170411,0.86170411
38.66236115,0.86083380,0.86083380
38.67314148,0.85996458,0.85996458
38.68390656,0.85909910,0.85909910
38.69464874,0.85823611,0.85823611
38.70536804,0.85737550,0.85737550
38.71588516,0.85730837,0.85730837
38.74045563,0.88159304,0.88159304
38.75121307,0.88071774,0.88071774
38.76195145,0.87984620,0.87984620
38.77267075,0.87897944,0.87897944
38.78337097,0.87811765,0.87811765
38.79616928,0.86708499,0.86708499
38.81227112,0.85132443,0.85132443
38.82286835,0.84981082,0.84981082
38.84829712,0.87472169,0.87472169
38.85910416,0.87388675,0.87388675
38.86989594,0.87306030,0.87306030
38.88066864,0.87223998,0.87223998
38.89142609,0.87142702,0.87142702
38.90216064,0.87062259,0.87062259
38.91288376,0.86982666,0.86982666
38.92358398,0.86903689,0.86903689
38.93426895,0.86825925,0.86825925
38.94493103,0.86748901,0.86748901
38.95558167,0.86672974,0.86672974
38.96620941,0.86598022,0.86598022
38.97682190,0.86524170,0.86524170
38.98741913,0.86451419,0.86451419
39.00090790,0.87426266,0.87426266
39.01765442,0.88847897,0.88847897
39.02831268,0.88776855,0.88776855
39.03896332,0.88707154,0.88707154
39.04959106,0.88638795,0.88638795
39.06020355,0.88571902,0.88571902
39.07080460,0.88506470,0.88506470
39.08138275,0.88442745,0.88442745
39.10734940,0.90905884,0.90905884
39.11802673,0.90843752,0.90843752
39.12868881,0.90783327,0.90783327
39.13933563,0.90724730,0.90724730
39.14997482,0.90668090,0.90668090
39.16059494,0.90613285,0.90613285
39.17119980,0.90560546,0.90560546
39.19515610,0.88246218,0.88246218
39.20589447,0.87948368,0.87948368
39.21659851,0.87903198,0.87903198
39.24297714,0.90370360,0.90370360
39.25379181,0.90328373,0.90328373
39.26459122,0.90288575,0.90288575
39.27538681,0.90251222,0.90251222
39.28617096,0.90216187,0.90216187
39.29694748,0.90183593,0.90183593
39.30771637,0.90153444,0.90153444
39.31847763,0.90125854,0.90125854
39.32923508,0.90100951,0.90100951
39.33998108,0.90078491,0.90078491
39.36684799,0.92560546,0.92560546
39.37772369,0.92543092,0.92543092
39.38859558,0.92528564,0.92528564
39.39947128,0.92516970,0.92516970
39.41033936,0.92508303,0.92508303
39.42120361,0.92502688,0.92502688
39.43206406,0.92500000,0.92500000
39.44293213,0.92500608,0.92500608
39.45378876,0.92504273,0.92504273
39.46465302,0.92511230,0.92511230
39.47551346,0.92521359,0.92521359
39.48637390,0.92534667,0.92534667
39.51397705,0.95052978,0.95052978
39.52499390,0.95073729,0.95073729
39.53602219,0.95098021,0.95098021
39.54705048,0.95126104,0.95126104
39.55809021,0.95157714,0.95157714
39.56912994,0.95192991,0.95192991
39.59721756,0.97738160,0.97738160
39.60843277,0.97782223,0.97782223
39.61965561,0.97830200,0.97830200
39.63089371,0.97882204,0.97882204
39.64213943,0.97938356,0.97938356
39.67069244,0.95485838,0.95485838
39.68212509,0.95548583,0.95548583
39.69357681,0.95615723,0.95615723
39.70504379,0.95686887,0.95686887
39.71652603,0.95762333,0.95762333
39.72803116,0.95842040,0.95842040
39.75719833,0.98450442,0.98450442
39.76890945,0.98541383,0.98541383
39.78064346,0.98636840,0.98636840
39.79240036,0.98736936,0.98736936
39.80418015,0.98841793,0.98841793
39.81599426,0.98951412,0.98951412
39.82782745,0.99065919,0.99065919
39.83969116,0.99185304,0.99185304
39.86977768,1.01856079,1.01856079
39.88187408,1.01988648,1.01988648
39.89400864,1.02126584,1.02126584
39.90617371,1.02269776,1.02269776
39.91838074,1.02418335,1.02418335
39.93295288,1.03680541,1.03680541
39.94742966,1.04948241,1.04948241
39.95927048,1.05468994,1.05468994
39.97145462,1.05643800,1.05643800
39.98368835,1.05824589,1.05824589
39.99595642,1.06011110,1.06011110
40.00827789,1.06203615,1.06203615
40.03987885,1.08997561,1.08997561
40.05247879,1.09207156,1.09207156
40.06512833,1.09423217,1.09423217
40.07782745,1.09645511,1.09645511
40.09058380,1.09874634,1.09874634
40.10339355,1.10109989,1.10109989
40.11626816,1.10352415,1.10352415
40.12919617,1.10601320,1.10601320
40.14218903,1.10857183,1.10857183
40.15524292,1.11119758,1.11119758
40.16836929,1.11389527,1.11389527
40.18155289,1.11666387,1.11666387
40.19480515,1.11950201,1.11950201
40.20813751,1.12241334,1.12241334
40.22153473,1.12539918,1.12539918
40.23431778,1.13090328,1.13090328
40.24699020,1.14079589,1.14079589
40.25961685,1.15056645,1.15056645
40.27219772,1.16022218,1.16022218
40.28475952,1.16978154,1.16978154
40.29729843,1.17924923,1.17924923
40.30982590,1.18864138,1.18864138
40.32235718,1.19797122,1.19797122
40.33853912,1.19667486,1.19667486
40.35779953,1.18709232,1.18709232
40.37149048,1.19103761,1.19103761
40.38527679,1.19507199,1.19507199
40.39915848,1.19919309,1.19919309
40.41255569,1.20198733,1.20198733
40.43568802,1.18042479,1.18042479
40.44929886,1.18390750,1.18390750
40.46337128,1.18828977,1.18828977
40.48217773,1.17196531,1.17196531
40.49459076,1.16882202,1.16882202
40.50875854,1.17337157,1.17337157
40.52412033,1.16665529,1.16665529
40.54888916,1.15239264,1.15239264
40.57049179,1.14158205,1.14158205
40.58284760,1.15095947,1.15095947
40.59525299,1.16031494,1.16031494
40.61844635,1.14702757,1.14702757
40.63093948,1.14982791,1.14982791
40.64334488,1.15923217,1.15923217
40.65877914,1.15551389,1.15551389
40.67645264,1.14833374,1.14833374
40.68885422,1.15776001,1.15776001
40.70073318,1.16403686,1.16403686
40.72177505,1.15212276,1.15212276
40.73361206,1.15601564,1.15601564
40.74790573,1.16177117,1.16177117
40.76095581,1.15350099,1.15350099
40.77796555,1.13847049,1.13847049
40.79464722,1.12374880,1.12374880
40.80643845,1.12300172,1.12300172
40.82100677,1.12885749,1.12885749
40.83320618,1.12231197,1.12231197
40.84858704,1.10920046,1.10920046
40.86334991,1.11520994,1.11520994
40.87811279,1.12104497,1.12104497
40.89539337,1.10984863,1.10984863
40.90880966,1.10801764,1.10801764
40.92168045,1.11839602,1.11839602
40.93342209,1.12142085,1.12142085
40.95124817,1.11250125,1.11250125
40.96276855,1.11705080,1.11705080
40.97586060,1.12769904,1.12769904
40.98970413,1.12446043,1.12446043
41.00685120,1.11605835,1.11605835
41.02373886,1.10785524,1.10785524
41.03812027,1.10319093,1.10319093
41.05128860,1.11405523,1.11405523
41.06288147,1.12049196,1.12049196
41.07919693,1.11275633,1.11275633
41.09528351,1.10519653,1.10519653
41.11116409,1.09780518,1.09780518
41.12250137,1.09946287,1.09946287
41.13593292,1.11073728,1.11073728
41.14752960,1.11133424,1.11133424
41.16292572,1.10435791,1.10435791
41.17813873,1.09753535,1.09753535
41.19316483,1.09086425,1.09086425
41.20801926,1.08433589,1.08433589
41.22269440,1.07795536,1.07795536
41.23352814,1.08145878,1.08145878
41.24724960,1.09325443,1.09325443
41.25880051,1.09273561,1.09273561
41.27111816,1.08319703,1.08319703
41.28313446,1.07335565,1.07335565
41.29504013,1.06359013,1.06359013
41.30682755,1.05390867,1.05390867
41.31851196,1.04429567,1.04429567
41.32933807,1.03758299,1.03758299
41.34656906,1.04578368,1.04578368
41.35939407,1.04794308,1.04794308
41.37309647,1.04286497,1.04286497
41.38666534,1.03789546,1.03789546
41.40011215,1.03303341,1.03303341
41.41343307,1.02827267,1.02827267
41.42531586,1.03672235,1.03672235
41.44000626,1.04993044,1.04993044
41.45320892,1.04532964,1.04532964
41.46630096,1.04082149,1.04082149
41.47928238,1.03641112,1.03641112
41.49215317,1.03209356,1.03209356
41.50492477,1.02786379,1.02786379
41.51758957,1.02372433,1.02372433
41.53016281,1.01966921,1.01966921
41.54176712,1.02760503,1.02760503
41.55705643,1.04157347,1.04157347
41.56954575,1.03765864,1.03765864
41.58195114,1.03382322,1.03382322
41.59426117,1.03006956,1.03006956
41.60648727,1.02639405,1.02639405
41.61862946,1.02279300,1.02279300
41.63068771,1.01926877,1.01926877
41.64266968,1.01581785,1.01581785
41.65325928,1.01589110,1.01589110
41.66955185,1.03112179,1.03112179
41.67993927,1.03463259,1.03463259
41.69180298,1.03136958,1.03136958
41.70358658,1.02817867,1.02817867
41.71530151,1.02505248,1.02505248
41.72573471,1.01837403,1.01837403
41.73598099,1.00977293,1.00977293
41.74623871,1.00110964,1.00110964
41.75650787,0.99238648,0.99238648
41.76679993,0.98359494,0.98359494
41.77777100,0.97963619,0.97963619
41.78920746,0.97701414,0.97701414
41.80014420,0.98334837,0.98334837
41.81743622,0.99969602,0.99969602
41.82886505,0.99716189,0.99716189
41.84022903,0.99467769,0.99467769
41.85154343,0.99224361,0.99224361
41.86280060,0.98986211,0.98986211
41.87401199,0.98752684,0.98752684
41.88516235,0.98523930,0.98523930
41.89626312,0.98300047,0.98300047
41.90731812,0.98080447,0.98080447
41.91751480,0.98171144,0.98171144
41.93717575,1.00071413,1.00071413
41.94745636,1.00155149,1.00155149
41.95847702,0.99947143,0.99947143
41.96944427,0.99743404,0.99743404
41.98037720,0.99543826,0.99543826
41.99126053,0.99348262,0.99348262
42.00210190,0.99156617,0.99156617
42.01290894,0.98968873,0.98968873
42.02367020,0.98784916,0.98784916
42.03439713,0.98604494,0.98604494
42.04874039,0.99817260,0.99817260
42.06231308,1.00910525,1.00910525
42.07306290,1.00736448,1.00736448
42.08377457,1.00566041,1.00566041
42.09445572,1.00398802,1.00398802
42.10509872,1.00235230,1.00235230
42.11571121,1.00074951,1.00074951
42.12628555,0.99917965,0.99917965
42.13683319,0.99764162,0.99764162
42.14734268,0.99613769,0.99613769
42.15782547,0.99466189,0.99466189
42.18070221,1.01684450,1.01684450
42.19080734,1.01790526,1.01790526
42.20133209,1.01648442,1.01648442
42.21181870,1.01509523,1.01509523
42.22228622,1.01373417,1.01373417
42.23272324,1.01240479,1.01240479
42.24313354,1.01110225,1.01110225
42.25351334,1.00982795,1.00982795
42.26387405,1.00858275,1.00858275
42.27420044,1.00736452,1.00736452
42.28450775,1.00617306,1.00617306
42.29479218,1.00500857,1.00500857
42.30505371,1.00387090,1.00387090
42.31529236,1.00275878,1.00275878
42.34029007,1.02695068,1.02695068
42.35052490,1.02626831,1.02626831
42.36081314,1.02520635,1.02520635
42.37108231,1.02416866,1.02416866
42.38133621,1.02315673,1.02315673
42.39156342,1.02217041,1.02217041
42.40177917,1.02120606,1.02120606
42.41196823,1.02026856,1.02026856
42.42214203,1.01935301,1.01935301
42.43229675,1.01846190,1.01846190
42.44243622,1.01759396,1.01759396
42.45255661,1.01674921,1.01674921
42.46266174,1.01592899,1.01592899
42.47275162,1.01512936,1.01512936
42.49677277,1.03791387,1.03791387
42.51150894,1.02827517,1.02827517
42.52799225,1.01286619,1.01286619
42.53824997,1.01215575,1.01215575
42.54848480,1.01146731,1.01146731
42.55871582,1.01080074,1.01080074
42.56892776,1.01015503,1.01015503
42.57912445,1.00952997,1.00952997
42.58931351,1.00892701,1.00892701
42.59948730,1.00834473,1.00834473
42.60965347,1.00778201,1.00778201
42.63565063,1.03242185,1.03242185
42.64590454,1.03188714,1.03188714
42.65614319,1.03137576,1.03137576
42.66637421,1.03088255,1.03088255
42.67659760,1.03041010,1.03041010
42.68680954,1.02995849,1.02995849
42.69701385,1.02952759,1.02952759
42.70720291,1.02911623,1.02911623
42.71739197,1.02872559,1.02872559
42.72756577,1.02835449,1.02835449
42.73773956,1.02800292,1.02800292
42.74790192,1.02767335,1.02767335
42.75805283,1.02736089,1.02736089
42.76820755,1.02706912,1.02706912
42.79466629,1.05184079,1.05184079
42.80492020,1.05158202,1.05158202
42.81516266,1.05134277,1.05134277
42.82540131,1.05112298,1.05112298
42.83563232,1.05092285,1.05092285
42.84586334,1.05074217,1.05074217
42.85609055,1.05058348,1.05058348
42.86631012,1.05044195,1.05044195
42.87653351,1.05031984,1.05031984
42.88674927,1.05021850,1.05021850
42.89696503,1.05013553,1.05013553
42.90717697,1.05007323,1.05007323
42.91739273,1.05002926,1.05002926
42.92760086,1.05000488,1.05000488
42.95461655,1.07499882,1.07499882
42.96493912,1.07501467,1.07501467
42.97525787,1.07504882,1.07504882
42.98557663,1.07510259,1.07510259
42.99589920,1.07517576,1.07517576
43.00622177,1.07526854,1.07526854
43.01654816,1.07538209,1.07538209
43.02687836,1.07551387,1.07551387
43.03720474,1.07566654,1.07566654
43.04753494,1.07583860,1.07583860
43.05787277,1.07602906,1.07602906
43.06821060,1.07624148,1.07624148
43.07855988,1.07647216,1.07647216
43.10618973,1.10176144,1.10176144
43.11665344,1.10203857,1.10203857
43.12711716,1.10233397,1.10233397
43.13759232,1.10265140,1.10265140
43.14806747,1.10298825,1.10298825
43.15855408,1.10334477,1.10334477
43.16904831,1.10372187,1.10372187
43.17954636,1.10411980,1.10411980
43.19005966,1.10453733,1.10453733
43.20057297,1.10497440,1.10497440
43.21109772,1.10543211,1.10543211
43.22163010,1.10591069,1.10591069
43.23217010,1.10640991,1.10640991
43.24272919,1.10692993,1.10692993
43.25328827,1.10746950,1.10746950
43.26386261,1.10802979,1.10802979
43.27444458,1.10861084,1.10861084
43.28504181,1.10921269,1.10921269
43.29564667,1.10983398,1.10983398
43.30627060,1.11047734,1.11047734
43.31690216,1.11114013,1.11114013
43.32754517,1.11182498,1.11182498
43.33821106,1.11253178,1.11253178
43.36714554,1.13855842,1.13855842
43.37794113,1.13932372,1.13932372
43.38874817,1.14010860,1.14010860
43.39958191,1.14091672,1.14091672
43.41041946,1.14174562,1.14174562
43.42127991,1.14259639,1.14259639
43.43215179,1.14346798,1.14346798
43.44303894,1.14436281,1.14436281
43.45395279,1.14527954,1.14527954
43.46487808,1.14621830,1.14621830
43.47582626,1.14718020,1.14718020
43.48678589,1.14816288,1.14816288
43.49777222,1.14916745,1.14916745
43.50876999,1.15019536,1.15019536
43.52127075,1.15993893,1.15993893
43.53693390,1.17479614,1.17479614
43.54765320,1.17904547,1.17904547
43.55862808,1.18018797,1.18018797
43.57515335,1.16624750,1.16624750
43.58849716,1.15683718,1.15683718
43.59942245,1.15802368,1.15802368
43.61037827,1.15923588,1.15923588
43.62134933,1.16046878,1.16046878
43.63234329,1.16172608,1.16172608
43.64336777,1.16300531,1.16300531
43.65441132,1.16430909,1.16430909
43.66548538,1.16563598,1.16563598
43.67658234,1.16698739,1.16698739
43.69017792,1.15699225,1.15699225
43.70591736,1.14376713,1.14376713
43.71697998,1.14515752,1.14515752
43.72806931,1.14657349,1.14657349
43.73918533,1.14801272,1.14801272
43.75164413,1.15914677,1.15914677
43.76433563,1.17084105,1.17084105
43.78038025,1.16960320,1.16960320
43.79775620,1.15400882,1.15400882
43.80878830,1.15556883,1.15556883
43.81984711,1.15715215,1.15715215
43.83097839,1.15164920,1.15164920
43.84988785,1.13402219,1.13402219
43.86091995,1.13564211,1.13564211
43.87199402,1.13728765,1.13728765
43.88309097,1.13895633,1.13895633
43.89470291,1.14934817,1.14934817
43.90633392,1.15991092,1.15991092
43.91870499,1.16855468,1.16855468
43.94139862,1.14713869,1.14713869
43.95206070,1.14767823,1.14767823
43.96312332,1.14949831,1.14949831
43.97422028,1.15134280,1.15134280
43.99289703,1.13365847,1.13365847
44.00370026,1.12825074,1.12825074
44.01478958,1.13012935,1.13012935
44.02591324,1.13203369,1.13203369
44.04232788,1.12541265,1.12541265
44.06296539,1.12096312,1.12096312
44.07374191,1.13064946,1.13064946
44.08435822,1.13991579,1.13991579
44.09456253,1.13684452,1.13684452
44.11362076,1.11838258,1.11838258
44.12411499,1.11881594,1.11881594
44.13518524,1.12088134,1.12088134
44.14629364,1.12297490,1.12297490
44.16196060,1.10856563,1.10856563
44.17994690,1.09118165,1.09118165
44.19743347,1.07432006,1.07432006
44.20742416,1.08104860,1.08104860
44.21768188,1.09024540,1.09024540
44.22789764,1.09938109,1.09938109
44.24908447,1.09179318,1.09179318
44.26211166,1.08505127,1.08505127
44.27310181,1.08727666,1.08727666
44.28413773,1.08952882,1.08952882
44.29403687,1.08666871,1.08666871
44.31020737,1.07113279,1.07113279
44.32004929,1.06833496,1.06833496
44.33113861,1.07063600,1.07063600
44.34228134,1.07296386,1.07296386
44.35490417,1.06720702,1.06720702
44.37577820,1.05892332,1.05892332
44.38570023,1.06714965,1.06714965
44.39552307,1.07590697,1.07590697
44.40533066,1.08463495,1.08463495
44.41904831,1.07281617,1.07281617
44.43380356,1.05873414,1.05873414
44.44835281,1.04484987,1.04484987
44.46270370,1.03115721,1.03115721
44.47685242,1.01765624,1.01765624
44.49081039,1.00433348,1.00433348
44.50458908,0.99118050,0.99118050
44.51415634,0.98937624,0.98937624
44.52365875,0.99674564,0.99674564
44.53313065,1.00528195,1.00528195
44.54610443,1.00513308,1.00513308
44.56404877,0.99845462,0.99845462
44.57496262,1.00132199,1.00132199
44.58431625,1.00971801,1.00971801
44.59366608,1.01810179,1.01810179
44.60302734,1.02647707,1.02647707
44.61238861,1.03484250,1.03484250
44.62176132,1.04320187,1.04320187
44.63122559,1.04168457,1.04168457
44.64389420,1.02974248,1.02974248
44.65370941,1.02320681,1.02320681
44.66494751,1.02600587,1.02600587
44.67624664,1.02883301,1.02883301
44.68760681,1.03168941,1.03168941
44.69903946,1.03457642,1.03457642
44.71052933,1.03749259,1.03749259
44.72007370,1.04041623,1.04041623
44.73634338,1.03452025,1.03452025
44.75243759,1.02871578,1.02871578
44.76834869,1.02300050,1.02300050
44.78408432,1.01737179,1.01737179
44.79965591,1.01182736,1.01182736
44.81505203,1.00636715,1.00636715
44.82452011,1.01070558,1.01070558
44.83378601,1.01903805,1.01903805
44.84307861,1.02739009,1.02739009
44.85494995,1.02639406,1.02639406
44.86915207,1.02022830,1.02022830
44.87835312,1.01475340,1.01475340
44.88988876,1.01790526,1.01790526
44.90150070,1.02108886,1.02108886
44.91090775,1.01929079,1.01929079
44.92189407,1.00905516,1.00905516
44.93278122,0.99890991,0.99890991
44.94434738,1.00181272,1.00181272
44.95463943,1.00781494,1.00781494
44.96407318,1.01637941,1.01637941
44.97353745,1.02496337,1.02496337
44.98303986,1.03357302,1.03357302
44.99257660,1.04221316,1.04221316
45.00214767,1.05088130,1.05088130
45.01176453,1.05958251,1.05958251
45.02141571,1.06830932,1.06830932
45.03110504,1.07707159,1.07707159
45.04083633,1.08586429,1.08586429
45.05060959,1.09469238,1.09469238
45.06042862,1.10356075,1.10356075
45.07028961,1.11245971,1.11245971
45.11233521,1.15157223,1.15157223
45.12517929,1.15561153,1.15561153
45.13812637,1.15968751,1.15968751
45.15115738,1.16379764,1.16379764
45.16429138,1.16794928,1.16794928
45.17751694,1.17213499,1.17213499
45.19083786,1.17635624,1.17635624
45.20426178,1.18061885,1.18061885
45.21777725,1.18491575,1.18491575
45.23139954,1.18925540,1.18925540
45.24512100,1.19362917,1.19362917
45.25894547,1.19804442,1.19804442
45.27286911,1.20249517,1.20249517
45.28690720,1.20698857,1.20698857
45.29798126,1.21666382,1.21666382
45.30897903,1.22669677,1.22669677
45.32004547,1.23678586,1.23678586
45.33116531,1.24692747,1.24692747
45.34235001,1.25712891,1.25712891
45.35359573,1.26738288,1.26738288
45.36362839,1.26916382,1.26916382
45.37440872,1.25941160,1.25941160
45.38513565,1.24969728,1.24969728
45.39953613,1.25409432,1.25409432
45.41440964,1.25902949,1.25902949
45.42462540,1.25454825,1.25454825
45.43529129,1.24486576,1.24486576
45.44556427,1.23660760,1.23660760
45.46071243,1.24155886,1.24155886
45.47599411,1.24655273,1.24655273
45.48614883,1.23967042,1.23967042
45.49673462,1.23002562,1.23002562
45.50727844,1.22040282,1.22040282
45.51778030,1.21081049,1.21081049
45.52824402,1.20123416,1.20123416
45.53866959,1.19168091,1.19168091
45.54906845,1.18214108,1.18214108
45.55942535,1.17262207,1.17262207
45.57065582,1.18127691,1.18127691
45.58247375,1.19236577,1.19236577
45.59302521,1.19430542,1.19430542
45.60604858,1.19098269,1.19098269
45.61899948,1.18770387,1.18770387
45.63188553,1.18446778,1.18446778
45.64315796,1.17845213,1.17845213
45.65332031,1.16909426,1.16909426
45.66345215,1.15975097,1.15975097
45.67356491,1.15040891,1.15040891
45.68365860,1.14106685,1.14106685
45.69373322,1.13172601,1.13172601
45.70379639,1.12238278,1.12238278
45.71472549,1.11849851,1.11849851
45.73138428,1.12338747,1.12338747
45.74605942,1.12554076,1.12554076
45.75617981,1.11610721,1.11610721
45.76628494,1.10666742,1.10666742
45.77638245,1.09722290,1.09722290
45.78647614,1.08776370,1.08776370
45.79655838,1.07830078,1.07830078
45.80664444,1.06881839,1.06881839
45.81672287,1.05932621,1.05932621
45.82680893,1.04981444,1.04981444
45.83751678,1.04380130,1.04380130
45.85515976,1.04850469,1.04850469
45.87163544,1.05160397,1.05160397
45.88182068,1.04195549,1.04195549
45.89201355,1.03228392,1.03228392
45.90312195,1.02763061,1.02763061
45.91539383,1.02548953,1.02548953
45.92760849,1.02337761,1.02337761
45.93978119,1.02129392,1.02129392
45.95189667,1.01923823,1.01923823
45.96396637,1.01720828,1.01720828
45.97408295,1.00960449,1.00960449
45.98955917,1.01049682,1.01049682
46.00820923,1.01516356,1.01516356
46.02006912,1.01015870,1.01015870
46.03034210,1.00032101,1.00032101
46.04063034,0.99045654,0.99045654
46.05094528,0.98055181,0.98055181
46.06112289,0.97244507,0.97244507
46.07309723,0.97069828,0.97069828
46.08503723,0.96897584,0.96897584
46.09692764,0.96727664,0.96727664
46.10878372,0.96559816,0.96559816
46.12059402,0.96394532,0.96394532
46.13096619,0.95863891,0.95863891
46.14133453,0.94862183,0.94862183
46.15173340,0.93855836,0.93855836
46.16587830,0.93572025,0.93572025
46.18592072,0.94011108,0.94011108
46.20015717,0.93700194,0.93700194
46.21076965,0.92669432,0.92669432
46.22149658,0.92265745,0.92265745
46.23323441,0.92123896,0.92123896
46.24494553,0.91984004,0.91984004
46.25661469,0.91846069,0.91846069
46.26824951,0.91710081,0.91710081
46.27954102,0.91508789,0.91508789
46.29026031,0.90463254,0.90463254
46.30103302,0.89411497,0.89411497
46.31276321,0.88566040,0.88566040
46.32664871,0.89903932,0.89903932
46.33847427,0.90932496,0.90932496
46.35005188,0.90809203,0.90809203
46.36159134,0.90687750,0.90687750
46.37309647,0.90567868,0.90567868
46.38335800,0.90059082,0.90059082
46.39439011,0.88977533,0.88977533
46.40548706,0.87888911,0.87888911
46.41664124,0.86793574,0.86793574
46.42785645,0.85691287,0.85691287
46.43912888,0.84582276,0.84582276
46.44953537,0.84164915,0.84164915
46.45985413,0.84740967,0.84740967
46.47414780,0.86156251,0.86156251
46.48441696,0.86664921,0.86664921
46.49583435,0.86565917,0.86565917
46.50631332,0.86199336,0.86199336
46.51785660,0.85061036,0.85061036
46.52947617,0.83914796,0.83914796
46.53973007,0.83404295,0.83404295
46.55108261,0.83315305,0.83315305
46.56241989,0.83227663,0.83227663
46.57372665,0.83141237,0.83141237
46.58500671,0.83056155,0.83056155
46.59543228,0.82717651,0.82717651
46.61170578,0.82197264,0.82197264
46.63574982,0.82564455,0.82564455
46.64670181,0.82728149,0.82728149
46.65799332,0.82649287,0.82649287
46.66926193,0.82571407,0.82571407
46.68051147,0.82494753,0.82494753
46.69173431,0.82419311,0.82419311
46.70293808,0.82344848,0.82344848
46.71411896,0.82271604,0.82271604
46.72528076,0.82199345,0.82199345
46.73641586,0.82128419,0.82128419
46.74754333,0.82058349,0.82058349
46.75825882,0.81884402,0.81884402
46.77156067,0.80786133,0.80786133
46.79693604,0.81130248,0.81130248
46.81010818,0.81788701,0.81788701
46.82124329,0.81723754,0.81723754
46.83235550,0.81659913,0.81659913
46.84345245,0.81596924,0.81596924
46.85452271,0.81535035,0.81535035
46.86486053,0.80860959,0.80860959
46.87777710,0.79577149,0.79577149
46.88890839,0.78643065,0.78643065
46.89963913,0.79346066,0.79346066
46.91540146,0.80916626,0.80916626
46.92567444,0.81183104,0.81183104
46.93672943,0.81127685,0.81127685
46.94741821,0.80969969,0.80969969
46.96071243,0.79647215,0.79647215
46.97409439,0.78314824,0.78314824
46.98757172,0.76972778,0.76972778
47.00113297,0.75621703,0.75621703
47.01171875,0.75425050,0.75425050
47.02489853,0.76617308,0.76617308
47.03953934,0.78023436,0.78023436
47.05058289,0.77976928,0.77976928
47.06161118,0.77931152,0.77931152
47.07262039,0.77886106,0.77886106
47.08361816,0.77841917,0.77841917
47.09460068,0.77798336,0.77798336
47.10556412,0.77755370,0.77755370
47.11652374,0.77713257,0.77713257
47.12746048,0.77671754,0.77671754
47.13838959,0.77630857,0.77630857
47.14929962,0.77590700,0.77590700
47.16019440,0.77551148,0.77551148
47.17108536,0.77512206,0.77512206
47.19083405,0.78005370,0.78005370
47.21673584,0.77938113,0.77938113
47.22702408,0.77399171,0.77399171
47.23793793,0.77362795,0.77362795
47.24883270,0.77326905,0.77326905
47.25971603,0.77291626,0.77291626
47.27058792,0.77256957,0.77256957
47.28144455,0.77222899,0.77222899
47.29229355,0.77189211,0.77189211
47.30313110,0.77156246,0.77156246
47.31395721,0.77123777,0.77123777
47.32477188,0.77091794,0.77091794
47.33557892,0.77060424,0.77060424
47.34637070,0.77029539,0.77029539
47.35789108,0.77906617,0.77906617
47.37500381,0.79615596,0.79615596
47.38576889,0.79592895,0.79592895
47.39639664,0.78893065,0.78893065
47.41158676,0.77376096,0.77376096
47.42185211,0.76854615,0.76854615
47.43263245,0.76827148,0.76827148
47.44340515,0.76800052,0.76800052
47.45416641,0.76773563,0.76773563
47.46491623,0.76747562,0.76747562
47.47566605,0.76721802,0.76721802
47.48639679,0.76696534,0.76696534
47.49712372,0.76671753,0.76671753
47.50783920,0.76647342,0.76647342
47.51855087,0.76623412,0.76623412
47.52924728,0.76599853,0.76599853
47.53994370,0.76576659,0.76576659
47.55062103,0.76553959,0.76553959
47.56129837,0.76531617,0.76531617
47.57421875,0.77654905,0.77654905
47.58955002,0.79125366,0.79125366
47.60022736,0.79103516,0.79103516
47.61089706,0.79082034,0.79082034
47.62156296,0.79060792,0.79060792
47.63221359,0.79040038,0.79040038
47.64416885,0.78045537,0.78045537
47.66031647,0.76431761,0.76431761
47.67078018,0.76346923,0.76346923
47.68143082,0.76328249,0.76328249
47.69207001,0.76309815,0.76309815
47.70270920,0.76291869,0.76291869
47.71333694,0.76274049,0.76274049
47.72396088,0.76256714,0.76256714
47.73457336,0.76239622,0.76239622
47.75024414,0.77749513,0.77749513
47.76296997,0.78834230,0.78834230
47.77358627,0.78817503,0.78817503
47.78419876,0.78801023,0.78801023
47.79479980,0.78784913,0.78784913
47.80540085,0.78769164,0.78769164
47.81599045,0.78753662,0.78753662
47.82657623,0.78738404,0.78738404
47.83715820,0.78723508,0.78723508
47.84773636,0.78708986,0.78708986
47.85831070,0.78694577,0.78694577
47.86887360,0.78680541,0.78680541
47.87903976,0.78487059,0.78487059
47.89595795,0.76795779,0.76795779
47.90697861,0.76018679,0.76018679
47.92290115,0.77556277,0.77556277
47.93548584,0.78614257,0.78614257
47.94604874,0.78601804,0.78601804
47.95660782,0.78589602,0.78589602
47.96716690,0.78577518,0.78577518
47.97771835,0.78565922,0.78565922
47.98826599,0.78554447,0.78554447
47.99880981,0.78543213,0.78543213
48.00934982,0.78532104,0.78532104
48.01988220,0.78521360,0.78521360
48.03041458,0.78510864,0.78510864
48.04093933,0.78500610,0.78500610
48.05146408,0.78490478,0.78490478
48.06198502,0.78480590,0.78480590
48.07249832,0.78470950,0.78470950
48.08614349,0.79693233,0.79693233
48.10086060,0.81067385,0.81067385
48.11137772,0.81057986,0.81057986
48.12188721,0.81049069,0.81049069
48.13779068,0.79499875,0.79499875
48.15044022,0.78417601,0.78417601
48.16094971,0.78409300,0.78409300
48.17145920,0.78401365,0.78401365
48.18196487,0.78393434,0.78393434
48.19246674,0.78385865,0.78385865
48.20296478,0.78378418,0.78378418
48.21345901,0.78371341,0.78371341
48.22395325,0.78364258,0.78364258
48.23443985,0.78357301,0.78357301
48.24493027,0.78350708,0.78350708
48.25541306,0.78344239,0.78344239
48.26589966,0.78337769,0.78337769
48.27637482,0.78331666,0.78331666
48.28685379,0.78325688,0.78325688
48.29732895,0.78319826,0.78319826
48.31080246,0.79515136,0.79515136
48.32574844,0.80918950,0.80918950
48.33621979,0.80913456,0.80913456
48.34669113,0.80908086,0.80908086
48.35716248,0.80902952,0.80902952
48.37356949,0.79299071,0.79299071
48.38586044,0.78283450,0.78283450
48.39632797,0.78278933,0.78278933
48.40679550,0.78274541,0.78274541
48.41725922,0.78270265,0.78270265
48.42772293,0.78266113,0.78266113
48.43817902,0.78262088,0.78262088
48.44864273,0.78258181,0.78258181
48.45909882,0.78254396,0.78254396
48.46955109,0.78250980,0.78250980
48.47960663,0.78460571,0.78460571
48.49811554,0.80311524,0.80311524
48.50842667,0.80848876,0.80848876
48.51887512,0.80845822,0.80845822
48.52932739,0.80842779,0.80842779
48.53977203,0.80839844,0.80839844
48.55669022,0.79176639,0.79176639
48.56863022,0.78226927,0.78226927
48.57908249,0.78224487,0.78224487
48.58952332,0.78222168,0.78222168
48.59996796,0.78219852,0.78219852
48.61040878,0.78217775,0.78217775
48.62085342,0.78215820,0.78215820
48.63129425,0.78213989,0.78213989
48.64173126,0.78212159,0.78212159
48.65216827,0.78210568,0.78210568
48.66363144,0.79063354,0.79063354
48.68130493,0.80814452,0.80814452
48.69173813,0.80813113,0.80813113
48.70217514,0.80811890,0.80811890
48.71260834,0.80810670,0.80810670
48.72291946,0.80763308,0.80763308
48.74129105,0.78926028,0.78926028
48.75217438,0.78200931,0.78200931
48.76261139,0.78200079,0.78200079
48.77304077,0.78199464,0.78199464
48.78347397,0.78198852,0.78198852
48.79390335,0.78198365,0.78198365
48.80432892,0.78198003,0.78198003
48.81475830,0.78197514,0.78197514
48.82518387,0.78197273,0.78197273
48.83561325,0.78197144,0.78197144
48.84603882,0.78196901,0.78196901
48.85646439,0.78197024,0.78197024
48.86688995,0.78197146,0.78197146
48.87731552,0.78197270,0.78197270
48.88774109,0.78197391,0.78197391
48.90804291,0.79492677,0.79492677
48.93475723,0.78576907,0.78576907
48.94478607,0.78198363,0.78198363
48.95521164,0.78198855,0.78198855
48.96562958,0.78199342,0.78199342
48.97605515,0.78199952,0.78199952
48.98647690,0.78200806,0.78200806
48.99689484,0.78201420,0.78201420
49.00732422,0.78202272,0.78202272
49.01774216,0.78203128,0.78203128
49.02816772,0.78203979,0.78203979
49.03858566,0.78204956,0.78204956
49.04901123,0.78205934,0.78205934
49.05942917,0.78207032,0.78207032
49.06985092,0.78208132,0.78208132
49.07999802,0.78326540,0.78326540
49.10552216,0.79342897,0.79342897
49.12929535,0.78211796,0.78211796
49.13970947,0.78213014,0.78213014
49.15013504,0.78214355,0.78214355
49.16054916,0.78215696,0.78215696
49.17096710,0.78217283,0.78217283
49.18138504,0.78218750,0.78218750
49.19179916,0.78220096,0.78220096
49.20222092,0.78221679,0.78221679
49.21263885,0.78223142,0.78223142
49.22306061,0.78224855,0.78224855
49.23347473,0.78226565,0.78226565
49.24389648,0.78228147,0.78228147
49.25431824,0.78229737,0.78229737
49.26473999,0.78231444,0.78231444
49.27472687,0.78538941,0.78538941
49.29294205,0.80360353,0.80360353
49.30310059,0.80844726,0.80844726
49.31351852,0.80846559,0.80846559
49.32394028,0.80848386,0.80848386
49.33435822,0.80850346,0.80850346
49.34477997,0.80852295,0.80852295
49.35520172,0.80854124,0.80854124
49.36562347,0.80856204,0.80856204
49.37604523,0.80858158,0.80858158
49.38603210,0.80546998,0.80546998
49.40440369,0.78709965,0.78709965
49.41451645,0.78255494,0.78255494
49.42494202,0.78257448,0.78257448
49.43535995,0.78259524,0.78259524
49.44578552,0.78261595,0.78261595
49.45587921,0.78709350,0.78709350
49.47399902,0.80521364,0.80521364
49.48400497,0.80876589,0.80876589
49.49442291,0.80878786,0.80878786
49.50484467,0.80880980,0.80880980
49.51526642,0.80883177,0.80883177
49.52569199,0.80885376,0.80885376
49.53610992,0.80887693,0.80887693
49.54653549,0.80889890,0.80889890
49.55695343,0.80892217,0.80892217
49.58770752,0.83504151,0.83504151
49.59813309,0.83506466,0.83506466
49.60856247,0.83508914,0.83508914
49.61899185,0.83511357,0.83511357
49.62942123,0.83513916,0.83513916
49.63985062,0.83516233,0.83516233
49.65027618,0.83518800,0.83518800
49.66070938,0.83521366,0.83521366
49.67141342,0.82839847,0.82839847
49.68968201,0.81013187,0.81013187
49.69987488,0.80918700,0.80918700
49.71124268,0.81763671,0.81763671
49.72899628,0.83534304,0.83534304
49.73942184,0.83536986,0.83536986
49.74985123,0.83539551,0.83539551
49.76028061,0.83542361,0.83542361
49.77070999,0.83545043,0.83545043
49.78114319,0.83547730,0.83547730
49.79157257,0.83550541,0.83550541
49.82236099,0.86164431,0.86164431
49.83279419,0.86167237,0.86167237
49.84323502,0.86170168,0.86170168
49.85367203,0.86173095,0.86173095
49.86410904,0.86176028,0.86176028
49.87454605,0.86179082,0.86179082
49.88498306,0.86182009,0.86182009
49.89542770,0.86185059,0.86185059
49.91791534,0.89698857,0.89698857
49.93520355,0.91414793,0.91414793
49.94564438,0.91418092,0.91418092
49.97645950,0.94033444,0.94033444
49.98690033,0.94036744,0.94036744
49.99735260,0.94040287,0.94040287
50.00780106,0.94043703,0.94043703
50.06397629,0.99271976,0.99271976
50.07443619,0.99275761,0.99275761
50.08489227,0.99279547,0.99279547
50.09534836,0.99283324,0.99283324
50.10580826,0.99287109,0.99287109
50.11626816,0.99290896,0.99290896
50.12628937,0.98933597,0.98933597
50.14443970,0.97118530,0.97118530
50.15452957,0.96689333,0.96689333
50.16624832,0.97608396,0.97608396
50.18340302,0.99310305,0.99310305
50.19385910,0.99314333,0.99314333
50.20431900,0.99318359,0.99318359
50.21477890,0.99322387,0.99322387
50.22523880,0.99326414,0.99326414
50.23569870,0.99330441,0.99330441
50.24615860,0.99334719,0.99334719
50.25655746,0.98750122,0.98750122
50.27464294,0.96941777,0.96941777
50.28469086,0.96732667,0.96732667
50.29515076,0.96736697,0.96736697
50.30561447,0.96740848,0.96740848
50.31607437,0.96744996,0.96744996
50.32608032,0.96447143,0.96447143
50.34412384,0.94642824,0.94642824
50.35892105,0.95036014,0.95036014
50.37624741,0.96761965,0.96761965
50.38670731,0.96766360,0.96766360
50.39716721,0.96770510,0.96770510
50.40759659,0.96762941,0.96762941
50.42559814,0.94962890,0.94962890
50.43673325,0.94167970,0.94167970
50.44719696,0.94172243,0.94172243
50.45766068,0.94176631,0.94176631
50.46812057,0.94180911,0.94180911
50.47858429,0.94185304,0.94185304
50.48892212,0.94759644,0.94759644
50.50644302,0.96512082,0.96512082
50.51643753,0.96815191,0.96815191
50.52690506,0.96819701,0.96819701
50.53692245,0.96582763,0.96582763
50.55483627,0.94791501,0.94791501
50.56518936,0.94216679,0.94216679
50.57565308,0.94221192,0.94221192
50.58611679,0.94225709,0.94225709
50.59658051,0.94230352,0.94230352
50.60704803,0.94235110,0.94235110
50.61708450,0.94461428,0.94461428
50.63450623,0.96203494,0.96203494
50.64508820,0.96867316,0.96867316
50.65554810,0.96872197,0.96872197
50.66567612,0.96403198,0.96403198
50.68350601,0.94620482,0.94620482
50.69350815,0.94268558,0.94268558
50.70396805,0.94273314,0.94273314
50.71443939,0.94278322,0.94278322
50.72490311,0.94283326,0.94283326
50.73537064,0.94288210,0.94288210
50.74583817,0.94293214,0.94293214
50.75630569,0.94298216,0.94298216
50.76678085,0.94303227,0.94303227
50.77725220,0.94308233,0.94308233
50.78800201,0.93605474,0.93605474
50.80657578,0.91933468,0.91933468
50.82495880,0.93526854,0.93526854
50.83605194,0.94328737,0.94328737
50.84651947,0.94333987,0.94333987
50.85699081,0.94339231,0.94339231
50.86701584,0.93942383,0.93942383
50.88470840,0.92173586,0.92173586
50.89477539,0.91734011,0.91734011
50.90524673,0.91739256,0.91739256
50.91571426,0.91744512,0.91744512
50.92618561,0.91749634,0.91749634
50.93665695,0.91754885,0.91754885
50.94713211,0.91760254,0.91760254
50.95761108,0.91765627,0.91765627
50.96808243,0.91770996,0.91770996
50.97856522,0.91776372,0.91776372
50.98904037,0.91149290,0.91149290
51.02162170,0.91043455,0.91043455
51.03491974,0.91792603,0.91792603
51.04538727,0.91798096,0.91798096
51.05586243,0.91803585,0.91803585
51.06633377,0.91809207,0.91809207
51.07681274,0.91814697,0.91814697
51.08728790,0.91820316,0.91820316
51.09776688,0.91826052,0.91826052
51.10824585,0.91831667,0.91831667
51.11872864,0.91837156,0.91837156
51.13009262,0.90981322,0.90981322
51.14757156,0.89233402,0.89233402
51.15802765,0.89229981,0.89229981
51.16850662,0.89235598,0.89235598
51.17898941,0.89241216,0.89241216
51.18947220,0.89246950,0.89246950
51.20453644,0.90700563,0.90700563
51.21769333,0.91883671,0.91883671
51.22817612,0.91889530,0.91889530
51.23865891,0.91895513,0.91895513
51.24914169,0.91901610,0.91901610
51.26173782,0.90818237,0.90818237
51.27746964,0.89287476,0.89287476
51.28795242,0.89293455,0.89293455
51.29843140,0.89299313,0.89299313
51.30891800,0.89305299,0.89305299
51.31940079,0.89311276,0.89311276
51.32988739,0.89317139,0.89317139
51.34037781,0.89323124,0.89323124
51.35086441,0.89329223,0.89329223
51.36135864,0.89335449,0.89335449
51.37184906,0.89341557,0.89341557
51.38591766,0.88033571,0.88033571
51.39997482,0.86725707,0.86725707
51.41046524,0.86731567,0.86731567
51.42095566,0.86737794,0.86737794
51.43144989,0.86743774,0.86743774
51.44645309,0.88194824,0.88194824
51.45962143,0.89384885,0.89384885
51.47011185,0.89391238,0.89391238
51.48060226,0.89397585,0.89397585
51.49110031,0.89404052,0.89404052
51.50159836,0.89410400,0.89410400
51.51727676,0.87881469,0.87881469
51.52986908,0.86793334,0.86793334
51.54035950,0.86799564,0.86799564
51.55085754,0.86805908,0.86805908
51.56135178,0.86812139,0.86812139
51.57184982,0.86818601,0.86818601
51.58501434,0.85638796,0.85638796
51.59999084,0.84200317,0.84200317
51.61048508,0.84206423,0.84206423
51.62097931,0.84212769,0.84212769
51.63404465,0.85391599,0.85391599
51.64912796,0.86857546,0.86857546
51.65962219,0.86864261,0.86864261
51.67011642,0.86870846,0.86870846
51.68061829,0.86877444,0.86877444
51.69112015,0.86884156,0.86884156
51.70162201,0.86890868,0.86890868
51.71620560,0.85503416,0.85503416
51.72969818,0.84270751,0.84270751
51.74020004,0.84277222,0.84277222
51.75069809,0.84283813,0.84283813
51.76120377,0.84290528,0.84290528
51.77170563,0.84297120,0.84297120
51.78221512,0.84303833,0.84303833
51.79272079,0.84310546,0.84310546
51.80323029,0.84317260,0.84317260
51.81457901,0.85198117,0.85198117
51.83090973,0.86831295,0.86831295
51.84807968,0.85377075,0.85377075
51.86029816,0.84344363,0.84344363
51.87080383,0.84351195,0.84351195
51.88130569,0.84358155,0.84358155
51.89181519,0.84365110,0.84365110
51.90232086,0.84371949,0.84371949
51.91282654,0.84378903,0.84378903
51.92334366,0.84385862,0.84385862
51.93385315,0.84392945,0.84392945
51.94437027,0.84399905,0.84399905
51.95458984,0.84299192,0.84299192
51.97135162,0.82623292,0.82623292
51.98255157,0.81782717,0.81782717
51.99306870,0.81789672,0.81789672
52.00326157,0.82349727,0.82349727
52.01942062,0.83965332,0.83965332
52.02947998,0.84449460,0.84449460
52.04406357,0.83054444,0.83054444
52.05748367,0.81824341,0.81824341
52.06799698,0.81831299,0.81831299
52.07851028,0.81838257,0.81838257
52.08902359,0.81845338,0.81845338
52.09954834,0.81852421,0.81852421
52.11006165,0.81859373,0.81859373
52.12057877,0.81866459,0.81866459
52.13109970,0.81873537,0.81873537
52.14162064,0.81880617,0.81880617
52.15214920,0.81887819,0.81887819
52.16801071,0.80320316,0.80320316
52.18033981,0.79260009,0.79260009
52.19086075,0.79266966,0.79266966
52.20138550,0.79273929,0.79273929
52.21191406,0.79280887,0.79280887
52.22243881,0.79287845,0.79287845
52.23534393,0.78132568,0.78132568
52.25420761,0.77121338,0.77121338
52.27014923,0.78715333,0.78715333
52.28041077,0.79315795,0.79315795
52.29093552,0.79322754,0.79322754
52.30145645,0.79329954,0.79329954
52.31198120,0.79336913,0.79336913
52.32251358,0.79343872,0.79343872
52.33303833,0.79350952,0.79350952
52.34357452,0.79358031,0.79358031
52.35411072,0.79365113,0.79365113
52.36795425,0.78065306,0.78065306
52.38201904,0.76733277,0.76733277
52.39255524,0.76740116,0.76740116
52.40308380,0.76747069,0.76747069
52.41362000,0.76754028,0.76754028
52.42416000,0.76760739,0.76760739
52.43608856,0.76038578,0.76038578
52.46634293,0.75982425,0.75982425
52.47874069,0.76781374,0.76781374
52.48927307,0.76788208,0.76788208
52.49980927,0.76795171,0.76795171
52.51034164,0.76802122,0.76802122
52.52087784,0.76808961,0.76808961
52.53141785,0.76815918,0.76815918
52.54195786,0.76822755,0.76822755
52.55250168,0.76829712,0.76829712
52.56304932,0.76836548,0.76836548
52.57359695,0.76843506,0.76843506
52.58414841,0.76850465,0.76850465
52.59469604,0.76857301,0.76857301
52.60524368,0.76864259,0.76864259
52.61580276,0.76871213,0.76871213
52.62635803,0.76878171,0.76878171
52.64067078,0.78264770,0.78264770
52.65422440,0.79543454,0.79543454
52.66477966,0.79550539,0.79550539
52.67485046,0.79050535,0.79050535
52.69091797,0.77444091,0.77444091
52.70102692,0.76919677,0.76919677
52.71157837,0.76926516,0.76926516
52.72214127,0.76933470,0.76933470
52.73269653,0.76940427,0.76940427
52.74325943,0.76947388,0.76947388
52.75382233,0.76954225,0.76954225
52.76439285,0.76961058,0.76961058
52.77495956,0.76968018,0.76968018
52.78552628,0.76974851,0.76974851
52.79610062,0.76981688,0.76981688
52.80667496,0.76988525,0.76988525
52.81725311,0.76995363,0.76995363
52.82782745,0.77002199,0.77002199
52.83840942,0.77008912,0.77008912
52.84898758,0.77015747,0.77015747
52.85957336,0.77022584,0.77022584
52.87362671,0.78378179,0.78378179
52.88739014,0.79692627,0.79692627
52.89797211,0.79699705,0.79699705
52.90855408,0.79706668,0.79706668
52.91914368,0.79713624,0.79713624
52.92973328,0.79720706,0.79720706
52.94032669,0.79727658,0.79727658
52.95106506,0.78973753,0.78973753
52.96689224,0.77391235,0.77391235
52.97686386,0.77090211,0.77090211
52.98745346,0.77097046,0.77097046
52.99804688,0.77103761,0.77103761
53.00864029,0.77110351,0.77110351
53.01924133,0.77116945,0.77116945
53.02984238,0.77123660,0.77123660
53.04044342,0.77130130,0.77130130
53.05276489,0.78223753,0.78223753
53.06805801,0.79752927,0.79752927
53.07849884,0.79810303,0.79810303
53.08909988,0.79817140,0.79817140
53.09970474,0.79823851,0.79823851
53.11031342,0.79830568,0.79830568
53.12092590,0.79837402,0.79837402
53.13153076,0.79843995,0.79843995
53.14214706,0.79850708,0.79850708
53.15275955,0.79857421,0.79857421
53.16337585,0.79864019,0.79864019
53.17399597,0.79870728,0.79870728
53.18461227,0.79877316,0.79877316
53.19523621,0.79883910,0.79883910
53.20585632,0.79890505,0.79890505
53.21648788,0.79896852,0.79896852
53.23480606,0.79728027,0.79728027
53.26370239,0.79680179,0.79680179
53.27367020,0.79916501,0.79916501
53.28429031,0.79922976,0.79922976
53.29491425,0.79929201,0.79929201
53.30553436,0.79935669,0.79935669
53.31616211,0.79942017,0.79942017
53.32678986,0.79948368,0.79948368
53.33742142,0.79954594,0.79954594
53.34804916,0.79960936,0.79960936
53.35867691,0.79967286,0.79967286
53.37109375,0.78864866,0.78864866
53.38659286,0.77315311,0.77315311
53.39722061,0.77319706,0.77319706
53.40785599,0.77325564,0.77325564
53.41849518,0.77331544,0.77331544
53.42894745,0.78021240,0.78021240
53.44403839,0.79530154,0.79530154
53.45406723,0.80016112,0.80016112
53.46470261,0.80022219,0.80022219
53.47534561,0.80028076,0.80028076
53.48598480,0.80033934,0.80033934
53.49663162,0.80039916,0.80039916
53.50727081,0.80045776,0.80045776
53.51792145,0.80051637,0.80051637
53.52856827,0.80057372,0.80057372
53.53922272,0.80063116,0.80063116
53.54987335,0.80068846,0.80068846
53.56052399,0.80074462,0.80074462
53.57118225,0.80080083,0.80080083
53.58183670,0.80085813,0.80085813
53.59249878,0.80091308,0.80091308
53.60315704,0.80096923,0.80096923
53.61382294,0.80102294,0.80102294
53.62448502,0.80107786,0.80107786
53.63514709,0.80113164,0.80113164
53.64581680,0.80118533,0.80118533
53.65718079,0.81041993,0.81041993
53.67217255,0.82540893,0.82540893
53.68222046,0.82805667,0.82805667
53.69220734,0.82416014,0.82416014
53.70749283,0.80887208,0.80887208
53.71812820,0.80149906,0.80149906
53.72879410,0.80155029,0.80155029
53.73946381,0.80160036,0.80160036
53.75013351,0.80165037,0.80165037
53.76080322,0.80169925,0.80169925
53.77148056,0.80174929,0.80174929
53.78215408,0.80179690,0.80179690
53.79283142,0.80184569,0.80184569
53.80350876,0.80189336,0.80189336
53.81418991,0.80193973,0.80193973
53.82486725,0.80198734,0.80198734
53.83598328,0.81070312,0.81070312
53.85091782,0.82563599,0.82563599
53.86092377,0.82886107,0.82886107
53.87160873,0.82890745,0.82890745
53.88228607,0.82895265,0.82895265
53.89297104,0.82899903,0.82899903
53.90365601,0.82904298,0.82904298
53.91433716,0.82908812,0.82908812
53.92502975,0.82913088,0.82913088
53.93571854,0.82917483,0.82917483
53.94641113,0.82921753,0.82921753
53.95644379,0.83397091,0.83397091
53.97134018,0.84887082,0.84887082
53.98188400,0.85609377,0.85609377
53.99257660,0.85613649,0.85613649
54.00326920,0.85617674,0.85617674
54.01396179,0.85621832,0.85621832
54.02465820,0.85625736,0.85625736
54.03739929,0.86801639,0.86801639
54.05228043,0.88289427,0.88289427
54.06290054,0.88313723,0.88313723
54.07360077,0.88317503,0.88317503
54.08429718,0.88321289,0.88321289
54.09499741,0.88324953,0.88324953
54.10569382,0.88328858,0.88328858
54.11639404,0.88332398,0.88332398
54.12709808,0.88335941,0.88335941
54.13780212,0.88339479,0.88339479
54.14850616,0.88342779,0.88342779
54.15920639,0.88346314,0.88346314
54.16991425,0.88349612,0.88349612
54.18061829,0.88352782,0.88352782
54.19132233,0.88355959,0.88355959
54.20203400,0.88359009,0.88359009
54.21522903,0.89607298,0.89607298
54.22972107,0.91042846,0.91042846
54.24042892,0.91045777,0.91045777
54.25113678,0.91048831,0.91048831
54.26184082,0.91051637,0.91051637
54.27255249,0.91054445,0.91054445
54.30476761,0.93735474,0.93735474
54.31547928,0.93738282,0.93738282
54.32619476,0.93740966,0.93740966
54.33690643,0.93743530,0.93743530
54.34762573,0.93746214,0.93746214
54.35833740,0.93748656,0.93748656
54.36905670,0.93751222,0.93751222
54.37977219,0.93753422,0.93753422
54.39049149,0.93755862,0.93755862
54.40120697,0.93758060,0.93758060
54.41192245,0.93760253,0.93760253
54.42264175,0.93762330,0.93762330
54.43336105,0.93764283,0.93764283
54.44408035,0.93766355,0.93766355
54.45408630,0.94133058,0.94133058
54.46894455,0.95618896,0.95618896
54.47989273,0.96451178,0.96451178
54.49061203,0.96452882,0.96452882
54.50133514,0.96454467,0.96454467
54.51205063,0.96456056,0.96456056
54.52276993,0.96457643,0.96457643
54.53348923,0.96459111,0.96459111
54.54420853,0.96460576,0.96460576
54.55492783,0.96461916,0.96461916
54.56565094,0.96463138,0.96463138
54.57637024,0.96464358,0.96464358
54.60861588,0.99144895,0.99144895
54.61933899,0.99146114,0.99146114
54.63005829,0.99147099,0.99147099
54.64078522,0.99148074,0.99148074
54.65100098,0.99743287,0.99743287
54.66587067,1.01230346,1.01230346
54.67609787,1.01830205,1.01830205
54.68682480,1.01830810,1.01830810
54.69754028,1.01831426,1.01831426
54.70825958,1.01831912,1.01831912
54.71898270,1.01832400,1.01832400
54.72969818,1.01832769,1.01832769
54.74042130,1.01833009,1.01833009
54.75113678,1.01833253,1.01833253
54.76185989,1.01833498,1.01833498
54.77257919,1.01833497,1.01833497
54.78329468,1.01833618,1.01833618
54.81554794,1.04513435,1.04513435
54.82626343,1.04513185,1.04513185
54.83698273,1.04512329,1.04512329
54.84818268,1.05402591,1.05402591
54.86309814,1.06894049,1.06894049
54.87313080,1.07188599,1.07188599
54.88385010,1.07187263,1.07187263
54.89456177,1.07185673,1.07185673
54.90526962,1.07184211,1.07184211
54.91598129,1.07182619,1.07182619
54.92668915,1.07180911,1.07180911
54.93740463,1.07179078,1.07179078
54.96963501,1.09856809,1.09856809
54.98034286,1.09854738,1.09854738
54.99104691,1.09852783,1.09852783
55.00175476,1.09850586,1.09850586
55.01245499,1.09848509,1.09848509
55.02315521,1.09846193,1.09846193
55.03385925,1.09843872,1.09843872
55.04731369,1.11128174,1.11128174
55.06150436,1.12518189,1.12518189
55.07220459,1.12515624,1.12515624
55.08290482,1.12513064,1.12513064
55.09360504,1.12510374,1.12510374
55.12582016,1.15186280,1.15186280
55.13651657,1.15183227,1.15183227
55.14720917,1.15180426,1.15180426
55.15790558,1.15177369,1.15177369
55.16859818,1.15174313,1.15174313
55.17929077,1.15171139,1.15171139
55.18998337,1.15167846,1.15167846
55.20067596,1.15164675,1.15164675
55.23287582,1.17839599,1.17839599
55.24356079,1.17836300,1.17836300
55.25424576,1.17832641,1.17832641
55.26493073,1.17829225,1.17829225
55.27561569,1.17825562,1.17825562
55.28629684,1.17821901,1.17821901
55.29697800,1.17818238,1.17818238
55.30770493,1.18592774,1.18592774
55.32272720,1.20095212,1.20095212
55.33269882,1.20484259,1.20484259
55.34337616,1.20480472,1.20480472
55.35405731,1.20476437,1.20476437
55.38623047,1.23149421,1.23149421
55.39690781,1.23145391,1.23145391
55.40757751,1.23141112,1.23141112
55.41825104,1.23136844,1.23136844
55.42892075,1.23132696,1.23132696
55.43958664,1.23128300,1.23128300
55.45026016,1.23124021,1.23124021
55.46092224,1.23119628,1.23119628
55.49308014,1.25791748,1.25791748
55.50374222,1.25787358,1.25787358
55.51440430,1.25782834,1.25782834
55.52771759,1.27042356,1.27042356
55.54205704,1.28449593,1.28449593
55.55271912,1.28444945,1.28444945
55.56337738,1.28440193,1.28440193
55.57403564,1.28435549,1.28435549
55.60617065,1.31106328,1.31106328
55.61682510,1.31101316,1.31101316
55.62747574,1.31096441,1.31096441
55.63813019,1.31091678,1.31091678
55.64877701,1.31086797,1.31086797
55.65942764,1.31081667,1.31081667
55.67007446,1.31076661,1.31076661
55.70219040,1.33746704,1.33746704
55.71283722,1.33741700,1.33741700
55.72348022,1.33736567,1.33736567
55.73351669,1.33980474,1.33980474
55.74864578,1.35493159,1.35493159
55.75991821,1.36395754,1.36395754
55.77055740,1.36390506,1.36390506
55.78120041,1.36385254,1.36385254
55.79184341,1.36380250,1.36380250
55.80248642,1.36375001,1.36375001
55.81312943,1.36369879,1.36369879
55.82376862,1.36364874,1.36364874
55.83440781,1.36359623,1.36359623
55.86649704,1.39028201,1.39028201
55.87713242,1.39022948,1.39022948
55.88776779,1.39017827,1.39017827
55.89839935,1.39012578,1.39012578
55.90903091,1.39007448,1.39007448
55.91966248,1.39002325,1.39002325
55.93029404,1.38997072,1.38997072
55.94092178,1.38991951,1.38991951
55.95155334,1.38986941,1.38986941
55.96218109,1.38981935,1.38981935
55.97281265,1.38976930,1.38976930
55.98637009,1.40269049,1.40269049
56.00046921,1.41639285,1.41639285
56.01110458,1.41634281,1.41634281
56.02173615,1.41629275,1.41629275
56.03237152,1.41624387,1.41624387
56.04299927,1.41619388,1.41619388
56.07505417,1.44286383,1.44286383
56.08567810,1.44281495,1.44281495
56.09630203,1.44276614,1.44276614
56.10693359,1.44271727,1.44271727
56.11755753,1.44266845,1.44266845
